sim_index,route_name,route_type,phase,leg_index,minute_from_start,leg_minute,from_wpt,to_wpt,from_name,to_name,lat_deg,lon_deg,cog_deg,sog_knots,distance_from_start_nm,distance_to_go_nm
0,Shanghai SouthCh - Nagoya,SEA,PILOT_TO_PILOT,0,0,0,1,2,PltStn,S8,31.041716666666666,122.20331666666667,91.31480879854962,15.0,0.0,843.4573065315501
1,Shanghai SouthCh - Nagoya,SEA,PILOT_TO_PILOT,0,1,1,1,2,PltStn,S8,31.04161908881143,122.2082738761531,91.31480879854962,15.0,0.25507712254975046,843.2022294090003
2,Shanghai SouthCh - Nagoya,SEA,PILOT_TO_PILOT,0,2,2,1,2,PltStn,S8,31.041521321464234,122.21323107546755,91.31480879854962,15.0,0.5101542450995009,842.9471522864505
3,Shanghai SouthCh - Nagoya,SEA,PILOT_TO_PILOT,0,3,3,1,2,PltStn,S8,31.041423364626155,122.21818826459038,91.31480879854962,15.0,0.7652313676492514,842.6920751639009
4,Shanghai SouthCh - Nagoya,SEA,PILOT_TO_PILOT,0,4,4,1,2,PltStn,S8,31.041325218298343,122.22314544350186,91.31480879854962,15.0,1.0203084901990018,842.4369980413511
5,Shanghai SouthCh - Nagoya,SEA,PILOT_TO_PILOT,0,5,5,1,2,PltStn,S8,31.04122688248193,122.22810261218238,91.31480879854962,15.0,1.2753856127487522,842.1819209188013
6,Shanghai SouthCh - Nagoya,SEA,PILOT_TO_PILOT,0,6,6,1,2,PltStn,S8,31.041128357178014,122.23305977061223,91.31480879854962,15.0,1.5304627352985027,841.9268437962515
7,Shanghai SouthCh - Nagoya,SEA,PILOT_TO_PILOT,0,7,7,1,2,PltStn,S8,31.041029642387755,122.23801691877176,91.31480879854962,15.0,1.7855398578482533,841.6717666737019
8,Shanghai SouthCh - Nagoya,SEA,PILOT_TO_PILOT,0,8,8,1,2,PltStn,S8,31.04093073811227,122.24297405664126,91.31480879854962,15.0,2.0406169803980037,841.4166895511521
9,Shanghai SouthCh - Nagoya,SEA,PILOT_TO_PILOT,0,9,9,1,2,PltStn,S8,31.040831644352696,122.24793118420111,91.31480879854962,15.0,2.295694102947754,841.1616124286023
10,Shanghai SouthCh - Nagoya,SEA,PILOT_TO_PILOT,0,10,10,1,2,PltStn,S8,31.04073236111017,122.2528883014316,91.31480879854962,15.0,2.5507712254975043,840.9065353060525
11,Shanghai SouthCh - Nagoya,SEA,PILOT_TO_PILOT,0,11,11,1,2,PltStn,S8,31.04063288838583,122.25784540831307,91.31480879854962,15.0,2.805848348047255,840.6514581835029
12,Shanghai SouthCh - Nagoya,SEA,PILOT_TO_PILOT,0,12,12,1,2,PltStn,S8,31.040533226180813,122.26280250482584,91.31480879854962,15.0,3.0609254705970055,840.3963810609531
13,Shanghai SouthCh - Nagoya,SEA,PILOT_TO_PILOT,0,13,13,1,2,PltStn,S8,31.040433374496267,122.26775959095029,91.31480879854962,15.0,3.316002593146756,840.1413039384033
14,Shanghai SouthCh - Nagoya,SEA,PILOT_TO_PILOT,1,14,0,2,3,S8,S1,31.040333333333336,122.27271666666668,103.13065326396759,15.0,3.571079715696506,839.8862268158535
15,Shanghai SouthCh - Nagoya,SEA,PILOT_TO_PILOT,1,15,1,2,3,S8,S1,31.039392225693728,122.27742484000102,103.13065326396759,15.0,3.8197869241511224,839.637519607399
16,Shanghai SouthCh - Nagoya,SEA,PILOT_TO_PILOT,1,16,2,2,3,S8,S1,31.038450947133065,122.28213292024941,103.13065326396759,15.0,4.068494132605738,839.3888123989443
17,Shanghai SouthCh - Nagoya,SEA,PILOT_TO_PILOT,1,17,3,2,3,S8,S1,31.037509497661066,122.28684090740026,103.13065326396759,15.0,4.317201341060355,839.1401051904897
18,Shanghai SouthCh - Nagoya,SEA,PILOT_TO_PILOT,1,18,4,2,3,S8,S1,31.03656787728747,122.29154880144199,103.13065326396759,15.0,4.565908549514971,838.8913979820352
19,Shanghai SouthCh - Nagoya,SEA,PILOT_TO_PILOT,1,19,5,2,3,S8,S1,31.035626086022017,122.29625660236297,103.13065326396759,15.0,4.814615757969587,838.6426907735805
20,Shanghai SouthCh - Nagoya,SEA,PILOT_TO_PILOT,1,20,6,2,3,S8,S1,31.034684123874445,122.30096431015163,103.13065326396759,15.0,5.063322966424203,838.393983565126
21,Shanghai SouthCh - Nagoya,SEA,PILOT_TO_PILOT,1,21,7,2,3,S8,S1,31.03374199085449,122.3056719247964,103.13065326396759,15.0,5.312030174878819,838.1452763566713
22,Shanghai SouthCh - Nagoya,SEA,PILOT_TO_PILOT,1,22,8,2,3,S8,S1,31.032799686971902,122.31037944628567,103.13065326396759,15.0,5.560737383333436,837.8965691482167
23,Shanghai SouthCh - Nagoya,SEA,PILOT_TO_PILOT,1,23,9,2,3,S8,S1,31.03185721223641,122.31508687460784,103.13065326396759,15.0,5.809444591788052,837.647861939762
24,Shanghai SouthCh - Nagoya,SEA,PILOT_TO_PILOT,1,24,10,2,3,S8,S1,31.030914566657767,122.3197942097514,103.13065326396759,15.0,6.058151800242668,837.3991547313075
25,Shanghai SouthCh - Nagoya,SEA,PILOT_TO_PILOT,1,25,11,2,3,S8,S1,31.029971750245718,122.3245014517047,103.13065326396759,15.0,6.306859008697284,837.1504475228528
26,Shanghai SouthCh - Nagoya,SEA,PILOT_TO_PILOT,1,26,12,2,3,S8,S1,31.02902876301,122.32920860045623,103.13065326396759,15.0,6.555566217151901,836.9017403143982
27,Shanghai SouthCh - Nagoya,SEA,PILOT_TO_PILOT,1,27,13,2,3,S8,S1,31.028085604960374,122.33391565599442,103.13065326396759,15.0,6.8042734256065165,836.6530331059436
28,Shanghai SouthCh - Nagoya,SEA,PILOT_TO_PILOT,1,28,14,2,3,S8,S1,31.02714227610658,122.33862261830767,103.13065326396759,15.0,7.052980634061132,836.404325897489
29,Shanghai SouthCh - Nagoya,SEA,PILOT_TO_PILOT,1,29,15,2,3,S8,S1,31.026198776458372,122.34332948738444,103.13065326396759,15.0,7.301687842515749,836.1556186890343
30,Shanghai SouthCh - Nagoya,SEA,PILOT_TO_PILOT,1,30,16,2,3,S8,S1,31.02525510602549,122.34803626321319,103.13065326396759,15.0,7.550395050970366,835.9069114805798
31,Shanghai SouthCh - Nagoya,SEA,PILOT_TO_PILOT,1,31,17,2,3,S8,S1,31.024311264817698,122.35274294578234,103.13065326396759,15.0,7.799102259424981,835.6582042721251
32,Shanghai SouthCh - Nagoya,SEA,PILOT_TO_PILOT,1,32,18,2,3,S8,S1,31.02336725284475,122.35744953508038,103.13065326396759,15.0,8.047809467879597,835.4094970636705
33,Shanghai SouthCh - Nagoya,SEA,PILOT_TO_PILOT,1,33,19,2,3,S8,S1,31.02242307011639,122.36215603109572,103.13065326396759,15.0,8.296516676334214,835.1607898552159
34,Shanghai SouthCh - Nagoya,SEA,PILOT_TO_PILOT,1,34,20,2,3,S8,S1,31.02147871664238,122.36686243381685,103.13065326396759,15.0,8.54522388478883,834.9120826467613
35,Shanghai SouthCh - Nagoya,SEA,PILOT_TO_PILOT,1,35,21,2,3,S8,S1,31.020534192432468,122.37156874323223,103.13065326396759,15.0,8.793931093243446,834.6633754383066
36,Shanghai SouthCh - Nagoya,SEA,PILOT_TO_PILOT,1,36,22,2,3,S8,S1,31.019589497496415,122.37627495933032,103.13065326396759,15.0,9.042638301698062,834.414668229852
37,Shanghai SouthCh - Nagoya,SEA,PILOT_TO_PILOT,1,37,23,2,3,S8,S1,31.018644631843998,122.3809810820996,103.13065326396759,15.0,9.291345510152679,834.1659610213974
38,Shanghai SouthCh - Nagoya,SEA,PILOT_TO_PILOT,1,38,24,2,3,S8,S1,31.017699595484956,122.38568711152853,103.13065326396759,15.0,9.540052718607294,833.9172538129428
39,Shanghai SouthCh - Nagoya,SEA,PILOT_TO_PILOT,1,39,25,2,3,S8,S1,31.016754388429057,122.39039304760557,103.13065326396759,15.0,9.78875992706191,833.6685466044881
40,Shanghai SouthCh - Nagoya,SEA,PILOT_TO_PILOT,1,40,26,2,3,S8,S1,31.015809010686063,122.39509889031923,103.13065326396759,15.0,10.037467135516527,833.4198393960336
41,Shanghai SouthCh - Nagoya,SEA,PILOT_TO_PILOT,1,41,27,2,3,S8,S1,31.01486346226574,122.399804639658,103.13065326396759,15.0,10.286174343971144,833.1711321875789
42,Shanghai SouthCh - Nagoya,SEA,PILOT_TO_PILOT,1,42,28,2,3,S8,S1,31.01391774317785,122.40451029561036,103.13065326396759,15.0,10.534881552425759,832.9224249791243
43,Shanghai SouthCh - Nagoya,SEA,PILOT_TO_PILOT,1,43,29,2,3,S8,S1,31.012971853432166,122.40921585816479,103.13065326396759,15.0,10.783588760880376,832.6737177706698
44,Shanghai SouthCh - Nagoya,SEA,PILOT_TO_PILOT,1,44,30,2,3,S8,S1,31.012025793038447,122.41392132730977,103.13065326396759,15.0,11.032295969334992,832.4250105622151
45,Shanghai SouthCh - Nagoya,SEA,PILOT_TO_PILOT,1,45,31,2,3,S8,S1,31.011079562006458,122.41862670303384,103.13065326396759,15.0,11.281003177789609,832.1763033537605
46,Shanghai SouthCh - Nagoya,SEA,PILOT_TO_PILOT,1,46,32,2,3,S8,S1,31.01013316034598,122.42333198532545,103.13065326396759,15.0,11.529710386244224,831.9275961453059
47,Shanghai SouthCh - Nagoya,SEA,PILOT_TO_PILOT,1,47,33,2,3,S8,S1,31.00918658806678,122.42803717417314,103.13065326396759,15.0,11.77841759469884,831.6788889368513
48,Shanghai SouthCh - Nagoya,SEA,PILOT_TO_PILOT,1,48,34,2,3,S8,S1,31.008239845178636,122.43274226956544,103.13065326396759,15.0,12.027124803153455,831.4301817283966
49,Shanghai SouthCh - Nagoya,SEA,PILOT_TO_PILOT,1,49,35,2,3,S8,S1,31.00729293169131,122.43744727149083,103.13065326396759,15.0,12.275832011608072,831.1814745199421
50,Shanghai SouthCh - Nagoya,SEA,PILOT_TO_PILOT,1,50,36,2,3,S8,S1,31.006345847614583,122.44215217993779,103.13065326396759,15.0,12.524539220062689,830.9327673114874
51,Shanghai SouthCh - Nagoya,SEA,PILOT_TO_PILOT,1,51,37,2,3,S8,S1,31.005398592958223,122.44685699489492,103.13065326396759,15.0,12.773246428517306,830.6840601030328
52,Shanghai SouthCh - Nagoya,SEA,PILOT_TO_PILOT,1,52,38,2,3,S8,S1,31.004451167732018,122.45156171635068,103.13065326396759,15.0,13.02195363697192,830.4353528945782
53,Shanghai SouthCh - Nagoya,SEA,PILOT_TO_PILOT,1,53,39,2,3,S8,S1,31.00350357194573,122.45626634429362,103.13065326396759,15.0,13.270660845426537,830.1866456861236
54,Shanghai SouthCh - Nagoya,SEA,PILOT_TO_PILOT,1,54,40,2,3,S8,S1,31.002555805609166,122.46097087871229,103.13065326396759,15.0,13.519368053881154,829.9379384776689
55,Shanghai SouthCh - Nagoya,SEA,PILOT_TO_PILOT,1,55,41,2,3,S8,S1,31.00160786873208,122.46567531959518,103.13065326396759,15.0,13.768075262335769,829.6892312692144
56,Shanghai SouthCh - Nagoya,SEA,PILOT_TO_PILOT,1,56,42,2,3,S8,S1,31.00065976132426,122.47037966693085,103.13065326396759,15.0,14.016782470790385,829.4405240607597
57,Shanghai SouthCh - Nagoya,SEA,PILOT_TO_PILOT,1,57,43,2,3,S8,S1,30.999711483395505,122.47508392070787,103.13065326396759,15.0,14.265489679245002,829.1918168523051
58,Shanghai SouthCh - Nagoya,SEA,PILOT_TO_PILOT,1,58,44,2,3,S8,S1,30.998763034955573,122.47978808091473,103.13065326396759,15.0,14.514196887699619,828.9431096438504
59,Shanghai SouthCh - Nagoya,SEA,PILOT_TO_PILOT,1,59,45,2,3,S8,S1,30.99781441601427,122.48449214754,103.13065326396759,15.0,14.762904096154234,828.6944024353959
60,Shanghai SouthCh - Nagoya,SEA,PILOT_TO_PILOT,1,60,46,2,3,S8,S1,30.996865626581364,122.48919612057222,103.13065326396759,15.0,15.01161130460885,828.4456952269412
61,Shanghai SouthCh - Nagoya,SEA,PILOT_TO_PILOT,2,61,0,3,4,S1,TssOut,30.995916666666666,122.4939,107.50795328065988,15.0,15.260318513063467,828.1969880184866
62,Shanghai SouthCh - Nagoya,SEA,PILOT_TO_PILOT,2,62,1,3,4,S1,TssOut,30.994665932918426,122.49852502303817,107.50795328065988,15.0,15.509920068680985,827.9473864628691
63,Shanghai SouthCh - Nagoya,SEA,PILOT_TO_PILOT,2,63,2,3,4,S1,TssOut,30.99341503437076,122.50314992476787,107.50795328065988,15.0,15.759521624298504,827.6977849072516
64,Shanghai SouthCh - Nagoya,SEA,PILOT_TO_PILOT,2,64,3,3,4,S1,TssOut,30.99216397103614,122.5077747051823,107.50795328065988,15.0,16.00912317991602,827.448183351634
65,Shanghai SouthCh - Nagoya,SEA,PILOT_TO_PILOT,2,65,4,3,4,S1,TssOut,30.99091274292704,122.51239936427461,107.50795328065988,15.0,16.25872473553354,827.1985817960166
66,Shanghai SouthCh - Nagoya,SEA,PILOT_TO_PILOT,2,66,5,3,4,S1,TssOut,30.989661350055922,122.51702390203805,107.50795328065988,15.0,16.508326291151057,826.948980240399
67,Shanghai SouthCh - Nagoya,SEA,PILOT_TO_PILOT,2,67,6,3,4,S1,TssOut,30.988409792435274,122.52164831846582,107.50795328065988,15.0,16.757927846768577,826.6993786847815
68,Shanghai SouthCh - Nagoya,SEA,PILOT_TO_PILOT,2,68,7,3,4,S1,TssOut,30.987158070077566,122.52627261355116,107.50795328065988,15.0,17.007529402386094,826.449777129164
69,Shanghai SouthCh - Nagoya,SEA,PILOT_TO_PILOT,2,69,8,3,4,S1,TssOut,30.98590618299529,122.53089678728725,107.50795328065988,15.0,17.257130958003614,826.2001755735465
70,Shanghai SouthCh - Nagoya,SEA,PILOT_TO_PILOT,2,70,9,3,4,S1,TssOut,30.9846541312009,122.53552083966736,107.50795328065988,15.0,17.50673251362113,825.950574017929
71,Shanghai SouthCh - Nagoya,SEA,PILOT_TO_PILOT,2,71,10,3,4,S1,TssOut,30.98340191470687,122.54014477068468,107.50795328065988,15.0,17.75633406923865,825.7009724623115
72,Shanghai SouthCh - Nagoya,SEA,PILOT_TO_PILOT,2,72,11,3,4,S1,TssOut,30.982149533525718,122.54476858033249,107.50795328065988,15.0,18.005935624856168,825.4513709066939
73,Shanghai SouthCh - Nagoya,SEA,PILOT_TO_PILOT,2,73,12,3,4,S1,TssOut,30.980896987669883,122.54939226860397,107.50795328065988,15.0,18.255537180473688,825.2017693510765
74,Shanghai SouthCh - Nagoya,SEA,PILOT_TO_PILOT,2,74,13,3,4,S1,TssOut,30.97964427715186,122.5540158354924,107.50795328065988,15.0,18.505138736091205,824.9521677954589
75,Shanghai SouthCh - Nagoya,SEA,PILOT_TO_PILOT,2,75,14,3,4,S1,TssOut,30.97839140198413,122.55863928099102,107.50795328065988,15.0,18.75474029170872,824.7025662398414
76,Shanghai SouthCh - Nagoya,SEA,PILOT_TO_PILOT,2,76,15,3,4,S1,TssOut,30.977138362179176,122.56326260509306,107.50795328065988,15.0,19.00434184732624,824.4529646842238
77,Shanghai SouthCh - Nagoya,SEA,PILOT_TO_PILOT,2,77,16,3,4,S1,TssOut,30.975885157749463,122.5678858077918,107.50795328065988,15.0,19.253943402943758,824.2033631286064
78,Shanghai SouthCh - Nagoya,SEA,PILOT_TO_PILOT,2,78,17,3,4,S1,TssOut,30.974631788707505,122.57250888908048,107.50795328065988,15.0,19.503544958561278,823.9537615729888
79,Shanghai SouthCh - Nagoya,SEA,PILOT_TO_PILOT,2,79,18,3,4,S1,TssOut,30.973378255065754,122.57713184895238,107.50795328065988,15.0,19.753146514178795,823.7041600173714
80,Shanghai SouthCh - Nagoya,SEA,PILOT_TO_PILOT,2,80,19,3,4,S1,TssOut,30.972124556836707,122.58175468740073,107.50795328065988,15.0,20.002748069796315,823.4545584617538
81,Shanghai SouthCh - Nagoya,SEA,PILOT_TO_PILOT,2,81,20,3,4,S1,TssOut,30.97087069403285,122.58637740441885,107.50795328065988,15.0,20.25234962541383,823.2049569061363
82,Shanghai SouthCh - Nagoya,SEA,PILOT_TO_PILOT,3,82,0,4,5,TssOut,BtwSaki,30.969616666666667,122.591,91.17211388047747,15.0,20.50195118103135,822.9553553505187
83,Shanghai SouthCh - Nagoya,SEA,PILOT_TO_PILOT,3,83,1,4,5,TssOut,BtwSaki,30.969531375729055,122.59585655339507,91.17211388047747,15.0,20.75202447784658,822.7052820537035
84,Shanghai SouthCh - Nagoya,SEA,PILOT_TO_PILOT,3,84,2,4,5,TssOut,BtwSaki,30.96944590315962,122.60071309810353,91.17211388047747,15.0,21.002097774661806,822.4552087568883
85,Shanghai SouthCh - Nagoya,SEA,PILOT_TO_PILOT,3,85,3,4,5,TssOut,BtwSaki,30.9693602489593,122.60556963410693,91.17211388047747,15.0,21.252171071477033,822.205135460073
86,Shanghai SouthCh - Nagoya,SEA,PILOT_TO_PILOT,3,86,4,4,5,TssOut,BtwSaki,30.969274413129035,122.61042616138685,91.17211388047747,15.0,21.50224436829226,821.9550621632578
87,Shanghai SouthCh - Nagoya,SEA,PILOT_TO_PILOT,3,87,5,4,5,TssOut,BtwSaki,30.969188395669764,122.61528267992486,91.17211388047747,15.0,21.75231766510749,821.7049888664426
88,Shanghai SouthCh - Nagoya,SEA,PILOT_TO_PILOT,3,88,6,4,5,TssOut,BtwSaki,30.969102196582437,122.6201391897025,91.17211388047747,15.0,22.002390961922718,821.4549155696274
89,Shanghai SouthCh - Nagoya,SEA,PILOT_TO_PILOT,3,89,7,4,5,TssOut,BtwSaki,30.969015815868012,122.62499569070138,91.17211388047747,15.0,22.252464258737945,821.2048422728121
90,Shanghai SouthCh - Nagoya,SEA,PILOT_TO_PILOT,3,90,8,4,5,TssOut,BtwSaki,30.968929253527417,122.62985218290305,91.17211388047747,15.0,22.50253755555317,820.9547689759969
91,Shanghai SouthCh - Nagoya,SEA,PILOT_TO_PILOT,3,91,9,4,5,TssOut,BtwSaki,30.968842509561618,122.63470866628906,91.17211388047747,15.0,22.7526108523684,820.7046956791817
92,Shanghai SouthCh - Nagoya,SEA,PILOT_TO_PILOT,3,92,10,4,5,TssOut,BtwSaki,30.968755583971557,122.63956514084099,91.17211388047747,15.0,23.002684149183626,820.4546223823664
93,Shanghai SouthCh - Nagoya,SEA,PILOT_TO_PILOT,3,93,11,4,5,TssOut,BtwSaki,30.9686684767582,122.6444216065404,91.17211388047747,15.0,23.252757445998853,820.2045490855512
94,Shanghai SouthCh - Nagoya,SEA,PILOT_TO_PILOT,3,94,12,4,5,TssOut,BtwSaki,30.968581187922503,122.64927806336888,91.17211388047747,15.0,23.50283074281408,819.954475788736
95,Shanghai SouthCh - Nagoya,SEA,PILOT_TO_PILOT,3,95,13,4,5,TssOut,BtwSaki,30.968493717465417,122.654134511308,91.17211388047747,15.0,23.752904039629307,819.7044024919207
96,Shanghai SouthCh - Nagoya,SEA,PILOT_TO_PILOT,3,96,14,4,5,TssOut,BtwSaki,30.968406065387914,122.65899095033932,91.17211388047747,15.0,24.002977336444538,819.4543291951055
97,Shanghai SouthCh - Nagoya,SEA,PILOT_TO_PILOT,3,97,15,4,5,TssOut,BtwSaki,30.968318231690944,122.66384738044441,91.17211388047747,15.0,24.253050633259765,819.2042558982903
98,Shanghai SouthCh - Nagoya,SEA,PILOT_TO_PILOT,3,98,16,4,5,TssOut,BtwSaki,30.96823021637549,122.66870380160485,91.17211388047747,15.0,24.50312393007499,818.9541826014752
99,Shanghai SouthCh - Nagoya,SEA,PILOT_TO_PILOT,3,99,17,4,5,TssOut,BtwSaki,30.968142019442503,122.67356021380219,91.17211388047747,15.0,24.75319722689022,818.7041093046599
100,Shanghai SouthCh - Nagoya,SEA,PILOT_TO_PILOT,3,100,18,4,5,TssOut,BtwSaki,30.96805364089295,122.67841661701804,91.17211388047747,15.0,25.003270523705446,818.4540360078447
101,Shanghai SouthCh - Nagoya,SEA,PILOT_TO_PILOT,3,101,19,4,5,TssOut,BtwSaki,30.967965080727822,122.68327301123392,91.17211388047747,15.0,25.253343820520673,818.2039627110295
102,Shanghai SouthCh - Nagoya,SEA,PILOT_TO_PILOT,3,102,20,4,5,TssOut,BtwSaki,30.96787633894808,122.68812939643145,91.17211388047747,15.0,25.5034171173359,817.9538894142142
103,Shanghai SouthCh - Nagoya,SEA,PILOT_TO_PILOT,3,103,21,4,5,TssOut,BtwSaki,30.967787415554696,122.69298577259218,91.17211388047747,15.0,25.753490414151127,817.703816117399
104,Shanghai SouthCh - Nagoya,SEA,PILOT_TO_PILOT,3,104,22,4,5,TssOut,BtwSaki,30.967698310548656,122.69784213969768,91.17211388047747,15.0,26.003563710966354,817.4537428205838
105,Shanghai SouthCh - Nagoya,SEA,PILOT_TO_PILOT,3,105,23,4,5,TssOut,BtwSaki,30.967609023930926,122.70269849772957,91.17211388047747,15.0,26.253637007781585,817.2036695237686
106,Shanghai SouthCh - Nagoya,SEA,PILOT_TO_PILOT,3,106,24,4,5,TssOut,BtwSaki,30.967519555702506,122.70755484666935,91.17211388047747,15.0,26.503710304596808,816.9535962269533
107,Shanghai SouthCh - Nagoya,SEA,PILOT_TO_PILOT,3,107,25,4,5,TssOut,BtwSaki,30.967429905864357,122.71241118649864,91.17211388047747,15.0,26.75378360141204,816.7035229301381
108,Shanghai SouthCh - Nagoya,SEA,PILOT_TO_PILOT,3,108,26,4,5,TssOut,BtwSaki,30.967340074417486,122.717267517199,91.17211388047747,15.0,27.003856898227266,816.4534496333229
109,Shanghai SouthCh - Nagoya,SEA,PILOT_TO_PILOT,3,109,27,4,5,TssOut,BtwSaki,30.967250061362854,122.72212383875204,91.17211388047747,15.0,27.253930195042493,816.2033763365076
110,Shanghai SouthCh - Nagoya,SEA,PILOT_TO_PILOT,3,110,28,4,5,TssOut,BtwSaki,30.967159866701476,122.72698015113929,91.17211388047747,15.0,27.50400349185772,815.9533030396924
111,Shanghai SouthCh - Nagoya,SEA,PILOT_TO_PILOT,3,111,29,4,5,TssOut,BtwSaki,30.967069490434334,122.73183645434234,91.17211388047747,15.0,27.754076788672947,815.7032297428772
112,Shanghai SouthCh - Nagoya,SEA,PILOT_TO_PILOT,3,112,30,4,5,TssOut,BtwSaki,30.966978932562416,122.73669274834279,91.17211388047747,15.0,28.004150085488174,815.4531564460619
113,Shanghai SouthCh - Nagoya,SEA,PILOT_TO_PILOT,3,113,31,4,5,TssOut,BtwSaki,30.96688819308672,122.74154903312215,91.17211388047747,15.0,28.2542233823034,815.2030831492467
114,Shanghai SouthCh - Nagoya,SEA,PILOT_TO_PILOT,3,114,32,4,5,TssOut,BtwSaki,30.966797272008243,122.7464053086621,91.17211388047747,15.0,28.50429667911863,814.9530098524315
115,Shanghai SouthCh - Nagoya,SEA,PILOT_TO_PILOT,3,115,33,4,5,TssOut,BtwSaki,30.966706169327995,122.75126157494414,91.17211388047747,15.0,28.754369975933855,814.7029365556162
116,Shanghai SouthCh - Nagoya,SEA,PILOT_TO_PILOT,3,116,34,4,5,TssOut,BtwSaki,30.966614885046955,122.75611783194987,91.17211388047747,15.0,29.004443272749086,814.452863258801
117,Shanghai SouthCh - Nagoya,SEA,PILOT_TO_PILOT,3,117,35,4,5,TssOut,BtwSaki,30.96652341916614,122.76097407966087,91.17211388047747,15.0,29.254516569564313,814.2027899619858
118,Shanghai SouthCh - Nagoya,SEA,PILOT_TO_PILOT,3,118,36,4,5,TssOut,BtwSaki,30.966431771686562,122.76583031805872,91.17211388047747,15.0,29.50458986637954,813.9527166651706
119,Shanghai SouthCh - Nagoya,SEA,PILOT_TO_PILOT,3,119,37,4,5,TssOut,BtwSaki,30.966339942609213,122.77068654712501,91.17211388047747,15.0,29.754663163194767,813.7026433683553
120,Shanghai SouthCh - Nagoya,SEA,PILOT_TO_PILOT,3,120,38,4,5,TssOut,BtwSaki,30.966247931935104,122.7755427668413,91.17211388047747,15.0,30.004736460009994,813.4525700715401
121,Shanghai SouthCh - Nagoya,SEA,PILOT_TO_PILOT,3,121,39,4,5,TssOut,BtwSaki,30.966155739665258,122.78039897718918,91.17211388047747,15.0,30.254809756825225,813.2024967747249
122,Shanghai SouthCh - Nagoya,SEA,PILOT_TO_PILOT,3,122,40,4,5,TssOut,BtwSaki,30.966063365800668,122.78525517815027,91.17211388047747,15.0,30.504883053640448,812.9524234779096
123,Shanghai SouthCh - Nagoya,SEA,PILOT_TO_PILOT,3,123,41,4,5,TssOut,BtwSaki,30.965970810342366,122.79011136970605,91.17211388047747,15.0,30.75495635045568,812.7023501810944
124,Shanghai SouthCh - Nagoya,SEA,PILOT_TO_PILOT,3,124,42,4,5,TssOut,BtwSaki,30.96587807329136,122.79496755183818,91.17211388047747,15.0,31.005029647270902,812.4522768842792
125,Shanghai SouthCh - Nagoya,SEA,PILOT_TO_PILOT,3,125,43,4,5,TssOut,BtwSaki,30.965785154648678,122.79982372452825,91.17211388047747,15.0,31.255102944086133,812.2022035874639
126,Shanghai SouthCh - Nagoya,SEA,PILOT_TO_PILOT,3,126,44,4,5,TssOut,BtwSaki,30.965692054415335,122.8046798877578,91.17211388047747,15.0,31.50517624090136,811.9521302906487
127,Shanghai SouthCh - Nagoya,SEA,PILOT_TO_PILOT,3,127,45,4,5,TssOut,BtwSaki,30.965598772592347,122.80953604150844,91.17211388047747,15.0,31.755249537716587,811.7020569938335
128,Shanghai SouthCh - Nagoya,SEA,PILOT_TO_PILOT,3,128,46,4,5,TssOut,BtwSaki,30.96550530918076,122.81439218576173,91.17211388047747,15.0,32.00532283453181,811.4519836970182
129,Shanghai SouthCh - Nagoya,SEA,PILOT_TO_PILOT,3,129,47,4,5,TssOut,BtwSaki,30.965411664181573,122.81924832049927,91.17211388047747,15.0,32.25539613134704,811.201910400203
130,Shanghai SouthCh - Nagoya,SEA,PILOT_TO_PILOT,3,130,48,4,5,TssOut,BtwSaki,30.965317837595833,122.82410444570267,91.17211388047747,15.0,32.50546942816227,810.9518371033878
131,Shanghai SouthCh - Nagoya,SEA,PILOT_TO_PILOT,3,131,49,4,5,TssOut,BtwSaki,30.965223829424573,122.82896056135345,91.17211388047747,15.0,32.755542724977495,810.7017638065726
132,Shanghai SouthCh - Nagoya,SEA,PILOT_TO_PILOT,3,132,50,4,5,TssOut,BtwSaki,30.965129639668817,122.83381666743325,91.17211388047747,15.0,33.005616021792726,810.4516905097573
133,Shanghai SouthCh - Nagoya,SEA,PILOT_TO_PILOT,3,133,51,4,5,TssOut,BtwSaki,30.9650352683296,122.83867276392363,91.17211388047747,15.0,33.25568931860795,810.2016172129422
134,Shanghai SouthCh - Nagoya,SEA,PILOT_TO_PILOT,3,134,52,4,5,TssOut,BtwSaki,30.96494071540796,122.8435288508062,91.17211388047747,15.0,33.50576261542318,809.9515439161269
135,Shanghai SouthCh - Nagoya,SEA,PILOT_TO_PILOT,3,135,53,4,5,TssOut,BtwSaki,30.96484598090494,122.84838492806252,91.17211388047747,15.0,33.75583591223841,809.7014706193117
136,Shanghai SouthCh - Nagoya,SEA,PILOT_TO_PILOT,3,136,54,4,5,TssOut,BtwSaki,30.964751064821577,122.85324099567414,91.17211388047747,15.0,34.005909209053634,809.4513973224965
137,Shanghai SouthCh - Nagoya,SEA,PILOT_TO_PILOT,3,137,55,4,5,TssOut,BtwSaki,30.96465596715891,122.85809705362276,91.17211388047747,15.0,34.25598250586886,809.2013240256813
138,Shanghai SouthCh - Nagoya,SEA,PILOT_TO_PILOT,3,138,56,4,5,TssOut,BtwSaki,30.964560687918,122.86295310188984,91.17211388047747,15.0,34.50605580268409,808.9512507288661
139,Shanghai SouthCh - Nagoya,SEA,PILOT_TO_PILOT,3,139,57,4,5,TssOut,BtwSaki,30.964465227099872,122.86780914045708,91.17211388047747,15.0,34.75612909949932,808.7011774320508
140,Shanghai SouthCh - Nagoya,SEA,PILOT_TO_PILOT,3,140,58,4,5,TssOut,BtwSaki,30.96436958470559,122.87266516930599,91.17211388047747,15.0,35.00620239631454,808.4511041352356
141,Shanghai SouthCh - Nagoya,SEA,PILOT_TO_PILOT,3,141,59,4,5,TssOut,BtwSaki,30.964273760736198,122.87752118841819,91.17211388047747,15.0,35.25627569312977,808.2010308384204
142,Shanghai SouthCh - Nagoya,SEA,PILOT_TO_PILOT,3,142,60,4,5,TssOut,BtwSaki,30.964177755192754,122.88237719777526,91.17211388047747,15.0,35.506348989944996,807.9509575416051
143,Shanghai SouthCh - Nagoya,SEA,PILOT_TO_PILOT,3,143,61,4,5,TssOut,BtwSaki,30.964081568076303,122.8872331973588,91.17211388047747,15.0,35.75642228676023,807.7008842447899
144,Shanghai SouthCh - Nagoya,SEA,PILOT_TO_PILOT,3,144,62,4,5,TssOut,BtwSaki,30.963985199387913,122.8920891871504,91.17211388047747,15.0,36.00649558357546,807.4508109479747
145,Shanghai SouthCh - Nagoya,SEA,PILOT_TO_PILOT,3,145,63,4,5,TssOut,BtwSaki,30.963888649128627,122.89694516713163,91.17211388047747,15.0,36.25656888039068,807.2007376511594
146,Shanghai SouthCh - Nagoya,SEA,PILOT_TO_PILOT,3,146,64,4,5,TssOut,BtwSaki,30.96379191729953,122.9018011372841,91.17211388047747,15.0,36.506642177205904,806.9506643543442
147,Shanghai SouthCh - Nagoya,SEA,PILOT_TO_PILOT,3,147,65,4,5,TssOut,BtwSaki,30.96369500390167,122.90665709758939,91.17211388047747,15.0,36.756715474021135,806.700591057529
148,Shanghai SouthCh - Nagoya,SEA,PILOT_TO_PILOT,3,148,66,4,5,TssOut,BtwSaki,30.963597908936105,122.91151304802912,91.17211388047747,15.0,37.006788770836366,806.4505177607138
149,Shanghai SouthCh - Nagoya,SEA,PILOT_TO_PILOT,3,149,67,4,5,TssOut,BtwSaki,30.96350063240391,122.91636898858485,91.17211388047747,15.0,37.25686206765159,806.2004444638985
150,Shanghai SouthCh - Nagoya,SEA,PILOT_TO_PILOT,3,150,68,4,5,TssOut,BtwSaki,30.963403174306155,122.92122491923818,91.17211388047747,15.0,37.50693536446681,805.9503711670833
151,Shanghai SouthCh - Nagoya,SEA,PILOT_TO_PILOT,3,151,69,4,5,TssOut,BtwSaki,30.963305534643904,122.92608083997068,91.17211388047747,15.0,37.75700866128204,805.7002978702681
152,Shanghai SouthCh - Nagoya,SEA,PILOT_TO_PILOT,3,152,70,4,5,TssOut,BtwSaki,30.963207713418246,122.930936750764,91.17211388047747,15.0,38.007081958097274,805.4502245734528
153,Shanghai SouthCh - Nagoya,SEA,PILOT_TO_PILOT,3,153,71,4,5,TssOut,BtwSaki,30.96310971063024,122.93579265159971,91.17211388047747,15.0,38.257155254912504,805.2001512766376
154,Shanghai SouthCh - Nagoya,SEA,PILOT_TO_PILOT,3,154,72,4,5,TssOut,BtwSaki,30.963011526280955,122.94064854245939,91.17211388047747,15.0,38.50722855172773,804.9500779798224
155,Shanghai SouthCh - Nagoya,SEA,PILOT_TO_PILOT,3,155,73,4,5,TssOut,BtwSaki,30.962913160371492,122.94550442332465,91.17211388047747,15.0,38.75730184854295,804.7000046830071
156,Shanghai SouthCh - Nagoya,SEA,PILOT_TO_PILOT,3,156,74,4,5,TssOut,BtwSaki,30.96281461290292,122.95036029417705,91.17211388047747,15.0,39.00737514535818,804.4499313861919
157,Shanghai SouthCh - Nagoya,SEA,PILOT_TO_PILOT,3,157,75,4,5,TssOut,BtwSaki,30.962715883876317,122.95521615499823,91.17211388047747,15.0,39.25744844217341,804.1998580893767
158,Shanghai SouthCh - Nagoya,SEA,PILOT_TO_PILOT,3,158,76,4,5,TssOut,BtwSaki,30.962616973292782,122.96007200576977,91.17211388047747,15.0,39.507521738988636,803.9497847925614
159,Shanghai SouthCh - Nagoya,SEA,PILOT_TO_PILOT,3,159,77,4,5,TssOut,BtwSaki,30.96251788115338,122.96492784647329,91.17211388047747,15.0,39.75759503580386,803.6997114957462
160,Shanghai SouthCh - Nagoya,SEA,PILOT_TO_PILOT,3,160,78,4,5,TssOut,BtwSaki,30.962418607459217,122.96978367709033,91.17211388047747,15.0,40.00766833261909,803.449638198931
161,Shanghai SouthCh - Nagoya,SEA,PILOT_TO_PILOT,3,161,79,4,5,TssOut,BtwSaki,30.96231915221138,122.97463949760252,91.17211388047747,15.0,40.25774162943432,803.1995649021158
162,Shanghai SouthCh - Nagoya,SEA,PILOT_TO_PILOT,3,162,80,4,5,TssOut,BtwSaki,30.962219515410958,122.97949530799148,91.17211388047747,15.0,40.50781492624955,802.9494916053005
163,Shanghai SouthCh - Nagoya,SEA,PILOT_TO_PILOT,3,163,81,4,5,TssOut,BtwSaki,30.962119697059048,122.98435110823877,91.17211388047747,15.0,40.757888223064775,802.6994183084853
164,Shanghai SouthCh - Nagoya,SEA,PILOT_TO_PILOT,3,164,82,4,5,TssOut,BtwSaki,30.96201969715674,122.98920689832602,91.17211388047747,15.0,41.00796151988,802.4493450116701
165,Shanghai SouthCh - Nagoya,SEA,PILOT_TO_PILOT,3,165,83,4,5,TssOut,BtwSaki,30.961919515705148,122.9940626782348,91.17211388047747,15.0,41.25803481669523,802.1992717148548
166,Shanghai SouthCh - Nagoya,SEA,PILOT_TO_PILOT,3,166,84,4,5,TssOut,BtwSaki,30.961819152705356,122.99891844794675,91.17211388047747,15.0,41.50810811351046,801.9491984180396
167,Shanghai SouthCh - Nagoya,SEA,PILOT_TO_PILOT,3,167,85,4,5,TssOut,BtwSaki,30.96171860815848,123.00377420744343,91.17211388047747,15.0,41.75818141032568,801.6991251212244
168,Shanghai SouthCh - Nagoya,SEA,PILOT_TO_PILOT,3,168,86,4,5,TssOut,BtwSaki,30.96161788206561,123.00862995670646,91.17211388047747,15.0,42.00825470714091,801.4490518244093
169,Shanghai SouthCh - Nagoya,SEA,PILOT_TO_PILOT,3,169,87,4,5,TssOut,BtwSaki,30.961516974427866,123.01348569571742,91.17211388047747,15.0,42.25832800395614,801.1989785275939
170,Shanghai SouthCh - Nagoya,SEA,PILOT_TO_PILOT,3,170,88,4,5,TssOut,BtwSaki,30.96141588524634,123.01834142445796,91.17211388047747,15.0,42.50840130077137,800.9489052307788
171,Shanghai SouthCh - Nagoya,SEA,PILOT_TO_PILOT,3,171,89,4,5,TssOut,BtwSaki,30.96131461452216,123.02319714290962,91.17211388047747,15.0,42.7584745975866,800.6988319339634
172,Shanghai SouthCh - Nagoya,SEA,PILOT_TO_PILOT,3,172,90,4,5,TssOut,BtwSaki,30.96121316225643,123.02805285105403,91.17211388047747,15.0,43.00854789440182,800.4487586371483
173,Shanghai SouthCh - Nagoya,SEA,PILOT_TO_PILOT,3,173,91,4,5,TssOut,BtwSaki,30.961111528450267,123.03290854887283,91.17211388047747,15.0,43.258621191217046,800.1986853403331
174,Shanghai SouthCh - Nagoya,SEA,PILOT_TO_PILOT,3,174,92,4,5,TssOut,BtwSaki,30.961009713104776,123.03776423634754,91.17211388047747,15.0,43.508694488032276,799.9486120435179
175,Shanghai SouthCh - Nagoya,SEA,PILOT_TO_PILOT,3,175,93,4,5,TssOut,BtwSaki,30.960907716221094,123.04261991345986,91.17211388047747,15.0,43.75876778484751,799.6985387467026
176,Shanghai SouthCh - Nagoya,SEA,PILOT_TO_PILOT,3,176,94,4,5,TssOut,BtwSaki,30.960805537800333,123.04747558019133,91.17211388047747,15.0,44.00884108166273,799.4484654498874
177,Shanghai SouthCh - Nagoya,SEA,PILOT_TO_PILOT,3,177,95,4,5,TssOut,BtwSaki,30.960703177843612,123.05233123652356,91.17211388047747,15.0,44.258914378477954,799.1983921530722
178,Shanghai SouthCh - Nagoya,SEA,PILOT_TO_PILOT,3,178,96,4,5,TssOut,BtwSaki,30.960600636352062,123.05718688243817,91.17211388047747,15.0,44.508987675293184,798.948318856257
179,Shanghai SouthCh - Nagoya,SEA,PILOT_TO_PILOT,3,179,97,4,5,TssOut,BtwSaki,30.960497913326797,123.06204251791678,91.17211388047747,15.0,44.759060972108415,798.6982455594417
180,Shanghai SouthCh - Nagoya,SEA,PILOT_TO_PILOT,3,180,98,4,5,TssOut,BtwSaki,30.960395008768966,123.06689814294097,91.17211388047747,15.0,45.009134268923646,798.4481722626265
181,Shanghai SouthCh - Nagoya,SEA,PILOT_TO_PILOT,3,181,99,4,5,TssOut,BtwSaki,30.960291922679676,123.07175375749235,91.17211388047747,15.0,45.25920756573887,798.1980989658113
182,Shanghai SouthCh - Nagoya,SEA,PILOT_TO_PILOT,3,182,100,4,5,TssOut,BtwSaki,30.960188655060076,123.07660936155251,91.17211388047747,15.0,45.50928086255409,797.948025668996
183,Shanghai SouthCh - Nagoya,SEA,PILOT_TO_PILOT,3,183,101,4,5,TssOut,BtwSaki,30.96008520591129,123.0814649551031,91.17211388047747,15.0,45.75935415936932,797.6979523721808
184,Shanghai SouthCh - Nagoya,SEA,PILOT_TO_PILOT,3,184,102,4,5,TssOut,BtwSaki,30.959981575234455,123.0863205381257,91.17211388047747,15.0,46.009427456184554,797.4478790753656
185,Shanghai SouthCh - Nagoya,SEA,PILOT_TO_PILOT,3,185,103,4,5,TssOut,BtwSaki,30.959877763030715,123.09117611060195,91.17211388047747,15.0,46.25950075299978,797.1978057785503
186,Shanghai SouthCh - Nagoya,SEA,PILOT_TO_PILOT,3,186,104,4,5,TssOut,BtwSaki,30.95977376930122,123.0960316725134,91.17211388047747,15.0,46.509574049815,796.9477324817351
187,Shanghai SouthCh - Nagoya,SEA,PILOT_TO_PILOT,3,187,105,4,5,TssOut,BtwSaki,30.959669594047078,123.10088722384171,91.17211388047747,15.0,46.75964734663023,796.6976591849199
188,Shanghai SouthCh - Nagoya,SEA,PILOT_TO_PILOT,3,188,106,4,5,TssOut,BtwSaki,30.959565237269473,123.10574276456849,91.17211388047747,15.0,47.00972064344546,796.4475858881046
189,Shanghai SouthCh - Nagoya,SEA,PILOT_TO_PILOT,3,189,107,4,5,TssOut,BtwSaki,30.959460698969522,123.11059829467531,91.17211388047747,15.0,47.25979394026069,796.1975125912894
190,Shanghai SouthCh - Nagoya,SEA,PILOT_TO_PILOT,3,190,108,4,5,TssOut,BtwSaki,30.95935597914839,123.11545381414382,91.17211388047747,15.0,47.509867237075916,795.9474392944742
191,Shanghai SouthCh - Nagoya,SEA,PILOT_TO_PILOT,3,191,109,4,5,TssOut,BtwSaki,30.959251077807217,123.12030932295558,91.17211388047747,15.0,47.75994053389114,795.697365997659
192,Shanghai SouthCh - Nagoya,SEA,PILOT_TO_PILOT,3,192,110,4,5,TssOut,BtwSaki,30.959145994947164,123.12516482109227,91.17211388047747,15.0,48.01001383070637,795.4472927008437
193,Shanghai SouthCh - Nagoya,SEA,PILOT_TO_PILOT,3,193,111,4,5,TssOut,BtwSaki,30.95904073056938,123.13002030853546,91.17211388047747,15.0,48.2600871275216,795.1972194040285
194,Shanghai SouthCh - Nagoya,SEA,PILOT_TO_PILOT,3,194,112,4,5,TssOut,BtwSaki,30.958935284675025,123.13487578526677,91.17211388047747,15.0,48.510160424336824,794.9471461072133
195,Shanghai SouthCh - Nagoya,SEA,PILOT_TO_PILOT,3,195,113,4,5,TssOut,BtwSaki,30.95882965726525,123.13973125126782,91.17211388047747,15.0,48.76023372115205,794.697072810398
196,Shanghai SouthCh - Nagoya,SEA,PILOT_TO_PILOT,3,196,114,4,5,TssOut,BtwSaki,30.958723848341222,123.14458670652022,91.17211388047747,15.0,49.01030701796728,794.4469995135828
197,Shanghai SouthCh - Nagoya,SEA,PILOT_TO_PILOT,3,197,115,4,5,TssOut,BtwSaki,30.95861785790409,123.14944215100557,91.17211388047747,15.0,49.26038031478251,794.1969262167676
198,Shanghai SouthCh - Nagoya,SEA,PILOT_TO_PILOT,3,198,116,4,5,TssOut,BtwSaki,30.95851168595504,123.15429758470547,91.17211388047747,15.0,49.51045361159774,793.9468529199523
199,Shanghai SouthCh - Nagoya,SEA,PILOT_TO_PILOT,3,199,117,4,5,TssOut,BtwSaki,30.958405332495225,123.1591530076016,91.17211388047747,15.0,49.76052690841296,793.6967796231371
200,Shanghai SouthCh - Nagoya,SEA,PILOT_TO_PILOT,3,200,118,4,5,TssOut,BtwSaki,30.958298797525806,123.16400841967554,91.17211388047747,15.0,50.01060020522819,793.4467063263219
201,Shanghai SouthCh - Nagoya,SEA,PILOT_TO_PILOT,3,201,119,4,5,TssOut,BtwSaki,30.958192081047965,123.16886382090888,91.17211388047747,15.0,50.26067350204342,793.1966330295066
202,Shanghai SouthCh - Nagoya,SEA,PILOT_TO_PILOT,3,202,120,4,5,TssOut,BtwSaki,30.958085183062874,123.17371921128326,91.17211388047747,15.0,50.51074679885865,792.9465597326914
203,Shanghai SouthCh - Nagoya,SEA,PILOT_TO_PILOT,3,203,121,4,5,TssOut,BtwSaki,30.9579781035717,123.1785745907803,91.17211388047747,15.0,50.76082009567387,792.6964864358762
204,Shanghai SouthCh - Nagoya,SEA,PILOT_TO_PILOT,3,204,122,4,5,TssOut,BtwSaki,30.95787084257562,123.18342995938161,91.17211388047747,15.0,51.010893392489095,792.446413139061
205,Shanghai SouthCh - Nagoya,SEA,PILOT_TO_PILOT,3,205,123,4,5,TssOut,BtwSaki,30.95776340007581,123.18828531706882,91.17211388047747,15.0,51.260966689304325,792.1963398422458
206,Shanghai SouthCh - Nagoya,SEA,PILOT_TO_PILOT,3,206,124,4,5,TssOut,BtwSaki,30.957655776073455,123.19314066382354,91.17211388047747,15.0,51.511039986119556,791.9462665454305
207,Shanghai SouthCh - Nagoya,SEA,PILOT_TO_PILOT,3,207,125,4,5,TssOut,BtwSaki,30.957547970569742,123.19799599962738,91.17211388047747,15.0,51.76111328293479,791.6961932486154
208,Shanghai SouthCh - Nagoya,SEA,PILOT_TO_PILOT,3,208,126,4,5,TssOut,BtwSaki,30.957439983565838,123.20285132446196,91.17211388047747,15.0,52.01118657975001,791.4461199518001
209,Shanghai SouthCh - Nagoya,SEA,PILOT_TO_PILOT,3,209,127,4,5,TssOut,BtwSaki,30.957331815062943,123.2077066383089,91.17211388047747,15.0,52.261259876565234,791.1960466549849
210,Shanghai SouthCh - Nagoya,SEA,PILOT_TO_PILOT,3,210,128,4,5,TssOut,BtwSaki,30.957223465062246,123.21256194114984,91.17211388047747,15.0,52.511333173380464,790.9459733581697
211,Shanghai SouthCh - Nagoya,SEA,PILOT_TO_PILOT,3,211,129,4,5,TssOut,BtwSaki,30.95711493356493,123.21741723296638,91.17211388047747,15.0,52.761406470195695,790.6959000613545
212,Shanghai SouthCh - Nagoya,SEA,PILOT_TO_PILOT,3,212,130,4,5,TssOut,BtwSaki,30.957006220572193,123.22227251374017,91.17211388047747,15.0,53.01147976701092,790.4458267645392
213,Shanghai SouthCh - Nagoya,SEA,PILOT_TO_PILOT,3,213,131,4,5,TssOut,BtwSaki,30.956897326085215,123.22712778345279,91.17211388047747,15.0,53.26155306382615,790.195753467724
214,Shanghai SouthCh - Nagoya,SEA,PILOT_TO_PILOT,3,214,132,4,5,TssOut,BtwSaki,30.9567882501052,123.23198304208586,91.17211388047747,15.0,53.51162636064137,789.9456801709088
215,Shanghai SouthCh - Nagoya,SEA,PILOT_TO_PILOT,3,215,133,4,5,TssOut,BtwSaki,30.95667899263335,123.23683828962103,91.17211388047747,15.0,53.7616996574566,789.6956068740935
216,Shanghai SouthCh - Nagoya,SEA,PILOT_TO_PILOT,3,216,134,4,5,TssOut,BtwSaki,30.956569553670867,123.24169352603995,91.17211388047747,15.0,54.01177295427183,789.4455335772783
217,Shanghai SouthCh - Nagoya,SEA,PILOT_TO_PILOT,3,217,135,4,5,TssOut,BtwSaki,30.956459933218955,123.2465487513242,91.17211388047747,15.0,54.26184625108706,789.1954602804631
218,Shanghai SouthCh - Nagoya,SEA,PILOT_TO_PILOT,3,218,136,4,5,TssOut,BtwSaki,30.95635013127879,123.25140396545541,91.17211388047747,15.0,54.51191954790228,788.9453869836478
219,Shanghai SouthCh - Nagoya,SEA,PILOT_TO_PILOT,3,219,137,4,5,TssOut,BtwSaki,30.956240147851602,123.25625916841521,91.17211388047747,15.0,54.76199284471751,788.6953136868326
220,Shanghai SouthCh - Nagoya,SEA,PILOT_TO_PILOT,3,220,138,4,5,TssOut,BtwSaki,30.956129982938613,123.26111436018522,91.17211388047747,15.0,55.01206614153274,788.4452403900174
221,Shanghai SouthCh - Nagoya,SEA,PILOT_TO_PILOT,3,221,139,4,5,TssOut,BtwSaki,30.95601963654099,123.26596954074708,91.17211388047747,15.0,55.262139438347965,788.1951670932021
222,Shanghai SouthCh - Nagoya,SEA,PILOT_TO_PILOT,3,222,140,4,5,TssOut,BtwSaki,30.955909108659988,123.27082471008238,91.17211388047747,15.0,55.512212735163196,787.9450937963869
223,Shanghai SouthCh - Nagoya,SEA,PILOT_TO_PILOT,3,223,141,4,5,TssOut,BtwSaki,30.955798399296786,123.27567986817279,91.17211388047747,15.0,55.76228603197842,787.6950204995717
224,Shanghai SouthCh - Nagoya,SEA,PILOT_TO_PILOT,3,224,142,4,5,TssOut,BtwSaki,30.95568750845262,123.28053501499993,91.17211388047747,15.0,56.01235932879365,787.4449472027565
225,Shanghai SouthCh - Nagoya,SEA,PILOT_TO_PILOT,3,225,143,4,5,TssOut,BtwSaki,30.95557643612871,123.28539015054541,91.17211388047747,15.0,56.262432625608874,787.1948739059412
226,Shanghai SouthCh - Nagoya,SEA,PILOT_TO_PILOT,3,226,144,4,5,TssOut,BtwSaki,30.955465182326265,123.29024527479086,91.17211388047747,15.0,56.512505922424104,786.944800609126
227,Shanghai SouthCh - Nagoya,SEA,PILOT_TO_PILOT,3,227,145,4,5,TssOut,BtwSaki,30.955353747046505,123.29510038771791,91.17211388047747,15.0,56.76257921923933,786.6947273123108
228,Shanghai SouthCh - Nagoya,SEA,PILOT_TO_PILOT,3,228,146,4,5,TssOut,BtwSaki,30.955242130290664,123.29995548930818,91.17211388047747,15.0,57.01265251605456,786.4446540154955
229,Shanghai SouthCh - Nagoya,SEA,PILOT_TO_PILOT,3,229,147,4,5,TssOut,BtwSaki,30.95513033205996,123.30481057954333,91.17211388047747,15.0,57.26272581286979,786.1945807186803
230,Shanghai SouthCh - Nagoya,SEA,PILOT_TO_PILOT,3,230,148,4,5,TssOut,BtwSaki,30.955018352355623,123.30966565840498,91.17211388047747,15.0,57.51279910968501,785.9445074218651
231,Shanghai SouthCh - Nagoya,SEA,PILOT_TO_PILOT,3,231,149,4,5,TssOut,BtwSaki,30.95490619117888,123.31452072587474,91.17211388047747,15.0,57.76287240650024,785.6944341250498
232,Shanghai SouthCh - Nagoya,SEA,PILOT_TO_PILOT,3,232,150,4,5,TssOut,BtwSaki,30.954793848530965,123.31937578193424,91.17211388047747,15.0,58.01294570331547,785.4443608282346
233,Shanghai SouthCh - Nagoya,SEA,PILOT_TO_PILOT,3,233,151,4,5,TssOut,BtwSaki,30.954681324413116,123.32423082656514,91.17211388047747,15.0,58.2630190001307,785.1942875314194
234,Shanghai SouthCh - Nagoya,SEA,PILOT_TO_PILOT,3,234,152,4,5,TssOut,BtwSaki,30.954568618826567,123.32908585974906,91.17211388047747,15.0,58.51309229694592,784.9442142346041
235,Shanghai SouthCh - Nagoya,SEA,PILOT_TO_PILOT,3,235,153,4,5,TssOut,BtwSaki,30.95445573177254,123.33394088146763,91.17211388047747,15.0,58.76316559376115,784.6941409377889
236,Shanghai SouthCh - Nagoya,SEA,PILOT_TO_PILOT,3,236,154,4,5,TssOut,BtwSaki,30.954342663252298,123.33879589170246,91.17211388047747,15.0,59.013238890576375,784.4440676409737
237,Shanghai SouthCh - Nagoya,SEA,PILOT_TO_PILOT,3,237,155,4,5,TssOut,BtwSaki,30.954229413267058,123.3436508904352,91.17211388047747,15.0,59.263312187391605,784.1939943441585
238,Shanghai SouthCh - Nagoya,SEA,PILOT_TO_PILOT,3,238,156,4,5,TssOut,BtwSaki,30.954115981818084,123.34850587764753,91.17211388047747,15.0,59.513385484206836,783.9439210473432
239,Shanghai SouthCh - Nagoya,SEA,PILOT_TO_PILOT,3,239,157,4,5,TssOut,BtwSaki,30.954002368906615,123.353360853321,91.17211388047747,15.0,59.76345878102206,783.693847750528
240,Shanghai SouthCh - Nagoya,SEA,PILOT_TO_PILOT,3,240,158,4,5,TssOut,BtwSaki,30.9538885745339,123.35821581743731,91.17211388047747,15.0,60.01353207783729,783.4437744537128
241,Shanghai SouthCh - Nagoya,SEA,PILOT_TO_PILOT,3,241,159,4,5,TssOut,BtwSaki,30.953774598701177,123.36307076997808,91.17211388047747,15.0,60.26360537465251,783.1937011568975
242,Shanghai SouthCh - Nagoya,SEA,PILOT_TO_PILOT,3,242,160,4,5,TssOut,BtwSaki,30.953660441409703,123.36792571092494,91.17211388047747,15.0,60.513678671467744,782.9436278600824
243,Shanghai SouthCh - Nagoya,SEA,PILOT_TO_PILOT,3,243,161,4,5,TssOut,BtwSaki,30.953546102660745,123.37278064025953,91.17211388047747,15.0,60.76375196828297,782.6935545632672
244,Shanghai SouthCh - Nagoya,SEA,PILOT_TO_PILOT,3,244,162,4,5,TssOut,BtwSaki,30.95343158245554,123.37763555796346,91.17211388047747,15.0,61.0138252650982,782.443481266452
245,Shanghai SouthCh - Nagoya,SEA,PILOT_TO_PILOT,3,245,163,4,5,TssOut,BtwSaki,30.953316880795363,123.3824904640184,91.17211388047747,15.0,61.26389856191342,782.1934079696367
246,Shanghai SouthCh - Nagoya,SEA,PILOT_TO_PILOT,3,246,164,4,5,TssOut,BtwSaki,30.95320199768145,123.387345358406,91.17211388047747,15.0,61.51397185872865,781.9433346728215
247,Shanghai SouthCh - Nagoya,SEA,PILOT_TO_PILOT,3,247,165,4,5,TssOut,BtwSaki,30.95308693311508,123.39220024110786,91.17211388047747,15.0,61.76404515554388,781.6932613760063
248,Shanghai SouthCh - Nagoya,SEA,PILOT_TO_PILOT,3,248,166,4,5,TssOut,BtwSaki,30.952971687097513,123.39705511210563,91.17211388047747,15.0,62.01411845235911,781.443188079191
249,Shanghai SouthCh - Nagoya,SEA,PILOT_TO_PILOT,3,249,167,4,5,TssOut,BtwSaki,30.95285625963001,123.40190997138096,91.17211388047747,15.0,62.26419174917434,781.1931147823758
250,Shanghai SouthCh - Nagoya,SEA,PILOT_TO_PILOT,3,250,168,4,5,TssOut,BtwSaki,30.952740650713846,123.40676481891552,91.17211388047747,15.0,62.51426504598956,780.9430414855606
251,Shanghai SouthCh - Nagoya,SEA,PILOT_TO_PILOT,3,251,169,4,5,TssOut,BtwSaki,30.95262486035028,123.4116196546909,91.17211388047747,15.0,62.76433834280479,780.6929681887453
252,Shanghai SouthCh - Nagoya,SEA,PILOT_TO_PILOT,3,252,170,4,5,TssOut,BtwSaki,30.952508888540592,123.41647447868873,91.17211388047747,15.0,63.014411639620015,780.4428948919301
253,Shanghai SouthCh - Nagoya,SEA,PILOT_TO_PILOT,3,253,171,4,5,TssOut,BtwSaki,30.952392735286054,123.4213292908907,91.17211388047747,15.0,63.264484936435245,780.1928215951149
254,Shanghai SouthCh - Nagoya,SEA,PILOT_TO_PILOT,3,254,172,4,5,TssOut,BtwSaki,30.952276400587923,123.42618409127842,91.17211388047747,15.0,63.51455823325047,779.9427482982996
255,Shanghai SouthCh - Nagoya,SEA,PILOT_TO_PILOT,3,255,173,4,5,TssOut,BtwSaki,30.952159884447504,123.43103887983358,91.17211388047747,15.0,63.7646315300657,779.6926750014844
256,Shanghai SouthCh - Nagoya,SEA,PILOT_TO_PILOT,3,256,174,4,5,TssOut,BtwSaki,30.952043186866064,123.43589365653773,91.17211388047747,15.0,64.01470482688093,779.4426017046692
257,Shanghai SouthCh - Nagoya,SEA,PILOT_TO_PILOT,3,257,175,4,5,TssOut,BtwSaki,30.951926307844886,123.44074842137262,91.17211388047747,15.0,64.26477812369615,779.192528407854
258,Shanghai SouthCh - Nagoya,SEA,PILOT_TO_PILOT,3,258,176,4,5,TssOut,BtwSaki,30.951809247385246,123.44560317431984,91.17211388047747,15.0,64.51485142051138,778.9424551110387
259,Shanghai SouthCh - Nagoya,SEA,PILOT_TO_PILOT,3,259,177,4,5,TssOut,BtwSaki,30.951692005488436,123.45045791536103,91.17211388047747,15.0,64.76492471732661,778.6923818142235
260,Shanghai SouthCh - Nagoya,SEA,PILOT_TO_PILOT,3,260,178,4,5,TssOut,BtwSaki,30.951574582155743,123.45531264447784,91.17211388047747,15.0,65.01499801414184,778.4423085174083
261,Shanghai SouthCh - Nagoya,SEA,PILOT_TO_PILOT,3,261,179,4,5,TssOut,BtwSaki,30.951456977388446,123.46016736165193,91.17211388047747,15.0,65.26507131095707,778.192235220593
262,Shanghai SouthCh - Nagoya,SEA,PILOT_TO_PILOT,3,262,180,4,5,TssOut,BtwSaki,30.951339191187852,123.46502206686495,91.17211388047747,15.0,65.5151446077723,777.9421619237778
263,Shanghai SouthCh - Nagoya,SEA,PILOT_TO_PILOT,3,263,181,4,5,TssOut,BtwSaki,30.951221223555244,123.4698767600985,91.17211388047747,15.0,65.76521790458752,777.6920886269626
264,Shanghai SouthCh - Nagoya,SEA,PILOT_TO_PILOT,3,264,182,4,5,TssOut,BtwSaki,30.95110307449191,123.47473144133428,91.17211388047747,15.0,66.01529120140275,777.4420153301473
265,Shanghai SouthCh - Nagoya,SEA,PILOT_TO_PILOT,3,265,183,4,5,TssOut,BtwSaki,30.950984743999168,123.47958611055394,91.17211388047747,15.0,66.26536449821798,777.1919420333321
266,Shanghai SouthCh - Nagoya,SEA,PILOT_TO_PILOT,3,266,184,4,5,TssOut,BtwSaki,30.950866232078297,123.48444076773909,91.17211388047747,15.0,66.5154377950332,776.9418687365169
267,Shanghai SouthCh - Nagoya,SEA,PILOT_TO_PILOT,3,267,185,4,5,TssOut,BtwSaki,30.950747538730614,123.48929541287139,91.17211388047747,15.0,66.76551109184842,776.6917954397017
268,Shanghai SouthCh - Nagoya,SEA,PILOT_TO_PILOT,3,268,186,4,5,TssOut,BtwSaki,30.95062866395741,123.4941500459325,91.17211388047747,15.0,67.01558438866365,776.4417221428864
269,Shanghai SouthCh - Nagoya,SEA,PILOT_TO_PILOT,3,269,187,4,5,TssOut,BtwSaki,30.950509607759987,123.49900466690409,91.17211388047747,15.0,67.26565768547889,776.1916488460712
270,Shanghai SouthCh - Nagoya,SEA,PILOT_TO_PILOT,3,270,188,4,5,TssOut,BtwSaki,30.950390370139665,123.50385927576778,91.17211388047747,15.0,67.51573098229412,775.941575549256
271,Shanghai SouthCh - Nagoya,SEA,PILOT_TO_PILOT,3,271,189,4,5,TssOut,BtwSaki,30.950270951097743,123.50871387250521,91.17211388047747,15.0,67.76580427910935,775.6915022524407
272,Shanghai SouthCh - Nagoya,SEA,PILOT_TO_PILOT,3,272,190,4,5,TssOut,BtwSaki,30.95015135063554,123.51356845709806,91.17211388047747,15.0,68.01587757592456,775.4414289556255
273,Shanghai SouthCh - Nagoya,SEA,PILOT_TO_PILOT,3,273,191,4,5,TssOut,BtwSaki,30.950031568754362,123.51842302952797,91.17211388047747,15.0,68.2659508727398,775.1913556588103
274,Shanghai SouthCh - Nagoya,SEA,PILOT_TO_PILOT,3,274,192,4,5,TssOut,BtwSaki,30.949911605455522,123.5232775897766,91.17211388047747,15.0,68.51602416955501,774.941282361995
275,Shanghai SouthCh - Nagoya,SEA,PILOT_TO_PILOT,3,275,193,4,5,TssOut,BtwSaki,30.94979146074034,123.5281321378256,91.17211388047747,15.0,68.76609746637024,774.6912090651799
276,Shanghai SouthCh - Nagoya,SEA,PILOT_TO_PILOT,3,276,194,4,5,TssOut,BtwSaki,30.949671134610146,123.5329866736566,91.17211388047747,15.0,69.01617076318547,774.4411357683646
277,Shanghai SouthCh - Nagoya,SEA,PILOT_TO_PILOT,3,277,195,4,5,TssOut,BtwSaki,30.949550627066237,123.5378411972513,91.17211388047747,15.0,69.2662440600007,774.1910624715495
278,Shanghai SouthCh - Nagoya,SEA,PILOT_TO_PILOT,3,278,196,4,5,TssOut,BtwSaki,30.949429938109954,123.54269570859132,91.17211388047747,15.0,69.51631735681593,773.9409891747341
279,Shanghai SouthCh - Nagoya,SEA,PILOT_TO_PILOT,3,279,197,4,5,TssOut,BtwSaki,30.949309067742615,123.54755020765835,91.17211388047747,15.0,69.76639065363116,773.690915877919
280,Shanghai SouthCh - Nagoya,SEA,PILOT_TO_PILOT,3,280,198,4,5,TssOut,BtwSaki,30.949188015965543,123.55240469443397,91.17211388047747,15.0,70.0164639504464,773.4408425811037
281,Shanghai SouthCh - Nagoya,SEA,PILOT_TO_PILOT,3,281,199,4,5,TssOut,BtwSaki,30.949066782780083,123.55725916889995,91.17211388047747,15.0,70.26653724726161,773.1907692842885
282,Shanghai SouthCh - Nagoya,SEA,PILOT_TO_PILOT,3,282,200,4,5,TssOut,BtwSaki,30.948945368187548,123.56211363103786,91.17211388047747,15.0,70.51661054407684,772.9406959874733
283,Shanghai SouthCh - Nagoya,SEA,PILOT_TO_PILOT,3,283,201,4,5,TssOut,BtwSaki,30.948823772189268,123.56696808082937,91.17211388047747,15.0,70.76668384089206,772.6906226906581
284,Shanghai SouthCh - Nagoya,SEA,PILOT_TO_PILOT,3,284,202,4,5,TssOut,BtwSaki,30.948701994786596,123.57182251825617,91.17211388047747,15.0,71.01675713770729,772.4405493938428
285,Shanghai SouthCh - Nagoya,SEA,PILOT_TO_PILOT,3,285,203,4,5,TssOut,BtwSaki,30.948580035980864,123.57667694329989,91.17211388047747,15.0,71.26683043452252,772.1904760970276
286,Shanghai SouthCh - Nagoya,SEA,PILOT_TO_PILOT,3,286,204,4,5,TssOut,BtwSaki,30.948457895773387,123.5815313559422,91.17211388047747,15.0,71.51690373133775,771.9404028002124
287,Shanghai SouthCh - Nagoya,SEA,PILOT_TO_PILOT,3,287,205,4,5,TssOut,BtwSaki,30.948335574165547,123.58638575616477,91.17211388047747,15.0,71.76697702815298,771.6903295033972
288,Shanghai SouthCh - Nagoya,SEA,PILOT_TO_PILOT,3,288,206,4,5,TssOut,BtwSaki,30.948213071158644,123.59124014394922,91.17211388047747,15.0,72.01705032496821,771.4402562065819
289,Shanghai SouthCh - Nagoya,SEA,PILOT_TO_PILOT,3,289,207,4,5,TssOut,BtwSaki,30.948090386754057,123.59609451927726,91.17211388047747,15.0,72.26712362178344,771.1901829097667
290,Shanghai SouthCh - Nagoya,SEA,PILOT_TO_PILOT,3,290,208,4,5,TssOut,BtwSaki,30.947967520953107,123.60094888213054,91.17211388047747,15.0,72.51719691859866,770.9401096129515
291,Shanghai SouthCh - Nagoya,SEA,PILOT_TO_PILOT,3,291,209,4,5,TssOut,BtwSaki,30.947844473757158,123.6058032324907,91.17211388047747,15.0,72.76727021541389,770.6900363161362
292,Shanghai SouthCh - Nagoya,SEA,PILOT_TO_PILOT,3,292,210,4,5,TssOut,BtwSaki,30.947721245167553,123.6106575703394,91.17211388047747,15.0,73.0173435122291,770.439963019321
293,Shanghai SouthCh - Nagoya,SEA,PILOT_TO_PILOT,3,293,211,4,5,TssOut,BtwSaki,30.947597835185643,123.61551189565836,91.17211388047747,15.0,73.26741680904433,770.1898897225058
294,Shanghai SouthCh - Nagoya,SEA,PILOT_TO_PILOT,3,294,212,4,5,TssOut,BtwSaki,30.947474243812792,123.62036620842918,91.17211388047747,15.0,73.51749010585957,769.9398164256905
295,Shanghai SouthCh - Nagoya,SEA,PILOT_TO_PILOT,3,295,213,4,5,TssOut,BtwSaki,30.947350471050353,123.62522050863355,91.17211388047747,15.0,73.7675634026748,769.6897431288753
296,Shanghai SouthCh - Nagoya,SEA,PILOT_TO_PILOT,3,296,214,4,5,TssOut,BtwSaki,30.947226516899676,123.6300747962531,91.17211388047747,15.0,74.01763669949003,769.4396698320601
297,Shanghai SouthCh - Nagoya,SEA,PILOT_TO_PILOT,3,297,215,4,5,TssOut,BtwSaki,30.947102381362132,123.63492907126955,91.17211388047747,15.0,74.26770999630526,769.1895965352448
298,Shanghai SouthCh - Nagoya,SEA,PILOT_TO_PILOT,3,298,216,4,5,TssOut,BtwSaki,30.946978064439072,123.63978333366454,91.17211388047747,15.0,74.51778329312049,768.9395232384296
299,Shanghai SouthCh - Nagoya,SEA,PILOT_TO_PILOT,3,299,217,4,5,TssOut,BtwSaki,30.946853566131878,123.64463758341974,91.17211388047747,15.0,74.7678565899357,768.6894499416144
300,Shanghai SouthCh - Nagoya,SEA,PILOT_TO_PILOT,3,300,218,4,5,TssOut,BtwSaki,30.946728886441896,123.64949182051681,91.17211388047747,15.0,75.01792988675093,768.4393766447992
301,Shanghai SouthCh - Nagoya,SEA,PILOT_TO_PILOT,3,301,219,4,5,TssOut,BtwSaki,30.946604025370505,123.65434604493743,91.17211388047747,15.0,75.26800318356615,768.1893033479839
302,Shanghai SouthCh - Nagoya,SEA,PILOT_TO_PILOT,3,302,220,4,5,TssOut,BtwSaki,30.94647898291907,123.65920025666324,91.17211388047747,15.0,75.51807648038138,767.9392300511687
303,Shanghai SouthCh - Nagoya,SEA,PILOT_TO_PILOT,3,303,221,4,5,TssOut,BtwSaki,30.946353759088975,123.66405445567595,91.17211388047747,15.0,75.76814977719661,767.6891567543535
304,Shanghai SouthCh - Nagoya,SEA,PILOT_TO_PILOT,3,304,222,4,5,TssOut,BtwSaki,30.946228353881576,123.6689086419572,91.17211388047747,15.0,76.01822307401184,767.4390834575382
305,Shanghai SouthCh - Nagoya,SEA,PILOT_TO_PILOT,3,305,223,4,5,TssOut,BtwSaki,30.946102767298274,123.67376281548866,91.17211388047747,15.0,76.26829637082707,767.189010160723
306,Shanghai SouthCh - Nagoya,SEA,PILOT_TO_PILOT,3,306,224,4,5,TssOut,BtwSaki,30.94597699934042,123.67861697625202,91.17211388047747,15.0,76.5183696676423,766.9389368639078
307,Shanghai SouthCh - Nagoya,SEA,PILOT_TO_PILOT,3,307,225,4,5,TssOut,BtwSaki,30.945851050009416,123.68347112422893,91.17211388047747,15.0,76.76844296445753,766.6888635670925
308,Shanghai SouthCh - Nagoya,SEA,PILOT_TO_PILOT,3,308,226,4,5,TssOut,BtwSaki,30.945724919306624,123.68832525940105,91.17211388047747,15.0,77.01851626127275,766.4387902702773
309,Shanghai SouthCh - Nagoya,SEA,PILOT_TO_PILOT,3,309,227,4,5,TssOut,BtwSaki,30.94559860723344,123.69317938175011,91.17211388047747,15.0,77.26858955808798,766.1887169734621
310,Shanghai SouthCh - Nagoya,SEA,PILOT_TO_PILOT,3,310,228,4,5,TssOut,BtwSaki,30.94547211379125,123.69803349125772,91.17211388047747,15.0,77.5186628549032,765.938643676647
311,Shanghai SouthCh - Nagoya,SEA,PILOT_TO_PILOT,3,311,229,4,5,TssOut,BtwSaki,30.945345438981448,123.7028875879056,91.17211388047747,15.0,77.76873615171843,765.6885703798316
312,Shanghai SouthCh - Nagoya,SEA,PILOT_TO_PILOT,3,312,230,4,5,TssOut,BtwSaki,30.945218582805413,123.70774167167535,91.17211388047747,15.0,78.01880944853366,765.4384970830165
313,Shanghai SouthCh - Nagoya,SEA,PILOT_TO_PILOT,3,313,231,4,5,TssOut,BtwSaki,30.945091545264543,123.71259574254873,91.17211388047747,15.0,78.26888274534889,765.1884237862012
314,Shanghai SouthCh - Nagoya,SEA,PILOT_TO_PILOT,3,314,232,4,5,TssOut,BtwSaki,30.94496432636023,123.71744980050737,91.17211388047747,15.0,78.51895604216412,764.938350489386
315,Shanghai SouthCh - Nagoya,SEA,PILOT_TO_PILOT,3,315,233,4,5,TssOut,BtwSaki,30.944836926093863,123.72230384553296,91.17211388047747,15.0,78.76902933897935,764.6882771925707
316,Shanghai SouthCh - Nagoya,SEA,PILOT_TO_PILOT,3,316,234,4,5,TssOut,BtwSaki,30.944709344466848,123.72715787760717,91.17211388047747,15.0,79.01910263579458,764.4382038957556
317,Shanghai SouthCh - Nagoya,SEA,PILOT_TO_PILOT,3,317,235,4,5,TssOut,BtwSaki,30.94458158148059,123.73201189671167,91.17211388047747,15.0,79.2691759326098,764.1881305989403
318,Shanghai SouthCh - Nagoya,SEA,PILOT_TO_PILOT,3,318,236,4,5,TssOut,BtwSaki,30.944453637136476,123.73686590282814,91.17211388047747,15.0,79.51924922942503,763.9380573021251
319,Shanghai SouthCh - Nagoya,SEA,PILOT_TO_PILOT,3,319,237,4,5,TssOut,BtwSaki,30.94432551143592,123.74171989593825,91.17211388047747,15.0,79.76932252624024,763.6879840053099
320,Shanghai SouthCh - Nagoya,SEA,PILOT_TO_PILOT,3,320,238,4,5,TssOut,BtwSaki,30.944197204380334,123.74657387602372,91.17211388047747,15.0,80.01939582305548,763.4379107084947
321,Shanghai SouthCh - Nagoya,SEA,PILOT_TO_PILOT,3,321,239,4,5,TssOut,BtwSaki,30.94406871597112,123.75142784306618,91.17211388047747,15.0,80.2694691198707,763.1878374116794
322,Shanghai SouthCh - Nagoya,SEA,PILOT_TO_PILOT,3,322,240,4,5,TssOut,BtwSaki,30.94394004620968,123.75628179704732,91.17211388047747,15.0,80.51954241668594,762.9377641148642
323,Shanghai SouthCh - Nagoya,SEA,PILOT_TO_PILOT,3,323,241,4,5,TssOut,BtwSaki,30.943811195097428,123.76113573794883,91.17211388047747,15.0,80.76961571350117,762.687690818049
324,Shanghai SouthCh - Nagoya,SEA,PILOT_TO_PILOT,3,324,242,4,5,TssOut,BtwSaki,30.94368216263579,123.76598966575239,91.17211388047747,15.0,81.0196890103164,762.4376175212337
325,Shanghai SouthCh - Nagoya,SEA,PILOT_TO_PILOT,3,325,243,4,5,TssOut,BtwSaki,30.943552948826174,123.77084358043966,91.17211388047747,15.0,81.26976230713163,762.1875442244185
326,Shanghai SouthCh - Nagoya,SEA,PILOT_TO_PILOT,3,326,244,4,5,TssOut,BtwSaki,30.943423553669994,123.77569748199234,91.17211388047747,15.0,81.51983560394685,761.9374709276033
327,Shanghai SouthCh - Nagoya,SEA,PILOT_TO_PILOT,3,327,245,4,5,TssOut,BtwSaki,30.94329397716867,123.78055137039213,91.17211388047747,15.0,81.76990890076208,761.687397630788
328,Shanghai SouthCh - Nagoya,SEA,PILOT_TO_PILOT,3,328,246,4,5,TssOut,BtwSaki,30.943164219323624,123.78540524562068,91.17211388047747,15.0,82.01998219757729,761.4373243339728
329,Shanghai SouthCh - Nagoya,SEA,PILOT_TO_PILOT,3,329,247,4,5,TssOut,BtwSaki,30.94303428013629,123.79025910765971,91.17211388047747,15.0,82.27005549439252,761.1872510371576
330,Shanghai SouthCh - Nagoya,SEA,PILOT_TO_PILOT,3,330,248,4,5,TssOut,BtwSaki,30.94290415960808,123.79511295649087,91.17211388047747,15.0,82.52012879120775,760.9371777403423
331,Shanghai SouthCh - Nagoya,SEA,PILOT_TO_PILOT,3,331,249,4,5,TssOut,BtwSaki,30.942773857740423,123.79996679209584,91.17211388047747,15.0,82.77020208802298,760.6871044435271
332,Shanghai SouthCh - Nagoya,SEA,PILOT_TO_PILOT,3,332,250,4,5,TssOut,BtwSaki,30.942643374534768,123.80482061445633,91.17211388047747,15.0,83.02027538483821,760.4370311467119
333,Shanghai SouthCh - Nagoya,SEA,PILOT_TO_PILOT,3,333,251,4,5,TssOut,BtwSaki,30.942512709992524,123.80967442355403,91.17211388047747,15.0,83.27034868165345,760.1869578498967
334,Shanghai SouthCh - Nagoya,SEA,PILOT_TO_PILOT,3,334,252,4,5,TssOut,BtwSaki,30.942381864115127,123.81452821937059,91.17211388047747,15.0,83.52042197846868,759.9368845530814
335,Shanghai SouthCh - Nagoya,SEA,PILOT_TO_PILOT,3,335,253,4,5,TssOut,BtwSaki,30.94225083690403,123.8193820018877,91.17211388047747,15.0,83.77049527528389,759.6868112562662
336,Shanghai SouthCh - Nagoya,SEA,PILOT_TO_PILOT,3,336,254,4,5,TssOut,BtwSaki,30.942119628360654,123.8242357710871,91.17211388047747,15.0,84.02056857209912,759.436737959451
337,Shanghai SouthCh - Nagoya,SEA,PILOT_TO_PILOT,3,337,255,4,5,TssOut,BtwSaki,30.941988238486445,123.82908952695045,91.17211388047747,15.0,84.27064186891434,759.1866646626357
338,Shanghai SouthCh - Nagoya,SEA,PILOT_TO_PILOT,3,338,256,4,5,TssOut,BtwSaki,30.941856667282835,123.83394326945941,91.17211388047747,15.0,84.52071516572957,758.9365913658205
339,Shanghai SouthCh - Nagoya,SEA,PILOT_TO_PILOT,3,339,257,4,5,TssOut,BtwSaki,30.941724914751273,123.83879699859568,91.17211388047747,15.0,84.7707884625448,758.6865180690053
340,Shanghai SouthCh - Nagoya,SEA,PILOT_TO_PILOT,3,340,258,4,5,TssOut,BtwSaki,30.941592980893216,123.843650714341,91.17211388047747,15.0,85.02086175936003,758.43644477219
341,Shanghai SouthCh - Nagoya,SEA,PILOT_TO_PILOT,3,341,259,4,5,TssOut,BtwSaki,30.941460865710095,123.84850441667699,91.17211388047747,15.0,85.27093505617526,758.1863714753748
342,Shanghai SouthCh - Nagoya,SEA,PILOT_TO_PILOT,3,342,260,4,5,TssOut,BtwSaki,30.941328569203364,123.85335810558539,91.17211388047747,15.0,85.52100835299049,757.9362981785596
343,Shanghai SouthCh - Nagoya,SEA,PILOT_TO_PILOT,3,343,261,4,5,TssOut,BtwSaki,30.941196091374486,123.85821178104786,91.17211388047747,15.0,85.77108164980572,757.6862248817444
344,Shanghai SouthCh - Nagoya,SEA,PILOT_TO_PILOT,3,344,262,4,5,TssOut,BtwSaki,30.941063432224897,123.86306544304608,91.17211388047747,15.0,86.02115494662095,757.4361515849291
345,Shanghai SouthCh - Nagoya,SEA,PILOT_TO_PILOT,3,345,263,4,5,TssOut,BtwSaki,30.940930591756064,123.8679190915618,91.17211388047747,15.0,86.27122824343616,757.186078288114
346,Shanghai SouthCh - Nagoya,SEA,PILOT_TO_PILOT,3,346,264,4,5,TssOut,BtwSaki,30.94079756996943,123.87277272657667,91.17211388047747,15.0,86.52130154025139,756.9360049912987
347,Shanghai SouthCh - Nagoya,SEA,PILOT_TO_PILOT,3,347,265,4,5,TssOut,BtwSaki,30.940664366866482,123.87762634807241,91.17211388047747,15.0,86.77137483706662,756.6859316944835
348,Shanghai SouthCh - Nagoya,SEA,PILOT_TO_PILOT,3,348,266,4,5,TssOut,BtwSaki,30.940530982448653,123.88247995603068,91.17211388047747,15.0,87.02144813388185,756.4358583976682
349,Shanghai SouthCh - Nagoya,SEA,PILOT_TO_PILOT,3,349,267,4,5,TssOut,BtwSaki,30.94039741671742,123.88733355043323,91.17211388047747,15.0,87.27152143069708,756.1857851008531
350,Shanghai SouthCh - Nagoya,SEA,PILOT_TO_PILOT,3,350,268,4,5,TssOut,BtwSaki,30.94026366967424,123.89218713126166,91.17211388047747,15.0,87.52159472751231,755.9357118040377
351,Shanghai SouthCh - Nagoya,SEA,PILOT_TO_PILOT,3,351,269,4,5,TssOut,BtwSaki,30.940129741320593,123.89704069849778,91.17211388047747,15.0,87.77166802432754,755.6856385072226
352,Shanghai SouthCh - Nagoya,SEA,PILOT_TO_PILOT,3,352,270,4,5,TssOut,BtwSaki,30.939995631657933,123.90189425212321,91.17211388047747,15.0,88.02174132114277,755.4355652104073
353,Shanghai SouthCh - Nagoya,SEA,PILOT_TO_PILOT,3,353,271,4,5,TssOut,BtwSaki,30.93986134068774,123.90674779211967,91.17211388047747,15.0,88.271814617958,755.1854919135922
354,Shanghai SouthCh - Nagoya,SEA,PILOT_TO_PILOT,3,354,272,4,5,TssOut,BtwSaki,30.939726868411494,123.91160131846885,91.17211388047747,15.0,88.5218879147732,754.9354186167769
355,Shanghai SouthCh - Nagoya,SEA,PILOT_TO_PILOT,3,355,273,4,5,TssOut,BtwSaki,30.93959221483066,123.91645483115248,91.17211388047747,15.0,88.77196121158843,754.6853453199617
356,Shanghai SouthCh - Nagoya,SEA,PILOT_TO_PILOT,3,356,274,4,5,TssOut,BtwSaki,30.93945737994671,123.9213083301522,91.17211388047747,15.0,89.02203450840366,754.4352720231465
357,Shanghai SouthCh - Nagoya,SEA,PILOT_TO_PILOT,3,357,275,4,5,TssOut,BtwSaki,30.939322363761132,123.92616181544977,91.17211388047747,15.0,89.2721078052189,754.1851987263312
358,Shanghai SouthCh - Nagoya,SEA,PILOT_TO_PILOT,3,358,276,4,5,TssOut,BtwSaki,30.93918716627541,123.93101528702687,91.17211388047747,15.0,89.52218110203412,753.935125429516
359,Shanghai SouthCh - Nagoya,SEA,PILOT_TO_PILOT,3,359,277,4,5,TssOut,BtwSaki,30.939051787491024,123.93586874486516,91.17211388047747,15.0,89.77225439884936,753.6850521327008
360,Shanghai SouthCh - Nagoya,SEA,PILOT_TO_PILOT,3,360,278,4,5,TssOut,BtwSaki,30.93891622740944,123.94072218894642,91.17211388047747,15.0,90.02232769566459,753.4349788358855
361,Shanghai SouthCh - Nagoya,SEA,PILOT_TO_PILOT,3,361,279,4,5,TssOut,BtwSaki,30.93878048603219,123.9455756192523,91.17211388047747,15.0,90.27240099247982,753.1849055390703
362,Shanghai SouthCh - Nagoya,SEA,PILOT_TO_PILOT,3,362,280,4,5,TssOut,BtwSaki,30.938644563360715,123.95042903576449,91.17211388047747,15.0,90.52247428929505,752.9348322422551
363,Shanghai SouthCh - Nagoya,SEA,PILOT_TO_PILOT,3,363,281,4,5,TssOut,BtwSaki,30.938508459396527,123.95528243846475,91.17211388047747,15.0,90.77254758611025,752.6847589454399
364,Shanghai SouthCh - Nagoya,SEA,PILOT_TO_PILOT,3,364,282,4,5,TssOut,BtwSaki,30.93837217414113,123.96013582733471,91.17211388047747,15.0,91.02262088292548,752.4346856486246
365,Shanghai SouthCh - Nagoya,SEA,PILOT_TO_PILOT,3,365,283,4,5,TssOut,BtwSaki,30.938235707595993,123.96498920235615,91.17211388047747,15.0,91.27269417974071,752.1846123518094
366,Shanghai SouthCh - Nagoya,SEA,PILOT_TO_PILOT,3,366,284,4,5,TssOut,BtwSaki,30.938099059762628,123.96984256351071,91.17211388047747,15.0,91.52276747655594,751.9345390549942
367,Shanghai SouthCh - Nagoya,SEA,PILOT_TO_PILOT,3,367,285,4,5,TssOut,BtwSaki,30.93796223064254,123.97469591078014,91.17211388047747,15.0,91.77284077337117,751.6844657581789
368,Shanghai SouthCh - Nagoya,SEA,PILOT_TO_PILOT,3,368,286,4,5,TssOut,BtwSaki,30.937825220237208,123.97954924414614,91.17211388047747,15.0,92.0229140701864,751.4343924613637
369,Shanghai SouthCh - Nagoya,SEA,PILOT_TO_PILOT,3,369,287,4,5,TssOut,BtwSaki,30.93768802854816,123.9844025635904,91.17211388047747,15.0,92.27298736700163,751.1843191645485
370,Shanghai SouthCh - Nagoya,SEA,PILOT_TO_PILOT,3,370,288,4,5,TssOut,BtwSaki,30.93755065557689,123.98925586909463,91.17211388047747,15.0,92.52306066381686,750.9342458677332
371,Shanghai SouthCh - Nagoya,SEA,PILOT_TO_PILOT,3,371,289,4,5,TssOut,BtwSaki,30.9374131013249,123.99410916064053,91.17211388047747,15.0,92.7731339606321,750.684172570918
372,Shanghai SouthCh - Nagoya,SEA,PILOT_TO_PILOT,3,372,290,4,5,TssOut,BtwSaki,30.937275365793703,123.99896243820987,91.17211388047747,15.0,93.0232072574473,750.4340992741028
373,Shanghai SouthCh - Nagoya,SEA,PILOT_TO_PILOT,3,373,291,4,5,TssOut,BtwSaki,30.937137448984807,124.00381570178429,91.17211388047747,15.0,93.27328055426253,750.1840259772875
374,Shanghai SouthCh - Nagoya,SEA,PILOT_TO_PILOT,3,374,292,4,5,TssOut,BtwSaki,30.93699935089973,124.0086689513455,91.17211388047747,15.0,93.52335385107776,749.9339526804723
375,Shanghai SouthCh - Nagoya,SEA,PILOT_TO_PILOT,3,375,293,4,5,TssOut,BtwSaki,30.936861071539976,124.01352218687525,91.17211388047747,15.0,93.77342714789299,749.6838793836571
376,Shanghai SouthCh - Nagoya,SEA,PILOT_TO_PILOT,3,376,294,4,5,TssOut,BtwSaki,30.936722610907083,124.01837540835524,91.17211388047747,15.0,94.02350044470822,749.4338060868419
377,Shanghai SouthCh - Nagoya,SEA,PILOT_TO_PILOT,3,377,295,4,5,TssOut,BtwSaki,30.936583969002545,124.02322861576718,91.17211388047747,15.0,94.27357374152345,749.1837327900266
378,Shanghai SouthCh - Nagoya,SEA,PILOT_TO_PILOT,3,378,296,4,5,TssOut,BtwSaki,30.936445145827904,124.02808180909277,91.17211388047747,15.0,94.52364703833868,748.9336594932114
379,Shanghai SouthCh - Nagoya,SEA,PILOT_TO_PILOT,3,379,297,4,5,TssOut,BtwSaki,30.93630614138466,124.03293498831376,91.17211388047747,15.0,94.77372033515391,748.6835861963962
380,Shanghai SouthCh - Nagoya,SEA,PILOT_TO_PILOT,3,380,298,4,5,TssOut,BtwSaki,30.93616695567436,124.0377881534118,91.17211388047747,15.0,95.02379363196914,748.4335128995809
381,Shanghai SouthCh - Nagoya,SEA,PILOT_TO_PILOT,3,381,299,4,5,TssOut,BtwSaki,30.936027588698508,124.04264130436863,91.17211388047747,15.0,95.27386692878434,748.1834396027657
382,Shanghai SouthCh - Nagoya,SEA,PILOT_TO_PILOT,3,382,300,4,5,TssOut,BtwSaki,30.935888040458657,124.047494441166,91.17211388047747,15.0,95.52394022559957,747.9333663059506
383,Shanghai SouthCh - Nagoya,SEA,PILOT_TO_PILOT,3,383,301,4,5,TssOut,BtwSaki,30.93574831095632,124.05234756378559,91.17211388047747,15.0,95.7740135224148,747.6832930091352
384,Shanghai SouthCh - Nagoya,SEA,PILOT_TO_PILOT,3,384,302,4,5,TssOut,BtwSaki,30.935608400193022,124.05720067220915,91.17211388047747,15.0,96.02408681923004,747.4332197123201
385,Shanghai SouthCh - Nagoya,SEA,PILOT_TO_PILOT,3,385,303,4,5,TssOut,BtwSaki,30.935468308170318,124.06205376641836,91.17211388047747,15.0,96.27416011604527,747.1831464155048
386,Shanghai SouthCh - Nagoya,SEA,PILOT_TO_PILOT,3,386,304,4,5,TssOut,BtwSaki,30.935328034889746,124.06690684639493,91.17211388047747,15.0,96.5242334128605,746.9330731186897
387,Shanghai SouthCh - Nagoya,SEA,PILOT_TO_PILOT,3,387,305,4,5,TssOut,BtwSaki,30.93518758035282,124.07175991212061,91.17211388047747,15.0,96.77430670967573,746.6829998218743
388,Shanghai SouthCh - Nagoya,SEA,PILOT_TO_PILOT,3,388,306,4,5,TssOut,BtwSaki,30.935046944561105,124.07661296357713,91.17211388047747,15.0,97.02438000649096,746.4329265250592
389,Shanghai SouthCh - Nagoya,SEA,PILOT_TO_PILOT,3,389,307,4,5,TssOut,BtwSaki,30.934906127516122,124.08146600074618,91.17211388047747,15.0,97.27445330330619,746.1828532282439
390,Shanghai SouthCh - Nagoya,SEA,PILOT_TO_PILOT,3,390,308,4,5,TssOut,BtwSaki,30.934765129219432,124.08631902360945,91.17211388047747,15.0,97.52452660012139,745.9327799314287
391,Shanghai SouthCh - Nagoya,SEA,PILOT_TO_PILOT,3,391,309,4,5,TssOut,BtwSaki,30.934623949672574,124.09117203214873,91.17211388047747,15.0,97.77459989693662,745.6827066346135
392,Shanghai SouthCh - Nagoya,SEA,PILOT_TO_PILOT,3,392,310,4,5,TssOut,BtwSaki,30.934482588877096,124.09602502634573,91.17211388047747,15.0,98.02467319375185,745.4326333377983
393,Shanghai SouthCh - Nagoya,SEA,PILOT_TO_PILOT,3,393,311,4,5,TssOut,BtwSaki,30.93434104683455,124.10087800618211,91.17211388047747,15.0,98.27474649056708,745.182560040983
394,Shanghai SouthCh - Nagoya,SEA,PILOT_TO_PILOT,3,394,312,4,5,TssOut,BtwSaki,30.934199323546483,124.10573097163966,91.17211388047747,15.0,98.52481978738231,744.9324867441678
395,Shanghai SouthCh - Nagoya,SEA,PILOT_TO_PILOT,3,395,313,4,5,TssOut,BtwSaki,30.934057419014458,124.11058392270006,91.17211388047747,15.0,98.77489308419754,744.6824134473526
396,Shanghai SouthCh - Nagoya,SEA,PILOT_TO_PILOT,3,396,314,4,5,TssOut,BtwSaki,30.933915333240023,124.11543685934504,91.17211388047747,15.0,99.02496638101277,744.4323401505374
397,Shanghai SouthCh - Nagoya,SEA,PILOT_TO_PILOT,3,397,315,4,5,TssOut,BtwSaki,30.933773066224738,124.12028978155637,91.17211388047747,15.0,99.275039677828,744.1822668537221
398,Shanghai SouthCh - Nagoya,SEA,PILOT_TO_PILOT,3,398,316,4,5,TssOut,BtwSaki,30.93363061797017,124.12514268931571,91.17211388047747,15.0,99.52511297464324,743.9321935569069
399,Shanghai SouthCh - Nagoya,SEA,PILOT_TO_PILOT,3,399,317,4,5,TssOut,BtwSaki,30.93348798847788,124.12999558260482,91.17211388047747,15.0,99.77518627145844,743.6821202600917
400,Shanghai SouthCh - Nagoya,SEA,PILOT_TO_PILOT,3,400,318,4,5,TssOut,BtwSaki,30.93334517774942,124.13484846140543,91.17211388047747,15.0,100.02525956827367,743.4320469632764
401,Shanghai SouthCh - Nagoya,SEA,PILOT_TO_PILOT,3,401,319,4,5,TssOut,BtwSaki,30.933202185786357,124.13970132569926,91.17211388047747,15.0,100.2753328650889,743.1819736664612
402,Shanghai SouthCh - Nagoya,SEA,PILOT_TO_PILOT,3,402,320,4,5,TssOut,BtwSaki,30.933059012590284,124.14455417546803,91.17211388047747,15.0,100.52540616190413,742.931900369646
403,Shanghai SouthCh - Nagoya,SEA,PILOT_TO_PILOT,3,403,321,4,5,TssOut,BtwSaki,30.932915658162738,124.14940701069347,91.17211388047747,15.0,100.77547945871936,742.6818270728307
404,Shanghai SouthCh - Nagoya,SEA,PILOT_TO_PILOT,3,404,322,4,5,TssOut,BtwSaki,30.93277212250531,124.15425983135731,91.17211388047747,15.0,101.02555275553459,742.4317537760155
405,Shanghai SouthCh - Nagoya,SEA,PILOT_TO_PILOT,3,405,323,4,5,TssOut,BtwSaki,30.93262840561956,124.15911263744128,91.17211388047747,15.0,101.27562605234982,742.1816804792003
406,Shanghai SouthCh - Nagoya,SEA,PILOT_TO_PILOT,3,406,324,4,5,TssOut,BtwSaki,30.932484507507077,124.16396542892713,91.17211388047747,15.0,101.52569934916505,741.931607182385
407,Shanghai SouthCh - Nagoya,SEA,PILOT_TO_PILOT,3,407,325,4,5,TssOut,BtwSaki,30.932340428169447,124.16881820579657,91.17211388047747,15.0,101.77577264598028,741.6815338855698
408,Shanghai SouthCh - Nagoya,SEA,PILOT_TO_PILOT,3,408,326,4,5,TssOut,BtwSaki,30.932196167608225,124.17367096803133,91.17211388047747,15.0,102.02584594279548,741.4314605887546
409,Shanghai SouthCh - Nagoya,SEA,PILOT_TO_PILOT,3,409,327,4,5,TssOut,BtwSaki,30.932051725825005,124.17852371561312,91.17211388047747,15.0,102.27591923961072,741.1813872919394
410,Shanghai SouthCh - Nagoya,SEA,PILOT_TO_PILOT,3,410,328,4,5,TssOut,BtwSaki,30.931907102821373,124.18337644852373,91.17211388047747,15.0,102.52599253642595,740.9313139951241
411,Shanghai SouthCh - Nagoya,SEA,PILOT_TO_PILOT,3,411,329,4,5,TssOut,BtwSaki,30.93176229859891,124.18822916674486,91.17211388047747,15.0,102.77606583324118,740.6812406983089
412,Shanghai SouthCh - Nagoya,SEA,PILOT_TO_PILOT,3,412,330,4,5,TssOut,BtwSaki,30.931617313159204,124.19308187025824,91.17211388047747,15.0,103.02613913005641,740.4311674014937
413,Shanghai SouthCh - Nagoya,SEA,PILOT_TO_PILOT,3,413,331,4,5,TssOut,BtwSaki,30.931472146503857,124.19793455904559,91.17211388047747,15.0,103.27621242687164,740.1810941046784
414,Shanghai SouthCh - Nagoya,SEA,PILOT_TO_PILOT,3,414,332,4,5,TssOut,BtwSaki,30.931326798634437,124.20278723308869,91.17211388047747,15.0,103.52628572368687,739.9310208078632
415,Shanghai SouthCh - Nagoya,SEA,PILOT_TO_PILOT,3,415,333,4,5,TssOut,BtwSaki,30.931181269552567,124.20763989236926,91.17211388047747,15.0,103.7763590205021,739.680947511048
416,Shanghai SouthCh - Nagoya,SEA,PILOT_TO_PILOT,3,416,334,4,5,TssOut,BtwSaki,30.931035559259804,124.21249253686902,91.17211388047747,15.0,104.02643231731733,739.4308742142327
417,Shanghai SouthCh - Nagoya,SEA,PILOT_TO_PILOT,3,417,335,4,5,TssOut,BtwSaki,30.930889667757786,124.21734516656971,91.17211388047747,15.0,104.27650561413253,739.1808009174176
418,Shanghai SouthCh - Nagoya,SEA,PILOT_TO_PILOT,3,418,336,4,5,TssOut,BtwSaki,30.93074359504809,124.22219778145306,91.17211388047747,15.0,104.52657891094776,738.9307276206023
419,Shanghai SouthCh - Nagoya,SEA,PILOT_TO_PILOT,3,419,337,4,5,TssOut,BtwSaki,30.930597341132312,124.22705038150085,91.17211388047747,15.0,104.776652207763,738.6806543237872
420,Shanghai SouthCh - Nagoya,SEA,PILOT_TO_PILOT,3,420,338,4,5,TssOut,BtwSaki,30.930450906012076,124.23190296669476,91.17211388047747,15.0,105.02672550457822,738.4305810269718
421,Shanghai SouthCh - Nagoya,SEA,PILOT_TO_PILOT,3,421,339,4,5,TssOut,BtwSaki,30.93030428968897,124.23675553701658,91.17211388047747,15.0,105.27679880139345,738.1805077301567
422,Shanghai SouthCh - Nagoya,SEA,PILOT_TO_PILOT,3,422,340,4,5,TssOut,BtwSaki,30.930157492164618,124.24160809244805,91.17211388047747,15.0,105.52687209820868,737.9304344333414
423,Shanghai SouthCh - Nagoya,SEA,PILOT_TO_PILOT,3,423,341,4,5,TssOut,BtwSaki,30.930010513440603,124.24646063297084,91.17211388047747,15.0,105.77694539502392,737.6803611365262
424,Shanghai SouthCh - Nagoya,SEA,PILOT_TO_PILOT,3,424,342,4,5,TssOut,BtwSaki,30.929863353518567,124.25131315856679,91.17211388047747,15.0,106.02701869183915,737.4302878397109
425,Shanghai SouthCh - Nagoya,SEA,PILOT_TO_PILOT,3,425,343,4,5,TssOut,BtwSaki,30.929716012400107,124.25616566921757,91.17211388047747,15.0,106.27709198865438,737.1802145428958
426,Shanghai SouthCh - Nagoya,SEA,PILOT_TO_PILOT,3,426,344,4,5,TssOut,BtwSaki,30.92956849008683,124.26101816490495,91.17211388047747,15.0,106.52716528546958,736.9301412460806
427,Shanghai SouthCh - Nagoya,SEA,PILOT_TO_PILOT,3,427,345,4,5,TssOut,BtwSaki,30.929420786580366,124.26587064561068,91.17211388047747,15.0,106.77723858228481,736.6800679492653
428,Shanghai SouthCh - Nagoya,SEA,PILOT_TO_PILOT,3,428,346,4,5,TssOut,BtwSaki,30.929272901882335,124.2707231113165,91.17211388047747,15.0,107.02731187910004,736.4299946524501
429,Shanghai SouthCh - Nagoya,SEA,PILOT_TO_PILOT,3,429,347,4,5,TssOut,BtwSaki,30.92912483599435,124.27557556200412,91.17211388047747,15.0,107.27738517591527,736.1799213556349
430,Shanghai SouthCh - Nagoya,SEA,PILOT_TO_PILOT,3,430,348,4,5,TssOut,BtwSaki,30.928976588918037,124.28042799765537,91.17211388047747,15.0,107.5274584727305,735.9298480588196
431,Shanghai SouthCh - Nagoya,SEA,PILOT_TO_PILOT,3,431,349,4,5,TssOut,BtwSaki,30.92882816065504,124.28528041825192,91.17211388047747,15.0,107.77753176954573,735.6797747620044
432,Shanghai SouthCh - Nagoya,SEA,PILOT_TO_PILOT,3,432,350,4,5,TssOut,BtwSaki,30.928679551206947,124.29013282377554,91.17211388047747,15.0,108.02760506636096,735.4297014651892
433,Shanghai SouthCh - Nagoya,SEA,PILOT_TO_PILOT,3,433,351,4,5,TssOut,BtwSaki,30.928530760575423,124.29498521420795,91.17211388047747,15.0,108.2776783631762,735.1796281683739
434,Shanghai SouthCh - Nagoya,SEA,PILOT_TO_PILOT,3,434,352,4,5,TssOut,BtwSaki,30.928381788762078,124.29983758953097,91.17211388047747,15.0,108.52775165999142,734.9295548715587
435,Shanghai SouthCh - Nagoya,SEA,PILOT_TO_PILOT,3,435,353,4,5,TssOut,BtwSaki,30.928232635768552,124.3046899497263,91.17211388047747,15.0,108.77782495680663,734.6794815747435
436,Shanghai SouthCh - Nagoya,SEA,PILOT_TO_PILOT,3,436,354,4,5,TssOut,BtwSaki,30.928083301596484,124.30954229477567,91.17211388047747,15.0,109.02789825362186,734.4294082779282
437,Shanghai SouthCh - Nagoya,SEA,PILOT_TO_PILOT,3,437,355,4,5,TssOut,BtwSaki,30.927933786247504,124.31439462466086,91.17211388047747,15.0,109.27797155043709,734.179334981113
438,Shanghai SouthCh - Nagoya,SEA,PILOT_TO_PILOT,3,438,356,4,5,TssOut,BtwSaki,30.927784089723257,124.31924693936362,91.17211388047747,15.0,109.52804484725232,733.9292616842978
439,Shanghai SouthCh - Nagoya,SEA,PILOT_TO_PILOT,3,439,357,4,5,TssOut,BtwSaki,30.927634212025374,124.32409923886571,91.17211388047747,15.0,109.77811814406755,733.6791883874826
440,Shanghai SouthCh - Nagoya,SEA,PILOT_TO_PILOT,3,440,358,4,5,TssOut,BtwSaki,30.927484153155504,124.32895152314886,91.17211388047747,15.0,110.02819144088278,733.4291150906673
441,Shanghai SouthCh - Nagoya,SEA,PILOT_TO_PILOT,3,441,359,4,5,TssOut,BtwSaki,30.92733391311531,124.33380379219483,91.17211388047747,15.0,110.27826473769801,733.1790417938521
442,Shanghai SouthCh - Nagoya,SEA,PILOT_TO_PILOT,3,442,360,4,5,TssOut,BtwSaki,30.927183491906398,124.33865604598537,91.17211388047747,15.0,110.52833803451324,732.9289684970369
443,Shanghai SouthCh - Nagoya,SEA,PILOT_TO_PILOT,3,443,361,4,5,TssOut,BtwSaki,30.92703288953045,124.34350828450225,91.17211388047747,15.0,110.77841133132847,732.6788952002216
444,Shanghai SouthCh - Nagoya,SEA,PILOT_TO_PILOT,3,444,362,4,5,TssOut,BtwSaki,30.926882105989105,124.34836050772722,91.17211388047747,15.0,111.02848462814367,732.4288219034064
445,Shanghai SouthCh - Nagoya,SEA,PILOT_TO_PILOT,3,445,363,4,5,TssOut,BtwSaki,30.926731141284016,124.35321271564203,91.17211388047747,15.0,111.2785579249589,732.1787486065912
446,Shanghai SouthCh - Nagoya,SEA,PILOT_TO_PILOT,3,446,364,4,5,TssOut,BtwSaki,30.926579995416837,124.35806490822844,91.17211388047747,15.0,111.52863122177413,731.9286753097759
447,Shanghai SouthCh - Nagoya,SEA,PILOT_TO_PILOT,3,447,365,4,5,TssOut,BtwSaki,30.926428668389228,124.36291708546818,91.17211388047747,15.0,111.77870451858936,731.6786020129607
448,Shanghai SouthCh - Nagoya,SEA,PILOT_TO_PILOT,3,448,366,4,5,TssOut,BtwSaki,30.92627716020286,124.36776924734305,91.17211388047747,15.0,112.0287778154046,731.4285287161455
449,Shanghai SouthCh - Nagoya,SEA,PILOT_TO_PILOT,3,449,367,4,5,TssOut,BtwSaki,30.926125470859365,124.37262139383479,91.17211388047747,15.0,112.27885111221983,731.1784554193302
450,Shanghai SouthCh - Nagoya,SEA,PILOT_TO_PILOT,3,450,368,4,5,TssOut,BtwSaki,30.92597360036042,124.37747352492516,91.17211388047747,15.0,112.52892440903506,730.928382122515
451,Shanghai SouthCh - Nagoya,SEA,PILOT_TO_PILOT,3,451,369,4,5,TssOut,BtwSaki,30.92582154870769,124.38232564059591,91.17211388047747,15.0,112.77899770585029,730.6783088256998
452,Shanghai SouthCh - Nagoya,SEA,PILOT_TO_PILOT,3,452,370,4,5,TssOut,BtwSaki,30.925669315902844,124.38717774082882,91.17211388047747,15.0,113.02907100266552,730.4282355288846
453,Shanghai SouthCh - Nagoya,SEA,PILOT_TO_PILOT,3,453,371,4,5,TssOut,BtwSaki,30.92551690194755,124.39202982560565,91.17211388047747,15.0,113.27914429948072,730.1781622320693
454,Shanghai SouthCh - Nagoya,SEA,PILOT_TO_PILOT,3,454,372,4,5,TssOut,BtwSaki,30.92536430684347,124.39688189490812,91.17211388047747,15.0,113.52921759629595,729.9280889352542
455,Shanghai SouthCh - Nagoya,SEA,PILOT_TO_PILOT,3,455,373,4,5,TssOut,BtwSaki,30.925211530592286,124.40173394871805,91.17211388047747,15.0,113.77929089311118,729.6780156384389
456,Shanghai SouthCh - Nagoya,SEA,PILOT_TO_PILOT,3,456,374,4,5,TssOut,BtwSaki,30.925058573195663,124.40658598701717,91.17211388047747,15.0,114.02936418992641,729.4279423416237
457,Shanghai SouthCh - Nagoya,SEA,PILOT_TO_PILOT,3,457,375,4,5,TssOut,BtwSaki,30.924905434655294,124.41143800978723,91.17211388047747,15.0,114.27943748674164,729.1778690448084
458,Shanghai SouthCh - Nagoya,SEA,PILOT_TO_PILOT,3,458,376,4,5,TssOut,BtwSaki,30.924752114972836,124.41629001701004,91.17211388047747,15.0,114.52951078355687,728.9277957479933
459,Shanghai SouthCh - Nagoya,SEA,PILOT_TO_PILOT,3,459,377,4,5,TssOut,BtwSaki,30.924598614149993,124.42114200866733,91.17211388047747,15.0,114.7795840803721,728.6777224511779
460,Shanghai SouthCh - Nagoya,SEA,PILOT_TO_PILOT,3,460,378,4,5,TssOut,BtwSaki,30.924444932188422,124.4259939847409,91.17211388047747,15.0,115.02965737718733,728.4276491543628
461,Shanghai SouthCh - Nagoya,SEA,PILOT_TO_PILOT,3,461,379,4,5,TssOut,BtwSaki,30.924291069089815,124.43084594521245,91.17211388047747,15.0,115.27973067400256,728.1775758575475
462,Shanghai SouthCh - Nagoya,SEA,PILOT_TO_PILOT,3,462,380,4,5,TssOut,BtwSaki,30.924137024855877,124.4356978900638,91.17211388047747,15.0,115.52980397081777,727.9275025607324
463,Shanghai SouthCh - Nagoya,SEA,PILOT_TO_PILOT,3,463,381,4,5,TssOut,BtwSaki,30.923982799488268,124.44054981927671,91.17211388047747,15.0,115.779877267633,727.6774292639171
464,Shanghai SouthCh - Nagoya,SEA,PILOT_TO_PILOT,3,464,382,4,5,TssOut,BtwSaki,30.9238283929887,124.44540173283298,91.17211388047747,15.0,116.02995056444823,727.4273559671019
465,Shanghai SouthCh - Nagoya,SEA,PILOT_TO_PILOT,3,465,383,4,5,TssOut,BtwSaki,30.923673805358852,124.4502536307143,91.17211388047747,15.0,116.28002386126346,727.1772826702867
466,Shanghai SouthCh - Nagoya,SEA,PILOT_TO_PILOT,3,466,384,4,5,TssOut,BtwSaki,30.923519036600425,124.4551055129025,91.17211388047747,15.0,116.53009715807869,726.9272093734714
467,Shanghai SouthCh - Nagoya,SEA,PILOT_TO_PILOT,3,467,385,4,5,TssOut,BtwSaki,30.92336408671511,124.45995737937933,91.17211388047747,15.0,116.78017045489392,726.6771360766562
468,Shanghai SouthCh - Nagoya,SEA,PILOT_TO_PILOT,3,468,386,4,5,TssOut,BtwSaki,30.923208955704613,124.46480923012656,91.17211388047747,15.0,117.03024375170915,726.427062779841
469,Shanghai SouthCh - Nagoya,SEA,PILOT_TO_PILOT,3,469,387,4,5,TssOut,BtwSaki,30.923053643570626,124.46966106512598,91.17211388047747,15.0,117.28031704852438,726.1769894830257
470,Shanghai SouthCh - Nagoya,SEA,PILOT_TO_PILOT,3,470,388,4,5,TssOut,BtwSaki,30.922898150314854,124.47451288435936,91.17211388047747,15.0,117.53039034533961,725.9269161862105
471,Shanghai SouthCh - Nagoya,SEA,PILOT_TO_PILOT,3,471,389,4,5,TssOut,BtwSaki,30.922742475939003,124.47936468780846,91.17211388047747,15.0,117.78046364215481,725.6768428893953
472,Shanghai SouthCh - Nagoya,SEA,PILOT_TO_PILOT,3,472,390,4,5,TssOut,BtwSaki,30.922586620444772,124.48421647545503,91.17211388047747,15.0,118.03053693897004,725.4267695925801
473,Shanghai SouthCh - Nagoya,SEA,PILOT_TO_PILOT,3,473,391,4,5,TssOut,BtwSaki,30.922430583833872,124.4890682472809,91.17211388047747,15.0,118.28061023578528,725.1766962957648
474,Shanghai SouthCh - Nagoya,SEA,PILOT_TO_PILOT,3,474,392,4,5,TssOut,BtwSaki,30.92227436610802,124.4939200032678,91.17211388047747,15.0,118.5306835326005,724.9266229989496
475,Shanghai SouthCh - Nagoya,SEA,PILOT_TO_PILOT,3,475,393,4,5,TssOut,BtwSaki,30.92211796726892,124.49877174339755,91.17211388047747,15.0,118.78075682941574,724.6765497021344
476,Shanghai SouthCh - Nagoya,SEA,PILOT_TO_PILOT,3,476,394,4,5,TssOut,BtwSaki,30.92196138731829,124.50362346765188,91.17211388047747,15.0,119.03083012623097,724.4264764053191
477,Shanghai SouthCh - Nagoya,SEA,PILOT_TO_PILOT,3,477,395,4,5,TssOut,BtwSaki,30.92180462625784,124.50847517601257,91.17211388047747,15.0,119.2809034230462,724.1764031085039
478,Shanghai SouthCh - Nagoya,SEA,PILOT_TO_PILOT,3,478,396,4,5,TssOut,BtwSaki,30.921647684089283,124.51332686846143,91.17211388047747,15.0,119.53097671986143,723.9263298116887
479,Shanghai SouthCh - Nagoya,SEA,PILOT_TO_PILOT,3,479,397,4,5,TssOut,BtwSaki,30.921490560814355,124.51817854498024,91.17211388047747,15.0,119.78105001667666,723.6762565148734
480,Shanghai SouthCh - Nagoya,SEA,PILOT_TO_PILOT,3,480,398,4,5,TssOut,BtwSaki,30.921333256434767,124.52303020555077,91.17211388047747,15.0,120.03112331349186,723.4261832180582
481,Shanghai SouthCh - Nagoya,SEA,PILOT_TO_PILOT,3,481,399,4,5,TssOut,BtwSaki,30.921175770952246,124.52788185015477,91.17211388047747,15.0,120.28119661030709,723.176109921243
482,Shanghai SouthCh - Nagoya,SEA,PILOT_TO_PILOT,3,482,400,4,5,TssOut,BtwSaki,30.921018104368517,124.53273347877405,91.17211388047747,15.0,120.53126990712232,722.9260366244278
483,Shanghai SouthCh - Nagoya,SEA,PILOT_TO_PILOT,3,483,401,4,5,TssOut,BtwSaki,30.920860256685305,124.53758509139037,91.17211388047747,15.0,120.78134320393755,722.6759633276125
484,Shanghai SouthCh - Nagoya,SEA,PILOT_TO_PILOT,3,484,402,4,5,TssOut,BtwSaki,30.92070222790435,124.54243668798556,91.17211388047747,15.0,121.03141650075278,722.4258900307973
485,Shanghai SouthCh - Nagoya,SEA,PILOT_TO_PILOT,3,485,403,4,5,TssOut,BtwSaki,30.920544018027364,124.54728826854137,91.17211388047747,15.0,121.28148979756801,722.1758167339821
486,Shanghai SouthCh - Nagoya,SEA,PILOT_TO_PILOT,3,486,404,4,5,TssOut,BtwSaki,30.92038562705609,124.55213983303956,91.17211388047747,15.0,121.53156309438324,721.9257434371668
487,Shanghai SouthCh - Nagoya,SEA,PILOT_TO_PILOT,3,487,405,4,5,TssOut,BtwSaki,30.920227054992267,124.55699138146196,91.17211388047747,15.0,121.78163639119848,721.6756701403516
488,Shanghai SouthCh - Nagoya,SEA,PILOT_TO_PILOT,3,488,406,4,5,TssOut,BtwSaki,30.920068301837635,124.56184291379033,91.17211388047747,15.0,122.0317096880137,721.4255968435364
489,Shanghai SouthCh - Nagoya,SEA,PILOT_TO_PILOT,3,489,407,4,5,TssOut,BtwSaki,30.919909367593924,124.56669443000645,91.17211388047747,15.0,122.28178298482891,721.1755235467213
490,Shanghai SouthCh - Nagoya,SEA,PILOT_TO_PILOT,3,490,408,4,5,TssOut,BtwSaki,30.91975025226288,124.57154593009214,91.17211388047747,15.0,122.53185628164414,720.9254502499059
491,Shanghai SouthCh - Nagoya,SEA,PILOT_TO_PILOT,3,491,409,4,5,TssOut,BtwSaki,30.919590955846246,124.57639741402915,91.17211388047747,15.0,122.78192957845937,720.6753769530908
492,Shanghai SouthCh - Nagoya,SEA,PILOT_TO_PILOT,3,492,410,4,5,TssOut,BtwSaki,30.919431478345768,124.58124888179928,91.17211388047747,15.0,123.0320028752746,720.4253036562754
493,Shanghai SouthCh - Nagoya,SEA,PILOT_TO_PILOT,3,493,411,4,5,TssOut,BtwSaki,30.91927181976319,124.58610033338432,91.17211388047747,15.0,123.28207617208983,720.1752303594603
494,Shanghai SouthCh - Nagoya,SEA,PILOT_TO_PILOT,3,494,412,4,5,TssOut,BtwSaki,30.919111980100265,124.59095176876608,91.17211388047747,15.0,123.53214946890506,719.925157062645
495,Shanghai SouthCh - Nagoya,SEA,PILOT_TO_PILOT,3,495,413,4,5,TssOut,BtwSaki,30.91895195935874,124.59580318792631,91.17211388047747,15.0,123.78222276572029,719.6750837658299
496,Shanghai SouthCh - Nagoya,SEA,PILOT_TO_PILOT,3,496,414,4,5,TssOut,BtwSaki,30.918791757540372,124.60065459084683,91.17211388047747,15.0,124.03229606253552,719.4250104690145
497,Shanghai SouthCh - Nagoya,SEA,PILOT_TO_PILOT,3,497,415,4,5,TssOut,BtwSaki,30.91863137464691,124.60550597750941,91.17211388047747,15.0,124.28236935935075,719.1749371721994
498,Shanghai SouthCh - Nagoya,SEA,PILOT_TO_PILOT,3,498,416,4,5,TssOut,BtwSaki,30.918470810680123,124.61035734789589,91.17211388047747,15.0,124.53244265616595,718.9248638753842
499,Shanghai SouthCh - Nagoya,SEA,PILOT_TO_PILOT,3,499,417,4,5,TssOut,BtwSaki,30.91831006564176,124.61520870198798,91.17211388047747,15.0,124.78251595298119,718.674790578569
500,Shanghai SouthCh - Nagoya,SEA,PILOT_TO_PILOT,3,500,418,4,5,TssOut,BtwSaki,30.918149139533586,124.62006003976757,91.17211388047747,15.0,125.03258924979642,718.4247172817537
501,Shanghai SouthCh - Nagoya,SEA,PILOT_TO_PILOT,3,501,419,4,5,TssOut,BtwSaki,30.917988032357353,124.62491136121638,91.17211388047747,15.0,125.28266254661165,718.1746439849385
502,Shanghai SouthCh - Nagoya,SEA,PILOT_TO_PILOT,3,502,420,4,5,TssOut,BtwSaki,30.917826744114848,124.62976266631621,91.17211388047747,15.0,125.53273584342688,717.9245706881233
503,Shanghai SouthCh - Nagoya,SEA,PILOT_TO_PILOT,3,503,421,4,5,TssOut,BtwSaki,30.917665274807813,124.63461395504889,91.17211388047747,15.0,125.78280914024211,717.674497391308
504,Shanghai SouthCh - Nagoya,SEA,PILOT_TO_PILOT,3,504,422,4,5,TssOut,BtwSaki,30.917503624438037,124.63946522739623,91.17211388047747,15.0,126.03288243705734,717.4244240944928
505,Shanghai SouthCh - Nagoya,SEA,PILOT_TO_PILOT,3,505,423,4,5,TssOut,BtwSaki,30.917341793007278,124.64431648333996,91.17211388047747,15.0,126.28295573387257,717.1743507976776
506,Shanghai SouthCh - Nagoya,SEA,PILOT_TO_PILOT,3,506,424,4,5,TssOut,BtwSaki,30.917179780517323,124.64916772286196,91.17211388047747,15.0,126.5330290306878,716.9242775008623
507,Shanghai SouthCh - Nagoya,SEA,PILOT_TO_PILOT,3,507,425,4,5,TssOut,BtwSaki,30.917017586969926,124.65401894594395,91.17211388047747,15.0,126.783102327503,716.6742042040471
508,Shanghai SouthCh - Nagoya,SEA,PILOT_TO_PILOT,3,508,426,4,5,TssOut,BtwSaki,30.916855212366876,124.65887015256779,91.17211388047747,15.0,127.03317562431823,716.4241309072319
509,Shanghai SouthCh - Nagoya,SEA,PILOT_TO_PILOT,3,509,427,4,5,TssOut,BtwSaki,30.91669265670996,124.66372134271523,91.17211388047747,15.0,127.28324892113346,716.1740576104166
510,Shanghai SouthCh - Nagoya,SEA,PILOT_TO_PILOT,3,510,428,4,5,TssOut,BtwSaki,30.916529920000936,124.66857251636813,91.17211388047747,15.0,127.5333222179487,715.9239843136014
511,Shanghai SouthCh - Nagoya,SEA,PILOT_TO_PILOT,3,511,429,4,5,TssOut,BtwSaki,30.916367002241607,124.67342367350824,91.17211388047747,15.0,127.78339551476392,715.6739110167862
512,Shanghai SouthCh - Nagoya,SEA,PILOT_TO_PILOT,3,512,430,4,5,TssOut,BtwSaki,30.916203903433743,124.67827481411737,91.17211388047747,15.0,128.03346881157916,715.423837719971
513,Shanghai SouthCh - Nagoya,SEA,PILOT_TO_PILOT,3,513,431,4,5,TssOut,BtwSaki,30.916040623579146,124.68312593817734,91.17211388047747,15.0,128.28354210839439,715.1737644231557
514,Shanghai SouthCh - Nagoya,SEA,PILOT_TO_PILOT,3,514,432,4,5,TssOut,BtwSaki,30.9158771626796,124.68797704566997,91.17211388047747,15.0,128.53361540520962,714.9236911263405
515,Shanghai SouthCh - Nagoya,SEA,PILOT_TO_PILOT,3,515,433,4,5,TssOut,BtwSaki,30.91571352073688,124.69282813657703,91.17211388047747,15.0,128.78368870202485,714.6736178295253
516,Shanghai SouthCh - Nagoya,SEA,PILOT_TO_PILOT,3,516,434,4,5,TssOut,BtwSaki,30.915549697752795,124.69767921088032,91.17211388047747,15.0,129.03376199884005,714.42354453271
517,Shanghai SouthCh - Nagoya,SEA,PILOT_TO_PILOT,3,517,435,4,5,TssOut,BtwSaki,30.91538569372914,124.70253026856167,91.17211388047747,15.0,129.28383529565528,714.1734712358948
518,Shanghai SouthCh - Nagoya,SEA,PILOT_TO_PILOT,3,518,436,4,5,TssOut,BtwSaki,30.915221508667702,124.70738130960288,91.17211388047747,15.0,129.5339085924705,713.9233979390796
519,Shanghai SouthCh - Nagoya,SEA,PILOT_TO_PILOT,3,519,437,4,5,TssOut,BtwSaki,30.915057142570273,124.71223233398575,91.17211388047747,15.0,129.78398188928574,713.6733246422643
520,Shanghai SouthCh - Nagoya,SEA,PILOT_TO_PILOT,3,520,438,4,5,TssOut,BtwSaki,30.914892595438676,124.7170833416921,91.17211388047747,15.0,130.03405518610097,713.4232513454491
521,Shanghai SouthCh - Nagoya,SEA,PILOT_TO_PILOT,3,521,439,4,5,TssOut,BtwSaki,30.91472786727469,124.72193433270374,91.17211388047747,15.0,130.2841284829162,713.1731780486339
522,Shanghai SouthCh - Nagoya,SEA,PILOT_TO_PILOT,3,522,440,4,5,TssOut,BtwSaki,30.91456295808013,124.72678530700247,91.17211388047747,15.0,130.53420177973143,712.9231047518186
523,Shanghai SouthCh - Nagoya,SEA,PILOT_TO_PILOT,3,523,441,4,5,TssOut,BtwSaki,30.91439786785681,124.7316362645701,91.17211388047747,15.0,130.78427507654666,712.6730314550034
524,Shanghai SouthCh - Nagoya,SEA,PILOT_TO_PILOT,3,524,442,4,5,TssOut,BtwSaki,30.91423259660652,124.73648720538844,91.17211388047747,15.0,131.0343483733619,712.4229581581882
525,Shanghai SouthCh - Nagoya,SEA,PILOT_TO_PILOT,3,525,443,4,5,TssOut,BtwSaki,30.91406714433109,124.74133812943931,91.17211388047747,15.0,131.2844216701771,712.172884861373
526,Shanghai SouthCh - Nagoya,SEA,PILOT_TO_PILOT,3,526,444,4,5,TssOut,BtwSaki,30.913901511032318,124.74618903670451,91.17211388047747,15.0,131.53449496699233,711.9228115645578
527,Shanghai SouthCh - Nagoya,SEA,PILOT_TO_PILOT,3,527,445,4,5,TssOut,BtwSaki,30.913735696712024,124.75103992716588,91.17211388047747,15.0,131.78456826380756,711.6727382677425
528,Shanghai SouthCh - Nagoya,SEA,PILOT_TO_PILOT,3,528,446,4,5,TssOut,BtwSaki,30.913569701372015,124.75589080080518,91.17211388047747,15.0,132.0346415606228,711.4226649709274
529,Shanghai SouthCh - Nagoya,SEA,PILOT_TO_PILOT,3,529,447,4,5,TssOut,BtwSaki,30.913403525014118,124.76074165760426,91.17211388047747,15.0,132.28471485743802,711.172591674112
530,Shanghai SouthCh - Nagoya,SEA,PILOT_TO_PILOT,3,530,448,4,5,TssOut,BtwSaki,30.913237167640155,124.76559249754496,91.17211388047747,15.0,132.53478815425325,710.9225183772969
531,Shanghai SouthCh - Nagoya,SEA,PILOT_TO_PILOT,3,531,449,4,5,TssOut,BtwSaki,30.913070629251944,124.77044332060906,91.17211388047747,15.0,132.78486145106848,710.6724450804816
532,Shanghai SouthCh - Nagoya,SEA,PILOT_TO_PILOT,3,532,450,4,5,TssOut,BtwSaki,30.912903909851305,124.7752941267784,91.17211388047747,15.0,133.0349347478837,710.4223717836664
533,Shanghai SouthCh - Nagoya,SEA,PILOT_TO_PILOT,3,533,451,4,5,TssOut,BtwSaki,30.912737009440058,124.78014491603477,91.17211388047747,15.0,133.28500804469894,710.1722984868511
534,Shanghai SouthCh - Nagoya,SEA,PILOT_TO_PILOT,3,534,452,4,5,TssOut,BtwSaki,30.912569928020062,124.78499568836003,91.17211388047747,15.0,133.53508134151414,709.922225190036
535,Shanghai SouthCh - Nagoya,SEA,PILOT_TO_PILOT,3,535,453,4,5,TssOut,BtwSaki,30.9124026655931,124.78984644373593,91.17211388047747,15.0,133.78515463832937,709.6721518932208
536,Shanghai SouthCh - Nagoya,SEA,PILOT_TO_PILOT,3,536,454,4,5,TssOut,BtwSaki,30.912235222161037,124.79469718214436,91.17211388047747,15.0,134.0352279351446,709.4220785964055
537,Shanghai SouthCh - Nagoya,SEA,PILOT_TO_PILOT,3,537,455,4,5,TssOut,BtwSaki,30.91206759772571,124.7995479035671,91.17211388047747,15.0,134.28530123195983,709.1720052995903
538,Shanghai SouthCh - Nagoya,SEA,PILOT_TO_PILOT,3,538,456,4,5,TssOut,BtwSaki,30.91189979228894,124.80439860798599,91.17211388047747,15.0,134.53537452877507,708.9219320027751
539,Shanghai SouthCh - Nagoya,SEA,PILOT_TO_PILOT,3,539,457,4,5,TssOut,BtwSaki,30.91173180585255,124.80924929538283,91.17211388047747,15.0,134.7854478255903,708.6718587059598
540,Shanghai SouthCh - Nagoya,SEA,PILOT_TO_PILOT,3,540,458,4,5,TssOut,BtwSaki,30.91156363841841,124.81409996573947,91.17211388047747,15.0,135.03552112240553,708.4217854091446
541,Shanghai SouthCh - Nagoya,SEA,PILOT_TO_PILOT,3,541,459,4,5,TssOut,BtwSaki,30.911395289988338,124.81895061903774,91.17211388047747,15.0,135.28559441922076,708.1717121123294
542,Shanghai SouthCh - Nagoya,SEA,PILOT_TO_PILOT,3,542,460,4,5,TssOut,BtwSaki,30.9112267605642,124.82380125525943,91.17211388047747,15.0,135.535667716036,707.9216388155141
543,Shanghai SouthCh - Nagoya,SEA,PILOT_TO_PILOT,3,543,461,4,5,TssOut,BtwSaki,30.911058050147822,124.82865187438637,91.17211388047747,15.0,135.7857410128512,707.6715655186989
544,Shanghai SouthCh - Nagoya,SEA,PILOT_TO_PILOT,3,544,462,4,5,TssOut,BtwSaki,30.910889158741053,124.8335024764004,91.17211388047747,15.0,136.03581430966642,707.4214922218837
545,Shanghai SouthCh - Nagoya,SEA,PILOT_TO_PILOT,3,545,463,4,5,TssOut,BtwSaki,30.91072008634576,124.83835306128336,91.17211388047747,15.0,136.28588760648165,707.1714189250685
546,Shanghai SouthCh - Nagoya,SEA,PILOT_TO_PILOT,3,546,464,4,5,TssOut,BtwSaki,30.91055083296378,124.84320362901704,91.17211388047747,15.0,136.53596090329688,706.9213456282532
547,Shanghai SouthCh - Nagoya,SEA,PILOT_TO_PILOT,3,547,465,4,5,TssOut,BtwSaki,30.91038139859695,124.84805417958329,91.17211388047747,15.0,136.7860342001121,706.671272331438
548,Shanghai SouthCh - Nagoya,SEA,PILOT_TO_PILOT,3,548,466,4,5,TssOut,BtwSaki,30.910211783247167,124.85290471296395,91.17211388047747,15.0,137.03610749692734,706.4211990346228
549,Shanghai SouthCh - Nagoya,SEA,PILOT_TO_PILOT,3,549,467,4,5,TssOut,BtwSaki,30.91004198691625,124.85775522914085,91.17211388047747,15.0,137.28618079374257,706.1711257378075
550,Shanghai SouthCh - Nagoya,SEA,PILOT_TO_PILOT,3,550,468,4,5,TssOut,BtwSaki,30.90987200960608,124.86260572809577,91.17211388047747,15.0,137.5362540905578,705.9210524409923
551,Shanghai SouthCh - Nagoya,SEA,PILOT_TO_PILOT,3,551,469,4,5,TssOut,BtwSaki,30.909701851318506,124.8674562098106,91.17211388047747,15.0,137.78632738737303,705.6709791441771
552,Shanghai SouthCh - Nagoya,SEA,PILOT_TO_PILOT,3,552,470,4,5,TssOut,BtwSaki,30.9095315120554,124.87230667426714,91.17211388047747,15.0,138.03640068418824,705.4209058473618
553,Shanghai SouthCh - Nagoya,SEA,PILOT_TO_PILOT,3,553,471,4,5,TssOut,BtwSaki,30.90936099181862,124.87715712144724,91.17211388047747,15.0,138.28647398100347,705.1708325505466
554,Shanghai SouthCh - Nagoya,SEA,PILOT_TO_PILOT,3,554,472,4,5,TssOut,BtwSaki,30.909190290610038,124.88200755133273,91.17211388047747,15.0,138.5365472778187,704.9207592537314
555,Shanghai SouthCh - Nagoya,SEA,PILOT_TO_PILOT,3,555,473,4,5,TssOut,BtwSaki,30.909019408431526,124.88685796390543,91.17211388047747,15.0,138.78662057463393,704.6706859569161
556,Shanghai SouthCh - Nagoya,SEA,PILOT_TO_PILOT,3,556,474,4,5,TssOut,BtwSaki,30.908848345284934,124.89170835914719,91.17211388047747,15.0,139.03669387144916,704.4206126601009
557,Shanghai SouthCh - Nagoya,SEA,PILOT_TO_PILOT,3,557,475,4,5,TssOut,BtwSaki,30.908677101172167,124.89655873703983,91.17211388047747,15.0,139.2867671682644,704.1705393632857
558,Shanghai SouthCh - Nagoya,SEA,PILOT_TO_PILOT,3,558,476,4,5,TssOut,BtwSaki,30.90850567609508,124.9014090975652,91.17211388047747,15.0,139.53684046507962,703.9204660664705
559,Shanghai SouthCh - Nagoya,SEA,PILOT_TO_PILOT,3,559,477,4,5,TssOut,BtwSaki,30.90833407005555,124.90625944070514,91.17211388047747,15.0,139.78691376189485,703.6703927696552
560,Shanghai SouthCh - Nagoya,SEA,PILOT_TO_PILOT,3,560,478,4,5,TssOut,BtwSaki,30.908162283055457,124.91110976644147,91.17211388047747,15.0,140.03698705871008,703.42031947284
561,Shanghai SouthCh - Nagoya,SEA,PILOT_TO_PILOT,3,561,479,4,5,TssOut,BtwSaki,30.907990315096683,124.91596007475603,91.17211388047747,15.0,140.28706035552528,703.1702461760249
562,Shanghai SouthCh - Nagoya,SEA,PILOT_TO_PILOT,3,562,480,4,5,TssOut,BtwSaki,30.907818166181123,124.9208103656307,91.17211388047747,15.0,140.53713365234051,702.9201728792095
563,Shanghai SouthCh - Nagoya,SEA,PILOT_TO_PILOT,3,563,481,4,5,TssOut,BtwSaki,30.90764583631064,124.92566063904725,91.17211388047747,15.0,140.78720694915575,702.6700995823944
564,Shanghai SouthCh - Nagoya,SEA,PILOT_TO_PILOT,3,564,482,4,5,TssOut,BtwSaki,30.907473325487132,124.9305108949876,91.17211388047747,15.0,141.03728024597098,702.4200262855791
565,Shanghai SouthCh - Nagoya,SEA,PILOT_TO_PILOT,3,565,483,4,5,TssOut,BtwSaki,30.907300633712484,124.93536113343352,91.17211388047747,15.0,141.2873535427862,702.169952988764
566,Shanghai SouthCh - Nagoya,SEA,PILOT_TO_PILOT,3,566,484,4,5,TssOut,BtwSaki,30.907127760988597,124.94021135436691,91.17211388047747,15.0,141.53742683960144,701.9198796919486
567,Shanghai SouthCh - Nagoya,SEA,PILOT_TO_PILOT,3,567,485,4,5,TssOut,BtwSaki,30.90695470731735,124.94506155776955,91.17211388047747,15.0,141.78750013641667,701.6698063951335
568,Shanghai SouthCh - Nagoya,SEA,PILOT_TO_PILOT,3,568,486,4,5,TssOut,BtwSaki,30.906781472700644,124.94991174362335,91.17211388047747,15.0,142.0375734332319,701.4197330983181
569,Shanghai SouthCh - Nagoya,SEA,PILOT_TO_PILOT,3,569,487,4,5,TssOut,BtwSaki,30.90660805714037,124.9547619119101,91.17211388047747,15.0,142.28764673004713,701.169659801503
570,Shanghai SouthCh - Nagoya,SEA,PILOT_TO_PILOT,3,570,488,4,5,TssOut,BtwSaki,30.906434460638437,124.9596120626117,91.17211388047747,15.0,142.53772002686233,700.9195865046878
571,Shanghai SouthCh - Nagoya,SEA,PILOT_TO_PILOT,3,571,489,4,5,TssOut,BtwSaki,30.906260683196738,124.96446219570993,91.17211388047747,15.0,142.78779332367756,700.6695132078726
572,Shanghai SouthCh - Nagoya,SEA,PILOT_TO_PILOT,3,572,490,4,5,TssOut,BtwSaki,30.906086724817172,124.96931231118671,91.17211388047747,15.0,143.0378666204928,700.4194399110573
573,Shanghai SouthCh - Nagoya,SEA,PILOT_TO_PILOT,3,573,491,4,5,TssOut,BtwSaki,30.90591258550165,124.97416240902382,91.17211388047747,15.0,143.28793991730802,700.1693666142421
574,Shanghai SouthCh - Nagoya,SEA,PILOT_TO_PILOT,3,574,492,4,5,TssOut,BtwSaki,30.90573826525208,124.97901248920314,91.17211388047747,15.0,143.53801321412325,699.9192933174269
575,Shanghai SouthCh - Nagoya,SEA,PILOT_TO_PILOT,3,575,493,4,5,TssOut,BtwSaki,30.90556376407036,124.98386255170654,91.17211388047747,15.0,143.78808651093848,699.6692200206116
576,Shanghai SouthCh - Nagoya,SEA,PILOT_TO_PILOT,3,576,494,4,5,TssOut,BtwSaki,30.9053890819584,124.98871259651584,91.17211388047747,15.0,144.03815980775371,699.4191467237964
577,Shanghai SouthCh - Nagoya,SEA,PILOT_TO_PILOT,3,577,495,4,5,TssOut,BtwSaki,30.905214218918132,124.9935626236129,91.17211388047747,15.0,144.28823310456895,699.1690734269812
578,Shanghai SouthCh - Nagoya,SEA,PILOT_TO_PILOT,3,578,496,4,5,TssOut,BtwSaki,30.905039174951447,124.99841263297958,91.17211388047747,15.0,144.53830640138418,698.919000130166
579,Shanghai SouthCh - Nagoya,SEA,PILOT_TO_PILOT,3,579,497,4,5,TssOut,BtwSaki,30.90486395006028,125.00326262459772,91.17211388047747,15.0,144.78837969819938,698.6689268333507
580,Shanghai SouthCh - Nagoya,SEA,PILOT_TO_PILOT,3,580,498,4,5,TssOut,BtwSaki,30.90468854424653,125.00811259844915,91.17211388047747,15.0,145.0384529950146,698.4188535365355
581,Shanghai SouthCh - Nagoya,SEA,PILOT_TO_PILOT,3,581,499,4,5,TssOut,BtwSaki,30.90451295751213,125.01296255451578,91.17211388047747,15.0,145.28852629182984,698.1687802397203
582,Shanghai SouthCh - Nagoya,SEA,PILOT_TO_PILOT,3,582,500,4,5,TssOut,BtwSaki,30.904337189859,125.01781249277943,91.17211388047747,15.0,145.53859958864507,697.918706942905
583,Shanghai SouthCh - Nagoya,SEA,PILOT_TO_PILOT,3,583,501,4,5,TssOut,BtwSaki,30.90416124128905,125.02266241322197,91.17211388047747,15.0,145.7886728854603,697.6686336460898
584,Shanghai SouthCh - Nagoya,SEA,PILOT_TO_PILOT,3,584,502,4,5,TssOut,BtwSaki,30.903985111804232,125.02751231582523,91.17211388047747,15.0,146.03874618227553,697.4185603492746
585,Shanghai SouthCh - Nagoya,SEA,PILOT_TO_PILOT,3,585,503,4,5,TssOut,BtwSaki,30.903808801406456,125.03236220057109,91.17211388047747,15.0,146.28881947909076,697.1684870524593
586,Shanghai SouthCh - Nagoya,SEA,PILOT_TO_PILOT,3,586,504,4,5,TssOut,BtwSaki,30.903632310097645,125.0372120674414,91.17211388047747,15.0,146.538892775906,696.9184137556441
587,Shanghai SouthCh - Nagoya,SEA,PILOT_TO_PILOT,3,587,505,4,5,TssOut,BtwSaki,30.90345563787975,125.04206191641799,91.17211388047747,15.0,146.78896607272122,696.6683404588289
588,Shanghai SouthCh - Nagoya,SEA,PILOT_TO_PILOT,3,588,506,4,5,TssOut,BtwSaki,30.903278784754697,125.0469117474828,91.17211388047747,15.0,147.03903936953643,696.4182671620136
589,Shanghai SouthCh - Nagoya,SEA,PILOT_TO_PILOT,3,589,507,4,5,TssOut,BtwSaki,30.903101750724414,125.05176156061762,91.17211388047747,15.0,147.28911266635166,696.1681938651984
590,Shanghai SouthCh - Nagoya,SEA,PILOT_TO_PILOT,3,590,508,4,5,TssOut,BtwSaki,30.902924535790856,125.05661135580435,91.17211388047747,15.0,147.5391859631669,695.9181205683832
591,Shanghai SouthCh - Nagoya,SEA,PILOT_TO_PILOT,3,591,509,4,5,TssOut,BtwSaki,30.90274713995594,125.06146113302479,91.17211388047747,15.0,147.78925925998212,695.668047271568
592,Shanghai SouthCh - Nagoya,SEA,PILOT_TO_PILOT,3,592,510,4,5,TssOut,BtwSaki,30.902569563221622,125.06631089226087,91.17211388047747,15.0,148.03933255679735,695.4179739747527
593,Shanghai SouthCh - Nagoya,SEA,PILOT_TO_PILOT,3,593,511,4,5,TssOut,BtwSaki,30.90239180558984,125.07116063349442,91.17211388047747,15.0,148.28940585361258,695.1679006779375
594,Shanghai SouthCh - Nagoya,SEA,PILOT_TO_PILOT,3,594,512,4,5,TssOut,BtwSaki,30.902213867062542,125.07601035670733,91.17211388047747,15.0,148.5394791504278,694.9178273811223
595,Shanghai SouthCh - Nagoya,SEA,PILOT_TO_PILOT,3,595,513,4,5,TssOut,BtwSaki,30.902035747641676,125.08086006188142,91.17211388047747,15.0,148.78955244724304,694.667754084307
596,Shanghai SouthCh - Nagoya,SEA,PILOT_TO_PILOT,3,596,514,4,5,TssOut,BtwSaki,30.901857447329192,125.0857097489986,91.17211388047747,15.0,149.03962574405827,694.4176807874918
597,Shanghai SouthCh - Nagoya,SEA,PILOT_TO_PILOT,3,597,515,4,5,TssOut,BtwSaki,30.90167896612704,125.09055941804071,91.17211388047747,15.0,149.2896990408735,694.1676074906766
598,Shanghai SouthCh - Nagoya,SEA,PILOT_TO_PILOT,3,598,516,4,5,TssOut,BtwSaki,30.901500304037167,125.09540906898964,91.17211388047747,15.0,149.53977233768873,693.9175341938613
599,Shanghai SouthCh - Nagoya,SEA,PILOT_TO_PILOT,3,599,517,4,5,TssOut,BtwSaki,30.90132146106153,125.10025870182723,91.17211388047747,15.0,149.78984563450393,693.6674608970461
600,Shanghai SouthCh - Nagoya,SEA,PILOT_TO_PILOT,3,600,518,4,5,TssOut,BtwSaki,30.901142437202104,125.1051083165354,91.17211388047747,15.0,150.03991893131916,693.417387600231
601,Shanghai SouthCh - Nagoya,SEA,PILOT_TO_PILOT,3,601,519,4,5,TssOut,BtwSaki,30.90096323246083,125.10995791309594,91.17211388047747,15.0,150.2899922281344,693.1673143034157
602,Shanghai SouthCh - Nagoya,SEA,PILOT_TO_PILOT,3,602,520,4,5,TssOut,BtwSaki,30.900783846839673,125.11480749149077,91.17211388047747,15.0,150.54006552494963,692.9172410066005
603,Shanghai SouthCh - Nagoya,SEA,PILOT_TO_PILOT,3,603,521,4,5,TssOut,BtwSaki,30.900604280340588,125.11965705170176,91.17211388047747,15.0,150.79013882176486,692.6671677097852
604,Shanghai SouthCh - Nagoya,SEA,PILOT_TO_PILOT,3,604,522,4,5,TssOut,BtwSaki,30.900424532965555,125.12450659371076,91.17211388047747,15.0,151.0402121185801,692.4170944129701
605,Shanghai SouthCh - Nagoya,SEA,PILOT_TO_PILOT,3,605,523,4,5,TssOut,BtwSaki,30.90024460471653,125.1293561174997,91.17211388047747,15.0,151.29028541539532,692.1670211161547
606,Shanghai SouthCh - Nagoya,SEA,PILOT_TO_PILOT,3,606,524,4,5,TssOut,BtwSaki,30.900064495595498,125.13420562305039,91.17211388047747,15.0,151.54035871221055,691.9169478193396
607,Shanghai SouthCh - Nagoya,SEA,PILOT_TO_PILOT,3,607,525,4,5,TssOut,BtwSaki,30.899884205604405,125.13905511034471,91.17211388047747,15.0,151.79043200902578,691.6668745225243
608,Shanghai SouthCh - Nagoya,SEA,PILOT_TO_PILOT,3,608,526,4,5,TssOut,BtwSaki,30.899703734745238,125.14390457936457,91.17211388047747,15.0,152.04050530584098,691.4168012257092
609,Shanghai SouthCh - Nagoya,SEA,PILOT_TO_PILOT,3,609,527,4,5,TssOut,BtwSaki,30.89952308301997,125.14875403009182,91.17211388047747,15.0,152.2905786026562,691.1667279288939
610,Shanghai SouthCh - Nagoya,SEA,PILOT_TO_PILOT,3,610,528,4,5,TssOut,BtwSaki,30.89934225043059,125.15360346250834,91.17211388047747,15.0,152.54065189947144,690.9166546320787
611,Shanghai SouthCh - Nagoya,SEA,PILOT_TO_PILOT,3,611,529,4,5,TssOut,BtwSaki,30.899161236979047,125.15845287659604,91.17211388047747,15.0,152.79072519628667,690.6665813352635
612,Shanghai SouthCh - Nagoya,SEA,PILOT_TO_PILOT,3,612,530,4,5,TssOut,BtwSaki,30.898980042667358,125.16330227233675,91.17211388047747,15.0,153.0407984931019,690.4165080384482
613,Shanghai SouthCh - Nagoya,SEA,PILOT_TO_PILOT,3,613,531,4,5,TssOut,BtwSaki,30.898798667497474,125.16815164971239,91.17211388047747,15.0,153.29087178991713,690.166434741633
614,Shanghai SouthCh - Nagoya,SEA,PILOT_TO_PILOT,3,614,532,4,5,TssOut,BtwSaki,30.898617111471403,125.17300100870477,91.17211388047747,15.0,153.54094508673236,689.9163614448178
615,Shanghai SouthCh - Nagoya,SEA,PILOT_TO_PILOT,3,615,533,4,5,TssOut,BtwSaki,30.898435374591106,125.17785034929587,91.17211388047747,15.0,153.7910183835476,689.6662881480025
616,Shanghai SouthCh - Nagoya,SEA,PILOT_TO_PILOT,3,616,534,4,5,TssOut,BtwSaki,30.898253456858594,125.18269967146749,91.17211388047747,15.0,154.04109168036283,689.4162148511873
617,Shanghai SouthCh - Nagoya,SEA,PILOT_TO_PILOT,3,617,535,4,5,TssOut,BtwSaki,30.898071358275853,125.18754897520158,91.17211388047747,15.0,154.29116497717803,689.1661415543721
618,Shanghai SouthCh - Nagoya,SEA,PILOT_TO_PILOT,3,618,536,4,5,TssOut,BtwSaki,30.897889078844866,125.19239826047996,91.17211388047747,15.0,154.54123827399326,688.9160682575568
619,Shanghai SouthCh - Nagoya,SEA,PILOT_TO_PILOT,3,619,537,4,5,TssOut,BtwSaki,30.897706618567646,125.19724752728455,91.17211388047747,15.0,154.7913115708085,688.6659949607416
620,Shanghai SouthCh - Nagoya,SEA,PILOT_TO_PILOT,3,620,538,4,5,TssOut,BtwSaki,30.89752397744617,125.20209677559721,91.17211388047747,15.0,155.04138486762372,688.4159216639264
621,Shanghai SouthCh - Nagoya,SEA,PILOT_TO_PILOT,3,621,539,4,5,TssOut,BtwSaki,30.89734115548244,125.20694600539986,91.17211388047747,15.0,155.29145816443895,688.1658483671112
622,Shanghai SouthCh - Nagoya,SEA,PILOT_TO_PILOT,3,622,540,4,5,TssOut,BtwSaki,30.897158152678465,125.21179521667437,91.17211388047747,15.0,155.54153146125418,687.9157750702959
623,Shanghai SouthCh - Nagoya,SEA,PILOT_TO_PILOT,3,623,541,4,5,TssOut,BtwSaki,30.89697496903624,125.2166444094026,91.17211388047747,15.0,155.7916047580694,687.6657017734807
624,Shanghai SouthCh - Nagoya,SEA,PILOT_TO_PILOT,3,624,542,4,5,TssOut,BtwSaki,30.896791604557762,125.22149358356648,91.17211388047747,15.0,156.04167805488464,687.4156284766655
625,Shanghai SouthCh - Nagoya,SEA,PILOT_TO_PILOT,3,625,543,4,5,TssOut,BtwSaki,30.896608059245054,125.2263427391479,91.17211388047747,15.0,156.29175135169987,687.1655551798502
626,Shanghai SouthCh - Nagoya,SEA,PILOT_TO_PILOT,3,626,544,4,5,TssOut,BtwSaki,30.896424333100114,125.23119187612872,91.17211388047747,15.0,156.54182464851507,686.915481883035
627,Shanghai SouthCh - Nagoya,SEA,PILOT_TO_PILOT,3,627,545,4,5,TssOut,BtwSaki,30.89624042612495,125.23604099449084,91.17211388047747,15.0,156.7918979453303,686.6654085862198
628,Shanghai SouthCh - Nagoya,SEA,PILOT_TO_PILOT,3,628,546,4,5,TssOut,BtwSaki,30.89605633832159,125.24089009421616,91.17211388047747,15.0,157.04197124214554,686.4153352894045
629,Shanghai SouthCh - Nagoya,SEA,PILOT_TO_PILOT,3,629,547,4,5,TssOut,BtwSaki,30.89587206969203,125.24573917528654,91.17211388047747,15.0,157.29204453896077,686.1652619925893
630,Shanghai SouthCh - Nagoya,SEA,PILOT_TO_PILOT,3,630,548,4,5,TssOut,BtwSaki,30.895687620238288,125.25058823768393,91.17211388047747,15.0,157.542117835776,685.9151886957741
631,Shanghai SouthCh - Nagoya,SEA,PILOT_TO_PILOT,3,631,549,4,5,TssOut,BtwSaki,30.895502989962385,125.25543728139016,91.17211388047747,15.0,157.79219113259123,685.6651153989588
632,Shanghai SouthCh - Nagoya,SEA,PILOT_TO_PILOT,3,632,550,4,5,TssOut,BtwSaki,30.89531817886634,125.26028630638716,91.17211388047747,15.0,158.04226442940646,685.4150421021436
633,Shanghai SouthCh - Nagoya,SEA,PILOT_TO_PILOT,3,633,551,4,5,TssOut,BtwSaki,30.895133186952176,125.26513531265687,91.17211388047747,15.0,158.2923377262217,685.1649688053284
634,Shanghai SouthCh - Nagoya,SEA,PILOT_TO_PILOT,3,634,552,4,5,TssOut,BtwSaki,30.894948014221917,125.2699843001811,91.17211388047747,15.0,158.54241102303692,684.9148955085132
635,Shanghai SouthCh - Nagoya,SEA,PILOT_TO_PILOT,3,635,553,4,5,TssOut,BtwSaki,30.894762660677586,125.27483326894178,91.17211388047747,15.0,158.79248431985212,684.664822211698
636,Shanghai SouthCh - Nagoya,SEA,PILOT_TO_PILOT,3,636,554,4,5,TssOut,BtwSaki,30.89457712632122,125.27968221892081,91.17211388047747,15.0,159.04255761666735,684.4147489148827
637,Shanghai SouthCh - Nagoya,SEA,PILOT_TO_PILOT,3,637,555,4,5,TssOut,BtwSaki,30.894391411154842,125.28453115010012,91.17211388047747,15.0,159.29263091348258,684.1646756180676
638,Shanghai SouthCh - Nagoya,SEA,PILOT_TO_PILOT,3,638,556,4,5,TssOut,BtwSaki,30.894205515180477,125.28938006246155,91.17211388047747,15.0,159.5427042102978,683.9146023212522
639,Shanghai SouthCh - Nagoya,SEA,PILOT_TO_PILOT,3,639,557,4,5,TssOut,BtwSaki,30.894019438400164,125.29422895598705,91.17211388047747,15.0,159.79277750711304,683.6645290244371
640,Shanghai SouthCh - Nagoya,SEA,PILOT_TO_PILOT,3,640,558,4,5,TssOut,BtwSaki,30.893833180815935,125.2990778306585,91.17211388047747,15.0,160.04285080392827,683.4144557276218
641,Shanghai SouthCh - Nagoya,SEA,PILOT_TO_PILOT,3,641,559,4,5,TssOut,BtwSaki,30.893646742429834,125.30392668645779,91.17211388047747,15.0,160.2929241007435,683.1643824308067
642,Shanghai SouthCh - Nagoya,SEA,PILOT_TO_PILOT,3,642,560,4,5,TssOut,BtwSaki,30.893460123243898,125.30877552336688,91.17211388047747,15.0,160.54299739755874,682.9143091339913
643,Shanghai SouthCh - Nagoya,SEA,PILOT_TO_PILOT,3,643,561,4,5,TssOut,BtwSaki,30.89327332326016,125.31362434136759,91.17211388047747,15.0,160.79307069437397,682.6642358371762
644,Shanghai SouthCh - Nagoya,SEA,PILOT_TO_PILOT,3,644,562,4,5,TssOut,BtwSaki,30.89308634248068,125.31847314044185,91.17211388047747,15.0,161.04314399118917,682.414162540361
645,Shanghai SouthCh - Nagoya,SEA,PILOT_TO_PILOT,3,645,563,4,5,TssOut,BtwSaki,30.892899180907495,125.32332192057163,91.17211388047747,15.0,161.2932172880044,682.1640892435457
646,Shanghai SouthCh - Nagoya,SEA,PILOT_TO_PILOT,3,646,564,4,5,TssOut,BtwSaki,30.89271183854264,125.32817068173874,91.17211388047747,15.0,161.54329058481963,681.9140159467305
647,Shanghai SouthCh - Nagoya,SEA,PILOT_TO_PILOT,3,647,565,4,5,TssOut,BtwSaki,30.892524315388176,125.33301942392514,91.17211388047747,15.0,161.79336388163486,681.6639426499153
648,Shanghai SouthCh - Nagoya,SEA,PILOT_TO_PILOT,3,648,566,4,5,TssOut,BtwSaki,30.89233661144617,125.33786814711274,91.17211388047747,15.0,162.0434371784501,681.4138693531
649,Shanghai SouthCh - Nagoya,SEA,PILOT_TO_PILOT,3,649,567,4,5,TssOut,BtwSaki,30.892148726718634,125.34271685128344,91.17211388047747,15.0,162.29351047526532,681.1637960562848
650,Shanghai SouthCh - Nagoya,SEA,PILOT_TO_PILOT,3,650,568,4,5,TssOut,BtwSaki,30.891960661207666,125.34756553641915,91.17211388047747,15.0,162.54358377208055,680.9137227594696
651,Shanghai SouthCh - Nagoya,SEA,PILOT_TO_PILOT,3,651,569,4,5,TssOut,BtwSaki,30.891772414915295,125.35241420250179,91.17211388047747,15.0,162.79365706889578,680.6636494626543
652,Shanghai SouthCh - Nagoya,SEA,PILOT_TO_PILOT,3,652,570,4,5,TssOut,BtwSaki,30.891583987843585,125.35726284951323,91.17211388047747,15.0,163.043730365711,680.4135761658391
653,Shanghai SouthCh - Nagoya,SEA,PILOT_TO_PILOT,3,653,571,4,5,TssOut,BtwSaki,30.891395379994602,125.36211147743542,91.17211388047747,15.0,163.29380366252622,680.1635028690239
654,Shanghai SouthCh - Nagoya,SEA,PILOT_TO_PILOT,3,654,572,4,5,TssOut,BtwSaki,30.891206591370416,125.36696008625029,91.17211388047747,15.0,163.54387695934145,679.9134295722087
655,Shanghai SouthCh - Nagoya,SEA,PILOT_TO_PILOT,3,655,573,4,5,TssOut,BtwSaki,30.891017621973074,125.37180867593969,91.17211388047747,15.0,163.79395025615668,679.6633562753934
656,Shanghai SouthCh - Nagoya,SEA,PILOT_TO_PILOT,3,656,574,4,5,TssOut,BtwSaki,30.890828471804657,125.37665724648558,91.17211388047747,15.0,164.0440235529719,679.4132829785782
657,Shanghai SouthCh - Nagoya,SEA,PILOT_TO_PILOT,3,657,575,4,5,TssOut,BtwSaki,30.89063914086722,125.38150579786989,91.17211388047747,15.0,164.29409684978714,679.163209681763
658,Shanghai SouthCh - Nagoya,SEA,PILOT_TO_PILOT,3,658,576,4,5,TssOut,BtwSaki,30.89044962916285,125.3863543300745,91.17211388047747,15.0,164.54417014660237,678.9131363849477
659,Shanghai SouthCh - Nagoya,SEA,PILOT_TO_PILOT,3,659,577,4,5,TssOut,BtwSaki,30.890259936693607,125.39120284308132,91.17211388047747,15.0,164.7942434434176,678.6630630881325
660,Shanghai SouthCh - Nagoya,SEA,PILOT_TO_PILOT,3,660,578,4,5,TssOut,BtwSaki,30.89007006346156,125.3960513368723,91.17211388047747,15.0,165.04431674023283,678.4129897913173
661,Shanghai SouthCh - Nagoya,SEA,PILOT_TO_PILOT,3,661,579,4,5,TssOut,BtwSaki,30.88988000946881,125.40089981142935,91.17211388047747,15.0,165.29439003704806,678.162916494502
662,Shanghai SouthCh - Nagoya,SEA,PILOT_TO_PILOT,3,662,580,4,5,TssOut,BtwSaki,30.889689774717407,125.40574826673439,91.17211388047747,15.0,165.54446333386326,677.9128431976868
663,Shanghai SouthCh - Nagoya,SEA,PILOT_TO_PILOT,3,663,581,4,5,TssOut,BtwSaki,30.889499359209456,125.41059670276934,91.17211388047747,15.0,165.7945366306785,677.6627699008716
664,Shanghai SouthCh - Nagoya,SEA,PILOT_TO_PILOT,3,664,582,4,5,TssOut,BtwSaki,30.889308762947028,125.4154451195161,91.17211388047747,15.0,166.04460992749372,677.4126966040564
665,Shanghai SouthCh - Nagoya,SEA,PILOT_TO_PILOT,3,665,583,4,5,TssOut,BtwSaki,30.889117985932195,125.42029351695659,91.17211388047747,15.0,166.29468322430895,677.1626233072411
666,Shanghai SouthCh - Nagoya,SEA,PILOT_TO_PILOT,3,666,584,4,5,TssOut,BtwSaki,30.88892702816706,125.42514189507277,91.17211388047747,15.0,166.54475652112419,676.9125500104259
667,Shanghai SouthCh - Nagoya,SEA,PILOT_TO_PILOT,3,667,585,4,5,TssOut,BtwSaki,30.888735889653717,125.42999025384655,91.17211388047747,15.0,166.79482981793942,676.6624767136107
668,Shanghai SouthCh - Nagoya,SEA,PILOT_TO_PILOT,3,668,586,4,5,TssOut,BtwSaki,30.88854457039423,125.43483859325987,91.17211388047747,15.0,167.04490311475465,676.4124034167954
669,Shanghai SouthCh - Nagoya,SEA,PILOT_TO_PILOT,3,669,587,4,5,TssOut,BtwSaki,30.888353070390714,125.43968691329458,91.17211388047747,15.0,167.29497641156988,676.1623301199802
670,Shanghai SouthCh - Nagoya,SEA,PILOT_TO_PILOT,3,670,588,4,5,TssOut,BtwSaki,30.888161389645255,125.44453521393271,91.17211388047747,15.0,167.5450497083851,675.912256823165
671,Shanghai SouthCh - Nagoya,SEA,PILOT_TO_PILOT,3,671,589,4,5,TssOut,BtwSaki,30.88796952815995,125.4493834951561,91.17211388047747,15.0,167.7951230052003,675.6621835263497
672,Shanghai SouthCh - Nagoya,SEA,PILOT_TO_PILOT,3,672,590,4,5,TssOut,BtwSaki,30.887777485936894,125.45423175694671,91.17211388047747,15.0,168.04519630201554,675.4121102295346
673,Shanghai SouthCh - Nagoya,SEA,PILOT_TO_PILOT,3,673,591,4,5,TssOut,BtwSaki,30.887585262978195,125.45907999928652,91.17211388047747,15.0,168.29526959883077,675.1620369327193
674,Shanghai SouthCh - Nagoya,SEA,PILOT_TO_PILOT,3,674,592,4,5,TssOut,BtwSaki,30.887392859285942,125.46392822215739,91.17211388047747,15.0,168.545342895646,674.9119636359042
675,Shanghai SouthCh - Nagoya,SEA,PILOT_TO_PILOT,3,675,593,4,5,TssOut,BtwSaki,30.88720027486224,125.46877642554125,91.17211388047747,15.0,168.79541619246123,674.6618903390888
676,Shanghai SouthCh - Nagoya,SEA,PILOT_TO_PILOT,3,676,594,4,5,TssOut,BtwSaki,30.887007509709207,125.47362460942006,91.17211388047747,15.0,169.04548948927646,674.4118170422737
677,Shanghai SouthCh - Nagoya,SEA,PILOT_TO_PILOT,3,677,595,4,5,TssOut,BtwSaki,30.88681456382895,125.47847277377576,91.17211388047747,15.0,169.2955627860917,674.1617437454584
678,Shanghai SouthCh - Nagoya,SEA,PILOT_TO_PILOT,3,678,596,4,5,TssOut,BtwSaki,30.88662143722356,125.48332091859028,91.17211388047747,15.0,169.54563608290692,673.9116704486432
679,Shanghai SouthCh - Nagoya,SEA,PILOT_TO_PILOT,3,679,597,4,5,TssOut,BtwSaki,30.886428129895172,125.48816904384552,91.17211388047747,15.0,169.79570937972215,673.6615971518279
680,Shanghai SouthCh - Nagoya,SEA,PILOT_TO_PILOT,3,680,598,4,5,TssOut,BtwSaki,30.886234641845885,125.49301714952345,91.17211388047747,15.0,170.04578267653736,673.4115238550128
681,Shanghai SouthCh - Nagoya,SEA,PILOT_TO_PILOT,3,681,599,4,5,TssOut,BtwSaki,30.886040973077815,125.49786523560599,91.17211388047747,15.0,170.2958559733526,673.1614505581975
682,Shanghai SouthCh - Nagoya,SEA,PILOT_TO_PILOT,3,682,600,4,5,TssOut,BtwSaki,30.88584712359308,125.50271330207507,91.17211388047747,15.0,170.54592927016782,672.9113772613823
683,Shanghai SouthCh - Nagoya,SEA,PILOT_TO_PILOT,3,683,601,4,5,TssOut,BtwSaki,30.885653093393813,125.50756134891263,91.17211388047747,15.0,170.79600256698305,672.6613039645671
684,Shanghai SouthCh - Nagoya,SEA,PILOT_TO_PILOT,3,684,602,4,5,TssOut,BtwSaki,30.885458882482112,125.51240937610063,91.17211388047747,15.0,171.04607586379828,672.4112306677519
685,Shanghai SouthCh - Nagoya,SEA,PILOT_TO_PILOT,3,685,603,4,5,TssOut,BtwSaki,30.88526449086012,125.517257383621,91.17211388047747,15.0,171.2961491606135,672.1611573709366
686,Shanghai SouthCh - Nagoya,SEA,PILOT_TO_PILOT,3,686,604,4,5,TssOut,BtwSaki,30.88506991852995,125.52210537145564,91.17211388047747,15.0,171.54622245742874,671.9110840741214
687,Shanghai SouthCh - Nagoya,SEA,PILOT_TO_PILOT,3,687,605,4,5,TssOut,BtwSaki,30.884875165493735,125.52695333958654,91.17211388047747,15.0,171.79629575424397,671.6610107773062
688,Shanghai SouthCh - Nagoya,SEA,PILOT_TO_PILOT,3,688,606,4,5,TssOut,BtwSaki,30.8846802317536,125.53180128799563,91.17211388047747,15.0,172.0463690510592,671.4109374804909
689,Shanghai SouthCh - Nagoya,SEA,PILOT_TO_PILOT,3,689,607,4,5,TssOut,BtwSaki,30.88448511731168,125.53664921666484,91.17211388047747,15.0,172.2964423478744,671.1608641836757
690,Shanghai SouthCh - Nagoya,SEA,PILOT_TO_PILOT,3,690,608,4,5,TssOut,BtwSaki,30.884289822170103,125.54149712557613,91.17211388047747,15.0,172.54651564468963,670.9107908868605
691,Shanghai SouthCh - Nagoya,SEA,PILOT_TO_PILOT,3,691,609,4,5,TssOut,BtwSaki,30.88409434633102,125.54634501471142,91.17211388047747,15.0,172.79658894150487,670.6607175900452
692,Shanghai SouthCh - Nagoya,SEA,PILOT_TO_PILOT,3,692,610,4,5,TssOut,BtwSaki,30.883898689796542,125.55119288405268,91.17211388047747,15.0,173.0466622383201,670.41064429323
693,Shanghai SouthCh - Nagoya,SEA,PILOT_TO_PILOT,3,693,611,4,5,TssOut,BtwSaki,30.883702852568828,125.55604073358182,91.17211388047747,15.0,173.29673553513533,670.1605709964148
694,Shanghai SouthCh - Nagoya,SEA,PILOT_TO_PILOT,3,694,612,4,5,TssOut,BtwSaki,30.88350683465001,125.56088856328084,91.17211388047747,15.0,173.54680883195056,669.9104976995995
695,Shanghai SouthCh - Nagoya,SEA,PILOT_TO_PILOT,3,695,613,4,5,TssOut,BtwSaki,30.883310636042232,125.56573637313164,91.17211388047747,15.0,173.7968821287658,669.6604244027843
696,Shanghai SouthCh - Nagoya,SEA,PILOT_TO_PILOT,3,696,614,4,5,TssOut,BtwSaki,30.883114256747636,125.57058416311622,91.17211388047747,15.0,174.04695542558102,669.4103511059691
697,Shanghai SouthCh - Nagoya,SEA,PILOT_TO_PILOT,3,697,615,4,5,TssOut,BtwSaki,30.882917696768384,125.57543193321645,91.17211388047747,15.0,174.29702872239625,669.1602778091539
698,Shanghai SouthCh - Nagoya,SEA,PILOT_TO_PILOT,3,698,616,4,5,TssOut,BtwSaki,30.8827209561066,125.58027968341435,91.17211388047747,15.0,174.54710201921145,668.9102045123386
699,Shanghai SouthCh - Nagoya,SEA,PILOT_TO_PILOT,3,699,617,4,5,TssOut,BtwSaki,30.882524034764455,125.58512741369184,91.17211388047747,15.0,174.79717531602668,668.6601312155234
700,Shanghai SouthCh - Nagoya,SEA,PILOT_TO_PILOT,3,700,618,4,5,TssOut,BtwSaki,30.88232693274409,125.58997512403087,91.17211388047747,15.0,175.0472486128419,668.4100579187082
701,Shanghai SouthCh - Nagoya,SEA,PILOT_TO_PILOT,3,701,619,4,5,TssOut,BtwSaki,30.882129650047666,125.59482281441342,91.17211388047747,15.0,175.29732190965714,668.1599846218929
702,Shanghai SouthCh - Nagoya,SEA,PILOT_TO_PILOT,3,702,620,4,5,TssOut,BtwSaki,30.881932186677325,125.59967048482143,91.17211388047747,15.0,175.54739520647237,667.9099113250777
703,Shanghai SouthCh - Nagoya,SEA,PILOT_TO_PILOT,3,703,621,4,5,TssOut,BtwSaki,30.881734542635247,125.60451813523683,91.17211388047747,15.0,175.7974685032876,667.6598380282625
704,Shanghai SouthCh - Nagoya,SEA,PILOT_TO_PILOT,3,704,622,4,5,TssOut,BtwSaki,30.881536717923588,125.6093657656416,91.17211388047747,15.0,176.04754180010283,667.4097647314472
705,Shanghai SouthCh - Nagoya,SEA,PILOT_TO_PILOT,3,705,623,4,5,TssOut,BtwSaki,30.881338712544498,125.61421337601769,91.17211388047747,15.0,176.29761509691807,667.159691434632
706,Shanghai SouthCh - Nagoya,SEA,PILOT_TO_PILOT,3,706,624,4,5,TssOut,BtwSaki,30.881140526500147,125.61906096634706,91.17211388047747,15.0,176.5476883937333,666.9096181378168
707,Shanghai SouthCh - Nagoya,SEA,PILOT_TO_PILOT,3,707,625,4,5,TssOut,BtwSaki,30.8809421597927,125.62390853661167,91.17211388047747,15.0,176.7977616905485,666.6595448410017
708,Shanghai SouthCh - Nagoya,SEA,PILOT_TO_PILOT,3,708,626,4,5,TssOut,BtwSaki,30.880743612424325,125.62875608679346,91.17211388047747,15.0,177.04783498736373,666.4094715441863
709,Shanghai SouthCh - Nagoya,SEA,PILOT_TO_PILOT,3,709,627,4,5,TssOut,BtwSaki,30.880544884397192,125.6336036168744,91.17211388047747,15.0,177.29790828417896,666.1593982473712
710,Shanghai SouthCh - Nagoya,SEA,PILOT_TO_PILOT,3,710,628,4,5,TssOut,BtwSaki,30.88034597571349,125.63845112683647,91.17211388047747,15.0,177.5479815809942,665.9093249505559
711,Shanghai SouthCh - Nagoya,SEA,PILOT_TO_PILOT,3,711,629,4,5,TssOut,BtwSaki,30.88014688637536,125.6432986166616,91.17211388047747,15.0,177.79805487780942,665.6592516537407
712,Shanghai SouthCh - Nagoya,SEA,PILOT_TO_PILOT,3,712,630,4,5,TssOut,BtwSaki,30.879947616384996,125.64814608633178,91.17211388047747,15.0,178.04812817462465,665.4091783569254
713,Shanghai SouthCh - Nagoya,SEA,PILOT_TO_PILOT,3,713,631,4,5,TssOut,BtwSaki,30.879748165744584,125.65299353582895,91.17211388047747,15.0,178.29820147143988,665.1591050601103
714,Shanghai SouthCh - Nagoya,SEA,PILOT_TO_PILOT,3,714,632,4,5,TssOut,BtwSaki,30.879548534456294,125.6578409651351,91.17211388047747,15.0,178.5482747682551,664.9090317632949
715,Shanghai SouthCh - Nagoya,SEA,PILOT_TO_PILOT,3,715,633,4,5,TssOut,BtwSaki,30.879348722522312,125.66268837423218,91.17211388047747,15.0,178.79834806507034,664.6589584664798
716,Shanghai SouthCh - Nagoya,SEA,PILOT_TO_PILOT,3,716,634,4,5,TssOut,BtwSaki,30.87914872994481,125.66753576310214,91.17211388047747,15.0,179.04842136188554,664.4088851696646
717,Shanghai SouthCh - Nagoya,SEA,PILOT_TO_PILOT,3,717,635,4,5,TssOut,BtwSaki,30.878948556725984,125.67238313172697,91.17211388047747,15.0,179.29849465870078,664.1588118728494
718,Shanghai SouthCh - Nagoya,SEA,PILOT_TO_PILOT,3,718,636,4,5,TssOut,BtwSaki,30.87874820286802,125.67723048008862,91.17211388047747,15.0,179.548567955516,663.9087385760341
719,Shanghai SouthCh - Nagoya,SEA,PILOT_TO_PILOT,3,719,637,4,5,TssOut,BtwSaki,30.87854766837311,125.68207780816908,91.17211388047747,15.0,179.79864125233124,663.6586652792189
720,Shanghai SouthCh - Nagoya,SEA,PILOT_TO_PILOT,3,720,638,4,5,TssOut,BtwSaki,30.878346953243444,125.6869251159503,91.17211388047747,15.0,180.04871454914647,663.4085919824037
721,Shanghai SouthCh - Nagoya,SEA,PILOT_TO_PILOT,3,721,639,4,5,TssOut,BtwSaki,30.878146057481207,125.69177240341428,91.17211388047747,15.0,180.2987878459617,663.1585186855884
722,Shanghai SouthCh - Nagoya,SEA,PILOT_TO_PILOT,3,722,640,4,5,TssOut,BtwSaki,30.877944981088596,125.69661967054294,91.17211388047747,15.0,180.54886114277693,662.9084453887732
723,Shanghai SouthCh - Nagoya,SEA,PILOT_TO_PILOT,3,723,641,4,5,TssOut,BtwSaki,30.877743724067827,125.7014669173183,91.17211388047747,15.0,180.79893443959216,662.658372091958
724,Shanghai SouthCh - Nagoya,SEA,PILOT_TO_PILOT,3,724,642,4,5,TssOut,BtwSaki,30.877542286421082,125.7063141437223,91.17211388047747,15.0,181.0490077364074,662.4082987951427
725,Shanghai SouthCh - Nagoya,SEA,PILOT_TO_PILOT,3,725,643,4,5,TssOut,BtwSaki,30.877340668150563,125.71116134973693,91.17211388047747,15.0,181.2990810332226,662.1582254983275
726,Shanghai SouthCh - Nagoya,SEA,PILOT_TO_PILOT,3,726,644,4,5,TssOut,BtwSaki,30.87713886925847,125.71600853534416,91.17211388047747,15.0,181.54915433003782,661.9081522015123
727,Shanghai SouthCh - Nagoya,SEA,PILOT_TO_PILOT,3,727,645,4,5,TssOut,BtwSaki,30.87693688974702,125.72085570052596,91.17211388047747,15.0,181.79922762685305,661.658078904697
728,Shanghai SouthCh - Nagoya,SEA,PILOT_TO_PILOT,3,728,646,4,5,TssOut,BtwSaki,30.876734729618416,125.72570284526434,91.17211388047747,15.0,182.04930092366828,661.4080056078818
729,Shanghai SouthCh - Nagoya,SEA,PILOT_TO_PILOT,3,729,647,4,5,TssOut,BtwSaki,30.87653238887486,125.73054996954123,91.17211388047747,15.0,182.29937422048351,661.1579323110666
730,Shanghai SouthCh - Nagoya,SEA,PILOT_TO_PILOT,3,730,648,4,5,TssOut,BtwSaki,30.876329867518574,125.73539707333863,91.17211388047747,15.0,182.54944751729874,660.9078590142514
731,Shanghai SouthCh - Nagoya,SEA,PILOT_TO_PILOT,3,731,649,4,5,TssOut,BtwSaki,30.87612716555176,125.74024415663851,91.17211388047747,15.0,182.79952081411398,660.6577857174361
732,Shanghai SouthCh - Nagoya,SEA,PILOT_TO_PILOT,3,732,650,4,5,TssOut,BtwSaki,30.875924282976637,125.74509121942287,91.17211388047747,15.0,183.0495941109292,660.4077124206209
733,Shanghai SouthCh - Nagoya,SEA,PILOT_TO_PILOT,3,733,651,4,5,TssOut,BtwSaki,30.875721219795434,125.74993826167369,91.17211388047747,15.0,183.29966740774444,660.1576391238057
734,Shanghai SouthCh - Nagoya,SEA,PILOT_TO_PILOT,3,734,652,4,5,TssOut,BtwSaki,30.875517976010336,125.75478528337293,91.17211388047747,15.0,183.54974070455964,659.9075658269904
735,Shanghai SouthCh - Nagoya,SEA,PILOT_TO_PILOT,3,735,653,4,5,TssOut,BtwSaki,30.8753145516236,125.75963228450259,91.17211388047747,15.0,183.79981400137487,659.6574925301752
736,Shanghai SouthCh - Nagoya,SEA,PILOT_TO_PILOT,3,736,654,4,5,TssOut,BtwSaki,30.87511094663743,125.76447926504464,91.17211388047747,15.0,184.0498872981901,659.40741923336
737,Shanghai SouthCh - Nagoya,SEA,PILOT_TO_PILOT,3,737,655,4,5,TssOut,BtwSaki,30.874907161054054,125.76932622498109,91.17211388047747,15.0,184.29996059500533,659.1573459365447
738,Shanghai SouthCh - Nagoya,SEA,PILOT_TO_PILOT,3,738,656,4,5,TssOut,BtwSaki,30.874703194875707,125.77417316429387,91.17211388047747,15.0,184.55003389182056,658.9072726397295
739,Shanghai SouthCh - Nagoya,SEA,PILOT_TO_PILOT,3,739,657,4,5,TssOut,BtwSaki,30.874499048104596,125.77902008296503,91.17211388047747,15.0,184.8001071886358,658.6571993429143
740,Shanghai SouthCh - Nagoya,SEA,PILOT_TO_PILOT,3,740,658,4,5,TssOut,BtwSaki,30.874294720742974,125.7838669809765,91.17211388047747,15.0,185.05018048545102,658.407126046099
741,Shanghai SouthCh - Nagoya,SEA,PILOT_TO_PILOT,3,741,659,4,5,TssOut,BtwSaki,30.87409021279306,125.78871385831033,91.17211388047747,15.0,185.30025378226625,658.1570527492838
742,Shanghai SouthCh - Nagoya,SEA,PILOT_TO_PILOT,3,742,660,4,5,TssOut,BtwSaki,30.8738855242571,125.79356071494848,91.17211388047747,15.0,185.55032707908148,657.9069794524686
743,Shanghai SouthCh - Nagoya,SEA,PILOT_TO_PILOT,3,743,661,4,5,TssOut,BtwSaki,30.87368065513731,125.79840755087291,91.17211388047747,15.0,185.8004003758967,657.6569061556534
744,Shanghai SouthCh - Nagoya,SEA,PILOT_TO_PILOT,3,744,662,4,5,TssOut,BtwSaki,30.87347560543595,125.80325436606564,91.17211388047747,15.0,186.05047367271192,657.4068328588382
745,Shanghai SouthCh - Nagoya,SEA,PILOT_TO_PILOT,3,745,663,4,5,TssOut,BtwSaki,30.87327037515525,125.80810116050868,91.17211388047747,15.0,186.30054696952715,657.1567595620229
746,Shanghai SouthCh - Nagoya,SEA,PILOT_TO_PILOT,3,746,664,4,5,TssOut,BtwSaki,30.87306496429744,125.81294793418398,91.17211388047747,15.0,186.55062026634238,656.9066862652078
747,Shanghai SouthCh - Nagoya,SEA,PILOT_TO_PILOT,3,747,665,4,5,TssOut,BtwSaki,30.87285937286479,125.81779468707359,91.17211388047747,15.0,186.8006935631576,656.6566129683924
748,Shanghai SouthCh - Nagoya,SEA,PILOT_TO_PILOT,3,748,666,4,5,TssOut,BtwSaki,30.872653600859532,125.82264141915944,91.17211388047747,15.0,187.05076685997284,656.4065396715773
749,Shanghai SouthCh - Nagoya,SEA,PILOT_TO_PILOT,3,749,667,4,5,TssOut,BtwSaki,30.872447648283913,125.82748813042356,91.17211388047747,15.0,187.30084015678807,656.156466374762
750,Shanghai SouthCh - Nagoya,SEA,PILOT_TO_PILOT,3,750,668,4,5,TssOut,BtwSaki,30.87224151514019,125.83233482084793,91.17211388047747,15.0,187.5509134536033,655.9063930779469
751,Shanghai SouthCh - Nagoya,SEA,PILOT_TO_PILOT,3,751,669,4,5,TssOut,BtwSaki,30.872035201430595,125.83718149041457,91.17211388047747,15.0,187.80098675041853,655.6563197811315
752,Shanghai SouthCh - Nagoya,SEA,PILOT_TO_PILOT,3,752,670,4,5,TssOut,BtwSaki,30.871828707157405,125.84202813910547,91.17211388047747,15.0,188.05106004723373,655.4062464843164
753,Shanghai SouthCh - Nagoya,SEA,PILOT_TO_PILOT,3,753,671,4,5,TssOut,BtwSaki,30.87162203232286,125.84687476690262,91.17211388047747,15.0,188.30113334404896,655.1561731875012
754,Shanghai SouthCh - Nagoya,SEA,PILOT_TO_PILOT,3,754,672,4,5,TssOut,BtwSaki,30.87141517692923,125.85172137378804,91.17211388047747,15.0,188.5512066408642,654.9060998906859
755,Shanghai SouthCh - Nagoya,SEA,PILOT_TO_PILOT,3,755,673,4,5,TssOut,BtwSaki,30.871208140978762,125.8565679597437,91.17211388047747,15.0,188.80127993767942,654.6560265938707
756,Shanghai SouthCh - Nagoya,SEA,PILOT_TO_PILOT,3,756,674,4,5,TssOut,BtwSaki,30.87100092447373,125.8614145247516,91.17211388047747,15.0,189.05135323449466,654.4059532970555
757,Shanghai SouthCh - Nagoya,SEA,PILOT_TO_PILOT,3,757,675,4,5,TssOut,BtwSaki,30.87079352741639,125.86626106879378,91.17211388047747,15.0,189.3014265313099,654.1558800002402
758,Shanghai SouthCh - Nagoya,SEA,PILOT_TO_PILOT,3,758,676,4,5,TssOut,BtwSaki,30.870585949809012,125.87110759185222,91.17211388047747,15.0,189.55149982812512,653.905806703425
759,Shanghai SouthCh - Nagoya,SEA,PILOT_TO_PILOT,3,759,677,4,5,TssOut,BtwSaki,30.870378191653852,125.87595409390892,91.17211388047747,15.0,189.80157312494035,653.6557334066098
760,Shanghai SouthCh - Nagoya,SEA,PILOT_TO_PILOT,3,760,678,4,5,TssOut,BtwSaki,30.87017025295319,125.88080057494591,91.17211388047747,15.0,190.05164642175558,653.4056601097946
761,Shanghai SouthCh - Nagoya,SEA,PILOT_TO_PILOT,3,761,679,4,5,TssOut,BtwSaki,30.869962133709294,125.88564703494515,91.17211388047747,15.0,190.30171971857078,653.1555868129793
762,Shanghai SouthCh - Nagoya,SEA,PILOT_TO_PILOT,3,762,680,4,5,TssOut,BtwSaki,30.869753833924438,125.89049347388872,91.17211388047747,15.0,190.551793015386,652.9055135161641
763,Shanghai SouthCh - Nagoya,SEA,PILOT_TO_PILOT,3,763,681,4,5,TssOut,BtwSaki,30.869545353600905,125.89533989175855,91.17211388047747,15.0,190.80186631220124,652.6554402193489
764,Shanghai SouthCh - Nagoya,SEA,PILOT_TO_PILOT,3,764,682,4,5,TssOut,BtwSaki,30.86933669274095,125.90018628853669,91.17211388047747,15.0,191.05193960901647,652.4053669225336
765,Shanghai SouthCh - Nagoya,SEA,PILOT_TO_PILOT,3,765,683,4,5,TssOut,BtwSaki,30.869127851346867,125.90503266420514,91.17211388047747,15.0,191.3020129058317,652.1552936257184
766,Shanghai SouthCh - Nagoya,SEA,PILOT_TO_PILOT,3,766,684,4,5,TssOut,BtwSaki,30.868918829420945,125.90987901874593,91.17211388047747,15.0,191.55208620264693,651.9052203289032
767,Shanghai SouthCh - Nagoya,SEA,PILOT_TO_PILOT,3,767,685,4,5,TssOut,BtwSaki,30.86870962696544,125.91472535214102,91.17211388047747,15.0,191.80215949946216,651.6551470320879
768,Shanghai SouthCh - Nagoya,SEA,PILOT_TO_PILOT,3,768,686,4,5,TssOut,BtwSaki,30.86850024398267,125.9195716643725,91.17211388047747,15.0,192.0522327962774,651.4050737352727
769,Shanghai SouthCh - Nagoya,SEA,PILOT_TO_PILOT,3,769,687,4,5,TssOut,BtwSaki,30.8682906804749,125.9244179554223,91.17211388047747,15.0,192.30230609309262,651.1550004384575
770,Shanghai SouthCh - Nagoya,SEA,PILOT_TO_PILOT,3,770,688,4,5,TssOut,BtwSaki,30.86808093644442,125.9292642252725,91.17211388047747,15.0,192.55237938990783,650.9049271416422
771,Shanghai SouthCh - Nagoya,SEA,PILOT_TO_PILOT,3,771,689,4,5,TssOut,BtwSaki,30.86787101189353,125.93411047390508,91.17211388047747,15.0,192.80245268672306,650.654853844827
772,Shanghai SouthCh - Nagoya,SEA,PILOT_TO_PILOT,3,772,690,4,5,TssOut,BtwSaki,30.867660906824515,125.9389567013021,91.17211388047747,15.0,193.0525259835383,650.4047805480118
773,Shanghai SouthCh - Nagoya,SEA,PILOT_TO_PILOT,3,773,691,4,5,TssOut,BtwSaki,30.867450621239673,125.9438029074455,91.17211388047747,15.0,193.30259928035352,650.1547072511966
774,Shanghai SouthCh - Nagoya,SEA,PILOT_TO_PILOT,3,774,692,4,5,TssOut,BtwSaki,30.867240155141296,125.94864909231735,91.17211388047747,15.0,193.55267257716875,649.9046339543813
775,Shanghai SouthCh - Nagoya,SEA,PILOT_TO_PILOT,3,775,693,4,5,TssOut,BtwSaki,30.867029508531697,125.9534952558997,91.17211388047747,15.0,193.80274587398398,649.6545606575661
776,Shanghai SouthCh - Nagoya,SEA,PILOT_TO_PILOT,3,776,694,4,5,TssOut,BtwSaki,30.866818681413157,125.95834139817448,91.17211388047747,15.0,194.0528191707992,649.4044873607509
777,Shanghai SouthCh - Nagoya,SEA,PILOT_TO_PILOT,3,777,695,4,5,TssOut,BtwSaki,30.86660767378798,125.9631875191238,91.17211388047747,15.0,194.30289246761444,649.1544140639356
778,Shanghai SouthCh - Nagoya,SEA,PILOT_TO_PILOT,3,778,696,4,5,TssOut,BtwSaki,30.86639648565848,125.96803361872962,91.17211388047747,15.0,194.55296576442967,648.9043407671204
779,Shanghai SouthCh - Nagoya,SEA,PILOT_TO_PILOT,3,779,697,4,5,TssOut,BtwSaki,30.86618511702697,125.97287969697402,91.17211388047747,15.0,194.80303906124487,648.6542674703053
780,Shanghai SouthCh - Nagoya,SEA,PILOT_TO_PILOT,3,780,698,4,5,TssOut,BtwSaki,30.865973567895736,125.97772575383898,91.17211388047747,15.0,195.0531123580601,648.4041941734899
781,Shanghai SouthCh - Nagoya,SEA,PILOT_TO_PILOT,3,781,699,4,5,TssOut,BtwSaki,30.8657618382671,125.98257178930652,91.17211388047747,15.0,195.30318565487534,648.1541208766748
782,Shanghai SouthCh - Nagoya,SEA,PILOT_TO_PILOT,3,782,700,4,5,TssOut,BtwSaki,30.865549928143377,125.9874178033587,91.17211388047747,15.0,195.55325895169057,647.9040475798595
783,Shanghai SouthCh - Nagoya,SEA,PILOT_TO_PILOT,3,783,701,4,5,TssOut,BtwSaki,30.865337837526873,125.9922637959775,91.17211388047747,15.0,195.8033322485058,647.6539742830444
784,Shanghai SouthCh - Nagoya,SEA,PILOT_TO_PILOT,3,784,702,4,5,TssOut,BtwSaki,30.865125566419913,125.99710976714498,91.17211388047747,15.0,196.05340554532103,647.403900986229
785,Shanghai SouthCh - Nagoya,SEA,PILOT_TO_PILOT,3,785,703,4,5,TssOut,BtwSaki,30.864913114824798,126.00195571684318,91.17211388047747,15.0,196.30347884213626,647.1538276894139
786,Shanghai SouthCh - Nagoya,SEA,PILOT_TO_PILOT,3,786,704,4,5,TssOut,BtwSaki,30.864700482743874,126.0068016450541,91.17211388047747,15.0,196.5535521389515,646.9037543925986
787,Shanghai SouthCh - Nagoya,SEA,PILOT_TO_PILOT,3,787,705,4,5,TssOut,BtwSaki,30.864487670179443,126.0116475517598,91.17211388047747,15.0,196.80362543576672,646.6536810957834
788,Shanghai SouthCh - Nagoya,SEA,PILOT_TO_PILOT,3,788,706,4,5,TssOut,BtwSaki,30.864274677133846,126.01649343694228,91.17211388047747,15.0,197.05369873258192,646.4036077989682
789,Shanghai SouthCh - Nagoya,SEA,PILOT_TO_PILOT,3,789,707,4,5,TssOut,BtwSaki,30.864061503609374,126.02133930058359,91.17211388047747,15.0,197.30377202939715,646.153534502153
790,Shanghai SouthCh - Nagoya,SEA,PILOT_TO_PILOT,3,790,708,4,5,TssOut,BtwSaki,30.863848149608387,126.02618514266577,91.17211388047747,15.0,197.55384532621238,645.9034612053377
791,Shanghai SouthCh - Nagoya,SEA,PILOT_TO_PILOT,3,791,709,4,5,TssOut,BtwSaki,30.863634615133208,126.0310309631708,91.17211388047747,15.0,197.8039186230276,645.6533879085225
792,Shanghai SouthCh - Nagoya,SEA,PILOT_TO_PILOT,3,792,710,4,5,TssOut,BtwSaki,30.863420900186163,126.0358767620808,91.17211388047747,15.0,198.05399191984284,645.4033146117073
793,Shanghai SouthCh - Nagoya,SEA,PILOT_TO_PILOT,3,793,711,4,5,TssOut,BtwSaki,30.863207004769585,126.04072253937778,91.17211388047747,15.0,198.30406521665807,645.153241314892
794,Shanghai SouthCh - Nagoya,SEA,PILOT_TO_PILOT,3,794,712,4,5,TssOut,BtwSaki,30.86299292888581,126.04556829504372,91.17211388047747,15.0,198.5541385134733,644.9031680180768
795,Shanghai SouthCh - Nagoya,SEA,PILOT_TO_PILOT,3,795,713,4,5,TssOut,BtwSaki,30.862778672537182,126.0504140290607,91.17211388047747,15.0,198.80421181028854,644.6530947212616
796,Shanghai SouthCh - Nagoya,SEA,PILOT_TO_PILOT,3,796,714,4,5,TssOut,BtwSaki,30.862564235726026,126.05525974141078,91.17211388047747,15.0,199.05428510710377,644.4030214244464
797,Shanghai SouthCh - Nagoya,SEA,PILOT_TO_PILOT,3,797,715,4,5,TssOut,BtwSaki,30.8623496184547,126.06010543207597,91.17211388047747,15.0,199.30435840391897,644.1529481276311
798,Shanghai SouthCh - Nagoya,SEA,PILOT_TO_PILOT,3,798,716,4,5,TssOut,BtwSaki,30.86213482072553,126.06495110103835,91.17211388047747,15.0,199.5544317007342,643.9028748308159
799,Shanghai SouthCh - Nagoya,SEA,PILOT_TO_PILOT,3,799,717,4,5,TssOut,BtwSaki,30.861919842540875,126.06979674827987,91.17211388047747,15.0,199.80450499754943,643.6528015340007
800,Shanghai SouthCh - Nagoya,SEA,PILOT_TO_PILOT,3,800,718,4,5,TssOut,BtwSaki,30.86170468390308,126.07464237378265,91.17211388047747,15.0,200.05457829436466,643.4027282371854
801,Shanghai SouthCh - Nagoya,SEA,PILOT_TO_PILOT,3,801,719,4,5,TssOut,BtwSaki,30.86148934481448,126.07948797752873,91.17211388047747,15.0,200.3046515911799,643.1526549403702
802,Shanghai SouthCh - Nagoya,SEA,PILOT_TO_PILOT,3,802,720,4,5,TssOut,BtwSaki,30.861273825277436,126.08433355950012,91.17211388047747,15.0,200.55472488799512,642.902581643555
803,Shanghai SouthCh - Nagoya,SEA,PILOT_TO_PILOT,3,803,721,4,5,TssOut,BtwSaki,30.861058125294313,126.0891791196789,91.17211388047747,15.0,200.80479818481035,642.6525083467398
804,Shanghai SouthCh - Nagoya,SEA,PILOT_TO_PILOT,3,804,722,4,5,TssOut,BtwSaki,30.86084224486744,126.09402465804712,91.17211388047747,15.0,201.05487148162558,642.4024350499245
805,Shanghai SouthCh - Nagoya,SEA,PILOT_TO_PILOT,3,805,723,4,5,TssOut,BtwSaki,30.860626183999187,126.09887017458678,91.17211388047747,15.0,201.3049447784408,642.1523617531093
806,Shanghai SouthCh - Nagoya,SEA,PILOT_TO_PILOT,3,806,724,4,5,TssOut,BtwSaki,30.86040994269192,126.10371566927995,91.17211388047747,15.0,201.55501807525602,641.9022884562941
807,Shanghai SouthCh - Nagoya,SEA,PILOT_TO_PILOT,3,807,725,4,5,TssOut,BtwSaki,30.860193520947988,126.10856114210871,91.17211388047747,15.0,201.80509137207125,641.6522151594788
808,Shanghai SouthCh - Nagoya,SEA,PILOT_TO_PILOT,3,808,726,4,5,TssOut,BtwSaki,30.85997691876976,126.11340659305506,91.17211388047747,15.0,202.05516466888648,641.4021418626636
809,Shanghai SouthCh - Nagoya,SEA,PILOT_TO_PILOT,3,809,727,4,5,TssOut,BtwSaki,30.859760136159597,126.11825202210109,91.17211388047747,15.0,202.3052379657017,641.1520685658484
810,Shanghai SouthCh - Nagoya,SEA,PILOT_TO_PILOT,3,810,728,4,5,TssOut,BtwSaki,30.859543173119864,126.12309742922884,91.17211388047747,15.0,202.55531126251694,640.9019952690331
811,Shanghai SouthCh - Nagoya,SEA,PILOT_TO_PILOT,3,811,729,4,5,TssOut,BtwSaki,30.859326029652916,126.12794281442036,91.17211388047747,15.0,202.80538455933217,640.6519219722179
812,Shanghai SouthCh - Nagoya,SEA,PILOT_TO_PILOT,3,812,730,4,5,TssOut,BtwSaki,30.85910870576116,126.13278817765772,91.17211388047747,15.0,203.0554578561474,640.4018486754027
813,Shanghai SouthCh - Nagoya,SEA,PILOT_TO_PILOT,3,813,731,4,5,TssOut,BtwSaki,30.858891201446937,126.13763351892294,91.17211388047747,15.0,203.30553115296263,640.1517753785874
814,Shanghai SouthCh - Nagoya,SEA,PILOT_TO_PILOT,3,814,732,4,5,TssOut,BtwSaki,30.858673516712624,126.14247883819809,91.17211388047747,15.0,203.55560444977786,639.9017020817722
815,Shanghai SouthCh - Nagoya,SEA,PILOT_TO_PILOT,3,815,733,4,5,TssOut,BtwSaki,30.858455651560615,126.14732413546524,91.17211388047747,15.0,203.80567774659306,639.651628784957
816,Shanghai SouthCh - Nagoya,SEA,PILOT_TO_PILOT,3,816,734,4,5,TssOut,BtwSaki,30.85823760599326,126.15216941070645,91.17211388047747,15.0,204.0557510434083,639.4015554881419
817,Shanghai SouthCh - Nagoya,SEA,PILOT_TO_PILOT,3,817,735,4,5,TssOut,BtwSaki,30.858019380012966,126.15701466390375,91.17211388047747,15.0,204.30582434022352,639.1514821913265
818,Shanghai SouthCh - Nagoya,SEA,PILOT_TO_PILOT,3,818,736,4,5,TssOut,BtwSaki,30.857800973622098,126.16185989503924,91.17211388047747,15.0,204.55589763703875,638.9014088945114
819,Shanghai SouthCh - Nagoya,SEA,PILOT_TO_PILOT,3,819,737,4,5,TssOut,BtwSaki,30.85758238682305,126.16670510409493,91.17211388047747,15.0,204.80597093385398,638.6513355976961
820,Shanghai SouthCh - Nagoya,SEA,PILOT_TO_PILOT,3,820,738,4,5,TssOut,BtwSaki,30.8573636196182,126.17155029105292,91.17211388047747,15.0,205.05604423066922,638.401262300881
821,Shanghai SouthCh - Nagoya,SEA,PILOT_TO_PILOT,3,821,739,4,5,TssOut,BtwSaki,30.85714467200994,126.17639545589527,91.17211388047747,15.0,205.30611752748445,638.1511890040656
822,Shanghai SouthCh - Nagoya,SEA,PILOT_TO_PILOT,3,822,740,4,5,TssOut,BtwSaki,30.856925544000653,126.18124059860406,91.17211388047747,15.0,205.55619082429968,637.9011157072505
823,Shanghai SouthCh - Nagoya,SEA,PILOT_TO_PILOT,3,823,741,4,5,TssOut,BtwSaki,30.856706235592736,126.18608571916128,91.17211388047747,15.0,205.8062641211149,637.6510424104351
824,Shanghai SouthCh - Nagoya,SEA,PILOT_TO_PILOT,3,824,742,4,5,TssOut,BtwSaki,30.856486746788576,126.19093081754909,91.17211388047747,15.0,206.0563374179301,637.40096911362
825,Shanghai SouthCh - Nagoya,SEA,PILOT_TO_PILOT,3,825,743,4,5,TssOut,BtwSaki,30.856267077590584,126.1957758937495,91.17211388047747,15.0,206.30641071474534,637.1508958168048
826,Shanghai SouthCh - Nagoya,SEA,PILOT_TO_PILOT,3,826,744,4,5,TssOut,BtwSaki,30.856047228001135,126.20062094774458,91.17211388047747,15.0,206.55648401156057,636.9008225199896
827,Shanghai SouthCh - Nagoya,SEA,PILOT_TO_PILOT,3,827,745,4,5,TssOut,BtwSaki,30.855827198022652,126.2054659795164,91.17211388047747,15.0,206.8065573083758,636.6507492231743
828,Shanghai SouthCh - Nagoya,SEA,PILOT_TO_PILOT,3,828,746,4,5,TssOut,BtwSaki,30.855606987657517,126.21031098904706,91.17211388047747,15.0,207.05663060519103,636.4006759263591
829,Shanghai SouthCh - Nagoya,SEA,PILOT_TO_PILOT,3,829,747,4,5,TssOut,BtwSaki,30.85538659690815,126.2151559763186,91.17211388047747,15.0,207.30670390200626,636.1506026295439
830,Shanghai SouthCh - Nagoya,SEA,PILOT_TO_PILOT,3,830,748,4,5,TssOut,BtwSaki,30.855166025776935,126.2200009413131,91.17211388047747,15.0,207.5567771988215,635.9005293327286
831,Shanghai SouthCh - Nagoya,SEA,PILOT_TO_PILOT,3,831,749,4,5,TssOut,BtwSaki,30.854945274266285,126.22484588401261,91.17211388047747,15.0,207.80685049563672,635.6504560359134
832,Shanghai SouthCh - Nagoya,SEA,PILOT_TO_PILOT,3,832,750,4,5,TssOut,BtwSaki,30.854724342378624,126.22969080439925,91.17211388047747,15.0,208.05692379245195,635.4003827390982
833,Shanghai SouthCh - Nagoya,SEA,PILOT_TO_PILOT,3,833,751,4,5,TssOut,BtwSaki,30.854503230116354,126.23453570245508,91.17211388047747,15.0,208.30699708926716,635.150309442283
834,Shanghai SouthCh - Nagoya,SEA,PILOT_TO_PILOT,3,834,752,4,5,TssOut,BtwSaki,30.854281937481886,126.23938057816213,91.17211388047747,15.0,208.5570703860824,634.9002361454677
835,Shanghai SouthCh - Nagoya,SEA,PILOT_TO_PILOT,3,835,753,4,5,TssOut,BtwSaki,30.854060464477627,126.24422543150251,91.17211388047747,15.0,208.80714368289762,634.6501628486525
836,Shanghai SouthCh - Nagoya,SEA,PILOT_TO_PILOT,3,836,754,4,5,TssOut,BtwSaki,30.85383881110601,126.2490702624583,91.17211388047747,15.0,209.05721697971285,634.4000895518373
837,Shanghai SouthCh - Nagoya,SEA,PILOT_TO_PILOT,3,837,755,4,5,TssOut,BtwSaki,30.85361697736944,126.25391507101158,91.17211388047747,15.0,209.30729027652808,634.150016255022
838,Shanghai SouthCh - Nagoya,SEA,PILOT_TO_PILOT,3,838,756,4,5,TssOut,BtwSaki,30.853394963270343,126.25875985714444,91.17211388047747,15.0,209.5573635733433,633.8999429582068
839,Shanghai SouthCh - Nagoya,SEA,PILOT_TO_PILOT,3,839,757,4,5,TssOut,BtwSaki,30.853172768811138,126.26360462083892,91.17211388047747,15.0,209.80743687015854,633.6498696613916
840,Shanghai SouthCh - Nagoya,SEA,PILOT_TO_PILOT,3,840,758,4,5,TssOut,BtwSaki,30.85295039399426,126.26844936207712,91.17211388047747,15.0,210.05751016697377,633.3997963645763
841,Shanghai SouthCh - Nagoya,SEA,PILOT_TO_PILOT,3,841,759,4,5,TssOut,BtwSaki,30.85272783882213,126.27329408084113,91.17211388047747,15.0,210.307583463789,633.1497230677611
842,Shanghai SouthCh - Nagoya,SEA,PILOT_TO_PILOT,3,842,760,4,5,TssOut,BtwSaki,30.852505103297165,126.27813877711304,91.17211388047747,15.0,210.5576567606042,632.8996497709459
843,Shanghai SouthCh - Nagoya,SEA,PILOT_TO_PILOT,3,843,761,4,5,TssOut,BtwSaki,30.852282187421803,126.2829834508749,91.17211388047747,15.0,210.80773005741943,632.6495764741306
844,Shanghai SouthCh - Nagoya,SEA,PILOT_TO_PILOT,3,844,762,4,5,TssOut,BtwSaki,30.85205909119848,126.28782810210885,91.17211388047747,15.0,211.05780335423466,632.3995031773154
845,Shanghai SouthCh - Nagoya,SEA,PILOT_TO_PILOT,3,845,763,4,5,TssOut,BtwSaki,30.85183581462963,126.2926727307969,91.17211388047747,15.0,211.3078766510499,632.1494298805002
846,Shanghai SouthCh - Nagoya,SEA,PILOT_TO_PILOT,3,846,764,4,5,TssOut,BtwSaki,30.85161235771768,126.2975173369212,91.17211388047747,15.0,211.55794994786513,631.899356583685
847,Shanghai SouthCh - Nagoya,SEA,PILOT_TO_PILOT,3,847,765,4,5,TssOut,BtwSaki,30.85138872046508,126.30236192046382,91.17211388047747,15.0,211.80802324468036,631.6492832868697
848,Shanghai SouthCh - Nagoya,SEA,PILOT_TO_PILOT,3,848,766,4,5,TssOut,BtwSaki,30.851164902874253,126.30720648140685,91.17211388047747,15.0,212.0580965414956,631.3992099900545
849,Shanghai SouthCh - Nagoya,SEA,PILOT_TO_PILOT,3,849,767,4,5,TssOut,BtwSaki,30.850940904947663,126.31205101973237,91.17211388047747,15.0,212.30816983831082,631.1491366932393
850,Shanghai SouthCh - Nagoya,SEA,PILOT_TO_PILOT,3,850,768,4,5,TssOut,BtwSaki,30.850716726687736,126.31689553542247,91.17211388047747,15.0,212.55824313512602,630.899063396424
851,Shanghai SouthCh - Nagoya,SEA,PILOT_TO_PILOT,3,851,769,4,5,TssOut,BtwSaki,30.850492368096923,126.32174002845926,91.17211388047747,15.0,212.80831643194125,630.6489900996089
852,Shanghai SouthCh - Nagoya,SEA,PILOT_TO_PILOT,3,852,770,4,5,TssOut,BtwSaki,30.850267829177675,126.32658449882481,91.17211388047747,15.0,213.05838972875648,630.3989168027936
853,Shanghai SouthCh - Nagoya,SEA,PILOT_TO_PILOT,3,853,771,4,5,TssOut,BtwSaki,30.85004310993244,126.33142894650122,91.17211388047747,15.0,213.3084630255717,630.1488435059784
854,Shanghai SouthCh - Nagoya,SEA,PILOT_TO_PILOT,3,854,772,4,5,TssOut,BtwSaki,30.84981821036366,126.3362733714706,91.17211388047747,15.0,213.55853632238694,629.8987702091631
855,Shanghai SouthCh - Nagoya,SEA,PILOT_TO_PILOT,3,855,773,4,5,TssOut,BtwSaki,30.84959313047381,126.34111777371503,91.17211388047747,15.0,213.80860961920217,629.648696912348
856,Shanghai SouthCh - Nagoya,SEA,PILOT_TO_PILOT,3,856,774,4,5,TssOut,BtwSaki,30.849367870265326,126.34596215321662,91.17211388047747,15.0,214.0586829160174,629.3986236155326
857,Shanghai SouthCh - Nagoya,SEA,PILOT_TO_PILOT,3,857,775,4,5,TssOut,BtwSaki,30.84914242974066,126.35080650995745,91.17211388047747,15.0,214.30875621283263,629.1485503187175
858,Shanghai SouthCh - Nagoya,SEA,PILOT_TO_PILOT,3,858,776,4,5,TssOut,BtwSaki,30.848916808902295,126.35565084391963,91.17211388047747,15.0,214.55882950964786,628.8984770219022
859,Shanghai SouthCh - Nagoya,SEA,PILOT_TO_PILOT,3,859,777,4,5,TssOut,BtwSaki,30.848691007752663,126.36049515508525,91.17211388047747,15.0,214.80890280646307,628.6484037250871
860,Shanghai SouthCh - Nagoya,SEA,PILOT_TO_PILOT,3,860,778,4,5,TssOut,BtwSaki,30.84846502629425,126.36533944343641,91.17211388047747,15.0,215.0589761032783,628.3983304282718
861,Shanghai SouthCh - Nagoya,SEA,PILOT_TO_PILOT,3,861,779,4,5,TssOut,BtwSaki,30.84823886452952,126.37018370895522,91.17211388047747,15.0,215.30904940009353,628.1482571314566
862,Shanghai SouthCh - Nagoya,SEA,PILOT_TO_PILOT,3,862,780,4,5,TssOut,BtwSaki,30.848012522460937,126.37502795162378,91.17211388047747,15.0,215.55912269690876,627.8981838346414
863,Shanghai SouthCh - Nagoya,SEA,PILOT_TO_PILOT,3,863,781,4,5,TssOut,BtwSaki,30.84778600009096,126.37987217142421,91.17211388047747,15.0,215.809195993724,627.6481105378261
864,Shanghai SouthCh - Nagoya,SEA,PILOT_TO_PILOT,3,864,782,4,5,TssOut,BtwSaki,30.847559297422066,126.38471636833859,91.17211388047747,15.0,216.05926929053922,627.3980372410109
865,Shanghai SouthCh - Nagoya,SEA,PILOT_TO_PILOT,3,865,783,4,5,TssOut,BtwSaki,30.847332414456726,126.38956054234905,91.17211388047747,15.0,216.30934258735445,627.1479639441957
866,Shanghai SouthCh - Nagoya,SEA,PILOT_TO_PILOT,3,866,784,4,5,TssOut,BtwSaki,30.84710535119742,126.39440469343765,91.17211388047747,15.0,216.55941588416968,626.8978906473804
867,Shanghai SouthCh - Nagoya,SEA,PILOT_TO_PILOT,3,867,785,4,5,TssOut,BtwSaki,30.84687810764662,126.39924882158654,91.17211388047747,15.0,216.8094891809849,626.6478173505652
868,Shanghai SouthCh - Nagoya,SEA,PILOT_TO_PILOT,3,868,786,4,5,TssOut,BtwSaki,30.8466506838068,126.40409292677784,91.17211388047747,15.0,217.0595624778001,626.39774405375
869,Shanghai SouthCh - Nagoya,SEA,PILOT_TO_PILOT,3,869,787,4,5,TssOut,BtwSaki,30.846423079680452,126.4089370089936,91.17211388047747,15.0,217.30963577461534,626.1476707569348
870,Shanghai SouthCh - Nagoya,SEA,PILOT_TO_PILOT,3,870,788,4,5,TssOut,BtwSaki,30.846195295270064,126.413781068216,91.17211388047747,15.0,217.55970907143058,625.8975974601195
871,Shanghai SouthCh - Nagoya,SEA,PILOT_TO_PILOT,3,871,789,4,5,TssOut,BtwSaki,30.84596733057809,126.41862510442708,91.17211388047747,15.0,217.8097823682458,625.6475241633043
872,Shanghai SouthCh - Nagoya,SEA,PILOT_TO_PILOT,3,872,790,4,5,TssOut,BtwSaki,30.845739185607037,126.42346911760903,91.17211388047747,15.0,218.05985566506104,625.3974508664891
873,Shanghai SouthCh - Nagoya,SEA,PILOT_TO_PILOT,3,873,791,4,5,TssOut,BtwSaki,30.845510860359386,126.4283131077439,91.17211388047747,15.0,218.30992896187627,625.1473775696738
874,Shanghai SouthCh - Nagoya,SEA,PILOT_TO_PILOT,3,874,792,4,5,TssOut,BtwSaki,30.845282354837654,126.43315707481383,91.17211388047747,15.0,218.5600022586915,624.8973042728586
875,Shanghai SouthCh - Nagoya,SEA,PILOT_TO_PILOT,3,875,793,4,5,TssOut,BtwSaki,30.84505366904429,126.43800101880095,91.17211388047747,15.0,218.81007555550673,624.6472309760434
876,Shanghai SouthCh - Nagoya,SEA,PILOT_TO_PILOT,3,876,794,4,5,TssOut,BtwSaki,30.844824802981822,126.44284493968735,91.17211388047747,15.0,219.06014885232196,624.3971576792281
877,Shanghai SouthCh - Nagoya,SEA,PILOT_TO_PILOT,3,877,795,4,5,TssOut,BtwSaki,30.844595756652723,126.44768883745515,91.17211388047747,15.0,219.31022214913716,624.1470843824129
878,Shanghai SouthCh - Nagoya,SEA,PILOT_TO_PILOT,3,878,796,4,5,TssOut,BtwSaki,30.844366530059503,126.45253271208648,91.17211388047747,15.0,219.5602954459524,623.8970110855977
879,Shanghai SouthCh - Nagoya,SEA,PILOT_TO_PILOT,3,879,797,4,5,TssOut,BtwSaki,30.844137123204657,126.45737656356349,91.17211388047747,15.0,219.81036874276762,623.6469377887825
880,Shanghai SouthCh - Nagoya,SEA,PILOT_TO_PILOT,3,880,798,4,5,TssOut,BtwSaki,30.843907536090686,126.46222039186823,91.17211388047747,15.0,220.06044203958285,623.3968644919672
881,Shanghai SouthCh - Nagoya,SEA,PILOT_TO_PILOT,3,881,799,4,5,TssOut,BtwSaki,30.843677768720113,126.46706419698286,91.17211388047747,15.0,220.31051533639808,623.146791195152
882,Shanghai SouthCh - Nagoya,SEA,PILOT_TO_PILOT,3,882,800,4,5,TssOut,BtwSaki,30.8434478210954,126.47190797888949,91.17211388047747,15.0,220.5605886332133,622.8967178983368
883,Shanghai SouthCh - Nagoya,SEA,PILOT_TO_PILOT,3,883,801,4,5,TssOut,BtwSaki,30.8432176932191,126.4767517375703,91.17211388047747,15.0,220.81066193002854,622.6466446015215
884,Shanghai SouthCh - Nagoya,SEA,PILOT_TO_PILOT,3,884,802,4,5,TssOut,BtwSaki,30.842987385093707,126.48159547300733,91.17211388047747,15.0,221.06073522684378,622.3965713047063
885,Shanghai SouthCh - Nagoya,SEA,PILOT_TO_PILOT,3,885,803,4,5,TssOut,BtwSaki,30.84275689672171,126.48643918518275,91.17211388047747,15.0,221.310808523659,622.1464980078911
886,Shanghai SouthCh - Nagoya,SEA,PILOT_TO_PILOT,3,886,804,4,5,TssOut,BtwSaki,30.84252622810565,126.49128287407869,91.17211388047747,15.0,221.5608818204742,621.896424711076
887,Shanghai SouthCh - Nagoya,SEA,PILOT_TO_PILOT,3,887,805,4,5,TssOut,BtwSaki,30.842295379248036,126.49612653967725,91.17211388047747,15.0,221.81095511728944,621.6463514142606
888,Shanghai SouthCh - Nagoya,SEA,PILOT_TO_PILOT,3,888,806,4,5,TssOut,BtwSaki,30.842064350151382,126.50097018196061,91.17211388047747,15.0,222.06102841410467,621.3962781174455
889,Shanghai SouthCh - Nagoya,SEA,PILOT_TO_PILOT,3,889,807,4,5,TssOut,BtwSaki,30.841833140818192,126.50581380091084,91.17211388047747,15.0,222.3111017109199,621.1462048206301
890,Shanghai SouthCh - Nagoya,SEA,PILOT_TO_PILOT,3,890,808,4,5,TssOut,BtwSaki,30.841601751251027,126.5106573965101,91.17211388047747,15.0,222.56117500773513,620.896131523815
891,Shanghai SouthCh - Nagoya,SEA,PILOT_TO_PILOT,3,891,809,4,5,TssOut,BtwSaki,30.84137018145237,126.51550096874053,91.17211388047747,15.0,222.81124830455036,620.6460582269997
892,Shanghai SouthCh - Nagoya,SEA,PILOT_TO_PILOT,3,892,810,4,5,TssOut,BtwSaki,30.841138431424756,126.52034451758423,91.17211388047747,15.0,223.0613216013656,620.3959849301846
893,Shanghai SouthCh - Nagoya,SEA,PILOT_TO_PILOT,3,893,811,4,5,TssOut,BtwSaki,30.840906501170725,126.52518804302339,91.17211388047747,15.0,223.31139489818082,620.1459116333692
894,Shanghai SouthCh - Nagoya,SEA,PILOT_TO_PILOT,3,894,812,4,5,TssOut,BtwSaki,30.8406743906928,126.53003154504009,91.17211388047747,15.0,223.56146819499605,619.8958383365541
895,Shanghai SouthCh - Nagoya,SEA,PILOT_TO_PILOT,3,895,813,4,5,TssOut,BtwSaki,30.840442099993492,126.53487502361646,91.17211388047747,15.0,223.81154149181125,619.6457650397389
896,Shanghai SouthCh - Nagoya,SEA,PILOT_TO_PILOT,3,896,814,4,5,TssOut,BtwSaki,30.840209629075368,126.53971847873473,91.17211388047747,15.0,224.06161478862649,619.3956917429236
897,Shanghai SouthCh - Nagoya,SEA,PILOT_TO_PILOT,3,897,815,4,5,TssOut,BtwSaki,30.83997697794094,126.5445619103769,91.17211388047747,15.0,224.31168808544172,619.1456184461084
898,Shanghai SouthCh - Nagoya,SEA,PILOT_TO_PILOT,3,898,816,4,5,TssOut,BtwSaki,30.83974414659274,126.5494053185252,91.17211388047747,15.0,224.56176138225695,618.8955451492932
899,Shanghai SouthCh - Nagoya,SEA,PILOT_TO_PILOT,3,899,817,4,5,TssOut,BtwSaki,30.83951113503332,126.55424870316176,91.17211388047747,15.0,224.81183467907218,618.645471852478
900,Shanghai SouthCh - Nagoya,SEA,PILOT_TO_PILOT,3,900,818,4,5,TssOut,BtwSaki,30.83927794326522,126.5590920642687,91.17211388047747,15.0,225.0619079758874,618.3953985556627
901,Shanghai SouthCh - Nagoya,SEA,PILOT_TO_PILOT,3,901,819,4,5,TssOut,BtwSaki,30.839044571290973,126.56393540182818,91.17211388047747,15.0,225.31198127270264,618.1453252588475
902,Shanghai SouthCh - Nagoya,SEA,PILOT_TO_PILOT,3,902,820,4,5,TssOut,BtwSaki,30.838811019113127,126.56877871582232,91.17211388047747,15.0,225.56205456951787,617.8952519620323
903,Shanghai SouthCh - Nagoya,SEA,PILOT_TO_PILOT,3,903,821,4,5,TssOut,BtwSaki,30.838577286734232,126.5736220062333,91.17211388047747,15.0,225.8121278663331,617.645178665217
904,Shanghai SouthCh - Nagoya,SEA,PILOT_TO_PILOT,3,904,822,4,5,TssOut,BtwSaki,30.838343374156825,126.57846527304322,91.17211388047747,15.0,226.0622011631483,617.3951053684018
905,Shanghai SouthCh - Nagoya,SEA,PILOT_TO_PILOT,3,905,823,4,5,TssOut,BtwSaki,30.838109281383463,126.58330851623424,91.17211388047747,15.0,226.31227445996353,617.1450320715866
906,Shanghai SouthCh - Nagoya,SEA,PILOT_TO_PILOT,3,906,824,4,5,TssOut,BtwSaki,30.8378750084167,126.58815173578853,91.17211388047747,15.0,226.56234775677876,616.8949587747713
907,Shanghai SouthCh - Nagoya,SEA,PILOT_TO_PILOT,3,907,825,4,5,TssOut,BtwSaki,30.83764055525909,126.59299493168822,91.17211388047747,15.0,226.812421053594,616.6448854779561
908,Shanghai SouthCh - Nagoya,SEA,PILOT_TO_PILOT,3,908,826,4,5,TssOut,BtwSaki,30.83740592191319,126.59783810391548,91.17211388047747,15.0,227.06249435040922,616.3948121811409
909,Shanghai SouthCh - Nagoya,SEA,PILOT_TO_PILOT,3,909,827,4,5,TssOut,BtwSaki,30.837171108381547,126.60268125245244,91.17211388047747,15.0,227.31256764722445,616.1447388843256
910,Shanghai SouthCh - Nagoya,SEA,PILOT_TO_PILOT,3,910,828,4,5,TssOut,BtwSaki,30.836936114666738,126.60752437728124,91.17211388047747,15.0,227.56264094403969,615.8946655875104
911,Shanghai SouthCh - Nagoya,SEA,PILOT_TO_PILOT,3,911,829,4,5,TssOut,BtwSaki,30.836700940771298,126.61236747838403,91.17211388047747,15.0,227.81271424085492,615.6445922906952
912,Shanghai SouthCh - Nagoya,SEA,PILOT_TO_PILOT,3,912,830,4,5,TssOut,BtwSaki,30.836465586697813,126.617210555743,91.17211388047747,15.0,228.06278753767015,615.39451899388
913,Shanghai SouthCh - Nagoya,SEA,PILOT_TO_PILOT,3,913,831,4,5,TssOut,BtwSaki,30.83623005244884,126.62205360934027,91.17211388047747,15.0,228.31286083448535,615.1444456970647
914,Shanghai SouthCh - Nagoya,SEA,PILOT_TO_PILOT,3,914,832,4,5,TssOut,BtwSaki,30.83599433802695,126.626896639158,91.17211388047747,15.0,228.56293413130058,614.8943724002495
915,Shanghai SouthCh - Nagoya,SEA,PILOT_TO_PILOT,3,915,833,4,5,TssOut,BtwSaki,30.835758443434713,126.63173964517838,91.17211388047747,15.0,228.8130074281158,614.6442991034343
916,Shanghai SouthCh - Nagoya,SEA,PILOT_TO_PILOT,3,916,834,4,5,TssOut,BtwSaki,30.835522368674688,126.63658262738353,91.17211388047747,15.0,229.06308072493104,614.394225806619
917,Shanghai SouthCh - Nagoya,SEA,PILOT_TO_PILOT,3,917,835,4,5,TssOut,BtwSaki,30.83528611374946,126.6414255857556,91.17211388047747,15.0,229.31315402174627,614.1441525098038
918,Shanghai SouthCh - Nagoya,SEA,PILOT_TO_PILOT,3,918,836,4,5,TssOut,BtwSaki,30.835049678661605,126.6462685202768,91.17211388047747,15.0,229.5632273185615,613.8940792129886
919,Shanghai SouthCh - Nagoya,SEA,PILOT_TO_PILOT,3,919,837,4,5,TssOut,BtwSaki,30.83481306341369,126.65111143092923,91.17211388047747,15.0,229.81330061537673,613.6440059161733
920,Shanghai SouthCh - Nagoya,SEA,PILOT_TO_PILOT,3,920,838,4,5,TssOut,BtwSaki,30.834576268008302,126.65595431769509,91.17211388047747,15.0,230.06337391219196,613.3939326193581
921,Shanghai SouthCh - Nagoya,SEA,PILOT_TO_PILOT,3,921,839,4,5,TssOut,BtwSaki,30.83433929244801,126.66079718055653,91.17211388047747,15.0,230.3134472090072,613.1438593225429
922,Shanghai SouthCh - Nagoya,SEA,PILOT_TO_PILOT,3,922,840,4,5,TssOut,BtwSaki,30.834102136735424,126.66564001949573,91.17211388047747,15.0,230.5635205058224,612.8937860257276
923,Shanghai SouthCh - Nagoya,SEA,PILOT_TO_PILOT,3,923,841,4,5,TssOut,BtwSaki,30.83386480087309,126.67048283449483,91.17211388047747,15.0,230.81359380263763,612.6437127289125
924,Shanghai SouthCh - Nagoya,SEA,PILOT_TO_PILOT,3,924,842,4,5,TssOut,BtwSaki,30.83362728486362,126.67532562553599,91.17211388047747,15.0,231.06366709945286,612.3936394320972
925,Shanghai SouthCh - Nagoya,SEA,PILOT_TO_PILOT,3,925,843,4,5,TssOut,BtwSaki,30.833389588709597,126.68016839260142,91.17211388047747,15.0,231.3137403962681,612.1435661352821
926,Shanghai SouthCh - Nagoya,SEA,PILOT_TO_PILOT,3,926,844,4,5,TssOut,BtwSaki,30.833151712413613,126.68501113567325,91.17211388047747,15.0,231.56381369308332,611.8934928384667
927,Shanghai SouthCh - Nagoya,SEA,PILOT_TO_PILOT,3,927,845,4,5,TssOut,BtwSaki,30.83291365597826,126.68985385473366,91.17211388047747,15.0,231.81388698989855,611.6434195416516
928,Shanghai SouthCh - Nagoya,SEA,PILOT_TO_PILOT,3,928,846,4,5,TssOut,BtwSaki,30.83267541940613,126.6946965497648,91.17211388047747,15.0,232.06396028671378,611.3933462448363
929,Shanghai SouthCh - Nagoya,SEA,PILOT_TO_PILOT,3,929,847,4,5,TssOut,BtwSaki,30.832437002699816,126.69953922074887,91.17211388047747,15.0,232.314033583529,611.1432729480211
930,Shanghai SouthCh - Nagoya,SEA,PILOT_TO_PILOT,3,930,848,4,5,TssOut,BtwSaki,30.832198405861924,126.70438186766805,91.17211388047747,15.0,232.56410688034424,610.8931996512058
931,Shanghai SouthCh - Nagoya,SEA,PILOT_TO_PILOT,3,931,849,4,5,TssOut,BtwSaki,30.831959628895042,126.70922449050447,91.17211388047747,15.0,232.81418017715944,610.6431263543907
932,Shanghai SouthCh - Nagoya,SEA,PILOT_TO_PILOT,3,932,850,4,5,TssOut,BtwSaki,30.831720671801776,126.71406708924032,91.17211388047747,15.0,233.06425347397467,610.3930530575755
933,Shanghai SouthCh - Nagoya,SEA,PILOT_TO_PILOT,3,933,851,4,5,TssOut,BtwSaki,30.831481534584743,126.7189096638578,91.17211388047747,15.0,233.3143267707899,610.1429797607602
934,Shanghai SouthCh - Nagoya,SEA,PILOT_TO_PILOT,3,934,852,4,5,TssOut,BtwSaki,30.831242217246533,126.72375221433906,91.17211388047747,15.0,233.56440006760513,609.892906463945
935,Shanghai SouthCh - Nagoya,SEA,PILOT_TO_PILOT,3,935,853,4,5,TssOut,BtwSaki,30.83100271978977,126.7285947406663,91.17211388047747,15.0,233.81447336442037,609.6428331671298
936,Shanghai SouthCh - Nagoya,SEA,PILOT_TO_PILOT,3,936,854,4,5,TssOut,BtwSaki,30.83076304221704,126.73343724282164,91.17211388047747,15.0,234.0645466612356,609.3927598703145
937,Shanghai SouthCh - Nagoya,SEA,PILOT_TO_PILOT,3,937,855,4,5,TssOut,BtwSaki,30.83052318453097,126.73827972078735,91.17211388047747,15.0,234.31461995805083,609.1426865734993
938,Shanghai SouthCh - Nagoya,SEA,PILOT_TO_PILOT,3,938,856,4,5,TssOut,BtwSaki,30.830283146734175,126.74312217454555,91.17211388047747,15.0,234.56469325486606,608.8926132766841
939,Shanghai SouthCh - Nagoya,SEA,PILOT_TO_PILOT,3,939,857,4,5,TssOut,BtwSaki,30.830042928829258,126.74796460407842,91.17211388047747,15.0,234.8147665516813,608.6425399798688
940,Shanghai SouthCh - Nagoya,SEA,PILOT_TO_PILOT,3,940,858,4,5,TssOut,BtwSaki,30.829802530818842,126.75280700936814,91.17211388047747,15.0,235.0648398484965,608.3924666830536
941,Shanghai SouthCh - Nagoya,SEA,PILOT_TO_PILOT,3,941,859,4,5,TssOut,BtwSaki,30.82956195270556,126.75764939039695,91.17211388047747,15.0,235.31491314531172,608.1423933862384
942,Shanghai SouthCh - Nagoya,SEA,PILOT_TO_PILOT,3,942,860,4,5,TssOut,BtwSaki,30.829321194492017,126.76249174714695,91.17211388047747,15.0,235.56498644212695,607.8923200894232
943,Shanghai SouthCh - Nagoya,SEA,PILOT_TO_PILOT,3,943,861,4,5,TssOut,BtwSaki,30.82908025618084,126.7673340796004,91.17211388047747,15.0,235.81505973894218,607.6422467926079
944,Shanghai SouthCh - Nagoya,SEA,PILOT_TO_PILOT,3,944,862,4,5,TssOut,BtwSaki,30.828839137774658,126.77217638773945,91.17211388047747,15.0,236.0651330357574,607.3921734957927
945,Shanghai SouthCh - Nagoya,SEA,PILOT_TO_PILOT,3,945,863,4,5,TssOut,BtwSaki,30.82859783927608,126.77701867154627,91.17211388047747,15.0,236.31520633257264,607.1421001989775
946,Shanghai SouthCh - Nagoya,SEA,PILOT_TO_PILOT,3,946,864,4,5,TssOut,BtwSaki,30.828356360687767,126.7818609310031,91.17211388047747,15.0,236.56527962938787,606.8920269021622
947,Shanghai SouthCh - Nagoya,SEA,PILOT_TO_PILOT,3,947,865,4,5,TssOut,BtwSaki,30.828114702012318,126.78670316609207,91.17211388047747,15.0,236.8153529262031,606.641953605347
948,Shanghai SouthCh - Nagoya,SEA,PILOT_TO_PILOT,3,948,866,4,5,TssOut,BtwSaki,30.82787286325239,126.79154537679543,91.17211388047747,15.0,237.06542622301833,606.3918803085318
949,Shanghai SouthCh - Nagoya,SEA,PILOT_TO_PILOT,3,949,867,4,5,TssOut,BtwSaki,30.8276308444106,126.79638756309534,91.17211388047747,15.0,237.31549951983354,606.1418070117165
950,Shanghai SouthCh - Nagoya,SEA,PILOT_TO_PILOT,3,950,868,4,5,TssOut,BtwSaki,30.827388645489584,126.80122972497398,91.17211388047747,15.0,237.56557281664877,605.8917337149013
951,Shanghai SouthCh - Nagoya,SEA,PILOT_TO_PILOT,3,951,869,4,5,TssOut,BtwSaki,30.827146266492,126.80607186241355,91.17211388047747,15.0,237.815646113464,605.6416604180861
952,Shanghai SouthCh - Nagoya,SEA,PILOT_TO_PILOT,3,952,870,4,5,TssOut,BtwSaki,30.82690370742047,126.81091397539628,91.17211388047747,15.0,238.06571941027923,605.3915871212708
953,Shanghai SouthCh - Nagoya,SEA,PILOT_TO_PILOT,3,953,871,4,5,TssOut,BtwSaki,30.826660968277643,126.81575606390433,91.17211388047747,15.0,238.31579270709446,605.1415138244556
954,Shanghai SouthCh - Nagoya,SEA,PILOT_TO_PILOT,3,954,872,4,5,TssOut,BtwSaki,30.826418049066163,126.8205981279199,91.17211388047747,15.0,238.5658660039097,604.8914405276404
955,Shanghai SouthCh - Nagoya,SEA,PILOT_TO_PILOT,3,955,873,4,5,TssOut,BtwSaki,30.82617494978868,126.8254401674252,91.17211388047747,15.0,238.81593930072492,604.6413672308252
956,Shanghai SouthCh - Nagoya,SEA,PILOT_TO_PILOT,3,956,874,4,5,TssOut,BtwSaki,30.82593167044783,126.83028218240241,91.17211388047747,15.0,239.06601259754015,604.3912939340099
957,Shanghai SouthCh - Nagoya,SEA,PILOT_TO_PILOT,3,957,875,4,5,TssOut,BtwSaki,30.825688211046273,126.83512417283376,91.17211388047747,15.0,239.31608589435538,604.1412206371947
958,Shanghai SouthCh - Nagoya,SEA,PILOT_TO_PILOT,3,958,876,4,5,TssOut,BtwSaki,30.82544457158665,126.83996613870144,91.17211388047747,15.0,239.56615919117058,603.8911473403796
959,Shanghai SouthCh - Nagoya,SEA,PILOT_TO_PILOT,3,959,877,4,5,TssOut,BtwSaki,30.82520075207163,126.84480807998762,91.17211388047747,15.0,239.81623248798581,603.6410740435642
960,Shanghai SouthCh - Nagoya,SEA,PILOT_TO_PILOT,3,960,878,4,5,TssOut,BtwSaki,30.82495675250387,126.84964999667456,91.17211388047747,15.0,240.06630578480105,603.3910007467491
961,Shanghai SouthCh - Nagoya,SEA,PILOT_TO_PILOT,3,961,879,4,5,TssOut,BtwSaki,30.82471257288601,126.85449188874442,91.17211388047747,15.0,240.31637908161628,603.1409274499338
962,Shanghai SouthCh - Nagoya,SEA,PILOT_TO_PILOT,3,962,880,4,5,TssOut,BtwSaki,30.824468213220715,126.85933375617942,91.17211388047747,15.0,240.5664523784315,602.8908541531187
963,Shanghai SouthCh - Nagoya,SEA,PILOT_TO_PILOT,3,963,881,4,5,TssOut,BtwSaki,30.824223673510655,126.86417559896176,91.17211388047747,15.0,240.81652567524674,602.6407808563033
964,Shanghai SouthCh - Nagoya,SEA,PILOT_TO_PILOT,3,964,882,4,5,TssOut,BtwSaki,30.823978953758495,126.86901741707369,91.17211388047747,15.0,241.06659897206197,602.3907075594882
965,Shanghai SouthCh - Nagoya,SEA,PILOT_TO_PILOT,3,965,883,4,5,TssOut,BtwSaki,30.823734053966888,126.87385921049737,91.17211388047747,15.0,241.3166722688772,602.1406342626728
966,Shanghai SouthCh - Nagoya,SEA,PILOT_TO_PILOT,3,966,884,4,5,TssOut,BtwSaki,30.823488974138506,126.87870097921503,91.17211388047747,15.0,241.56674556569243,601.8905609658577
967,Shanghai SouthCh - Nagoya,SEA,PILOT_TO_PILOT,3,967,885,4,5,TssOut,BtwSaki,30.823243714276014,126.88354272320886,91.17211388047747,15.0,241.81681886250763,601.6404876690425
968,Shanghai SouthCh - Nagoya,SEA,PILOT_TO_PILOT,3,968,886,4,5,TssOut,BtwSaki,30.822998274382098,126.88838444246107,91.17211388047747,15.0,242.06689215932286,601.3904143722273
969,Shanghai SouthCh - Nagoya,SEA,PILOT_TO_PILOT,3,969,887,4,5,TssOut,BtwSaki,30.82275265445941,126.8932261369539,91.17211388047747,15.0,242.3169654561381,601.140341075412
970,Shanghai SouthCh - Nagoya,SEA,PILOT_TO_PILOT,3,970,888,4,5,TssOut,BtwSaki,30.822506854510653,126.89806780666956,91.17211388047747,15.0,242.56703875295332,600.8902677785968
971,Shanghai SouthCh - Nagoya,SEA,PILOT_TO_PILOT,3,971,889,4,5,TssOut,BtwSaki,30.822260874538472,126.90290945159026,91.17211388047747,15.0,242.81711204976855,600.6401944817816
972,Shanghai SouthCh - Nagoya,SEA,PILOT_TO_PILOT,3,972,890,4,5,TssOut,BtwSaki,30.822014714545563,126.90775107169823,91.17211388047747,15.0,243.06718534658378,600.3901211849663
973,Shanghai SouthCh - Nagoya,SEA,PILOT_TO_PILOT,3,973,891,4,5,TssOut,BtwSaki,30.821768374534603,126.91259266697564,91.17211388047747,15.0,243.31725864339901,600.1400478881511
974,Shanghai SouthCh - Nagoya,SEA,PILOT_TO_PILOT,3,974,892,4,5,TssOut,BtwSaki,30.82152185450828,126.91743423740476,91.17211388047747,15.0,243.56733194021425,599.8899745913359
975,Shanghai SouthCh - Nagoya,SEA,PILOT_TO_PILOT,3,975,893,4,5,TssOut,BtwSaki,30.82127515446927,126.92227578296779,91.17211388047747,15.0,243.81740523702948,599.6399012945207
976,Shanghai SouthCh - Nagoya,SEA,PILOT_TO_PILOT,3,976,894,4,5,TssOut,BtwSaki,30.821028274420264,126.92711730364697,91.17211388047747,15.0,244.06747853384468,599.3898279977054
977,Shanghai SouthCh - Nagoya,SEA,PILOT_TO_PILOT,3,977,895,4,5,TssOut,BtwSaki,30.82078121436396,126.93195879942445,91.17211388047747,15.0,244.3175518306599,599.1397547008902
978,Shanghai SouthCh - Nagoya,SEA,PILOT_TO_PILOT,3,978,896,4,5,TssOut,BtwSaki,30.82053397430303,126.93680027028253,91.17211388047747,15.0,244.56762512747514,598.889681404075
979,Shanghai SouthCh - Nagoya,SEA,PILOT_TO_PILOT,3,979,897,4,5,TssOut,BtwSaki,30.820286554240173,126.94164171620342,91.17211388047747,15.0,244.81769842429037,598.6396081072597
980,Shanghai SouthCh - Nagoya,SEA,PILOT_TO_PILOT,3,980,898,4,5,TssOut,BtwSaki,30.820038954178084,126.94648313716934,91.17211388047747,15.0,245.0677717211056,598.3895348104445
981,Shanghai SouthCh - Nagoya,SEA,PILOT_TO_PILOT,3,981,899,4,5,TssOut,BtwSaki,30.819791174119466,126.95132453316248,91.17211388047747,15.0,245.31784501792083,598.1394615136293
982,Shanghai SouthCh - Nagoya,SEA,PILOT_TO_PILOT,3,982,900,4,5,TssOut,BtwSaki,30.819543214067,126.95616590416512,91.17211388047747,15.0,245.56791831473606,597.889388216814
983,Shanghai SouthCh - Nagoya,SEA,PILOT_TO_PILOT,3,983,901,4,5,TssOut,BtwSaki,30.819295074023405,126.96100725015945,91.17211388047747,15.0,245.8179916115513,597.6393149199988
984,Shanghai SouthCh - Nagoya,SEA,PILOT_TO_PILOT,3,984,902,4,5,TssOut,BtwSaki,30.819046753991362,126.96584857112771,91.17211388047747,15.0,246.06806490836652,597.3892416231836
985,Shanghai SouthCh - Nagoya,SEA,PILOT_TO_PILOT,3,985,903,4,5,TssOut,BtwSaki,30.818798253973604,126.97068986705214,91.17211388047747,15.0,246.31813820518173,597.1391683263683
986,Shanghai SouthCh - Nagoya,SEA,PILOT_TO_PILOT,3,986,904,4,5,TssOut,BtwSaki,30.818549573972806,126.97553113791498,91.17211388047747,15.0,246.56821150199696,596.8890950295531
987,Shanghai SouthCh - Nagoya,SEA,PILOT_TO_PILOT,3,987,905,4,5,TssOut,BtwSaki,30.818300713991697,126.98037238369844,91.17211388047747,15.0,246.8182847988122,596.6390217327379
988,Shanghai SouthCh - Nagoya,SEA,PILOT_TO_PILOT,3,988,906,4,5,TssOut,BtwSaki,30.818051674032972,126.98521360438474,91.17211388047747,15.0,247.06835809562742,596.3889484359227
989,Shanghai SouthCh - Nagoya,SEA,PILOT_TO_PILOT,3,989,907,4,5,TssOut,BtwSaki,30.817802454099354,126.99005479995617,91.17211388047747,15.0,247.31843139244265,596.1388751391074
990,Shanghai SouthCh - Nagoya,SEA,PILOT_TO_PILOT,3,990,908,4,5,TssOut,BtwSaki,30.817553054193546,126.9948959703949,91.17211388047747,15.0,247.56850468925788,595.8888018422922
991,Shanghai SouthCh - Nagoya,SEA,PILOT_TO_PILOT,3,991,909,4,5,TssOut,BtwSaki,30.817303474318273,126.99973711568323,91.17211388047747,15.0,247.8185779860731,595.638728545477
992,Shanghai SouthCh - Nagoya,SEA,PILOT_TO_PILOT,3,992,910,4,5,TssOut,BtwSaki,30.81705371447624,127.00457823580335,91.17211388047747,15.0,248.06865128288834,595.3886552486617
993,Shanghai SouthCh - Nagoya,SEA,PILOT_TO_PILOT,3,993,911,4,5,TssOut,BtwSaki,30.816803774670174,127.00941933073751,91.17211388047747,15.0,248.31872457970357,595.1385819518465
994,Shanghai SouthCh - Nagoya,SEA,PILOT_TO_PILOT,3,994,912,4,5,TssOut,BtwSaki,30.81655365490279,127.01426040046795,91.17211388047747,15.0,248.56879787651877,594.8885086550313
995,Shanghai SouthCh - Nagoya,SEA,PILOT_TO_PILOT,3,995,913,4,5,TssOut,BtwSaki,30.81630335517684,127.01910144497693,91.17211388047747,15.0,248.818871173334,594.6384353582162
996,Shanghai SouthCh - Nagoya,SEA,PILOT_TO_PILOT,3,996,914,4,5,TssOut,BtwSaki,30.816052875495,127.02394246424666,91.17211388047747,15.0,249.06894447014923,594.3883620614008
997,Shanghai SouthCh - Nagoya,SEA,PILOT_TO_PILOT,3,997,915,4,5,TssOut,BtwSaki,30.81580221586003,127.02878345825941,91.17211388047747,15.0,249.31901776696446,594.1382887645857
998,Shanghai SouthCh - Nagoya,SEA,PILOT_TO_PILOT,3,998,916,4,5,TssOut,BtwSaki,30.815551376274644,127.03362442699742,91.17211388047747,15.0,249.5690910637797,593.8882154677704
999,Shanghai SouthCh - Nagoya,SEA,PILOT_TO_PILOT,3,999,917,4,5,TssOut,BtwSaki,30.81530035674158,127.03846537044294,91.17211388047747,15.0,249.81916436059493,593.6381421709552
1000,Shanghai SouthCh - Nagoya,SEA,PILOT_TO_PILOT,3,1000,918,4,5,TssOut,BtwSaki,30.815049157263577,127.0433062885782,91.17211388047747,15.0,250.06923765741016,593.3880688741399
1001,Shanghai SouthCh - Nagoya,SEA,PILOT_TO_PILOT,3,1001,919,4,5,TssOut,BtwSaki,30.814797777843356,127.04814718138547,91.17211388047747,15.0,250.3193109542254,593.1379955773248
1002,Shanghai SouthCh - Nagoya,SEA,PILOT_TO_PILOT,3,1002,920,4,5,TssOut,BtwSaki,30.814546218483652,127.05298804884696,91.17211388047747,15.0,250.56938425104062,592.8879222805094
1003,Shanghai SouthCh - Nagoya,SEA,PILOT_TO_PILOT,3,1003,921,4,5,TssOut,BtwSaki,30.81429447918722,127.05782889094496,91.17211388047747,15.0,250.81945754785582,592.6378489836943
1004,Shanghai SouthCh - Nagoya,SEA,PILOT_TO_PILOT,3,1004,922,4,5,TssOut,BtwSaki,30.81404255995678,127.06266970766168,91.17211388047747,15.0,251.06953084467105,592.3877756868791
1005,Shanghai SouthCh - Nagoya,SEA,PILOT_TO_PILOT,3,1005,923,4,5,TssOut,BtwSaki,30.81379046079509,127.06751049897943,91.17211388047747,15.0,251.31960414148628,592.1377023900639
1006,Shanghai SouthCh - Nagoya,SEA,PILOT_TO_PILOT,3,1006,924,4,5,TssOut,BtwSaki,30.813538181704892,127.07235126488042,91.17211388047747,15.0,251.5696774383015,591.8876290932486
1007,Shanghai SouthCh - Nagoya,SEA,PILOT_TO_PILOT,3,1007,925,4,5,TssOut,BtwSaki,30.813285722688914,127.07719200534692,91.17211388047747,15.0,251.81975073511674,591.6375557964334
1008,Shanghai SouthCh - Nagoya,SEA,PILOT_TO_PILOT,3,1008,926,4,5,TssOut,BtwSaki,30.813033083749932,127.08203272036116,91.17211388047747,15.0,252.06982403193197,591.3874824996182
1009,Shanghai SouthCh - Nagoya,SEA,PILOT_TO_PILOT,3,1009,927,4,5,TssOut,BtwSaki,30.81278026489067,127.08687340990545,91.17211388047747,15.0,252.3198973287472,591.1374092028029
1010,Shanghai SouthCh - Nagoya,SEA,PILOT_TO_PILOT,3,1010,928,4,5,TssOut,BtwSaki,30.81252726611389,127.09171407396198,91.17211388047747,15.0,252.56997062556243,590.8873359059877
1011,Shanghai SouthCh - Nagoya,SEA,PILOT_TO_PILOT,3,1011,929,4,5,TssOut,BtwSaki,30.81227408742235,127.09655471251307,91.17211388047747,15.0,252.82004392237766,590.6372626091725
1012,Shanghai SouthCh - Nagoya,SEA,PILOT_TO_PILOT,3,1012,930,4,5,TssOut,BtwSaki,30.81202072881881,127.10139532554095,91.17211388047747,15.0,253.07011721919287,590.3871893123572
1013,Shanghai SouthCh - Nagoya,SEA,PILOT_TO_PILOT,3,1013,931,4,5,TssOut,BtwSaki,30.81176719030601,127.10623591302787,91.17211388047747,15.0,253.3201905160081,590.137116015542
1014,Shanghai SouthCh - Nagoya,SEA,PILOT_TO_PILOT,3,1014,932,4,5,TssOut,BtwSaki,30.811513471886713,127.1110764749561,91.17211388047747,15.0,253.57026381282333,589.8870427187268
1015,Shanghai SouthCh - Nagoya,SEA,PILOT_TO_PILOT,3,1015,933,4,5,TssOut,BtwSaki,30.811259573563696,127.11591701130793,91.17211388047747,15.0,253.82033710963856,589.6369694219115
1016,Shanghai SouthCh - Nagoya,SEA,PILOT_TO_PILOT,3,1016,934,4,5,TssOut,BtwSaki,30.811005495339703,127.12075752206557,91.17211388047747,15.0,254.0704104064538,589.3868961250963
1017,Shanghai SouthCh - Nagoya,SEA,PILOT_TO_PILOT,3,1017,935,4,5,TssOut,BtwSaki,30.81075123721751,127.12559800721137,91.17211388047747,15.0,254.32048370326902,589.1368228282811
1018,Shanghai SouthCh - Nagoya,SEA,PILOT_TO_PILOT,3,1018,936,4,5,TssOut,BtwSaki,30.810496799199875,127.1304384667275,91.17211388047747,15.0,254.57055700008425,588.8867495314659
1019,Shanghai SouthCh - Nagoya,SEA,PILOT_TO_PILOT,3,1019,937,4,5,TssOut,BtwSaki,30.81024218128959,127.1352789005963,91.17211388047747,15.0,254.82063029689948,588.6366762346506
1020,Shanghai SouthCh - Nagoya,SEA,PILOT_TO_PILOT,3,1020,938,4,5,TssOut,BtwSaki,30.809987383489393,127.1401193088,91.17211388047747,15.0,255.0707035937147,588.3866029378354
1021,Shanghai SouthCh - Nagoya,SEA,PILOT_TO_PILOT,3,1021,939,4,5,TssOut,BtwSaki,30.809732405802073,127.14495969132088,91.17211388047747,15.0,255.3207768905299,588.1365296410202
1022,Shanghai SouthCh - Nagoya,SEA,PILOT_TO_PILOT,3,1022,940,4,5,TssOut,BtwSaki,30.809477248230408,127.14980004814123,91.17211388047747,15.0,255.57085018734514,587.8864563442049
1023,Shanghai SouthCh - Nagoya,SEA,PILOT_TO_PILOT,3,1023,941,4,5,TssOut,BtwSaki,30.809221910777172,127.15464037924329,91.17211388047747,15.0,255.82092348416037,587.6363830473897
1024,Shanghai SouthCh - Nagoya,SEA,PILOT_TO_PILOT,3,1024,942,4,5,TssOut,BtwSaki,30.808966393445143,127.15948068460933,91.17211388047747,15.0,256.0709967809756,587.3863097505746
1025,Shanghai SouthCh - Nagoya,SEA,PILOT_TO_PILOT,3,1025,943,4,5,TssOut,BtwSaki,30.80871069623709,127.16432096422167,91.17211388047747,15.0,256.3210700777908,587.1362364537592
1026,Shanghai SouthCh - Nagoya,SEA,PILOT_TO_PILOT,3,1026,944,4,5,TssOut,BtwSaki,30.808454819155813,127.16916121806257,91.17211388047747,15.0,256.57114337460604,586.8861631569441
1027,Shanghai SouthCh - Nagoya,SEA,PILOT_TO_PILOT,3,1027,945,4,5,TssOut,BtwSaki,30.80819876220409,127.17400144611426,91.17211388047747,15.0,256.82121667142127,586.6360898601288
1028,Shanghai SouthCh - Nagoya,SEA,PILOT_TO_PILOT,3,1028,946,4,5,TssOut,BtwSaki,30.8079425253847,127.17884164835905,91.17211388047747,15.0,257.0712899682365,586.3860165633137
1029,Shanghai SouthCh - Nagoya,SEA,PILOT_TO_PILOT,3,1029,947,4,5,TssOut,BtwSaki,30.807686108700445,127.18368182477923,91.17211388047747,15.0,257.32136326505173,586.1359432664983
1030,Shanghai SouthCh - Nagoya,SEA,PILOT_TO_PILOT,3,1030,948,4,5,TssOut,BtwSaki,30.807429512154094,127.18852197535708,91.17211388047747,15.0,257.57143656186696,585.8858699696832
1031,Shanghai SouthCh - Nagoya,SEA,PILOT_TO_PILOT,3,1031,949,4,5,TssOut,BtwSaki,30.807172735748466,127.19336210007484,91.17211388047747,15.0,257.8215098586822,585.6357966728679
1032,Shanghai SouthCh - Nagoya,SEA,PILOT_TO_PILOT,3,1032,950,4,5,TssOut,BtwSaki,30.806915779486328,127.19820219891486,91.17211388047747,15.0,258.0715831554974,585.3857233760527
1033,Shanghai SouthCh - Nagoya,SEA,PILOT_TO_PILOT,3,1033,951,4,5,TssOut,BtwSaki,30.806658643370486,127.20304227185936,91.17211388047747,15.0,258.32165645231265,585.1356500792374
1034,Shanghai SouthCh - Nagoya,SEA,PILOT_TO_PILOT,3,1034,952,4,5,TssOut,BtwSaki,30.80640132740374,127.20788231889065,91.17211388047747,15.0,258.5717297491279,584.8855767824223
1035,Shanghai SouthCh - Nagoya,SEA,PILOT_TO_PILOT,3,1035,953,4,5,TssOut,BtwSaki,30.806143831588898,127.21272233999102,91.17211388047747,15.0,258.8218030459431,584.6355034856069
1036,Shanghai SouthCh - Nagoya,SEA,PILOT_TO_PILOT,3,1036,954,4,5,TssOut,BtwSaki,30.80588615592874,127.21756233514276,91.17211388047747,15.0,259.07187634275834,584.3854301887918
1037,Shanghai SouthCh - Nagoya,SEA,PILOT_TO_PILOT,3,1037,955,4,5,TssOut,BtwSaki,30.805628300426086,127.22240230432816,91.17211388047747,15.0,259.3219496395736,584.1353568919765
1038,Shanghai SouthCh - Nagoya,SEA,PILOT_TO_PILOT,3,1038,956,4,5,TssOut,BtwSaki,30.805370265083734,127.22724224752947,91.17211388047747,15.0,259.5720229363888,583.8852835951614
1039,Shanghai SouthCh - Nagoya,SEA,PILOT_TO_PILOT,3,1039,957,4,5,TssOut,BtwSaki,30.8051120499045,127.23208216472901,91.17211388047747,15.0,259.822096233204,583.6352102983461
1040,Shanghai SouthCh - Nagoya,SEA,PILOT_TO_PILOT,3,1040,958,4,5,TssOut,BtwSaki,30.804853654891186,127.23692205590908,91.17211388047747,15.0,260.0721695300192,583.3851370015309
1041,Shanghai SouthCh - Nagoya,SEA,PILOT_TO_PILOT,3,1041,959,4,5,TssOut,BtwSaki,30.804595080046592,127.24176192105196,91.17211388047747,15.0,260.32224282683444,583.1350637047157
1042,Shanghai SouthCh - Nagoya,SEA,PILOT_TO_PILOT,3,1042,960,4,5,TssOut,BtwSaki,30.804336325373555,127.24660176013994,91.17211388047747,15.0,260.57231612364967,582.8849904079004
1043,Shanghai SouthCh - Nagoya,SEA,PILOT_TO_PILOT,3,1043,961,4,5,TssOut,BtwSaki,30.804077390874866,127.25144157315533,91.17211388047747,15.0,260.8223894204649,582.6349171110852
1044,Shanghai SouthCh - Nagoya,SEA,PILOT_TO_PILOT,3,1044,962,4,5,TssOut,BtwSaki,30.803818276553358,127.25628136008042,91.17211388047747,15.0,261.07246271728013,582.38484381427
1045,Shanghai SouthCh - Nagoya,SEA,PILOT_TO_PILOT,3,1045,963,4,5,TssOut,BtwSaki,30.803558982411843,127.26112112089747,91.17211388047747,15.0,261.32253601409536,582.1347705174547
1046,Shanghai SouthCh - Nagoya,SEA,PILOT_TO_PILOT,3,1046,964,4,5,TssOut,BtwSaki,30.803299508453136,127.26596085558883,91.17211388047747,15.0,261.5726093109106,581.8846972206395
1047,Shanghai SouthCh - Nagoya,SEA,PILOT_TO_PILOT,3,1047,965,4,5,TssOut,BtwSaki,30.803039854680076,127.27080056413676,91.17211388047747,15.0,261.8226826077258,581.6346239238243
1048,Shanghai SouthCh - Nagoya,SEA,PILOT_TO_PILOT,3,1048,966,4,5,TssOut,BtwSaki,30.802780021095465,127.27564024652361,91.17211388047747,15.0,262.07275590454105,581.384550627009
1049,Shanghai SouthCh - Nagoya,SEA,PILOT_TO_PILOT,3,1049,967,4,5,TssOut,BtwSaki,30.802520007702146,127.28047990273163,91.17211388047747,15.0,262.3228292013563,581.1344773301938
1050,Shanghai SouthCh - Nagoya,SEA,PILOT_TO_PILOT,3,1050,968,4,5,TssOut,BtwSaki,30.802259814502957,127.28531953274315,91.17211388047747,15.0,262.5729024981715,580.8844040333786
1051,Shanghai SouthCh - Nagoya,SEA,PILOT_TO_PILOT,3,1051,969,4,5,TssOut,BtwSaki,30.801999441500698,127.29015913654044,91.17211388047747,15.0,262.82297579498675,580.6343307365634
1052,Shanghai SouthCh - Nagoya,SEA,PILOT_TO_PILOT,3,1052,970,4,5,TssOut,BtwSaki,30.80173888869821,127.29499871410586,91.17211388047747,15.0,263.073049091802,580.3842574397481
1053,Shanghai SouthCh - Nagoya,SEA,PILOT_TO_PILOT,3,1053,971,4,5,TssOut,BtwSaki,30.801478156098344,127.29983826542168,91.17211388047747,15.0,263.3231223886172,580.1341841429329
1054,Shanghai SouthCh - Nagoya,SEA,PILOT_TO_PILOT,3,1054,972,4,5,TssOut,BtwSaki,30.801217243703917,127.3046777904702,91.17211388047747,15.0,263.57319568543244,579.8841108461177
1055,Shanghai SouthCh - Nagoya,SEA,PILOT_TO_PILOT,3,1055,973,4,5,TssOut,BtwSaki,30.800956151517784,127.30951728923374,91.17211388047747,15.0,263.82326898224767,579.6340375493024
1056,Shanghai SouthCh - Nagoya,SEA,PILOT_TO_PILOT,3,1056,974,4,5,TssOut,BtwSaki,30.800694879542775,127.31435676169463,91.17211388047747,15.0,264.0733422790629,579.3839642524872
1057,Shanghai SouthCh - Nagoya,SEA,PILOT_TO_PILOT,3,1057,975,4,5,TssOut,BtwSaki,30.800433427781716,127.31919620783512,91.17211388047747,15.0,264.3234155758781,579.1338909556721
1058,Shanghai SouthCh - Nagoya,SEA,PILOT_TO_PILOT,3,1058,976,4,5,TssOut,BtwSaki,30.800171796237482,127.3240356276376,91.17211388047747,15.0,264.5734888726933,578.8838176588567
1059,Shanghai SouthCh - Nagoya,SEA,PILOT_TO_PILOT,3,1059,977,4,5,TssOut,BtwSaki,30.79990998491289,127.32887502108433,91.17211388047747,15.0,264.82356216950853,578.6337443620416
1060,Shanghai SouthCh - Nagoya,SEA,PILOT_TO_PILOT,3,1060,978,4,5,TssOut,BtwSaki,30.799647993810805,127.33371438815762,91.17211388047747,15.0,265.07363546632376,578.3836710652263
1061,Shanghai SouthCh - Nagoya,SEA,PILOT_TO_PILOT,3,1061,979,4,5,TssOut,BtwSaki,30.799385822934074,127.33855372883983,91.17211388047747,15.0,265.323708763139,578.1335977684112
1062,Shanghai SouthCh - Nagoya,SEA,PILOT_TO_PILOT,3,1062,980,4,5,TssOut,BtwSaki,30.799123472285537,127.34339304311321,91.17211388047747,15.0,265.5737820599542,577.8835244715958
1063,Shanghai SouthCh - Nagoya,SEA,PILOT_TO_PILOT,3,1063,981,4,5,TssOut,BtwSaki,30.798860941868053,127.34823233096014,91.17211388047747,15.0,265.82385535676946,577.6334511747807
1064,Shanghai SouthCh - Nagoya,SEA,PILOT_TO_PILOT,3,1064,982,4,5,TssOut,BtwSaki,30.798598231684487,127.35307159236291,91.17211388047747,15.0,266.0739286535847,577.3833778779654
1065,Shanghai SouthCh - Nagoya,SEA,PILOT_TO_PILOT,3,1065,983,4,5,TssOut,BtwSaki,30.798335341737687,127.35791082730384,91.17211388047747,15.0,266.3240019503999,577.1333045811502
1066,Shanghai SouthCh - Nagoya,SEA,PILOT_TO_PILOT,3,1066,984,4,5,TssOut,BtwSaki,30.79807227203051,127.36275003576526,91.17211388047747,15.0,266.57407524721515,576.8832312843349
1067,Shanghai SouthCh - Nagoya,SEA,PILOT_TO_PILOT,3,1067,985,4,5,TssOut,BtwSaki,30.797809022565804,127.3675892177295,91.17211388047747,15.0,266.8241485440304,576.6331579875198
1068,Shanghai SouthCh - Nagoya,SEA,PILOT_TO_PILOT,3,1068,986,4,5,TssOut,BtwSaki,30.797545593346463,127.37242837317883,91.17211388047747,15.0,267.0742218408456,576.3830846907044
1069,Shanghai SouthCh - Nagoya,SEA,PILOT_TO_PILOT,3,1069,987,4,5,TssOut,BtwSaki,30.797281984375324,127.37726750209565,91.17211388047747,15.0,267.32429513766084,576.1330113938893
1070,Shanghai SouthCh - Nagoya,SEA,PILOT_TO_PILOT,3,1070,988,4,5,TssOut,BtwSaki,30.797018195655266,127.38210660446222,91.17211388047747,15.0,267.57436843447607,575.882938097074
1071,Shanghai SouthCh - Nagoya,SEA,PILOT_TO_PILOT,3,1071,989,4,5,TssOut,BtwSaki,30.79675422718915,127.3869456802609,91.17211388047747,15.0,267.8244417312913,575.6328648002589
1072,Shanghai SouthCh - Nagoya,SEA,PILOT_TO_PILOT,3,1072,990,4,5,TssOut,BtwSaki,30.796490078979858,127.391784729474,91.17211388047747,15.0,268.07451502810653,575.3827915034435
1073,Shanghai SouthCh - Nagoya,SEA,PILOT_TO_PILOT,3,1073,991,4,5,TssOut,BtwSaki,30.79622575103025,127.39662375208388,91.17211388047747,15.0,268.32458832492176,575.1327182066284
1074,Shanghai SouthCh - Nagoya,SEA,PILOT_TO_PILOT,3,1074,992,4,5,TssOut,BtwSaki,30.79596124334321,127.40146274807284,91.17211388047747,15.0,268.574661621737,574.882644909813
1075,Shanghai SouthCh - Nagoya,SEA,PILOT_TO_PILOT,3,1075,993,4,5,TssOut,BtwSaki,30.795696555921598,127.4063017174232,91.17211388047747,15.0,268.82473491855217,574.6325716129979
1076,Shanghai SouthCh - Nagoya,SEA,PILOT_TO_PILOT,3,1076,994,4,5,TssOut,BtwSaki,30.795431688768307,127.41114066011733,91.17211388047747,15.0,269.0748082153674,574.3824983161827
1077,Shanghai SouthCh - Nagoya,SEA,PILOT_TO_PILOT,3,1077,995,4,5,TssOut,BtwSaki,30.795166641886212,127.41597957613754,91.17211388047747,15.0,269.3248815121826,574.1324250193675
1078,Shanghai SouthCh - Nagoya,SEA,PILOT_TO_PILOT,3,1078,996,4,5,TssOut,BtwSaki,30.794901415278193,127.42081846546618,91.17211388047747,15.0,269.57495480899786,573.8823517225522
1079,Shanghai SouthCh - Nagoya,SEA,PILOT_TO_PILOT,3,1079,997,4,5,TssOut,BtwSaki,30.794636008947133,127.42565732808555,91.17211388047747,15.0,269.8250281058131,573.632278425737
1080,Shanghai SouthCh - Nagoya,SEA,PILOT_TO_PILOT,3,1080,998,4,5,TssOut,BtwSaki,30.794370422895927,127.43049616397803,91.17211388047747,15.0,270.0751014026283,573.3822051289218
1081,Shanghai SouthCh - Nagoya,SEA,PILOT_TO_PILOT,3,1081,999,4,5,TssOut,BtwSaki,30.794104657127445,127.43533497312596,91.17211388047747,15.0,270.32517469944355,573.1321318321066
1082,Shanghai SouthCh - Nagoya,SEA,PILOT_TO_PILOT,3,1082,1000,4,5,TssOut,BtwSaki,30.79383871164459,127.44017375551161,91.17211388047747,15.0,270.5752479962588,572.8820585352913
1083,Shanghai SouthCh - Nagoya,SEA,PILOT_TO_PILOT,3,1083,1001,4,5,TssOut,BtwSaki,30.793572586450246,127.44501251111741,91.17211388047747,15.0,270.825321293074,572.6319852384761
1084,Shanghai SouthCh - Nagoya,SEA,PILOT_TO_PILOT,3,1084,1002,4,5,TssOut,BtwSaki,30.793306281547313,127.44985123992564,91.17211388047747,15.0,271.07539458988924,572.3819119416609
1085,Shanghai SouthCh - Nagoya,SEA,PILOT_TO_PILOT,3,1085,1003,4,5,TssOut,BtwSaki,30.79303979693867,127.45468994191864,91.17211388047747,15.0,271.3254678867045,572.1318386448456
1086,Shanghai SouthCh - Nagoya,SEA,PILOT_TO_PILOT,3,1086,1004,4,5,TssOut,BtwSaki,30.79277313262724,127.4595286170788,91.17211388047747,15.0,271.5755411835197,571.8817653480304
1087,Shanghai SouthCh - Nagoya,SEA,PILOT_TO_PILOT,3,1087,1005,4,5,TssOut,BtwSaki,30.792506288615897,127.46436726538846,91.17211388047747,15.0,271.82561448033493,571.6316920512152
1088,Shanghai SouthCh - Nagoya,SEA,PILOT_TO_PILOT,3,1088,1006,4,5,TssOut,BtwSaki,30.79223926490755,127.46920588682991,91.17211388047747,15.0,272.07568777715016,571.3816187543999
1089,Shanghai SouthCh - Nagoya,SEA,PILOT_TO_PILOT,3,1089,1007,4,5,TssOut,BtwSaki,30.791972061505113,127.47404448138555,91.17211388047747,15.0,272.3257610739654,571.1315454575847
1090,Shanghai SouthCh - Nagoya,SEA,PILOT_TO_PILOT,3,1090,1008,4,5,TssOut,BtwSaki,30.791704678411463,127.4788830490377,91.17211388047747,15.0,272.5758343707806,570.8814721607695
1091,Shanghai SouthCh - Nagoya,SEA,PILOT_TO_PILOT,3,1091,1009,4,5,TssOut,BtwSaki,30.791437115629538,127.48372158976875,91.17211388047747,15.0,272.82590766759586,570.6313988639542
1092,Shanghai SouthCh - Nagoya,SEA,PILOT_TO_PILOT,3,1092,1010,4,5,TssOut,BtwSaki,30.791169373162226,127.48856010356099,91.17211388047747,15.0,273.0759809644111,570.381325567139
1093,Shanghai SouthCh - Nagoya,SEA,PILOT_TO_PILOT,3,1093,1011,4,5,TssOut,BtwSaki,30.790901451012445,127.49339859039681,91.17211388047747,15.0,273.32605426122626,570.1312522703238
1094,Shanghai SouthCh - Nagoya,SEA,PILOT_TO_PILOT,3,1094,1012,4,5,TssOut,BtwSaki,30.7906333491831,127.49823705025855,91.17211388047747,15.0,273.5761275580415,569.8811789735087
1095,Shanghai SouthCh - Nagoya,SEA,PILOT_TO_PILOT,3,1095,1013,4,5,TssOut,BtwSaki,30.79036506767712,127.50307548312857,91.17211388047747,15.0,273.8262008548567,569.6311056766933
1096,Shanghai SouthCh - Nagoya,SEA,PILOT_TO_PILOT,3,1096,1014,4,5,TssOut,BtwSaki,30.790096606497407,127.50791388898924,91.17211388047747,15.0,274.07627415167195,569.3810323798782
1097,Shanghai SouthCh - Nagoya,SEA,PILOT_TO_PILOT,3,1097,1015,4,5,TssOut,BtwSaki,30.789827965646875,127.51275226782288,91.17211388047747,15.0,274.3263474484872,569.1309590830629
1098,Shanghai SouthCh - Nagoya,SEA,PILOT_TO_PILOT,3,1098,1016,4,5,TssOut,BtwSaki,30.78955914512846,127.5175906196119,91.17211388047747,15.0,274.5764207453024,568.8808857862477
1099,Shanghai SouthCh - Nagoya,SEA,PILOT_TO_PILOT,3,1099,1017,4,5,TssOut,BtwSaki,30.789290144945067,127.52242894433859,91.17211388047747,15.0,274.82649404211764,568.6308124894324
1100,Shanghai SouthCh - Nagoya,SEA,PILOT_TO_PILOT,3,1100,1018,4,5,TssOut,BtwSaki,30.78902096509963,127.52726724198537,91.17211388047747,15.0,275.0765673389329,568.3807391926173
1101,Shanghai SouthCh - Nagoya,SEA,PILOT_TO_PILOT,3,1101,1019,4,5,TssOut,BtwSaki,30.78875160559508,127.53210551253457,91.17211388047747,15.0,275.3266406357481,568.1306658958019
1102,Shanghai SouthCh - Nagoya,SEA,PILOT_TO_PILOT,3,1102,1020,4,5,TssOut,BtwSaki,30.788482066434327,127.53694375596857,91.17211388047747,15.0,275.57671393256334,567.8805925989868
1103,Shanghai SouthCh - Nagoya,SEA,PILOT_TO_PILOT,3,1103,1021,4,5,TssOut,BtwSaki,30.788212347620306,127.54178197226972,91.17211388047747,15.0,275.82678722937857,567.6305193021715
1104,Shanghai SouthCh - Nagoya,SEA,PILOT_TO_PILOT,3,1104,1022,4,5,TssOut,BtwSaki,30.78794244915596,127.54662016142038,91.17211388047747,15.0,276.0768605261938,567.3804460053564
1105,Shanghai SouthCh - Nagoya,SEA,PILOT_TO_PILOT,3,1105,1023,4,5,TssOut,BtwSaki,30.787672371044195,127.55145832340291,91.17211388047747,15.0,276.326933823009,567.130372708541
1106,Shanghai SouthCh - Nagoya,SEA,PILOT_TO_PILOT,3,1106,1024,4,5,TssOut,BtwSaki,30.787402113287985,127.55629645819972,91.17211388047747,15.0,276.57700711982426,566.8802994117259
1107,Shanghai SouthCh - Nagoya,SEA,PILOT_TO_PILOT,3,1107,1025,4,5,TssOut,BtwSaki,30.78713167589024,127.56113456579313,91.17211388047747,15.0,276.8270804166395,566.6302261149106
1108,Shanghai SouthCh - Nagoya,SEA,PILOT_TO_PILOT,3,1108,1026,4,5,TssOut,BtwSaki,30.786861058853898,127.56597264616553,91.17211388047747,15.0,277.0771537134547,566.3801528180954
1109,Shanghai SouthCh - Nagoya,SEA,PILOT_TO_PILOT,3,1109,1027,4,5,TssOut,BtwSaki,30.78659026218191,127.57081069929932,91.17211388047747,15.0,277.32722701026995,566.1300795212801
1110,Shanghai SouthCh - Nagoya,SEA,PILOT_TO_PILOT,3,1110,1028,4,5,TssOut,BtwSaki,30.786319285877205,127.57564872517682,91.17211388047747,15.0,277.5773003070852,565.880006224465
1111,Shanghai SouthCh - Nagoya,SEA,PILOT_TO_PILOT,3,1111,1029,4,5,TssOut,BtwSaki,30.786048129942746,127.58048672378042,91.17211388047747,15.0,277.8273736039004,565.6299329276496
1112,Shanghai SouthCh - Nagoya,SEA,PILOT_TO_PILOT,3,1112,1030,4,5,TssOut,BtwSaki,30.785776794381476,127.5853246950925,91.17211388047747,15.0,278.07744690071564,565.3798596308345
1113,Shanghai SouthCh - Nagoya,SEA,PILOT_TO_PILOT,3,1113,1031,4,5,TssOut,BtwSaki,30.78550527919633,127.59016263909542,91.17211388047747,15.0,278.3275201975309,565.1297863340192
1114,Shanghai SouthCh - Nagoya,SEA,PILOT_TO_PILOT,3,1114,1032,4,5,TssOut,BtwSaki,30.785233584390262,127.59500055577158,91.17211388047747,15.0,278.5775934943461,564.879713037204
1115,Shanghai SouthCh - Nagoya,SEA,PILOT_TO_PILOT,3,1115,1033,4,5,TssOut,BtwSaki,30.784961709966232,127.59983844510333,91.17211388047747,15.0,278.8276667911613,564.6296397403888
1116,Shanghai SouthCh - Nagoya,SEA,PILOT_TO_PILOT,3,1116,1034,4,5,TssOut,BtwSaki,30.78468965592719,127.6046763070731,91.17211388047747,15.0,279.0777400879765,564.3795664435736
1117,Shanghai SouthCh - Nagoya,SEA,PILOT_TO_PILOT,3,1117,1035,4,5,TssOut,BtwSaki,30.784417422276086,127.60951414166321,91.17211388047747,15.0,279.32781338479174,564.1294931467584
1118,Shanghai SouthCh - Nagoya,SEA,PILOT_TO_PILOT,3,1118,1036,4,5,TssOut,BtwSaki,30.78414500901589,127.61435194885608,91.17211388047747,15.0,279.57788668160697,563.8794198499431
1119,Shanghai SouthCh - Nagoya,SEA,PILOT_TO_PILOT,3,1119,1037,4,5,TssOut,BtwSaki,30.78387241614955,127.61918972863405,91.17211388047747,15.0,279.8279599784222,563.6293465531279
1120,Shanghai SouthCh - Nagoya,SEA,PILOT_TO_PILOT,3,1120,1038,4,5,TssOut,BtwSaki,30.783599643680034,127.62402748097955,91.17211388047747,15.0,280.07803327523743,563.3792732563127
1121,Shanghai SouthCh - Nagoya,SEA,PILOT_TO_PILOT,3,1121,1039,4,5,TssOut,BtwSaki,30.783326691610302,127.62886520587496,91.17211388047747,15.0,280.32810657205266,563.1291999594974
1122,Shanghai SouthCh - Nagoya,SEA,PILOT_TO_PILOT,3,1122,1040,4,5,TssOut,BtwSaki,30.783053559943315,127.63370290330262,91.17211388047747,15.0,280.5781798688679,562.8791266626822
1123,Shanghai SouthCh - Nagoya,SEA,PILOT_TO_PILOT,3,1123,1041,4,5,TssOut,BtwSaki,30.782780248682055,127.63854057324498,91.17211388047747,15.0,280.8282531656831,562.629053365867
1124,Shanghai SouthCh - Nagoya,SEA,PILOT_TO_PILOT,3,1124,1042,4,5,TssOut,BtwSaki,30.782506757829477,127.64337821568438,91.17211388047747,15.0,281.07832646249835,562.3789800690517
1125,Shanghai SouthCh - Nagoya,SEA,PILOT_TO_PILOT,3,1125,1043,4,5,TssOut,BtwSaki,30.78223308738856,127.64821583060322,91.17211388047747,15.0,281.3283997593136,562.1289067722365
1126,Shanghai SouthCh - Nagoya,SEA,PILOT_TO_PILOT,3,1126,1044,4,5,TssOut,BtwSaki,30.781959237362276,127.6530534179839,91.17211388047747,15.0,281.5784730561288,561.8788334754213
1127,Shanghai SouthCh - Nagoya,SEA,PILOT_TO_PILOT,3,1127,1045,4,5,TssOut,BtwSaki,30.781685207753586,127.65789097780882,91.17211388047747,15.0,281.82854635294404,561.6287601786061
1128,Shanghai SouthCh - Nagoya,SEA,PILOT_TO_PILOT,3,1128,1046,4,5,TssOut,BtwSaki,30.781410998565487,127.66272851006036,91.17211388047747,15.0,282.0786196497593,561.3786868817908
1129,Shanghai SouthCh - Nagoya,SEA,PILOT_TO_PILOT,3,1129,1047,4,5,TssOut,BtwSaki,30.78113660980095,127.66756601472089,91.17211388047747,15.0,282.3286929465745,561.1286135849756
1130,Shanghai SouthCh - Nagoya,SEA,PILOT_TO_PILOT,3,1130,1048,4,5,TssOut,BtwSaki,30.780862041462957,127.67240349177287,91.17211388047747,15.0,282.57876624338974,560.8785402881604
1131,Shanghai SouthCh - Nagoya,SEA,PILOT_TO_PILOT,3,1131,1049,4,5,TssOut,BtwSaki,30.78058729355448,127.67724094119862,91.17211388047747,15.0,282.82883954020497,560.6284669913451
1132,Shanghai SouthCh - Nagoya,SEA,PILOT_TO_PILOT,3,1132,1050,4,5,TssOut,BtwSaki,30.780312366078515,127.68207836298059,91.17211388047747,15.0,283.0789128370202,560.3783936945299
1133,Shanghai SouthCh - Nagoya,SEA,PILOT_TO_PILOT,3,1133,1051,4,5,TssOut,BtwSaki,30.780037259038036,127.68691575710118,91.17211388047747,15.0,283.3289861338354,560.1283203977148
1134,Shanghai SouthCh - Nagoya,SEA,PILOT_TO_PILOT,3,1134,1052,4,5,TssOut,BtwSaki,30.779761972436056,127.69175312354275,91.17211388047747,15.0,283.5790594306506,559.8782471008994
1135,Shanghai SouthCh - Nagoya,SEA,PILOT_TO_PILOT,3,1135,1053,4,5,TssOut,BtwSaki,30.779486506275546,127.69659046228774,91.17211388047747,15.0,283.82913272746583,559.6281738040843
1136,Shanghai SouthCh - Nagoya,SEA,PILOT_TO_PILOT,3,1136,1054,4,5,TssOut,BtwSaki,30.779210860559488,127.70142777331853,91.17211388047747,15.0,284.07920602428106,559.378100507269
1137,Shanghai SouthCh - Nagoya,SEA,PILOT_TO_PILOT,3,1137,1055,4,5,TssOut,BtwSaki,30.7789350352909,127.70626505661755,91.17211388047747,15.0,284.3292793210963,559.1280272104539
1138,Shanghai SouthCh - Nagoya,SEA,PILOT_TO_PILOT,3,1138,1056,4,5,TssOut,BtwSaki,30.778659030472753,127.71110231216717,91.17211388047747,15.0,284.5793526179115,558.8779539136385
1139,Shanghai SouthCh - Nagoya,SEA,PILOT_TO_PILOT,3,1139,1057,4,5,TssOut,BtwSaki,30.778382846108066,127.71593953994982,91.17211388047747,15.0,284.82942591472676,558.6278806168234
1140,Shanghai SouthCh - Nagoya,SEA,PILOT_TO_PILOT,3,1140,1058,4,5,TssOut,BtwSaki,30.778106482199835,127.72077673994787,91.17211388047747,15.0,285.079499211542,558.3778073200081
1141,Shanghai SouthCh - Nagoya,SEA,PILOT_TO_PILOT,3,1141,1059,4,5,TssOut,BtwSaki,30.777829938751054,127.72561391214377,91.17211388047747,15.0,285.3295725083572,558.1277340231929
1142,Shanghai SouthCh - Nagoya,SEA,PILOT_TO_PILOT,3,1142,1060,4,5,TssOut,BtwSaki,30.777553215764726,127.73045105651993,91.17211388047747,15.0,285.57964580517245,557.8776607263776
1143,Shanghai SouthCh - Nagoya,SEA,PILOT_TO_PILOT,3,1143,1061,4,5,TssOut,BtwSaki,30.77727631324386,127.73528817305875,91.17211388047747,15.0,285.8297191019877,557.6275874295625
1144,Shanghai SouthCh - Nagoya,SEA,PILOT_TO_PILOT,3,1144,1062,4,5,TssOut,BtwSaki,30.776999231191464,127.74012526174263,91.17211388047747,15.0,286.0797923988029,557.3775141327471
1145,Shanghai SouthCh - Nagoya,SEA,PILOT_TO_PILOT,3,1145,1063,4,5,TssOut,BtwSaki,30.77672196961054,127.74496232255402,91.17211388047747,15.0,286.32986569561814,557.127440835932
1146,Shanghai SouthCh - Nagoya,SEA,PILOT_TO_PILOT,3,1146,1064,4,5,TssOut,BtwSaki,30.77644452850411,127.74979935547526,91.17211388047747,15.0,286.57993899243337,556.8773675391167
1147,Shanghai SouthCh - Nagoya,SEA,PILOT_TO_PILOT,3,1147,1065,4,5,TssOut,BtwSaki,30.776166907875186,127.75463636048886,91.17211388047747,15.0,286.8300122892486,556.6272942423016
1148,Shanghai SouthCh - Nagoya,SEA,PILOT_TO_PILOT,3,1148,1066,4,5,TssOut,BtwSaki,30.775889107726773,127.75947333757715,91.17211388047747,15.0,287.08008558606383,556.3772209454862
1149,Shanghai SouthCh - Nagoya,SEA,PILOT_TO_PILOT,3,1149,1067,4,5,TssOut,BtwSaki,30.775611128061886,127.76431028672262,91.17211388047747,15.0,287.33015888287906,556.1271476486711
1150,Shanghai SouthCh - Nagoya,SEA,PILOT_TO_PILOT,3,1150,1068,4,5,TssOut,BtwSaki,30.775332968883554,127.76914720790765,91.17211388047747,15.0,287.5802321796943,555.8770743518558
1151,Shanghai SouthCh - Nagoya,SEA,PILOT_TO_PILOT,3,1151,1069,4,5,TssOut,BtwSaki,30.7750546301948,127.77398410111466,91.17211388047747,15.0,287.83030547650947,555.6270010550406
1152,Shanghai SouthCh - Nagoya,SEA,PILOT_TO_PILOT,3,1152,1070,4,5,TssOut,BtwSaki,30.774776111998627,127.77882096632608,91.17211388047747,15.0,288.0803787733247,555.3769277582254
1153,Shanghai SouthCh - Nagoya,SEA,PILOT_TO_PILOT,3,1153,1071,4,5,TssOut,BtwSaki,30.774497414298075,127.78365780352433,91.17211388047747,15.0,288.3304520701399,555.1268544614102
1154,Shanghai SouthCh - Nagoya,SEA,PILOT_TO_PILOT,3,1154,1072,4,5,TssOut,BtwSaki,30.77421853709617,127.78849461269184,91.17211388047747,15.0,288.58052536695516,554.876781164595
1155,Shanghai SouthCh - Nagoya,SEA,PILOT_TO_PILOT,3,1155,1073,4,5,TssOut,BtwSaki,30.773939480395946,127.79333139381104,91.17211388047747,15.0,288.8305986637704,554.6267078677797
1156,Shanghai SouthCh - Nagoya,SEA,PILOT_TO_PILOT,3,1156,1074,4,5,TssOut,BtwSaki,30.7736602442004,127.79816814686436,91.17211388047747,15.0,289.0806719605856,554.3766345709645
1157,Shanghai SouthCh - Nagoya,SEA,PILOT_TO_PILOT,3,1157,1075,4,5,TssOut,BtwSaki,30.773380828512607,127.80300487183419,91.17211388047747,15.0,289.33074525740085,554.1265612741493
1158,Shanghai SouthCh - Nagoya,SEA,PILOT_TO_PILOT,3,1158,1076,4,5,TssOut,BtwSaki,30.77310123333557,127.80784156870297,91.17211388047747,15.0,289.5808185542161,553.876487977334
1159,Shanghai SouthCh - Nagoya,SEA,PILOT_TO_PILOT,3,1159,1077,4,5,TssOut,BtwSaki,30.77282145867235,127.81267823745318,91.17211388047747,15.0,289.8308918510313,553.6264146805188
1160,Shanghai SouthCh - Nagoya,SEA,PILOT_TO_PILOT,3,1160,1078,4,5,TssOut,BtwSaki,30.772541504525954,127.81751487806721,91.17211388047747,15.0,290.08096514784654,553.3763413837036
1161,Shanghai SouthCh - Nagoya,SEA,PILOT_TO_PILOT,3,1161,1079,4,5,TssOut,BtwSaki,30.772261370899454,127.82235149052751,91.17211388047747,15.0,290.3310384446618,553.1262680868883
1162,Shanghai SouthCh - Nagoya,SEA,PILOT_TO_PILOT,3,1162,1080,4,5,TssOut,BtwSaki,30.77198105779586,127.82718807481648,91.17211388047747,15.0,290.581111741477,552.8761947900731
1163,Shanghai SouthCh - Nagoya,SEA,PILOT_TO_PILOT,3,1163,1081,4,5,TssOut,BtwSaki,30.771700565218236,127.83202463091658,91.17211388047747,15.0,290.83118503829223,552.6261214932579
1164,Shanghai SouthCh - Nagoya,SEA,PILOT_TO_PILOT,3,1164,1082,4,5,TssOut,BtwSaki,30.771419893169618,127.83686115881028,91.17211388047747,15.0,291.08125833510746,552.3760481964426
1165,Shanghai SouthCh - Nagoya,SEA,PILOT_TO_PILOT,3,1165,1083,4,5,TssOut,BtwSaki,30.771139041653054,127.84169765847993,91.17211388047747,15.0,291.3313316319227,552.1259748996274
1166,Shanghai SouthCh - Nagoya,SEA,PILOT_TO_PILOT,3,1166,1084,4,5,TssOut,BtwSaki,30.770858010671603,127.84653412990805,91.17211388047747,15.0,291.5814049287379,551.8759016028122
1167,Shanghai SouthCh - Nagoya,SEA,PILOT_TO_PILOT,3,1167,1085,4,5,TssOut,BtwSaki,30.7705768002283,127.85137057307703,91.17211388047747,15.0,291.83147822555316,551.625828305997
1168,Shanghai SouthCh - Nagoya,SEA,PILOT_TO_PILOT,3,1168,1086,4,5,TssOut,BtwSaki,30.770295410326213,127.85620698796936,91.17211388047747,15.0,292.0815515223684,551.3757550091817
1169,Shanghai SouthCh - Nagoya,SEA,PILOT_TO_PILOT,3,1169,1087,4,5,TssOut,BtwSaki,30.77001384096837,127.86104337456744,91.17211388047747,15.0,292.33162481918356,551.1256817123665
1170,Shanghai SouthCh - Nagoya,SEA,PILOT_TO_PILOT,3,1170,1088,4,5,TssOut,BtwSaki,30.769732092157874,127.86587973285371,91.17211388047747,15.0,292.5816981159988,550.8756084155514
1171,Shanghai SouthCh - Nagoya,SEA,PILOT_TO_PILOT,3,1171,1089,4,5,TssOut,BtwSaki,30.769450163897744,127.87071606281069,91.17211388047747,15.0,292.831771412814,550.625535118736
1172,Shanghai SouthCh - Nagoya,SEA,PILOT_TO_PILOT,3,1172,1090,4,5,TssOut,BtwSaki,30.769168056191045,127.87555236442071,91.17211388047747,15.0,293.08184470962925,550.3754618219209
1173,Shanghai SouthCh - Nagoya,SEA,PILOT_TO_PILOT,3,1173,1091,4,5,TssOut,BtwSaki,30.768885769040846,127.8803886376663,91.17211388047747,15.0,293.3319180064445,550.1253885251056
1174,Shanghai SouthCh - Nagoya,SEA,PILOT_TO_PILOT,3,1174,1092,4,5,TssOut,BtwSaki,30.768603302450217,127.88522488252985,91.17211388047747,15.0,293.5819913032597,549.8753152282904
1175,Shanghai SouthCh - Nagoya,SEA,PILOT_TO_PILOT,3,1175,1093,4,5,TssOut,BtwSaki,30.768320656422212,127.8900610989939,91.17211388047747,15.0,293.83206460007494,549.6252419314751
1176,Shanghai SouthCh - Nagoya,SEA,PILOT_TO_PILOT,3,1176,1094,4,5,TssOut,BtwSaki,30.76803783095991,127.89489728704079,91.17211388047747,15.0,294.0821378968902,549.37516863466
1177,Shanghai SouthCh - Nagoya,SEA,PILOT_TO_PILOT,3,1177,1095,4,5,TssOut,BtwSaki,30.767754826066373,127.89973344665304,91.17211388047747,15.0,294.3322111937054,549.1250953378446
1178,Shanghai SouthCh - Nagoya,SEA,PILOT_TO_PILOT,3,1178,1096,4,5,TssOut,BtwSaki,30.767471641744667,127.9045695778131,91.17211388047747,15.0,294.58228449052064,548.8750220410295
1179,Shanghai SouthCh - Nagoya,SEA,PILOT_TO_PILOT,3,1179,1097,4,5,TssOut,BtwSaki,30.767188277997885,127.90940568050344,91.17211388047747,15.0,294.83235778733587,548.6249487442142
1180,Shanghai SouthCh - Nagoya,SEA,PILOT_TO_PILOT,3,1180,1098,4,5,TssOut,BtwSaki,30.76690473482908,127.91424175470645,91.17211388047747,15.0,295.0824310841511,548.3748754473991
1181,Shanghai SouthCh - Nagoya,SEA,PILOT_TO_PILOT,3,1181,1099,4,5,TssOut,BtwSaki,30.766621012241355,127.91907780040465,91.17211388047747,15.0,295.3325043809663,548.1248021505837
1182,Shanghai SouthCh - Nagoya,SEA,PILOT_TO_PILOT,3,1182,1100,4,5,TssOut,BtwSaki,30.76633711023776,127.92391381758044,91.17211388047747,15.0,295.58257767778156,547.8747288537686
1183,Shanghai SouthCh - Nagoya,SEA,PILOT_TO_PILOT,3,1183,1101,4,5,TssOut,BtwSaki,30.766053028821382,127.92874980621636,91.17211388047747,15.0,295.8326509745968,547.6246555569533
1184,Shanghai SouthCh - Nagoya,SEA,PILOT_TO_PILOT,3,1184,1102,4,5,TssOut,BtwSaki,30.76576876799533,127.93358576629478,91.17211388047747,15.0,296.082724271412,547.3745822601381
1185,Shanghai SouthCh - Nagoya,SEA,PILOT_TO_PILOT,3,1185,1103,4,5,TssOut,BtwSaki,30.765484327762668,127.93842169779825,91.17211388047747,15.0,296.33279756822725,547.1245089633228
1186,Shanghai SouthCh - Nagoya,SEA,PILOT_TO_PILOT,3,1186,1104,4,5,TssOut,BtwSaki,30.765199708126474,127.94325760070919,91.17211388047747,15.0,296.5828708650425,546.8744356665077
1187,Shanghai SouthCh - Nagoya,SEA,PILOT_TO_PILOT,3,1187,1105,4,5,TssOut,BtwSaki,30.764914909089857,127.94809347501001,91.17211388047747,15.0,296.83294416185765,546.6243623696924
1188,Shanghai SouthCh - Nagoya,SEA,PILOT_TO_PILOT,3,1188,1106,4,5,TssOut,BtwSaki,30.764629930655893,127.95292932068328,91.17211388047747,15.0,297.0830174586729,546.3742890728772
1189,Shanghai SouthCh - Nagoya,SEA,PILOT_TO_PILOT,3,1189,1107,4,5,TssOut,BtwSaki,30.764344772827688,127.9577651377114,91.17211388047747,15.0,297.3330907554881,546.124215776062
1190,Shanghai SouthCh - Nagoya,SEA,PILOT_TO_PILOT,3,1190,1108,4,5,TssOut,BtwSaki,30.764059435608324,127.96260092607687,91.17211388047747,15.0,297.58316405230335,545.8741424792468
1191,Shanghai SouthCh - Nagoya,SEA,PILOT_TO_PILOT,3,1191,1109,4,5,TssOut,BtwSaki,30.763773919000904,127.96743668576214,91.17211388047747,15.0,297.8332373491186,545.6240691824315
1192,Shanghai SouthCh - Nagoya,SEA,PILOT_TO_PILOT,3,1192,1110,4,5,TssOut,BtwSaki,30.76348822300852,127.97227241674966,91.17211388047747,15.0,298.0833106459338,545.3739958856163
1193,Shanghai SouthCh - Nagoya,SEA,PILOT_TO_PILOT,3,1193,1111,4,5,TssOut,BtwSaki,30.763202347634266,127.97710811902195,91.17211388047747,15.0,298.33338394274904,545.1239225888011
1194,Shanghai SouthCh - Nagoya,SEA,PILOT_TO_PILOT,3,1194,1112,4,5,TssOut,BtwSaki,30.76291629288127,127.98194379256145,91.17211388047747,15.0,298.58345723956427,544.8738492919858
1195,Shanghai SouthCh - Nagoya,SEA,PILOT_TO_PILOT,3,1195,1113,4,5,TssOut,BtwSaki,30.762630058752606,127.98677943735066,91.17211388047747,15.0,298.8335305363795,544.6237759951706
1196,Shanghai SouthCh - Nagoya,SEA,PILOT_TO_PILOT,3,1196,1114,4,5,TssOut,BtwSaki,30.76234364525141,127.99161505337203,91.17211388047747,15.0,299.08360383319473,544.3737026983554
1197,Shanghai SouthCh - Nagoya,SEA,PILOT_TO_PILOT,3,1197,1115,4,5,TssOut,BtwSaki,30.76205705238075,127.99645064060802,91.17211388047747,15.0,299.33367713000996,544.1236294015401
1198,Shanghai SouthCh - Nagoya,SEA,PILOT_TO_PILOT,3,1198,1116,4,5,TssOut,BtwSaki,30.761770280143768,128.00128619904117,91.17211388047747,15.0,299.5837504268252,543.8735561047249
1199,Shanghai SouthCh - Nagoya,SEA,PILOT_TO_PILOT,3,1199,1117,4,5,TssOut,BtwSaki,30.76148332854357,128.0061217286539,91.17211388047747,15.0,299.8338237236404,543.6234828079097
1200,Shanghai SouthCh - Nagoya,SEA,PILOT_TO_PILOT,3,1200,1118,4,5,TssOut,BtwSaki,30.76119619758326,128.01095722942875,91.17211388047747,15.0,300.08389702045565,543.3734095110945
1201,Shanghai SouthCh - Nagoya,SEA,PILOT_TO_PILOT,3,1201,1119,4,5,TssOut,BtwSaki,30.760908887265952,128.01579270134815,91.17211388047747,15.0,300.3339703172709,543.1233362142792
1202,Shanghai SouthCh - Nagoya,SEA,PILOT_TO_PILOT,3,1202,1120,4,5,TssOut,BtwSaki,30.760621397594775,128.02062814439458,91.17211388047747,15.0,300.5840436140861,542.873262917464
1203,Shanghai SouthCh - Nagoya,SEA,PILOT_TO_PILOT,3,1203,1121,4,5,TssOut,BtwSaki,30.760333728572842,128.02546355855057,91.17211388047747,15.0,300.83411691090134,542.6231896206488
1204,Shanghai SouthCh - Nagoya,SEA,PILOT_TO_PILOT,3,1204,1122,4,5,TssOut,BtwSaki,30.76004588020327,128.03029894379856,91.17211388047747,15.0,301.0841902077166,542.3731163238335
1205,Shanghai SouthCh - Nagoya,SEA,PILOT_TO_PILOT,3,1205,1123,4,5,TssOut,BtwSaki,30.75975785248918,128.03513430012103,91.17211388047747,15.0,301.33426350453175,542.1230430270184
1206,Shanghai SouthCh - Nagoya,SEA,PILOT_TO_PILOT,3,1206,1124,4,5,TssOut,BtwSaki,30.759469645433708,128.0399696275005,91.17211388047747,15.0,301.584336801347,541.8729697302031
1207,Shanghai SouthCh - Nagoya,SEA,PILOT_TO_PILOT,3,1207,1125,4,5,TssOut,BtwSaki,30.75918125903997,128.0448049259195,91.17211388047747,15.0,301.8344100981622,541.622896433388
1208,Shanghai SouthCh - Nagoya,SEA,PILOT_TO_PILOT,3,1208,1126,4,5,TssOut,BtwSaki,30.758892693311097,128.04964019536047,91.17211388047747,15.0,302.08448339497744,541.3728231365726
1209,Shanghai SouthCh - Nagoya,SEA,PILOT_TO_PILOT,3,1209,1127,4,5,TssOut,BtwSaki,30.758603948250222,128.05447543580584,91.17211388047747,15.0,302.33455669179267,541.1227498397575
1210,Shanghai SouthCh - Nagoya,SEA,PILOT_TO_PILOT,3,1210,1128,4,5,TssOut,BtwSaki,30.758315023860476,128.05931064723822,91.17211388047747,15.0,302.5846299886079,540.8726765429421
1211,Shanghai SouthCh - Nagoya,SEA,PILOT_TO_PILOT,3,1211,1129,4,5,TssOut,BtwSaki,30.758025920144995,128.06414582964004,91.17211388047747,15.0,302.83470328542313,540.622603246127
1212,Shanghai SouthCh - Nagoya,SEA,PILOT_TO_PILOT,3,1212,1130,4,5,TssOut,BtwSaki,30.75773663710691,128.0689809829938,91.17211388047747,15.0,303.08477658223836,540.3725299493117
1213,Shanghai SouthCh - Nagoya,SEA,PILOT_TO_PILOT,3,1213,1131,4,5,TssOut,BtwSaki,30.757447174749352,128.07381610728203,91.17211388047747,15.0,303.3348498790536,540.1224566524966
1214,Shanghai SouthCh - Nagoya,SEA,PILOT_TO_PILOT,3,1214,1132,4,5,TssOut,BtwSaki,30.757157533075475,128.07865120248718,91.17211388047747,15.0,303.5849231758688,539.8723833556812
1215,Shanghai SouthCh - Nagoya,SEA,PILOT_TO_PILOT,3,1215,1133,4,5,TssOut,BtwSaki,30.756867712088415,128.08348626859174,91.17211388047747,15.0,303.83499647268405,539.6223100588661
1216,Shanghai SouthCh - Nagoya,SEA,PILOT_TO_PILOT,3,1216,1134,4,5,TssOut,BtwSaki,30.756577711791316,128.0883213055783,91.17211388047747,15.0,304.0850697694993,539.3722367620508
1217,Shanghai SouthCh - Nagoya,SEA,PILOT_TO_PILOT,3,1217,1135,4,5,TssOut,BtwSaki,30.75628753218732,128.09315631342923,91.17211388047747,15.0,304.3351430663145,539.1221634652356
1218,Shanghai SouthCh - Nagoya,SEA,PILOT_TO_PILOT,3,1218,1136,4,5,TssOut,BtwSaki,30.75599717327959,128.09799129212718,91.17211388047747,15.0,304.58521636312975,538.8720901684203
1219,Shanghai SouthCh - Nagoya,SEA,PILOT_TO_PILOT,3,1219,1137,4,5,TssOut,BtwSaki,30.755706635071252,128.10282624165455,91.17211388047747,15.0,304.835289659945,538.6220168716052
1220,Shanghai SouthCh - Nagoya,SEA,PILOT_TO_PILOT,3,1220,1138,4,5,TssOut,BtwSaki,30.755415917565468,128.1076611619939,91.17211388047747,15.0,305.0853629567602,538.3719435747898
1221,Shanghai SouthCh - Nagoya,SEA,PILOT_TO_PILOT,3,1221,1139,4,5,TssOut,BtwSaki,30.755125020765384,128.11249605312764,91.17211388047747,15.0,305.33543625357544,538.1218702779747
1222,Shanghai SouthCh - Nagoya,SEA,PILOT_TO_PILOT,3,1222,1140,4,5,TssOut,BtwSaki,30.754833944674175,128.1173309150384,91.17211388047747,15.0,305.58550955039067,537.8717969811594
1223,Shanghai SouthCh - Nagoya,SEA,PILOT_TO_PILOT,3,1223,1141,4,5,TssOut,BtwSaki,30.75454268929497,128.12216574770864,91.17211388047747,15.0,305.83558284720584,537.6217236843443
1224,Shanghai SouthCh - Nagoya,SEA,PILOT_TO_PILOT,3,1224,1142,4,5,TssOut,BtwSaki,30.754251254630944,128.1270005511209,91.17211388047747,15.0,306.0856561440211,537.371650387529
1225,Shanghai SouthCh - Nagoya,SEA,PILOT_TO_PILOT,3,1225,1143,4,5,TssOut,BtwSaki,30.753959640685256,128.1318353252576,91.17211388047747,15.0,306.3357294408363,537.1215770907138
1226,Shanghai SouthCh - Nagoya,SEA,PILOT_TO_PILOT,3,1226,1144,4,5,TssOut,BtwSaki,30.753667847461063,128.13667007010133,91.17211388047747,15.0,306.58580273765153,536.8715037938986
1227,Shanghai SouthCh - Nagoya,SEA,PILOT_TO_PILOT,3,1227,1145,4,5,TssOut,BtwSaki,30.75337587496154,128.14150478563462,91.17211388047747,15.0,306.83587603446676,536.6214304970833
1228,Shanghai SouthCh - Nagoya,SEA,PILOT_TO_PILOT,3,1228,1146,4,5,TssOut,BtwSaki,30.753083723189846,128.14633947183995,91.17211388047747,15.0,307.085949331282,536.3713572002681
1229,Shanghai SouthCh - Nagoya,SEA,PILOT_TO_PILOT,3,1229,1147,4,5,TssOut,BtwSaki,30.752791392149142,128.15117412869984,91.17211388047747,15.0,307.3360226280972,536.1212839034529
1230,Shanghai SouthCh - Nagoya,SEA,PILOT_TO_PILOT,3,1230,1148,4,5,TssOut,BtwSaki,30.75249888184261,128.15600875619677,91.17211388047747,15.0,307.58609592491246,535.8712106066376
1231,Shanghai SouthCh - Nagoya,SEA,PILOT_TO_PILOT,3,1231,1149,4,5,TssOut,BtwSaki,30.75220619227342,128.16084335431333,91.17211388047747,15.0,307.8361692217277,535.6211373098224
1232,Shanghai SouthCh - Nagoya,SEA,PILOT_TO_PILOT,3,1232,1150,4,5,TssOut,BtwSaki,30.751913323444736,128.165677923032,91.17211388047747,15.0,308.0862425185429,535.3710640130072
1233,Shanghai SouthCh - Nagoya,SEA,PILOT_TO_PILOT,3,1233,1151,4,5,TssOut,BtwSaki,30.751620275359734,128.1705124623353,91.17211388047747,15.0,308.33631581535815,535.120990716192
1234,Shanghai SouthCh - Nagoya,SEA,PILOT_TO_PILOT,3,1234,1152,4,5,TssOut,BtwSaki,30.75132704802161,128.17534697220577,91.17211388047747,15.0,308.5863891121734,534.8709174193767
1235,Shanghai SouthCh - Nagoya,SEA,PILOT_TO_PILOT,3,1235,1153,4,5,TssOut,BtwSaki,30.75103364143352,128.18018145262596,91.17211388047747,15.0,308.8364624089886,534.6208441225615
1236,Shanghai SouthCh - Nagoya,SEA,PILOT_TO_PILOT,3,1236,1154,4,5,TssOut,BtwSaki,30.75074005559867,128.18501590357835,91.17211388047747,15.0,309.08653570580384,534.3707708257463
1237,Shanghai SouthCh - Nagoya,SEA,PILOT_TO_PILOT,3,1237,1155,4,5,TssOut,BtwSaki,30.750446290520213,128.18985032504546,91.17211388047747,15.0,309.33660900261907,534.120697528931
1238,Shanghai SouthCh - Nagoya,SEA,PILOT_TO_PILOT,3,1238,1156,4,5,TssOut,BtwSaki,30.75015234620136,128.19468471700986,91.17211388047747,15.0,309.5866822994343,533.8706242321158
1239,Shanghai SouthCh - Nagoya,SEA,PILOT_TO_PILOT,3,1239,1157,4,5,TssOut,BtwSaki,30.74985822264528,128.19951907945403,91.17211388047747,15.0,309.83675559624953,533.6205509353006
1240,Shanghai SouthCh - Nagoya,SEA,PILOT_TO_PILOT,3,1240,1158,4,5,TssOut,BtwSaki,30.749563919855184,128.20435341236055,91.17211388047747,15.0,310.08682889306476,533.3704776384853
1241,Shanghai SouthCh - Nagoya,SEA,PILOT_TO_PILOT,3,1241,1159,4,5,TssOut,BtwSaki,30.74926943783423,128.20918771571192,91.17211388047747,15.0,310.33690218987994,533.1204043416701
1242,Shanghai SouthCh - Nagoya,SEA,PILOT_TO_PILOT,3,1242,1160,4,5,TssOut,BtwSaki,30.748974776585634,128.2140219894907,91.17211388047747,15.0,310.58697548669517,532.870331044855
1243,Shanghai SouthCh - Nagoya,SEA,PILOT_TO_PILOT,3,1243,1161,4,5,TssOut,BtwSaki,30.748679936112584,128.21885623367942,91.17211388047747,15.0,310.8370487835104,532.6202577480396
1244,Shanghai SouthCh - Nagoya,SEA,PILOT_TO_PILOT,3,1244,1162,4,5,TssOut,BtwSaki,30.74838491641828,128.22369044826058,91.17211388047747,15.0,311.0871220803256,532.3701844512245
1245,Shanghai SouthCh - Nagoya,SEA,PILOT_TO_PILOT,3,1245,1163,4,5,TssOut,BtwSaki,30.74808971750592,128.22852463321675,91.17211388047747,15.0,311.33719537714086,532.1201111544092
1246,Shanghai SouthCh - Nagoya,SEA,PILOT_TO_PILOT,3,1246,1164,4,5,TssOut,BtwSaki,30.747794339378697,128.23335878853047,91.17211388047747,15.0,311.5872686739561,531.8700378575941
1247,Shanghai SouthCh - Nagoya,SEA,PILOT_TO_PILOT,3,1247,1165,4,5,TssOut,BtwSaki,30.747498782039823,128.23819291418428,91.17211388047747,15.0,311.8373419707713,531.6199645607787
1248,Shanghai SouthCh - Nagoya,SEA,PILOT_TO_PILOT,3,1248,1166,4,5,TssOut,BtwSaki,30.747203045492483,128.24302701016066,91.17211388047747,15.0,312.08741526758655,531.3698912639636
1249,Shanghai SouthCh - Nagoya,SEA,PILOT_TO_PILOT,3,1249,1167,4,5,TssOut,BtwSaki,30.746907129739906,128.24786107644223,91.17211388047747,15.0,312.3374885644018,531.1198179671483
1250,Shanghai SouthCh - Nagoya,SEA,PILOT_TO_PILOT,3,1250,1168,4,5,TssOut,BtwSaki,30.746611034785293,128.25269511301153,91.17211388047747,15.0,312.587561861217,530.8697446703331
1251,Shanghai SouthCh - Nagoya,SEA,PILOT_TO_PILOT,3,1251,1169,4,5,TssOut,BtwSaki,30.746314760631833,128.25752911985109,91.17211388047747,15.0,312.83763515803224,530.6196713735178
1252,Shanghai SouthCh - Nagoya,SEA,PILOT_TO_PILOT,3,1252,1170,4,5,TssOut,BtwSaki,30.74601830728277,128.2623630969434,91.17211388047747,15.0,313.0877084548475,530.3695980767027
1253,Shanghai SouthCh - Nagoya,SEA,PILOT_TO_PILOT,3,1253,1171,4,5,TssOut,BtwSaki,30.745721674741294,128.2671970442711,91.17211388047747,15.0,313.3377817516627,530.1195247798873
1254,Shanghai SouthCh - Nagoya,SEA,PILOT_TO_PILOT,3,1254,1172,4,5,TssOut,BtwSaki,30.74542486301063,128.27203096181665,91.17211388047747,15.0,313.58785504847793,529.8694514830722
1255,Shanghai SouthCh - Nagoya,SEA,PILOT_TO_PILOT,3,1255,1173,4,5,TssOut,BtwSaki,30.745127872094,128.27686484956266,91.17211388047747,15.0,313.83792834529316,529.6193781862569
1256,Shanghai SouthCh - Nagoya,SEA,PILOT_TO_PILOT,3,1256,1174,4,5,TssOut,BtwSaki,30.744830701994598,128.28169870749167,91.17211388047747,15.0,314.0880016421084,529.3693048894418
1257,Shanghai SouthCh - Nagoya,SEA,PILOT_TO_PILOT,3,1257,1175,4,5,TssOut,BtwSaki,30.74453335271567,128.28653253558625,91.17211388047747,15.0,314.3380749389236,529.1192315926264
1258,Shanghai SouthCh - Nagoya,SEA,PILOT_TO_PILOT,3,1258,1176,4,5,TssOut,BtwSaki,30.74423582426044,128.2913663338289,91.17211388047747,15.0,314.58814823573886,528.8691582958113
1259,Shanghai SouthCh - Nagoya,SEA,PILOT_TO_PILOT,3,1259,1177,4,5,TssOut,BtwSaki,30.743938116632112,128.29620010220222,91.17211388047747,15.0,314.83822153255403,528.6190849989961
1260,Shanghai SouthCh - Nagoya,SEA,PILOT_TO_PILOT,3,1260,1178,4,5,TssOut,BtwSaki,30.74364022983393,128.30103384068875,91.17211388047747,15.0,315.08829482936926,528.3690117021808
1261,Shanghai SouthCh - Nagoya,SEA,PILOT_TO_PILOT,3,1261,1179,4,5,TssOut,BtwSaki,30.74334216386911,128.30586754927103,91.17211388047747,15.0,315.3383681261845,528.1189384053656
1262,Shanghai SouthCh - Nagoya,SEA,PILOT_TO_PILOT,3,1262,1180,4,5,TssOut,BtwSaki,30.743043918740895,128.31070122793165,91.17211388047747,15.0,315.5884414229997,527.8688651085504
1263,Shanghai SouthCh - Nagoya,SEA,PILOT_TO_PILOT,3,1263,1181,4,5,TssOut,BtwSaki,30.742745494452503,128.31553487665317,91.17211388047747,15.0,315.83851471981495,527.6187918117352
1264,Shanghai SouthCh - Nagoya,SEA,PILOT_TO_PILOT,3,1264,1182,4,5,TssOut,BtwSaki,30.742446891007177,128.3203684954181,91.17211388047747,15.0,316.0885880166302,527.3687185149199
1265,Shanghai SouthCh - Nagoya,SEA,PILOT_TO_PILOT,3,1265,1183,4,5,TssOut,BtwSaki,30.74214810840815,128.32520208420908,91.17211388047747,15.0,316.3386613134454,527.1186452181047
1266,Shanghai SouthCh - Nagoya,SEA,PILOT_TO_PILOT,3,1266,1184,4,5,TssOut,BtwSaki,30.74184914665867,128.33003564300867,91.17211388047747,15.0,316.58873461026064,526.8685719212895
1267,Shanghai SouthCh - Nagoya,SEA,PILOT_TO_PILOT,3,1267,1185,4,5,TssOut,BtwSaki,30.74155000576195,128.33486917179937,91.17211388047747,15.0,316.8388079070759,526.6184986244742
1268,Shanghai SouthCh - Nagoya,SEA,PILOT_TO_PILOT,3,1268,1186,4,5,TssOut,BtwSaki,30.741250685721262,128.33970267056378,91.17211388047747,15.0,317.0888812038911,526.368425327659
1269,Shanghai SouthCh - Nagoya,SEA,PILOT_TO_PILOT,3,1269,1187,4,5,TssOut,BtwSaki,30.740951186539828,128.34453613928443,91.17211388047747,15.0,317.33895450070634,526.1183520308438
1270,Shanghai SouthCh - Nagoya,SEA,PILOT_TO_PILOT,3,1270,1188,4,5,TssOut,BtwSaki,30.74065150822091,128.34936957794397,91.17211388047747,15.0,317.58902779752157,525.8682787340285
1271,Shanghai SouthCh - Nagoya,SEA,PILOT_TO_PILOT,3,1271,1189,4,5,TssOut,BtwSaki,30.74035165076774,128.3542029865249,91.17211388047747,15.0,317.8391010943368,525.6182054372133
1272,Shanghai SouthCh - Nagoya,SEA,PILOT_TO_PILOT,3,1272,1190,4,5,TssOut,BtwSaki,30.74005161418357,128.35903636500984,91.17211388047747,15.0,318.089174391152,525.3681321403981
1273,Shanghai SouthCh - Nagoya,SEA,PILOT_TO_PILOT,3,1273,1191,4,5,TssOut,BtwSaki,30.73975139847166,128.36386971338132,91.17211388047747,15.0,318.33924768796726,525.1180588435828
1274,Shanghai SouthCh - Nagoya,SEA,PILOT_TO_PILOT,3,1274,1192,4,5,TssOut,BtwSaki,30.73945100363526,128.36870303162195,91.17211388047747,15.0,318.5893209847825,524.8679855467676
1275,Shanghai SouthCh - Nagoya,SEA,PILOT_TO_PILOT,3,1275,1193,4,5,TssOut,BtwSaki,30.739150429677615,128.37353631971428,91.17211388047747,15.0,318.8393942815977,524.6179122499524
1276,Shanghai SouthCh - Nagoya,SEA,PILOT_TO_PILOT,3,1276,1194,4,5,TssOut,BtwSaki,30.738849676601994,128.3783695776409,91.17211388047747,15.0,319.08946757841295,524.3678389531372
1277,Shanghai SouthCh - Nagoya,SEA,PILOT_TO_PILOT,3,1277,1195,4,5,TssOut,BtwSaki,30.738548744411652,128.38320280538443,91.17211388047747,15.0,319.3395408752281,524.117765656322
1278,Shanghai SouthCh - Nagoya,SEA,PILOT_TO_PILOT,3,1278,1196,4,5,TssOut,BtwSaki,30.73824763310984,128.38803600292735,91.17211388047747,15.0,319.58961417204335,523.8676923595067
1279,Shanghai SouthCh - Nagoya,SEA,PILOT_TO_PILOT,3,1279,1197,4,5,TssOut,BtwSaki,30.73794634269982,128.3928691702523,91.17211388047747,15.0,319.8396874688586,523.6176190626916
1280,Shanghai SouthCh - Nagoya,SEA,PILOT_TO_PILOT,3,1280,1198,4,5,TssOut,BtwSaki,30.73764487318487,128.3977023073419,91.17211388047747,15.0,320.0897607656738,523.3675457658762
1281,Shanghai SouthCh - Nagoya,SEA,PILOT_TO_PILOT,3,1281,1199,4,5,TssOut,BtwSaki,30.737343224568253,128.4025354141787,91.17211388047747,15.0,320.33983406248905,523.1174724690611
1282,Shanghai SouthCh - Nagoya,SEA,PILOT_TO_PILOT,3,1282,1200,4,5,TssOut,BtwSaki,30.73704139685323,128.4073684907452,91.17211388047747,15.0,320.5899073593043,522.8673991722458
1283,Shanghai SouthCh - Nagoya,SEA,PILOT_TO_PILOT,3,1283,1201,4,5,TssOut,BtwSaki,30.73673939004307,128.41220153702412,91.17211388047747,15.0,320.8399806561195,522.6173258754307
1284,Shanghai SouthCh - Nagoya,SEA,PILOT_TO_PILOT,3,1284,1202,4,5,TssOut,BtwSaki,30.73643720414105,128.417034552998,91.17211388047747,15.0,321.09005395293474,522.3672525786153
1285,Shanghai SouthCh - Nagoya,SEA,PILOT_TO_PILOT,3,1285,1203,4,5,TssOut,BtwSaki,30.736134839150445,128.4218675386494,91.17211388047747,15.0,321.34012724974997,522.1171792818002
1286,Shanghai SouthCh - Nagoya,SEA,PILOT_TO_PILOT,3,1286,1204,4,5,TssOut,BtwSaki,30.735832295074513,128.4267004939609,91.17211388047747,15.0,321.5902005465652,521.8671059849848
1287,Shanghai SouthCh - Nagoya,SEA,PILOT_TO_PILOT,3,1287,1205,4,5,TssOut,BtwSaki,30.73552957191656,128.43153341891517,91.17211388047747,15.0,321.84027384338043,521.6170326881697
1288,Shanghai SouthCh - Nagoya,SEA,PILOT_TO_PILOT,3,1288,1206,4,5,TssOut,BtwSaki,30.735226669679847,128.43636631349472,91.17211388047747,15.0,322.09034714019566,521.3669593913544
1289,Shanghai SouthCh - Nagoya,SEA,PILOT_TO_PILOT,3,1289,1207,4,5,TssOut,BtwSaki,30.734923588367653,128.44119917768217,91.17211388047747,15.0,322.3404204370109,521.1168860945393
1290,Shanghai SouthCh - Nagoya,SEA,PILOT_TO_PILOT,3,1290,1208,4,5,TssOut,BtwSaki,30.734620327983265,128.44603201146015,91.17211388047747,15.0,322.5904937338261,520.8668127977239
1291,Shanghai SouthCh - Nagoya,SEA,PILOT_TO_PILOT,3,1291,1209,4,5,TssOut,BtwSaki,30.73431688852998,128.4508648148112,91.17211388047747,15.0,322.84056703064135,520.6167395009088
1292,Shanghai SouthCh - Nagoya,SEA,PILOT_TO_PILOT,3,1292,1210,4,5,TssOut,BtwSaki,30.734013270011058,128.455697587718,91.17211388047747,15.0,323.0906403274566,520.3666662040935
1293,Shanghai SouthCh - Nagoya,SEA,PILOT_TO_PILOT,3,1293,1211,4,5,TssOut,BtwSaki,30.733709472429815,128.46053033016307,91.17211388047747,15.0,323.3407136242718,520.1165929072783
1294,Shanghai SouthCh - Nagoya,SEA,PILOT_TO_PILOT,3,1294,1212,4,5,TssOut,BtwSaki,30.733405495789516,128.465363042129,91.17211388047747,15.0,323.59078692108704,519.866519610463
1295,Shanghai SouthCh - Nagoya,SEA,PILOT_TO_PILOT,3,1295,1213,4,5,TssOut,BtwSaki,30.733101340093473,128.47019572359847,91.17211388047747,15.0,323.8408602179022,519.6164463136479
1296,Shanghai SouthCh - Nagoya,SEA,PILOT_TO_PILOT,3,1296,1214,4,5,TssOut,BtwSaki,30.732797005344967,128.475028374554,91.17211388047747,15.0,324.09093351471745,519.3663730168327
1297,Shanghai SouthCh - Nagoya,SEA,PILOT_TO_PILOT,3,1297,1215,4,5,TssOut,BtwSaki,30.732492491547312,128.47986099497828,91.17211388047747,15.0,324.3410068115327,519.1162997200174
1298,Shanghai SouthCh - Nagoya,SEA,PILOT_TO_PILOT,3,1298,1216,4,5,TssOut,BtwSaki,30.73218779870378,128.48469358485383,91.17211388047747,15.0,324.5910801083479,518.8662264232022
1299,Shanghai SouthCh - Nagoya,SEA,PILOT_TO_PILOT,3,1299,1217,4,5,TssOut,BtwSaki,30.731882926817693,128.48952614416334,91.17211388047747,15.0,324.84115340516314,518.616153126387
1300,Shanghai SouthCh - Nagoya,SEA,PILOT_TO_PILOT,3,1300,1218,4,5,TssOut,BtwSaki,30.73157787589234,128.49435867288935,91.17211388047747,15.0,325.09122670197837,518.3660798295717
1301,Shanghai SouthCh - Nagoya,SEA,PILOT_TO_PILOT,3,1301,1219,4,5,TssOut,BtwSaki,30.73127264593103,128.49919117101447,91.17211388047747,15.0,325.3412999987936,518.1160065327565
1302,Shanghai SouthCh - Nagoya,SEA,PILOT_TO_PILOT,3,1302,1220,4,5,TssOut,BtwSaki,30.730967236937065,128.5040236385214,91.17211388047747,15.0,325.59137329560883,517.8659332359413
1303,Shanghai SouthCh - Nagoya,SEA,PILOT_TO_PILOT,3,1303,1221,4,5,TssOut,BtwSaki,30.73066164891376,128.50885607539266,91.17211388047747,15.0,325.84144659242406,517.615859939126
1304,Shanghai SouthCh - Nagoya,SEA,PILOT_TO_PILOT,3,1304,1222,4,5,TssOut,BtwSaki,30.730355881864416,128.5136884816109,91.17211388047747,15.0,326.0915198892393,517.3657866423108
1305,Shanghai SouthCh - Nagoya,SEA,PILOT_TO_PILOT,3,1305,1223,4,5,TssOut,BtwSaki,30.73004993579234,128.5185208571587,91.17211388047747,15.0,326.3415931860545,517.1157133454956
1306,Shanghai SouthCh - Nagoya,SEA,PILOT_TO_PILOT,3,1306,1224,4,5,TssOut,BtwSaki,30.729743810700857,128.5233532020187,91.17211388047747,15.0,326.59166648286975,516.8656400486803
1307,Shanghai SouthCh - Nagoya,SEA,PILOT_TO_PILOT,3,1307,1225,4,5,TssOut,BtwSaki,30.72943750659327,128.52818551617352,91.17211388047747,15.0,326.841739779685,516.6155667518651
1308,Shanghai SouthCh - Nagoya,SEA,PILOT_TO_PILOT,3,1308,1226,4,5,TssOut,BtwSaki,30.72913102347291,128.5330177996058,91.17211388047747,15.0,327.0918130765002,516.3654934550499
1309,Shanghai SouthCh - Nagoya,SEA,PILOT_TO_PILOT,3,1309,1227,4,5,TssOut,BtwSaki,30.728824361343083,128.53785005229815,91.17211388047747,15.0,327.34188637331545,516.1154201582347
1310,Shanghai SouthCh - Nagoya,SEA,PILOT_TO_PILOT,3,1310,1228,4,5,TssOut,BtwSaki,30.728517520207106,128.5426822742332,91.17211388047747,15.0,327.5919596701307,515.8653468614194
1311,Shanghai SouthCh - Nagoya,SEA,PILOT_TO_PILOT,3,1311,1229,4,5,TssOut,BtwSaki,30.728210500068318,128.5475144653935,91.17211388047747,15.0,327.8420329669459,515.6152735646042
1312,Shanghai SouthCh - Nagoya,SEA,PILOT_TO_PILOT,3,1312,1230,4,5,TssOut,BtwSaki,30.727903300930034,128.55234662576174,91.17211388047747,15.0,328.09210626376114,515.365200267789
1313,Shanghai SouthCh - Nagoya,SEA,PILOT_TO_PILOT,3,1313,1231,4,5,TssOut,BtwSaki,30.727595922795572,128.55717875532054,91.17211388047747,15.0,328.3421795605763,515.1151269709737
1314,Shanghai SouthCh - Nagoya,SEA,PILOT_TO_PILOT,3,1314,1232,4,5,TssOut,BtwSaki,30.727288365668276,128.56201085405255,91.17211388047747,15.0,328.59225285739154,514.8650536741586
1315,Shanghai SouthCh - Nagoya,SEA,PILOT_TO_PILOT,3,1315,1233,4,5,TssOut,BtwSaki,30.72698062955146,128.56684292194035,91.17211388047747,15.0,328.8423261542068,514.6149803773433
1316,Shanghai SouthCh - Nagoya,SEA,PILOT_TO_PILOT,3,1316,1234,4,5,TssOut,BtwSaki,30.726672714448462,128.57167495896658,91.17211388047747,15.0,329.092399451022,514.3649070805282
1317,Shanghai SouthCh - Nagoya,SEA,PILOT_TO_PILOT,3,1317,1235,4,5,TssOut,BtwSaki,30.72636462036262,128.57650696511388,91.17211388047747,15.0,329.34247274783723,514.1148337837128
1318,Shanghai SouthCh - Nagoya,SEA,PILOT_TO_PILOT,3,1318,1236,4,5,TssOut,BtwSaki,30.72605634729727,128.58133894036487,91.17211388047747,15.0,329.59254604465247,513.8647604868977
1319,Shanghai SouthCh - Nagoya,SEA,PILOT_TO_PILOT,3,1319,1237,4,5,TssOut,BtwSaki,30.725747895255736,128.5861708847022,91.17211388047747,15.0,329.8426193414677,513.6146871900823
1320,Shanghai SouthCh - Nagoya,SEA,PILOT_TO_PILOT,3,1320,1238,4,5,TssOut,BtwSaki,30.725439264241363,128.5910027981085,91.17211388047747,15.0,330.0926926382829,513.3646138932672
1321,Shanghai SouthCh - Nagoya,SEA,PILOT_TO_PILOT,3,1321,1239,4,5,TssOut,BtwSaki,30.725130454257513,128.59583468056638,91.17211388047747,15.0,330.34276593509816,513.1145405964519
1322,Shanghai SouthCh - Nagoya,SEA,PILOT_TO_PILOT,3,1322,1240,4,5,TssOut,BtwSaki,30.7248214653075,128.60066653205854,91.17211388047747,15.0,330.5928392319134,512.8644672996368
1323,Shanghai SouthCh - Nagoya,SEA,PILOT_TO_PILOT,3,1323,1241,4,5,TssOut,BtwSaki,30.724512297394668,128.6054983525676,91.17211388047747,15.0,330.8429125287286,512.6143940028214
1324,Shanghai SouthCh - Nagoya,SEA,PILOT_TO_PILOT,3,1324,1242,4,5,TssOut,BtwSaki,30.72420295052239,128.61033014207615,91.17211388047747,15.0,331.09298582554385,512.3643207060063
1325,Shanghai SouthCh - Nagoya,SEA,PILOT_TO_PILOT,3,1325,1243,4,5,TssOut,BtwSaki,30.723893424693998,128.61516190056685,91.17211388047747,15.0,331.3430591223591,512.114247409191
1326,Shanghai SouthCh - Nagoya,SEA,PILOT_TO_PILOT,3,1326,1244,4,5,TssOut,BtwSaki,30.72358371991284,128.61999362802237,91.17211388047747,15.0,331.5931324191743,511.8641741123758
1327,Shanghai SouthCh - Nagoya,SEA,PILOT_TO_PILOT,3,1327,1245,4,5,TssOut,BtwSaki,30.723273836182265,128.6248253244253,91.17211388047747,15.0,331.84320571598954,511.61410081556056
1328,Shanghai SouthCh - Nagoya,SEA,PILOT_TO_PILOT,3,1328,1246,4,5,TssOut,BtwSaki,30.722963773505654,128.6296569897584,91.17211388047747,15.0,332.09327901280477,511.36402751874533
1329,Shanghai SouthCh - Nagoya,SEA,PILOT_TO_PILOT,3,1329,1247,4,5,TssOut,BtwSaki,30.722653531886326,128.63448862400418,91.17211388047747,15.0,332.34335230962,511.1139542219301
1330,Shanghai SouthCh - Nagoya,SEA,PILOT_TO_PILOT,3,1330,1248,4,5,TssOut,BtwSaki,30.722343111327664,128.63932022714536,91.17211388047747,15.0,332.59342560643523,510.86388092511487
1331,Shanghai SouthCh - Nagoya,SEA,PILOT_TO_PILOT,3,1331,1249,4,5,TssOut,BtwSaki,30.722032511833017,128.6441517991646,91.17211388047747,15.0,332.8434989032504,510.6138076282997
1332,Shanghai SouthCh - Nagoya,SEA,PILOT_TO_PILOT,3,1332,1250,4,5,TssOut,BtwSaki,30.721721733405747,128.6489833400445,91.17211388047747,15.0,333.09357220006564,510.36373433148447
1333,Shanghai SouthCh - Nagoya,SEA,PILOT_TO_PILOT,3,1333,1251,4,5,TssOut,BtwSaki,30.721410776049222,128.65381484976774,91.17211388047747,15.0,333.34364549688087,510.11366103466924
1334,Shanghai SouthCh - Nagoya,SEA,PILOT_TO_PILOT,3,1334,1252,4,5,TssOut,BtwSaki,30.721099639766805,128.65864632831702,91.17211388047747,15.0,333.5937187936961,509.863587737854
1335,Shanghai SouthCh - Nagoya,SEA,PILOT_TO_PILOT,3,1335,1253,4,5,TssOut,BtwSaki,30.72078832456187,128.66347777567492,91.17211388047747,15.0,333.84379209051133,509.6135144410388
1336,Shanghai SouthCh - Nagoya,SEA,PILOT_TO_PILOT,3,1336,1254,4,5,TssOut,BtwSaki,30.72047683043777,128.6683091918241,91.17211388047747,15.0,334.09386538732656,509.36344114422354
1337,Shanghai SouthCh - Nagoya,SEA,PILOT_TO_PILOT,3,1337,1255,4,5,TssOut,BtwSaki,30.720165157397886,128.67314057674727,91.17211388047747,15.0,334.3439386841418,509.1133678474083
1338,Shanghai SouthCh - Nagoya,SEA,PILOT_TO_PILOT,3,1338,1256,4,5,TssOut,BtwSaki,30.719853305445593,128.67797193042705,91.17211388047747,15.0,334.594011980957,508.8632945505931
1339,Shanghai SouthCh - Nagoya,SEA,PILOT_TO_PILOT,3,1339,1257,4,5,TssOut,BtwSaki,30.71954127458426,128.68280325284613,91.17211388047747,15.0,334.84408527777225,508.61322125377785
1340,Shanghai SouthCh - Nagoya,SEA,PILOT_TO_PILOT,3,1340,1258,4,5,TssOut,BtwSaki,30.719229064817277,128.68763454398712,91.17211388047747,15.0,335.0941585745875,508.3631479569626
1341,Shanghai SouthCh - Nagoya,SEA,PILOT_TO_PILOT,3,1341,1259,4,5,TssOut,BtwSaki,30.71891667614799,128.69246580383276,91.17211388047747,15.0,335.3442318714027,508.1130746601474
1342,Shanghai SouthCh - Nagoya,SEA,PILOT_TO_PILOT,3,1342,1260,4,5,TssOut,BtwSaki,30.71860410857982,128.69729703236564,91.17211388047747,15.0,335.59430516821794,507.86300136333216
1343,Shanghai SouthCh - Nagoya,SEA,PILOT_TO_PILOT,3,1343,1261,4,5,TssOut,BtwSaki,30.718291362116126,128.70212822956847,91.17211388047747,15.0,335.8443784650332,507.61292806651693
1344,Shanghai SouthCh - Nagoya,SEA,PILOT_TO_PILOT,3,1344,1262,4,5,TssOut,BtwSaki,30.7179784367603,128.7069593954239,91.17211388047747,15.0,336.0944517618484,507.3628547697017
1345,Shanghai SouthCh - Nagoya,SEA,PILOT_TO_PILOT,3,1345,1263,4,5,TssOut,BtwSaki,30.717665332515715,128.71179052991457,91.17211388047747,15.0,336.34452505866363,507.11278147288647
1346,Shanghai SouthCh - Nagoya,SEA,PILOT_TO_PILOT,3,1346,1264,4,5,TssOut,BtwSaki,30.717352049385774,128.7166216330232,91.17211388047747,15.0,336.59459835547887,506.86270817607124
1347,Shanghai SouthCh - Nagoya,SEA,PILOT_TO_PILOT,3,1347,1265,4,5,TssOut,BtwSaki,30.71703858737385,128.72145270473246,91.17211388047747,15.0,336.8446716522941,506.612634879256
1348,Shanghai SouthCh - Nagoya,SEA,PILOT_TO_PILOT,3,1348,1266,4,5,TssOut,BtwSaki,30.716724946483357,128.72628374502494,91.17211388047747,15.0,337.0947449491093,506.3625615824408
1349,Shanghai SouthCh - Nagoya,SEA,PILOT_TO_PILOT,3,1349,1267,4,5,TssOut,BtwSaki,30.716411126717674,128.73111475388342,91.17211388047747,15.0,337.3448182459245,506.1124882856256
1350,Shanghai SouthCh - Nagoya,SEA,PILOT_TO_PILOT,3,1350,1268,4,5,TssOut,BtwSaki,30.716097128080204,128.73594573129054,91.17211388047747,15.0,337.59489154273973,505.8624149888104
1351,Shanghai SouthCh - Nagoya,SEA,PILOT_TO_PILOT,3,1351,1269,4,5,TssOut,BtwSaki,30.71578295057433,128.74077667722898,91.17211388047747,15.0,337.84496483955496,505.61234169199514
1352,Shanghai SouthCh - Nagoya,SEA,PILOT_TO_PILOT,3,1352,1270,4,5,TssOut,BtwSaki,30.715468594203454,128.74560759168136,91.17211388047747,15.0,338.0950381363702,505.3622683951799
1353,Shanghai SouthCh - Nagoya,SEA,PILOT_TO_PILOT,3,1353,1271,4,5,TssOut,BtwSaki,30.715154058971,128.7504384746304,91.17211388047747,15.0,338.3451114331854,505.1121950983647
1354,Shanghai SouthCh - Nagoya,SEA,PILOT_TO_PILOT,3,1354,1272,4,5,TssOut,BtwSaki,30.714839344880346,128.75526932605882,91.17211388047747,15.0,338.59518473000065,504.86212180154945
1355,Shanghai SouthCh - Nagoya,SEA,PILOT_TO_PILOT,3,1355,1273,4,5,TssOut,BtwSaki,30.7145244519349,128.76010014594925,91.17211388047747,15.0,338.8452580268159,504.6120485047342
1356,Shanghai SouthCh - Nagoya,SEA,PILOT_TO_PILOT,3,1356,1274,4,5,TssOut,BtwSaki,30.714209380138076,128.7649309342844,91.17211388047747,15.0,339.0953313236311,504.361975207919
1357,Shanghai SouthCh - Nagoya,SEA,PILOT_TO_PILOT,3,1357,1275,4,5,TssOut,BtwSaki,30.713894129493276,128.76976169104694,91.17211388047747,15.0,339.34540462044635,504.11190191110376
1358,Shanghai SouthCh - Nagoya,SEA,PILOT_TO_PILOT,3,1358,1276,4,5,TssOut,BtwSaki,30.713578700003914,128.77459241621952,91.17211388047747,15.0,339.5954779172616,503.8618286142885
1359,Shanghai SouthCh - Nagoya,SEA,PILOT_TO_PILOT,3,1359,1277,4,5,TssOut,BtwSaki,30.713263091673408,128.7794231097849,91.17211388047747,15.0,339.8455512140768,503.6117553174733
1360,Shanghai SouthCh - Nagoya,SEA,PILOT_TO_PILOT,3,1360,1278,4,5,TssOut,BtwSaki,30.712947304505157,128.78425377172573,91.17211388047747,15.0,340.09562451089204,503.36168202065807
1361,Shanghai SouthCh - Nagoya,SEA,PILOT_TO_PILOT,3,1361,1279,4,5,TssOut,BtwSaki,30.712631338502586,128.7890844020247,91.17211388047747,15.0,340.34569780770727,503.11160872384283
1362,Shanghai SouthCh - Nagoya,SEA,PILOT_TO_PILOT,3,1362,1280,4,5,TssOut,BtwSaki,30.712315193669113,128.7939150006645,91.17211388047747,15.0,340.5957711045225,502.8615354270276
1363,Shanghai SouthCh - Nagoya,SEA,PILOT_TO_PILOT,3,1363,1281,4,5,TssOut,BtwSaki,30.711998870008156,128.79874556762783,91.17211388047747,15.0,340.84584440133773,502.6114621302124
1364,Shanghai SouthCh - Nagoya,SEA,PILOT_TO_PILOT,3,1364,1282,4,5,TssOut,BtwSaki,30.71168236752314,128.80357610289738,91.17211388047747,15.0,341.09591769815296,502.36138883339714
1365,Shanghai SouthCh - Nagoya,SEA,PILOT_TO_PILOT,3,1365,1283,4,5,TssOut,BtwSaki,30.711365686217484,128.80840660645586,91.17211388047747,15.0,341.3459909949682,502.1113155365819
1366,Shanghai SouthCh - Nagoya,SEA,PILOT_TO_PILOT,3,1366,1284,4,5,TssOut,BtwSaki,30.711048826094608,128.8132370782859,91.17211388047747,15.0,341.5960642917834,501.8612422397667
1367,Shanghai SouthCh - Nagoya,SEA,PILOT_TO_PILOT,3,1367,1285,4,5,TssOut,BtwSaki,30.710731787157947,128.81806751837033,91.17211388047747,15.0,341.8461375885986,501.6111689429515
1368,Shanghai SouthCh - Nagoya,SEA,PILOT_TO_PILOT,3,1368,1286,4,5,TssOut,BtwSaki,30.710414569410933,128.82289792669172,91.17211388047747,15.0,342.0962108854138,501.3610956461363
1369,Shanghai SouthCh - Nagoya,SEA,PILOT_TO_PILOT,3,1369,1287,4,5,TssOut,BtwSaki,30.71009717285699,128.82772830323282,91.17211388047747,15.0,342.34628418222906,501.11102234932105
1370,Shanghai SouthCh - Nagoya,SEA,PILOT_TO_PILOT,3,1370,1288,4,5,TssOut,BtwSaki,30.709779597499544,128.83255864797633,91.17211388047747,15.0,342.5963574790443,500.8609490525058
1371,Shanghai SouthCh - Nagoya,SEA,PILOT_TO_PILOT,3,1371,1289,4,5,TssOut,BtwSaki,30.709461843342048,128.83738896090497,91.17211388047747,15.0,342.8464307758595,500.6108757556906
1372,Shanghai SouthCh - Nagoya,SEA,PILOT_TO_PILOT,3,1372,1290,4,5,TssOut,BtwSaki,30.709143910387926,128.84221924200142,91.17211388047747,15.0,343.09650407267475,500.36080245887536
1373,Shanghai SouthCh - Nagoya,SEA,PILOT_TO_PILOT,3,1373,1291,4,5,TssOut,BtwSaki,30.708825798640614,128.8470494912484,91.17211388047747,15.0,343.34657736949,500.1107291620601
1374,Shanghai SouthCh - Nagoya,SEA,PILOT_TO_PILOT,3,1374,1292,4,5,TssOut,BtwSaki,30.708507508103562,128.85187970862862,91.17211388047747,15.0,343.5966506663052,499.8606558652449
1375,Shanghai SouthCh - Nagoya,SEA,PILOT_TO_PILOT,3,1375,1293,4,5,TssOut,BtwSaki,30.708189038780205,128.85670989412478,91.17211388047747,15.0,343.84672396312044,499.61058256842966
1376,Shanghai SouthCh - Nagoya,SEA,PILOT_TO_PILOT,3,1376,1294,4,5,TssOut,BtwSaki,30.707870390673985,128.8615400477196,91.17211388047747,15.0,344.09679725993567,499.36050927161443
1377,Shanghai SouthCh - Nagoya,SEA,PILOT_TO_PILOT,3,1377,1295,4,5,TssOut,BtwSaki,30.707551563788357,128.8663701693958,91.17211388047747,15.0,344.3468705567509,499.1104359747992
1378,Shanghai SouthCh - Nagoya,SEA,PILOT_TO_PILOT,3,1378,1296,4,5,TssOut,BtwSaki,30.70723255812676,128.871200259136,91.17211388047747,15.0,344.59694385356613,498.86036267798397
1379,Shanghai SouthCh - Nagoya,SEA,PILOT_TO_PILOT,3,1379,1297,4,5,TssOut,BtwSaki,30.706913373692643,128.87603031692305,91.17211388047747,15.0,344.84701715038136,498.61028938116874
1380,Shanghai SouthCh - Nagoya,SEA,PILOT_TO_PILOT,3,1380,1298,4,5,TssOut,BtwSaki,30.706594010489468,128.88086034273962,91.17211388047747,15.0,345.0970904471966,498.3602160843535
1381,Shanghai SouthCh - Nagoya,SEA,PILOT_TO_PILOT,3,1381,1299,4,5,TssOut,BtwSaki,30.706274468520665,128.8856903365684,91.17211388047747,15.0,345.3471637440118,498.1101427875383
1382,Shanghai SouthCh - Nagoya,SEA,PILOT_TO_PILOT,3,1382,1300,4,5,TssOut,BtwSaki,30.70595474778972,128.8905202983921,91.17211388047747,15.0,345.59723704082705,497.86006949072305
1383,Shanghai SouthCh - Nagoya,SEA,PILOT_TO_PILOT,3,1383,1301,4,5,TssOut,BtwSaki,30.705634848300065,128.89535022819348,91.17211388047747,15.0,345.8473103376423,497.6099961939078
1384,Shanghai SouthCh - Nagoya,SEA,PILOT_TO_PILOT,3,1384,1302,4,5,TssOut,BtwSaki,30.705314770055168,128.90018012595522,91.17211388047747,15.0,346.0973836344575,497.3599228970926
1385,Shanghai SouthCh - Nagoya,SEA,PILOT_TO_PILOT,3,1385,1303,4,5,TssOut,BtwSaki,30.704994513058494,128.9050099916601,91.17211388047747,15.0,346.3474569312727,497.1098496002774
1386,Shanghai SouthCh - Nagoya,SEA,PILOT_TO_PILOT,3,1386,1304,4,5,TssOut,BtwSaki,30.704674077313495,128.90983982529082,91.17211388047747,15.0,346.5975302280879,496.8597763034622
1387,Shanghai SouthCh - Nagoya,SEA,PILOT_TO_PILOT,3,1387,1305,4,5,TssOut,BtwSaki,30.704353462823647,128.91466962683006,91.17211388047747,15.0,346.84760352490315,496.60970300664695
1388,Shanghai SouthCh - Nagoya,SEA,PILOT_TO_PILOT,3,1388,1306,4,5,TssOut,BtwSaki,30.70403266959241,128.9194993962606,91.17211388047747,15.0,347.0976768217184,496.3596297098317
1389,Shanghai SouthCh - Nagoya,SEA,PILOT_TO_PILOT,3,1389,1307,4,5,TssOut,BtwSaki,30.703711697623255,128.92432913356512,91.17211388047747,15.0,347.3477501185336,496.1095564130165
1390,Shanghai SouthCh - Nagoya,SEA,PILOT_TO_PILOT,3,1390,1308,4,5,TssOut,BtwSaki,30.703390546919646,128.9291588387264,91.17211388047747,15.0,347.59782341534884,495.85948311620126
1391,Shanghai SouthCh - Nagoya,SEA,PILOT_TO_PILOT,3,1391,1309,4,5,TssOut,BtwSaki,30.703069217485055,128.93398851172716,91.17211388047747,15.0,347.8478967121641,495.60940981938603
1392,Shanghai SouthCh - Nagoya,SEA,PILOT_TO_PILOT,3,1392,1310,4,5,TssOut,BtwSaki,30.702747709322963,128.9388181525501,91.17211388047747,15.0,348.0979700089793,495.3593365225708
1393,Shanghai SouthCh - Nagoya,SEA,PILOT_TO_PILOT,3,1393,1311,4,5,TssOut,BtwSaki,30.70242602243684,128.94364776117803,91.17211388047747,15.0,348.34804330579453,495.10926322575557
1394,Shanghai SouthCh - Nagoya,SEA,PILOT_TO_PILOT,3,1394,1312,4,5,TssOut,BtwSaki,30.70210415683017,128.94847733759357,91.17211388047747,15.0,348.59811660260976,494.85918992894034
1395,Shanghai SouthCh - Nagoya,SEA,PILOT_TO_PILOT,3,1395,1313,4,5,TssOut,BtwSaki,30.701782112506418,128.95330688177953,91.17211388047747,15.0,348.848189899425,494.6091166321251
1396,Shanghai SouthCh - Nagoya,SEA,PILOT_TO_PILOT,3,1396,1314,4,5,TssOut,BtwSaki,30.701459889469085,128.95813639371863,91.17211388047747,15.0,349.0982631962402,494.3590433353099
1397,Shanghai SouthCh - Nagoya,SEA,PILOT_TO_PILOT,3,1397,1315,4,5,TssOut,BtwSaki,30.70113748772164,128.96296587339364,91.17211388047747,15.0,349.34833649305546,494.10897003849465
1398,Shanghai SouthCh - Nagoya,SEA,PILOT_TO_PILOT,3,1398,1316,4,5,TssOut,BtwSaki,30.700814907267567,128.96779532078725,91.17211388047747,15.0,349.5984097898707,493.8588967416794
1399,Shanghai SouthCh - Nagoya,SEA,PILOT_TO_PILOT,3,1399,1317,4,5,TssOut,BtwSaki,30.700492148110357,128.97262473588222,91.17211388047747,15.0,349.8484830866859,493.6088234448642
1400,Shanghai SouthCh - Nagoya,SEA,PILOT_TO_PILOT,3,1400,1318,4,5,TssOut,BtwSaki,30.70016921025349,128.9774541186613,91.17211388047747,15.0,350.09855638350115,493.35875014804895
1401,Shanghai SouthCh - Nagoya,SEA,PILOT_TO_PILOT,3,1401,1319,4,5,TssOut,BtwSaki,30.699846093700476,128.98228346910727,91.17211388047747,15.0,350.3486296803164,493.1086768512337
1402,Shanghai SouthCh - Nagoya,SEA,PILOT_TO_PILOT,3,1402,1320,4,5,TssOut,BtwSaki,30.699522798454804,128.9871127872028,91.17211388047747,15.0,350.5987029771316,492.8586035544185
1403,Shanghai SouthCh - Nagoya,SEA,PILOT_TO_PILOT,3,1403,1321,4,5,TssOut,BtwSaki,30.699199324519945,128.9919420729307,91.17211388047747,15.0,350.8487762739468,492.6085302576033
1404,Shanghai SouthCh - Nagoya,SEA,PILOT_TO_PILOT,3,1404,1322,4,5,TssOut,BtwSaki,30.69887567189942,128.9967713262737,91.17211388047747,15.0,351.098849570762,492.3584569607881
1405,Shanghai SouthCh - Nagoya,SEA,PILOT_TO_PILOT,3,1405,1323,4,5,TssOut,BtwSaki,30.698551840596703,129.0016005472145,91.17211388047747,15.0,351.34892286757724,492.10838366397286
1406,Shanghai SouthCh - Nagoya,SEA,PILOT_TO_PILOT,3,1406,1324,4,5,TssOut,BtwSaki,30.69822783061532,129.00642973573596,91.17211388047747,15.0,351.5989961643925,491.8583103671576
1407,Shanghai SouthCh - Nagoya,SEA,PILOT_TO_PILOT,3,1407,1325,4,5,TssOut,BtwSaki,30.69790364195875,129.01125889182072,91.17211388047747,15.0,351.8490694612077,491.6082370703424
1408,Shanghai SouthCh - Nagoya,SEA,PILOT_TO_PILOT,3,1408,1326,4,5,TssOut,BtwSaki,30.69757927463052,129.0160880154516,91.17211388047747,15.0,352.09914275802294,491.35816377352717
1409,Shanghai SouthCh - Nagoya,SEA,PILOT_TO_PILOT,3,1409,1327,4,5,TssOut,BtwSaki,30.69725472863411,129.02091710661136,91.17211388047747,15.0,352.34921605483817,491.10809047671194
1410,Shanghai SouthCh - Nagoya,SEA,PILOT_TO_PILOT,3,1410,1328,4,5,TssOut,BtwSaki,30.69693000397305,129.0257461652827,91.17211388047747,15.0,352.5992893516534,490.8580171798967
1411,Shanghai SouthCh - Nagoya,SEA,PILOT_TO_PILOT,3,1411,1329,4,5,TssOut,BtwSaki,30.69660510065083,129.03057519144846,91.17211388047747,15.0,352.8493626484686,490.6079438830815
1412,Shanghai SouthCh - Nagoya,SEA,PILOT_TO_PILOT,3,1412,1330,4,5,TssOut,BtwSaki,30.696280018670972,129.03540418509132,91.17211388047747,15.0,353.09943594528386,490.35787058626624
1413,Shanghai SouthCh - Nagoya,SEA,PILOT_TO_PILOT,3,1413,1331,4,5,TssOut,BtwSaki,30.69595475803699,129.04023314619405,91.17211388047747,15.0,353.3495092420991,490.107797289451
1414,Shanghai SouthCh - Nagoya,SEA,PILOT_TO_PILOT,3,1414,1332,4,5,TssOut,BtwSaki,30.695629318752385,129.0450620747395,91.17211388047747,15.0,353.5995825389143,489.8577239926358
1415,Shanghai SouthCh - Nagoya,SEA,PILOT_TO_PILOT,3,1415,1333,4,5,TssOut,BtwSaki,30.69530370082069,129.04989097071035,91.17211388047747,15.0,353.84965583572955,489.60765069582055
1416,Shanghai SouthCh - Nagoya,SEA,PILOT_TO_PILOT,3,1416,1334,4,5,TssOut,BtwSaki,30.694977904245413,129.05471983408938,91.17211388047747,15.0,354.0997291325448,489.3575773990053
1417,Shanghai SouthCh - Nagoya,SEA,PILOT_TO_PILOT,3,1417,1335,4,5,TssOut,BtwSaki,30.69465192903008,129.0595486648594,91.17211388047747,15.0,354.34980242936,489.1075041021901
1418,Shanghai SouthCh - Nagoya,SEA,PILOT_TO_PILOT,3,1418,1336,4,5,TssOut,BtwSaki,30.694325775178203,129.06437746300307,91.17211388047747,15.0,354.59987572617524,488.85743080537486
1419,Shanghai SouthCh - Nagoya,SEA,PILOT_TO_PILOT,3,1419,1337,4,5,TssOut,BtwSaki,30.693999442693325,129.0692062285033,91.17211388047747,15.0,354.8499490229905,488.60735750855963
1420,Shanghai SouthCh - Nagoya,SEA,PILOT_TO_PILOT,3,1420,1338,4,5,TssOut,BtwSaki,30.693672931578952,129.0740349613428,91.17211388047747,15.0,355.1000223198057,488.3572842117444
1421,Shanghai SouthCh - Nagoya,SEA,PILOT_TO_PILOT,3,1421,1339,4,5,TssOut,BtwSaki,30.69334624183862,129.07886366150427,91.17211388047747,15.0,355.3500956166209,488.1072109149292
1422,Shanghai SouthCh - Nagoya,SEA,PILOT_TO_PILOT,3,1422,1340,4,5,TssOut,BtwSaki,30.69301937347586,129.0836923289706,91.17211388047747,15.0,355.6001689134361,487.857137618114
1423,Shanghai SouthCh - Nagoya,SEA,PILOT_TO_PILOT,3,1423,1341,4,5,TssOut,BtwSaki,30.692692326494214,129.0885209637245,91.17211388047747,15.0,355.85024221025134,487.60706432129876
1424,Shanghai SouthCh - Nagoya,SEA,PILOT_TO_PILOT,3,1424,1342,4,5,TssOut,BtwSaki,30.69236510089718,129.09334956574878,91.17211388047747,15.0,356.10031550706657,487.35699102448353
1425,Shanghai SouthCh - Nagoya,SEA,PILOT_TO_PILOT,3,1425,1343,4,5,TssOut,BtwSaki,30.692037696688327,129.09817813502622,91.17211388047747,15.0,356.3503888038818,487.1069177276683
1426,Shanghai SouthCh - Nagoya,SEA,PILOT_TO_PILOT,3,1426,1344,4,5,TssOut,BtwSaki,30.691710113871185,129.10300667153953,91.17211388047747,15.0,356.60046210069703,486.8568444308531
1427,Shanghai SouthCh - Nagoya,SEA,PILOT_TO_PILOT,3,1427,1345,4,5,TssOut,BtwSaki,30.691382352449274,129.10783517527156,91.17211388047747,15.0,356.85053539751226,486.60677113403784
1428,Shanghai SouthCh - Nagoya,SEA,PILOT_TO_PILOT,3,1428,1346,4,5,TssOut,BtwSaki,30.691054412426165,129.11266364620508,91.17211388047747,15.0,357.1006086943275,486.3566978372226
1429,Shanghai SouthCh - Nagoya,SEA,PILOT_TO_PILOT,3,1429,1347,4,5,TssOut,BtwSaki,30.690726293805376,129.11749208432286,91.17211388047747,15.0,357.3506819911427,486.1066245404074
1430,Shanghai SouthCh - Nagoya,SEA,PILOT_TO_PILOT,3,1430,1348,4,5,TssOut,BtwSaki,30.690397996590466,129.1223204896077,91.17211388047747,15.0,357.60075528795795,485.85655124359215
1431,Shanghai SouthCh - Nagoya,SEA,PILOT_TO_PILOT,3,1431,1349,4,5,TssOut,BtwSaki,30.69006952078497,129.12714886204236,91.17211388047747,15.0,357.8508285847732,485.6064779467769
1432,Shanghai SouthCh - Nagoya,SEA,PILOT_TO_PILOT,3,1432,1350,4,5,TssOut,BtwSaki,30.689740866392448,129.13197720160966,91.17211388047747,15.0,358.1009018815884,485.3564046499617
1433,Shanghai SouthCh - Nagoya,SEA,PILOT_TO_PILOT,3,1433,1351,4,5,TssOut,BtwSaki,30.68941203341643,129.13680550829235,91.17211388047747,15.0,358.35097517840364,485.10633135314646
1434,Shanghai SouthCh - Nagoya,SEA,PILOT_TO_PILOT,3,1434,1352,4,5,TssOut,BtwSaki,30.689083021860494,129.14163378207328,91.17211388047747,15.0,358.6010484752189,484.8562580563312
1435,Shanghai SouthCh - Nagoya,SEA,PILOT_TO_PILOT,3,1435,1353,4,5,TssOut,BtwSaki,30.688753831728178,129.1464620229352,91.17211388047747,15.0,358.8511217720341,484.606184759516
1436,Shanghai SouthCh - Nagoya,SEA,PILOT_TO_PILOT,3,1436,1354,4,5,TssOut,BtwSaki,30.688424463023033,129.15129023086092,91.17211388047747,15.0,359.10119506884934,484.35611146270077
1437,Shanghai SouthCh - Nagoya,SEA,PILOT_TO_PILOT,3,1437,1355,4,5,TssOut,BtwSaki,30.688094915748632,129.15611840583318,91.17211388047747,15.0,359.35126836566457,484.10603816588554
1438,Shanghai SouthCh - Nagoya,SEA,PILOT_TO_PILOT,3,1438,1356,4,5,TssOut,BtwSaki,30.687765189908518,129.16094654783484,91.17211388047747,15.0,359.6013416624798,483.8559648690703
1439,Shanghai SouthCh - Nagoya,SEA,PILOT_TO_PILOT,3,1439,1357,4,5,TssOut,BtwSaki,30.68743528550626,129.16577465684873,91.17211388047747,15.0,359.85141495929497,483.60589157225513
1440,Shanghai SouthCh - Nagoya,SEA,PILOT_TO_PILOT,3,1440,1358,4,5,TssOut,BtwSaki,30.68710520254543,129.17060273285756,91.17211388047747,15.0,360.1014882561102,483.3558182754399
1441,Shanghai SouthCh - Nagoya,SEA,PILOT_TO_PILOT,3,1441,1359,4,5,TssOut,BtwSaki,30.68677494102958,129.17543077584418,91.17211388047747,15.0,360.35156155292543,483.10574497862467
1442,Shanghai SouthCh - Nagoya,SEA,PILOT_TO_PILOT,3,1442,1360,4,5,TssOut,BtwSaki,30.68644450096227,129.18025878579135,91.17211388047747,15.0,360.60163484974066,482.85567168180944
1443,Shanghai SouthCh - Nagoya,SEA,PILOT_TO_PILOT,3,1443,1361,4,5,TssOut,BtwSaki,30.686113882347094,129.18508676268195,91.17211388047747,15.0,360.8517081465559,482.6055983849942
1444,Shanghai SouthCh - Nagoya,SEA,PILOT_TO_PILOT,3,1444,1362,4,5,TssOut,BtwSaki,30.68578308518759,129.1899147064987,91.17211388047747,15.0,361.1017814433711,482.355525088179
1445,Shanghai SouthCh - Nagoya,SEA,PILOT_TO_PILOT,3,1445,1363,4,5,TssOut,BtwSaki,30.68545210948736,129.19474261722448,91.17211388047747,15.0,361.35185474018635,482.10545179136375
1446,Shanghai SouthCh - Nagoya,SEA,PILOT_TO_PILOT,3,1446,1364,4,5,TssOut,BtwSaki,30.68512095524996,129.19957049484205,91.17211388047747,15.0,361.6019280370016,481.8553784945485
1447,Shanghai SouthCh - Nagoya,SEA,PILOT_TO_PILOT,3,1447,1365,4,5,TssOut,BtwSaki,30.68478962247897,129.20439833933423,91.17211388047747,15.0,361.8520013338168,481.6053051977333
1448,Shanghai SouthCh - Nagoya,SEA,PILOT_TO_PILOT,3,1448,1366,4,5,TssOut,BtwSaki,30.684458111177968,129.20922615068386,91.17211388047747,15.0,362.10207463063205,481.35523190091806
1449,Shanghai SouthCh - Nagoya,SEA,PILOT_TO_PILOT,3,1449,1367,4,5,TssOut,BtwSaki,30.684126421350538,129.21405392887368,91.17211388047747,15.0,362.3521479274473,481.1051586041028
1450,Shanghai SouthCh - Nagoya,SEA,PILOT_TO_PILOT,3,1450,1368,4,5,TssOut,BtwSaki,30.683794553000258,129.21888167388659,91.17211388047747,15.0,362.6022212242625,480.8550853072876
1451,Shanghai SouthCh - Nagoya,SEA,PILOT_TO_PILOT,3,1451,1369,4,5,TssOut,BtwSaki,30.683462506130713,129.22370938570535,91.17211388047747,15.0,362.85229452107774,480.60501201047236
1452,Shanghai SouthCh - Nagoya,SEA,PILOT_TO_PILOT,3,1452,1370,4,5,TssOut,BtwSaki,30.68313028074548,129.22853706431277,91.17211388047747,15.0,363.10236781789297,480.35493871365713
1453,Shanghai SouthCh - Nagoya,SEA,PILOT_TO_PILOT,3,1453,1371,4,5,TssOut,BtwSaki,30.682797876848156,129.23336470969173,91.17211388047747,15.0,363.3524411147082,480.1048654168419
1454,Shanghai SouthCh - Nagoya,SEA,PILOT_TO_PILOT,3,1454,1372,4,5,TssOut,BtwSaki,30.68246529444233,129.23819232182493,91.17211388047747,15.0,363.60251441152343,479.8547921200267
1455,Shanghai SouthCh - Nagoya,SEA,PILOT_TO_PILOT,3,1455,1373,4,5,TssOut,BtwSaki,30.68213253353158,129.24301990069534,91.17211388047747,15.0,363.85258770833866,479.60471882321144
1456,Shanghai SouthCh - Nagoya,SEA,PILOT_TO_PILOT,3,1456,1374,4,5,TssOut,BtwSaki,30.68179959411951,129.24784744628568,91.17211388047747,15.0,364.1026610051539,479.3546455263962
1457,Shanghai SouthCh - Nagoya,SEA,PILOT_TO_PILOT,3,1457,1375,4,5,TssOut,BtwSaki,30.68146647620972,129.25267495857878,91.17211388047747,15.0,364.35273430196906,479.10457222958104
1458,Shanghai SouthCh - Nagoya,SEA,PILOT_TO_PILOT,3,1458,1376,4,5,TssOut,BtwSaki,30.68113317980579,129.2575024375575,91.17211388047747,15.0,364.6028075987843,478.8544989327658
1459,Shanghai SouthCh - Nagoya,SEA,PILOT_TO_PILOT,3,1459,1377,4,5,TssOut,BtwSaki,30.680799704911333,129.2623298832047,91.17211388047747,15.0,364.8528808955995,478.6044256359506
1460,Shanghai SouthCh - Nagoya,SEA,PILOT_TO_PILOT,3,1460,1378,4,5,TssOut,BtwSaki,30.68046605152994,129.2671572955031,91.17211388047747,15.0,365.10295419241476,478.35435233913535
1461,Shanghai SouthCh - Nagoya,SEA,PILOT_TO_PILOT,3,1461,1379,4,5,TssOut,BtwSaki,30.680132219665214,129.2719846744356,91.17211388047747,15.0,365.35302748923,478.1042790423201
1462,Shanghai SouthCh - Nagoya,SEA,PILOT_TO_PILOT,3,1462,1380,4,5,TssOut,BtwSaki,30.67979820932076,129.27681201998504,91.17211388047747,15.0,365.6031007860452,477.8542057455049
1463,Shanghai SouthCh - Nagoya,SEA,PILOT_TO_PILOT,3,1463,1381,4,5,TssOut,BtwSaki,30.67946402050018,129.2816393321342,91.17211388047747,15.0,365.85317408286045,477.60413244868965
1464,Shanghai SouthCh - Nagoya,SEA,PILOT_TO_PILOT,3,1464,1382,4,5,TssOut,BtwSaki,30.679129653207088,129.28646661086594,91.17211388047747,15.0,366.1032473796757,477.3540591518744
1465,Shanghai SouthCh - Nagoya,SEA,PILOT_TO_PILOT,3,1465,1383,4,5,TssOut,BtwSaki,30.67879510744509,129.29129385616312,91.17211388047747,15.0,366.3533206764909,477.1039858550592
1466,Shanghai SouthCh - Nagoya,SEA,PILOT_TO_PILOT,3,1466,1384,4,5,TssOut,BtwSaki,30.6784603832178,129.29612106800857,91.17211388047747,15.0,366.60339397330614,476.85391255824396
1467,Shanghai SouthCh - Nagoya,SEA,PILOT_TO_PILOT,3,1467,1385,4,5,TssOut,BtwSaki,30.678125480528827,129.3009482463851,91.17211388047747,15.0,366.85346727012137,476.60383926142873
1468,Shanghai SouthCh - Nagoya,SEA,PILOT_TO_PILOT,3,1468,1386,4,5,TssOut,BtwSaki,30.677790399381788,129.30577539127557,91.17211388047747,15.0,367.1035405669366,476.3537659646135
1469,Shanghai SouthCh - Nagoya,SEA,PILOT_TO_PILOT,3,1469,1387,4,5,TssOut,BtwSaki,30.677455139780303,129.3106025026628,91.17211388047747,15.0,367.35361386375183,476.10369266779827
1470,Shanghai SouthCh - Nagoya,SEA,PILOT_TO_PILOT,3,1470,1388,4,5,TssOut,BtwSaki,30.67711970172798,129.3154295805296,91.17211388047747,15.0,367.60368716056706,475.85361937098304
1471,Shanghai SouthCh - Nagoya,SEA,PILOT_TO_PILOT,3,1471,1389,4,5,TssOut,BtwSaki,30.67678408522845,129.3202566248589,91.17211388047747,15.0,367.8537604573823,475.6035460741678
1472,Shanghai SouthCh - Nagoya,SEA,PILOT_TO_PILOT,3,1472,1390,4,5,TssOut,BtwSaki,30.67644829028533,129.32508363563352,91.17211388047747,15.0,368.1038337541975,475.3534727773526
1473,Shanghai SouthCh - Nagoya,SEA,PILOT_TO_PILOT,3,1473,1391,4,5,TssOut,BtwSaki,30.676112316902238,129.32991061283627,91.17211388047747,15.0,368.35390705101275,475.10339948053735
1474,Shanghai SouthCh - Nagoya,SEA,PILOT_TO_PILOT,3,1474,1392,4,5,TssOut,BtwSaki,30.675776165082812,129.33473755645,91.17211388047747,15.0,368.603980347828,474.8533261837221
1475,Shanghai SouthCh - Nagoya,SEA,PILOT_TO_PILOT,3,1475,1393,4,5,TssOut,BtwSaki,30.675439834830676,129.33956446645755,91.17211388047747,15.0,368.85405364464316,474.60325288690694
1476,Shanghai SouthCh - Nagoya,SEA,PILOT_TO_PILOT,3,1476,1394,4,5,TssOut,BtwSaki,30.675103326149458,129.34439134284185,91.17211388047747,15.0,369.1041269414584,474.3531795900917
1477,Shanghai SouthCh - Nagoya,SEA,PILOT_TO_PILOT,3,1477,1395,4,5,TssOut,BtwSaki,30.674766639042787,129.34921818558567,91.17211388047747,15.0,369.3542002382736,474.1031062932765
1478,Shanghai SouthCh - Nagoya,SEA,PILOT_TO_PILOT,3,1478,1396,4,5,TssOut,BtwSaki,30.67442977351431,129.35404499467188,91.17211388047747,15.0,369.60427353508885,473.85303299646125
1479,Shanghai SouthCh - Nagoya,SEA,PILOT_TO_PILOT,3,1479,1397,4,5,TssOut,BtwSaki,30.674092729567647,129.35887177008337,91.17211388047747,15.0,369.8543468319041,473.602959699646
1480,Shanghai SouthCh - Nagoya,SEA,PILOT_TO_PILOT,3,1480,1398,4,5,TssOut,BtwSaki,30.673755507206433,129.36369851180294,91.17211388047747,15.0,370.1044201287193,473.3528864028308
1481,Shanghai SouthCh - Nagoya,SEA,PILOT_TO_PILOT,3,1481,1399,4,5,TssOut,BtwSaki,30.673418106434315,129.36852521981348,91.17211388047747,15.0,370.35449342553454,473.10281310601556
1482,Shanghai SouthCh - Nagoya,SEA,PILOT_TO_PILOT,3,1482,1400,4,5,TssOut,BtwSaki,30.673080527254935,129.37335189409788,91.17211388047747,15.0,370.6045667223498,472.85273980920033
1483,Shanghai SouthCh - Nagoya,SEA,PILOT_TO_PILOT,3,1483,1401,4,5,TssOut,BtwSaki,30.672742769671927,129.37817853463895,91.17211388047747,15.0,370.854640019165,472.6026665123851
1484,Shanghai SouthCh - Nagoya,SEA,PILOT_TO_PILOT,3,1484,1402,4,5,TssOut,BtwSaki,30.672404833688947,129.38300514141955,91.17211388047747,15.0,371.10471331598023,472.35259321556987
1485,Shanghai SouthCh - Nagoya,SEA,PILOT_TO_PILOT,3,1485,1403,4,5,TssOut,BtwSaki,30.672066719309637,129.38783171442256,91.17211388047747,15.0,371.35478661279546,472.10251991875464
1486,Shanghai SouthCh - Nagoya,SEA,PILOT_TO_PILOT,3,1486,1404,4,5,TssOut,BtwSaki,30.671728426537644,129.39265825363088,91.17211388047747,15.0,371.6048599096107,471.8524466219394
1487,Shanghai SouthCh - Nagoya,SEA,PILOT_TO_PILOT,3,1487,1405,4,5,TssOut,BtwSaki,30.671389955376608,129.39748475902732,91.17211388047747,15.0,371.8549332064259,471.6023733251242
1488,Shanghai SouthCh - Nagoya,SEA,PILOT_TO_PILOT,3,1488,1406,4,5,TssOut,BtwSaki,30.671051305830193,129.40231123059476,91.17211388047747,15.0,372.10500650324116,471.35230002830895
1489,Shanghai SouthCh - Nagoya,SEA,PILOT_TO_PILOT,3,1489,1407,4,5,TssOut,BtwSaki,30.67071247790206,129.4071376683161,91.17211388047747,15.0,372.3550798000564,471.1022267314937
1490,Shanghai SouthCh - Nagoya,SEA,PILOT_TO_PILOT,3,1490,1408,4,5,TssOut,BtwSaki,30.67037347159585,129.41196407217421,91.17211388047747,15.0,372.6051530968716,470.8521534346785
1491,Shanghai SouthCh - Nagoya,SEA,PILOT_TO_PILOT,3,1491,1409,4,5,TssOut,BtwSaki,30.670034286915225,129.4167904421519,91.17211388047747,15.0,372.85522639368685,470.60208013786325
1492,Shanghai SouthCh - Nagoya,SEA,PILOT_TO_PILOT,3,1492,1410,4,5,TssOut,BtwSaki,30.669694923863833,129.42161677823213,91.17211388047747,15.0,373.1052996905021,470.352006841048
1493,Shanghai SouthCh - Nagoya,SEA,PILOT_TO_PILOT,3,1493,1411,4,5,TssOut,BtwSaki,30.669355382445367,129.4264430803977,91.17211388047747,15.0,373.35537298731725,470.10193354423285
1494,Shanghai SouthCh - Nagoya,SEA,PILOT_TO_PILOT,3,1494,1412,4,5,TssOut,BtwSaki,30.66901566266346,129.43126934863153,91.17211388047747,15.0,373.6054462841325,469.8518602474176
1495,Shanghai SouthCh - Nagoya,SEA,PILOT_TO_PILOT,3,1495,1413,4,5,TssOut,BtwSaki,30.668675764521783,129.4360955829165,91.17211388047747,15.0,373.8555195809477,469.6017869506024
1496,Shanghai SouthCh - Nagoya,SEA,PILOT_TO_PILOT,3,1496,1414,4,5,TssOut,BtwSaki,30.668335688024,129.4409217832354,91.17211388047747,15.0,374.10559287776294,469.35171365378716
1497,Shanghai SouthCh - Nagoya,SEA,PILOT_TO_PILOT,3,1497,1415,4,5,TssOut,BtwSaki,30.6679954331738,129.44574794957128,91.17211388047747,15.0,374.3556661745782,469.1016403569719
1498,Shanghai SouthCh - Nagoya,SEA,PILOT_TO_PILOT,3,1498,1416,4,5,TssOut,BtwSaki,30.667654999974825,129.4505740819069,91.17211388047747,15.0,374.6057394713934,468.8515670601567
1499,Shanghai SouthCh - Nagoya,SEA,PILOT_TO_PILOT,3,1499,1417,4,5,TssOut,BtwSaki,30.667314388430757,129.45540018022513,91.17211388047747,15.0,374.85581276820864,468.60149376334147
1500,Shanghai SouthCh - Nagoya,SEA,PILOT_TO_PILOT,3,1500,1418,4,5,TssOut,BtwSaki,30.666973598545294,129.46022624450896,91.17211388047747,15.0,375.10588606502387,468.35142046652624
1501,Shanghai SouthCh - Nagoya,SEA,PILOT_TO_PILOT,3,1501,1419,4,5,TssOut,BtwSaki,30.666632630322077,129.46505227474117,91.17211388047747,15.0,375.3559593618391,468.101347169711
1502,Shanghai SouthCh - Nagoya,SEA,PILOT_TO_PILOT,3,1502,1420,4,5,TssOut,BtwSaki,30.6662914837648,129.4698782709047,91.17211388047747,15.0,375.6060326586543,467.8512738728958
1503,Shanghai SouthCh - Nagoya,SEA,PILOT_TO_PILOT,3,1503,1421,4,5,TssOut,BtwSaki,30.665950158877138,129.47470423298242,91.17211388047747,15.0,375.85610595546956,467.60120057608054
1504,Shanghai SouthCh - Nagoya,SEA,PILOT_TO_PILOT,3,1504,1422,4,5,TssOut,BtwSaki,30.66560865566278,129.47953016095724,91.17211388047747,15.0,376.1061792522848,467.3511272792653
1505,Shanghai SouthCh - Nagoya,SEA,PILOT_TO_PILOT,3,1505,1423,4,5,TssOut,BtwSaki,30.665266974125398,129.48435605481203,91.17211388047747,15.0,376.3562525491,467.1010539824501
1506,Shanghai SouthCh - Nagoya,SEA,PILOT_TO_PILOT,3,1506,1424,4,5,TssOut,BtwSaki,30.664925114268694,129.48918191452972,91.17211388047747,15.0,376.60632584591525,466.85098068563485
1507,Shanghai SouthCh - Nagoya,SEA,PILOT_TO_PILOT,3,1507,1425,4,5,TssOut,BtwSaki,30.664583076096328,129.4940077400932,91.17211388047747,15.0,376.8563991427305,466.6009073888196
1508,Shanghai SouthCh - Nagoya,SEA,PILOT_TO_PILOT,3,1508,1426,4,5,TssOut,BtwSaki,30.66424085961202,129.4988335314853,91.17211388047747,15.0,377.1064724395457,466.3508340920044
1509,Shanghai SouthCh - Nagoya,SEA,PILOT_TO_PILOT,3,1509,1427,4,5,TssOut,BtwSaki,30.663898464819436,129.503659288689,91.17211388047747,15.0,377.35654573636094,466.10076079518916
1510,Shanghai SouthCh - Nagoya,SEA,PILOT_TO_PILOT,3,1510,1428,4,5,TssOut,BtwSaki,30.66355589172229,129.50848501168716,91.17211388047747,15.0,377.6066190331762,465.85068749837393
1511,Shanghai SouthCh - Nagoya,SEA,PILOT_TO_PILOT,3,1511,1429,4,5,TssOut,BtwSaki,30.66321314032425,129.51331070046268,91.17211388047747,15.0,377.85669232999135,465.60061420155876
1512,Shanghai SouthCh - Nagoya,SEA,PILOT_TO_PILOT,3,1512,1430,4,5,TssOut,BtwSaki,30.66287021062903,129.5181363549985,91.17211388047747,15.0,378.1067656268066,465.3505409047435
1513,Shanghai SouthCh - Nagoya,SEA,PILOT_TO_PILOT,3,1513,1431,4,5,TssOut,BtwSaki,30.66252710264033,129.52296197527747,91.17211388047747,15.0,378.3568389236218,465.1004676079283
1514,Shanghai SouthCh - Nagoya,SEA,PILOT_TO_PILOT,3,1514,1432,4,5,TssOut,BtwSaki,30.662183816361846,129.5277875612825,91.17211388047747,15.0,378.60691222043704,464.85039431111306
1515,Shanghai SouthCh - Nagoya,SEA,PILOT_TO_PILOT,3,1515,1433,4,5,TssOut,BtwSaki,30.661840351797267,129.53261311299656,91.17211388047747,15.0,378.85698551725227,464.60032101429783
1516,Shanghai SouthCh - Nagoya,SEA,PILOT_TO_PILOT,3,1516,1434,4,5,TssOut,BtwSaki,30.66149670895031,129.53743863040248,91.17211388047747,15.0,379.1070588140675,464.3502477174826
1517,Shanghai SouthCh - Nagoya,SEA,PILOT_TO_PILOT,3,1517,1435,4,5,TssOut,BtwSaki,30.66115288782469,129.54226411348324,91.17211388047747,15.0,379.35713211088273,464.1001744206674
1518,Shanghai SouthCh - Nagoya,SEA,PILOT_TO_PILOT,3,1518,1436,4,5,TssOut,BtwSaki,30.66080888842409,129.5470895622217,91.17211388047747,15.0,379.60720540769796,463.85010112385214
1519,Shanghai SouthCh - Nagoya,SEA,PILOT_TO_PILOT,3,1519,1437,4,5,TssOut,BtwSaki,30.660464710752237,129.55191497660078,91.17211388047747,15.0,379.8572787045132,463.6000278270369
1520,Shanghai SouthCh - Nagoya,SEA,PILOT_TO_PILOT,3,1520,1438,4,5,TssOut,BtwSaki,30.660120354812832,129.55674035660343,91.17211388047747,15.0,380.1073520013284,463.3499545302217
1521,Shanghai SouthCh - Nagoya,SEA,PILOT_TO_PILOT,3,1521,1439,4,5,TssOut,BtwSaki,30.659775820609585,129.5615657022125,91.17211388047747,15.0,380.35742529814365,463.09988123340645
1522,Shanghai SouthCh - Nagoya,SEA,PILOT_TO_PILOT,3,1522,1440,4,5,TssOut,BtwSaki,30.659431108146237,129.56639101341102,91.17211388047747,15.0,380.6074985949589,462.8498079365912
1523,Shanghai SouthCh - Nagoya,SEA,PILOT_TO_PILOT,3,1523,1441,4,5,TssOut,BtwSaki,30.65908621742647,129.57121629018178,91.17211388047747,15.0,380.8575718917741,462.599734639776
1524,Shanghai SouthCh - Nagoya,SEA,PILOT_TO_PILOT,3,1524,1442,4,5,TssOut,BtwSaki,30.658741148454016,129.57604153250776,91.17211388047747,15.0,381.10764518858934,462.34966134296076
1525,Shanghai SouthCh - Nagoya,SEA,PILOT_TO_PILOT,3,1525,1443,4,5,TssOut,BtwSaki,30.65839590123261,129.58086674037187,91.17211388047747,15.0,381.3577184854046,462.0995880461455
1526,Shanghai SouthCh - Nagoya,SEA,PILOT_TO_PILOT,3,1526,1444,4,5,TssOut,BtwSaki,30.65805047576595,129.58569191375707,91.17211388047747,15.0,381.6077917822198,461.8495147493303
1527,Shanghai SouthCh - Nagoya,SEA,PILOT_TO_PILOT,3,1527,1445,4,5,TssOut,BtwSaki,30.657704872057764,129.59051705264625,91.17211388047747,15.0,381.85786507903504,461.59944145251507
1528,Shanghai SouthCh - Nagoya,SEA,PILOT_TO_PILOT,3,1528,1446,4,5,TssOut,BtwSaki,30.657359090111797,129.5953421570223,91.17211388047747,15.0,382.10793837585027,461.34936815569984
1529,Shanghai SouthCh - Nagoya,SEA,PILOT_TO_PILOT,3,1529,1447,4,5,TssOut,BtwSaki,30.657013129931755,129.60016722686822,91.17211388047747,15.0,382.35801167266544,461.09929485888466
1530,Shanghai SouthCh - Nagoya,SEA,PILOT_TO_PILOT,3,1530,1448,4,5,TssOut,BtwSaki,30.65666699152137,129.60499226216692,91.17211388047747,15.0,382.6080849694807,460.84922156206943
1531,Shanghai SouthCh - Nagoya,SEA,PILOT_TO_PILOT,3,1531,1449,4,5,TssOut,BtwSaki,30.656320674884395,129.60981726290132,91.17211388047747,15.0,382.8581582662959,460.5991482652542
1532,Shanghai SouthCh - Nagoya,SEA,PILOT_TO_PILOT,3,1532,1450,4,5,TssOut,BtwSaki,30.655974180024533,129.6146422290543,91.17211388047747,15.0,383.10823156311113,460.34907496843897
1533,Shanghai SouthCh - Nagoya,SEA,PILOT_TO_PILOT,3,1533,1451,4,5,TssOut,BtwSaki,30.65562750694554,129.6194671606089,91.17211388047747,15.0,383.35830485992636,460.09900167162374
1534,Shanghai SouthCh - Nagoya,SEA,PILOT_TO_PILOT,3,1534,1452,4,5,TssOut,BtwSaki,30.65528065565114,129.624292057548,91.17211388047747,15.0,383.6083781567416,459.8489283748085
1535,Shanghai SouthCh - Nagoya,SEA,PILOT_TO_PILOT,3,1535,1453,4,5,TssOut,BtwSaki,30.65493362614508,129.6291169198545,91.17211388047747,15.0,383.8584514535568,459.5988550779933
1536,Shanghai SouthCh - Nagoya,SEA,PILOT_TO_PILOT,3,1536,1454,4,5,TssOut,BtwSaki,30.654586418431087,129.6339417475114,91.17211388047747,15.0,384.10852475037206,459.34878178117805
1537,Shanghai SouthCh - Nagoya,SEA,PILOT_TO_PILOT,3,1537,1455,4,5,TssOut,BtwSaki,30.65423903251293,129.6387665405016,91.17211388047747,15.0,384.3585980471873,459.0987084843628
1538,Shanghai SouthCh - Nagoya,SEA,PILOT_TO_PILOT,3,1538,1456,4,5,TssOut,BtwSaki,30.653891468394328,129.64359129880802,91.17211388047747,15.0,384.6086713440025,458.8486351875476
1539,Shanghai SouthCh - Nagoya,SEA,PILOT_TO_PILOT,3,1539,1457,4,5,TssOut,BtwSaki,30.653543726079036,129.6484160224137,91.17211388047747,15.0,384.85874464081775,458.59856189073236
1540,Shanghai SouthCh - Nagoya,SEA,PILOT_TO_PILOT,3,1540,1458,4,5,TssOut,BtwSaki,30.65319580557081,129.65324071130146,91.17211388047747,15.0,385.108817937633,458.3484885939171
1541,Shanghai SouthCh - Nagoya,SEA,PILOT_TO_PILOT,3,1541,1459,4,5,TssOut,BtwSaki,30.652847706873366,129.65806536545435,91.17211388047747,15.0,385.3588912344482,458.0984152971019
1542,Shanghai SouthCh - Nagoya,SEA,PILOT_TO_PILOT,3,1542,1460,4,5,TssOut,BtwSaki,30.652499429990495,129.66288998485524,91.17211388047747,15.0,385.60896453126344,457.84834200028666
1543,Shanghai SouthCh - Nagoya,SEA,PILOT_TO_PILOT,3,1543,1461,4,5,TssOut,BtwSaki,30.65215097492594,129.66771456948715,91.17211388047747,15.0,385.85903782807867,457.59826870347143
1544,Shanghai SouthCh - Nagoya,SEA,PILOT_TO_PILOT,3,1544,1462,4,5,TssOut,BtwSaki,30.651802341683442,129.67253911933295,91.17211388047747,15.0,386.1091111248939,457.3481954066562
1545,Shanghai SouthCh - Nagoya,SEA,PILOT_TO_PILOT,3,1545,1463,4,5,TssOut,BtwSaki,30.651453530266775,129.67736363437564,91.17211388047747,15.0,386.35918442170913,457.098122109841
1546,Shanghai SouthCh - Nagoya,SEA,PILOT_TO_PILOT,3,1546,1464,4,5,TssOut,BtwSaki,30.651104540679686,129.68218811459815,91.17211388047747,15.0,386.60925771852436,456.84804881302574
1547,Shanghai SouthCh - Nagoya,SEA,PILOT_TO_PILOT,3,1547,1465,4,5,TssOut,BtwSaki,30.650755372925943,129.6870125599835,91.17211388047747,15.0,386.85933101533954,456.59797551621057
1548,Shanghai SouthCh - Nagoya,SEA,PILOT_TO_PILOT,3,1548,1466,4,5,TssOut,BtwSaki,30.6504060270093,129.69183697051454,91.17211388047747,15.0,387.10940431215477,456.34790221939534
1549,Shanghai SouthCh - Nagoya,SEA,PILOT_TO_PILOT,3,1549,1467,4,5,TssOut,BtwSaki,30.65005650293353,129.6966613461743,91.17211388047747,15.0,387.35947760897,456.0978289225801
1550,Shanghai SouthCh - Nagoya,SEA,PILOT_TO_PILOT,3,1550,1468,4,5,TssOut,BtwSaki,30.649706800702393,129.70148568694572,91.17211388047747,15.0,387.6095509057852,455.8477556257649
1551,Shanghai SouthCh - Nagoya,SEA,PILOT_TO_PILOT,3,1551,1469,4,5,TssOut,BtwSaki,30.649356920319665,129.70630999281173,91.17211388047747,15.0,387.85962420260046,455.59768232894965
1552,Shanghai SouthCh - Nagoya,SEA,PILOT_TO_PILOT,3,1552,1470,4,5,TssOut,BtwSaki,30.649006861789104,129.71113426375533,91.17211388047747,15.0,388.1096974994157,455.3476090321344
1553,Shanghai SouthCh - Nagoya,SEA,PILOT_TO_PILOT,3,1553,1471,4,5,TssOut,BtwSaki,30.64865662511449,129.7159584997595,91.17211388047747,15.0,388.3597707962309,455.0975357353192
1554,Shanghai SouthCh - Nagoya,SEA,PILOT_TO_PILOT,3,1554,1472,4,5,TssOut,BtwSaki,30.6483062102996,129.72078270080718,91.17211388047747,15.0,388.60984409304615,454.84746243850395
1555,Shanghai SouthCh - Nagoya,SEA,PILOT_TO_PILOT,3,1555,1473,4,5,TssOut,BtwSaki,30.647955617348195,129.7256068668813,91.17211388047747,15.0,388.8599173898614,454.5973891416887
1556,Shanghai SouthCh - Nagoya,SEA,PILOT_TO_PILOT,3,1556,1474,4,5,TssOut,BtwSaki,30.647604846264063,129.7304309979649,91.17211388047747,15.0,389.1099906866766,454.3473158448735
1557,Shanghai SouthCh - Nagoya,SEA,PILOT_TO_PILOT,3,1557,1475,4,5,TssOut,BtwSaki,30.647253897050987,129.73525509404087,91.17211388047747,15.0,389.36006398349184,454.09724254805826
1558,Shanghai SouthCh - Nagoya,SEA,PILOT_TO_PILOT,3,1558,1476,4,5,TssOut,BtwSaki,30.646902769712735,129.74007915509225,91.17211388047747,15.0,389.6101372803071,453.84716925124303
1559,Shanghai SouthCh - Nagoya,SEA,PILOT_TO_PILOT,3,1559,1477,4,5,TssOut,BtwSaki,30.6465514642531,129.74490318110196,91.17211388047747,15.0,389.8602105771223,453.5970959544278
1560,Shanghai SouthCh - Nagoya,SEA,PILOT_TO_PILOT,3,1560,1478,4,5,TssOut,BtwSaki,30.64619998067586,129.74972717205304,91.17211388047747,15.0,390.11028387393753,453.34702265761257
1561,Shanghai SouthCh - Nagoya,SEA,PILOT_TO_PILOT,3,1561,1479,4,5,TssOut,BtwSaki,30.645848318984804,129.75455112792838,91.17211388047747,15.0,390.36035717075276,453.09694936079734
1562,Shanghai SouthCh - Nagoya,SEA,PILOT_TO_PILOT,3,1562,1480,4,5,TssOut,BtwSaki,30.645496479183727,129.759375048711,91.17211388047747,15.0,390.610430467568,452.8468760639821
1563,Shanghai SouthCh - Nagoya,SEA,PILOT_TO_PILOT,3,1563,1481,4,5,TssOut,BtwSaki,30.645144461276406,129.7641989343839,91.17211388047747,15.0,390.8605037643832,452.5968027671669
1564,Shanghai SouthCh - Nagoya,SEA,PILOT_TO_PILOT,3,1564,1482,4,5,TssOut,BtwSaki,30.644792265266645,129.76902278493,91.17211388047747,15.0,391.11057706119846,452.34672947035165
1565,Shanghai SouthCh - Nagoya,SEA,PILOT_TO_PILOT,3,1565,1483,4,5,TssOut,BtwSaki,30.64443989115823,129.77384660033235,91.17211388047747,15.0,391.36065035801363,452.0966561735365
1566,Shanghai SouthCh - Nagoya,SEA,PILOT_TO_PILOT,3,1566,1484,4,5,TssOut,BtwSaki,30.64408733895496,129.77867038057389,91.17211388047747,15.0,391.61072365482886,451.84658287672124
1567,Shanghai SouthCh - Nagoya,SEA,PILOT_TO_PILOT,3,1567,1485,4,5,TssOut,BtwSaki,30.643734608660623,129.7834941256376,91.17211388047747,15.0,391.8607969516441,451.596509579906
1568,Shanghai SouthCh - Nagoya,SEA,PILOT_TO_PILOT,3,1568,1486,4,5,TssOut,BtwSaki,30.64338170027903,129.7883178355065,91.17211388047747,15.0,392.1108702484593,451.3464362830908
1569,Shanghai SouthCh - Nagoya,SEA,PILOT_TO_PILOT,3,1569,1487,4,5,TssOut,BtwSaki,30.643028613813986,129.79314151016354,91.17211388047747,15.0,392.36094354527455,451.09636298627555
1570,Shanghai SouthCh - Nagoya,SEA,PILOT_TO_PILOT,3,1570,1488,4,5,TssOut,BtwSaki,30.64267534926928,129.79796514959173,91.17211388047747,15.0,392.6110168420898,450.8462896894603
1571,Shanghai SouthCh - Nagoya,SEA,PILOT_TO_PILOT,3,1571,1489,4,5,TssOut,BtwSaki,30.64232190664872,129.80278875377405,91.17211388047747,15.0,392.861090138905,450.5962163926451
1572,Shanghai SouthCh - Nagoya,SEA,PILOT_TO_PILOT,3,1572,1490,4,5,TssOut,BtwSaki,30.641968285956118,129.80761232269353,91.17211388047747,15.0,393.11116343572024,450.34614309582986
1573,Shanghai SouthCh - Nagoya,SEA,PILOT_TO_PILOT,3,1573,1491,4,5,TssOut,BtwSaki,30.64161448719527,129.81243585633308,91.17211388047747,15.0,393.3612367325355,450.09606979901463
1574,Shanghai SouthCh - Nagoya,SEA,PILOT_TO_PILOT,3,1574,1492,4,5,TssOut,BtwSaki,30.64126051037002,129.81725935467577,91.17211388047747,15.0,393.6113100293507,449.8459965021994
1575,Shanghai SouthCh - Nagoya,SEA,PILOT_TO_PILOT,3,1575,1493,4,5,TssOut,BtwSaki,30.640906355484137,129.82208281770454,91.17211388047747,15.0,393.86138332616594,449.59592320538417
1576,Shanghai SouthCh - Nagoya,SEA,PILOT_TO_PILOT,3,1576,1494,4,5,TssOut,BtwSaki,30.64055202254146,129.82690624540243,91.17211388047747,15.0,394.11145662298117,449.34584990856894
1577,Shanghai SouthCh - Nagoya,SEA,PILOT_TO_PILOT,3,1577,1495,4,5,TssOut,BtwSaki,30.640197511545797,129.83172963775243,91.17211388047747,15.0,394.3615299197964,449.0957766117537
1578,Shanghai SouthCh - Nagoya,SEA,PILOT_TO_PILOT,3,1578,1496,4,5,TssOut,BtwSaki,30.639842822500963,129.83655299473753,91.17211388047747,15.0,394.6116032166116,448.8457033149385
1579,Shanghai SouthCh - Nagoya,SEA,PILOT_TO_PILOT,3,1579,1497,4,5,TssOut,BtwSaki,30.639487955410793,129.84137631634076,91.17211388047747,15.0,394.86167651342686,448.59563001812325
1580,Shanghai SouthCh - Nagoya,SEA,PILOT_TO_PILOT,3,1580,1498,4,5,TssOut,BtwSaki,30.639132910279088,129.84619960254508,91.17211388047747,15.0,395.1117498102421,448.345556721308
1581,Shanghai SouthCh - Nagoya,SEA,PILOT_TO_PILOT,3,1581,1499,4,5,TssOut,BtwSaki,30.63877768710968,129.85102285333355,91.17211388047747,15.0,395.3618231070573,448.0954834244928
1582,Shanghai SouthCh - Nagoya,SEA,PILOT_TO_PILOT,3,1582,1500,4,5,TssOut,BtwSaki,30.638422285906405,129.8558460686891,91.17211388047747,15.0,395.61189640387255,447.84541012767755
1583,Shanghai SouthCh - Nagoya,SEA,PILOT_TO_PILOT,3,1583,1501,4,5,TssOut,BtwSaki,30.638066706673065,129.8606692485948,91.17211388047747,15.0,395.8619697006877,447.5953368308624
1584,Shanghai SouthCh - Nagoya,SEA,PILOT_TO_PILOT,3,1584,1502,4,5,TssOut,BtwSaki,30.637710949413503,129.86549239303363,91.17211388047747,15.0,396.11204299750295,447.34526353404715
1585,Shanghai SouthCh - Nagoya,SEA,PILOT_TO_PILOT,3,1585,1503,4,5,TssOut,BtwSaki,30.63735501413155,129.87031550198864,91.17211388047747,15.0,396.3621162943182,447.0951902372319
1586,Shanghai SouthCh - Nagoya,SEA,PILOT_TO_PILOT,3,1586,1504,4,5,TssOut,BtwSaki,30.636998900831042,129.8751385754428,91.17211388047747,15.0,396.6121895911334,446.8451169404167
1587,Shanghai SouthCh - Nagoya,SEA,PILOT_TO_PILOT,3,1587,1505,4,5,TssOut,BtwSaki,30.636642609515807,129.87996161337912,91.17211388047747,15.0,396.86226288794865,446.59504364360146
1588,Shanghai SouthCh - Nagoya,SEA,PILOT_TO_PILOT,3,1588,1506,4,5,TssOut,BtwSaki,30.63628614018967,129.88478461578066,91.17211388047747,15.0,397.1123361847639,446.3449703467862
1589,Shanghai SouthCh - Nagoya,SEA,PILOT_TO_PILOT,3,1589,1507,4,5,TssOut,BtwSaki,30.635929492856494,129.8896075826304,91.17211388047747,15.0,397.3624094815791,446.094897049971
1590,Shanghai SouthCh - Nagoya,SEA,PILOT_TO_PILOT,3,1590,1508,4,5,TssOut,BtwSaki,30.635572667520098,129.89443051391137,91.17211388047747,15.0,397.61248277839434,445.84482375315577
1591,Shanghai SouthCh - Nagoya,SEA,PILOT_TO_PILOT,3,1591,1509,4,5,TssOut,BtwSaki,30.635215664184333,129.8992534096066,91.17211388047747,15.0,397.86255607520957,445.59475045634053
1592,Shanghai SouthCh - Nagoya,SEA,PILOT_TO_PILOT,3,1592,1510,4,5,TssOut,BtwSaki,30.63485848285304,129.90407626969906,91.17211388047747,15.0,398.1126293720248,445.3446771595253
1593,Shanghai SouthCh - Nagoya,SEA,PILOT_TO_PILOT,3,1593,1511,4,5,TssOut,BtwSaki,30.63450112353006,129.9088990941719,91.17211388047747,15.0,398.36270266884003,445.0946038627101
1594,Shanghai SouthCh - Nagoya,SEA,PILOT_TO_PILOT,3,1594,1512,4,5,TssOut,BtwSaki,30.634143586219245,129.91372188300798,91.17211388047747,15.0,398.61277596565526,444.84453056589484
1595,Shanghai SouthCh - Nagoya,SEA,PILOT_TO_PILOT,3,1595,1513,4,5,TssOut,BtwSaki,30.633785870924445,129.91854463619046,91.17211388047747,15.0,398.8628492624705,444.5944572690796
1596,Shanghai SouthCh - Nagoya,SEA,PILOT_TO_PILOT,3,1596,1514,4,5,TssOut,BtwSaki,30.6334279776495,129.92336735370228,91.17211388047747,15.0,399.1129225592857,444.3443839722644
1597,Shanghai SouthCh - Nagoya,SEA,PILOT_TO_PILOT,3,1597,1515,4,5,TssOut,BtwSaki,30.633069906398276,129.9281900355265,91.17211388047747,15.0,399.36299585610095,444.09431067544915
1598,Shanghai SouthCh - Nagoya,SEA,PILOT_TO_PILOT,3,1598,1516,4,5,TssOut,BtwSaki,30.63271165717462,129.93301268164618,91.17211388047747,15.0,399.6130691529162,443.8442373786339
1599,Shanghai SouthCh - Nagoya,SEA,PILOT_TO_PILOT,3,1599,1517,4,5,TssOut,BtwSaki,30.632353229982392,129.9378352920443,91.17211388047747,15.0,399.8631424497314,443.5941640818187
1600,Shanghai SouthCh - Nagoya,SEA,PILOT_TO_PILOT,3,1600,1518,4,5,TssOut,BtwSaki,30.631994624825445,129.94265786670394,91.17211388047747,15.0,400.11321574654664,443.34409078500346
1601,Shanghai SouthCh - Nagoya,SEA,PILOT_TO_PILOT,3,1601,1519,4,5,TssOut,BtwSaki,30.631635841707638,129.9474804056081,91.17211388047747,15.0,400.3632890433618,443.0940174881883
1602,Shanghai SouthCh - Nagoya,SEA,PILOT_TO_PILOT,3,1602,1520,4,5,TssOut,BtwSaki,30.631276880632843,129.95230290873985,91.17211388047747,15.0,400.61336234017705,442.84394419137305
1603,Shanghai SouthCh - Nagoya,SEA,PILOT_TO_PILOT,3,1603,1521,4,5,TssOut,BtwSaki,30.630917741604907,129.95712537608222,91.17211388047747,15.0,400.8634356369923,442.5938708945578
1604,Shanghai SouthCh - Nagoya,SEA,PILOT_TO_PILOT,3,1604,1522,4,5,TssOut,BtwSaki,30.630558424627708,129.9619478076182,91.17211388047747,15.0,401.1135089338075,442.3437975977426
1605,Shanghai SouthCh - Nagoya,SEA,PILOT_TO_PILOT,3,1605,1523,4,5,TssOut,BtwSaki,30.630198929705106,129.96677020333092,91.17211388047747,15.0,401.36358223062274,442.09372430092736
1606,Shanghai SouthCh - Nagoya,SEA,PILOT_TO_PILOT,3,1606,1524,4,5,TssOut,BtwSaki,30.629839256840977,129.97159256320333,91.17211388047747,15.0,401.61365552743797,441.84365100411213
1607,Shanghai SouthCh - Nagoya,SEA,PILOT_TO_PILOT,3,1607,1525,4,5,TssOut,BtwSaki,30.62947940603918,129.97641488721854,91.17211388047747,15.0,401.8637288242532,441.5935777072969
1608,Shanghai SouthCh - Nagoya,SEA,PILOT_TO_PILOT,3,1608,1526,4,5,TssOut,BtwSaki,30.629119377303596,129.98123717535955,91.17211388047747,15.0,402.11380212106843,441.34350441048167
1609,Shanghai SouthCh - Nagoya,SEA,PILOT_TO_PILOT,3,1609,1527,4,5,TssOut,BtwSaki,30.62875917063811,129.9860594276095,91.17211388047747,15.0,402.36387541788366,441.09343111366644
1610,Shanghai SouthCh - Nagoya,SEA,PILOT_TO_PILOT,3,1610,1528,4,5,TssOut,BtwSaki,30.62839878604658,129.99088164395133,91.17211388047747,15.0,402.6139487146989,440.8433578168512
1611,Shanghai SouthCh - Nagoya,SEA,PILOT_TO_PILOT,3,1611,1529,4,5,TssOut,BtwSaki,30.628038223532887,129.9957038243681,91.17211388047747,15.0,402.8640220115141,440.593284520036
1612,Shanghai SouthCh - Nagoya,SEA,PILOT_TO_PILOT,3,1612,1530,4,5,TssOut,BtwSaki,30.62767748310091,130.00052596884296,91.17211388047747,15.0,403.11409530832935,440.34321122322075
1613,Shanghai SouthCh - Nagoya,SEA,PILOT_TO_PILOT,3,1613,1531,4,5,TssOut,BtwSaki,30.627316564754544,130.00534807735886,91.17211388047747,15.0,403.3641686051446,440.0931379264055
1614,Shanghai SouthCh - Nagoya,SEA,PILOT_TO_PILOT,3,1614,1532,4,5,TssOut,BtwSaki,30.626955468497663,130.0101701498989,91.17211388047747,15.0,403.6142419019598,439.8430646295903
1615,Shanghai SouthCh - Nagoya,SEA,PILOT_TO_PILOT,3,1615,1533,4,5,TssOut,BtwSaki,30.626594194334153,130.01499218644614,91.17211388047747,15.0,403.86431519877505,439.59299133277506
1616,Shanghai SouthCh - Nagoya,SEA,PILOT_TO_PILOT,3,1616,1534,4,5,TssOut,BtwSaki,30.62623274226789,130.01981418698358,91.17211388047747,15.0,404.1143884955903,439.3429180359598
1617,Shanghai SouthCh - Nagoya,SEA,PILOT_TO_PILOT,3,1617,1535,4,5,TssOut,BtwSaki,30.625871112302782,130.02463615149438,91.17211388047747,15.0,404.3644617924055,439.0928447391446
1618,Shanghai SouthCh - Nagoya,SEA,PILOT_TO_PILOT,3,1618,1536,4,5,TssOut,BtwSaki,30.62550930444272,130.02945807996156,91.17211388047747,15.0,404.6145350892207,438.8427714423294
1619,Shanghai SouthCh - Nagoya,SEA,PILOT_TO_PILOT,3,1619,1537,4,5,TssOut,BtwSaki,30.62514731869157,130.03427997236813,91.17211388047747,15.0,404.8646083860359,438.5926981455142
1620,Shanghai SouthCh - Nagoya,SEA,PILOT_TO_PILOT,3,1620,1538,4,5,TssOut,BtwSaki,30.624785155053257,130.03910182869723,91.17211388047747,15.0,405.11468168285114,438.34262484869896
1621,Shanghai SouthCh - Nagoya,SEA,PILOT_TO_PILOT,3,1621,1539,4,5,TssOut,BtwSaki,30.624422813531655,130.04392364893187,91.17211388047747,15.0,405.3647549796664,438.09255155188373
1622,Shanghai SouthCh - Nagoya,SEA,PILOT_TO_PILOT,3,1622,1540,4,5,TssOut,BtwSaki,30.624060294130675,130.04874543305516,91.17211388047747,15.0,405.6148282764816,437.8424782550685
1623,Shanghai SouthCh - Nagoya,SEA,PILOT_TO_PILOT,3,1623,1541,4,5,TssOut,BtwSaki,30.623697596854218,130.05356718105017,91.17211388047747,15.0,405.86490157329683,437.59240495825327
1624,Shanghai SouthCh - Nagoya,SEA,PILOT_TO_PILOT,3,1624,1542,4,5,TssOut,BtwSaki,30.623334721706183,130.0583888928999,91.17211388047747,15.0,406.11497487011206,437.34233166143804
1625,Shanghai SouthCh - Nagoya,SEA,PILOT_TO_PILOT,3,1625,1543,4,5,TssOut,BtwSaki,30.62297166869047,130.0632105685875,91.17211388047747,15.0,406.3650481669273,437.0922583646228
1626,Shanghai SouthCh - Nagoya,SEA,PILOT_TO_PILOT,3,1626,1544,4,5,TssOut,BtwSaki,30.62260843781099,130.068032208096,91.17211388047747,15.0,406.6151214637425,436.8421850678076
1627,Shanghai SouthCh - Nagoya,SEA,PILOT_TO_PILOT,3,1627,1545,4,5,TssOut,BtwSaki,30.62224502907164,130.07285381140852,91.17211388047747,15.0,406.86519476055776,436.59211177099235
1628,Shanghai SouthCh - Nagoya,SEA,PILOT_TO_PILOT,3,1628,1546,4,5,TssOut,BtwSaki,30.621881442476344,130.07767537850808,91.17211388047747,15.0,407.115268057373,436.3420384741771
1629,Shanghai SouthCh - Nagoya,SEA,PILOT_TO_PILOT,3,1629,1547,4,5,TssOut,BtwSaki,30.621517678028997,130.0824969093778,91.17211388047747,15.0,407.3653413541882,436.0919651773619
1630,Shanghai SouthCh - Nagoya,SEA,PILOT_TO_PILOT,3,1630,1548,4,5,TssOut,BtwSaki,30.621153735733518,130.08731840400074,91.17211388047747,15.0,407.61541465100345,435.84189188054665
1631,Shanghai SouthCh - Nagoya,SEA,PILOT_TO_PILOT,3,1631,1549,4,5,TssOut,BtwSaki,30.620789615593832,130.09213986235997,91.17211388047747,15.0,407.8654879478187,435.5918185837314
1632,Shanghai SouthCh - Nagoya,SEA,PILOT_TO_PILOT,3,1632,1550,4,5,TssOut,BtwSaki,30.620425317613833,130.09696128443863,91.17211388047747,15.0,408.1155612446339,435.3417452869162
1633,Shanghai SouthCh - Nagoya,SEA,PILOT_TO_PILOT,3,1633,1551,4,5,TssOut,BtwSaki,30.620060841797464,130.1017826702197,91.17211388047747,15.0,408.36563454144914,435.09167199010096
1634,Shanghai SouthCh - Nagoya,SEA,PILOT_TO_PILOT,3,1634,1552,4,5,TssOut,BtwSaki,30.61969618814863,130.1066040196864,91.17211388047747,15.0,408.61570783826437,434.84159869328573
1635,Shanghai SouthCh - Nagoya,SEA,PILOT_TO_PILOT,3,1635,1553,4,5,TssOut,BtwSaki,30.619331356671257,130.1114253328217,91.17211388047747,15.0,408.8657811350796,434.5915253964705
1636,Shanghai SouthCh - Nagoya,SEA,PILOT_TO_PILOT,3,1636,1554,4,5,TssOut,BtwSaki,30.618966347369266,130.11624660960877,91.17211388047747,15.0,409.1158544318948,434.3414520996553
1637,Shanghai SouthCh - Nagoya,SEA,PILOT_TO_PILOT,3,1637,1555,4,5,TssOut,BtwSaki,30.61860116024658,130.12106785003064,91.17211388047747,15.0,409.36592772871,434.0913788028401
1638,Shanghai SouthCh - Nagoya,SEA,PILOT_TO_PILOT,3,1638,1556,4,5,TssOut,BtwSaki,30.61823579530714,130.12588905407046,91.17211388047747,15.0,409.61600102552524,433.84130550602487
1639,Shanghai SouthCh - Nagoya,SEA,PILOT_TO_PILOT,3,1639,1557,4,5,TssOut,BtwSaki,30.617870252554862,130.13071022171127,91.17211388047747,15.0,409.86607432234047,433.59123220920964
1640,Shanghai SouthCh - Nagoya,SEA,PILOT_TO_PILOT,3,1640,1558,4,5,TssOut,BtwSaki,30.617504531993685,130.1355313529362,91.17211388047747,15.0,410.1161476191557,433.3411589123944
1641,Shanghai SouthCh - Nagoya,SEA,PILOT_TO_PILOT,3,1641,1559,4,5,TssOut,BtwSaki,30.61713863362753,130.14035244772833,91.17211388047747,15.0,410.3662209159709,433.0910856155792
1642,Shanghai SouthCh - Nagoya,SEA,PILOT_TO_PILOT,3,1642,1560,4,5,TssOut,BtwSaki,30.616772557460347,130.14517350607073,91.17211388047747,15.0,410.61629421278616,432.84101231876394
1643,Shanghai SouthCh - Nagoya,SEA,PILOT_TO_PILOT,3,1643,1561,4,5,TssOut,BtwSaki,30.616406303496056,130.14999452794657,91.17211388047747,15.0,410.8663675096014,432.5909390219487
1644,Shanghai SouthCh - Nagoya,SEA,PILOT_TO_PILOT,3,1644,1562,4,5,TssOut,BtwSaki,30.61603987173861,130.15481551333895,91.17211388047747,15.0,411.1164408064166,432.3408657251335
1645,Shanghai SouthCh - Nagoya,SEA,PILOT_TO_PILOT,3,1645,1563,4,5,TssOut,BtwSaki,30.615673262191944,130.15963646223085,91.17211388047747,15.0,411.36651410323185,432.09079242831825
1646,Shanghai SouthCh - Nagoya,SEA,PILOT_TO_PILOT,3,1646,1564,4,5,TssOut,BtwSaki,30.615306474859995,130.16445737460552,91.17211388047747,15.0,411.6165874000471,431.840719131503
1647,Shanghai SouthCh - Nagoya,SEA,PILOT_TO_PILOT,3,1647,1565,4,5,TssOut,BtwSaki,30.61493950974671,130.169278250446,91.17211388047747,15.0,411.8666606968623,431.5906458346878
1648,Shanghai SouthCh - Nagoya,SEA,PILOT_TO_PILOT,3,1648,1566,4,5,TssOut,BtwSaki,30.614572366856038,130.1740990897354,91.17211388047747,15.0,412.11673399367754,431.34057253787256
1649,Shanghai SouthCh - Nagoya,SEA,PILOT_TO_PILOT,3,1649,1567,4,5,TssOut,BtwSaki,30.614205046191923,130.17891989245683,91.17211388047747,15.0,412.3668072904928,431.09049924105733
1650,Shanghai SouthCh - Nagoya,SEA,PILOT_TO_PILOT,3,1650,1568,4,5,TssOut,BtwSaki,30.613837547758312,130.18374065859342,91.17211388047747,15.0,412.616880587308,430.8404259442421
1651,Shanghai SouthCh - Nagoya,SEA,PILOT_TO_PILOT,3,1651,1569,4,5,TssOut,BtwSaki,30.61346987155916,130.18856138812825,91.17211388047747,15.0,412.86695388412323,430.59035264742687
1652,Shanghai SouthCh - Nagoya,SEA,PILOT_TO_PILOT,3,1652,1570,4,5,TssOut,BtwSaki,30.613102017598415,130.19338208104446,91.17211388047747,15.0,413.11702718093846,430.34027935061164
1653,Shanghai SouthCh - Nagoya,SEA,PILOT_TO_PILOT,3,1653,1571,4,5,TssOut,BtwSaki,30.612733985880038,130.19820273732518,91.17211388047747,15.0,413.3671004777537,430.0902060537964
1654,Shanghai SouthCh - Nagoya,SEA,PILOT_TO_PILOT,3,1654,1572,4,5,TssOut,BtwSaki,30.61236577640798,130.20302335695345,91.17211388047747,15.0,413.61717377456887,429.84013275698123
1655,Shanghai SouthCh - Nagoya,SEA,PILOT_TO_PILOT,3,1655,1573,4,5,TssOut,BtwSaki,30.611997389186214,130.2078439399125,91.17211388047747,15.0,413.8672470713841,429.590059460166
1656,Shanghai SouthCh - Nagoya,SEA,PILOT_TO_PILOT,3,1656,1574,4,5,TssOut,BtwSaki,30.61162882421867,130.21266448618536,91.17211388047747,15.0,414.11732036819933,429.3399861633508
1657,Shanghai SouthCh - Nagoya,SEA,PILOT_TO_PILOT,3,1657,1575,4,5,TssOut,BtwSaki,30.611260081509347,130.2174849957552,91.17211388047747,15.0,414.36739366501456,429.08991286653554
1658,Shanghai SouthCh - Nagoya,SEA,PILOT_TO_PILOT,3,1658,1576,4,5,TssOut,BtwSaki,30.610891161062177,130.2223054686051,91.17211388047747,15.0,414.6174669618298,428.8398395697203
1659,Shanghai SouthCh - Nagoya,SEA,PILOT_TO_PILOT,3,1659,1577,4,5,TssOut,BtwSaki,30.610522062881138,130.22712590471826,91.17211388047747,15.0,414.867540258645,428.5897662729051
1660,Shanghai SouthCh - Nagoya,SEA,PILOT_TO_PILOT,3,1660,1578,4,5,TssOut,BtwSaki,30.6101527869702,130.23194630407772,91.17211388047747,15.0,415.11761355546025,428.33969297608985
1661,Shanghai SouthCh - Nagoya,SEA,PILOT_TO_PILOT,4,1661,0,5,6,BtwSaki,ToiMisaki,30.609783333333336,130.23676666666665,58.81953173895249,15.0,415.3676868522755,428.0896196792746
1662,Shanghai SouthCh - Nagoya,SEA,PILOT_TO_PILOT,4,1662,1,5,6,BtwSaki,ToiMisaki,30.611938860415265,130.24090552039726,58.81953173895249,15.0,415.61766544530013,427.83964108624997
1663,Shanghai SouthCh - Nagoya,SEA,PILOT_TO_PILOT,4,1663,2,5,6,BtwSaki,ToiMisaki,30.614094256463662,130.24504455838482,58.81953173895249,15.0,415.8676440383248,427.5896624932253
1664,Shanghai SouthCh - Nagoya,SEA,PILOT_TO_PILOT,4,1664,3,5,6,BtwSaki,ToiMisaki,30.616249521461455,130.24918378064226,58.81953173895249,15.0,416.11762263134943,427.33968390020067
1665,Shanghai SouthCh - Nagoya,SEA,PILOT_TO_PILOT,4,1665,4,5,6,BtwSaki,ToiMisaki,30.61840465539155,130.2533231871823,58.81953173895249,15.0,416.3676012243741,427.089705307176
1666,Shanghai SouthCh - Nagoya,SEA,PILOT_TO_PILOT,4,1666,5,5,6,BtwSaki,ToiMisaki,30.620559658236868,130.25746277801784,58.81953173895249,15.0,416.61757981739873,426.83972671415137
1667,Shanghai SouthCh - Nagoya,SEA,PILOT_TO_PILOT,4,1667,6,5,6,BtwSaki,ToiMisaki,30.62271452998032,130.26160255316157,58.81953173895249,15.0,416.8675584104234,426.5897481211267
1668,Shanghai SouthCh - Nagoya,SEA,PILOT_TO_PILOT,4,1668,7,5,6,BtwSaki,ToiMisaki,30.624869270604826,130.26574251262642,58.81953173895249,15.0,417.11753700344804,426.33976952810207
1669,Shanghai SouthCh - Nagoya,SEA,PILOT_TO_PILOT,4,1669,8,5,6,BtwSaki,ToiMisaki,30.627023880093297,130.26988265642512,58.81953173895249,15.0,417.3675155964727,426.0897909350774
1670,Shanghai SouthCh - Nagoya,SEA,PILOT_TO_PILOT,4,1670,9,5,6,BtwSaki,ToiMisaki,30.629178358428632,130.27402298457048,58.81953173895249,15.0,417.61749418949734,425.83981234205277
1671,Shanghai SouthCh - Nagoya,SEA,PILOT_TO_PILOT,4,1671,10,5,6,BtwSaki,ToiMisaki,30.63133270559375,130.27816349707533,58.81953173895249,15.0,417.867472782522,425.5898337490281
1672,Shanghai SouthCh - Nagoya,SEA,PILOT_TO_PILOT,4,1672,11,5,6,BtwSaki,ToiMisaki,30.63348692157156,130.28230419395243,58.81953173895249,15.0,418.1174513755466,425.3398551560035
1673,Shanghai SouthCh - Nagoya,SEA,PILOT_TO_PILOT,4,1673,12,5,6,BtwSaki,ToiMisaki,30.63564100634497,130.2864450752146,58.81953173895249,15.0,418.36742996857123,425.0898765629789
1674,Shanghai SouthCh - Nagoya,SEA,PILOT_TO_PILOT,4,1674,13,5,6,BtwSaki,ToiMisaki,30.63779495989688,130.29058614087458,58.81953173895249,15.0,418.6174085615959,424.8398979699542
1675,Shanghai SouthCh - Nagoya,SEA,PILOT_TO_PILOT,4,1675,14,5,6,BtwSaki,ToiMisaki,30.6399487822102,130.29472739094527,58.81953173895249,15.0,418.86738715462053,424.5899193769296
1676,Shanghai SouthCh - Nagoya,SEA,PILOT_TO_PILOT,4,1676,15,5,6,BtwSaki,ToiMisaki,30.642102473267833,130.29886882543929,58.81953173895249,15.0,419.1173657476452,424.3399407839049
1677,Shanghai SouthCh - Nagoya,SEA,PILOT_TO_PILOT,4,1677,16,5,6,BtwSaki,ToiMisaki,30.644256033052674,130.30301044436956,58.81953173895249,15.0,419.36734434066983,424.08996219088027
1678,Shanghai SouthCh - Nagoya,SEA,PILOT_TO_PILOT,4,1678,17,5,6,BtwSaki,ToiMisaki,30.64640946154763,130.30715224774883,58.81953173895249,15.0,419.6173229336945,423.8399835978556
1679,Shanghai SouthCh - Nagoya,SEA,PILOT_TO_PILOT,4,1679,18,5,6,BtwSaki,ToiMisaki,30.648562758735604,130.31129423558983,58.81953173895249,15.0,419.86730152671913,423.59000500483097
1680,Shanghai SouthCh - Nagoya,SEA,PILOT_TO_PILOT,4,1680,19,5,6,BtwSaki,ToiMisaki,30.65071592459948,130.31543640790537,58.81953173895249,15.0,420.1172801197438,423.3400264118063
1681,Shanghai SouthCh - Nagoya,SEA,PILOT_TO_PILOT,4,1681,20,5,6,BtwSaki,ToiMisaki,30.65286895912218,130.31957876470818,58.81953173895249,15.0,420.36725871276843,423.09004781878167
1682,Shanghai SouthCh - Nagoya,SEA,PILOT_TO_PILOT,4,1682,21,5,6,BtwSaki,ToiMisaki,30.655021862286574,130.3237213060111,58.81953173895249,15.0,420.6172373057931,422.840069225757
1683,Shanghai SouthCh - Nagoya,SEA,PILOT_TO_PILOT,4,1683,22,5,6,BtwSaki,ToiMisaki,30.65717463407557,130.32786403182686,58.81953173895249,15.0,420.86721589881773,422.59009063273237
1684,Shanghai SouthCh - Nagoya,SEA,PILOT_TO_PILOT,4,1684,23,5,6,BtwSaki,ToiMisaki,30.659327274472066,130.33200694216822,58.81953173895249,15.0,421.1171944918424,422.3401120397077
1685,Shanghai SouthCh - Nagoya,SEA,PILOT_TO_PILOT,4,1685,24,5,6,BtwSaki,ToiMisaki,30.66147978345894,130.33615003704793,58.81953173895249,15.0,421.36717308486703,422.09013344668307
1686,Shanghai SouthCh - Nagoya,SEA,PILOT_TO_PILOT,4,1686,25,5,6,BtwSaki,ToiMisaki,30.6636321610191,130.34029331647878,58.81953173895249,15.0,421.6171516778917,421.8401548536584
1687,Shanghai SouthCh - Nagoya,SEA,PILOT_TO_PILOT,4,1687,26,5,6,BtwSaki,ToiMisaki,30.665784407135423,130.34443678047347,58.81953173895249,15.0,421.86713027091633,421.59017626063377
1688,Shanghai SouthCh - Nagoya,SEA,PILOT_TO_PILOT,4,1688,27,5,6,BtwSaki,ToiMisaki,30.667936521790804,130.34858042904483,58.81953173895249,15.0,422.117108863941,421.3401976676091
1689,Shanghai SouthCh - Nagoya,SEA,PILOT_TO_PILOT,4,1689,28,5,6,BtwSaki,ToiMisaki,30.670088504968128,130.35272426220556,58.81953173895249,15.0,422.36708745696563,421.09021907458447
1690,Shanghai SouthCh - Nagoya,SEA,PILOT_TO_PILOT,4,1690,29,5,6,BtwSaki,ToiMisaki,30.67224035665029,130.35686827996838,58.81953173895249,15.0,422.6170660499903,420.8402404815598
1691,Shanghai SouthCh - Nagoya,SEA,PILOT_TO_PILOT,4,1691,30,5,6,BtwSaki,ToiMisaki,30.674392076820155,130.36101248234613,58.81953173895249,15.0,422.86704464301494,420.59026188853517
1692,Shanghai SouthCh - Nagoya,SEA,PILOT_TO_PILOT,4,1692,31,5,6,BtwSaki,ToiMisaki,30.676543665460624,130.36515686935144,58.81953173895249,15.0,423.1170232360396,420.3402832955105
1693,Shanghai SouthCh - Nagoya,SEA,PILOT_TO_PILOT,4,1693,32,5,6,BtwSaki,ToiMisaki,30.678695122554576,130.36930144099713,58.81953173895249,15.0,423.36700182906424,420.09030470248587
1694,Shanghai SouthCh - Nagoya,SEA,PILOT_TO_PILOT,4,1694,33,5,6,BtwSaki,ToiMisaki,30.680846448084896,130.37344619729592,58.81953173895249,15.0,423.6169804220889,419.8403261094612
1695,Shanghai SouthCh - Nagoya,SEA,PILOT_TO_PILOT,4,1695,34,5,6,BtwSaki,ToiMisaki,30.682997642034444,130.3775911382605,58.81953173895249,15.0,423.8669590151135,419.5903475164366
1696,Shanghai SouthCh - Nagoya,SEA,PILOT_TO_PILOT,4,1696,35,5,6,BtwSaki,ToiMisaki,30.68514870438613,130.38173626390363,58.81953173895249,15.0,424.11693760813813,419.340368923412
1697,Shanghai SouthCh - Nagoya,SEA,PILOT_TO_PILOT,4,1697,36,5,6,BtwSaki,ToiMisaki,30.68729963512281,130.38588157423806,58.81953173895249,15.0,424.3669162011628,419.0903903303873
1698,Shanghai SouthCh - Nagoya,SEA,PILOT_TO_PILOT,4,1698,37,5,6,BtwSaki,ToiMisaki,30.68945043422736,130.3900270692765,58.81953173895249,15.0,424.61689479418743,418.8404117373627
1699,Shanghai SouthCh - Nagoya,SEA,PILOT_TO_PILOT,4,1699,38,5,6,BtwSaki,ToiMisaki,30.69160110168267,130.3941727490317,58.81953173895249,15.0,424.8668733872121,418.590433144338
1700,Shanghai SouthCh - Nagoya,SEA,PILOT_TO_PILOT,4,1700,39,5,6,BtwSaki,ToiMisaki,30.693751637471614,130.3983186135163,58.81953173895249,15.0,425.11685198023673,418.34045455131337
1701,Shanghai SouthCh - Nagoya,SEA,PILOT_TO_PILOT,4,1701,40,5,6,BtwSaki,ToiMisaki,30.695902041577042,130.40246466274309,58.81953173895249,15.0,425.3668305732614,418.0904759582887
1702,Shanghai SouthCh - Nagoya,SEA,PILOT_TO_PILOT,4,1702,41,5,6,BtwSaki,ToiMisaki,30.698052313981844,130.40661089672477,58.81953173895249,15.0,425.61680916628603,417.84049736526407
1703,Shanghai SouthCh - Nagoya,SEA,PILOT_TO_PILOT,4,1703,42,5,6,BtwSaki,ToiMisaki,30.700202454668887,130.41075731547403,58.81953173895249,15.0,425.8667877593107,417.5905187722394
1704,Shanghai SouthCh - Nagoya,SEA,PILOT_TO_PILOT,4,1704,43,5,6,BtwSaki,ToiMisaki,30.70235246362104,130.4149039190036,58.81953173895249,15.0,426.11676635233533,417.34054017921477
1705,Shanghai SouthCh - Nagoya,SEA,PILOT_TO_PILOT,4,1705,44,5,6,BtwSaki,ToiMisaki,30.70450234082118,130.4190507073262,58.81953173895249,15.0,426.36674494536,417.0905615861901
1706,Shanghai SouthCh - Nagoya,SEA,PILOT_TO_PILOT,4,1706,45,5,6,BtwSaki,ToiMisaki,30.70665208625215,130.42319768045448,58.81953173895249,15.0,426.61672353838463,416.84058299316547
1707,Shanghai SouthCh - Nagoya,SEA,PILOT_TO_PILOT,4,1707,46,5,6,BtwSaki,ToiMisaki,30.708801699896842,130.4273448384012,58.81953173895249,15.0,426.8667021314093,416.5906044001408
1708,Shanghai SouthCh - Nagoya,SEA,PILOT_TO_PILOT,4,1708,47,5,6,BtwSaki,ToiMisaki,30.710951181738107,130.43149218117904,58.81953173895249,15.0,427.11668072443393,416.34062580711617
1709,Shanghai SouthCh - Nagoya,SEA,PILOT_TO_PILOT,4,1709,48,5,6,BtwSaki,ToiMisaki,30.713100531758805,130.4356397088007,58.81953173895249,15.0,427.3666593174586,416.0906472140915
1710,Shanghai SouthCh - Nagoya,SEA,PILOT_TO_PILOT,4,1710,49,5,6,BtwSaki,ToiMisaki,30.71524974994181,130.43978742127888,58.81953173895249,15.0,427.61663791048323,415.84066862106687
1711,Shanghai SouthCh - Nagoya,SEA,PILOT_TO_PILOT,4,1711,50,5,6,BtwSaki,ToiMisaki,30.717398836269968,130.44393531862622,58.81953173895249,15.0,427.8666165035079,415.5906900280422
1712,Shanghai SouthCh - Nagoya,SEA,PILOT_TO_PILOT,4,1712,51,5,6,BtwSaki,ToiMisaki,30.719547790726153,130.44808340085547,58.81953173895249,15.0,428.11659509653254,415.34071143501757
1713,Shanghai SouthCh - Nagoya,SEA,PILOT_TO_PILOT,4,1713,52,5,6,BtwSaki,ToiMisaki,30.721696613293204,130.45223166797928,58.81953173895249,15.0,428.3665736895572,415.0907328419929
1714,Shanghai SouthCh - Nagoya,SEA,PILOT_TO_PILOT,4,1714,53,5,6,BtwSaki,ToiMisaki,30.723845303954,130.45638012001032,58.81953173895249,15.0,428.61655228258184,414.84075424896827
1715,Shanghai SouthCh - Nagoya,SEA,PILOT_TO_PILOT,4,1715,54,5,6,BtwSaki,ToiMisaki,30.725993862691386,130.46052875696134,58.81953173895249,15.0,428.8665308756065,414.5907756559436
1716,Shanghai SouthCh - Nagoya,SEA,PILOT_TO_PILOT,4,1716,55,5,6,BtwSaki,ToiMisaki,30.728142289488225,130.4646775788449,58.81953173895249,15.0,429.1165094686311,414.340797062919
1717,Shanghai SouthCh - Nagoya,SEA,PILOT_TO_PILOT,4,1717,56,5,6,BtwSaki,ToiMisaki,30.730290584327346,130.4688265856738,58.81953173895249,15.0,429.36648806165573,414.0908184698944
1718,Shanghai SouthCh - Nagoya,SEA,PILOT_TO_PILOT,4,1718,57,5,6,BtwSaki,ToiMisaki,30.732438747191622,130.47297577746065,58.81953173895249,15.0,429.6164666546804,413.8408398768697
1719,Shanghai SouthCh - Nagoya,SEA,PILOT_TO_PILOT,4,1719,58,5,6,BtwSaki,ToiMisaki,30.734586778063907,130.47712515421813,58.81953173895249,15.0,429.86644524770503,413.5908612838451
1720,Shanghai SouthCh - Nagoya,SEA,PILOT_TO_PILOT,4,1720,59,5,6,BtwSaki,ToiMisaki,30.736734676927046,130.48127471595888,58.81953173895249,15.0,430.1164238407297,413.3408826908204
1721,Shanghai SouthCh - Nagoya,SEA,PILOT_TO_PILOT,4,1721,60,5,6,BtwSaki,ToiMisaki,30.738882443763874,130.48542446269556,58.81953173895249,15.0,430.36640243375433,413.09090409779577
1722,Shanghai SouthCh - Nagoya,SEA,PILOT_TO_PILOT,4,1722,61,5,6,BtwSaki,ToiMisaki,30.741030078557255,130.48957439444092,58.81953173895249,15.0,430.616381026779,412.8409255047711
1723,Shanghai SouthCh - Nagoya,SEA,PILOT_TO_PILOT,4,1723,62,5,6,BtwSaki,ToiMisaki,30.743177581290038,130.4937245112075,58.81953173895249,15.0,430.86635961980363,412.59094691174647
1724,Shanghai SouthCh - Nagoya,SEA,PILOT_TO_PILOT,4,1724,63,5,6,BtwSaki,ToiMisaki,30.745324951945047,130.497874813008,58.81953173895249,15.0,431.1163382128283,412.3409683187218
1725,Shanghai SouthCh - Nagoya,SEA,PILOT_TO_PILOT,4,1725,64,5,6,BtwSaki,ToiMisaki,30.74747219050515,130.5020252998551,58.81953173895249,15.0,431.36631680585293,412.09098972569717
1726,Shanghai SouthCh - Nagoya,SEA,PILOT_TO_PILOT,4,1726,65,5,6,BtwSaki,ToiMisaki,30.749619296953167,130.50617597176142,58.81953173895249,15.0,431.6162953988776,411.8410111326725
1727,Shanghai SouthCh - Nagoya,SEA,PILOT_TO_PILOT,4,1727,66,5,6,BtwSaki,ToiMisaki,30.75176627127195,130.51032682873964,58.81953173895249,15.0,431.86627399190223,411.59103253964787
1728,Shanghai SouthCh - Nagoya,SEA,PILOT_TO_PILOT,4,1728,67,5,6,BtwSaki,ToiMisaki,30.753913113444334,130.51447787080238,58.81953173895249,15.0,432.1162525849269,411.3410539466232
1729,Shanghai SouthCh - Nagoya,SEA,PILOT_TO_PILOT,4,1729,68,5,6,BtwSaki,ToiMisaki,30.756059823453175,130.51862909796225,58.81953173895249,15.0,432.36623117795153,411.09107535359857
1730,Shanghai SouthCh - Nagoya,SEA,PILOT_TO_PILOT,4,1730,69,5,6,BtwSaki,ToiMisaki,30.7582064012813,130.52278051023194,58.81953173895249,15.0,432.6162097709762,410.8410967605739
1731,Shanghai SouthCh - Nagoya,SEA,PILOT_TO_PILOT,4,1731,70,5,6,BtwSaki,ToiMisaki,30.76035284691153,130.52693210762408,58.81953173895249,15.0,432.86618836400083,410.59111816754927
1732,Shanghai SouthCh - Nagoya,SEA,PILOT_TO_PILOT,4,1732,71,5,6,BtwSaki,ToiMisaki,30.76249916032672,130.53108389015125,58.81953173895249,15.0,433.1161669570255,410.3411395745246
1733,Shanghai SouthCh - Nagoya,SEA,PILOT_TO_PILOT,4,1733,72,5,6,BtwSaki,ToiMisaki,30.764645341509688,130.53523585782614,58.81953173895249,15.0,433.36614555005013,410.09116098149997
1734,Shanghai SouthCh - Nagoya,SEA,PILOT_TO_PILOT,4,1734,73,5,6,BtwSaki,ToiMisaki,30.766791390443284,130.53938801066136,58.81953173895249,15.0,433.6161241430748,409.8411823884753
1735,Shanghai SouthCh - Nagoya,SEA,PILOT_TO_PILOT,4,1735,74,5,6,BtwSaki,ToiMisaki,30.768937307110335,130.54354034866955,58.81953173895249,15.0,433.86610273609944,409.59120379545067
1736,Shanghai SouthCh - Nagoya,SEA,PILOT_TO_PILOT,4,1736,75,5,6,BtwSaki,ToiMisaki,30.771083091493665,130.5476928718633,58.81953173895249,15.0,434.1160813291241,409.341225202426
1737,Shanghai SouthCh - Nagoya,SEA,PILOT_TO_PILOT,4,1737,76,5,6,BtwSaki,ToiMisaki,30.77322874357611,130.55184558025525,58.81953173895249,15.0,434.36605992214874,409.09124660940137
1738,Shanghai SouthCh - Nagoya,SEA,PILOT_TO_PILOT,4,1738,77,5,6,BtwSaki,ToiMisaki,30.775374263340485,130.555998473858,58.81953173895249,15.0,434.6160385151734,408.8412680163767
1739,Shanghai SouthCh - Nagoya,SEA,PILOT_TO_PILOT,4,1739,78,5,6,BtwSaki,ToiMisaki,30.77751965076963,130.56015155268418,58.81953173895249,15.0,434.866017108198,408.5912894233521
1740,Shanghai SouthCh - Nagoya,SEA,PILOT_TO_PILOT,4,1740,79,5,6,BtwSaki,ToiMisaki,30.779664905846357,130.56430481674641,58.81953173895249,15.0,435.11599570122263,408.3413108303275
1741,Shanghai SouthCh - Nagoya,SEA,PILOT_TO_PILOT,4,1741,80,5,6,BtwSaki,ToiMisaki,30.781810028553508,130.5684582660573,58.81953173895249,15.0,435.3659742942473,408.0913322373028
1742,Shanghai SouthCh - Nagoya,SEA,PILOT_TO_PILOT,4,1742,81,5,6,BtwSaki,ToiMisaki,30.783955018873897,130.57261190062943,58.81953173895249,15.0,435.61595288727193,407.8413536442782
1743,Shanghai SouthCh - Nagoya,SEA,PILOT_TO_PILOT,4,1743,82,5,6,BtwSaki,ToiMisaki,30.786099876790335,130.57676572047538,58.81953173895249,15.0,435.8659314802966,407.5913750512535
1744,Shanghai SouthCh - Nagoya,SEA,PILOT_TO_PILOT,4,1744,83,5,6,BtwSaki,ToiMisaki,30.788244602285662,130.58091972560783,58.81953173895249,15.0,436.11591007332123,407.34139645822887
1745,Shanghai SouthCh - Nagoya,SEA,PILOT_TO_PILOT,4,1745,84,5,6,BtwSaki,ToiMisaki,30.790389195342687,130.5850739160393,58.81953173895249,15.0,436.3658886663459,407.0914178652042
1746,Shanghai SouthCh - Nagoya,SEA,PILOT_TO_PILOT,4,1746,85,5,6,BtwSaki,ToiMisaki,30.79253365594423,130.58922829178246,58.81953173895249,15.0,436.61586725937053,406.84143927217957
1747,Shanghai SouthCh - Nagoya,SEA,PILOT_TO_PILOT,4,1747,86,5,6,BtwSaki,ToiMisaki,30.794677984073104,130.59338285284983,58.81953173895249,15.0,436.8658458523952,406.5914606791549
1748,Shanghai SouthCh - Nagoya,SEA,PILOT_TO_PILOT,4,1748,87,5,6,BtwSaki,ToiMisaki,30.79682217971213,130.59753759925403,58.81953173895249,15.0,437.11582444541983,406.34148208613027
1749,Shanghai SouthCh - Nagoya,SEA,PILOT_TO_PILOT,4,1749,88,5,6,BtwSaki,ToiMisaki,30.798966242844124,130.60169253100764,58.81953173895249,15.0,437.3658030384445,406.0915034931056
1750,Shanghai SouthCh - Nagoya,SEA,PILOT_TO_PILOT,4,1750,89,5,6,BtwSaki,ToiMisaki,30.801110173451885,130.60584764812327,58.81953173895249,15.0,437.61578163146913,405.84152490008097
1751,Shanghai SouthCh - Nagoya,SEA,PILOT_TO_PILOT,4,1751,90,5,6,BtwSaki,ToiMisaki,30.803253971518245,130.61000295061348,58.81953173895249,15.0,437.8657602244938,405.5915463070563
1752,Shanghai SouthCh - Nagoya,SEA,PILOT_TO_PILOT,4,1752,91,5,6,BtwSaki,ToiMisaki,30.80539763702601,130.61415843849082,58.81953173895249,15.0,438.11573881751843,405.34156771403167
1753,Shanghai SouthCh - Nagoya,SEA,PILOT_TO_PILOT,4,1753,92,5,6,BtwSaki,ToiMisaki,30.807541169957965,130.61831411176794,58.81953173895249,15.0,438.3657174105431,405.091589121007
1754,Shanghai SouthCh - Nagoya,SEA,PILOT_TO_PILOT,4,1754,93,5,6,BtwSaki,ToiMisaki,30.809684570296955,130.62246997045733,58.81953173895249,15.0,438.61569600356773,404.84161052798237
1755,Shanghai SouthCh - Nagoya,SEA,PILOT_TO_PILOT,4,1755,94,5,6,BtwSaki,ToiMisaki,30.811827838025774,130.62662601457163,58.81953173895249,15.0,438.8656745965924,404.5916319349577
1756,Shanghai SouthCh - Nagoya,SEA,PILOT_TO_PILOT,4,1756,95,5,6,BtwSaki,ToiMisaki,30.813970973127216,130.63078224412334,58.81953173895249,15.0,439.11565318961703,404.34165334193307
1757,Shanghai SouthCh - Nagoya,SEA,PILOT_TO_PILOT,4,1757,96,5,6,BtwSaki,ToiMisaki,30.81611397558409,130.6349386591251,58.81953173895249,15.0,439.3656317826417,404.0916747489084
1758,Shanghai SouthCh - Nagoya,SEA,PILOT_TO_PILOT,4,1758,97,5,6,BtwSaki,ToiMisaki,30.818256845379214,130.6390952595894,58.81953173895249,15.0,439.61561037566634,403.84169615588377
1759,Shanghai SouthCh - Nagoya,SEA,PILOT_TO_PILOT,4,1759,98,5,6,BtwSaki,ToiMisaki,30.820399582495376,130.64325204552884,58.81953173895249,15.0,439.865588968691,403.5917175628591
1760,Shanghai SouthCh - Nagoya,SEA,PILOT_TO_PILOT,4,1760,99,5,6,BtwSaki,ToiMisaki,30.82254218691538,130.64740901695598,58.81953173895249,15.0,440.1155675617156,403.3417389698345
1761,Shanghai SouthCh - Nagoya,SEA,PILOT_TO_PILOT,4,1761,100,5,6,BtwSaki,ToiMisaki,30.824684658622033,130.65156617388334,58.81953173895249,15.0,440.36554615474023,403.0917603768099
1762,Shanghai SouthCh - Nagoya,SEA,PILOT_TO_PILOT,4,1762,101,5,6,BtwSaki,ToiMisaki,30.826826997598122,130.6557235163235,58.81953173895249,15.0,440.6155247477649,402.8417817837852
1763,Shanghai SouthCh - Nagoya,SEA,PILOT_TO_PILOT,4,1763,102,5,6,BtwSaki,ToiMisaki,30.828969203826457,130.659881044289,58.81953173895249,15.0,440.86550334078953,402.5918031907606
1764,Shanghai SouthCh - Nagoya,SEA,PILOT_TO_PILOT,4,1764,103,5,6,BtwSaki,ToiMisaki,30.831111277289818,130.66403875779238,58.81953173895249,15.0,441.1154819338142,402.3418245977359
1765,Shanghai SouthCh - Nagoya,SEA,PILOT_TO_PILOT,4,1765,104,5,6,BtwSaki,ToiMisaki,30.833253217971016,130.66819665684616,58.81953173895249,15.0,441.36546052683883,402.0918460047113
1766,Shanghai SouthCh - Nagoya,SEA,PILOT_TO_PILOT,4,1766,105,5,6,BtwSaki,ToiMisaki,30.83539502585284,130.67235474146295,58.81953173895249,15.0,441.6154391198635,401.8418674116866
1767,Shanghai SouthCh - Nagoya,SEA,PILOT_TO_PILOT,4,1767,106,5,6,BtwSaki,ToiMisaki,30.837536700918083,130.67651301165523,58.81953173895249,15.0,441.86541771288813,401.59188881866197
1768,Shanghai SouthCh - Nagoya,SEA,PILOT_TO_PILOT,4,1768,107,5,6,BtwSaki,ToiMisaki,30.83967824314953,130.68067146743553,58.81953173895249,15.0,442.1153963059128,401.3419102256373
1769,Shanghai SouthCh - Nagoya,SEA,PILOT_TO_PILOT,4,1769,108,5,6,BtwSaki,ToiMisaki,30.841819652529985,130.68483010881639,58.81953173895249,15.0,442.36537489893743,401.09193163261267
1770,Shanghai SouthCh - Nagoya,SEA,PILOT_TO_PILOT,4,1770,109,5,6,BtwSaki,ToiMisaki,30.84396092904222,130.68898893581036,58.81953173895249,15.0,442.6153534919621,400.841953039588
1771,Shanghai SouthCh - Nagoya,SEA,PILOT_TO_PILOT,4,1771,110,5,6,BtwSaki,ToiMisaki,30.84610207266903,130.69314794842998,58.81953173895249,15.0,442.86533208498673,400.59197444656337
1772,Shanghai SouthCh - Nagoya,SEA,PILOT_TO_PILOT,4,1772,111,5,6,BtwSaki,ToiMisaki,30.84824308339319,130.69730714668768,58.81953173895249,15.0,443.1153106780114,400.3419958535387
1773,Shanghai SouthCh - Nagoya,SEA,PILOT_TO_PILOT,4,1773,112,5,6,BtwSaki,ToiMisaki,30.85038396119752,130.7014665305961,58.81953173895249,15.0,443.36528927103603,400.09201726051407
1774,Shanghai SouthCh - Nagoya,SEA,PILOT_TO_PILOT,4,1774,113,5,6,BtwSaki,ToiMisaki,30.85252470606477,130.70562610016768,58.81953173895249,15.0,443.6152678640607,399.8420386674894
1775,Shanghai SouthCh - Nagoya,SEA,PILOT_TO_PILOT,4,1775,114,5,6,BtwSaki,ToiMisaki,30.85466531797774,130.70978585541496,58.81953173895249,15.0,443.86524645708533,399.59206007446477
1776,Shanghai SouthCh - Nagoya,SEA,PILOT_TO_PILOT,4,1776,115,5,6,BtwSaki,ToiMisaki,30.856805796919204,130.71394579635046,58.81953173895249,15.0,444.11522505011,399.3420814814401
1777,Shanghai SouthCh - Nagoya,SEA,PILOT_TO_PILOT,4,1777,116,5,6,BtwSaki,ToiMisaki,30.858946142871943,130.71810592298664,58.81953173895249,15.0,444.36520364313463,399.09210288841547
1778,Shanghai SouthCh - Nagoya,SEA,PILOT_TO_PILOT,4,1778,117,5,6,BtwSaki,ToiMisaki,30.86108635581875,130.72226623533604,58.81953173895249,15.0,444.6151822361593,398.8421242953908
1779,Shanghai SouthCh - Nagoya,SEA,PILOT_TO_PILOT,4,1779,118,5,6,BtwSaki,ToiMisaki,30.863226435742387,130.72642673341122,58.81953173895249,15.0,444.86516082918394,398.59214570236617
1780,Shanghai SouthCh - Nagoya,SEA,PILOT_TO_PILOT,4,1780,119,5,6,BtwSaki,ToiMisaki,30.865366382625623,130.73058741722457,58.81953173895249,15.0,445.1151394222086,398.3421671093415
1781,Shanghai SouthCh - Nagoya,SEA,PILOT_TO_PILOT,4,1781,120,5,6,BtwSaki,ToiMisaki,30.86750619645126,130.7347482867887,58.81953173895249,15.0,445.36511801523324,398.09218851631687
1782,Shanghai SouthCh - Nagoya,SEA,PILOT_TO_PILOT,4,1782,121,5,6,BtwSaki,ToiMisaki,30.869645877202053,130.73890934211602,58.81953173895249,15.0,445.6150966082579,397.8422099232922
1783,Shanghai SouthCh - Nagoya,SEA,PILOT_TO_PILOT,4,1783,122,5,6,BtwSaki,ToiMisaki,30.871785424860782,130.743070583219,58.81953173895249,15.0,445.8650752012825,397.5922313302676
1784,Shanghai SouthCh - Nagoya,SEA,PILOT_TO_PILOT,4,1784,123,5,6,BtwSaki,ToiMisaki,30.87392483941021,130.74723201011025,58.81953173895249,15.0,446.11505379430713,397.342252737243
1785,Shanghai SouthCh - Nagoya,SEA,PILOT_TO_PILOT,4,1785,124,5,6,BtwSaki,ToiMisaki,30.87606412083313,130.75139362280217,58.81953173895249,15.0,446.3650323873318,397.0922741442183
1786,Shanghai SouthCh - Nagoya,SEA,PILOT_TO_PILOT,4,1786,125,5,6,BtwSaki,ToiMisaki,30.87820326911229,130.75555542130724,58.81953173895249,15.0,446.61501098035643,396.8422955511937
1787,Shanghai SouthCh - Nagoya,SEA,PILOT_TO_PILOT,4,1787,126,5,6,BtwSaki,ToiMisaki,30.88034228423047,130.75971740563799,58.81953173895249,15.0,446.8649895733811,396.592316958169
1788,Shanghai SouthCh - Nagoya,SEA,PILOT_TO_PILOT,4,1788,127,5,6,BtwSaki,ToiMisaki,30.882481166170436,130.76387957580684,58.81953173895249,15.0,447.11496816640573,396.34233836514437
1789,Shanghai SouthCh - Nagoya,SEA,PILOT_TO_PILOT,4,1789,128,5,6,BtwSaki,ToiMisaki,30.884619914914946,130.7680419318263,58.81953173895249,15.0,447.3649467594304,396.0923597721197
1790,Shanghai SouthCh - Nagoya,SEA,PILOT_TO_PILOT,4,1790,129,5,6,BtwSaki,ToiMisaki,30.886758530446762,130.77220447370885,58.81953173895249,15.0,447.61492535245503,395.84238117909507
1791,Shanghai SouthCh - Nagoya,SEA,PILOT_TO_PILOT,4,1791,130,5,6,BtwSaki,ToiMisaki,30.888897012748664,130.77636720146694,58.81953173895249,15.0,447.8649039454797,395.5924025860704
1792,Shanghai SouthCh - Nagoya,SEA,PILOT_TO_PILOT,4,1792,131,5,6,BtwSaki,ToiMisaki,30.8910353618034,130.78053011511304,58.81953173895249,15.0,448.11488253850433,395.34242399304577
1793,Shanghai SouthCh - Nagoya,SEA,PILOT_TO_PILOT,4,1793,132,5,6,BtwSaki,ToiMisaki,30.89317357759375,130.78469321465965,58.81953173895249,15.0,448.364861131529,395.0924454000211
1794,Shanghai SouthCh - Nagoya,SEA,PILOT_TO_PILOT,4,1794,133,5,6,BtwSaki,ToiMisaki,30.89531166010246,130.78885650011915,58.81953173895249,15.0,448.61483972455363,394.84246680699647
1795,Shanghai SouthCh - Nagoya,SEA,PILOT_TO_PILOT,4,1795,134,5,6,BtwSaki,ToiMisaki,30.897449609312282,130.79301997150407,58.81953173895249,15.0,448.8648183175783,394.5924882139718
1796,Shanghai SouthCh - Nagoya,SEA,PILOT_TO_PILOT,4,1796,135,5,6,BtwSaki,ToiMisaki,30.899587425205976,130.79718362882684,58.81953173895249,15.0,449.11479691060293,394.34250962094717
1797,Shanghai SouthCh - Nagoya,SEA,PILOT_TO_PILOT,4,1797,136,5,6,BtwSaki,ToiMisaki,30.90172510776632,130.80134747209993,58.81953173895249,15.0,449.3647755036276,394.0925310279225
1798,Shanghai SouthCh - Nagoya,SEA,PILOT_TO_PILOT,4,1798,137,5,6,BtwSaki,ToiMisaki,30.903862656976045,130.80551150133576,58.81953173895249,15.0,449.61475409665223,393.84255243489787
1799,Shanghai SouthCh - Nagoya,SEA,PILOT_TO_PILOT,4,1799,138,5,6,BtwSaki,ToiMisaki,30.90600007281791,130.8096757165468,58.81953173895249,15.0,449.8647326896769,393.5925738418732
1800,Shanghai SouthCh - Nagoya,SEA,PILOT_TO_PILOT,4,1800,139,5,6,BtwSaki,ToiMisaki,30.90813735527468,130.81384011774549,58.81953173895249,15.0,450.11471128270153,393.34259524884857
1801,Shanghai SouthCh - Nagoya,SEA,PILOT_TO_PILOT,4,1801,140,5,6,BtwSaki,ToiMisaki,30.910274504329088,130.81800470494426,58.81953173895249,15.0,450.3646898757262,393.0926166558239
1802,Shanghai SouthCh - Nagoya,SEA,PILOT_TO_PILOT,4,1802,141,5,6,BtwSaki,ToiMisaki,30.9124115199639,130.82216947815553,58.81953173895249,15.0,450.61466846875084,392.84263806279927
1803,Shanghai SouthCh - Nagoya,SEA,PILOT_TO_PILOT,4,1803,142,5,6,BtwSaki,ToiMisaki,30.914548402161856,130.8263344373918,58.81953173895249,15.0,450.8646470617755,392.5926594697746
1804,Shanghai SouthCh - Nagoya,SEA,PILOT_TO_PILOT,4,1804,143,5,6,BtwSaki,ToiMisaki,30.91668515090571,130.83049958266548,58.81953173895249,15.0,451.1146256548001,392.34268087675
1805,Shanghai SouthCh - Nagoya,SEA,PILOT_TO_PILOT,4,1805,144,5,6,BtwSaki,ToiMisaki,30.918821766178205,130.83466491398895,58.81953173895249,15.0,451.3646042478248,392.0927022837253
1806,Shanghai SouthCh - Nagoya,SEA,PILOT_TO_PILOT,4,1806,145,5,6,BtwSaki,ToiMisaki,30.920958247962087,130.8388304313747,58.81953173895249,15.0,451.6145828408494,391.8427236907007
1807,Shanghai SouthCh - Nagoya,SEA,PILOT_TO_PILOT,4,1807,146,5,6,BtwSaki,ToiMisaki,30.923094596240087,130.84299613483512,58.81953173895249,15.0,451.86456143387403,391.5927450976761
1808,Shanghai SouthCh - Nagoya,SEA,PILOT_TO_PILOT,4,1808,147,5,6,BtwSaki,ToiMisaki,30.92523081099498,130.84716202438264,58.81953173895249,15.0,452.1145400268987,391.3427665046514
1809,Shanghai SouthCh - Nagoya,SEA,PILOT_TO_PILOT,4,1809,148,5,6,BtwSaki,ToiMisaki,30.927366892209488,130.8513281000297,58.81953173895249,15.0,452.36451861992333,391.0927879116268
1810,Shanghai SouthCh - Nagoya,SEA,PILOT_TO_PILOT,4,1810,149,5,6,BtwSaki,ToiMisaki,30.92950283986634,130.85549436178866,58.81953173895249,15.0,452.614497212948,390.8428093186021
1811,Shanghai SouthCh - Nagoya,SEA,PILOT_TO_PILOT,4,1811,150,5,6,BtwSaki,ToiMisaki,30.931638653948294,130.85966080967196,58.81953173895249,15.0,452.86447580597263,390.59283072557747
1812,Shanghai SouthCh - Nagoya,SEA,PILOT_TO_PILOT,4,1812,151,5,6,BtwSaki,ToiMisaki,30.933774334438088,130.86382744369206,58.81953173895249,15.0,453.1144543989973,390.3428521325528
1813,Shanghai SouthCh - Nagoya,SEA,PILOT_TO_PILOT,4,1813,152,5,6,BtwSaki,ToiMisaki,30.935909881318448,130.8679942638613,58.81953173895249,15.0,453.36443299202193,390.09287353952817
1814,Shanghai SouthCh - Nagoya,SEA,PILOT_TO_PILOT,4,1814,153,5,6,BtwSaki,ToiMisaki,30.938045294572117,130.87216127019212,58.81953173895249,15.0,453.6144115850466,389.8428949465035
1815,Shanghai SouthCh - Nagoya,SEA,PILOT_TO_PILOT,4,1815,154,5,6,BtwSaki,ToiMisaki,30.940180574181838,130.8763284626969,58.81953173895249,15.0,453.86439017807123,389.59291635347887
1816,Shanghai SouthCh - Nagoya,SEA,PILOT_TO_PILOT,4,1816,155,5,6,BtwSaki,ToiMisaki,30.942315720130317,130.88049584138807,58.81953173895249,15.0,454.1143687710959,389.3429377604542
1817,Shanghai SouthCh - Nagoya,SEA,PILOT_TO_PILOT,4,1817,156,5,6,BtwSaki,ToiMisaki,30.944450732400316,130.88466340627798,58.81953173895249,15.0,454.36434736412053,389.09295916742957
1818,Shanghai SouthCh - Nagoya,SEA,PILOT_TO_PILOT,4,1818,157,5,6,BtwSaki,ToiMisaki,30.946585610974545,130.8888311573791,58.81953173895249,15.0,454.6143259571452,388.8429805744049
1819,Shanghai SouthCh - Nagoya,SEA,PILOT_TO_PILOT,4,1819,158,5,6,BtwSaki,ToiMisaki,30.948720355835754,130.89299909470375,58.81953173895249,15.0,454.86430455016983,388.59300198138027
1820,Shanghai SouthCh - Nagoya,SEA,PILOT_TO_PILOT,4,1820,159,5,6,BtwSaki,ToiMisaki,30.95085496696665,130.89716721826434,58.81953173895249,15.0,455.1142831431945,388.3430233883556
1821,Shanghai SouthCh - Nagoya,SEA,PILOT_TO_PILOT,4,1821,160,5,6,BtwSaki,ToiMisaki,30.952989444349978,130.90133552807325,58.81953173895249,15.0,455.36426173621913,388.09304479533097
1822,Shanghai SouthCh - Nagoya,SEA,PILOT_TO_PILOT,4,1822,161,5,6,BtwSaki,ToiMisaki,30.955123787968454,130.90550402414286,58.81953173895249,15.0,455.6142403292438,387.8430662023063
1823,Shanghai SouthCh - Nagoya,SEA,PILOT_TO_PILOT,4,1823,162,5,6,BtwSaki,ToiMisaki,30.957257997804813,130.90967270648557,58.81953173895249,15.0,455.86421892226844,387.59308760928167
1824,Shanghai SouthCh - Nagoya,SEA,PILOT_TO_PILOT,4,1824,163,5,6,BtwSaki,ToiMisaki,30.95939207384176,130.91384157511374,58.81953173895249,15.0,456.1141975152931,387.343109016257
1825,Shanghai SouthCh - Nagoya,SEA,PILOT_TO_PILOT,4,1825,164,5,6,BtwSaki,ToiMisaki,30.96152601606204,130.91801063003976,58.81953173895249,15.0,456.3641761083177,387.0931304232324
1826,Shanghai SouthCh - Nagoya,SEA,PILOT_TO_PILOT,4,1826,165,5,6,BtwSaki,ToiMisaki,30.963659824448357,130.92217987127597,58.81953173895249,15.0,456.6141547013424,386.8431518302077
1827,Shanghai SouthCh - Nagoya,SEA,PILOT_TO_PILOT,4,1827,166,5,6,BtwSaki,ToiMisaki,30.96579349898344,130.92634929883477,58.81953173895249,15.0,456.864133294367,386.5931732371831
1828,Shanghai SouthCh - Nagoya,SEA,PILOT_TO_PILOT,4,1828,167,5,6,BtwSaki,ToiMisaki,30.967927039650014,130.93051891272847,58.81953173895249,15.0,457.11411188739163,386.3431946441585
1829,Shanghai SouthCh - Nagoya,SEA,PILOT_TO_PILOT,4,1829,168,5,6,BtwSaki,ToiMisaki,30.970060446430775,130.93468871296952,58.81953173895249,15.0,457.3640904804163,386.0932160511338
1830,Shanghai SouthCh - Nagoya,SEA,PILOT_TO_PILOT,4,1830,169,5,6,BtwSaki,ToiMisaki,30.972193719308468,130.93885869957018,58.81953173895249,15.0,457.61406907344093,385.8432374581092
1831,Shanghai SouthCh - Nagoya,SEA,PILOT_TO_PILOT,4,1831,170,5,6,BtwSaki,ToiMisaki,30.974326858265794,130.9430288725429,58.81953173895249,15.0,457.8640476664656,385.5932588650845
1832,Shanghai SouthCh - Nagoya,SEA,PILOT_TO_PILOT,4,1832,171,5,6,BtwSaki,ToiMisaki,30.97645986328546,130.9471992319,58.81953173895249,15.0,458.11402625949023,385.34328027205987
1833,Shanghai SouthCh - Nagoya,SEA,PILOT_TO_PILOT,4,1833,172,5,6,BtwSaki,ToiMisaki,30.978592734350173,130.95136977765378,58.81953173895249,15.0,458.3640048525149,385.0933016790352
1834,Shanghai SouthCh - Nagoya,SEA,PILOT_TO_PILOT,4,1834,173,5,6,BtwSaki,ToiMisaki,30.98072547144268,130.95554050981664,58.81953173895249,15.0,458.61398344553953,384.84332308601057
1835,Shanghai SouthCh - Nagoya,SEA,PILOT_TO_PILOT,4,1835,174,5,6,BtwSaki,ToiMisaki,30.98285807454566,130.9597114284009,58.81953173895249,15.0,458.8639620385642,384.5933444929859
1836,Shanghai SouthCh - Nagoya,SEA,PILOT_TO_PILOT,4,1836,175,5,6,BtwSaki,ToiMisaki,30.984990543641835,130.96388253341897,58.81953173895249,15.0,459.11394063158883,384.34336589996127
1837,Shanghai SouthCh - Nagoya,SEA,PILOT_TO_PILOT,4,1837,176,5,6,BtwSaki,ToiMisaki,30.987122878713915,130.9680538248831,58.81953173895249,15.0,459.3639192246135,384.0933873069366
1838,Shanghai SouthCh - Nagoya,SEA,PILOT_TO_PILOT,4,1838,177,5,6,BtwSaki,ToiMisaki,30.98925507974459,130.97222530280567,58.81953173895249,15.0,459.61389781763813,383.84340871391197
1839,Shanghai SouthCh - Nagoya,SEA,PILOT_TO_PILOT,4,1839,178,5,6,BtwSaki,ToiMisaki,30.99138714671659,130.97639696719898,58.81953173895249,15.0,459.8638764106628,383.5934301208873
1840,Shanghai SouthCh - Nagoya,SEA,PILOT_TO_PILOT,4,1840,179,5,6,BtwSaki,ToiMisaki,30.9935190796126,130.9805688180754,58.81953173895249,15.0,460.11385500368743,383.34345152786267
1841,Shanghai SouthCh - Nagoya,SEA,PILOT_TO_PILOT,4,1841,180,5,6,BtwSaki,ToiMisaki,30.99565087841533,130.98474085544726,58.81953173895249,15.0,460.3638335967121,383.093472934838
1842,Shanghai SouthCh - Nagoya,SEA,PILOT_TO_PILOT,4,1842,181,5,6,BtwSaki,ToiMisaki,30.997782543107487,130.98891307932686,58.81953173895249,15.0,460.61381218973673,382.84349434181337
1843,Shanghai SouthCh - Nagoya,SEA,PILOT_TO_PILOT,4,1843,182,5,6,BtwSaki,ToiMisaki,30.999914073671764,130.99308548972652,58.81953173895249,15.0,460.8637907827614,382.5935157487887
1844,Shanghai SouthCh - Nagoya,SEA,PILOT_TO_PILOT,4,1844,183,5,6,BtwSaki,ToiMisaki,31.002045470090874,130.99725808665858,58.81953173895249,15.0,461.11376937578603,382.34353715576407
1845,Shanghai SouthCh - Nagoya,SEA,PILOT_TO_PILOT,4,1845,184,5,6,BtwSaki,ToiMisaki,31.004176732347496,131.00143087013535,58.81953173895249,15.0,461.3637479688107,382.0935585627394
1846,Shanghai SouthCh - Nagoya,SEA,PILOT_TO_PILOT,4,1846,185,5,6,BtwSaki,ToiMisaki,31.006307860424347,131.00560384016913,58.81953173895249,15.0,461.61372656183534,381.84357996971477
1847,Shanghai SouthCh - Nagoya,SEA,PILOT_TO_PILOT,4,1847,186,5,6,BtwSaki,ToiMisaki,31.00843885430411,131.00977699677225,58.81953173895249,15.0,461.86370515486,381.5936013766901
1848,Shanghai SouthCh - Nagoya,SEA,PILOT_TO_PILOT,4,1848,187,5,6,BtwSaki,ToiMisaki,31.01056971396948,131.013950339957,58.81953173895249,15.0,462.1136837478846,381.3436227836655
1849,Shanghai SouthCh - Nagoya,SEA,PILOT_TO_PILOT,4,1849,188,5,6,BtwSaki,ToiMisaki,31.012700439403158,131.0181238697357,58.81953173895249,15.0,462.3636623409093,381.0936441906408
1850,Shanghai SouthCh - Nagoya,SEA,PILOT_TO_PILOT,4,1850,189,5,6,BtwSaki,ToiMisaki,31.01483103058784,131.02229758612063,58.81953173895249,15.0,462.6136409339339,380.8436655976162
1851,Shanghai SouthCh - Nagoya,SEA,PILOT_TO_PILOT,4,1851,190,5,6,BtwSaki,ToiMisaki,31.0169614875062,131.0264714891241,58.81953173895249,15.0,462.86361952695853,380.5936870045916
1852,Shanghai SouthCh - Nagoya,SEA,PILOT_TO_PILOT,4,1852,191,5,6,BtwSaki,ToiMisaki,31.019091810140942,131.03064557875842,58.81953173895249,15.0,463.1135981199832,380.3437084115669
1853,Shanghai SouthCh - Nagoya,SEA,PILOT_TO_PILOT,4,1853,192,5,6,BtwSaki,ToiMisaki,31.021221998474754,131.0348198550359,58.81953173895249,15.0,463.36357671300783,380.0937298185423
1854,Shanghai SouthCh - Nagoya,SEA,PILOT_TO_PILOT,4,1854,193,5,6,BtwSaki,ToiMisaki,31.023352052490317,131.03899431796876,58.81953173895249,15.0,463.6135553060325,379.8437512255176
1855,Shanghai SouthCh - Nagoya,SEA,PILOT_TO_PILOT,4,1855,194,5,6,BtwSaki,ToiMisaki,31.025481972170333,131.04316896756933,58.81953173895249,15.0,463.86353389905713,379.59377263249297
1856,Shanghai SouthCh - Nagoya,SEA,PILOT_TO_PILOT,4,1856,195,5,6,BtwSaki,ToiMisaki,31.02761175749747,131.0473438038499,58.81953173895249,15.0,464.1135124920818,379.3437940394683
1857,Shanghai SouthCh - Nagoya,SEA,PILOT_TO_PILOT,4,1857,196,5,6,BtwSaki,ToiMisaki,31.029741408454413,131.0515188268228,58.81953173895249,15.0,464.36349108510643,379.09381544644367
1858,Shanghai SouthCh - Nagoya,SEA,PILOT_TO_PILOT,4,1858,197,5,6,BtwSaki,ToiMisaki,31.031870925023853,131.05569403650017,58.81953173895249,15.0,464.6134696781311,378.843836853419
1859,Shanghai SouthCh - Nagoya,SEA,PILOT_TO_PILOT,4,1859,198,5,6,BtwSaki,ToiMisaki,31.034000307188485,131.0598694328944,58.81953173895249,15.0,464.86344827115573,378.59385826039437
1860,Shanghai SouthCh - Nagoya,SEA,PILOT_TO_PILOT,4,1860,199,5,6,BtwSaki,ToiMisaki,31.036129554930955,131.06404501601776,58.81953173895249,15.0,465.1134268641804,378.3438796673697
1861,Shanghai SouthCh - Nagoya,SEA,PILOT_TO_PILOT,4,1861,200,5,6,BtwSaki,ToiMisaki,31.038258668233972,131.0682207858825,58.81953173895249,15.0,465.36340545720503,378.09390107434507
1862,Shanghai SouthCh - Nagoya,SEA,PILOT_TO_PILOT,4,1862,201,5,6,BtwSaki,ToiMisaki,31.0403876470802,131.07239674250087,58.81953173895249,15.0,465.6133840502297,377.8439224813204
1863,Shanghai SouthCh - Nagoya,SEA,PILOT_TO_PILOT,4,1863,202,5,6,BtwSaki,ToiMisaki,31.04251649145232,131.0765728858851,58.81953173895249,15.0,465.86336264325433,377.59394388829577
1864,Shanghai SouthCh - Nagoya,SEA,PILOT_TO_PILOT,4,1864,203,5,6,BtwSaki,ToiMisaki,31.044645201333008,131.08074921604756,58.81953173895249,15.0,466.113341236279,377.3439652952711
1865,Shanghai SouthCh - Nagoya,SEA,PILOT_TO_PILOT,4,1865,204,5,6,BtwSaki,ToiMisaki,31.046773776704935,131.08492573300043,58.81953173895249,15.0,466.36331982930363,377.09398670224647
1866,Shanghai SouthCh - Nagoya,SEA,PILOT_TO_PILOT,4,1866,205,5,6,BtwSaki,ToiMisaki,31.04890221755078,131.08910243675595,58.81953173895249,15.0,466.6132984223283,376.8440081092218
1867,Shanghai SouthCh - Nagoya,SEA,PILOT_TO_PILOT,4,1867,206,5,6,BtwSaki,ToiMisaki,31.05103052385321,131.09327932732643,58.81953173895249,15.0,466.86327701535293,376.59402951619717
1868,Shanghai SouthCh - Nagoya,SEA,PILOT_TO_PILOT,4,1868,207,5,6,BtwSaki,ToiMisaki,31.053158695594913,131.0974564047241,58.81953173895249,15.0,467.1132556083776,376.3440509231725
1869,Shanghai SouthCh - Nagoya,SEA,PILOT_TO_PILOT,4,1869,208,5,6,BtwSaki,ToiMisaki,31.05528673275853,131.1016336689612,58.81953173895249,15.0,467.3632342014022,376.0940723301479
1870,Shanghai SouthCh - Nagoya,SEA,PILOT_TO_PILOT,4,1870,209,5,6,BtwSaki,ToiMisaki,31.057414635326744,131.10581112004996,58.81953173895249,15.0,467.6132127944269,375.8440937371232
1871,Shanghai SouthCh - Nagoya,SEA,PILOT_TO_PILOT,4,1871,210,5,6,BtwSaki,ToiMisaki,31.059542403282226,131.10998875800266,58.81953173895249,15.0,467.8631913874515,375.5941151440986
1872,Shanghai SouthCh - Nagoya,SEA,PILOT_TO_PILOT,4,1872,211,5,6,BtwSaki,ToiMisaki,31.061670036607634,131.1141665828315,58.81953173895249,15.0,468.11316998047613,375.344136551074
1873,Shanghai SouthCh - Nagoya,SEA,PILOT_TO_PILOT,4,1873,212,5,6,BtwSaki,ToiMisaki,31.063797535285644,131.11834459454872,58.81953173895249,15.0,468.3631485735008,375.0941579580493
1874,Shanghai SouthCh - Nagoya,SEA,PILOT_TO_PILOT,4,1874,213,5,6,BtwSaki,ToiMisaki,31.06592489929892,131.12252279316658,58.81953173895249,15.0,468.61312716652543,374.8441793650247
1875,Shanghai SouthCh - Nagoya,SEA,PILOT_TO_PILOT,4,1875,214,5,6,BtwSaki,ToiMisaki,31.068052128630107,131.1267011786973,58.81953173895249,15.0,468.8631057595501,374.594200772
1876,Shanghai SouthCh - Nagoya,SEA,PILOT_TO_PILOT,4,1876,215,5,6,BtwSaki,ToiMisaki,31.07017922326188,131.13087975115306,58.81953173895249,15.0,469.11308435257473,374.3442221789754
1877,Shanghai SouthCh - Nagoya,SEA,PILOT_TO_PILOT,4,1877,216,5,6,BtwSaki,ToiMisaki,31.072306183176902,131.13505851054614,58.81953173895249,15.0,469.3630629455994,374.0942435859507
1878,Shanghai SouthCh - Nagoya,SEA,PILOT_TO_PILOT,4,1878,217,5,6,BtwSaki,ToiMisaki,31.074433008357815,131.13923745688876,58.81953173895249,15.0,469.61304153862403,373.84426499292607
1879,Shanghai SouthCh - Nagoya,SEA,PILOT_TO_PILOT,4,1879,218,5,6,BtwSaki,ToiMisaki,31.0765596987873,131.14341659019308,58.81953173895249,15.0,469.8630201316487,373.5942863999014
1880,Shanghai SouthCh - Nagoya,SEA,PILOT_TO_PILOT,4,1880,219,5,6,BtwSaki,ToiMisaki,31.078686254447994,131.1475959104714,58.81953173895249,15.0,470.11299872467333,373.34430780687677
1881,Shanghai SouthCh - Nagoya,SEA,PILOT_TO_PILOT,4,1881,220,5,6,BtwSaki,ToiMisaki,31.080812675322576,131.15177541773588,58.81953173895249,15.0,470.362977317698,373.0943292138521
1882,Shanghai SouthCh - Nagoya,SEA,PILOT_TO_PILOT,4,1882,221,5,6,BtwSaki,ToiMisaki,31.082938961393676,131.15595511199874,58.81953173895249,15.0,470.61295591072263,372.84435062082747
1883,Shanghai SouthCh - Nagoya,SEA,PILOT_TO_PILOT,4,1883,222,5,6,BtwSaki,ToiMisaki,31.085065112643953,131.16013499327218,58.81953173895249,15.0,470.8629345037473,372.5943720278028
1884,Shanghai SouthCh - Nagoya,SEA,PILOT_TO_PILOT,4,1884,223,5,6,BtwSaki,ToiMisaki,31.087191129056055,131.16431506156837,58.81953173895249,15.0,471.11291309677193,372.34439343477817
1885,Shanghai SouthCh - Nagoya,SEA,PILOT_TO_PILOT,4,1885,224,5,6,BtwSaki,ToiMisaki,31.089317010612653,131.1684953168996,58.81953173895249,15.0,471.3628916897966,372.0944148417535
1886,Shanghai SouthCh - Nagoya,SEA,PILOT_TO_PILOT,4,1886,225,5,6,BtwSaki,ToiMisaki,31.091442757296374,131.17267575927798,58.81953173895249,15.0,471.61287028282123,371.84443624872887
1887,Shanghai SouthCh - Nagoya,SEA,PILOT_TO_PILOT,4,1887,226,5,6,BtwSaki,ToiMisaki,31.09356836908989,131.17685638871572,58.81953173895249,15.0,471.8628488758459,371.5944576557042
1888,Shanghai SouthCh - Nagoya,SEA,PILOT_TO_PILOT,4,1888,227,5,6,BtwSaki,ToiMisaki,31.09569384597582,131.1810372052251,58.81953173895249,15.0,472.11282746887053,371.34447906267957
1889,Shanghai SouthCh - Nagoya,SEA,PILOT_TO_PILOT,4,1889,228,5,6,BtwSaki,ToiMisaki,31.097819187936835,131.18521820881818,58.81953173895249,15.0,472.3628060618952,371.0945004696549
1890,Shanghai SouthCh - Nagoya,SEA,PILOT_TO_PILOT,4,1890,229,5,6,BtwSaki,ToiMisaki,31.099944394955557,131.18939939950724,58.81953173895249,15.0,472.61278465491984,370.84452187663027
1891,Shanghai SouthCh - Nagoya,SEA,PILOT_TO_PILOT,4,1891,230,5,6,BtwSaki,ToiMisaki,31.10206946701464,131.1935807773044,58.81953173895249,15.0,472.8627632479445,370.5945432836056
1892,Shanghai SouthCh - Nagoya,SEA,PILOT_TO_PILOT,4,1892,231,5,6,BtwSaki,ToiMisaki,31.10419440409673,131.1977623422219,58.81953173895249,15.0,473.1127418409691,370.344564690581
1893,Shanghai SouthCh - Nagoya,SEA,PILOT_TO_PILOT,4,1893,232,5,6,BtwSaki,ToiMisaki,31.10631920618447,131.20194409427185,58.81953173895249,15.0,473.3627204339938,370.0945860975563
1894,Shanghai SouthCh - Nagoya,SEA,PILOT_TO_PILOT,4,1894,233,5,6,BtwSaki,ToiMisaki,31.108443873260498,131.20612603346646,58.81953173895249,15.0,473.6126990270184,369.8446075045317
1895,Shanghai SouthCh - Nagoya,SEA,PILOT_TO_PILOT,4,1895,234,5,6,BtwSaki,ToiMisaki,31.110568405307433,131.2103081598179,58.81953173895249,15.0,473.86267762004303,369.5946289115071
1896,Shanghai SouthCh - Nagoya,SEA,PILOT_TO_PILOT,4,1896,235,5,6,BtwSaki,ToiMisaki,31.112692802307947,131.21449047333837,58.81953173895249,15.0,474.1126562130677,369.3446503184824
1897,Shanghai SouthCh - Nagoya,SEA,PILOT_TO_PILOT,4,1897,236,5,6,BtwSaki,ToiMisaki,31.11481706424464,131.21867297403998,58.81953173895249,15.0,474.36263480609233,369.0946717254578
1898,Shanghai SouthCh - Nagoya,SEA,PILOT_TO_PILOT,4,1898,237,5,6,BtwSaki,ToiMisaki,31.11694119110019,131.22285566193491,58.81953173895249,15.0,474.612613399117,368.8446931324331
1899,Shanghai SouthCh - Nagoya,SEA,PILOT_TO_PILOT,4,1899,238,5,6,BtwSaki,ToiMisaki,31.119065182857184,131.22703853703533,58.81953173895249,15.0,474.86259199214163,368.59471453940847
1900,Shanghai SouthCh - Nagoya,SEA,PILOT_TO_PILOT,4,1900,239,5,6,BtwSaki,ToiMisaki,31.12118903949829,131.2312215993534,58.81953173895249,15.0,475.1125705851663,368.3447359463838
1901,Shanghai SouthCh - Nagoya,SEA,PILOT_TO_PILOT,4,1901,240,5,6,BtwSaki,ToiMisaki,31.12331276100613,131.23540484890125,58.81953173895249,15.0,475.36254917819093,368.09475735335917
1902,Shanghai SouthCh - Nagoya,SEA,PILOT_TO_PILOT,4,1902,241,5,6,BtwSaki,ToiMisaki,31.12543634736333,131.23958828569107,58.81953173895249,15.0,475.6125277712156,367.8447787603345
1903,Shanghai SouthCh - Nagoya,SEA,PILOT_TO_PILOT,4,1903,242,5,6,BtwSaki,ToiMisaki,31.127559798552515,131.24377190973496,58.81953173895249,15.0,475.86250636424023,367.59480016730987
1904,Shanghai SouthCh - Nagoya,SEA,PILOT_TO_PILOT,4,1904,243,5,6,BtwSaki,ToiMisaki,31.129683114556318,131.2479557210451,58.81953173895249,15.0,476.1124849572649,367.3448215742852
1905,Shanghai SouthCh - Nagoya,SEA,PILOT_TO_PILOT,4,1905,244,5,6,BtwSaki,ToiMisaki,31.131806295357364,131.2521397196336,58.81953173895249,15.0,476.36246355028953,367.09484298126057
1906,Shanghai SouthCh - Nagoya,SEA,PILOT_TO_PILOT,4,1906,245,5,6,BtwSaki,ToiMisaki,31.133929340938284,131.25632390551263,58.81953173895249,15.0,476.6124421433142,366.8448643882359
1907,Shanghai SouthCh - Nagoya,SEA,PILOT_TO_PILOT,4,1907,246,5,6,BtwSaki,ToiMisaki,31.136052251281704,131.2605082786943,58.81953173895249,15.0,476.86242073633883,366.59488579521127
1908,Shanghai SouthCh - Nagoya,SEA,PILOT_TO_PILOT,4,1908,247,5,6,BtwSaki,ToiMisaki,31.13817502637024,131.2646928391908,58.81953173895249,15.0,477.1123993293635,366.3449072021866
1909,Shanghai SouthCh - Nagoya,SEA,PILOT_TO_PILOT,4,1909,248,5,6,BtwSaki,ToiMisaki,31.140297666186523,131.26887758701415,58.81953173895249,15.0,477.36237792238813,366.09492860916197
1910,Shanghai SouthCh - Nagoya,SEA,PILOT_TO_PILOT,4,1910,249,5,6,BtwSaki,ToiMisaki,31.142420170713155,131.2730625221766,58.81953173895249,15.0,477.6123565154128,365.8449500161373
1911,Shanghai SouthCh - Nagoya,SEA,PILOT_TO_PILOT,4,1911,250,5,6,BtwSaki,ToiMisaki,31.144542539932775,131.2772476446902,58.81953173895249,15.0,477.86233510843743,365.59497142311267
1912,Shanghai SouthCh - Nagoya,SEA,PILOT_TO_PILOT,4,1912,251,5,6,BtwSaki,ToiMisaki,31.146664773827993,131.28143295456707,58.81953173895249,15.0,478.1123137014621,365.344992830088
1913,Shanghai SouthCh - Nagoya,SEA,PILOT_TO_PILOT,4,1913,252,5,6,BtwSaki,ToiMisaki,31.14878687238143,131.28561845181937,58.81953173895249,15.0,478.3622922944867,365.0950142370634
1914,Shanghai SouthCh - Nagoya,SEA,PILOT_TO_PILOT,4,1914,253,5,6,BtwSaki,ToiMisaki,31.150908835575702,131.28980413645917,58.81953173895249,15.0,478.6122708875114,364.8450356440387
1915,Shanghai SouthCh - Nagoya,SEA,PILOT_TO_PILOT,4,1915,254,5,6,BtwSaki,ToiMisaki,31.153030663393416,131.2939900084986,58.81953173895249,15.0,478.862249480536,364.5950570510141
1916,Shanghai SouthCh - Nagoya,SEA,PILOT_TO_PILOT,4,1916,255,5,6,BtwSaki,ToiMisaki,31.1551523558172,131.2981760679498,58.81953173895249,15.0,479.11222807356063,364.3450784579895
1917,Shanghai SouthCh - Nagoya,SEA,PILOT_TO_PILOT,4,1917,256,5,6,BtwSaki,ToiMisaki,31.15727391282964,131.30236231482485,58.81953173895249,15.0,479.3622066665853,364.0950998649648
1918,Shanghai SouthCh - Nagoya,SEA,PILOT_TO_PILOT,4,1918,257,5,6,BtwSaki,ToiMisaki,31.159395334413386,131.30654874913583,58.81953173895249,15.0,479.61218525960993,363.8451212719402
1919,Shanghai SouthCh - Nagoya,SEA,PILOT_TO_PILOT,4,1919,258,5,6,BtwSaki,ToiMisaki,31.16151662055102,131.31073537089486,58.81953173895249,15.0,479.8621638526346,363.5951426789155
1920,Shanghai SouthCh - Nagoya,SEA,PILOT_TO_PILOT,4,1920,259,5,6,BtwSaki,ToiMisaki,31.16363777122516,131.31492218011408,58.81953173895249,15.0,480.11214244565923,363.3451640858909
1921,Shanghai SouthCh - Nagoya,SEA,PILOT_TO_PILOT,4,1921,260,5,6,BtwSaki,ToiMisaki,31.16575878641841,131.31910917680548,58.81953173895249,15.0,480.3621210386839,363.0951854928662
1922,Shanghai SouthCh - Nagoya,SEA,PILOT_TO_PILOT,4,1922,261,5,6,BtwSaki,ToiMisaki,31.167879666113382,131.32329636098126,58.81953173895249,15.0,480.61209963170853,362.84520689984157
1923,Shanghai SouthCh - Nagoya,SEA,PILOT_TO_PILOT,4,1923,262,5,6,BtwSaki,ToiMisaki,31.170000410292676,131.32748373265346,58.81953173895249,15.0,480.8620782247332,362.5952283068169
1924,Shanghai SouthCh - Nagoya,SEA,PILOT_TO_PILOT,4,1924,263,5,6,BtwSaki,ToiMisaki,31.172121018938903,131.33167129183417,58.81953173895249,15.0,481.11205681775783,362.34524971379227
1925,Shanghai SouthCh - Nagoya,SEA,PILOT_TO_PILOT,4,1925,264,5,6,BtwSaki,ToiMisaki,31.174241492034653,131.33585903853546,58.81953173895249,15.0,481.3620354107825,362.0952711207676
1926,Shanghai SouthCh - Nagoya,SEA,PILOT_TO_PILOT,4,1926,265,5,6,BtwSaki,ToiMisaki,31.17636182956254,131.34004697276941,58.81953173895249,15.0,481.61201400380713,361.84529252774297
1927,Shanghai SouthCh - Nagoya,SEA,PILOT_TO_PILOT,4,1927,266,5,6,BtwSaki,ToiMisaki,31.178482031505165,131.34423509454814,58.81953173895249,15.0,481.8619925968318,361.5953139347183
1928,Shanghai SouthCh - Nagoya,SEA,PILOT_TO_PILOT,4,1928,267,5,6,BtwSaki,ToiMisaki,31.180602097845117,131.3484234038837,58.81953173895249,15.0,482.11197118985643,361.34533534169367
1929,Shanghai SouthCh - Nagoya,SEA,PILOT_TO_PILOT,4,1929,268,5,6,BtwSaki,ToiMisaki,31.182722028565006,131.3526119007881,58.81953173895249,15.0,482.3619497828811,361.095356748669
1930,Shanghai SouthCh - Nagoya,SEA,PILOT_TO_PILOT,4,1930,269,5,6,BtwSaki,ToiMisaki,31.184841823647414,131.3568005852735,58.81953173895249,15.0,482.61192837590573,360.84537815564437
1931,Shanghai SouthCh - Nagoya,SEA,PILOT_TO_PILOT,4,1931,270,5,6,BtwSaki,ToiMisaki,31.186961483074953,131.36098945735193,58.81953173895249,15.0,482.8619069689304,360.5953995626197
1932,Shanghai SouthCh - Nagoya,SEA,PILOT_TO_PILOT,4,1932,271,5,6,BtwSaki,ToiMisaki,31.18908100683023,131.36517851703545,58.81953173895249,15.0,483.11188556195503,360.34542096959507
1933,Shanghai SouthCh - Nagoya,SEA,PILOT_TO_PILOT,4,1933,272,5,6,BtwSaki,ToiMisaki,31.191200394895798,131.3693677643361,58.81953173895249,15.0,483.3618641549797,360.0954423765704
1934,Shanghai SouthCh - Nagoya,SEA,PILOT_TO_PILOT,4,1934,273,5,6,BtwSaki,ToiMisaki,31.193319647254263,131.37355719926595,58.81953173895249,15.0,483.6118427480043,359.8454637835458
1935,Shanghai SouthCh - Nagoya,SEA,PILOT_TO_PILOT,4,1935,274,5,6,BtwSaki,ToiMisaki,31.19543876388824,131.37774682183704,58.81953173895249,15.0,483.861821341029,359.5954851905211
1936,Shanghai SouthCh - Nagoya,SEA,PILOT_TO_PILOT,4,1936,275,5,6,BtwSaki,ToiMisaki,31.1975577447803,131.38193663206144,58.81953173895249,15.0,484.1117999340536,359.3455065974965
1937,Shanghai SouthCh - Nagoya,SEA,PILOT_TO_PILOT,4,1937,276,5,6,BtwSaki,ToiMisaki,31.199676589913032,131.3861266299512,58.81953173895249,15.0,484.3617785270783,359.0955280044718
1938,Shanghai SouthCh - Nagoya,SEA,PILOT_TO_PILOT,4,1938,277,5,6,BtwSaki,ToiMisaki,31.201795299269037,131.39031681551836,58.81953173895249,15.0,484.6117571201029,358.8455494114472
1939,Shanghai SouthCh - Nagoya,SEA,PILOT_TO_PILOT,4,1939,278,5,6,BtwSaki,ToiMisaki,31.203913872830874,131.39450718877492,58.81953173895249,15.0,484.8617357131276,358.5955708184225
1940,Shanghai SouthCh - Nagoya,SEA,PILOT_TO_PILOT,4,1940,279,5,6,BtwSaki,ToiMisaki,31.206032310581154,131.398697749733,58.81953173895249,15.0,485.1117143061522,358.3455922253979
1941,Shanghai SouthCh - Nagoya,SEA,PILOT_TO_PILOT,4,1941,280,5,6,BtwSaki,ToiMisaki,31.208150612502454,131.4028884984046,58.81953173895249,15.0,485.36169289917683,358.0956136323733
1942,Shanghai SouthCh - Nagoya,SEA,PILOT_TO_PILOT,4,1942,281,5,6,BtwSaki,ToiMisaki,31.210268778577348,131.4070794348017,58.81953173895249,15.0,485.6116714922015,357.8456350393486
1943,Shanghai SouthCh - Nagoya,SEA,PILOT_TO_PILOT,4,1943,282,5,6,BtwSaki,ToiMisaki,31.212386808788427,131.41127055893637,58.81953173895249,15.0,485.86165008522613,357.59565644632397
1944,Shanghai SouthCh - Nagoya,SEA,PILOT_TO_PILOT,4,1944,283,5,6,BtwSaki,ToiMisaki,31.214504703118266,131.41546187082065,58.81953173895249,15.0,486.1116286782508,357.3456778532993
1945,Shanghai SouthCh - Nagoya,SEA,PILOT_TO_PILOT,4,1945,284,5,6,BtwSaki,ToiMisaki,31.216622461549456,131.41965337046653,58.81953173895249,15.0,486.36160727127543,357.09569926027467
1946,Shanghai SouthCh - Nagoya,SEA,PILOT_TO_PILOT,4,1946,285,5,6,BtwSaki,ToiMisaki,31.218740084064564,131.42384505788604,58.81953173895249,15.0,486.6115858643001,356.84572066725
1947,Shanghai SouthCh - Nagoya,SEA,PILOT_TO_PILOT,4,1947,286,5,6,BtwSaki,ToiMisaki,31.22085757064616,131.42803693309122,58.81953173895249,15.0,486.86156445732473,356.59574207422537
1948,Shanghai SouthCh - Nagoya,SEA,PILOT_TO_PILOT,4,1948,287,5,6,BtwSaki,ToiMisaki,31.222974921276837,131.43222899609407,58.81953173895249,15.0,487.1115430503494,356.3457634812007
1949,Shanghai SouthCh - Nagoya,SEA,PILOT_TO_PILOT,4,1949,288,5,6,BtwSaki,ToiMisaki,31.225092135939164,131.4364212469066,58.81953173895249,15.0,487.36152164337403,356.09578488817607
1950,Shanghai SouthCh - Nagoya,SEA,PILOT_TO_PILOT,4,1950,289,5,6,BtwSaki,ToiMisaki,31.227209214615698,131.44061368554082,58.81953173895249,15.0,487.6115002363987,355.8458062951514
1951,Shanghai SouthCh - Nagoya,SEA,PILOT_TO_PILOT,4,1951,290,5,6,BtwSaki,ToiMisaki,31.229326157289037,131.44480631200872,58.81953173895249,15.0,487.86147882942333,355.59582770212677
1952,Shanghai SouthCh - Nagoya,SEA,PILOT_TO_PILOT,4,1952,291,5,6,BtwSaki,ToiMisaki,31.23144296394173,131.44899912632232,58.81953173895249,15.0,488.111457422448,355.3458491091021
1953,Shanghai SouthCh - Nagoya,SEA,PILOT_TO_PILOT,4,1953,292,5,6,BtwSaki,ToiMisaki,31.233559634556368,131.4531921284936,58.81953173895249,15.0,488.36143601547263,355.09587051607747
1954,Shanghai SouthCh - Nagoya,SEA,PILOT_TO_PILOT,4,1954,293,5,6,BtwSaki,ToiMisaki,31.235676169115504,131.4573853185346,58.81953173895249,15.0,488.6114146084973,354.8458919230528
1955,Shanghai SouthCh - Nagoya,SEA,PILOT_TO_PILOT,4,1955,294,5,6,BtwSaki,ToiMisaki,31.237792567601705,131.46157869645725,58.81953173895249,15.0,488.86139320152193,354.59591333002817
1956,Shanghai SouthCh - Nagoya,SEA,PILOT_TO_PILOT,4,1956,295,5,6,BtwSaki,ToiMisaki,31.23990882999754,131.46577226227356,58.81953173895249,15.0,489.1113717945466,354.3459347370035
1957,Shanghai SouthCh - Nagoya,SEA,PILOT_TO_PILOT,4,1957,296,5,6,BtwSaki,ToiMisaki,31.242024956285587,131.46996601599554,58.81953173895249,15.0,489.3613503875712,354.0959561439789
1958,Shanghai SouthCh - Nagoya,SEA,PILOT_TO_PILOT,4,1958,297,5,6,BtwSaki,ToiMisaki,31.244140946448386,131.47415995763518,58.81953173895249,15.0,489.6113289805959,353.8459775509542
1959,Shanghai SouthCh - Nagoya,SEA,PILOT_TO_PILOT,4,1959,298,5,6,BtwSaki,ToiMisaki,31.24625680046852,131.47835408720445,58.81953173895249,15.0,489.8613075736205,353.5959989579296
1960,Shanghai SouthCh - Nagoya,SEA,PILOT_TO_PILOT,4,1960,299,5,6,BtwSaki,ToiMisaki,31.248372518328544,131.4825484047153,58.81953173895249,15.0,490.1112861666452,353.3460203649049
1961,Shanghai SouthCh - Nagoya,SEA,PILOT_TO_PILOT,4,1961,300,5,6,BtwSaki,ToiMisaki,31.250488100011015,131.48674291017971,58.81953173895249,15.0,490.3612647596698,353.0960417718803
1962,Shanghai SouthCh - Nagoya,SEA,PILOT_TO_PILOT,4,1962,301,5,6,BtwSaki,ToiMisaki,31.252603545498488,131.4909376036097,58.81953173895249,15.0,490.61124335269443,352.8460631788557
1963,Shanghai SouthCh - Nagoya,SEA,PILOT_TO_PILOT,4,1963,302,5,6,BtwSaki,ToiMisaki,31.25471885477353,131.4951324850172,58.81953173895249,15.0,490.8612219457191,352.596084585831
1964,Shanghai SouthCh - Nagoya,SEA,PILOT_TO_PILOT,4,1964,303,5,6,BtwSaki,ToiMisaki,31.256834027818698,131.49932755441415,58.81953173895249,15.0,491.11120053874373,352.3461059928064
1965,Shanghai SouthCh - Nagoya,SEA,PILOT_TO_PILOT,4,1965,304,5,6,BtwSaki,ToiMisaki,31.258949064616544,131.50352281181256,58.81953173895249,15.0,491.3611791317684,352.0961273997817
1966,Shanghai SouthCh - Nagoya,SEA,PILOT_TO_PILOT,4,1966,305,5,6,BtwSaki,ToiMisaki,31.261063965149617,131.50771825722438,58.81953173895249,15.0,491.61115772479303,351.84614880675707
1967,Shanghai SouthCh - Nagoya,SEA,PILOT_TO_PILOT,4,1967,306,5,6,BtwSaki,ToiMisaki,31.263178729400483,131.51191389066156,58.81953173895249,15.0,491.8611363178177,351.5961702137324
1968,Shanghai SouthCh - Nagoya,SEA,PILOT_TO_PILOT,4,1968,307,5,6,BtwSaki,ToiMisaki,31.26529335735168,131.51610971213606,58.81953173895249,15.0,492.11111491084233,351.34619162070777
1969,Shanghai SouthCh - Nagoya,SEA,PILOT_TO_PILOT,4,1969,308,5,6,BtwSaki,ToiMisaki,31.267407848985776,131.5203057216598,58.81953173895249,15.0,492.361093503867,351.0962130276831
1970,Shanghai SouthCh - Nagoya,SEA,PILOT_TO_PILOT,4,1970,309,5,6,BtwSaki,ToiMisaki,31.269522204285305,131.52450191924478,58.81953173895249,15.0,492.61107209689163,350.84623443465847
1971,Shanghai SouthCh - Nagoya,SEA,PILOT_TO_PILOT,4,1971,310,5,6,BtwSaki,ToiMisaki,31.271636423232817,131.52869830490292,58.81953173895249,15.0,492.8610506899163,350.5962558416338
1972,Shanghai SouthCh - Nagoya,SEA,PILOT_TO_PILOT,4,1972,311,5,6,BtwSaki,ToiMisaki,31.273750505810863,131.53289487864615,58.81953173895249,15.0,493.11102928294093,350.34627724860917
1973,Shanghai SouthCh - Nagoya,SEA,PILOT_TO_PILOT,4,1973,312,5,6,BtwSaki,ToiMisaki,31.275864452001993,131.5370916404864,58.81953173895249,15.0,493.3610078759656,350.0962986555845
1974,Shanghai SouthCh - Nagoya,SEA,PILOT_TO_PILOT,4,1974,313,5,6,BtwSaki,ToiMisaki,31.277978261788746,131.5412885904356,58.81953173895249,15.0,493.61098646899023,349.84632006255987
1975,Shanghai SouthCh - Nagoya,SEA,PILOT_TO_PILOT,4,1975,314,5,6,BtwSaki,ToiMisaki,31.28009193515368,131.54548572850575,58.81953173895249,15.0,493.8609650620149,349.5963414695352
1976,Shanghai SouthCh - Nagoya,SEA,PILOT_TO_PILOT,4,1976,315,5,6,BtwSaki,ToiMisaki,31.282205472079315,131.54968305470874,58.81953173895249,15.0,494.11094365503953,349.34636287651057
1977,Shanghai SouthCh - Nagoya,SEA,PILOT_TO_PILOT,4,1977,316,5,6,BtwSaki,ToiMisaki,31.2843188725482,131.55388056905647,58.81953173895249,15.0,494.3609222480642,349.0963842834859
1978,Shanghai SouthCh - Nagoya,SEA,PILOT_TO_PILOT,4,1978,317,5,6,BtwSaki,ToiMisaki,31.286432136542885,131.5580782715609,58.81953173895249,15.0,494.6109008410888,348.8464056904613
1979,Shanghai SouthCh - Nagoya,SEA,PILOT_TO_PILOT,4,1979,318,5,6,BtwSaki,ToiMisaki,31.288545264045908,131.56227616223393,58.81953173895249,15.0,494.8608794341135,348.5964270974366
1980,Shanghai SouthCh - Nagoya,SEA,PILOT_TO_PILOT,4,1980,319,5,6,BtwSaki,ToiMisaki,31.290658255039787,131.56647424108746,58.81953173895249,15.0,495.1108580271381,348.346448504412
1981,Shanghai SouthCh - Nagoya,SEA,PILOT_TO_PILOT,4,1981,320,5,6,BtwSaki,ToiMisaki,31.29277110950708,131.57067250813344,58.81953173895249,15.0,495.3608366201628,348.0964699113873
1982,Shanghai SouthCh - Nagoya,SEA,PILOT_TO_PILOT,4,1982,321,5,6,BtwSaki,ToiMisaki,31.294883827430315,131.57487096338377,58.81953173895249,15.0,495.6108152131874,347.8464913183627
1983,Shanghai SouthCh - Nagoya,SEA,PILOT_TO_PILOT,4,1983,322,5,6,BtwSaki,ToiMisaki,31.296996408792022,131.57906960685037,58.81953173895249,15.0,495.8607938062121,347.596512725338
1984,Shanghai SouthCh - Nagoya,SEA,PILOT_TO_PILOT,4,1984,323,5,6,BtwSaki,ToiMisaki,31.299108853574744,131.5832684385451,58.81953173895249,15.0,496.1107723992367,347.3465341323134
1985,Shanghai SouthCh - Nagoya,SEA,PILOT_TO_PILOT,4,1985,324,5,6,BtwSaki,ToiMisaki,31.301221161761006,131.58746745847992,58.81953173895249,15.0,496.36075099226133,347.0965555392888
1986,Shanghai SouthCh - Nagoya,SEA,PILOT_TO_PILOT,5,1986,0,6,7,ToiMisaki,Tosa,31.30333333333334,131.5916666666667,48.89906075232415,15.0,496.610729585286,346.8465769462641
1987,Shanghai SouthCh - Nagoya,SEA,PILOT_TO_PILOT,5,1987,1,6,7,ToiMisaki,Tosa,31.30607364118918,131.59534318369188,48.89906075232415,15.0,496.86101188554085,346.59629464600926
1988,Shanghai SouthCh - Nagoya,SEA,PILOT_TO_PILOT,5,1988,2,6,7,ToiMisaki,Tosa,31.30881384430415,131.59901991459296,48.89906075232415,15.0,497.11129418579577,346.34601234575433
1989,Shanghai SouthCh - Nagoya,SEA,PILOT_TO_PILOT,5,1989,3,6,7,ToiMisaki,Tosa,31.311553942660865,131.60269685939713,48.89906075232415,15.0,497.36157648605064,346.09573004549947
1990,Shanghai SouthCh - Nagoya,SEA,PILOT_TO_PILOT,5,1990,4,6,7,ToiMisaki,Tosa,31.314293936241963,131.6063740181318,48.89906075232415,15.0,497.6118587863055,345.8454477452446
1991,Shanghai SouthCh - Nagoya,SEA,PILOT_TO_PILOT,5,1991,5,6,7,ToiMisaki,Tosa,31.317033825030048,131.61005139082417,48.89906075232415,15.0,497.86214108656037,345.59516544498973
1992,Shanghai SouthCh - Nagoya,SEA,PILOT_TO_PILOT,5,1992,6,6,7,ToiMisaki,Tosa,31.319773609007736,131.61372897750167,48.89906075232415,15.0,498.1124233868153,345.3448831447348
1993,Shanghai SouthCh - Nagoya,SEA,PILOT_TO_PILOT,5,1993,7,6,7,ToiMisaki,Tosa,31.32251328815764,131.6174067781915,48.89906075232415,15.0,498.36270568707016,345.09460084447994
1994,Shanghai SouthCh - Nagoya,SEA,PILOT_TO_PILOT,5,1994,8,6,7,ToiMisaki,Tosa,31.325252862462378,131.62108479292104,48.89906075232415,15.0,498.612987987325,344.8443185442251
1995,Shanghai SouthCh - Nagoya,SEA,PILOT_TO_PILOT,5,1995,9,6,7,ToiMisaki,Tosa,31.327992331904543,131.6247630217176,48.89906075232415,15.0,498.86327028757995,344.59403624397015
1996,Shanghai SouthCh - Nagoya,SEA,PILOT_TO_PILOT,5,1996,10,6,7,ToiMisaki,Tosa,31.33073169646677,131.62844146460847,48.89906075232415,15.0,499.1135525878348,344.3437539437153
1997,Shanghai SouthCh - Nagoya,SEA,PILOT_TO_PILOT,5,1997,11,6,7,ToiMisaki,Tosa,31.333470956131617,131.63212012162097,48.89906075232415,15.0,499.3638348880897,344.0934716434604
1998,Shanghai SouthCh - Nagoya,SEA,PILOT_TO_PILOT,5,1998,12,6,7,ToiMisaki,Tosa,31.33621011088173,131.63579899278238,48.89906075232415,15.0,499.6141171883446,343.8431893432055
1999,Shanghai SouthCh - Nagoya,SEA,PILOT_TO_PILOT,5,1999,13,6,7,ToiMisaki,Tosa,31.33894916069969,131.63947807812008,48.89906075232415,15.0,499.8643994885995,343.5929070429506
2000,Shanghai SouthCh - Nagoya,SEA,PILOT_TO_PILOT,5,2000,14,6,7,ToiMisaki,Tosa,31.341688105568092,131.6431573776613,48.89906075232415,15.0,500.11468178885434,343.34262474269576
2001,Shanghai SouthCh - Nagoya,SEA,PILOT_TO_PILOT,5,2001,15,6,7,ToiMisaki,Tosa,31.34442694546954,131.64683689143345,48.89906075232415,15.0,500.3649640891092,343.0923424424409
2002,Shanghai SouthCh - Nagoya,SEA,PILOT_TO_PILOT,5,2002,16,6,7,ToiMisaki,Tosa,31.347165680386606,131.6505166194638,48.89906075232415,15.0,500.61524638936413,342.84206014218597
2003,Shanghai SouthCh - Nagoya,SEA,PILOT_TO_PILOT,5,2003,17,6,7,ToiMisaki,Tosa,31.349904310301905,131.65419656177966,48.89906075232415,15.0,500.865528689619,342.5917778419311
2004,Shanghai SouthCh - Nagoya,SEA,PILOT_TO_PILOT,5,2004,18,6,7,ToiMisaki,Tosa,31.352642835198015,131.6578767184083,48.89906075232415,15.0,501.11581098987386,342.34149554167624
2005,Shanghai SouthCh - Nagoya,SEA,PILOT_TO_PILOT,5,2005,19,6,7,ToiMisaki,Tosa,31.35538125505751,131.66155708937714,48.89906075232415,15.0,501.3660932901288,342.0912132414213
2006,Shanghai SouthCh - Nagoya,SEA,PILOT_TO_PILOT,5,2006,20,6,7,ToiMisaki,Tosa,31.358119569862986,131.66523767471347,48.89906075232415,15.0,501.61637559038365,341.84093094116645
2007,Shanghai SouthCh - Nagoya,SEA,PILOT_TO_PILOT,5,2007,21,6,7,ToiMisaki,Tosa,31.360857779597023,131.66891847444452,48.89906075232415,15.0,501.8666578906385,341.5906486409116
2008,Shanghai SouthCh - Nagoya,SEA,PILOT_TO_PILOT,5,2008,22,6,7,ToiMisaki,Tosa,31.36359588424219,131.67259948859774,48.89906075232415,15.0,502.1169401908934,341.3403663406567
2009,Shanghai SouthCh - Nagoya,SEA,PILOT_TO_PILOT,5,2009,23,6,7,ToiMisaki,Tosa,31.36633388378107,131.67628071720034,48.89906075232415,15.0,502.3672224911483,341.0900840404018
2010,Shanghai SouthCh - Nagoya,SEA,PILOT_TO_PILOT,5,2010,24,6,7,ToiMisaki,Tosa,31.369071778196243,131.6799621602797,48.89906075232415,15.0,502.6175047914032,340.8398017401469
2011,Shanghai SouthCh - Nagoya,SEA,PILOT_TO_PILOT,5,2011,25,6,7,ToiMisaki,Tosa,31.371809567470272,131.68364381786316,48.89906075232415,15.0,502.86778709165804,340.58951943989206
2012,Shanghai SouthCh - Nagoya,SEA,PILOT_TO_PILOT,5,2012,26,6,7,ToiMisaki,Tosa,31.374547251585714,131.687325689978,48.89906075232415,15.0,503.11806939191297,340.33923713963713
2013,Shanghai SouthCh - Nagoya,SEA,PILOT_TO_PILOT,5,2013,27,6,7,ToiMisaki,Tosa,31.377284830525166,131.69100777665153,48.89906075232415,15.0,503.36835169216783,340.08895483938227
2014,Shanghai SouthCh - Nagoya,SEA,PILOT_TO_PILOT,5,2014,28,6,7,ToiMisaki,Tosa,31.380022304271165,131.69469007791113,48.89906075232415,15.0,503.6186339924227,339.8386725391274
2015,Shanghai SouthCh - Nagoya,SEA,PILOT_TO_PILOT,5,2015,29,6,7,ToiMisaki,Tosa,31.382759672806287,131.69837259378406,48.89906075232415,15.0,503.86891629267757,339.58839023887253
2016,Shanghai SouthCh - Nagoya,SEA,PILOT_TO_PILOT,5,2016,30,6,7,ToiMisaki,Tosa,31.38549693611309,131.70205532429767,48.89906075232415,15.0,504.1191985929325,339.3381079386176
2017,Shanghai SouthCh - Nagoya,SEA,PILOT_TO_PILOT,5,2017,31,6,7,ToiMisaki,Tosa,31.388234094174127,131.70573826947933,48.89906075232415,15.0,504.36948089318736,339.08782563836274
2018,Shanghai SouthCh - Nagoya,SEA,PILOT_TO_PILOT,5,2018,32,6,7,ToiMisaki,Tosa,31.390971146971953,131.70942142935633,48.89906075232415,15.0,504.6197631934422,338.8375433381079
2019,Shanghai SouthCh - Nagoya,SEA,PILOT_TO_PILOT,5,2019,33,6,7,ToiMisaki,Tosa,31.393708094489128,131.71310480395599,48.89906075232415,15.0,504.87004549369715,338.58726103785295
2020,Shanghai SouthCh - Nagoya,SEA,PILOT_TO_PILOT,5,2020,34,6,7,ToiMisaki,Tosa,31.396444936708196,131.71678839330562,48.89906075232415,15.0,505.120327793952,338.3369787375981
2021,Shanghai SouthCh - Nagoya,SEA,PILOT_TO_PILOT,5,2021,35,6,7,ToiMisaki,Tosa,31.39918167361171,131.7204721974326,48.89906075232415,15.0,505.3706100942069,338.0866964373432
2022,Shanghai SouthCh - Nagoya,SEA,PILOT_TO_PILOT,5,2022,36,6,7,ToiMisaki,Tosa,31.401918305182207,131.72415621636424,48.89906075232415,15.0,505.62089239446175,337.83641413708835
2023,Shanghai SouthCh - Nagoya,SEA,PILOT_TO_PILOT,5,2023,37,6,7,ToiMisaki,Tosa,31.40465483140224,131.72784045012781,48.89906075232415,15.0,505.8711746947167,337.58613183683343
2024,Shanghai SouthCh - Nagoya,SEA,PILOT_TO_PILOT,5,2024,38,6,7,ToiMisaki,Tosa,31.407391252254353,131.7315248987507,48.89906075232415,15.0,506.12145699497154,337.33584953657856
2025,Shanghai SouthCh - Nagoya,SEA,PILOT_TO_PILOT,5,2025,39,6,7,ToiMisaki,Tosa,31.410127567721066,131.73520956226025,48.89906075232415,15.0,506.3717392952264,337.0855672363237
2026,Shanghai SouthCh - Nagoya,SEA,PILOT_TO_PILOT,5,2026,40,6,7,ToiMisaki,Tosa,31.41286377778493,131.73889444068377,48.89906075232415,15.0,506.6220215954813,336.8352849360688
2027,Shanghai SouthCh - Nagoya,SEA,PILOT_TO_PILOT,5,2027,41,6,7,ToiMisaki,Tosa,31.41559988242848,131.7425795340486,48.89906075232415,15.0,506.8723038957362,336.5850026358139
2028,Shanghai SouthCh - Nagoya,SEA,PILOT_TO_PILOT,5,2028,42,6,7,ToiMisaki,Tosa,31.41833588163425,131.74626484238203,48.89906075232415,15.0,507.12258619599106,336.33472033555904
2029,Shanghai SouthCh - Nagoya,SEA,PILOT_TO_PILOT,5,2029,43,6,7,ToiMisaki,Tosa,31.421071775384757,131.74995036571144,48.89906075232415,15.0,507.372868496246,336.0844380353041
2030,Shanghai SouthCh - Nagoya,SEA,PILOT_TO_PILOT,5,2030,44,6,7,ToiMisaki,Tosa,31.42380756366254,131.75363610406416,48.89906075232415,15.0,507.62315079650085,335.83415573504925
2031,Shanghai SouthCh - Nagoya,SEA,PILOT_TO_PILOT,5,2031,45,6,7,ToiMisaki,Tosa,31.426543246450112,131.7573220574675,48.89906075232415,15.0,507.8734330967557,335.5838734347944
2032,Shanghai SouthCh - Nagoya,SEA,PILOT_TO_PILOT,5,2032,46,6,7,ToiMisaki,Tosa,31.429278823730012,131.76100822594884,48.89906075232415,15.0,508.1237153970106,335.3335911345395
2033,Shanghai SouthCh - Nagoya,SEA,PILOT_TO_PILOT,5,2033,47,6,7,ToiMisaki,Tosa,31.43201429548475,131.76469460953547,48.89906075232415,15.0,508.3739976972655,335.0833088342846
2034,Shanghai SouthCh - Nagoya,SEA,PILOT_TO_PILOT,5,2034,48,6,7,ToiMisaki,Tosa,31.434749661696834,131.76838120825474,48.89906075232415,15.0,508.6242799975204,334.8330265340297
2035,Shanghai SouthCh - Nagoya,SEA,PILOT_TO_PILOT,5,2035,49,6,7,ToiMisaki,Tosa,31.437484922348794,131.772068022134,48.89906075232415,15.0,508.87456229777524,334.58274423377486
2036,Shanghai SouthCh - Nagoya,SEA,PILOT_TO_PILOT,5,2036,50,6,7,ToiMisaki,Tosa,31.44022007742315,131.77575505120055,48.89906075232415,15.0,509.12484459803017,334.33246193351994
2037,Shanghai SouthCh - Nagoya,SEA,PILOT_TO_PILOT,5,2037,51,6,7,ToiMisaki,Tosa,31.44295512690239,131.77944229548174,48.89906075232415,15.0,509.37512689828503,334.08217963326507
2038,Shanghai SouthCh - Nagoya,SEA,PILOT_TO_PILOT,5,2038,52,6,7,ToiMisaki,Tosa,31.44569007076905,131.78312975500495,48.89906075232415,15.0,509.6254091985399,333.8318973330102
2039,Shanghai SouthCh - Nagoya,SEA,PILOT_TO_PILOT,5,2039,53,6,7,ToiMisaki,Tosa,31.448424909005606,131.78681742979748,48.89906075232415,15.0,509.87569149879477,333.58161503275534
2040,Shanghai SouthCh - Nagoya,SEA,PILOT_TO_PILOT,5,2040,54,6,7,ToiMisaki,Tosa,31.451159641594586,131.7905053198867,48.89906075232415,15.0,510.1259737990497,333.3313327325004
2041,Shanghai SouthCh - Nagoya,SEA,PILOT_TO_PILOT,5,2041,55,6,7,ToiMisaki,Tosa,31.453894268518475,131.79419342529994,48.89906075232415,15.0,510.37625609930456,333.08105043224555
2042,Shanghai SouthCh - Nagoya,SEA,PILOT_TO_PILOT,5,2042,56,6,7,ToiMisaki,Tosa,31.45662878975979,131.79788174606452,48.89906075232415,15.0,510.6265383995594,332.8307681319907
2043,Shanghai SouthCh - Nagoya,SEA,PILOT_TO_PILOT,5,2043,57,6,7,ToiMisaki,Tosa,31.459363205301024,131.8015702822078,48.89906075232415,15.0,510.87682069981435,332.58048583173576
2044,Shanghai SouthCh - Nagoya,SEA,PILOT_TO_PILOT,5,2044,58,6,7,ToiMisaki,Tosa,31.462097515124647,131.8052590337571,48.89906075232415,15.0,511.1271030000692,332.3302035314809
2045,Shanghai SouthCh - Nagoya,SEA,PILOT_TO_PILOT,5,2045,59,6,7,ToiMisaki,Tosa,31.464831719213183,131.80894800073978,48.89906075232415,15.0,511.3773853003241,332.079921231226
2046,Shanghai SouthCh - Nagoya,SEA,PILOT_TO_PILOT,5,2046,60,6,7,ToiMisaki,Tosa,31.467565817549097,131.81263718318317,48.89906075232415,15.0,511.627667600579,331.8296389309711
2047,Shanghai SouthCh - Nagoya,SEA,PILOT_TO_PILOT,5,2047,61,6,7,ToiMisaki,Tosa,31.4702998101149,131.81632658111465,48.89906075232415,15.0,511.87794990083387,331.57935663071623
2048,Shanghai SouthCh - Nagoya,SEA,PILOT_TO_PILOT,5,2048,62,6,7,ToiMisaki,Tosa,31.473033696893058,131.82001619456153,48.89906075232415,15.0,512.1282322010887,331.32907433046137
2049,Shanghai SouthCh - Nagoya,SEA,PILOT_TO_PILOT,5,2049,63,6,7,ToiMisaki,Tosa,31.475767477866064,131.82370602355115,48.89906075232415,15.0,512.3785145013436,331.0787920302065
2050,Shanghai SouthCh - Nagoya,SEA,PILOT_TO_PILOT,5,2050,64,6,7,ToiMisaki,Tosa,31.478501153016392,131.82739606811091,48.89906075232415,15.0,512.6287968015985,330.82850972995163
2051,Shanghai SouthCh - Nagoya,SEA,PILOT_TO_PILOT,5,2051,65,6,7,ToiMisaki,Tosa,31.481234722326533,131.83108632826813,48.89906075232415,15.0,512.8790791018534,330.57822742969665
2052,Shanghai SouthCh - Nagoya,SEA,PILOT_TO_PILOT,5,2052,66,6,7,ToiMisaki,Tosa,31.483968185778952,131.8347768040501,48.89906075232415,15.0,513.1293614021083,330.3279451294418
2053,Shanghai SouthCh - Nagoya,SEA,PILOT_TO_PILOT,5,2053,67,6,7,ToiMisaki,Tosa,31.48670154335612,131.83846749548422,48.89906075232415,15.0,513.3796437023632,330.0776628291869
2054,Shanghai SouthCh - Nagoya,SEA,PILOT_TO_PILOT,5,2054,68,6,7,ToiMisaki,Tosa,31.489434795040513,131.84215840259787,48.89906075232415,15.0,513.629926002618,329.82738052893205
2055,Shanghai SouthCh - Nagoya,SEA,PILOT_TO_PILOT,5,2055,69,6,7,ToiMisaki,Tosa,31.492167940814607,131.84584952541834,48.89906075232415,15.0,513.8802083028729,329.5770982286772
2056,Shanghai SouthCh - Nagoya,SEA,PILOT_TO_PILOT,5,2056,70,6,7,ToiMisaki,Tosa,31.494900980660855,131.849540863973,48.89906075232415,15.0,514.1304906031278,329.3268159284223
2057,Shanghai SouthCh - Nagoya,SEA,PILOT_TO_PILOT,5,2057,71,6,7,ToiMisaki,Tosa,31.497633914561728,131.8532324182892,48.89906075232415,15.0,514.3807729033826,329.07653362816745
2058,Shanghai SouthCh - Nagoya,SEA,PILOT_TO_PILOT,5,2058,72,6,7,ToiMisaki,Tosa,31.500366742499693,131.8569241883943,48.89906075232415,15.0,514.6310552036375,328.8262513279126
2059,Shanghai SouthCh - Nagoya,SEA,PILOT_TO_PILOT,5,2059,73,6,7,ToiMisaki,Tosa,31.503099464457204,131.86061617431562,48.89906075232415,15.0,514.8813375038925,328.5759690276576
2060,Shanghai SouthCh - Nagoya,SEA,PILOT_TO_PILOT,5,2060,74,6,7,ToiMisaki,Tosa,31.50583208041672,131.86430837608054,48.89906075232415,15.0,515.1316198041474,328.32568672740274
2061,Shanghai SouthCh - Nagoya,SEA,PILOT_TO_PILOT,5,2061,75,6,7,ToiMisaki,Tosa,31.50856459036068,131.86800079371645,48.89906075232415,15.0,515.3819021044022,328.0754044271479
2062,Shanghai SouthCh - Nagoya,SEA,PILOT_TO_PILOT,5,2062,76,6,7,ToiMisaki,Tosa,31.511296994271575,131.87169342725062,48.89906075232415,15.0,515.6321844046571,327.825122126893
2063,Shanghai SouthCh - Nagoya,SEA,PILOT_TO_PILOT,5,2063,77,6,7,ToiMisaki,Tosa,31.514029292131813,131.87538627671046,48.89906075232415,15.0,515.882466704912,327.57483982663814
2064,Shanghai SouthCh - Nagoya,SEA,PILOT_TO_PILOT,5,2064,78,6,7,ToiMisaki,Tosa,31.516761483923872,131.8790793421233,48.89906075232415,15.0,516.1327490051668,327.3245575263833
2065,Shanghai SouthCh - Nagoya,SEA,PILOT_TO_PILOT,5,2065,79,6,7,ToiMisaki,Tosa,31.51949356963018,131.8827726235165,48.89906075232415,15.0,516.3830313054218,327.0742752261283
2066,Shanghai SouthCh - Nagoya,SEA,PILOT_TO_PILOT,5,2066,80,6,7,ToiMisaki,Tosa,31.52222554923318,131.88646612091745,48.89906075232415,15.0,516.6333136056767,326.8239929258734
2067,Shanghai SouthCh - Nagoya,SEA,PILOT_TO_PILOT,5,2067,81,6,7,ToiMisaki,Tosa,31.524957422715328,131.89015983435345,48.89906075232415,15.0,516.8835959059315,326.57371062561856
2068,Shanghai SouthCh - Nagoya,SEA,PILOT_TO_PILOT,5,2068,82,6,7,ToiMisaki,Tosa,31.527689190059053,131.89385376385187,48.89906075232415,15.0,517.1338782061864,326.3234283253637
2069,Shanghai SouthCh - Nagoya,SEA,PILOT_TO_PILOT,5,2069,83,6,7,ToiMisaki,Tosa,31.530420851246788,131.8975479094401,48.89906075232415,15.0,517.3841605064413,326.0731460251088
2070,Shanghai SouthCh - Nagoya,SEA,PILOT_TO_PILOT,5,2070,84,6,7,ToiMisaki,Tosa,31.53315240626098,131.9012422711455,48.89906075232415,15.0,517.6344428066961,325.82286372485396
2071,Shanghai SouthCh - Nagoya,SEA,PILOT_TO_PILOT,5,2071,85,6,7,ToiMisaki,Tosa,31.535883855084037,131.90493684899536,48.89906075232415,15.0,517.884725106951,325.5725814245991
2072,Shanghai SouthCh - Nagoya,SEA,PILOT_TO_PILOT,5,2072,86,6,7,ToiMisaki,Tosa,31.538615197698412,131.9086316430171,48.89906075232415,15.0,518.135007407206,325.3222991243441
2073,Shanghai SouthCh - Nagoya,SEA,PILOT_TO_PILOT,5,2073,87,6,7,ToiMisaki,Tosa,31.54134643408652,131.91232665323807,48.89906075232415,15.0,518.3852897074609,325.07201682408925
2074,Shanghai SouthCh - Nagoya,SEA,PILOT_TO_PILOT,5,2074,88,6,7,ToiMisaki,Tosa,31.544077564230786,131.91602187968562,48.89906075232415,15.0,518.6355720077157,324.8217345238344
2075,Shanghai SouthCh - Nagoya,SEA,PILOT_TO_PILOT,5,2075,89,6,7,ToiMisaki,Tosa,31.546808588113638,131.91971732238713,48.89906075232415,15.0,518.8858543079706,324.5714522235795
2076,Shanghai SouthCh - Nagoya,SEA,PILOT_TO_PILOT,5,2076,90,6,7,ToiMisaki,Tosa,31.549539505717487,131.92341298136995,48.89906075232415,15.0,519.1361366082255,324.32116992332465
2077,Shanghai SouthCh - Nagoya,SEA,PILOT_TO_PILOT,5,2077,91,6,7,ToiMisaki,Tosa,31.55227031702476,131.92710885666142,48.89906075232415,15.0,519.3864189084803,324.0708876230698
2078,Shanghai SouthCh - Nagoya,SEA,PILOT_TO_PILOT,5,2078,92,6,7,ToiMisaki,Tosa,31.555001022017866,131.9308049482889,48.89906075232415,15.0,519.6367012087352,323.8206053228149
2079,Shanghai SouthCh - Nagoya,SEA,PILOT_TO_PILOT,5,2079,93,6,7,ToiMisaki,Tosa,31.55773162067922,131.93450125627982,48.89906075232415,15.0,519.8869835089902,323.57032302255993
2080,Shanghai SouthCh - Nagoya,SEA,PILOT_TO_PILOT,5,2080,94,6,7,ToiMisaki,Tosa,31.56046211299123,131.93819778066148,48.89906075232415,15.0,520.137265809245,323.32004072230507
2081,Shanghai SouthCh - Nagoya,SEA,PILOT_TO_PILOT,5,2081,95,6,7,ToiMisaki,Tosa,31.563192498936314,131.94189452146128,48.89906075232415,15.0,520.3875481094999,323.0697584220502
2082,Shanghai SouthCh - Nagoya,SEA,PILOT_TO_PILOT,5,2082,96,6,7,ToiMisaki,Tosa,31.56592277849686,131.94559147870655,48.89906075232415,15.0,520.6378304097548,322.81947612179533
2083,Shanghai SouthCh - Nagoya,SEA,PILOT_TO_PILOT,5,2083,97,6,7,ToiMisaki,Tosa,31.56865295165528,131.94928865242466,48.89906075232415,15.0,520.8881127100096,322.56919382154047
2084,Shanghai SouthCh - Nagoya,SEA,PILOT_TO_PILOT,5,2084,98,6,7,ToiMisaki,Tosa,31.571383018393988,131.952986042643,48.89906075232415,15.0,521.1383950102645,322.3189115212856
2085,Shanghai SouthCh - Nagoya,SEA,PILOT_TO_PILOT,5,2085,99,6,7,ToiMisaki,Tosa,31.574112978695364,131.95668364938894,48.89906075232415,15.0,521.3886773105194,322.06862922103073
2086,Shanghai SouthCh - Nagoya,SEA,PILOT_TO_PILOT,5,2086,100,6,7,ToiMisaki,Tosa,31.57684283254182,131.96038147268982,48.89906075232415,15.0,521.6389596107744,321.81834692077575
2087,Shanghai SouthCh - Nagoya,SEA,PILOT_TO_PILOT,5,2087,101,6,7,ToiMisaki,Tosa,31.579572579915734,131.96407951257302,48.89906075232415,15.0,521.8892419110292,321.5680646205209
2088,Shanghai SouthCh - Nagoya,SEA,PILOT_TO_PILOT,5,2088,102,6,7,ToiMisaki,Tosa,31.582302220799512,131.96777776906592,48.89906075232415,15.0,522.1395242112841,321.317782320266
2089,Shanghai SouthCh - Nagoya,SEA,PILOT_TO_PILOT,5,2089,103,6,7,ToiMisaki,Tosa,31.58503175517553,131.9714762421959,48.89906075232415,15.0,522.389806511539,321.06750002001115
2090,Shanghai SouthCh - Nagoya,SEA,PILOT_TO_PILOT,5,2090,104,6,7,ToiMisaki,Tosa,31.587761183026178,131.97517493199027,48.89906075232415,15.0,522.6400888117938,320.8172177197563
2091,Shanghai SouthCh - Nagoya,SEA,PILOT_TO_PILOT,5,2091,105,6,7,ToiMisaki,Tosa,31.59049050433385,131.97887383847646,48.89906075232415,15.0,522.8903711120487,320.5669354195014
2092,Shanghai SouthCh - Nagoya,SEA,PILOT_TO_PILOT,5,2092,106,6,7,ToiMisaki,Tosa,31.593219719080935,131.9825729616818,48.89906075232415,15.0,523.1406534123035,320.31665311924655
2093,Shanghai SouthCh - Nagoya,SEA,PILOT_TO_PILOT,5,2093,107,6,7,ToiMisaki,Tosa,31.59594882724979,131.9862723016337,48.89906075232415,15.0,523.3909357125585,320.0663708189916
2094,Shanghai SouthCh - Nagoya,SEA,PILOT_TO_PILOT,5,2094,108,6,7,ToiMisaki,Tosa,31.598677828822808,131.9899718583595,48.89906075232415,15.0,523.6412180128134,319.8160885187367
2095,Shanghai SouthCh - Nagoya,SEA,PILOT_TO_PILOT,5,2095,109,6,7,ToiMisaki,Tosa,31.601406723782347,131.99367163188657,48.89906075232415,15.0,523.8915003130683,319.56580621848184
2096,Shanghai SouthCh - Nagoya,SEA,PILOT_TO_PILOT,5,2096,110,6,7,ToiMisaki,Tosa,31.604135512110805,131.99737162224233,48.89906075232415,15.0,524.1417826133231,319.315523918227
2097,Shanghai SouthCh - Nagoya,SEA,PILOT_TO_PILOT,5,2097,111,6,7,ToiMisaki,Tosa,31.606864193790553,132.0010718294541,48.89906075232415,15.0,524.392064913578,319.0652416179721
2098,Shanghai SouthCh - Nagoya,SEA,PILOT_TO_PILOT,5,2098,112,6,7,ToiMisaki,Tosa,31.609592768803935,132.00477225354928,48.89906075232415,15.0,524.6423472138329,318.81495931771724
2099,Shanghai SouthCh - Nagoya,SEA,PILOT_TO_PILOT,5,2099,113,6,7,ToiMisaki,Tosa,31.61232123713332,132.0084728945552,48.89906075232415,15.0,524.8926295140877,318.5646770174624
2100,Shanghai SouthCh - Nagoya,SEA,PILOT_TO_PILOT,5,2100,114,6,7,ToiMisaki,Tosa,31.615049598761093,132.01217375249934,48.89906075232415,15.0,525.1429118143427,318.3143947172074
2101,Shanghai SouthCh - Nagoya,SEA,PILOT_TO_PILOT,5,2101,115,6,7,ToiMisaki,Tosa,31.617777853669605,132.015874827409,48.89906075232415,15.0,525.3931941145976,318.0641124169525
2102,Shanghai SouthCh - Nagoya,SEA,PILOT_TO_PILOT,5,2102,116,6,7,ToiMisaki,Tosa,31.620506001841214,132.01957611931155,48.89906075232415,15.0,525.6434764148524,317.81383011669766
2103,Shanghai SouthCh - Nagoya,SEA,PILOT_TO_PILOT,5,2103,117,6,7,ToiMisaki,Tosa,31.623234043258268,132.02327762823438,48.89906075232415,15.0,525.8937587151073,317.5635478164428
2104,Shanghai SouthCh - Nagoya,SEA,PILOT_TO_PILOT,5,2104,118,6,7,ToiMisaki,Tosa,31.62596197790313,132.02697935420485,48.89906075232415,15.0,526.1440410153622,317.3132655161879
2105,Shanghai SouthCh - Nagoya,SEA,PILOT_TO_PILOT,5,2105,119,6,7,ToiMisaki,Tosa,31.62868980575816,132.0306812972504,48.89906075232415,15.0,526.394323315617,317.06298321593306
2106,Shanghai SouthCh - Nagoya,SEA,PILOT_TO_PILOT,5,2106,120,6,7,ToiMisaki,Tosa,31.631417526805688,132.03438345739832,48.89906075232415,15.0,526.644605615872,316.8127009156781
2107,Shanghai SouthCh - Nagoya,SEA,PILOT_TO_PILOT,5,2107,121,6,7,ToiMisaki,Tosa,31.63414514102808,132.03808583467608,48.89906075232415,15.0,526.8948879161269,316.5624186154232
2108,Shanghai SouthCh - Nagoya,SEA,PILOT_TO_PILOT,5,2108,122,6,7,ToiMisaki,Tosa,31.636872648407667,132.041788429111,48.89906075232415,15.0,527.1451702163818,316.31213631516835
2109,Shanghai SouthCh - Nagoya,SEA,PILOT_TO_PILOT,5,2109,123,6,7,ToiMisaki,Tosa,31.6396000489268,132.04549124073048,48.89906075232415,15.0,527.3954525166366,316.0618540149135
2110,Shanghai SouthCh - Nagoya,SEA,PILOT_TO_PILOT,5,2110,124,6,7,ToiMisaki,Tosa,31.642327342567818,132.0491942695619,48.89906075232415,15.0,527.6457348168915,315.8115717146586
2111,Shanghai SouthCh - Nagoya,SEA,PILOT_TO_PILOT,5,2111,125,6,7,ToiMisaki,Tosa,31.64505452931305,132.05289751563262,48.89906075232415,15.0,527.8960171171464,315.56128941440375
2112,Shanghai SouthCh - Nagoya,SEA,PILOT_TO_PILOT,5,2112,126,6,7,ToiMisaki,Tosa,31.647781609144854,132.05660097897004,48.89906075232415,15.0,528.1462994174012,315.3110071141489
2113,Shanghai SouthCh - Nagoya,SEA,PILOT_TO_PILOT,5,2113,127,6,7,ToiMisaki,Tosa,31.650508582045536,132.06030465960157,48.89906075232415,15.0,528.3965817176562,315.0607248138939
2114,Shanghai SouthCh - Nagoya,SEA,PILOT_TO_PILOT,5,2114,128,6,7,ToiMisaki,Tosa,31.65323544799743,132.06400855755456,48.89906075232415,15.0,528.6468640179111,314.81044251363903
2115,Shanghai SouthCh - Nagoya,SEA,PILOT_TO_PILOT,5,2115,129,6,7,ToiMisaki,Tosa,31.65596220698289,132.06771267285637,48.89906075232415,15.0,528.8971463181659,314.56016021338417
2116,Shanghai SouthCh - Nagoya,SEA,PILOT_TO_PILOT,5,2116,130,6,7,ToiMisaki,Tosa,31.658688858984213,132.0714170055344,48.89906075232415,15.0,529.1474286184208,314.3098779131293
2117,Shanghai SouthCh - Nagoya,SEA,PILOT_TO_PILOT,5,2117,131,6,7,ToiMisaki,Tosa,31.66141540398375,132.07512155561614,48.89906075232415,15.0,529.3977109186757,314.05959561287443
2118,Shanghai SouthCh - Nagoya,SEA,PILOT_TO_PILOT,5,2118,132,6,7,ToiMisaki,Tosa,31.664141841963797,132.0788263231288,48.89906075232415,15.0,529.6479932189305,313.80931331261957
2119,Shanghai SouthCh - Nagoya,SEA,PILOT_TO_PILOT,5,2119,133,6,7,ToiMisaki,Tosa,31.666868172906685,132.08253130809987,48.89906075232415,15.0,529.8982755191854,313.5590310123647
2120,Shanghai SouthCh - Nagoya,SEA,PILOT_TO_PILOT,5,2120,134,6,7,ToiMisaki,Tosa,31.669594396794725,132.08623651055674,48.89906075232415,15.0,530.1485578194404,313.3087487121097
2121,Shanghai SouthCh - Nagoya,SEA,PILOT_TO_PILOT,5,2121,135,6,7,ToiMisaki,Tosa,31.67232051361024,132.08994193052675,48.89906075232415,15.0,530.3988401196953,313.05846641185485
2122,Shanghai SouthCh - Nagoya,SEA,PILOT_TO_PILOT,5,2122,136,6,7,ToiMisaki,Tosa,31.675046523335535,132.09364756803728,48.89906075232415,15.0,530.6491224199501,312.8081841116
2123,Shanghai SouthCh - Nagoya,SEA,PILOT_TO_PILOT,5,2123,137,6,7,ToiMisaki,Tosa,31.67777242595292,132.0973534231158,48.89906075232415,15.0,530.899404720205,312.5579018113451
2124,Shanghai SouthCh - Nagoya,SEA,PILOT_TO_PILOT,5,2124,138,6,7,ToiMisaki,Tosa,31.680498221444704,132.1010594957896,48.89906075232415,15.0,531.1496870204599,312.30761951109025
2125,Shanghai SouthCh - Nagoya,SEA,PILOT_TO_PILOT,5,2125,139,6,7,ToiMisaki,Tosa,31.6832239097932,132.10476578608615,48.89906075232415,15.0,531.3999693207147,312.0573372108354
2126,Shanghai SouthCh - Nagoya,SEA,PILOT_TO_PILOT,5,2126,140,6,7,ToiMisaki,Tosa,31.685949490980693,132.10847229403277,48.89906075232415,15.0,531.6502516209696,311.8070549105805
2127,Shanghai SouthCh - Nagoya,SEA,PILOT_TO_PILOT,5,2127,141,6,7,ToiMisaki,Tosa,31.688674964989495,132.1121790196569,48.89906075232415,15.0,531.9005339212246,311.55677261032554
2128,Shanghai SouthCh - Nagoya,SEA,PILOT_TO_PILOT,5,2128,142,6,7,ToiMisaki,Tosa,31.691400331801912,132.1158859629859,48.89906075232415,15.0,532.1508162214794,311.30649031007067
2129,Shanghai SouthCh - Nagoya,SEA,PILOT_TO_PILOT,5,2129,143,6,7,ToiMisaki,Tosa,31.69412559140022,132.1195931240472,48.89906075232415,15.0,532.4010985217343,311.0562080098158
2130,Shanghai SouthCh - Nagoya,SEA,PILOT_TO_PILOT,5,2130,144,6,7,ToiMisaki,Tosa,31.69685074376672,132.12330050286818,48.89906075232415,15.0,532.6513808219892,310.80592570956094
2131,Shanghai SouthCh - Nagoya,SEA,PILOT_TO_PILOT,5,2131,145,6,7,ToiMisaki,Tosa,31.699575788883706,132.1270080994762,48.89906075232415,15.0,532.901663122244,310.5556434093061
2132,Shanghai SouthCh - Nagoya,SEA,PILOT_TO_PILOT,5,2132,146,6,7,ToiMisaki,Tosa,31.70230072673347,132.13071591389868,48.89906075232415,15.0,533.1519454224989,310.3053611090512
2133,Shanghai SouthCh - Nagoya,SEA,PILOT_TO_PILOT,5,2133,147,6,7,ToiMisaki,Tosa,31.70502555729828,132.134423946163,48.89906075232415,15.0,533.4022277227538,310.05507880879634
2134,Shanghai SouthCh - Nagoya,SEA,PILOT_TO_PILOT,5,2134,148,6,7,ToiMisaki,Tosa,31.707750280560447,132.13813219629654,48.89906075232415,15.0,533.6525100230087,309.80479650854136
2135,Shanghai SouthCh - Nagoya,SEA,PILOT_TO_PILOT,5,2135,149,6,7,ToiMisaki,Tosa,31.71047489650222,132.14184066432674,48.89906075232415,15.0,533.9027923232636,309.5545142082865
2136,Shanghai SouthCh - Nagoya,SEA,PILOT_TO_PILOT,5,2136,150,6,7,ToiMisaki,Tosa,31.71319940510591,132.14554935028096,48.89906075232415,15.0,534.1530746235185,309.3042319080316
2137,Shanghai SouthCh - Nagoya,SEA,PILOT_TO_PILOT,5,2137,151,6,7,ToiMisaki,Tosa,31.715923806353775,132.14925825418658,48.89906075232415,15.0,534.4033569237733,309.05394960777676
2138,Shanghai SouthCh - Nagoya,SEA,PILOT_TO_PILOT,5,2138,152,6,7,ToiMisaki,Tosa,31.71864810022809,132.15296737607105,48.89906075232415,15.0,534.6536392240282,308.8036673075219
2139,Shanghai SouthCh - Nagoya,SEA,PILOT_TO_PILOT,5,2139,153,6,7,ToiMisaki,Tosa,31.72137228671113,132.15667671596174,48.89906075232415,15.0,534.9039215242831,308.553385007267
2140,Shanghai SouthCh - Nagoya,SEA,PILOT_TO_PILOT,5,2140,154,6,7,ToiMisaki,Tosa,31.72409636578517,132.16038627388605,48.89906075232415,15.0,535.154203824538,308.30310270701216
2141,Shanghai SouthCh - Nagoya,SEA,PILOT_TO_PILOT,5,2141,155,6,7,ToiMisaki,Tosa,31.726820337432475,132.16409604987135,48.89906075232415,15.0,535.4044861247929,308.0528204067572
2142,Shanghai SouthCh - Nagoya,SEA,PILOT_TO_PILOT,5,2142,156,6,7,ToiMisaki,Tosa,31.729544201635306,132.16780604394503,48.89906075232415,15.0,535.6547684250478,307.8025381065023
2143,Shanghai SouthCh - Nagoya,SEA,PILOT_TO_PILOT,5,2143,157,6,7,ToiMisaki,Tosa,31.732267958375918,132.17151625613457,48.89906075232415,15.0,535.9050507253027,307.55225580624744
2144,Shanghai SouthCh - Nagoya,SEA,PILOT_TO_PILOT,5,2144,158,6,7,ToiMisaki,Tosa,31.734991607636587,132.17522668646728,48.89906075232415,15.0,536.1553330255575,307.3019735059926
2145,Shanghai SouthCh - Nagoya,SEA,PILOT_TO_PILOT,5,2145,159,6,7,ToiMisaki,Tosa,31.73771514939956,132.1789373349706,48.89906075232415,15.0,536.4056153258124,307.0516912057377
2146,Shanghai SouthCh - Nagoya,SEA,PILOT_TO_PILOT,5,2146,160,6,7,ToiMisaki,Tosa,31.7404385836471,132.18264820167195,48.89906075232415,15.0,536.6558976260673,306.80140890548284
2147,Shanghai SouthCh - Nagoya,SEA,PILOT_TO_PILOT,5,2147,161,6,7,ToiMisaki,Tosa,31.74316191036147,132.1863592865987,48.89906075232415,15.0,536.9061799263222,306.55112660522786
2148,Shanghai SouthCh - Nagoya,SEA,PILOT_TO_PILOT,5,2148,162,6,7,ToiMisaki,Tosa,31.745885129524883,132.19007058977823,48.89906075232415,15.0,537.1564622265771,306.300844304973
2149,Shanghai SouthCh - Nagoya,SEA,PILOT_TO_PILOT,5,2149,163,6,7,ToiMisaki,Tosa,31.74860824111962,132.193782111238,48.89906075232415,15.0,537.406744526832,306.05056200471813
2150,Shanghai SouthCh - Nagoya,SEA,PILOT_TO_PILOT,5,2150,164,6,7,ToiMisaki,Tosa,31.75133124512792,132.19749385100536,48.89906075232415,15.0,537.6570268270868,305.80027970446326
2151,Shanghai SouthCh - Nagoya,SEA,PILOT_TO_PILOT,5,2151,165,6,7,ToiMisaki,Tosa,31.754054141532027,132.20120580910776,48.89906075232415,15.0,537.9073091273417,305.5499974042084
2152,Shanghai SouthCh - Nagoya,SEA,PILOT_TO_PILOT,5,2152,166,6,7,ToiMisaki,Tosa,31.756776930314174,132.20491798557256,48.89906075232415,15.0,538.1575914275966,305.29971510395353
2153,Shanghai SouthCh - Nagoya,SEA,PILOT_TO_PILOT,5,2153,167,6,7,ToiMisaki,Tosa,31.75949961145662,132.2086303804272,48.89906075232415,15.0,538.4078737278514,305.04943280369866
2154,Shanghai SouthCh - Nagoya,SEA,PILOT_TO_PILOT,5,2154,168,6,7,ToiMisaki,Tosa,31.762222184941567,132.21234299369902,48.89906075232415,15.0,538.6581560281063,304.7991505034438
2155,Shanghai SouthCh - Nagoya,SEA,PILOT_TO_PILOT,5,2155,169,6,7,ToiMisaki,Tosa,31.764944650751293,132.21605582541554,48.89906075232415,15.0,538.9084383283613,304.5488682031888
2156,Shanghai SouthCh - Nagoya,SEA,PILOT_TO_PILOT,5,2156,170,6,7,ToiMisaki,Tosa,31.767667008867985,132.21976887560405,48.89906075232415,15.0,539.1587206286162,304.29858590293395
2157,Shanghai SouthCh - Nagoya,SEA,PILOT_TO_PILOT,5,2157,171,6,7,ToiMisaki,Tosa,31.77038925927391,132.223482144292,48.89906075232415,15.0,539.409002928871,304.0483036026791
2158,Shanghai SouthCh - Nagoya,SEA,PILOT_TO_PILOT,5,2158,172,6,7,ToiMisaki,Tosa,31.77311140195127,132.22719563150682,48.89906075232415,15.0,539.6592852291259,303.7980213024242
2159,Shanghai SouthCh - Nagoya,SEA,PILOT_TO_PILOT,5,2159,173,6,7,ToiMisaki,Tosa,31.77583343688231,132.23090933727588,48.89906075232415,15.0,539.9095675293808,303.54773900216935
2160,Shanghai SouthCh - Nagoya,SEA,PILOT_TO_PILOT,5,2160,174,6,7,ToiMisaki,Tosa,31.778555364049236,132.2346232616266,48.89906075232415,15.0,540.1598498296356,303.2974567019145
2161,Shanghai SouthCh - Nagoya,SEA,PILOT_TO_PILOT,5,2161,175,6,7,ToiMisaki,Tosa,31.781277183434266,132.2383374045864,48.89906075232415,15.0,540.4101321298906,303.0471744016595
2162,Shanghai SouthCh - Nagoya,SEA,PILOT_TO_PILOT,5,2162,176,6,7,ToiMisaki,Tosa,31.783998895019636,132.24205176618267,48.89906075232415,15.0,540.6604144301455,302.79689210140464
2163,Shanghai SouthCh - Nagoya,SEA,PILOT_TO_PILOT,5,2163,177,6,7,ToiMisaki,Tosa,31.786720498787545,132.2457663464428,48.89906075232415,15.0,540.9106967304003,302.54660980114977
2164,Shanghai SouthCh - Nagoya,SEA,PILOT_TO_PILOT,5,2164,178,6,7,ToiMisaki,Tosa,31.789441994720217,132.24948114539427,48.89906075232415,15.0,541.1609790306552,302.2963275008949
2165,Shanghai SouthCh - Nagoya,SEA,PILOT_TO_PILOT,5,2165,179,6,7,ToiMisaki,Tosa,31.792163382799856,132.25319616306442,48.89906075232415,15.0,541.4112613309101,302.04604520064004
2166,Shanghai SouthCh - Nagoya,SEA,PILOT_TO_PILOT,5,2166,180,6,7,ToiMisaki,Tosa,31.794884663008677,132.2569113994807,48.89906075232415,15.0,541.6615436311649,301.79576290038517
2167,Shanghai SouthCh - Nagoya,SEA,PILOT_TO_PILOT,5,2167,181,6,7,ToiMisaki,Tosa,31.797605835328866,132.2606268546705,48.89906075232415,15.0,541.9118259314198,301.5454806001303
2168,Shanghai SouthCh - Nagoya,SEA,PILOT_TO_PILOT,5,2168,182,6,7,ToiMisaki,Tosa,31.800326899742654,132.26434252866125,48.89906075232415,15.0,542.1621082316748,301.2951982998753
2169,Shanghai SouthCh - Nagoya,SEA,PILOT_TO_PILOT,5,2169,183,6,7,ToiMisaki,Tosa,31.803047856232222,132.26805842148033,48.89906075232415,15.0,542.4123905319296,301.04491599962046
2170,Shanghai SouthCh - Nagoya,SEA,PILOT_TO_PILOT,5,2170,184,6,7,ToiMisaki,Tosa,31.805768704779783,132.2717745331552,48.89906075232415,15.0,542.6626728321845,300.7946336993656
2171,Shanghai SouthCh - Nagoya,SEA,PILOT_TO_PILOT,5,2171,185,6,7,ToiMisaki,Tosa,31.808489445367517,132.27549086371323,48.89906075232415,15.0,542.9129551324394,300.5443513991107
2172,Shanghai SouthCh - Nagoya,SEA,PILOT_TO_PILOT,5,2172,186,6,7,ToiMisaki,Tosa,31.811210077977634,132.27920741318184,48.89906075232415,15.0,543.1632374326942,300.29406909885586
2173,Shanghai SouthCh - Nagoya,SEA,PILOT_TO_PILOT,5,2173,187,6,7,ToiMisaki,Tosa,31.813930602592322,132.28292418158847,48.89906075232415,15.0,543.4135197329491,300.043786798601
2174,Shanghai SouthCh - Nagoya,SEA,PILOT_TO_PILOT,5,2174,188,6,7,ToiMisaki,Tosa,31.816651019193756,132.28664116896053,48.89906075232415,15.0,543.663802033204,299.7935044983461
2175,Shanghai SouthCh - Nagoya,SEA,PILOT_TO_PILOT,5,2175,189,6,7,ToiMisaki,Tosa,31.81937132776414,132.29035837532538,48.89906075232415,15.0,543.914084333459,299.54322219809114
2176,Shanghai SouthCh - Nagoya,SEA,PILOT_TO_PILOT,5,2176,190,6,7,ToiMisaki,Tosa,31.822091528285657,132.2940758007105,48.89906075232415,15.0,544.1643666337138,299.2929398978363
2177,Shanghai SouthCh - Nagoya,SEA,PILOT_TO_PILOT,5,2177,191,6,7,ToiMisaki,Tosa,31.82481162074048,132.2977934451433,48.89906075232415,15.0,544.4146489339687,299.0426575975814
2178,Shanghai SouthCh - Nagoya,SEA,PILOT_TO_PILOT,5,2178,192,6,7,ToiMisaki,Tosa,31.827531605110806,132.30151130865113,48.89906075232415,15.0,544.6649312342236,298.79237529732654
2179,Shanghai SouthCh - Nagoya,SEA,PILOT_TO_PILOT,5,2179,193,6,7,ToiMisaki,Tosa,31.830251481378788,132.30522939126152,48.89906075232415,15.0,544.9152135344784,298.5420929970717
2180,Shanghai SouthCh - Nagoya,SEA,PILOT_TO_PILOT,5,2180,194,6,7,ToiMisaki,Tosa,31.832971249526615,132.30894769300178,48.89906075232415,15.0,545.1654958347333,298.2918106968168
2181,Shanghai SouthCh - Nagoya,SEA,PILOT_TO_PILOT,5,2181,195,6,7,ToiMisaki,Tosa,31.835690909536464,132.31266621389938,48.89906075232415,15.0,545.4157781349882,298.04152839656194
2182,Shanghai SouthCh - Nagoya,SEA,PILOT_TO_PILOT,5,2182,196,6,7,ToiMisaki,Tosa,31.838410461390488,132.31638495398172,48.89906075232415,15.0,545.6660604352431,297.79124609630696
2183,Shanghai SouthCh - Nagoya,SEA,PILOT_TO_PILOT,5,2183,197,6,7,ToiMisaki,Tosa,31.841129905070883,132.32010391327626,48.89906075232415,15.0,545.916342735498,297.5409637960521
2184,Shanghai SouthCh - Nagoya,SEA,PILOT_TO_PILOT,5,2184,198,6,7,ToiMisaki,Tosa,31.843849240559784,132.32382309181037,48.89906075232415,15.0,546.1666250357529,297.29068149579723
2185,Shanghai SouthCh - Nagoya,SEA,PILOT_TO_PILOT,5,2185,199,6,7,ToiMisaki,Tosa,31.846568467839386,132.32754248961146,48.89906075232415,15.0,546.4169073360077,297.04039919554236
2186,Shanghai SouthCh - Nagoya,SEA,PILOT_TO_PILOT,5,2186,200,6,7,ToiMisaki,Tosa,31.849287586891823,132.33126210670702,48.89906075232415,15.0,546.6671896362626,296.7901168952875
2187,Shanghai SouthCh - Nagoya,SEA,PILOT_TO_PILOT,5,2187,201,6,7,ToiMisaki,Tosa,31.85200659769926,132.33498194312443,48.89906075232415,15.0,546.9174719365175,296.53983459503263
2188,Shanghai SouthCh - Nagoya,SEA,PILOT_TO_PILOT,5,2188,202,6,7,ToiMisaki,Tosa,31.854725500243866,132.33870199889108,48.89906075232415,15.0,547.1677542367725,296.28955229477765
2189,Shanghai SouthCh - Nagoya,SEA,PILOT_TO_PILOT,5,2189,203,6,7,ToiMisaki,Tosa,31.857444294507772,132.34242227403442,48.89906075232415,15.0,547.4180365370273,296.0392699945228
2190,Shanghai SouthCh - Nagoya,SEA,PILOT_TO_PILOT,5,2190,204,6,7,ToiMisaki,Tosa,31.86016298047315,132.3461427685819,48.89906075232415,15.0,547.6683188372822,295.7889876942679
2191,Shanghai SouthCh - Nagoya,SEA,PILOT_TO_PILOT,5,2191,205,6,7,ToiMisaki,Tosa,31.86288155812214,132.3498634825609,48.89906075232415,15.0,547.918601137537,295.53870539401305
2192,Shanghai SouthCh - Nagoya,SEA,PILOT_TO_PILOT,5,2192,206,6,7,ToiMisaki,Tosa,31.86560002743689,132.35358441599885,48.89906075232415,15.0,548.1688834377919,295.2884230937582
2193,Shanghai SouthCh - Nagoya,SEA,PILOT_TO_PILOT,5,2193,207,6,7,ToiMisaki,Tosa,31.868318388399555,132.35730556892318,48.89906075232415,15.0,548.4191657380468,295.0381407935033
2194,Shanghai SouthCh - Nagoya,SEA,PILOT_TO_PILOT,5,2194,208,6,7,ToiMisaki,Tosa,31.87103664099225,132.36102694136133,48.89906075232415,15.0,548.6694480383017,294.78785849324845
2195,Shanghai SouthCh - Nagoya,SEA,PILOT_TO_PILOT,5,2195,209,6,7,ToiMisaki,Tosa,31.87375478519714,132.3647485333407,48.89906075232415,15.0,548.9197303385565,294.5375761929936
2196,Shanghai SouthCh - Nagoya,SEA,PILOT_TO_PILOT,5,2196,210,6,7,ToiMisaki,Tosa,31.87647282099636,132.36847034488875,48.89906075232415,15.0,549.1700126388115,294.2872938927386
2197,Shanghai SouthCh - Nagoya,SEA,PILOT_TO_PILOT,5,2197,211,6,7,ToiMisaki,Tosa,31.879190748372036,132.37219237603287,48.89906075232415,15.0,549.4202949390664,294.03701159248374
2198,Shanghai SouthCh - Nagoya,SEA,PILOT_TO_PILOT,5,2198,212,6,7,ToiMisaki,Tosa,31.881908567306297,132.3759146268005,48.89906075232415,15.0,549.6705772393212,293.78672929222887
2199,Shanghai SouthCh - Nagoya,SEA,PILOT_TO_PILOT,5,2199,213,6,7,ToiMisaki,Tosa,31.88462627778128,132.37963709721905,48.89906075232415,15.0,549.9208595395761,293.536446991974
2200,Shanghai SouthCh - Nagoya,SEA,PILOT_TO_PILOT,5,2200,214,6,7,ToiMisaki,Tosa,31.887343879779113,132.38335978731595,48.89906075232415,15.0,550.171141839831,293.28616469171914
2201,Shanghai SouthCh - Nagoya,SEA,PILOT_TO_PILOT,5,2201,215,6,7,ToiMisaki,Tosa,31.89006137328192,132.38708269711867,48.89906075232415,15.0,550.4214241400858,293.03588239146427
2202,Shanghai SouthCh - Nagoya,SEA,PILOT_TO_PILOT,5,2202,216,6,7,ToiMisaki,Tosa,31.892778758271824,132.3908058266546,48.89906075232415,15.0,550.6717064403408,292.7856000912093
2203,Shanghai SouthCh - Nagoya,SEA,PILOT_TO_PILOT,5,2203,217,6,7,ToiMisaki,Tosa,31.895496034730947,132.39452917595116,48.89906075232415,15.0,550.9219887405957,292.5353177909544
2204,Shanghai SouthCh - Nagoya,SEA,PILOT_TO_PILOT,5,2204,218,6,7,ToiMisaki,Tosa,31.89821320264141,132.39825274503582,48.89906075232415,15.0,551.1722710408505,292.28503549069956
2205,Shanghai SouthCh - Nagoya,SEA,PILOT_TO_PILOT,5,2205,219,6,7,ToiMisaki,Tosa,31.90093026198532,132.40197653393597,48.89906075232415,15.0,551.4225533411054,292.0347531904447
2206,Shanghai SouthCh - Nagoya,SEA,PILOT_TO_PILOT,5,2206,220,6,7,ToiMisaki,Tosa,31.903647212744797,132.40570054267903,48.89906075232415,15.0,551.6728356413603,291.7844708901898
2207,Shanghai SouthCh - Nagoya,SEA,PILOT_TO_PILOT,5,2207,221,6,7,ToiMisaki,Tosa,31.906364054901946,132.40942477129246,48.89906075232415,15.0,551.9231179416151,291.53418858993496
2208,Shanghai SouthCh - Nagoya,SEA,PILOT_TO_PILOT,5,2208,222,6,7,ToiMisaki,Tosa,31.90908078843889,132.4131492198037,48.89906075232415,15.0,552.17340024187,291.2839062896801
2209,Shanghai SouthCh - Nagoya,SEA,PILOT_TO_PILOT,5,2209,223,6,7,ToiMisaki,Tosa,31.911797413337712,132.41687388824013,48.89906075232415,15.0,552.423682542125,291.0336239894251
2210,Shanghai SouthCh - Nagoya,SEA,PILOT_TO_PILOT,5,2210,224,6,7,ToiMisaki,Tosa,31.914513929580547,132.42059877662925,48.89906075232415,15.0,552.6739648423799,290.78334168917024
2211,Shanghai SouthCh - Nagoya,SEA,PILOT_TO_PILOT,5,2211,225,6,7,ToiMisaki,Tosa,31.917230337149466,132.42432388499844,48.89906075232415,15.0,552.9242471426347,290.5330593889154
2212,Shanghai SouthCh - Nagoya,SEA,PILOT_TO_PILOT,5,2212,226,6,7,ToiMisaki,Tosa,31.919946636026584,132.42804921337515,48.89906075232415,15.0,553.1745294428896,290.2827770886605
2213,Shanghai SouthCh - Nagoya,SEA,PILOT_TO_PILOT,5,2213,227,6,7,ToiMisaki,Tosa,31.922662826194,132.4317747617868,48.89906075232415,15.0,553.4248117431445,290.03249478840564
2214,Shanghai SouthCh - Nagoya,SEA,PILOT_TO_PILOT,5,2214,228,6,7,ToiMisaki,Tosa,31.9253789076338,132.43550053026087,48.89906075232415,15.0,553.6750940433993,289.7822124881508
2215,Shanghai SouthCh - Nagoya,SEA,PILOT_TO_PILOT,5,2215,229,6,7,ToiMisaki,Tosa,31.92809488032808,132.43922651882474,48.89906075232415,15.0,553.9253763436542,289.5319301878959
2216,Shanghai SouthCh - Nagoya,SEA,PILOT_TO_PILOT,5,2216,230,6,7,ToiMisaki,Tosa,31.93081074425893,132.44295272750588,48.89906075232415,15.0,554.1756586439092,289.28164788764093
2217,Shanghai SouthCh - Nagoya,SEA,PILOT_TO_PILOT,5,2217,231,6,7,ToiMisaki,Tosa,31.933526499408433,132.4466791563317,48.89906075232415,15.0,554.425940944164,289.03136558738606
2218,Shanghai SouthCh - Nagoya,SEA,PILOT_TO_PILOT,5,2218,232,6,7,ToiMisaki,Tosa,31.936242145758687,132.45040580532964,48.89906075232415,15.0,554.6762232444189,288.7810832871312
2219,Shanghai SouthCh - Nagoya,SEA,PILOT_TO_PILOT,5,2219,233,6,7,ToiMisaki,Tosa,31.938957683291758,132.45413267452713,48.89906075232415,15.0,554.9265055446738,288.53080098687633
2220,Shanghai SouthCh - Nagoya,SEA,PILOT_TO_PILOT,5,2220,234,6,7,ToiMisaki,Tosa,31.94167311198974,132.4578597639516,48.89906075232415,15.0,555.1767878449286,288.28051868662146
2221,Shanghai SouthCh - Nagoya,SEA,PILOT_TO_PILOT,5,2221,235,6,7,ToiMisaki,Tosa,31.944388431834707,132.46158707363054,48.89906075232415,15.0,555.4270701451835,288.0302363863666
2222,Shanghai SouthCh - Nagoya,SEA,PILOT_TO_PILOT,5,2222,236,6,7,ToiMisaki,Tosa,31.94710364280872,132.46531460359134,48.89906075232415,15.0,555.6773524454384,287.77995408611173
2223,Shanghai SouthCh - Nagoya,SEA,PILOT_TO_PILOT,5,2223,237,6,7,ToiMisaki,Tosa,31.949818744893868,132.46904235386145,48.89906075232415,15.0,555.9276347456934,287.52967178585675
2224,Shanghai SouthCh - Nagoya,SEA,PILOT_TO_PILOT,5,2224,238,6,7,ToiMisaki,Tosa,31.95253373807223,132.47277032446829,48.89906075232415,15.0,556.1779170459482,287.2793894856019
2225,Shanghai SouthCh - Nagoya,SEA,PILOT_TO_PILOT,5,2225,239,6,7,ToiMisaki,Tosa,31.955248622325858,132.47649851543935,48.89906075232415,15.0,556.4281993462031,287.029107185347
2226,Shanghai SouthCh - Nagoya,SEA,PILOT_TO_PILOT,5,2226,240,6,7,ToiMisaki,Tosa,31.957963397636817,132.48022692680198,48.89906075232415,15.0,556.678481646458,286.77882488509215
2227,Shanghai SouthCh - Nagoya,SEA,PILOT_TO_PILOT,5,2227,241,6,7,ToiMisaki,Tosa,31.96067806398718,132.4839555585837,48.89906075232415,15.0,556.9287639467128,286.5285425848373
2228,Shanghai SouthCh - Nagoya,SEA,PILOT_TO_PILOT,5,2228,242,6,7,ToiMisaki,Tosa,31.96339262135901,132.48768441081194,48.89906075232415,15.0,557.1790462469677,286.2782602845824
2229,Shanghai SouthCh - Nagoya,SEA,PILOT_TO_PILOT,5,2229,243,6,7,ToiMisaki,Tosa,31.966107069734345,132.49141348351407,48.89906075232415,15.0,557.4293285472227,286.02797798432744
2230,Shanghai SouthCh - Nagoya,SEA,PILOT_TO_PILOT,5,2230,244,6,7,ToiMisaki,Tosa,31.968821409095266,132.49514277671759,48.89906075232415,15.0,557.6796108474775,285.77769568407257
2231,Shanghai SouthCh - Nagoya,SEA,PILOT_TO_PILOT,5,2231,245,6,7,ToiMisaki,Tosa,31.971535639423813,132.49887229044995,48.89906075232415,15.0,557.9298931477324,285.5274133838177
2232,Shanghai SouthCh - Nagoya,SEA,PILOT_TO_PILOT,5,2232,246,6,7,ToiMisaki,Tosa,31.974249760702044,132.5026020247386,48.89906075232415,15.0,558.1801754479873,285.27713108356284
2233,Shanghai SouthCh - Nagoya,SEA,PILOT_TO_PILOT,5,2233,247,6,7,ToiMisaki,Tosa,31.976963772912015,132.5063319796109,48.89906075232415,15.0,558.4304577482421,285.02684878330797
2234,Shanghai SouthCh - Nagoya,SEA,PILOT_TO_PILOT,5,2234,248,6,7,ToiMisaki,Tosa,31.979677676035756,132.51006215509437,48.89906075232415,15.0,558.680740048497,284.7765664830531
2235,Shanghai SouthCh - Nagoya,SEA,PILOT_TO_PILOT,5,2235,249,6,7,ToiMisaki,Tosa,31.982391470055326,132.51379255121645,48.89906075232415,15.0,558.9310223487519,284.52628418279824
2236,Shanghai SouthCh - Nagoya,SEA,PILOT_TO_PILOT,5,2236,250,6,7,ToiMisaki,Tosa,31.98510515495276,132.51752316800457,48.89906075232415,15.0,559.1813046490067,284.27600188254337
2237,Shanghai SouthCh - Nagoya,SEA,PILOT_TO_PILOT,5,2237,251,6,7,ToiMisaki,Tosa,31.987818730710096,132.52125400548613,48.89906075232415,15.0,559.4315869492617,284.0257195822884
2238,Shanghai SouthCh - Nagoya,SEA,PILOT_TO_PILOT,5,2238,252,6,7,ToiMisaki,Tosa,31.990532197309374,132.52498506368863,48.89906075232415,15.0,559.6818692495166,283.7754372820335
2239,Shanghai SouthCh - Nagoya,SEA,PILOT_TO_PILOT,5,2239,253,6,7,ToiMisaki,Tosa,31.993245554732635,132.5287163426395,48.89906075232415,15.0,559.9321515497714,283.52515498177866
2240,Shanghai SouthCh - Nagoya,SEA,PILOT_TO_PILOT,5,2240,254,6,7,ToiMisaki,Tosa,31.995958802961905,132.53244784236617,48.89906075232415,15.0,560.1824338500263,283.2748726815238
2241,Shanghai SouthCh - Nagoya,SEA,PILOT_TO_PILOT,5,2241,255,6,7,ToiMisaki,Tosa,31.99867194197921,132.5361795628961,48.89906075232415,15.0,560.4327161502812,283.0245903812689
2242,Shanghai SouthCh - Nagoya,SEA,PILOT_TO_PILOT,5,2242,256,6,7,ToiMisaki,Tosa,32.00138497176658,132.53991150425674,48.89906075232415,15.0,560.682998450536,282.77430808101406
2243,Shanghai SouthCh - Nagoya,SEA,PILOT_TO_PILOT,5,2243,257,6,7,ToiMisaki,Tosa,32.004097892306056,132.54364366647553,48.89906075232415,15.0,560.933280750791,282.5240257807591
2244,Shanghai SouthCh - Nagoya,SEA,PILOT_TO_PILOT,5,2244,258,6,7,ToiMisaki,Tosa,32.006810703579646,132.54737604957992,48.89906075232415,15.0,561.1835630510459,282.2737434805042
2245,Shanghai SouthCh - Nagoya,SEA,PILOT_TO_PILOT,5,2245,259,6,7,ToiMisaki,Tosa,32.00952340556937,132.55110865359734,48.89906075232415,15.0,561.4338453513008,282.02346118024934
2246,Shanghai SouthCh - Nagoya,SEA,PILOT_TO_PILOT,5,2246,260,6,7,ToiMisaki,Tosa,32.01223599825725,132.55484147855523,48.89906075232415,15.0,561.6841276515556,281.7731788799945
2247,Shanghai SouthCh - Nagoya,SEA,PILOT_TO_PILOT,5,2247,261,6,7,ToiMisaki,Tosa,32.014948481625304,132.55857452448112,48.89906075232415,15.0,561.9344099518105,281.5228965797396
2248,Shanghai SouthCh - Nagoya,SEA,PILOT_TO_PILOT,5,2248,262,6,7,ToiMisaki,Tosa,32.01766085565555,132.56230779140233,48.89906075232415,15.0,562.1846922520654,281.27261427948474
2249,Shanghai SouthCh - Nagoya,SEA,PILOT_TO_PILOT,5,2249,263,6,7,ToiMisaki,Tosa,32.02037312032998,132.5660412793464,48.89906075232415,15.0,562.4349745523202,281.0223319792299
2250,Shanghai SouthCh - Nagoya,SEA,PILOT_TO_PILOT,5,2250,264,6,7,ToiMisaki,Tosa,32.02308527563062,132.56977498834078,48.89906075232415,15.0,562.6852568525751,280.772049678975
2251,Shanghai SouthCh - Nagoya,SEA,PILOT_TO_PILOT,5,2251,265,6,7,ToiMisaki,Tosa,32.02579732153947,132.57350891841284,48.89906075232415,15.0,562.9355391528301,280.52176737872
2252,Shanghai SouthCh - Nagoya,SEA,PILOT_TO_PILOT,5,2252,266,6,7,ToiMisaki,Tosa,32.02850925803854,132.5772430695901,48.89906075232415,15.0,563.1858214530849,280.27148507846516
2253,Shanghai SouthCh - Nagoya,SEA,PILOT_TO_PILOT,5,2253,267,6,7,ToiMisaki,Tosa,32.03122108510983,132.58097744190002,48.89906075232415,15.0,563.4361037533398,280.0212027782103
2254,Shanghai SouthCh - Nagoya,SEA,PILOT_TO_PILOT,5,2254,268,6,7,ToiMisaki,Tosa,32.033932802735336,132.58471203537002,48.89906075232415,15.0,563.6863860535947,279.7709204779554
2255,Shanghai SouthCh - Nagoya,SEA,PILOT_TO_PILOT,5,2255,269,6,7,ToiMisaki,Tosa,32.036644410897054,132.58844685002754,48.89906075232415,15.0,563.9366683538495,279.52063817770056
2256,Shanghai SouthCh - Nagoya,SEA,PILOT_TO_PILOT,5,2256,270,6,7,ToiMisaki,Tosa,32.039355909576976,132.59218188590003,48.89906075232415,15.0,564.1869506541044,279.2703558774457
2257,Shanghai SouthCh - Nagoya,SEA,PILOT_TO_PILOT,5,2257,271,6,7,ToiMisaki,Tosa,32.0420672987571,132.59591714301501,48.89906075232415,15.0,564.4372329543594,279.0200735771907
2258,Shanghai SouthCh - Nagoya,SEA,PILOT_TO_PILOT,5,2258,272,6,7,ToiMisaki,Tosa,32.044778578419425,132.59965262139985,48.89906075232415,15.0,564.6875152546143,278.76979127693585
2259,Shanghai SouthCh - Nagoya,SEA,PILOT_TO_PILOT,5,2259,273,6,7,ToiMisaki,Tosa,32.04748974854591,132.60338832108204,48.89906075232415,15.0,564.9377975548691,278.519508976681
2260,Shanghai SouthCh - Nagoya,SEA,PILOT_TO_PILOT,5,2260,274,6,7,ToiMisaki,Tosa,32.05020080911858,132.60712424208904,48.89906075232415,15.0,565.188079855124,278.2692266764261
2261,Shanghai SouthCh - Nagoya,SEA,PILOT_TO_PILOT,5,2261,275,6,7,ToiMisaki,Tosa,32.05291176011937,132.61086038444827,48.89906075232415,15.0,565.4383621553789,278.01894437617125
2262,Shanghai SouthCh - Nagoya,SEA,PILOT_TO_PILOT,5,2262,276,6,7,ToiMisaki,Tosa,32.0556226015303,132.61459674818724,48.89906075232415,15.0,565.6886444556337,277.7686620759164
2263,Shanghai SouthCh - Nagoya,SEA,PILOT_TO_PILOT,6,2263,0,7,8,Tosa,Kashino ,32.05833333333333,132.61833333333334,66.3980969893422,15.0,565.9389267558886,277.5183797756615
2264,Shanghai SouthCh - Nagoya,SEA,PILOT_TO_PILOT,6,2264,1,7,8,Tosa,Kashino ,32.06000143513702,132.62283835258071,66.3980969893422,15.0,566.1890853836305,277.2682211479196
2265,Shanghai SouthCh - Nagoya,SEA,PILOT_TO_PILOT,6,2265,2,7,8,Tosa,Kashino ,32.061669377588096,132.62734353611933,66.3980969893422,15.0,566.4392440113726,277.0180625201775
2266,Shanghai SouthCh - Nagoya,SEA,PILOT_TO_PILOT,6,2266,3,7,8,Tosa,Kashino ,32.06333716067045,132.63184888395017,66.3980969893422,15.0,566.6894026391145,276.7679038924356
2267,Shanghai SouthCh - Nagoya,SEA,PILOT_TO_PILOT,6,2267,4,7,8,Tosa,Kashino ,32.06500478436796,132.6363543960741,66.3980969893422,15.0,566.9395612668565,276.51774526469364
2268,Shanghai SouthCh - Nagoya,SEA,PILOT_TO_PILOT,6,2268,5,7,8,Tosa,Kashino ,32.06667224866448,132.64086007249205,66.3980969893422,15.0,567.1897198945985,276.2675866369516
2269,Shanghai SouthCh - Nagoya,SEA,PILOT_TO_PILOT,6,2269,6,7,8,Tosa,Kashino ,32.06833955354391,132.64536591320496,66.3980969893422,15.0,567.4398785223405,276.01742800920965
2270,Shanghai SouthCh - Nagoya,SEA,PILOT_TO_PILOT,6,2270,7,7,8,Tosa,Kashino ,32.07000669899011,132.6498719182137,66.3980969893422,15.0,567.6900371500824,275.7672693814677
2271,Shanghai SouthCh - Nagoya,SEA,PILOT_TO_PILOT,6,2271,8,7,8,Tosa,Kashino ,32.07167368498696,132.65437808751923,66.3980969893422,15.0,567.9401957778244,275.51711075372566
2272,Shanghai SouthCh - Nagoya,SEA,PILOT_TO_PILOT,6,2272,9,7,8,Tosa,Kashino ,32.07334051151834,132.65888442112237,66.3980969893422,15.0,568.1903544055664,275.2669521259837
2273,Shanghai SouthCh - Nagoya,SEA,PILOT_TO_PILOT,6,2273,10,7,8,Tosa,Kashino ,32.07500717856812,132.6633909190241,66.3980969893422,15.0,568.4405130333083,275.0167934982418
2274,Shanghai SouthCh - Nagoya,SEA,PILOT_TO_PILOT,6,2274,11,7,8,Tosa,Kashino ,32.07667368612017,132.66789758122522,66.3980969893422,15.0,568.6906716610504,274.76663487049973
2275,Shanghai SouthCh - Nagoya,SEA,PILOT_TO_PILOT,6,2275,12,7,8,Tosa,Kashino ,32.078340034158366,132.67240440772667,66.3980969893422,15.0,568.9408302887923,274.5164762427578
2276,Shanghai SouthCh - Nagoya,SEA,PILOT_TO_PILOT,6,2276,13,7,8,Tosa,Kashino ,32.0800062226666,132.67691139852934,66.3980969893422,15.0,569.1909889165343,274.26631761501585
2277,Shanghai SouthCh - Nagoya,SEA,PILOT_TO_PILOT,6,2277,14,7,8,Tosa,Kashino ,32.081672251628724,132.68141855363407,66.3980969893422,15.0,569.4411475442762,274.0161589872739
2278,Shanghai SouthCh - Nagoya,SEA,PILOT_TO_PILOT,6,2278,15,7,8,Tosa,Kashino ,32.08333812102862,132.68592587304173,66.3980969893422,15.0,569.6913061720182,273.76600035953186
2279,Shanghai SouthCh - Nagoya,SEA,PILOT_TO_PILOT,6,2279,16,7,8,Tosa,Kashino ,32.085003830850155,132.69043335675323,66.3980969893422,15.0,569.9414647997602,273.5158417317899
2280,Shanghai SouthCh - Nagoya,SEA,PILOT_TO_PILOT,6,2280,17,7,8,Tosa,Kashino ,32.086669381077215,132.69494100476936,66.3980969893422,15.0,570.1916234275021,273.265683104048
2281,Shanghai SouthCh - Nagoya,SEA,PILOT_TO_PILOT,6,2281,18,7,8,Tosa,Kashino ,32.088334771693674,132.69944881709105,66.3980969893422,15.0,570.4417820552442,273.0155244763059
2282,Shanghai SouthCh - Nagoya,SEA,PILOT_TO_PILOT,6,2282,19,7,8,Tosa,Kashino ,32.09000000268339,132.70395679371913,66.3980969893422,15.0,570.6919406829861,272.765365848564
2283,Shanghai SouthCh - Nagoya,SEA,PILOT_TO_PILOT,6,2283,20,7,8,Tosa,Kashino ,32.09166507403025,132.70846493465442,66.3980969893422,15.0,570.942099310728,272.51520722082205
2284,Shanghai SouthCh - Nagoya,SEA,PILOT_TO_PILOT,6,2284,21,7,8,Tosa,Kashino ,32.09332998571814,132.7129732398978,66.3980969893422,15.0,571.1922579384701,272.26504859308
2285,Shanghai SouthCh - Nagoya,SEA,PILOT_TO_PILOT,6,2285,22,7,8,Tosa,Kashino ,32.094994737730886,132.71748170945008,66.3980969893422,15.0,571.442416566212,272.01488996533806
2286,Shanghai SouthCh - Nagoya,SEA,PILOT_TO_PILOT,6,2286,23,7,8,Tosa,Kashino ,32.09665933005242,132.7219903433121,66.3980969893422,15.0,571.692575193954,271.7647313375961
2287,Shanghai SouthCh - Nagoya,SEA,PILOT_TO_PILOT,6,2287,24,7,8,Tosa,Kashino ,32.09832376266656,132.7264991414847,66.3980969893422,15.0,571.942733821696,271.51457270985406
2288,Shanghai SouthCh - Nagoya,SEA,PILOT_TO_PILOT,6,2288,25,7,8,Tosa,Kashino ,32.09998803555722,132.7310081039687,66.3980969893422,15.0,572.192892449438,271.2644140821121
2289,Shanghai SouthCh - Nagoya,SEA,PILOT_TO_PILOT,6,2289,26,7,8,Tosa,Kashino ,32.10165214870825,132.7355172307649,66.3980969893422,15.0,572.4430510771799,271.0142554543702
2290,Shanghai SouthCh - Nagoya,SEA,PILOT_TO_PILOT,6,2290,27,7,8,Tosa,Kashino ,32.10331610210351,132.74002652187414,66.3980969893422,15.0,572.693209704922,270.76409682662813
2291,Shanghai SouthCh - Nagoya,SEA,PILOT_TO_PILOT,6,2291,28,7,8,Tosa,Kashino ,32.10497989572691,132.74453597729726,66.3980969893422,15.0,572.9433683326639,270.5139381988862
2292,Shanghai SouthCh - Nagoya,SEA,PILOT_TO_PILOT,6,2292,29,7,8,Tosa,Kashino ,32.1066435295623,132.74904559703504,66.3980969893422,15.0,573.1935269604058,270.26377957114425
2293,Shanghai SouthCh - Nagoya,SEA,PILOT_TO_PILOT,6,2293,30,7,8,Tosa,Kashino ,32.108307003593545,132.75355538108823,66.3980969893422,15.0,573.4436855881479,270.0136209434022
2294,Shanghai SouthCh - Nagoya,SEA,PILOT_TO_PILOT,6,2294,31,7,8,Tosa,Kashino ,32.10997031780453,132.75806532945768,66.3980969893422,15.0,573.6938442158898,269.76346231566026
2295,Shanghai SouthCh - Nagoya,SEA,PILOT_TO_PILOT,6,2295,32,7,8,Tosa,Kashino ,32.111633472179115,132.76257544214417,66.3980969893422,15.0,573.9440028436318,269.5133036879183
2296,Shanghai SouthCh - Nagoya,SEA,PILOT_TO_PILOT,6,2296,33,7,8,Tosa,Kashino ,32.113296466701186,132.76708571914853,66.3980969893422,15.0,574.1941614713738,269.26314506017627
2297,Shanghai SouthCh - Nagoya,SEA,PILOT_TO_PILOT,6,2297,34,7,8,Tosa,Kashino ,32.114959301354595,132.77159616047143,66.3980969893422,15.0,574.4443200991158,269.01298643243433
2298,Shanghai SouthCh - Nagoya,SEA,PILOT_TO_PILOT,6,2298,35,7,8,Tosa,Kashino ,32.11662197612322,132.77610676611377,66.3980969893422,15.0,574.6944787268577,268.7628278046924
2299,Shanghai SouthCh - Nagoya,SEA,PILOT_TO_PILOT,6,2299,36,7,8,Tosa,Kashino ,32.118284490990945,132.78061753607628,66.3980969893422,15.0,574.9446373545998,268.51266917695034
2300,Shanghai SouthCh - Nagoya,SEA,PILOT_TO_PILOT,6,2300,37,7,8,Tosa,Kashino ,32.11994684594161,132.78512847035972,66.3980969893422,15.0,575.1947959823417,268.2625105492084
2301,Shanghai SouthCh - Nagoya,SEA,PILOT_TO_PILOT,6,2301,38,7,8,Tosa,Kashino ,32.12160904095912,132.78963956896487,66.3980969893422,15.0,575.4449546100836,268.01235192146646
2302,Shanghai SouthCh - Nagoya,SEA,PILOT_TO_PILOT,6,2302,39,7,8,Tosa,Kashino ,32.123271076027315,132.7941508318925,66.3980969893422,15.0,575.6951132378256,267.7621932937245
2303,Shanghai SouthCh - Nagoya,SEA,PILOT_TO_PILOT,6,2303,40,7,8,Tosa,Kashino ,32.1249329511301,132.7986622591433,66.3980969893422,15.0,575.9452718655676,267.51203466598247
2304,Shanghai SouthCh - Nagoya,SEA,PILOT_TO_PILOT,6,2304,41,7,8,Tosa,Kashino ,32.12659466625131,132.8031738507181,66.3980969893422,15.0,576.1954304933096,267.26187603824053
2305,Shanghai SouthCh - Nagoya,SEA,PILOT_TO_PILOT,6,2305,42,7,8,Tosa,Kashino ,32.128256221374826,132.80768560661758,66.3980969893422,15.0,576.4455891210515,267.0117174104986
2306,Shanghai SouthCh - Nagoya,SEA,PILOT_TO_PILOT,6,2306,43,7,8,Tosa,Kashino ,32.129917616484526,132.81219752684257,66.3980969893422,15.0,576.6957477487936,266.76155878275654
2307,Shanghai SouthCh - Nagoya,SEA,PILOT_TO_PILOT,6,2307,44,7,8,Tosa,Kashino ,32.13157885156426,132.81670961139372,66.3980969893422,15.0,576.9459063765355,266.5114001550146
2308,Shanghai SouthCh - Nagoya,SEA,PILOT_TO_PILOT,6,2308,45,7,8,Tosa,Kashino ,32.13323992659793,132.8212218602718,66.3980969893422,15.0,577.1960650042774,266.26124152727266
2309,Shanghai SouthCh - Nagoya,SEA,PILOT_TO_PILOT,6,2309,46,7,8,Tosa,Kashino ,32.13490084156937,132.82573427347754,66.3980969893422,15.0,577.4462236320195,266.0110828995306
2310,Shanghai SouthCh - Nagoya,SEA,PILOT_TO_PILOT,6,2310,47,7,8,Tosa,Kashino ,32.136561596462464,132.83024685101165,66.3980969893422,15.0,577.6963822597614,265.76092427178867
2311,Shanghai SouthCh - Nagoya,SEA,PILOT_TO_PILOT,6,2311,48,7,8,Tosa,Kashino ,32.138222191261086,132.83475959287486,66.3980969893422,15.0,577.9465408875034,265.5107656440467
2312,Shanghai SouthCh - Nagoya,SEA,PILOT_TO_PILOT,6,2312,49,7,8,Tosa,Kashino ,32.139882625949106,132.83927249906787,66.3980969893422,15.0,578.1966995152454,265.2606070163047
2313,Shanghai SouthCh - Nagoya,SEA,PILOT_TO_PILOT,6,2313,50,7,8,Tosa,Kashino ,32.14154290051038,132.84378556959143,66.3980969893422,15.0,578.4468581429874,265.01044838856274
2314,Shanghai SouthCh - Nagoya,SEA,PILOT_TO_PILOT,6,2314,51,7,8,Tosa,Kashino ,32.14320301492878,132.84829880444616,66.3980969893422,15.0,578.6970167707293,264.7602897608208
2315,Shanghai SouthCh - Nagoya,SEA,PILOT_TO_PILOT,6,2315,52,7,8,Tosa,Kashino ,32.14486296918817,132.85281220363285,66.3980969893422,15.0,578.9471753984714,264.51013113307874
2316,Shanghai SouthCh - Nagoya,SEA,PILOT_TO_PILOT,6,2316,53,7,8,Tosa,Kashino ,32.146522763272415,132.85732576715216,66.3980969893422,15.0,579.1973340262133,264.2599725053368
2317,Shanghai SouthCh - Nagoya,SEA,PILOT_TO_PILOT,6,2317,54,7,8,Tosa,Kashino ,32.148182397165414,132.8618394950048,66.3980969893422,15.0,579.4474926539552,264.00981387759487
2318,Shanghai SouthCh - Nagoya,SEA,PILOT_TO_PILOT,6,2318,55,7,8,Tosa,Kashino ,32.149841870851,132.86635338719137,66.3980969893422,15.0,579.6976512816973,263.7596552498528
2319,Shanghai SouthCh - Nagoya,SEA,PILOT_TO_PILOT,6,2319,56,7,8,Tosa,Kashino ,32.15150118431305,132.87086744371265,66.3980969893422,15.0,579.9478099094392,263.5094966221109
2320,Shanghai SouthCh - Nagoya,SEA,PILOT_TO_PILOT,6,2320,57,7,8,Tosa,Kashino ,32.15316033753543,132.8753816645693,66.3980969893422,15.0,580.1979685371812,263.25933799436893
2321,Shanghai SouthCh - Nagoya,SEA,PILOT_TO_PILOT,6,2321,58,7,8,Tosa,Kashino ,32.154819330502015,132.87989604976195,66.3980969893422,15.0,580.4481271649232,263.0091793666269
2322,Shanghai SouthCh - Nagoya,SEA,PILOT_TO_PILOT,6,2322,59,7,8,Tosa,Kashino ,32.15647816319666,132.88441059929136,66.3980969893422,15.0,580.6982857926652,262.75902073888494
2323,Shanghai SouthCh - Nagoya,SEA,PILOT_TO_PILOT,6,2323,60,7,8,Tosa,Kashino ,32.15813683560325,132.88892531315804,66.3980969893422,15.0,580.9484444204071,262.508862111143
2324,Shanghai SouthCh - Nagoya,SEA,PILOT_TO_PILOT,6,2324,61,7,8,Tosa,Kashino ,32.15979534770563,132.8934401913628,66.3980969893422,15.0,581.1986030481492,262.25870348340095
2325,Shanghai SouthCh - Nagoya,SEA,PILOT_TO_PILOT,6,2325,62,7,8,Tosa,Kashino ,32.16145369948768,132.89795523390623,66.3980969893422,15.0,581.4487616758911,262.008544855659
2326,Shanghai SouthCh - Nagoya,SEA,PILOT_TO_PILOT,6,2326,63,7,8,Tosa,Kashino ,32.163111890933266,132.90247044078893,66.3980969893422,15.0,581.698920303633,261.7583862279171
2327,Shanghai SouthCh - Nagoya,SEA,PILOT_TO_PILOT,6,2327,64,7,8,Tosa,Kashino ,32.16476992202625,132.9069858120116,66.3980969893422,15.0,581.949078931375,261.50822760017513
2328,Shanghai SouthCh - Nagoya,SEA,PILOT_TO_PILOT,6,2328,65,7,8,Tosa,Kashino ,32.16642779275049,132.91150134757493,66.3980969893422,15.0,582.199237559117,261.2580689724331
2329,Shanghai SouthCh - Nagoya,SEA,PILOT_TO_PILOT,6,2329,66,7,8,Tosa,Kashino ,32.16808550308987,132.91601704747944,66.3980969893422,15.0,582.449396186859,261.00791034469114
2330,Shanghai SouthCh - Nagoya,SEA,PILOT_TO_PILOT,6,2330,67,7,8,Tosa,Kashino ,32.16974305302825,132.92053291172584,66.3980969893422,15.0,582.6995548146009,260.7577517169492
2331,Shanghai SouthCh - Nagoya,SEA,PILOT_TO_PILOT,6,2331,68,7,8,Tosa,Kashino ,32.17140044254949,132.92504894031472,66.3980969893422,15.0,582.949713442343,260.50759308920715
2332,Shanghai SouthCh - Nagoya,SEA,PILOT_TO_PILOT,6,2332,69,7,8,Tosa,Kashino ,32.17305767163745,132.92956513324674,66.3980969893422,15.0,583.1998720700849,260.2574344614652
2333,Shanghai SouthCh - Nagoya,SEA,PILOT_TO_PILOT,6,2333,70,7,8,Tosa,Kashino ,32.17471474027601,132.9340814905225,66.3980969893422,15.0,583.4500306978268,260.00727583372327
2334,Shanghai SouthCh - Nagoya,SEA,PILOT_TO_PILOT,6,2334,71,7,8,Tosa,Kashino ,32.17637164844903,132.93859801214256,66.3980969893422,15.0,583.7001893255689,259.7571172059812
2335,Shanghai SouthCh - Nagoya,SEA,PILOT_TO_PILOT,6,2335,72,7,8,Tosa,Kashino ,32.17802839614037,132.9431146981076,66.3980969893422,15.0,583.9503479533108,259.5069585782393
2336,Shanghai SouthCh - Nagoya,SEA,PILOT_TO_PILOT,6,2336,73,7,8,Tosa,Kashino ,32.17968498333389,132.9476315484182,66.3980969893422,15.0,584.2005065810528,259.25679995049734
2337,Shanghai SouthCh - Nagoya,SEA,PILOT_TO_PILOT,6,2337,74,7,8,Tosa,Kashino ,32.181341410013474,132.95214856307493,66.3980969893422,15.0,584.4506652087948,259.0066413227553
2338,Shanghai SouthCh - Nagoya,SEA,PILOT_TO_PILOT,6,2338,75,7,8,Tosa,Kashino ,32.18299767616296,132.95666574207843,66.3980969893422,15.0,584.7008238365368,258.75648269501335
2339,Shanghai SouthCh - Nagoya,SEA,PILOT_TO_PILOT,6,2339,76,7,8,Tosa,Kashino ,32.184653781766244,132.96118308542927,66.3980969893422,15.0,584.9509824642787,258.5063240672714
2340,Shanghai SouthCh - Nagoya,SEA,PILOT_TO_PILOT,6,2340,77,7,8,Tosa,Kashino ,32.18630972680716,132.965700593128,66.3980969893422,15.0,585.2011410920207,258.25616543952935
2341,Shanghai SouthCh - Nagoya,SEA,PILOT_TO_PILOT,6,2341,78,7,8,Tosa,Kashino ,32.187965511269596,132.97021826517522,66.3980969893422,15.0,585.4512997197627,258.0060068117874
2342,Shanghai SouthCh - Nagoya,SEA,PILOT_TO_PILOT,6,2342,79,7,8,Tosa,Kashino ,32.18962113513739,132.97473610157155,66.3980969893422,15.0,585.7014583475046,257.7558481840455
2343,Shanghai SouthCh - Nagoya,SEA,PILOT_TO_PILOT,6,2343,80,7,8,Tosa,Kashino ,32.19127659839444,132.9792541023175,66.3980969893422,15.0,585.9516169752467,257.5056895563034
2344,Shanghai SouthCh - Nagoya,SEA,PILOT_TO_PILOT,6,2344,81,7,8,Tosa,Kashino ,32.192931901024586,132.98377226741368,66.3980969893422,15.0,586.2017756029886,257.2555309285615
2345,Shanghai SouthCh - Nagoya,SEA,PILOT_TO_PILOT,6,2345,82,7,8,Tosa,Kashino ,32.194587043011694,132.9882905968606,66.3980969893422,15.0,586.4519342307306,257.00537230081954
2346,Shanghai SouthCh - Nagoya,SEA,PILOT_TO_PILOT,6,2346,83,7,8,Tosa,Kashino ,32.196242024339625,132.99280909065888,66.3980969893422,15.0,586.7020928584726,256.7552136730775
2347,Shanghai SouthCh - Nagoya,SEA,PILOT_TO_PILOT,6,2347,84,7,8,Tosa,Kashino ,32.19789684499224,132.997327748809,66.3980969893422,15.0,586.9522514862145,256.50505504533555
2348,Shanghai SouthCh - Nagoya,SEA,PILOT_TO_PILOT,6,2348,85,7,8,Tosa,Kashino ,32.199551504953426,133.00184657131155,66.3980969893422,15.0,587.2024101139565,256.2548964175936
2349,Shanghai SouthCh - Nagoya,SEA,PILOT_TO_PILOT,6,2349,86,7,8,Tosa,Kashino ,32.20120600420702,133.00636555816706,66.3980969893422,15.0,587.4525687416985,256.00473778985156
2350,Shanghai SouthCh - Nagoya,SEA,PILOT_TO_PILOT,6,2350,87,7,8,Tosa,Kashino ,32.2028603427369,133.01088470937609,66.3980969893422,15.0,587.7027273694405,255.75457916210962
2351,Shanghai SouthCh - Nagoya,SEA,PILOT_TO_PILOT,6,2351,88,7,8,Tosa,Kashino ,32.204514520526914,133.01540402493916,66.3980969893422,15.0,587.9528859971824,255.50442053436768
2352,Shanghai SouthCh - Nagoya,SEA,PILOT_TO_PILOT,6,2352,89,7,8,Tosa,Kashino ,32.20616853756093,133.01992350485676,66.3980969893422,15.0,588.2030446249244,255.25426190662574
2353,Shanghai SouthCh - Nagoya,SEA,PILOT_TO_PILOT,6,2353,90,7,8,Tosa,Kashino ,32.20782239382283,133.0244431491295,66.3980969893422,15.0,588.4532032526664,255.0041032788837
2354,Shanghai SouthCh - Nagoya,SEA,PILOT_TO_PILOT,6,2354,91,7,8,Tosa,Kashino ,32.20947608929644,133.02896295775778,66.3980969893422,15.0,588.7033618804084,254.75394465114175
2355,Shanghai SouthCh - Nagoya,SEA,PILOT_TO_PILOT,6,2355,92,7,8,Tosa,Kashino ,32.21112962396565,133.03348293074225,66.3980969893422,15.0,588.9535205081503,254.5037860233998
2356,Shanghai SouthCh - Nagoya,SEA,PILOT_TO_PILOT,6,2356,93,7,8,Tosa,Kashino ,32.21278299781431,133.0380030680833,66.3980969893422,15.0,589.2036791358923,254.25362739565776
2357,Shanghai SouthCh - Nagoya,SEA,PILOT_TO_PILOT,6,2357,94,7,8,Tosa,Kashino ,32.214436210826285,133.04252336978152,66.3980969893422,15.0,589.4538377636343,254.00346876791582
2358,Shanghai SouthCh - Nagoya,SEA,PILOT_TO_PILOT,6,2358,95,7,8,Tosa,Kashino ,32.21608926298545,133.04704383583734,66.3980969893422,15.0,589.7039963913762,253.75331014017388
2359,Shanghai SouthCh - Nagoya,SEA,PILOT_TO_PILOT,6,2359,96,7,8,Tosa,Kashino ,32.217742154275626,133.0515644662513,66.3980969893422,15.0,589.9541550191183,253.50315151243183
2360,Shanghai SouthCh - Nagoya,SEA,PILOT_TO_PILOT,6,2360,97,7,8,Tosa,Kashino ,32.21939488468072,133.0560852610239,66.3980969893422,15.0,590.2043136468602,253.2529928846899
2361,Shanghai SouthCh - Nagoya,SEA,PILOT_TO_PILOT,6,2361,98,7,8,Tosa,Kashino ,32.22104745418457,133.06060622015556,66.3980969893422,15.0,590.4544722746022,253.00283425694795
2362,Shanghai SouthCh - Nagoya,SEA,PILOT_TO_PILOT,6,2362,99,7,8,Tosa,Kashino ,32.222699862771044,133.06512734364682,66.3980969893422,15.0,590.7046309023442,252.7526756292059
2363,Shanghai SouthCh - Nagoya,SEA,PILOT_TO_PILOT,6,2363,100,7,8,Tosa,Kashino ,32.224352110424,133.06964863149818,66.3980969893422,15.0,590.9547895300861,252.50251700146396
2364,Shanghai SouthCh - Nagoya,SEA,PILOT_TO_PILOT,6,2364,101,7,8,Tosa,Kashino ,32.2260041971273,133.07417008371004,66.3980969893422,15.0,591.2049481578281,252.25235837372202
2365,Shanghai SouthCh - Nagoya,SEA,PILOT_TO_PILOT,6,2365,102,7,8,Tosa,Kashino ,32.22765612286481,133.07869170028295,66.3980969893422,15.0,591.4551067855701,252.00219974597996
2366,Shanghai SouthCh - Nagoya,SEA,PILOT_TO_PILOT,6,2366,103,7,8,Tosa,Kashino ,32.22930788762037,133.08321348121729,66.3980969893422,15.0,591.7052654133121,251.75204111823803
2367,Shanghai SouthCh - Nagoya,SEA,PILOT_TO_PILOT,6,2367,104,7,8,Tosa,Kashino ,32.23095949137786,133.08773542651358,66.3980969893422,15.0,591.955424041054,251.5018824904961
2368,Shanghai SouthCh - Nagoya,SEA,PILOT_TO_PILOT,6,2368,105,7,8,Tosa,Kashino ,32.23261093412114,133.0922575361722,66.3980969893422,15.0,592.2055826687961,251.25172386275403
2369,Shanghai SouthCh - Nagoya,SEA,PILOT_TO_PILOT,6,2369,106,7,8,Tosa,Kashino ,32.234262215834065,133.09677981019368,66.3980969893422,15.0,592.455741296538,251.0015652350121
2370,Shanghai SouthCh - Nagoya,SEA,PILOT_TO_PILOT,6,2370,107,7,8,Tosa,Kashino ,32.235913336500495,133.10130224857843,66.3980969893422,15.0,592.70589992428,250.75140660727016
2371,Shanghai SouthCh - Nagoya,SEA,PILOT_TO_PILOT,6,2371,108,7,8,Tosa,Kashino ,32.23756429610429,133.1058248513269,66.3980969893422,15.0,592.956058552022,250.5012479795281
2372,Shanghai SouthCh - Nagoya,SEA,PILOT_TO_PILOT,6,2372,109,7,8,Tosa,Kashino ,32.23921509462931,133.1103476184395,66.3980969893422,15.0,593.2062171797639,250.25108935178616
2373,Shanghai SouthCh - Nagoya,SEA,PILOT_TO_PILOT,6,2373,110,7,8,Tosa,Kashino ,32.24086573205941,133.1148705499167,66.3980969893422,15.0,593.4563758075059,250.00093072404422
2374,Shanghai SouthCh - Nagoya,SEA,PILOT_TO_PILOT,6,2374,111,7,8,Tosa,Kashino ,32.24251620837846,133.11939364575886,66.3980969893422,15.0,593.7065344352479,249.75077209630217
2375,Shanghai SouthCh - Nagoya,SEA,PILOT_TO_PILOT,6,2375,112,7,8,Tosa,Kashino ,32.24416652357032,133.12391690596644,66.3980969893422,15.0,593.9566930629899,249.50061346856023
2376,Shanghai SouthCh - Nagoya,SEA,PILOT_TO_PILOT,6,2376,113,7,8,Tosa,Kashino ,32.245816677618826,133.1284403305399,66.3980969893422,15.0,594.2068516907318,249.2504548408183
2377,Shanghai SouthCh - Nagoya,SEA,PILOT_TO_PILOT,6,2377,114,7,8,Tosa,Kashino ,32.24746667050786,133.13296391947958,66.3980969893422,15.0,594.4570103184737,249.00029621307635
2378,Shanghai SouthCh - Nagoya,SEA,PILOT_TO_PILOT,6,2378,115,7,8,Tosa,Kashino ,32.24911650222128,133.1374876727859,66.3980969893422,15.0,594.7071689462158,248.7501375853343
2379,Shanghai SouthCh - Nagoya,SEA,PILOT_TO_PILOT,6,2379,116,7,8,Tosa,Kashino ,32.25076617274294,133.1420115904593,66.3980969893422,15.0,594.9573275739577,248.49997895759236
2380,Shanghai SouthCh - Nagoya,SEA,PILOT_TO_PILOT,6,2380,117,7,8,Tosa,Kashino ,32.252415682056686,133.14653567250014,66.3980969893422,15.0,595.2074862016997,248.24982032985042
2381,Shanghai SouthCh - Nagoya,SEA,PILOT_TO_PILOT,6,2381,118,7,8,Tosa,Kashino ,32.254065030146414,133.1510599189088,66.3980969893422,15.0,595.4576448294417,247.99966170210837
2382,Shanghai SouthCh - Nagoya,SEA,PILOT_TO_PILOT,6,2382,119,7,8,Tosa,Kashino ,32.255714216995926,133.15558432968575,66.3980969893422,15.0,595.7078034571837,247.74950307436643
2383,Shanghai SouthCh - Nagoya,SEA,PILOT_TO_PILOT,6,2383,120,7,8,Tosa,Kashino ,32.257363242589136,133.16010890483128,66.3980969893422,15.0,595.9579620849256,247.4993444466245
2384,Shanghai SouthCh - Nagoya,SEA,PILOT_TO_PILOT,6,2384,121,7,8,Tosa,Kashino ,32.259012106909864,133.1646336443458,66.3980969893422,15.0,596.2081207126677,247.24918581888244
2385,Shanghai SouthCh - Nagoya,SEA,PILOT_TO_PILOT,6,2385,122,7,8,Tosa,Kashino ,32.26066080994199,133.16915854822975,66.3980969893422,15.0,596.4582793404096,246.9990271911405
2386,Shanghai SouthCh - Nagoya,SEA,PILOT_TO_PILOT,6,2386,123,7,8,Tosa,Kashino ,32.26230935166936,133.17368361648334,66.3980969893422,15.0,596.7084379681515,246.74886856339856
2387,Shanghai SouthCh - Nagoya,SEA,PILOT_TO_PILOT,6,2387,124,7,8,Tosa,Kashino ,32.26395773207583,133.17820884910708,66.3980969893422,15.0,596.9585965958936,246.4987099356565
2388,Shanghai SouthCh - Nagoya,SEA,PILOT_TO_PILOT,6,2388,125,7,8,Tosa,Kashino ,32.26560595114527,133.1827342461013,66.3980969893422,15.0,597.2087552236355,246.24855130791457
2389,Shanghai SouthCh - Nagoya,SEA,PILOT_TO_PILOT,6,2389,126,7,8,Tosa,Kashino ,32.267254008861535,133.18725980746632,66.3980969893422,15.0,597.4589138513775,245.99839268017263
2390,Shanghai SouthCh - Nagoya,SEA,PILOT_TO_PILOT,6,2390,127,7,8,Tosa,Kashino ,32.26890190520846,133.19178553320248,66.3980969893422,15.0,597.7090724791195,245.74823405243058
2391,Shanghai SouthCh - Nagoya,SEA,PILOT_TO_PILOT,6,2391,128,7,8,Tosa,Kashino ,32.27054964016994,133.1963114233102,66.3980969893422,15.0,597.9592311068615,245.49807542468864
2392,Shanghai SouthCh - Nagoya,SEA,PILOT_TO_PILOT,6,2392,129,7,8,Tosa,Kashino ,32.272197213729804,133.20083747778972,66.3980969893422,15.0,598.2093897346034,245.2479167969467
2393,Shanghai SouthCh - Nagoya,SEA,PILOT_TO_PILOT,6,2393,130,7,8,Tosa,Kashino ,32.27384462587191,133.20536369664143,66.3980969893422,15.0,598.4595483623455,244.99775816920464
2394,Shanghai SouthCh - Nagoya,SEA,PILOT_TO_PILOT,6,2394,131,7,8,Tosa,Kashino ,32.275491876580126,133.2098900798657,66.3980969893422,15.0,598.7097069900874,244.7475995414627
2395,Shanghai SouthCh - Nagoya,SEA,PILOT_TO_PILOT,6,2395,132,7,8,Tosa,Kashino ,32.27713896583831,133.21441662746278,66.3980969893422,15.0,598.9598656178293,244.49744091372077
2396,Shanghai SouthCh - Nagoya,SEA,PILOT_TO_PILOT,6,2396,133,7,8,Tosa,Kashino ,32.278785893630314,133.21894333943305,66.3980969893422,15.0,599.2100242455714,244.2472822859787
2397,Shanghai SouthCh - Nagoya,SEA,PILOT_TO_PILOT,6,2397,134,7,8,Tosa,Kashino ,32.28043265993999,133.2234702157768,66.3980969893422,15.0,599.4601828733133,243.99712365823677
2398,Shanghai SouthCh - Nagoya,SEA,PILOT_TO_PILOT,6,2398,135,7,8,Tosa,Kashino ,32.282079264751204,133.22799725649435,66.3980969893422,15.0,599.7103415010553,243.74696503049483
2399,Shanghai SouthCh - Nagoya,SEA,PILOT_TO_PILOT,6,2399,136,7,8,Tosa,Kashino ,32.283725708047804,133.232524461586,66.3980969893422,15.0,599.9605001287973,243.49680640275278
2400,Shanghai SouthCh - Nagoya,SEA,PILOT_TO_PILOT,6,2400,137,7,8,Tosa,Kashino ,32.28537198981365,133.23705183105207,66.3980969893422,15.0,600.2106587565393,243.24664777501084
2401,Shanghai SouthCh - Nagoya,SEA,PILOT_TO_PILOT,6,2401,138,7,8,Tosa,Kashino ,32.28701811003259,133.24157936489283,66.3980969893422,15.0,600.4608173842812,242.9964891472689
2402,Shanghai SouthCh - Nagoya,SEA,PILOT_TO_PILOT,6,2402,139,7,8,Tosa,Kashino ,32.28866406868849,133.2461070631086,66.3980969893422,15.0,600.7109760120231,242.74633051952696
2403,Shanghai SouthCh - Nagoya,SEA,PILOT_TO_PILOT,6,2403,140,7,8,Tosa,Kashino ,32.29030986576521,133.25063492569964,66.3980969893422,15.0,600.9611346397652,242.4961718917849
2404,Shanghai SouthCh - Nagoya,SEA,PILOT_TO_PILOT,6,2404,141,7,8,Tosa,Kashino ,32.29195550124659,133.2551629526663,66.3980969893422,15.0,601.2112932675071,242.24601326404297
2405,Shanghai SouthCh - Nagoya,SEA,PILOT_TO_PILOT,6,2405,142,7,8,Tosa,Kashino ,32.293600975116505,133.25969114400874,66.3980969893422,15.0,601.4614518952492,241.99585463630092
2406,Shanghai SouthCh - Nagoya,SEA,PILOT_TO_PILOT,6,2406,143,7,8,Tosa,Kashino ,32.29524628735879,133.26421949972737,66.3980969893422,15.0,601.7116105229911,241.74569600855898
2407,Shanghai SouthCh - Nagoya,SEA,PILOT_TO_PILOT,6,2407,144,7,8,Tosa,Kashino ,32.296891437957306,133.26874801982237,66.3980969893422,15.0,601.9617691507331,241.49553738081704
2408,Shanghai SouthCh - Nagoya,SEA,PILOT_TO_PILOT,6,2408,145,7,8,Tosa,Kashino ,32.29853642689593,133.27327670429403,66.3980969893422,15.0,602.211927778475,241.2453787530751
2409,Shanghai SouthCh - Nagoya,SEA,PILOT_TO_PILOT,6,2409,146,7,8,Tosa,Kashino ,32.30018125415848,133.27780555314263,66.3980969893422,15.0,602.462086406217,240.99522012533305
2410,Shanghai SouthCh - Nagoya,SEA,PILOT_TO_PILOT,6,2410,147,7,8,Tosa,Kashino ,32.301825919728834,133.2823345663684,66.3980969893422,15.0,602.712245033959,240.7450614975911
2411,Shanghai SouthCh - Nagoya,SEA,PILOT_TO_PILOT,6,2411,148,7,8,Tosa,Kashino ,32.30347042359085,133.28686374397162,66.3980969893422,15.0,602.9624036617009,240.49490286984917
2412,Shanghai SouthCh - Nagoya,SEA,PILOT_TO_PILOT,6,2412,149,7,8,Tosa,Kashino ,32.30511476572837,133.2913930859525,66.3980969893422,15.0,603.212562289443,240.24474424210712
2413,Shanghai SouthCh - Nagoya,SEA,PILOT_TO_PILOT,6,2413,150,7,8,Tosa,Kashino ,32.30675894612526,133.29592259231129,66.3980969893422,15.0,603.4627209171849,239.99458561436518
2414,Shanghai SouthCh - Nagoya,SEA,PILOT_TO_PILOT,6,2414,151,7,8,Tosa,Kashino ,32.30840296476536,133.30045226304827,66.3980969893422,15.0,603.7128795449269,239.74442698662324
2415,Shanghai SouthCh - Nagoya,SEA,PILOT_TO_PILOT,6,2415,152,7,8,Tosa,Kashino ,32.31004682163253,133.30498209816363,66.3980969893422,15.0,603.9630381726689,239.4942683588812
2416,Shanghai SouthCh - Nagoya,SEA,PILOT_TO_PILOT,6,2416,153,7,8,Tosa,Kashino ,32.31169051671064,133.3095120976576,66.3980969893422,15.0,604.2131968004109,239.24410973113925
2417,Shanghai SouthCh - Nagoya,SEA,PILOT_TO_PILOT,6,2417,154,7,8,Tosa,Kashino ,32.313334049983524,133.31404226153037,66.3980969893422,15.0,604.4633554281528,238.9939511033973
2418,Shanghai SouthCh - Nagoya,SEA,PILOT_TO_PILOT,6,2418,155,7,8,Tosa,Kashino ,32.314977421435046,133.31857258978224,66.3980969893422,15.0,604.7135140558948,238.74379247565525
2419,Shanghai SouthCh - Nagoya,SEA,PILOT_TO_PILOT,6,2419,156,7,8,Tosa,Kashino ,32.316620631049055,133.32310308241338,66.3980969893422,15.0,604.9636726836368,238.49363384791332
2420,Shanghai SouthCh - Nagoya,SEA,PILOT_TO_PILOT,6,2420,157,7,8,Tosa,Kashino ,32.31826367880941,133.327633739424,66.3980969893422,15.0,605.2138313113787,238.24347522017138
2421,Shanghai SouthCh - Nagoya,SEA,PILOT_TO_PILOT,6,2421,158,7,8,Tosa,Kashino ,32.31990656469996,133.33216456081428,66.3980969893422,15.0,605.4639899391208,237.99331659242932
2422,Shanghai SouthCh - Nagoya,SEA,PILOT_TO_PILOT,6,2422,159,7,8,Tosa,Kashino ,32.32154928870457,133.33669554658445,66.3980969893422,15.0,605.7141485668627,237.74315796468738
2423,Shanghai SouthCh - Nagoya,SEA,PILOT_TO_PILOT,6,2423,160,7,8,Tosa,Kashino ,32.32319185080706,133.34122669673468,66.3980969893422,15.0,605.9643071946047,237.49299933694545
2424,Shanghai SouthCh - Nagoya,SEA,PILOT_TO_PILOT,6,2424,161,7,8,Tosa,Kashino ,32.32483425099134,133.34575801126522,66.3980969893422,15.0,606.2144658223467,237.2428407092034
2425,Shanghai SouthCh - Nagoya,SEA,PILOT_TO_PILOT,6,2425,162,7,8,Tosa,Kashino ,32.3264764892412,133.3502894901762,66.3980969893422,15.0,606.4646244500886,236.99268208146145
2426,Shanghai SouthCh - Nagoya,SEA,PILOT_TO_PILOT,6,2426,163,7,8,Tosa,Kashino ,32.328118565540535,133.3548211334678,66.3980969893422,15.0,606.7147830778306,236.7425234537195
2427,Shanghai SouthCh - Nagoya,SEA,PILOT_TO_PILOT,6,2427,164,7,8,Tosa,Kashino ,32.32976047987319,133.35935294114017,66.3980969893422,15.0,606.9649417055725,236.49236482597757
2428,Shanghai SouthCh - Nagoya,SEA,PILOT_TO_PILOT,6,2428,165,7,8,Tosa,Kashino ,32.331402232223006,133.36388491319357,66.3980969893422,15.0,607.2151003333146,236.24220619823552
2429,Shanghai SouthCh - Nagoya,SEA,PILOT_TO_PILOT,6,2429,166,7,8,Tosa,Kashino ,32.333043822573856,133.3684170496281,66.3980969893422,15.0,607.4652589610565,235.99204757049358
2430,Shanghai SouthCh - Nagoya,SEA,PILOT_TO_PILOT,6,2430,167,7,8,Tosa,Kashino ,32.33468525090957,133.37294935044395,66.3980969893422,15.0,607.7154175887986,235.74188894275153
2431,Shanghai SouthCh - Nagoya,SEA,PILOT_TO_PILOT,6,2431,168,7,8,Tosa,Kashino ,32.336326517214026,133.37748181564126,66.3980969893422,15.0,607.9655762165405,235.4917303150096
2432,Shanghai SouthCh - Nagoya,SEA,PILOT_TO_PILOT,6,2432,169,7,8,Tosa,Kashino ,32.33796762147105,133.38201444522014,66.3980969893422,15.0,608.2157348442825,235.24157168726765
2433,Shanghai SouthCh - Nagoya,SEA,PILOT_TO_PILOT,6,2433,170,7,8,Tosa,Kashino ,32.339608563664505,133.38654723918083,66.3980969893422,15.0,608.4658934720244,234.9914130595257
2434,Shanghai SouthCh - Nagoya,SEA,PILOT_TO_PILOT,6,2434,171,7,8,Tosa,Kashino ,32.34124934377825,133.3910801975234,66.3980969893422,15.0,608.7160520997664,234.74125443178366
2435,Shanghai SouthCh - Nagoya,SEA,PILOT_TO_PILOT,6,2435,172,7,8,Tosa,Kashino ,32.342889961796125,133.39561332024803,66.3980969893422,15.0,608.9662107275084,234.49109580404172
2436,Shanghai SouthCh - Nagoya,SEA,PILOT_TO_PILOT,6,2436,173,7,8,Tosa,Kashino ,32.344530417701996,133.40014660735483,66.3980969893422,15.0,609.2163693552503,234.24093717629978
2437,Shanghai SouthCh - Nagoya,SEA,PILOT_TO_PILOT,6,2437,174,7,8,Tosa,Kashino ,32.34617071147971,133.40468005884392,66.3980969893422,15.0,609.4665279829924,233.99077854855773
2438,Shanghai SouthCh - Nagoya,SEA,PILOT_TO_PILOT,6,2438,175,7,8,Tosa,Kashino ,32.3478108431131,133.40921367471543,66.3980969893422,15.0,609.7166866107343,233.7406199208158
2439,Shanghai SouthCh - Nagoya,SEA,PILOT_TO_PILOT,6,2439,176,7,8,Tosa,Kashino ,32.349450812586056,133.4137474549695,66.3980969893422,15.0,609.9668452384763,233.49046129307385
2440,Shanghai SouthCh - Nagoya,SEA,PILOT_TO_PILOT,6,2440,177,7,8,Tosa,Kashino ,32.3510906198824,133.41828139960623,66.3980969893422,15.0,610.2170038662183,233.2403026653318
2441,Shanghai SouthCh - Nagoya,SEA,PILOT_TO_PILOT,6,2441,178,7,8,Tosa,Kashino ,32.352730264985986,133.42281550862572,66.3980969893422,15.0,610.4671624939602,232.99014403758986
2442,Shanghai SouthCh - Nagoya,SEA,PILOT_TO_PILOT,6,2442,179,7,8,Tosa,Kashino ,32.354369747880675,133.42734978202807,66.3980969893422,15.0,610.7173211217022,232.73998540984792
2443,Shanghai SouthCh - Nagoya,SEA,PILOT_TO_PILOT,6,2443,180,7,8,Tosa,Kashino ,32.356009068550314,133.4318842198134,66.3980969893422,15.0,610.9674797494442,232.48982678210587
2444,Shanghai SouthCh - Nagoya,SEA,PILOT_TO_PILOT,6,2444,181,7,8,Tosa,Kashino ,32.357648226978746,133.4364188219818,66.3980969893422,15.0,611.2176383771862,232.23966815436393
2445,Shanghai SouthCh - Nagoya,SEA,PILOT_TO_PILOT,6,2445,182,7,8,Tosa,Kashino ,32.359287223149835,133.44095358853335,66.3980969893422,15.0,611.4677970049281,231.989509526622
2446,Shanghai SouthCh - Nagoya,SEA,PILOT_TO_PILOT,6,2446,183,7,8,Tosa,Kashino ,32.360926057047436,133.44548851946814,66.3980969893422,15.0,611.7179556326702,231.73935089887993
2447,Shanghai SouthCh - Nagoya,SEA,PILOT_TO_PILOT,6,2447,184,7,8,Tosa,Kashino ,32.36256472865538,133.45002361478626,66.3980969893422,15.0,611.9681142604121,231.489192271138
2448,Shanghai SouthCh - Nagoya,SEA,PILOT_TO_PILOT,6,2448,185,7,8,Tosa,Kashino ,32.36420323795754,133.4545588744878,66.3980969893422,15.0,612.218272888154,231.23903364339606
2449,Shanghai SouthCh - Nagoya,SEA,PILOT_TO_PILOT,6,2449,186,7,8,Tosa,Kashino ,32.36584158493774,133.45909429857275,66.3980969893422,15.0,612.4684315158961,230.988875015654
2450,Shanghai SouthCh - Nagoya,SEA,PILOT_TO_PILOT,6,2450,187,7,8,Tosa,Kashino ,32.367479769579866,133.46362988704126,66.3980969893422,15.0,612.718590143638,230.73871638791206
2451,Shanghai SouthCh - Nagoya,SEA,PILOT_TO_PILOT,6,2451,188,7,8,Tosa,Kashino ,32.36911779186773,133.46816563989339,66.3980969893422,15.0,612.96874877138,230.48855776017012
2452,Shanghai SouthCh - Nagoya,SEA,PILOT_TO_PILOT,6,2452,189,7,8,Tosa,Kashino ,32.37075565178521,133.47270155712917,66.3980969893422,15.0,613.218907399122,230.23839913242807
2453,Shanghai SouthCh - Nagoya,SEA,PILOT_TO_PILOT,6,2453,190,7,8,Tosa,Kashino ,32.37239334931614,133.47723763874865,66.3980969893422,15.0,613.469066026864,229.98824050468613
2454,Shanghai SouthCh - Nagoya,SEA,PILOT_TO_PILOT,6,2454,191,7,8,Tosa,Kashino ,32.37403088444439,133.48177388475187,66.3980969893422,15.0,613.7192246546059,229.7380818769442
2455,Shanghai SouthCh - Nagoya,SEA,PILOT_TO_PILOT,6,2455,192,7,8,Tosa,Kashino ,32.375668257153784,133.48631029513888,66.3980969893422,15.0,613.969383282348,229.48792324920214
2456,Shanghai SouthCh - Nagoya,SEA,PILOT_TO_PILOT,6,2456,193,7,8,Tosa,Kashino ,32.377305467428194,133.49084686990975,66.3980969893422,15.0,614.2195419100899,229.2377646214602
2457,Shanghai SouthCh - Nagoya,SEA,PILOT_TO_PILOT,6,2457,194,7,8,Tosa,Kashino ,32.37894251525145,133.4953836090645,66.3980969893422,15.0,614.4697005378318,228.98760599371826
2458,Shanghai SouthCh - Nagoya,SEA,PILOT_TO_PILOT,6,2458,195,7,8,Tosa,Kashino ,32.38057940060743,133.4999205126031,66.3980969893422,15.0,614.7198591655738,228.73744736597632
2459,Shanghai SouthCh - Nagoya,SEA,PILOT_TO_PILOT,6,2459,196,7,8,Tosa,Kashino ,32.38221612347996,133.50445758052564,66.3980969893422,15.0,614.9700177933158,228.48728873823427
2460,Shanghai SouthCh - Nagoya,SEA,PILOT_TO_PILOT,6,2460,197,7,8,Tosa,Kashino ,32.383852683852886,133.5089948128321,66.3980969893422,15.0,615.2201764210578,228.23713011049233
2461,Shanghai SouthCh - Nagoya,SEA,PILOT_TO_PILOT,6,2461,198,7,8,Tosa,Kashino ,32.385489081710084,133.51353220952254,66.3980969893422,15.0,615.4703350487997,227.9869714827504
2462,Shanghai SouthCh - Nagoya,SEA,PILOT_TO_PILOT,6,2462,199,7,8,Tosa,Kashino ,32.387125317035384,133.51806977059692,66.3980969893422,15.0,615.7204936765418,227.73681285500834
2463,Shanghai SouthCh - Nagoya,SEA,PILOT_TO_PILOT,6,2463,200,7,8,Tosa,Kashino ,32.388761389812615,133.5226074960553,66.3980969893422,15.0,615.9706523042837,227.4866542272664
2464,Shanghai SouthCh - Nagoya,SEA,PILOT_TO_PILOT,6,2464,201,7,8,Tosa,Kashino ,32.39039730002569,133.5271453858976,66.3980969893422,15.0,616.2208109320256,227.23649559952446
2465,Shanghai SouthCh - Nagoya,SEA,PILOT_TO_PILOT,6,2465,202,7,8,Tosa,Kashino ,32.39203304765839,133.53168344012386,66.3980969893422,15.0,616.4709695597677,226.9863369717824
2466,Shanghai SouthCh - Nagoya,SEA,PILOT_TO_PILOT,6,2466,203,7,8,Tosa,Kashino ,32.3936686326946,133.53622165873406,66.3980969893422,15.0,616.7211281875096,226.73617834404047
2467,Shanghai SouthCh - Nagoya,SEA,PILOT_TO_PILOT,6,2467,204,7,8,Tosa,Kashino ,32.39530405511815,133.54076004172822,66.3980969893422,15.0,616.9712868152516,226.48601971629853
2468,Shanghai SouthCh - Nagoya,SEA,PILOT_TO_PILOT,6,2468,205,7,8,Tosa,Kashino ,32.39693931491291,133.5452985891063,66.3980969893422,15.0,617.2214454429936,226.23586108855648
2469,Shanghai SouthCh - Nagoya,SEA,PILOT_TO_PILOT,6,2469,206,7,8,Tosa,Kashino ,32.398574412062715,133.54983730086826,66.3980969893422,15.0,617.4716040707356,225.98570246081454
2470,Shanghai SouthCh - Nagoya,SEA,PILOT_TO_PILOT,6,2470,207,7,8,Tosa,Kashino ,32.400209346551414,133.5543761770141,66.3980969893422,15.0,617.7217626984775,225.7355438330726
2471,Shanghai SouthCh - Nagoya,SEA,PILOT_TO_PILOT,6,2471,208,7,8,Tosa,Kashino ,32.40184411836287,133.55891521754376,66.3980969893422,15.0,617.9719213262196,225.48538520533054
2472,Shanghai SouthCh - Nagoya,SEA,PILOT_TO_PILOT,6,2472,209,7,8,Tosa,Kashino ,32.403478727480916,133.56345442245717,66.3980969893422,15.0,618.2220799539615,225.2352265775886
2473,Shanghai SouthCh - Nagoya,SEA,PILOT_TO_PILOT,6,2473,210,7,8,Tosa,Kashino ,32.40511317388939,133.56799379175436,66.3980969893422,15.0,618.4722385817034,224.98506794984667
2474,Shanghai SouthCh - Nagoya,SEA,PILOT_TO_PILOT,6,2474,211,7,8,Tosa,Kashino ,32.40674745757216,133.57253332543524,66.3980969893422,15.0,618.7223972094455,224.7349093221046
2475,Shanghai SouthCh - Nagoya,SEA,PILOT_TO_PILOT,6,2475,212,7,8,Tosa,Kashino ,32.40838157851307,133.5770730234998,66.3980969893422,15.0,618.9725558371874,224.48475069436267
2476,Shanghai SouthCh - Nagoya,SEA,PILOT_TO_PILOT,6,2476,213,7,8,Tosa,Kashino ,32.41001553669598,133.58161288594792,66.3980969893422,15.0,619.2227144649294,224.23459206662073
2477,Shanghai SouthCh - Nagoya,SEA,PILOT_TO_PILOT,6,2477,214,7,8,Tosa,Kashino ,32.41164933210471,133.58615291277954,66.3980969893422,15.0,619.4728730926714,223.98443343887868
2478,Shanghai SouthCh - Nagoya,SEA,PILOT_TO_PILOT,6,2478,215,7,8,Tosa,Kashino ,32.41328296472312,133.59069310399465,66.3980969893422,15.0,619.7230317204134,223.73427481113674
2479,Shanghai SouthCh - Nagoya,SEA,PILOT_TO_PILOT,6,2479,216,7,8,Tosa,Kashino ,32.41491643453507,133.59523345959312,66.3980969893422,15.0,619.9731903481553,223.4841161833948
2480,Shanghai SouthCh - Nagoya,SEA,PILOT_TO_PILOT,6,2480,217,7,8,Tosa,Kashino ,32.4165497415244,133.5997739795749,66.3980969893422,15.0,620.2233489758974,223.23395755565275
2481,Shanghai SouthCh - Nagoya,SEA,PILOT_TO_PILOT,6,2481,218,7,8,Tosa,Kashino ,32.41818288567494,133.60431466393993,66.3980969893422,15.0,620.4735076036393,222.9837989279108
2482,Shanghai SouthCh - Nagoya,SEA,PILOT_TO_PILOT,6,2482,219,7,8,Tosa,Kashino ,32.419815866970566,133.6088555126881,66.3980969893422,15.0,620.7236662313812,222.73364030016887
2483,Shanghai SouthCh - Nagoya,SEA,PILOT_TO_PILOT,6,2483,220,7,8,Tosa,Kashino ,32.42144868539511,133.6133965258193,66.3980969893422,15.0,620.9738248591232,222.48348167242693
2484,Shanghai SouthCh - Nagoya,SEA,PILOT_TO_PILOT,6,2484,221,7,8,Tosa,Kashino ,32.42308134093242,133.61793770333347,66.3980969893422,15.0,621.2239834868652,222.23332304468488
2485,Shanghai SouthCh - Nagoya,SEA,PILOT_TO_PILOT,6,2485,222,7,8,Tosa,Kashino ,32.424713833566344,133.6224790452305,66.3980969893422,15.0,621.4741421146072,221.98316441694294
2486,Shanghai SouthCh - Nagoya,SEA,PILOT_TO_PILOT,6,2486,223,7,8,Tosa,Kashino ,32.42634616328074,133.62702055151024,66.3980969893422,15.0,621.7243007423491,221.733005789201
2487,Shanghai SouthCh - Nagoya,SEA,PILOT_TO_PILOT,6,2487,224,7,8,Tosa,Kashino ,32.42797833005943,133.63156222217268,66.3980969893422,15.0,621.9744593700912,221.48284716145895
2488,Shanghai SouthCh - Nagoya,SEA,PILOT_TO_PILOT,6,2488,225,7,8,Tosa,Kashino ,32.42961033388629,133.63610405721758,66.3980969893422,15.0,622.2246179978331,221.232688533717
2489,Shanghai SouthCh - Nagoya,SEA,PILOT_TO_PILOT,6,2489,226,7,8,Tosa,Kashino ,32.431242174745144,133.6406460566449,66.3980969893422,15.0,622.474776625575,220.98252990597507
2490,Shanghai SouthCh - Nagoya,SEA,PILOT_TO_PILOT,6,2490,227,7,8,Tosa,Kashino ,32.43287385261985,133.64518822045451,66.3980969893422,15.0,622.7249352533171,220.73237127823302
2491,Shanghai SouthCh - Nagoya,SEA,PILOT_TO_PILOT,6,2491,228,7,8,Tosa,Kashino ,32.43450536749426,133.64973054864626,66.3980969893422,15.0,622.975093881059,220.48221265049108
2492,Shanghai SouthCh - Nagoya,SEA,PILOT_TO_PILOT,6,2492,229,7,8,Tosa,Kashino ,32.4361367193522,133.65427304122,66.3980969893422,15.0,623.225252508801,220.23205402274914
2493,Shanghai SouthCh - Nagoya,SEA,PILOT_TO_PILOT,6,2493,230,7,8,Tosa,Kashino ,32.43776790817755,133.65881569817566,66.3980969893422,15.0,623.475411136543,219.9818953950071
2494,Shanghai SouthCh - Nagoya,SEA,PILOT_TO_PILOT,6,2494,231,7,8,Tosa,Kashino ,32.439398933954116,133.663358519513,66.3980969893422,15.0,623.725569764285,219.73173676726515
2495,Shanghai SouthCh - Nagoya,SEA,PILOT_TO_PILOT,6,2495,232,7,8,Tosa,Kashino ,32.44102979666579,133.66790150523195,66.3980969893422,15.0,623.9757283920269,219.4815781395232
2496,Shanghai SouthCh - Nagoya,SEA,PILOT_TO_PILOT,6,2496,233,7,8,Tosa,Kashino ,32.44266049629637,133.67244465533233,66.3980969893422,15.0,624.225887019769,219.23141951178116
2497,Shanghai SouthCh - Nagoya,SEA,PILOT_TO_PILOT,6,2497,234,7,8,Tosa,Kashino ,32.44429103282973,133.67698796981398,66.3980969893422,15.0,624.4760456475109,218.98126088403922
2498,Shanghai SouthCh - Nagoya,SEA,PILOT_TO_PILOT,6,2498,235,7,8,Tosa,Kashino ,32.44592140624971,133.6815314486767,66.3980969893422,15.0,624.7262042752528,218.73110225629728
2499,Shanghai SouthCh - Nagoya,SEA,PILOT_TO_PILOT,6,2499,236,7,8,Tosa,Kashino ,32.447551616540174,133.6860750919204,66.3980969893422,15.0,624.9763629029949,218.48094362855522
2500,Shanghai SouthCh - Nagoya,SEA,PILOT_TO_PILOT,6,2500,237,7,8,Tosa,Kashino ,32.44918166368493,133.69061889954486,66.3980969893422,15.0,625.2265215307368,218.23078500081328
2501,Shanghai SouthCh - Nagoya,SEA,PILOT_TO_PILOT,6,2501,238,7,8,Tosa,Kashino ,32.45081154766786,133.6951628715499,66.3980969893422,15.0,625.4766801584788,217.98062637307135
2502,Shanghai SouthCh - Nagoya,SEA,PILOT_TO_PILOT,6,2502,239,7,8,Tosa,Kashino ,32.4524412684728,133.69970700793536,66.3980969893422,15.0,625.7268387862208,217.7304677453293
2503,Shanghai SouthCh - Nagoya,SEA,PILOT_TO_PILOT,6,2503,240,7,8,Tosa,Kashino ,32.45407082608358,133.704251308701,66.3980969893422,15.0,625.9769974139627,217.48030911758735
2504,Shanghai SouthCh - Nagoya,SEA,PILOT_TO_PILOT,6,2504,241,7,8,Tosa,Kashino ,32.45570022048407,133.70879577384667,66.3980969893422,15.0,626.2271560417047,217.2301504898454
2505,Shanghai SouthCh - Nagoya,SEA,PILOT_TO_PILOT,6,2505,242,7,8,Tosa,Kashino ,32.45732945165808,133.71334040337223,66.3980969893422,15.0,626.4773146694467,216.97999186210336
2506,Shanghai SouthCh - Nagoya,SEA,PILOT_TO_PILOT,6,2506,243,7,8,Tosa,Kashino ,32.45895851958951,133.71788519727735,66.3980969893422,15.0,626.7274732971887,216.72983323436142
2507,Shanghai SouthCh - Nagoya,SEA,PILOT_TO_PILOT,6,2507,244,7,8,Tosa,Kashino ,32.46058742426216,133.72243015556194,66.3980969893422,15.0,626.9776319249306,216.47967460661948
2508,Shanghai SouthCh - Nagoya,SEA,PILOT_TO_PILOT,6,2508,245,7,8,Tosa,Kashino ,32.46221616565988,133.72697527822572,66.3980969893422,15.0,627.2277905526726,216.22951597887754
2509,Shanghai SouthCh - Nagoya,SEA,PILOT_TO_PILOT,6,2509,246,7,8,Tosa,Kashino ,32.46384474376653,133.73152056526848,66.3980969893422,15.0,627.4779491804146,215.9793573511355
2510,Shanghai SouthCh - Nagoya,SEA,PILOT_TO_PILOT,6,2510,247,7,8,Tosa,Kashino ,32.465473158565956,133.73606601669005,66.3980969893422,15.0,627.7281078081566,215.72919872339355
2511,Shanghai SouthCh - Nagoya,SEA,PILOT_TO_PILOT,6,2511,248,7,8,Tosa,Kashino ,32.46710141004199,133.74061163249013,66.3980969893422,15.0,627.9782664358985,215.4790400956516
2512,Shanghai SouthCh - Nagoya,SEA,PILOT_TO_PILOT,6,2512,249,7,8,Tosa,Kashino ,32.46872949817849,133.74515741266856,66.3980969893422,15.0,628.2284250636405,215.22888146790956
2513,Shanghai SouthCh - Nagoya,SEA,PILOT_TO_PILOT,6,2513,250,7,8,Tosa,Kashino ,32.47035742295929,133.74970335722503,66.3980969893422,15.0,628.4785836913825,214.97872284016762
2514,Shanghai SouthCh - Nagoya,SEA,PILOT_TO_PILOT,6,2514,251,7,8,Tosa,Kashino ,32.471985184368236,133.75424946615937,66.3980969893422,15.0,628.7287423191244,214.72856421242568
2515,Shanghai SouthCh - Nagoya,SEA,PILOT_TO_PILOT,6,2515,252,7,8,Tosa,Kashino ,32.47361278238919,133.7587957394713,66.3980969893422,15.0,628.9789009468665,214.47840558468363
2516,Shanghai SouthCh - Nagoya,SEA,PILOT_TO_PILOT,6,2516,253,7,8,Tosa,Kashino ,32.47524021700598,133.76334217716058,66.3980969893422,15.0,629.2290595746084,214.2282469569417
2517,Shanghai SouthCh - Nagoya,SEA,PILOT_TO_PILOT,6,2517,254,7,8,Tosa,Kashino ,32.476867488202444,133.76788877922695,66.3980969893422,15.0,629.4792182023504,213.97808832919975
2518,Shanghai SouthCh - Nagoya,SEA,PILOT_TO_PILOT,6,2518,255,7,8,Tosa,Kashino ,32.478494595962445,133.77243554567016,66.3980969893422,15.0,629.7293768300924,213.7279297014577
2519,Shanghai SouthCh - Nagoya,SEA,PILOT_TO_PILOT,6,2519,256,7,8,Tosa,Kashino ,32.48012154026982,133.77698247648996,66.3980969893422,15.0,629.9795354578343,213.47777107371576
2520,Shanghai SouthCh - Nagoya,SEA,PILOT_TO_PILOT,6,2520,257,7,8,Tosa,Kashino ,32.48174832110842,133.781529571686,66.3980969893422,15.0,630.2296940855763,213.22761244597382
2521,Shanghai SouthCh - Nagoya,SEA,PILOT_TO_PILOT,6,2521,258,7,8,Tosa,Kashino ,32.48337493846207,133.78607683125813,66.3980969893422,15.0,630.4798527133183,212.97745381823177
2522,Shanghai SouthCh - Nagoya,SEA,PILOT_TO_PILOT,6,2522,259,7,8,Tosa,Kashino ,32.48500139231463,133.79062425520598,66.3980969893422,15.0,630.7300113410603,212.72729519048983
2523,Shanghai SouthCh - Nagoya,SEA,PILOT_TO_PILOT,6,2523,260,7,8,Tosa,Kashino ,32.48662768264994,133.7951718435293,66.3980969893422,15.0,630.9801699688022,212.4771365627479
2524,Shanghai SouthCh - Nagoya,SEA,PILOT_TO_PILOT,6,2524,261,7,8,Tosa,Kashino ,32.48825380945185,133.7997195962278,66.3980969893422,15.0,631.2303285965443,212.22697793500583
2525,Shanghai SouthCh - Nagoya,SEA,PILOT_TO_PILOT,6,2525,262,7,8,Tosa,Kashino ,32.4898797727042,133.80426751330117,66.3980969893422,15.0,631.4804872242862,211.9768193072639
2526,Shanghai SouthCh - Nagoya,SEA,PILOT_TO_PILOT,6,2526,263,7,8,Tosa,Kashino ,32.49150557239083,133.80881559474912,66.3980969893422,15.0,631.7306458520281,211.72666067952196
2527,Shanghai SouthCh - Nagoya,SEA,PILOT_TO_PILOT,6,2527,264,7,8,Tosa,Kashino ,32.49313120849558,133.81336384057136,66.3980969893422,15.0,631.9808044797701,211.47650205178002
2528,Shanghai SouthCh - Nagoya,SEA,PILOT_TO_PILOT,6,2528,265,7,8,Tosa,Kashino ,32.494756681002315,133.81791225076756,66.3980969893422,15.0,632.2309631075121,211.22634342403796
2529,Shanghai SouthCh - Nagoya,SEA,PILOT_TO_PILOT,6,2529,266,7,8,Tosa,Kashino ,32.49638198989486,133.82246082533743,66.3980969893422,15.0,632.4811217352541,210.97618479629602
2530,Shanghai SouthCh - Nagoya,SEA,PILOT_TO_PILOT,6,2530,267,7,8,Tosa,Kashino ,32.49800713515706,133.82700956428064,66.3980969893422,15.0,632.7312803629961,210.72602616855397
2531,Shanghai SouthCh - Nagoya,SEA,PILOT_TO_PILOT,6,2531,268,7,8,Tosa,Kashino ,32.49963211677278,133.8315584675969,66.3980969893422,15.0,632.9814389907381,210.47586754081203
2532,Shanghai SouthCh - Nagoya,SEA,PILOT_TO_PILOT,6,2532,269,7,8,Tosa,Kashino ,32.501256934725824,133.83610753528583,66.3980969893422,15.0,633.23159761848,210.2257089130701
2533,Shanghai SouthCh - Nagoya,SEA,PILOT_TO_PILOT,6,2533,270,7,8,Tosa,Kashino ,32.50288158900006,133.84065676734713,66.3980969893422,15.0,633.481756246222,209.97555028532815
2534,Shanghai SouthCh - Nagoya,SEA,PILOT_TO_PILOT,6,2534,271,7,8,Tosa,Kashino ,32.50450607957935,133.84520616378043,66.3980969893422,15.0,633.731914873964,209.7253916575861
2535,Shanghai SouthCh - Nagoya,SEA,PILOT_TO_PILOT,6,2535,272,7,8,Tosa,Kashino ,32.506130406447504,133.84975572458546,66.3980969893422,15.0,633.9820735017059,209.47523302984416
2536,Shanghai SouthCh - Nagoya,SEA,PILOT_TO_PILOT,6,2536,273,7,8,Tosa,Kashino ,32.50775456958838,133.8543054497618,66.3980969893422,15.0,634.232232129448,209.2250744021021
2537,Shanghai SouthCh - Nagoya,SEA,PILOT_TO_PILOT,6,2537,274,7,8,Tosa,Kashino ,32.50937856898581,133.85885533930912,66.3980969893422,15.0,634.4823907571899,208.97491577436017
2538,Shanghai SouthCh - Nagoya,SEA,PILOT_TO_PILOT,6,2538,275,7,8,Tosa,Kashino ,32.51100240462365,133.8634053932271,66.3980969893422,15.0,634.7325493849319,208.72475714661823
2539,Shanghai SouthCh - Nagoya,SEA,PILOT_TO_PILOT,6,2539,276,7,8,Tosa,Kashino ,32.51262607648575,133.86795561151533,66.3980969893422,15.0,634.9827080126738,208.4745985188763
2540,Shanghai SouthCh - Nagoya,SEA,PILOT_TO_PILOT,6,2540,277,7,8,Tosa,Kashino ,32.51424958455594,133.87250599417345,66.3980969893422,15.0,635.2328666404159,208.22443989113424
2541,Shanghai SouthCh - Nagoya,SEA,PILOT_TO_PILOT,6,2541,278,7,8,Tosa,Kashino ,32.51587292881806,133.87705654120114,66.3980969893422,15.0,635.4830252681578,207.9742812633923
2542,Shanghai SouthCh - Nagoya,SEA,PILOT_TO_PILOT,6,2542,279,7,8,Tosa,Kashino ,32.517496109255966,133.88160725259797,66.3980969893422,15.0,635.7331838958997,207.72412263565036
2543,Shanghai SouthCh - Nagoya,SEA,PILOT_TO_PILOT,6,2543,280,7,8,Tosa,Kashino ,32.51911912585349,133.8861581283636,66.3980969893422,15.0,635.9833425236418,207.4739640079083
2544,Shanghai SouthCh - Nagoya,SEA,PILOT_TO_PILOT,6,2544,281,7,8,Tosa,Kashino ,32.520741978594494,133.89070916849758,66.3980969893422,15.0,636.2335011513837,207.22380538016637
2545,Shanghai SouthCh - Nagoya,SEA,PILOT_TO_PILOT,6,2545,282,7,8,Tosa,Kashino ,32.52236466746279,133.89526037299962,66.3980969893422,15.0,636.4836597791257,206.97364675242443
2546,Shanghai SouthCh - Nagoya,SEA,PILOT_TO_PILOT,6,2546,283,7,8,Tosa,Kashino ,32.52398719244224,133.89981174186923,66.3980969893422,15.0,636.7338184068677,206.72348812468238
2547,Shanghai SouthCh - Nagoya,SEA,PILOT_TO_PILOT,6,2547,284,7,8,Tosa,Kashino ,32.52560955351668,133.90436327510605,66.3980969893422,15.0,636.9839770346097,206.47332949694044
2548,Shanghai SouthCh - Nagoya,SEA,PILOT_TO_PILOT,6,2548,285,7,8,Tosa,Kashino ,32.52723175066997,133.90891497270968,66.3980969893422,15.0,637.2341356623516,206.2231708691985
2549,Shanghai SouthCh - Nagoya,SEA,PILOT_TO_PILOT,6,2549,286,7,8,Tosa,Kashino ,32.52885378388593,133.9134668346797,66.3980969893422,15.0,637.4842942900937,205.97301224145644
2550,Shanghai SouthCh - Nagoya,SEA,PILOT_TO_PILOT,6,2550,287,7,8,Tosa,Kashino ,32.53047565314841,133.9180188610157,66.3980969893422,15.0,637.7344529178356,205.7228536137145
2551,Shanghai SouthCh - Nagoya,SEA,PILOT_TO_PILOT,6,2551,288,7,8,Tosa,Kashino ,32.53209735844124,133.92257105171728,66.3980969893422,15.0,637.9846115455775,205.47269498597257
2552,Shanghai SouthCh - Nagoya,SEA,PILOT_TO_PILOT,6,2552,289,7,8,Tosa,Kashino ,32.5337188997483,133.92712340678398,66.3980969893422,15.0,638.2347701733196,205.2225363582305
2553,Shanghai SouthCh - Nagoya,SEA,PILOT_TO_PILOT,6,2553,290,7,8,Tosa,Kashino ,32.5353402770534,133.93167592621538,66.3980969893422,15.0,638.4849288010615,204.97237773048857
2554,Shanghai SouthCh - Nagoya,SEA,PILOT_TO_PILOT,6,2554,291,7,8,Tosa,Kashino ,32.53696149034038,133.93622861001109,66.3980969893422,15.0,638.7350874288035,204.72221910274664
2555,Shanghai SouthCh - Nagoya,SEA,PILOT_TO_PILOT,6,2555,292,7,8,Tosa,Kashino ,32.538582539593115,133.9407814581706,66.3980969893422,15.0,638.9852460565455,204.47206047500458
2556,Shanghai SouthCh - Nagoya,SEA,PILOT_TO_PILOT,6,2556,293,7,8,Tosa,Kashino ,32.54020342479541,133.94533447069352,66.3980969893422,15.0,639.2354046842875,204.22190184726264
2557,Shanghai SouthCh - Nagoya,SEA,PILOT_TO_PILOT,6,2557,294,7,8,Tosa,Kashino ,32.54182414593113,133.94988764757937,66.3980969893422,15.0,639.4855633120294,203.9717432195207
2558,Shanghai SouthCh - Nagoya,SEA,PILOT_TO_PILOT,6,2558,295,7,8,Tosa,Kashino ,32.54344470298409,133.95444098882774,66.3980969893422,15.0,639.7357219397713,203.72158459177876
2559,Shanghai SouthCh - Nagoya,SEA,PILOT_TO_PILOT,6,2559,296,7,8,Tosa,Kashino ,32.54506509593818,133.95899449443814,66.3980969893422,15.0,639.9858805675134,203.4714259640367
2560,Shanghai SouthCh - Nagoya,SEA,PILOT_TO_PILOT,6,2560,297,7,8,Tosa,Kashino ,32.54668532477719,133.96354816441013,66.3980969893422,15.0,640.2360391952553,203.22126733629477
2561,Shanghai SouthCh - Nagoya,SEA,PILOT_TO_PILOT,6,2561,298,7,8,Tosa,Kashino ,32.548305389484995,133.96810199874318,66.3980969893422,15.0,640.4861978229974,202.97110870855272
2562,Shanghai SouthCh - Nagoya,SEA,PILOT_TO_PILOT,6,2562,299,7,8,Tosa,Kashino ,32.54992529004542,133.97265599743687,66.3980969893422,15.0,640.7363564507393,202.72095008081078
2563,Shanghai SouthCh - Nagoya,SEA,PILOT_TO_PILOT,6,2563,300,7,8,Tosa,Kashino ,32.55154502644233,133.97721016049073,66.3980969893422,15.0,640.9865150784813,202.47079145306884
2564,Shanghai SouthCh - Nagoya,SEA,PILOT_TO_PILOT,6,2564,301,7,8,Tosa,Kashino ,32.55316459865953,133.98176448790426,66.3980969893422,15.0,641.2366737062232,202.2206328253269
2565,Shanghai SouthCh - Nagoya,SEA,PILOT_TO_PILOT,6,2565,302,7,8,Tosa,Kashino ,32.55478400668089,133.98631897967698,66.3980969893422,15.0,641.4868323339653,201.97047419758485
2566,Shanghai SouthCh - Nagoya,SEA,PILOT_TO_PILOT,6,2566,303,7,8,Tosa,Kashino ,32.55640325049025,133.99087363580838,66.3980969893422,15.0,641.7369909617072,201.7203155698429
2567,Shanghai SouthCh - Nagoya,SEA,PILOT_TO_PILOT,6,2567,304,7,8,Tosa,Kashino ,32.558022330071445,133.99542845629796,66.3980969893422,15.0,641.9871495894491,201.47015694210097
2568,Shanghai SouthCh - Nagoya,SEA,PILOT_TO_PILOT,6,2568,305,7,8,Tosa,Kashino ,32.559641245408315,133.99998344114528,66.3980969893422,15.0,642.2373082171912,201.21999831435892
2569,Shanghai SouthCh - Nagoya,SEA,PILOT_TO_PILOT,6,2569,306,7,8,Tosa,Kashino ,32.561259996484694,134.00453859034977,66.3980969893422,15.0,642.4874668449331,200.96983968661698
2570,Shanghai SouthCh - Nagoya,SEA,PILOT_TO_PILOT,6,2570,307,7,8,Tosa,Kashino ,32.56287858328444,134.00909390391092,66.3980969893422,15.0,642.7376254726751,200.71968105887504
2571,Shanghai SouthCh - Nagoya,SEA,PILOT_TO_PILOT,6,2571,308,7,8,Tosa,Kashino ,32.56449700579139,134.01364938182826,66.3980969893422,15.0,642.9877841004171,200.469522431133
2572,Shanghai SouthCh - Nagoya,SEA,PILOT_TO_PILOT,6,2572,309,7,8,Tosa,Kashino ,32.56611526398938,134.0182050241012,66.3980969893422,15.0,643.237942728159,200.21936380339105
2573,Shanghai SouthCh - Nagoya,SEA,PILOT_TO_PILOT,6,2573,310,7,8,Tosa,Kashino ,32.56773335786225,134.02276083072928,66.3980969893422,15.0,643.488101355901,199.9692051756491
2574,Shanghai SouthCh - Nagoya,SEA,PILOT_TO_PILOT,6,2574,311,7,8,Tosa,Kashino ,32.56935128739384,134.02731680171195,66.3980969893422,15.0,643.738259983643,199.71904654790706
2575,Shanghai SouthCh - Nagoya,SEA,PILOT_TO_PILOT,6,2575,312,7,8,Tosa,Kashino ,32.57096905256802,134.03187293704863,66.3980969893422,15.0,643.988418611385,199.46888792016512
2576,Shanghai SouthCh - Nagoya,SEA,PILOT_TO_PILOT,6,2576,313,7,8,Tosa,Kashino ,32.57258665336859,134.03642923673885,66.3980969893422,15.0,644.2385772391269,199.21872929242318
2577,Shanghai SouthCh - Nagoya,SEA,PILOT_TO_PILOT,6,2577,314,7,8,Tosa,Kashino ,32.57420408977941,134.04098570078202,66.3980969893422,15.0,644.488735866869,198.96857066468112
2578,Shanghai SouthCh - Nagoya,SEA,PILOT_TO_PILOT,6,2578,315,7,8,Tosa,Kashino ,32.57582136178431,134.04554232917758,66.3980969893422,15.0,644.7388944946109,198.71841203693918
2579,Shanghai SouthCh - Nagoya,SEA,PILOT_TO_PILOT,6,2579,316,7,8,Tosa,Kashino ,32.57743846936716,134.05009912192503,66.3980969893422,15.0,644.9890531223529,198.46825340919725
2580,Shanghai SouthCh - Nagoya,SEA,PILOT_TO_PILOT,6,2580,317,7,8,Tosa,Kashino ,32.579055412511764,134.05465607902374,66.3980969893422,15.0,645.2392117500949,198.2180947814552
2581,Shanghai SouthCh - Nagoya,SEA,PILOT_TO_PILOT,6,2581,318,7,8,Tosa,Kashino ,32.58067219120199,134.05921320047318,66.3980969893422,15.0,645.4893703778368,197.96793615371325
2582,Shanghai SouthCh - Nagoya,SEA,PILOT_TO_PILOT,6,2582,319,7,8,Tosa,Kashino ,32.58228880542166,134.06377048627283,66.3980969893422,15.0,645.7395290055788,197.71777752597131
2583,Shanghai SouthCh - Nagoya,SEA,PILOT_TO_PILOT,6,2583,320,7,8,Tosa,Kashino ,32.58390525515463,134.068327936422,66.3980969893422,15.0,645.9896876333207,197.46761889822938
2584,Shanghai SouthCh - Nagoya,SEA,PILOT_TO_PILOT,6,2584,321,7,8,Tosa,Kashino ,32.58552154038473,134.07288555092023,66.3980969893422,15.0,646.2398462610628,197.21746027048732
2585,Shanghai SouthCh - Nagoya,SEA,PILOT_TO_PILOT,6,2585,322,7,8,Tosa,Kashino ,32.58713766109582,134.07744332976685,66.3980969893422,15.0,646.4900048888047,196.96730164274538
2586,Shanghai SouthCh - Nagoya,SEA,PILOT_TO_PILOT,6,2586,323,7,8,Tosa,Kashino ,32.58875361727171,134.0820012729613,66.3980969893422,15.0,646.7401635165468,196.71714301500333
2587,Shanghai SouthCh - Nagoya,SEA,PILOT_TO_PILOT,6,2587,324,7,8,Tosa,Kashino ,32.59036940889626,134.08655938050296,66.3980969893422,15.0,646.9903221442887,196.4669843872614
2588,Shanghai SouthCh - Nagoya,SEA,PILOT_TO_PILOT,6,2588,325,7,8,Tosa,Kashino ,32.5919850359533,134.09111765239132,66.3980969893422,15.0,647.2404807720307,196.21682575951945
2589,Shanghai SouthCh - Nagoya,SEA,PILOT_TO_PILOT,6,2589,326,7,8,Tosa,Kashino ,32.59360049842669,134.09567608862568,66.3980969893422,15.0,647.4906393997726,195.9666671317775
2590,Shanghai SouthCh - Nagoya,SEA,PILOT_TO_PILOT,6,2590,327,7,8,Tosa,Kashino ,32.59521579630026,134.10023468920545,66.3980969893422,15.0,647.7407980275146,195.71650850403546
2591,Shanghai SouthCh - Nagoya,SEA,PILOT_TO_PILOT,6,2591,328,7,8,Tosa,Kashino ,32.59683092955783,134.10479345413006,66.3980969893422,15.0,647.9909566552566,195.46634987629352
2592,Shanghai SouthCh - Nagoya,SEA,PILOT_TO_PILOT,6,2592,329,7,8,Tosa,Kashino ,32.598445898183286,134.10935238339883,66.3980969893422,15.0,648.2411152829985,195.21619124855158
2593,Shanghai SouthCh - Nagoya,SEA,PILOT_TO_PILOT,6,2593,330,7,8,Tosa,Kashino ,32.60006070216042,134.1139114770112,66.3980969893422,15.0,648.4912739107406,194.96603262080953
2594,Shanghai SouthCh - Nagoya,SEA,PILOT_TO_PILOT,6,2594,331,7,8,Tosa,Kashino ,32.6016753414731,134.11847073496648,66.3980969893422,15.0,648.7414325384825,194.7158739930676
2595,Shanghai SouthCh - Nagoya,SEA,PILOT_TO_PILOT,6,2595,332,7,8,Tosa,Kashino ,32.60328981610515,134.12303015726408,66.3980969893422,15.0,648.9915911662245,194.46571536532565
2596,Shanghai SouthCh - Nagoya,SEA,PILOT_TO_PILOT,6,2596,333,7,8,Tosa,Kashino ,32.60490412604044,134.12758974390334,66.3980969893422,15.0,649.2417497939665,194.2155567375836
2597,Shanghai SouthCh - Nagoya,SEA,PILOT_TO_PILOT,6,2597,334,7,8,Tosa,Kashino ,32.606518271262765,134.13214949488363,66.3980969893422,15.0,649.4919084217084,193.96539810984166
2598,Shanghai SouthCh - Nagoya,SEA,PILOT_TO_PILOT,6,2598,335,7,8,Tosa,Kashino ,32.60813225175602,134.13670941020428,66.3980969893422,15.0,649.7420670494504,193.71523948209972
2599,Shanghai SouthCh - Nagoya,SEA,PILOT_TO_PILOT,6,2599,336,7,8,Tosa,Kashino ,32.609746067504,134.14126948986467,66.3980969893422,15.0,649.9922256771924,193.46508085435767
2600,Shanghai SouthCh - Nagoya,SEA,PILOT_TO_PILOT,6,2600,337,7,8,Tosa,Kashino ,32.611359718490554,134.1458297338641,66.3980969893422,15.0,650.2423843049344,193.21492222661573
2601,Shanghai SouthCh - Nagoya,SEA,PILOT_TO_PILOT,6,2601,338,7,8,Tosa,Kashino ,32.612973204699536,134.15039014220196,66.3980969893422,15.0,650.4925429326763,192.9647635988738
2602,Shanghai SouthCh - Nagoya,SEA,PILOT_TO_PILOT,6,2602,339,7,8,Tosa,Kashino ,32.61458652611478,134.15495071487754,66.3980969893422,15.0,650.7427015604184,192.71460497113173
2603,Shanghai SouthCh - Nagoya,SEA,PILOT_TO_PILOT,6,2603,340,7,8,Tosa,Kashino ,32.616199682720115,134.15951145189018,66.3980969893422,15.0,650.9928601881603,192.4644463433898
2604,Shanghai SouthCh - Nagoya,SEA,PILOT_TO_PILOT,6,2604,341,7,8,Tosa,Kashino ,32.61781267449941,134.16407235323922,66.3980969893422,15.0,651.2430188159022,192.21428771564786
2605,Shanghai SouthCh - Nagoya,SEA,PILOT_TO_PILOT,6,2605,342,7,8,Tosa,Kashino ,32.61942550143648,134.16863341892395,66.3980969893422,15.0,651.4931774436443,191.9641290879058
2606,Shanghai SouthCh - Nagoya,SEA,PILOT_TO_PILOT,6,2606,343,7,8,Tosa,Kashino ,32.62103816351515,134.17319464894368,66.3980969893422,15.0,651.7433360713862,191.71397046016386
2607,Shanghai SouthCh - Nagoya,SEA,PILOT_TO_PILOT,6,2607,344,7,8,Tosa,Kashino ,32.622650660719295,134.17775604329773,66.3980969893422,15.0,651.9934946991282,191.46381183242192
2608,Shanghai SouthCh - Nagoya,SEA,PILOT_TO_PILOT,6,2608,345,7,8,Tosa,Kashino ,32.624262993032744,134.18231760198543,66.3980969893422,15.0,652.2436533268701,191.21365320467999
2609,Shanghai SouthCh - Nagoya,SEA,PILOT_TO_PILOT,6,2609,346,7,8,Tosa,Kashino ,32.625875160439335,134.18687932500606,66.3980969893422,15.0,652.4938119546122,190.96349457693793
2610,Shanghai SouthCh - Nagoya,SEA,PILOT_TO_PILOT,6,2610,347,7,8,Tosa,Kashino ,32.62748716292289,134.19144121235885,66.3980969893422,15.0,652.7439705823541,190.713335949196
2611,Shanghai SouthCh - Nagoya,SEA,PILOT_TO_PILOT,6,2611,348,7,8,Tosa,Kashino ,32.62909900046727,134.19600326404318,66.3980969893422,15.0,652.9941292100962,190.46317732145394
2612,Shanghai SouthCh - Nagoya,SEA,PILOT_TO_PILOT,6,2612,349,7,8,Tosa,Kashino ,32.63071067305632,134.2005654800583,66.3980969893422,15.0,653.2442878378381,190.213018693712
2613,Shanghai SouthCh - Nagoya,SEA,PILOT_TO_PILOT,6,2613,350,7,8,Tosa,Kashino ,32.63232218067385,134.20512786040348,66.3980969893422,15.0,653.49444646558,189.96286006597006
2614,Shanghai SouthCh - Nagoya,SEA,PILOT_TO_PILOT,6,2614,351,7,8,Tosa,Kashino ,32.63393352330373,134.209690405078,66.3980969893422,15.0,653.744605093322,189.71270143822812
2615,Shanghai SouthCh - Nagoya,SEA,PILOT_TO_PILOT,6,2615,352,7,8,Tosa,Kashino ,32.63554470092979,134.2142531140811,66.3980969893422,15.0,653.994763721064,189.46254281048607
2616,Shanghai SouthCh - Nagoya,SEA,PILOT_TO_PILOT,6,2616,353,7,8,Tosa,Kashino ,32.63715571353586,134.21881598741209,66.3980969893422,15.0,654.244922348806,189.21238418274413
2617,Shanghai SouthCh - Nagoya,SEA,PILOT_TO_PILOT,6,2617,354,7,8,Tosa,Kashino ,32.63876656110579,134.2233790250702,66.3980969893422,15.0,654.4950809765479,188.9622255550022
2618,Shanghai SouthCh - Nagoya,SEA,PILOT_TO_PILOT,6,2618,355,7,8,Tosa,Kashino ,32.64037724362342,134.22794222705468,66.3980969893422,15.0,654.74523960429,188.71206692726014
2619,Shanghai SouthCh - Nagoya,SEA,PILOT_TO_PILOT,6,2619,356,7,8,Tosa,Kashino ,32.641987761072585,134.2325055933648,66.3980969893422,15.0,654.9953982320319,188.4619082995182
2620,Shanghai SouthCh - Nagoya,SEA,PILOT_TO_PILOT,6,2620,357,7,8,Tosa,Kashino ,32.64359811343712,134.23706912399985,66.3980969893422,15.0,655.2455568597738,188.21174967177626
2621,Shanghai SouthCh - Nagoya,SEA,PILOT_TO_PILOT,6,2621,358,7,8,Tosa,Kashino ,32.645208300700865,134.24163281895895,66.3980969893422,15.0,655.4957154875159,187.9615910440342
2622,Shanghai SouthCh - Nagoya,SEA,PILOT_TO_PILOT,6,2622,359,7,8,Tosa,Kashino ,32.64681832284768,134.2461966782414,66.3980969893422,15.0,655.7458741152578,187.71143241629227
2623,Shanghai SouthCh - Nagoya,SEA,PILOT_TO_PILOT,6,2623,360,7,8,Tosa,Kashino ,32.64842817986138,134.25076070184647,66.3980969893422,15.0,655.9960327429998,187.46127378855033
2624,Shanghai SouthCh - Nagoya,SEA,PILOT_TO_PILOT,6,2624,361,7,8,Tosa,Kashino ,32.65003787172581,134.2553248897733,66.3980969893422,15.0,656.2461913707418,187.21111516080828
2625,Shanghai SouthCh - Nagoya,SEA,PILOT_TO_PILOT,6,2625,362,7,8,Tosa,Kashino ,32.651647398424814,134.25988924202113,66.3980969893422,15.0,656.4963499984838,186.96095653306634
2626,Shanghai SouthCh - Nagoya,SEA,PILOT_TO_PILOT,6,2626,363,7,8,Tosa,Kashino ,32.653256759942224,134.26445375858924,66.3980969893422,15.0,656.7465086262257,186.7107979053244
2627,Shanghai SouthCh - Nagoya,SEA,PILOT_TO_PILOT,6,2627,364,7,8,Tosa,Kashino ,32.654865956261894,134.26901843947678,66.3980969893422,15.0,656.9966672539678,186.46063927758235
2628,Shanghai SouthCh - Nagoya,SEA,PILOT_TO_PILOT,6,2628,365,7,8,Tosa,Kashino ,32.656474987367645,134.27358328468296,66.3980969893422,15.0,657.2468258817097,186.2104806498404
2629,Shanghai SouthCh - Nagoya,SEA,PILOT_TO_PILOT,6,2629,366,7,8,Tosa,Kashino ,32.65808385324332,134.278148294207,66.3980969893422,15.0,657.4969845094516,185.96032202209847
2630,Shanghai SouthCh - Nagoya,SEA,PILOT_TO_PILOT,6,2630,367,7,8,Tosa,Kashino ,32.65969255387277,134.28271346804806,66.3980969893422,15.0,657.7471431371937,185.7101633943564
2631,Shanghai SouthCh - Nagoya,SEA,PILOT_TO_PILOT,6,2631,368,7,8,Tosa,Kashino ,32.66130108923982,134.28727880620536,66.3980969893422,15.0,657.9973017649356,185.46000476661447
2632,Shanghai SouthCh - Nagoya,SEA,PILOT_TO_PILOT,6,2632,369,7,8,Tosa,Kashino ,32.662909459328326,134.2918443086781,66.3980969893422,15.0,658.2474603926776,185.20984613887254
2633,Shanghai SouthCh - Nagoya,SEA,PILOT_TO_PILOT,6,2633,370,7,8,Tosa,Kashino ,32.66451766412211,134.29640997546542,66.3980969893422,15.0,658.4976190204195,184.9596875111306
2634,Shanghai SouthCh - Nagoya,SEA,PILOT_TO_PILOT,6,2634,371,7,8,Tosa,Kashino ,32.66612570360502,134.3009758065665,66.3980969893422,15.0,658.7477776481616,184.70952888338854
2635,Shanghai SouthCh - Nagoya,SEA,PILOT_TO_PILOT,6,2635,372,7,8,Tosa,Kashino ,32.6677335777609,134.30554180198055,66.3980969893422,15.0,658.9979362759035,184.4593702556466
2636,Shanghai SouthCh - Nagoya,SEA,PILOT_TO_PILOT,6,2636,373,7,8,Tosa,Kashino ,32.66934128657357,134.3101079617067,66.3980969893422,15.0,659.2480949036456,184.20921162790455
2637,Shanghai SouthCh - Nagoya,SEA,PILOT_TO_PILOT,6,2637,374,7,8,Tosa,Kashino ,32.670948830026894,134.31467428574408,66.3980969893422,15.0,659.4982535313875,183.9590530001626
2638,Shanghai SouthCh - Nagoya,SEA,PILOT_TO_PILOT,6,2638,375,7,8,Tosa,Kashino ,32.67255620810469,134.31924077409192,66.3980969893422,15.0,659.7484121591294,183.70889437242067
2639,Shanghai SouthCh - Nagoya,SEA,PILOT_TO_PILOT,6,2639,376,7,8,Tosa,Kashino ,32.6741634207908,134.32380742674934,66.3980969893422,15.0,659.9985707868714,183.45873574467873
2640,Shanghai SouthCh - Nagoya,SEA,PILOT_TO_PILOT,6,2640,377,7,8,Tosa,Kashino ,32.675770468069075,134.32837424371544,66.3980969893422,15.0,660.2487294146134,183.20857711693668
2641,Shanghai SouthCh - Nagoya,SEA,PILOT_TO_PILOT,6,2641,378,7,8,Tosa,Kashino ,32.67737734992335,134.3329412249894,66.3980969893422,15.0,660.4988880423554,182.95841848919474
2642,Shanghai SouthCh - Nagoya,SEA,PILOT_TO_PILOT,6,2642,379,7,8,Tosa,Kashino ,32.678984066337456,134.3375083705704,66.3980969893422,15.0,660.7490466700973,182.7082598614528
2643,Shanghai SouthCh - Nagoya,SEA,PILOT_TO_PILOT,6,2643,380,7,8,Tosa,Kashino ,32.68059061729523,134.34207568045747,66.3980969893422,15.0,660.9992052978394,182.45810123371075
2644,Shanghai SouthCh - Nagoya,SEA,PILOT_TO_PILOT,6,2644,381,7,8,Tosa,Kashino ,32.682197002780526,134.34664315464983,66.3980969893422,15.0,661.2493639255813,182.2079426059688
2645,Shanghai SouthCh - Nagoya,SEA,PILOT_TO_PILOT,6,2645,382,7,8,Tosa,Kashino ,32.68380322277717,134.35121079314655,66.3980969893422,15.0,661.4995225533232,181.95778397822687
2646,Shanghai SouthCh - Nagoya,SEA,PILOT_TO_PILOT,6,2646,383,7,8,Tosa,Kashino ,32.685409277269,134.35577859594673,66.3980969893422,15.0,661.7496811810653,181.70762535048482
2647,Shanghai SouthCh - Nagoya,SEA,PILOT_TO_PILOT,6,2647,384,7,8,Tosa,Kashino ,32.687015166239874,134.36034656304952,66.3980969893422,15.0,661.9998398088072,181.45746672274288
2648,Shanghai SouthCh - Nagoya,SEA,PILOT_TO_PILOT,6,2648,385,7,8,Tosa,Kashino ,32.68862088967361,134.36491469445403,66.3980969893422,15.0,662.2499984365492,181.20730809500094
2649,Shanghai SouthCh - Nagoya,SEA,PILOT_TO_PILOT,6,2649,386,7,8,Tosa,Kashino ,32.69022644755406,134.3694829901593,66.3980969893422,15.0,662.5001570642912,180.9571494672589
2650,Shanghai SouthCh - Nagoya,SEA,PILOT_TO_PILOT,6,2650,387,7,8,Tosa,Kashino ,32.69183183986504,134.3740514501645,66.3980969893422,15.0,662.7503156920332,180.70699083951695
2651,Shanghai SouthCh - Nagoya,SEA,PILOT_TO_PILOT,6,2651,388,7,8,Tosa,Kashino ,32.69343706659041,134.37862007446867,66.3980969893422,15.0,663.0004743197751,180.456832211775
2652,Shanghai SouthCh - Nagoya,SEA,PILOT_TO_PILOT,6,2652,389,7,8,Tosa,Kashino ,32.69504212771402,134.38318886307093,66.3980969893422,15.0,663.2506329475171,180.20667358403296
2653,Shanghai SouthCh - Nagoya,SEA,PILOT_TO_PILOT,6,2653,390,7,8,Tosa,Kashino ,32.69664702321967,134.38775781597036,66.3980969893422,15.0,663.5007915752591,179.95651495629102
2654,Shanghai SouthCh - Nagoya,SEA,PILOT_TO_PILOT,6,2654,391,7,8,Tosa,Kashino ,32.698251753091235,134.392326933166,66.3980969893422,15.0,663.750950203001,179.70635632854908
2655,Shanghai SouthCh - Nagoya,SEA,PILOT_TO_PILOT,6,2655,392,7,8,Tosa,Kashino ,32.69985631731253,134.39689621465695,66.3980969893422,15.0,664.0011088307431,179.45619770080702
2656,Shanghai SouthCh - Nagoya,SEA,PILOT_TO_PILOT,6,2656,393,7,8,Tosa,Kashino ,32.701460715867405,134.40146566044228,66.3980969893422,15.0,664.251267458485,179.20603907306509
2657,Shanghai SouthCh - Nagoya,SEA,PILOT_TO_PILOT,6,2657,394,7,8,Tosa,Kashino ,32.7030649487397,134.40603527052104,66.3980969893422,15.0,664.501426086227,178.95588044532315
2658,Shanghai SouthCh - Nagoya,SEA,PILOT_TO_PILOT,6,2658,395,7,8,Tosa,Kashino ,32.70466901591326,134.4106050448923,66.3980969893422,15.0,664.7515847139689,178.7057218175812
2659,Shanghai SouthCh - Nagoya,SEA,PILOT_TO_PILOT,6,2659,396,7,8,Tosa,Kashino ,32.706272917371905,134.41517498355506,66.3980969893422,15.0,665.001743341711,178.45556318983915
2660,Shanghai SouthCh - Nagoya,SEA,PILOT_TO_PILOT,6,2660,397,7,8,Tosa,Kashino ,32.707876653099476,134.41974508650844,66.3980969893422,15.0,665.2519019694529,178.20540456209721
2661,Shanghai SouthCh - Nagoya,SEA,PILOT_TO_PILOT,6,2661,398,7,8,Tosa,Kashino ,32.70948022307982,134.42431535375144,66.3980969893422,15.0,665.5020605971949,177.95524593435516
2662,Shanghai SouthCh - Nagoya,SEA,PILOT_TO_PILOT,6,2662,399,7,8,Tosa,Kashino ,32.71108362729678,134.42888578528311,66.3980969893422,15.0,665.7522192249369,177.70508730661322
2663,Shanghai SouthCh - Nagoya,SEA,PILOT_TO_PILOT,6,2663,400,7,8,Tosa,Kashino ,32.712686865734184,134.43345638110245,66.3980969893422,15.0,666.0023778526788,177.45492867887128
2664,Shanghai SouthCh - Nagoya,SEA,PILOT_TO_PILOT,6,2664,401,7,8,Tosa,Kashino ,32.71428993837587,134.43802714120852,66.3980969893422,15.0,666.2525364804208,177.20477005112934
2665,Shanghai SouthCh - Nagoya,SEA,PILOT_TO_PILOT,6,2665,402,7,8,Tosa,Kashino ,32.715892845205694,134.44259806560035,66.3980969893422,15.0,666.5026951081628,176.9546114233873
2666,Shanghai SouthCh - Nagoya,SEA,PILOT_TO_PILOT,6,2666,403,7,8,Tosa,Kashino ,32.717495586207484,134.4471691542769,66.3980969893422,15.0,666.7528537359048,176.70445279564535
2667,Shanghai SouthCh - Nagoya,SEA,PILOT_TO_PILOT,6,2667,404,7,8,Tosa,Kashino ,32.71909816136506,134.45174040723728,66.3980969893422,15.0,667.0030123636467,176.4542941679034
2668,Shanghai SouthCh - Nagoya,SEA,PILOT_TO_PILOT,6,2668,405,7,8,Tosa,Kashino ,32.72070057066229,134.4563118244804,66.3980969893422,15.0,667.2531709913887,176.20413554016136
2669,Shanghai SouthCh - Nagoya,SEA,PILOT_TO_PILOT,6,2669,406,7,8,Tosa,Kashino ,32.72230281408299,134.4608834060053,66.3980969893422,15.0,667.5033296191307,175.95397691241942
2670,Shanghai SouthCh - Nagoya,SEA,PILOT_TO_PILOT,6,2670,407,7,8,Tosa,Kashino ,32.72390489161102,134.46545515181097,66.3980969893422,15.0,667.7534882468726,175.70381828467748
2671,Shanghai SouthCh - Nagoya,SEA,PILOT_TO_PILOT,6,2671,408,7,8,Tosa,Kashino ,32.725506803230196,134.47002706189642,66.3980969893422,15.0,668.0036468746147,175.45365965693543
2672,Shanghai SouthCh - Nagoya,SEA,PILOT_TO_PILOT,6,2672,409,7,8,Tosa,Kashino ,32.72710854892437,134.47459913626062,66.3980969893422,15.0,668.2538055023566,175.2035010291935
2673,Shanghai SouthCh - Nagoya,SEA,PILOT_TO_PILOT,6,2673,410,7,8,Tosa,Kashino ,32.728710128677385,134.47917137490256,66.3980969893422,15.0,668.5039641300986,174.95334240145155
2674,Shanghai SouthCh - Nagoya,SEA,PILOT_TO_PILOT,6,2674,411,7,8,Tosa,Kashino ,32.73031154247306,134.48374377782125,66.3980969893422,15.0,668.7541227578406,174.7031837737095
2675,Shanghai SouthCh - Nagoya,SEA,PILOT_TO_PILOT,6,2675,412,7,8,Tosa,Kashino ,32.73191279029525,134.4883163450156,66.3980969893422,15.0,669.0042813855825,174.45302514596756
2676,Shanghai SouthCh - Nagoya,SEA,PILOT_TO_PILOT,6,2676,413,7,8,Tosa,Kashino ,32.733513872127794,134.49288907648457,66.3980969893422,15.0,669.2544400133245,174.20286651822562
2677,Shanghai SouthCh - Nagoya,SEA,PILOT_TO_PILOT,6,2677,414,7,8,Tosa,Kashino ,32.73511478795452,134.4974619722272,66.3980969893422,15.0,669.5045986410665,173.95270789048357
2678,Shanghai SouthCh - Nagoya,SEA,PILOT_TO_PILOT,6,2678,415,7,8,Tosa,Kashino ,32.736715537759274,134.5020350322424,66.3980969893422,15.0,669.7547572688085,173.70254926274163
2679,Shanghai SouthCh - Nagoya,SEA,PILOT_TO_PILOT,6,2679,416,7,8,Tosa,Kashino ,32.7383161215259,134.50660825652912,66.3980969893422,15.0,670.0049158965504,173.4523906349997
2680,Shanghai SouthCh - Nagoya,SEA,PILOT_TO_PILOT,6,2680,417,7,8,Tosa,Kashino ,32.73991653923821,134.5111816450863,66.3980969893422,15.0,670.2550745242925,173.20223200725763
2681,Shanghai SouthCh - Nagoya,SEA,PILOT_TO_PILOT,6,2681,418,7,8,Tosa,Kashino ,32.74151679088008,134.51575519791288,66.3980969893422,15.0,670.5052331520344,172.9520733795157
2682,Shanghai SouthCh - Nagoya,SEA,PILOT_TO_PILOT,6,2682,419,7,8,Tosa,Kashino ,32.743116876435316,134.52032891500784,66.3980969893422,15.0,670.7553917797763,172.70191475177376
2683,Shanghai SouthCh - Nagoya,SEA,PILOT_TO_PILOT,6,2683,420,7,8,Tosa,Kashino ,32.74471679588778,134.52490279637007,66.3980969893422,15.0,671.0055504075183,172.45175612403182
2684,Shanghai SouthCh - Nagoya,SEA,PILOT_TO_PILOT,6,2684,421,7,8,Tosa,Kashino ,32.74631654922129,134.5294768419985,66.3980969893422,15.0,671.2557090352603,172.20159749628976
2685,Shanghai SouthCh - Nagoya,SEA,PILOT_TO_PILOT,6,2685,422,7,8,Tosa,Kashino ,32.747916136419704,134.53405105189208,66.3980969893422,15.0,671.5058676630023,171.95143886854783
2686,Shanghai SouthCh - Nagoya,SEA,PILOT_TO_PILOT,6,2686,423,7,8,Tosa,Kashino ,32.74951555746685,134.53862542604972,66.3980969893422,15.0,671.7560262907443,171.70128024080577
2687,Shanghai SouthCh - Nagoya,SEA,PILOT_TO_PILOT,6,2687,424,7,8,Tosa,Kashino ,32.75111481234657,134.5431999644703,66.3980969893422,15.0,672.0061849184863,171.45112161306383
2688,Shanghai SouthCh - Nagoya,SEA,PILOT_TO_PILOT,6,2688,425,7,8,Tosa,Kashino ,32.752713901042696,134.54777466715274,66.3980969893422,15.0,672.2563435462282,171.2009629853219
2689,Shanghai SouthCh - Nagoya,SEA,PILOT_TO_PILOT,6,2689,426,7,8,Tosa,Kashino ,32.754312823539074,134.55234953409598,66.3980969893422,15.0,672.5065021739701,170.95080435757995
2690,Shanghai SouthCh - Nagoya,SEA,PILOT_TO_PILOT,6,2690,427,7,8,Tosa,Kashino ,32.755911579819546,134.55692456529886,66.3980969893422,15.0,672.7566608017122,170.7006457298379
2691,Shanghai SouthCh - Nagoya,SEA,PILOT_TO_PILOT,6,2691,428,7,8,Tosa,Kashino ,32.75751016986793,134.56149976076034,66.3980969893422,15.0,673.0068194294541,170.45048710209596
2692,Shanghai SouthCh - Nagoya,SEA,PILOT_TO_PILOT,6,2692,429,7,8,Tosa,Kashino ,32.759108593668074,134.56607512047924,66.3980969893422,15.0,673.2569780571961,170.20032847435402
2693,Shanghai SouthCh - Nagoya,SEA,PILOT_TO_PILOT,6,2693,430,7,8,Tosa,Kashino ,32.760706851203835,134.57065064445445,66.3980969893422,15.0,673.5071366849381,169.95016984661197
2694,Shanghai SouthCh - Nagoya,SEA,PILOT_TO_PILOT,6,2694,431,7,8,Tosa,Kashino ,32.76230494245904,134.5752263326849,66.3980969893422,15.0,673.7572953126801,169.70001121887003
2695,Shanghai SouthCh - Nagoya,SEA,PILOT_TO_PILOT,6,2695,432,7,8,Tosa,Kashino ,32.763902867417514,134.57980218516943,66.3980969893422,15.0,674.007453940422,169.4498525911281
2696,Shanghai SouthCh - Nagoya,SEA,PILOT_TO_PILOT,6,2696,433,7,8,Tosa,Kashino ,32.76550062606311,134.5843782019069,66.3980969893422,15.0,674.2576125681641,169.19969396338604
2697,Shanghai SouthCh - Nagoya,SEA,PILOT_TO_PILOT,6,2697,434,7,8,Tosa,Kashino ,32.767098218379665,134.5889543828962,66.3980969893422,15.0,674.507771195906,168.9495353356441
2698,Shanghai SouthCh - Nagoya,SEA,PILOT_TO_PILOT,6,2698,435,7,8,Tosa,Kashino ,32.768695644351006,134.59353072813616,66.3980969893422,15.0,674.7579298236479,168.69937670790216
2699,Shanghai SouthCh - Nagoya,SEA,PILOT_TO_PILOT,6,2699,436,7,8,Tosa,Kashino ,32.77029290396099,134.5981072376256,66.3980969893422,15.0,675.00808845139,168.4492180801601
2700,Shanghai SouthCh - Nagoya,SEA,PILOT_TO_PILOT,6,2700,437,7,8,Tosa,Kashino ,32.77188999719345,134.60268391136347,66.3980969893422,15.0,675.2582470791319,168.19905945241817
2701,Shanghai SouthCh - Nagoya,SEA,PILOT_TO_PILOT,6,2701,438,7,8,Tosa,Kashino ,32.773486924032206,134.6072607493485,66.3980969893422,15.0,675.5084057068739,167.94890082467623
2702,Shanghai SouthCh - Nagoya,SEA,PILOT_TO_PILOT,6,2702,439,7,8,Tosa,Kashino ,32.775083684461116,134.6118377515796,66.3980969893422,15.0,675.7585643346159,167.69874219693418
2703,Shanghai SouthCh - Nagoya,SEA,PILOT_TO_PILOT,6,2703,440,7,8,Tosa,Kashino ,32.77668027846402,134.6164149180556,66.3980969893422,15.0,676.0087229623579,167.44858356919224
2704,Shanghai SouthCh - Nagoya,SEA,PILOT_TO_PILOT,6,2704,441,7,8,Tosa,Kashino ,32.77827670602475,134.62099224877528,66.3980969893422,15.0,676.2588815900998,167.1984249414503
2705,Shanghai SouthCh - Nagoya,SEA,PILOT_TO_PILOT,6,2705,442,7,8,Tosa,Kashino ,32.77987296712715,134.62556974373751,66.3980969893422,15.0,676.5090402178419,166.94826631370825
2706,Shanghai SouthCh - Nagoya,SEA,PILOT_TO_PILOT,6,2706,443,7,8,Tosa,Kashino ,32.78146906175503,134.63014740294108,66.3980969893422,15.0,676.7591988455838,166.6981076859663
2707,Shanghai SouthCh - Nagoya,SEA,PILOT_TO_PILOT,6,2707,444,7,8,Tosa,Kashino ,32.78306498989227,134.6347252263848,66.3980969893422,15.0,677.0093574733257,166.44794905822437
2708,Shanghai SouthCh - Nagoya,SEA,PILOT_TO_PILOT,6,2708,445,7,8,Tosa,Kashino ,32.78466075152268,134.6393032140675,66.3980969893422,15.0,677.2595161010677,166.19779043048243
2709,Shanghai SouthCh - Nagoya,SEA,PILOT_TO_PILOT,6,2709,446,7,8,Tosa,Kashino ,32.786256346630125,134.64388136598797,66.3980969893422,15.0,677.5096747288097,165.94763180274037
2710,Shanghai SouthCh - Nagoya,SEA,PILOT_TO_PILOT,6,2710,447,7,8,Tosa,Kashino ,32.78785177519841,134.648459682145,66.3980969893422,15.0,677.7598333565517,165.69747317499844
2711,Shanghai SouthCh - Nagoya,SEA,PILOT_TO_PILOT,6,2711,448,7,8,Tosa,Kashino ,32.789447037211396,134.6530381625374,66.3980969893422,15.0,678.0099919842937,165.44731454725638
2712,Shanghai SouthCh - Nagoya,SEA,PILOT_TO_PILOT,6,2712,449,7,8,Tosa,Kashino ,32.79104213265292,134.65761680716395,66.3980969893422,15.0,678.2601506120357,165.19715591951444
2713,Shanghai SouthCh - Nagoya,SEA,PILOT_TO_PILOT,6,2713,450,7,8,Tosa,Kashino ,32.792637061506824,134.6621956160234,66.3980969893422,15.0,678.5103092397776,164.9469972917725
2714,Shanghai SouthCh - Nagoya,SEA,PILOT_TO_PILOT,6,2714,451,7,8,Tosa,Kashino ,32.794231823756924,134.66677458911462,66.3980969893422,15.0,678.7604678675195,164.69683866403057
2715,Shanghai SouthCh - Nagoya,SEA,PILOT_TO_PILOT,6,2715,452,7,8,Tosa,Kashino ,32.79582641938708,134.67135372643625,66.3980969893422,15.0,679.0106264952616,164.4466800362885
2716,Shanghai SouthCh - Nagoya,SEA,PILOT_TO_PILOT,6,2716,453,7,8,Tosa,Kashino ,32.79742084838113,134.67593302798716,66.3980969893422,15.0,679.2607851230035,164.19652140854657
2717,Shanghai SouthCh - Nagoya,SEA,PILOT_TO_PILOT,6,2717,454,7,8,Tosa,Kashino ,32.79901511072289,134.68051249376612,66.3980969893422,15.0,679.5109437507455,163.94636278080463
2718,Shanghai SouthCh - Nagoya,SEA,PILOT_TO_PILOT,6,2718,455,7,8,Tosa,Kashino ,32.800609206396246,134.68509212377177,66.3980969893422,15.0,679.7611023784875,163.69620415306258
2719,Shanghai SouthCh - Nagoya,SEA,PILOT_TO_PILOT,6,2719,456,7,8,Tosa,Kashino ,32.80220313538499,134.68967191800297,66.3980969893422,15.0,680.0112610062295,163.44604552532064
2720,Shanghai SouthCh - Nagoya,SEA,PILOT_TO_PILOT,6,2720,457,7,8,Tosa,Kashino ,32.80379689767298,134.69425187645845,66.3980969893422,15.0,680.2614196339714,163.1958868975787
2721,Shanghai SouthCh - Nagoya,SEA,PILOT_TO_PILOT,6,2721,458,7,8,Tosa,Kashino ,32.80539049324405,134.69883199913696,66.3980969893422,15.0,680.5115782617135,162.94572826983665
2722,Shanghai SouthCh - Nagoya,SEA,PILOT_TO_PILOT,6,2722,459,7,8,Tosa,Kashino ,32.80698392208204,134.70341228603718,66.3980969893422,15.0,680.7617368894554,162.6955696420947
2723,Shanghai SouthCh - Nagoya,SEA,PILOT_TO_PILOT,6,2723,460,7,8,Tosa,Kashino ,32.8085771841708,134.70799273715792,66.3980969893422,15.0,681.0118955171973,162.44541101435277
2724,Shanghai SouthCh - Nagoya,SEA,PILOT_TO_PILOT,6,2724,461,7,8,Tosa,Kashino ,32.81017027949415,134.71257335249783,66.3980969893422,15.0,681.2620541449394,162.19525238661072
2725,Shanghai SouthCh - Nagoya,SEA,PILOT_TO_PILOT,6,2725,462,7,8,Tosa,Kashino ,32.81176320803594,134.7171541320557,66.3980969893422,15.0,681.5122127726813,161.94509375886878
2726,Shanghai SouthCh - Nagoya,SEA,PILOT_TO_PILOT,6,2726,463,7,8,Tosa,Kashino ,32.81335596978002,134.72173507583017,66.3980969893422,15.0,681.7623714004233,161.69493513112684
2727,Shanghai SouthCh - Nagoya,SEA,PILOT_TO_PILOT,6,2727,464,7,8,Tosa,Kashino ,32.814948564710186,134.72631618382005,66.3980969893422,15.0,682.0125300281653,161.4447765033848
2728,Shanghai SouthCh - Nagoya,SEA,PILOT_TO_PILOT,6,2728,465,7,8,Tosa,Kashino ,32.816540992810324,134.73089745602397,66.3980969893422,15.0,682.2626886559073,161.19461787564285
2729,Shanghai SouthCh - Nagoya,SEA,PILOT_TO_PILOT,6,2729,466,7,8,Tosa,Kashino ,32.81813325406426,134.73547889244065,66.3980969893422,15.0,682.5128472836492,160.9444592479009
2730,Shanghai SouthCh - Nagoya,SEA,PILOT_TO_PILOT,6,2730,467,7,8,Tosa,Kashino ,32.81972534845581,134.74006049306882,66.3980969893422,15.0,682.7630059113912,160.69430062015886
2731,Shanghai SouthCh - Nagoya,SEA,PILOT_TO_PILOT,6,2731,468,7,8,Tosa,Kashino ,32.821317275968845,134.74464225790715,66.3980969893422,15.0,683.0131645391332,160.44414199241692
2732,Shanghai SouthCh - Nagoya,SEA,PILOT_TO_PILOT,6,2732,469,7,8,Tosa,Kashino ,32.82290903658719,134.7492241869543,66.3980969893422,15.0,683.2633231668751,160.19398336467498
2733,Shanghai SouthCh - Nagoya,SEA,PILOT_TO_PILOT,6,2733,470,7,8,Tosa,Kashino ,32.82450063029467,134.753806280209,66.3980969893422,15.0,683.5134817946171,159.94382473693304
2734,Shanghai SouthCh - Nagoya,SEA,PILOT_TO_PILOT,6,2734,471,7,8,Tosa,Kashino ,32.82609205707515,134.7583885376699,66.3980969893422,15.0,683.7636404223591,159.69366610919099
2735,Shanghai SouthCh - Nagoya,SEA,PILOT_TO_PILOT,6,2735,472,7,8,Tosa,Kashino ,32.82768331691245,134.7629709593357,66.3980969893422,15.0,684.013799050101,159.44350748144905
2736,Shanghai SouthCh - Nagoya,SEA,PILOT_TO_PILOT,6,2736,473,7,8,Tosa,Kashino ,32.82927440979041,134.767553545205,66.3980969893422,15.0,684.2639576778431,159.193348853707
2737,Shanghai SouthCh - Nagoya,SEA,PILOT_TO_PILOT,6,2737,474,7,8,Tosa,Kashino ,32.83086533569289,134.77213629527654,66.3980969893422,15.0,684.514116305585,158.94319022596505
2738,Shanghai SouthCh - Nagoya,SEA,PILOT_TO_PILOT,6,2738,475,7,8,Tosa,Kashino ,32.83245609460371,134.77671920954893,66.3980969893422,15.0,684.764274933327,158.69303159822311
2739,Shanghai SouthCh - Nagoya,SEA,PILOT_TO_PILOT,6,2739,476,7,8,Tosa,Kashino ,32.8340466865067,134.78130228802084,66.3980969893422,15.0,685.0144335610689,158.44287297048118
2740,Shanghai SouthCh - Nagoya,SEA,PILOT_TO_PILOT,6,2740,477,7,8,Tosa,Kashino ,32.83563711138573,134.7858855306909,66.3980969893422,15.0,685.264592188811,158.19271434273912
2741,Shanghai SouthCh - Nagoya,SEA,PILOT_TO_PILOT,6,2741,478,7,8,Tosa,Kashino ,32.83722736922461,134.7904689375578,66.3980969893422,15.0,685.5147508165529,157.94255571499718
2742,Shanghai SouthCh - Nagoya,SEA,PILOT_TO_PILOT,6,2742,479,7,8,Tosa,Kashino ,32.83881746000719,134.79505250862013,66.3980969893422,15.0,685.7649094442949,157.69239708725524
2743,Shanghai SouthCh - Nagoya,SEA,PILOT_TO_PILOT,6,2743,480,7,8,Tosa,Kashino ,32.8404073837173,134.7996362438765,66.3980969893422,15.0,686.0150680720369,157.4422384595132
2744,Shanghai SouthCh - Nagoya,SEA,PILOT_TO_PILOT,6,2744,481,7,8,Tosa,Kashino ,32.841997140338805,134.8042201433256,66.3980969893422,15.0,686.2652266997789,157.19207983177125
2745,Shanghai SouthCh - Nagoya,SEA,PILOT_TO_PILOT,6,2745,482,7,8,Tosa,Kashino ,32.843586729855524,134.80880420696604,66.3980969893422,15.0,686.5153853275208,156.9419212040293
2746,Shanghai SouthCh - Nagoya,SEA,PILOT_TO_PILOT,6,2746,483,7,8,Tosa,Kashino ,32.8451761522513,134.81338843479637,66.3980969893422,15.0,686.7655439552628,156.69176257628726
2747,Shanghai SouthCh - Nagoya,SEA,PILOT_TO_PILOT,6,2747,484,7,8,Tosa,Kashino ,32.84676540750996,134.8179728268153,66.3980969893422,15.0,687.0157025830048,156.44160394854532
2748,Shanghai SouthCh - Nagoya,SEA,PILOT_TO_PILOT,6,2748,485,7,8,Tosa,Kashino ,32.848354495615354,134.82255738302138,66.3980969893422,15.0,687.2658612107467,156.19144532080338
2749,Shanghai SouthCh - Nagoya,SEA,PILOT_TO_PILOT,6,2749,486,7,8,Tosa,Kashino ,32.84994341655134,134.8271421034132,66.3980969893422,15.0,687.5160198384888,155.94128669306133
2750,Shanghai SouthCh - Nagoya,SEA,PILOT_TO_PILOT,6,2750,487,7,8,Tosa,Kashino ,32.85153217030174,134.83172698798938,66.3980969893422,15.0,687.7661784662307,155.6911280653194
2751,Shanghai SouthCh - Nagoya,SEA,PILOT_TO_PILOT,6,2751,488,7,8,Tosa,Kashino ,32.85312075685038,134.83631203674852,66.3980969893422,15.0,688.0163370939727,155.44096943757745
2752,Shanghai SouthCh - Nagoya,SEA,PILOT_TO_PILOT,6,2752,489,7,8,Tosa,Kashino ,32.85470917618112,134.8408972496892,66.3980969893422,15.0,688.2664957217147,155.1908108098354
2753,Shanghai SouthCh - Nagoya,SEA,PILOT_TO_PILOT,6,2753,490,7,8,Tosa,Kashino ,32.856297428277784,134.84548262680997,66.3980969893422,15.0,688.5166543494566,154.94065218209346
2754,Shanghai SouthCh - Nagoya,SEA,PILOT_TO_PILOT,6,2754,491,7,8,Tosa,Kashino ,32.85788551312423,134.85006816810943,66.3980969893422,15.0,688.7668129771986,154.69049355435152
2755,Shanghai SouthCh - Nagoya,SEA,PILOT_TO_PILOT,6,2755,492,7,8,Tosa,Kashino ,32.859473430704284,134.8546538735862,66.3980969893422,15.0,689.0169716049406,154.44033492660947
2756,Shanghai SouthCh - Nagoya,SEA,PILOT_TO_PILOT,6,2756,493,7,8,Tosa,Kashino ,32.861061181001794,134.85923974323876,66.3980969893422,15.0,689.2671302326826,154.19017629886753
2757,Shanghai SouthCh - Nagoya,SEA,PILOT_TO_PILOT,6,2757,494,7,8,Tosa,Kashino ,32.86264876400058,134.86382577706573,66.3980969893422,15.0,689.5172888604245,153.9400176711256
2758,Shanghai SouthCh - Nagoya,SEA,PILOT_TO_PILOT,6,2758,495,7,8,Tosa,Kashino ,32.86423617968451,134.86841197506567,66.3980969893422,15.0,689.7674474881665,153.68985904338365
2759,Shanghai SouthCh - Nagoya,SEA,PILOT_TO_PILOT,6,2759,496,7,8,Tosa,Kashino ,32.8658234280374,134.8729983372371,66.3980969893422,15.0,690.0176061159085,153.4397004156416
2760,Shanghai SouthCh - Nagoya,SEA,PILOT_TO_PILOT,6,2760,497,7,8,Tosa,Kashino ,32.86741050904311,134.87758486357856,66.3980969893422,15.0,690.2677647436504,153.18954178789966
2761,Shanghai SouthCh - Nagoya,SEA,PILOT_TO_PILOT,6,2761,498,7,8,Tosa,Kashino ,32.86899742268547,134.8821715540886,66.3980969893422,15.0,690.5179233713925,152.9393831601576
2762,Shanghai SouthCh - Nagoya,SEA,PILOT_TO_PILOT,6,2762,499,7,8,Tosa,Kashino ,32.87058416894831,134.88675840876576,66.3980969893422,15.0,690.7680819991344,152.68922453241566
2763,Shanghai SouthCh - Nagoya,SEA,PILOT_TO_PILOT,6,2763,500,7,8,Tosa,Kashino ,32.872170747815474,134.8913454276086,66.3980969893422,15.0,691.0182406268764,152.43906590467373
2764,Shanghai SouthCh - Nagoya,SEA,PILOT_TO_PILOT,6,2764,501,7,8,Tosa,Kashino ,32.873757159270816,134.89593261061563,66.3980969893422,15.0,691.2683992546183,152.1889072769318
2765,Shanghai SouthCh - Nagoya,SEA,PILOT_TO_PILOT,6,2765,502,7,8,Tosa,Kashino ,32.87534340329815,134.90051995778535,66.3980969893422,15.0,691.5185578823604,151.93874864918973
2766,Shanghai SouthCh - Nagoya,SEA,PILOT_TO_PILOT,6,2766,503,7,8,Tosa,Kashino ,32.87692947988135,134.9051074691163,66.3980969893422,15.0,691.7687165101023,151.6885900214478
2767,Shanghai SouthCh - Nagoya,SEA,PILOT_TO_PILOT,6,2767,504,7,8,Tosa,Kashino ,32.878515389004235,134.90969514460696,66.3980969893422,15.0,692.0188751378444,151.43843139370574
2768,Shanghai SouthCh - Nagoya,SEA,PILOT_TO_PILOT,6,2768,505,7,8,Tosa,Kashino ,32.880101130650644,134.91428298425586,66.3980969893422,15.0,692.2690337655863,151.1882727659638
2769,Shanghai SouthCh - Nagoya,SEA,PILOT_TO_PILOT,6,2769,506,7,8,Tosa,Kashino ,32.88168670480442,134.91887098806149,66.3980969893422,15.0,692.5191923933282,150.93811413822186
2770,Shanghai SouthCh - Nagoya,SEA,PILOT_TO_PILOT,6,2770,507,7,8,Tosa,Kashino ,32.88327211144941,134.92345915602237,66.3980969893422,15.0,692.7693510210702,150.68795551047992
2771,Shanghai SouthCh - Nagoya,SEA,PILOT_TO_PILOT,6,2771,508,7,8,Tosa,Kashino ,32.88485735056943,134.92804748813697,66.3980969893422,15.0,693.0195096488122,150.43779688273787
2772,Shanghai SouthCh - Nagoya,SEA,PILOT_TO_PILOT,6,2772,509,7,8,Tosa,Kashino ,32.88644242214836,134.9326359844038,66.3980969893422,15.0,693.2696682765542,150.18763825499593
2773,Shanghai SouthCh - Nagoya,SEA,PILOT_TO_PILOT,6,2773,510,7,8,Tosa,Kashino ,32.88802732617001,134.93722464482127,66.3980969893422,15.0,693.5198269042961,149.937479627254
2774,Shanghai SouthCh - Nagoya,SEA,PILOT_TO_PILOT,6,2774,511,7,8,Tosa,Kashino ,32.88961206261823,134.9418134693879,66.3980969893422,15.0,693.7699855320382,149.68732099951194
2775,Shanghai SouthCh - Nagoya,SEA,PILOT_TO_PILOT,6,2775,512,7,8,Tosa,Kashino ,32.89119663147685,134.9464024581022,66.3980969893422,15.0,694.0201441597801,149.43716237177
2776,Shanghai SouthCh - Nagoya,SEA,PILOT_TO_PILOT,6,2776,513,7,8,Tosa,Kashino ,32.89278103272973,134.9509916109626,66.3980969893422,15.0,694.270302787522,149.18700374402806
2777,Shanghai SouthCh - Nagoya,SEA,PILOT_TO_PILOT,6,2777,514,7,8,Tosa,Kashino ,32.89436526636069,134.95558092796753,66.3980969893422,15.0,694.5204614152641,148.936845116286
2778,Shanghai SouthCh - Nagoya,SEA,PILOT_TO_PILOT,6,2778,515,7,8,Tosa,Kashino ,32.89594933235358,134.96017040911553,66.3980969893422,15.0,694.770620043006,148.68668648854407
2779,Shanghai SouthCh - Nagoya,SEA,PILOT_TO_PILOT,6,2779,516,7,8,Tosa,Kashino ,32.89753323069225,134.964760054405,66.3980969893422,15.0,695.020778670748,148.43652786080213
2780,Shanghai SouthCh - Nagoya,SEA,PILOT_TO_PILOT,6,2780,517,7,8,Tosa,Kashino ,32.89911696136052,134.9693498638343,66.3980969893422,15.0,695.27093729849,148.18636923306008
2781,Shanghai SouthCh - Nagoya,SEA,PILOT_TO_PILOT,6,2781,518,7,8,Tosa,Kashino ,32.90070052434224,134.973939837402,66.3980969893422,15.0,695.521095926232,147.93621060531814
2782,Shanghai SouthCh - Nagoya,SEA,PILOT_TO_PILOT,6,2782,519,7,8,Tosa,Kashino ,32.902283919621254,134.9785299751065,66.3980969893422,15.0,695.7712545539739,147.6860519775762
2783,Shanghai SouthCh - Nagoya,SEA,PILOT_TO_PILOT,6,2783,520,7,8,Tosa,Kashino ,32.9038671471814,134.9831202769462,66.3980969893422,15.0,696.0214131817158,147.43589334983426
2784,Shanghai SouthCh - Nagoya,SEA,PILOT_TO_PILOT,6,2784,521,7,8,Tosa,Kashino ,32.905450207006524,134.98771074291957,66.3980969893422,15.0,696.2715718094579,147.1857347220922
2785,Shanghai SouthCh - Nagoya,SEA,PILOT_TO_PILOT,6,2785,522,7,8,Tosa,Kashino ,32.90703309908046,134.99230137302496,66.3980969893422,15.0,696.5217304371998,146.93557609435027
2786,Shanghai SouthCh - Nagoya,SEA,PILOT_TO_PILOT,6,2786,523,7,8,Tosa,Kashino ,32.908615823387045,134.99689216726085,66.3980969893422,15.0,696.7718890649419,146.68541746660821
2787,Shanghai SouthCh - Nagoya,SEA,PILOT_TO_PILOT,6,2787,524,7,8,Tosa,Kashino ,32.91019837991012,135.00148312562564,66.3980969893422,15.0,697.0220476926838,146.43525883886628
2788,Shanghai SouthCh - Nagoya,SEA,PILOT_TO_PILOT,6,2788,525,7,8,Tosa,Kashino ,32.911780768633534,135.0060742481177,66.3980969893422,15.0,697.2722063204258,146.18510021112434
2789,Shanghai SouthCh - Nagoya,SEA,PILOT_TO_PILOT,6,2789,526,7,8,Tosa,Kashino ,32.91336298954113,135.01066553473544,66.3980969893422,15.0,697.5223649481677,145.9349415833824
2790,Shanghai SouthCh - Nagoya,SEA,PILOT_TO_PILOT,6,2790,527,7,8,Tosa,Kashino ,32.91494504261673,135.01525698547727,66.3980969893422,15.0,697.7725235759098,145.68478295564034
2791,Shanghai SouthCh - Nagoya,SEA,PILOT_TO_PILOT,6,2791,528,7,8,Tosa,Kashino ,32.916526927844195,135.0198486003416,66.3980969893422,15.0,698.0226822036517,145.4346243278984
2792,Shanghai SouthCh - Nagoya,SEA,PILOT_TO_PILOT,6,2792,529,7,8,Tosa,Kashino ,32.91810864520736,135.02444037932676,66.3980969893422,15.0,698.2728408313938,145.18446570015635
2793,Shanghai SouthCh - Nagoya,SEA,PILOT_TO_PILOT,6,2793,530,7,8,Tosa,Kashino ,32.91969019469006,135.02903232243116,66.3980969893422,15.0,698.5229994591357,144.9343070724144
2794,Shanghai SouthCh - Nagoya,SEA,PILOT_TO_PILOT,6,2794,531,7,8,Tosa,Kashino ,32.921271576276155,135.03362442965317,66.3980969893422,15.0,698.7731580868776,144.68414844467247
2795,Shanghai SouthCh - Nagoya,SEA,PILOT_TO_PILOT,6,2795,532,7,8,Tosa,Kashino ,32.922852789949445,135.0382167009912,66.3980969893422,15.0,699.0233167146196,144.43398981693053
2796,Shanghai SouthCh - Nagoya,SEA,PILOT_TO_PILOT,6,2796,533,7,8,Tosa,Kashino ,32.924433835693826,135.04280913644354,66.3980969893422,15.0,699.2734753423616,144.18383118918848
2797,Shanghai SouthCh - Nagoya,SEA,PILOT_TO_PILOT,6,2797,534,7,8,Tosa,Kashino ,32.926014713493096,135.04740173600857,66.3980969893422,15.0,699.5236339701036,143.93367256144654
2798,Shanghai SouthCh - Nagoya,SEA,PILOT_TO_PILOT,6,2798,535,7,8,Tosa,Kashino ,32.92759542333111,135.05199449968467,66.3980969893422,15.0,699.7737925978455,143.6835139337046
2799,Shanghai SouthCh - Nagoya,SEA,PILOT_TO_PILOT,6,2799,536,7,8,Tosa,Kashino ,32.929175965191725,135.0565874274702,66.3980969893422,15.0,700.0239512255876,143.43335530596255
2800,Shanghai SouthCh - Nagoya,SEA,PILOT_TO_PILOT,6,2800,537,7,8,Tosa,Kashino ,32.93075633905875,135.06118051936346,66.3980969893422,15.0,700.2741098533295,143.1831966782206
2801,Shanghai SouthCh - Nagoya,SEA,PILOT_TO_PILOT,6,2801,538,7,8,Tosa,Kashino ,32.932336544916055,135.06577377536283,66.3980969893422,15.0,700.5242684810714,142.93303805047867
2802,Shanghai SouthCh - Nagoya,SEA,PILOT_TO_PILOT,6,2802,539,7,8,Tosa,Kashino ,32.93391658274747,135.0703671954666,66.3980969893422,15.0,700.7744271088135,142.68287942273662
2803,Shanghai SouthCh - Nagoya,SEA,PILOT_TO_PILOT,6,2803,540,7,8,Tosa,Kashino ,32.93549645253683,135.0749607796731,66.3980969893422,15.0,701.0245857365554,142.43272079499468
2804,Shanghai SouthCh - Nagoya,SEA,PILOT_TO_PILOT,6,2804,541,7,8,Tosa,Kashino ,32.93707615426799,135.07955452798072,66.3980969893422,15.0,701.2747443642974,142.18256216725274
2805,Shanghai SouthCh - Nagoya,SEA,PILOT_TO_PILOT,6,2805,542,7,8,Tosa,Kashino ,32.938655687924786,135.0841484403877,66.3980969893422,15.0,701.5249029920394,141.9324035395107
2806,Shanghai SouthCh - Nagoya,SEA,PILOT_TO_PILOT,6,2806,543,7,8,Tosa,Kashino ,32.940235053491065,135.0887425168924,66.3980969893422,15.0,701.7750616197814,141.68224491176875
2807,Shanghai SouthCh - Nagoya,SEA,PILOT_TO_PILOT,6,2807,544,7,8,Tosa,Kashino ,32.94181425095065,135.09333675749312,66.3980969893422,15.0,702.0252202475233,141.4320862840268
2808,Shanghai SouthCh - Nagoya,SEA,PILOT_TO_PILOT,6,2808,545,7,8,Tosa,Kashino ,32.94339328028741,135.09793116218813,66.3980969893422,15.0,702.2753788752652,141.18192765628487
2809,Shanghai SouthCh - Nagoya,SEA,PILOT_TO_PILOT,6,2809,546,7,8,Tosa,Kashino ,32.94497214148516,135.1025257309758,66.3980969893422,15.0,702.5255375030073,140.93176902854282
2810,Shanghai SouthCh - Nagoya,SEA,PILOT_TO_PILOT,6,2810,547,7,8,Tosa,Kashino ,32.94655083452776,135.10712046385433,66.3980969893422,15.0,702.7756961307492,140.68161040080088
2811,Shanghai SouthCh - Nagoya,SEA,PILOT_TO_PILOT,6,2811,548,7,8,Tosa,Kashino ,32.94812935939905,135.11171536082207,66.3980969893422,15.0,703.0258547584913,140.43145177305882
2812,Shanghai SouthCh - Nagoya,SEA,PILOT_TO_PILOT,6,2812,549,7,8,Tosa,Kashino ,32.949707716082855,135.1163104218773,66.3980969893422,15.0,703.2760133862332,140.18129314531689
2813,Shanghai SouthCh - Nagoya,SEA,PILOT_TO_PILOT,6,2813,550,7,8,Tosa,Kashino ,32.95128590456304,135.12090564701828,66.3980969893422,15.0,703.5261720139752,139.93113451757495
2814,Shanghai SouthCh - Nagoya,SEA,PILOT_TO_PILOT,6,2814,551,7,8,Tosa,Kashino ,32.95286392482344,135.1255010362433,66.3980969893422,15.0,703.7763306417171,139.680975889833
2815,Shanghai SouthCh - Nagoya,SEA,PILOT_TO_PILOT,6,2815,552,7,8,Tosa,Kashino ,32.9544417768479,135.13009658955062,66.3980969893422,15.0,704.0264892694591,139.43081726209095
2816,Shanghai SouthCh - Nagoya,SEA,PILOT_TO_PILOT,6,2816,553,7,8,Tosa,Kashino ,32.956019460620254,135.13469230693846,66.3980969893422,15.0,704.2766478972011,139.18065863434902
2817,Shanghai SouthCh - Nagoya,SEA,PILOT_TO_PILOT,6,2817,554,7,8,Tosa,Kashino ,32.95759697612434,135.13928818840515,66.3980969893422,15.0,704.5268065249431,138.93050000660696
2818,Shanghai SouthCh - Nagoya,SEA,PILOT_TO_PILOT,6,2818,555,7,8,Tosa,Kashino ,32.959174323344016,135.14388423394888,66.3980969893422,15.0,704.7769651526851,138.68034137886502
2819,Shanghai SouthCh - Nagoya,SEA,PILOT_TO_PILOT,6,2819,556,7,8,Tosa,Kashino ,32.9607515022631,135.14848044356793,66.3980969893422,15.0,705.027123780427,138.43018275112308
2820,Shanghai SouthCh - Nagoya,SEA,PILOT_TO_PILOT,6,2820,557,7,8,Tosa,Kashino ,32.96232851286546,135.15307681726054,66.3980969893422,15.0,705.277282408169,138.18002412338114
2821,Shanghai SouthCh - Nagoya,SEA,PILOT_TO_PILOT,6,2821,558,7,8,Tosa,Kashino ,32.96390535513494,135.15767335502494,66.3980969893422,15.0,705.527441035911,137.9298654956391
2822,Shanghai SouthCh - Nagoya,SEA,PILOT_TO_PILOT,6,2822,559,7,8,Tosa,Kashino ,32.96548202905536,135.16227005685937,66.3980969893422,15.0,705.777599663653,137.67970686789715
2823,Shanghai SouthCh - Nagoya,SEA,PILOT_TO_PILOT,6,2823,560,7,8,Tosa,Kashino ,32.96705853461057,135.16686692276204,66.3980969893422,15.0,706.027758291395,137.4295482401551
2824,Shanghai SouthCh - Nagoya,SEA,PILOT_TO_PILOT,6,2824,561,7,8,Tosa,Kashino ,32.96863487178443,135.1714639527312,66.3980969893422,15.0,706.2779169191369,137.17938961241316
2825,Shanghai SouthCh - Nagoya,SEA,PILOT_TO_PILOT,6,2825,562,7,8,Tosa,Kashino ,32.97021104056077,135.17606114676502,66.3980969893422,15.0,706.5280755468789,136.92923098467122
2826,Shanghai SouthCh - Nagoya,SEA,PILOT_TO_PILOT,6,2826,563,7,8,Tosa,Kashino ,32.971787040923424,135.18065850486175,66.3980969893422,15.0,706.7782341746208,136.67907235692928
2827,Shanghai SouthCh - Nagoya,SEA,PILOT_TO_PILOT,6,2827,564,7,8,Tosa,Kashino ,32.97336287285624,135.1852560270196,66.3980969893422,15.0,707.0283928023629,136.42891372918723
2828,Shanghai SouthCh - Nagoya,SEA,PILOT_TO_PILOT,6,2828,565,7,8,Tosa,Kashino ,32.974938536343075,135.18985371323674,66.3980969893422,15.0,707.2785514301048,136.1787551014453
2829,Shanghai SouthCh - Nagoya,SEA,PILOT_TO_PILOT,6,2829,566,7,8,Tosa,Kashino ,32.976514031367756,135.1944515635114,66.3980969893422,15.0,707.5287100578468,135.92859647370335
2830,Shanghai SouthCh - Nagoya,SEA,PILOT_TO_PILOT,6,2830,567,7,8,Tosa,Kashino ,32.978089357914136,135.19904957784175,66.3980969893422,15.0,707.7788686855888,135.6784378459613
2831,Shanghai SouthCh - Nagoya,SEA,PILOT_TO_PILOT,6,2831,568,7,8,Tosa,Kashino ,32.97966451596605,135.20364775622596,66.3980969893422,15.0,708.0290273133307,135.42827921821936
2832,Shanghai SouthCh - Nagoya,SEA,PILOT_TO_PILOT,6,2832,569,7,8,Tosa,Kashino ,32.98123950550735,135.20824609866222,66.3980969893422,15.0,708.2791859410727,135.17812059047742
2833,Shanghai SouthCh - Nagoya,SEA,PILOT_TO_PILOT,6,2833,570,7,8,Tosa,Kashino ,32.98281432652187,135.21284460514875,66.3980969893422,15.0,708.5293445688146,134.92796196273548
2834,Shanghai SouthCh - Nagoya,SEA,PILOT_TO_PILOT,6,2834,571,7,8,Tosa,Kashino ,32.98438897899345,135.21744327568365,66.3980969893422,15.0,708.7795031965567,134.67780333499343
2835,Shanghai SouthCh - Nagoya,SEA,PILOT_TO_PILOT,6,2835,572,7,8,Tosa,Kashino ,32.98596346290596,135.22204211026514,66.3980969893422,15.0,709.0296618242986,134.4276447072515
2836,Shanghai SouthCh - Nagoya,SEA,PILOT_TO_PILOT,6,2836,573,7,8,Tosa,Kashino ,32.987537778243215,135.22664110889136,66.3980969893422,15.0,709.2798204520407,134.17748607950944
2837,Shanghai SouthCh - Nagoya,SEA,PILOT_TO_PILOT,6,2837,574,7,8,Tosa,Kashino ,32.98911192498907,135.23124027156047,66.3980969893422,15.0,709.5299790797826,133.9273274517675
2838,Shanghai SouthCh - Nagoya,SEA,PILOT_TO_PILOT,6,2838,575,7,8,Tosa,Kashino ,32.990685903127364,135.23583959827062,66.3980969893422,15.0,709.7801377075245,133.67716882402556
2839,Shanghai SouthCh - Nagoya,SEA,PILOT_TO_PILOT,6,2839,576,7,8,Tosa,Kashino ,32.992259712641946,135.24043908901993,66.3980969893422,15.0,710.0302963352665,133.42701019628362
2840,Shanghai SouthCh - Nagoya,SEA,PILOT_TO_PILOT,6,2840,577,7,8,Tosa,Kashino ,32.993833353516656,135.24503874380656,66.3980969893422,15.0,710.2804549630085,133.17685156854157
2841,Shanghai SouthCh - Nagoya,SEA,PILOT_TO_PILOT,6,2841,578,7,8,Tosa,Kashino ,32.99540682573534,135.2496385626287,66.3980969893422,15.0,710.5306135907505,132.92669294079963
2842,Shanghai SouthCh - Nagoya,SEA,PILOT_TO_PILOT,6,2842,579,7,8,Tosa,Kashino ,32.99698012928184,135.25423854548433,66.3980969893422,15.0,710.7807722184925,132.67653431305757
2843,Shanghai SouthCh - Nagoya,SEA,PILOT_TO_PILOT,6,2843,580,7,8,Tosa,Kashino ,32.99855326414,135.2588386923717,66.3980969893422,15.0,711.0309308462345,132.42637568531563
2844,Shanghai SouthCh - Nagoya,SEA,PILOT_TO_PILOT,6,2844,581,7,8,Tosa,Kashino ,33.000126230293674,135.26343900328894,66.3980969893422,15.0,711.2810894739764,132.1762170575737
2845,Shanghai SouthCh - Nagoya,SEA,PILOT_TO_PILOT,6,2845,582,7,8,Tosa,Kashino ,33.00169902772668,135.2680394782341,66.3980969893422,15.0,711.5312481017183,131.92605842983176
2846,Shanghai SouthCh - Nagoya,SEA,PILOT_TO_PILOT,6,2846,583,7,8,Tosa,Kashino ,33.00327165642289,135.2726401172053,66.3980969893422,15.0,711.7814067294604,131.6758998020897
2847,Shanghai SouthCh - Nagoya,SEA,PILOT_TO_PILOT,6,2847,584,7,8,Tosa,Kashino ,33.004844116366144,135.27724092020063,66.3980969893422,15.0,712.0315653572023,131.42574117434776
2848,Shanghai SouthCh - Nagoya,SEA,PILOT_TO_PILOT,6,2848,585,7,8,Tosa,Kashino ,33.00641640754028,135.28184188721823,66.3980969893422,15.0,712.2817239849444,131.1755825466057
2849,Shanghai SouthCh - Nagoya,SEA,PILOT_TO_PILOT,6,2849,586,7,8,Tosa,Kashino ,33.007988529929136,135.2864430182562,66.3980969893422,15.0,712.5318826126863,130.92542391886377
2850,Shanghai SouthCh - Nagoya,SEA,PILOT_TO_PILOT,6,2850,587,7,8,Tosa,Kashino ,33.00956048351656,135.2910443133126,66.3980969893422,15.0,712.7820412404283,130.67526529112183
2851,Shanghai SouthCh - Nagoya,SEA,PILOT_TO_PILOT,6,2851,588,7,8,Tosa,Kashino ,33.01113226828641,135.29564577238548,66.3980969893422,15.0,713.0321998681702,130.4251066633799
2852,Shanghai SouthCh - Nagoya,SEA,PILOT_TO_PILOT,6,2852,589,7,8,Tosa,Kashino ,33.0127038842225,135.30024739547298,66.3980969893422,15.0,713.2823584959123,130.17494803563784
2853,Shanghai SouthCh - Nagoya,SEA,PILOT_TO_PILOT,6,2853,590,7,8,Tosa,Kashino ,33.01427533130872,135.30484918257315,66.3980969893422,15.0,713.5325171236542,129.9247894078959
2854,Shanghai SouthCh - Nagoya,SEA,PILOT_TO_PILOT,6,2854,591,7,8,Tosa,Kashino ,33.01584660952887,135.30945113368406,66.3980969893422,15.0,713.7826757513961,129.67463078015396
2855,Shanghai SouthCh - Nagoya,SEA,PILOT_TO_PILOT,6,2855,592,7,8,Tosa,Kashino ,33.01741771886683,135.31405324880376,66.3980969893422,15.0,714.0328343791382,129.4244721524119
2856,Shanghai SouthCh - Nagoya,SEA,PILOT_TO_PILOT,6,2856,593,7,8,Tosa,Kashino ,33.01898865930642,135.3186555279303,66.3980969893422,15.0,714.2829930068801,129.17431352466997
2857,Shanghai SouthCh - Nagoya,SEA,PILOT_TO_PILOT,6,2857,594,7,8,Tosa,Kashino ,33.020559430831504,135.32325797106176,66.3980969893422,15.0,714.5331516346221,128.92415489692803
2858,Shanghai SouthCh - Nagoya,SEA,PILOT_TO_PILOT,6,2858,595,7,8,Tosa,Kashino ,33.02213003342591,135.3278605781962,66.3980969893422,15.0,714.783310262364,128.6739962691861
2859,Shanghai SouthCh - Nagoya,SEA,PILOT_TO_PILOT,6,2859,596,7,8,Tosa,Kashino ,33.0237004670735,135.33246334933162,66.3980969893422,15.0,715.0334688901061,128.42383764144404
2860,Shanghai SouthCh - Nagoya,SEA,PILOT_TO_PILOT,6,2860,597,7,8,Tosa,Kashino ,33.025270731758106,135.33706628446606,66.3980969893422,15.0,715.283627517848,128.1736790137021
2861,Shanghai SouthCh - Nagoya,SEA,PILOT_TO_PILOT,6,2861,598,7,8,Tosa,Kashino ,33.026840827463566,135.3416693835976,66.3980969893422,15.0,715.53378614559,127.92352038596005
2862,Shanghai SouthCh - Nagoya,SEA,PILOT_TO_PILOT,6,2862,599,7,8,Tosa,Kashino ,33.028410754173755,135.3462726467242,66.3980969893422,15.0,715.783944773332,127.6733617582181
2863,Shanghai SouthCh - Nagoya,SEA,PILOT_TO_PILOT,6,2863,600,7,8,Tosa,Kashino ,33.02998051187249,135.35087607384395,66.3980969893422,15.0,716.0341034010739,127.42320313047617
2864,Shanghai SouthCh - Nagoya,SEA,PILOT_TO_PILOT,6,2864,601,7,8,Tosa,Kashino ,33.031550100543626,135.35547966495483,66.3980969893422,15.0,716.2842620288159,127.17304450273423
2865,Shanghai SouthCh - Nagoya,SEA,PILOT_TO_PILOT,6,2865,602,7,8,Tosa,Kashino ,33.03311952017102,135.36008342005485,66.3980969893422,15.0,716.5344206565579,126.92288587499218
2866,Shanghai SouthCh - Nagoya,SEA,PILOT_TO_PILOT,6,2866,603,7,8,Tosa,Kashino ,33.0346887707385,135.364687339142,66.3980969893422,15.0,716.7845792842999,126.67272724725024
2867,Shanghai SouthCh - Nagoya,SEA,PILOT_TO_PILOT,6,2867,604,7,8,Tosa,Kashino ,33.036257852229916,135.3692914222143,66.3980969893422,15.0,717.0347379120419,126.42256861950818
2868,Shanghai SouthCh - Nagoya,SEA,PILOT_TO_PILOT,6,2868,605,7,8,Tosa,Kashino ,33.037826764629116,135.37389566926976,66.3980969893422,15.0,717.2848965397839,126.17240999176624
2869,Shanghai SouthCh - Nagoya,SEA,PILOT_TO_PILOT,6,2869,606,7,8,Tosa,Kashino ,33.039395507919956,135.37850008030637,66.3980969893422,15.0,717.5350551675258,125.9222513640243
2870,Shanghai SouthCh - Nagoya,SEA,PILOT_TO_PILOT,6,2870,607,7,8,Tosa,Kashino ,33.04096408208627,135.3831046553221,66.3980969893422,15.0,717.7852137952677,125.67209273628237
2871,Shanghai SouthCh - Nagoya,SEA,PILOT_TO_PILOT,6,2871,608,7,8,Tosa,Kashino ,33.042532487111906,135.3877093943149,66.3980969893422,15.0,718.0353724230098,125.42193410854031
2872,Shanghai SouthCh - Nagoya,SEA,PILOT_TO_PILOT,6,2872,609,7,8,Tosa,Kashino ,33.044100722980716,135.3923142972828,66.3980969893422,15.0,718.2855310507517,125.17177548079837
2873,Shanghai SouthCh - Nagoya,SEA,PILOT_TO_PILOT,6,2873,610,7,8,Tosa,Kashino ,33.04566878967654,135.39691936422375,66.3980969893422,15.0,718.5356896784938,124.92161685305632
2874,Shanghai SouthCh - Nagoya,SEA,PILOT_TO_PILOT,6,2874,611,7,8,Tosa,Kashino ,33.04723668718323,135.40152459513573,66.3980969893422,15.0,718.7858483062357,124.67145822531438
2875,Shanghai SouthCh - Nagoya,SEA,PILOT_TO_PILOT,6,2875,612,7,8,Tosa,Kashino ,33.048804415484625,135.40612999001667,66.3980969893422,15.0,719.0360069339777,124.42129959757244
2876,Shanghai SouthCh - Nagoya,SEA,PILOT_TO_PILOT,6,2876,613,7,8,Tosa,Kashino ,33.05037197456458,135.41073554886452,66.3980969893422,15.0,719.2861655617196,124.1711409698305
2877,Shanghai SouthCh - Nagoya,SEA,PILOT_TO_PILOT,6,2877,614,7,8,Tosa,Kashino ,33.05193936440692,135.41534127167728,66.3980969893422,15.0,719.5363241894617,123.92098234208845
2878,Shanghai SouthCh - Nagoya,SEA,PILOT_TO_PILOT,6,2878,615,7,8,Tosa,Kashino ,33.053506584995525,135.41994715845283,66.3980969893422,15.0,719.7864828172036,123.67082371434651
2879,Shanghai SouthCh - Nagoya,SEA,PILOT_TO_PILOT,6,2879,616,7,8,Tosa,Kashino ,33.05507363631423,135.42455320918916,66.3980969893422,15.0,720.0366414449455,123.42066508660457
2880,Shanghai SouthCh - Nagoya,SEA,PILOT_TO_PILOT,6,2880,617,7,8,Tosa,Kashino ,33.05664051834687,135.42915942388422,66.3980969893422,15.0,720.2868000726876,123.17050645886252
2881,Shanghai SouthCh - Nagoya,SEA,PILOT_TO_PILOT,6,2881,618,7,8,Tosa,Kashino ,33.058207231077304,135.43376580253585,66.3980969893422,15.0,720.5369587004295,122.92034783112058
2882,Shanghai SouthCh - Nagoya,SEA,PILOT_TO_PILOT,6,2882,619,7,8,Tosa,Kashino ,33.059773774489365,135.43837234514206,66.3980969893422,15.0,720.7871173281715,122.67018920337864
2883,Shanghai SouthCh - Nagoya,SEA,PILOT_TO_PILOT,6,2883,620,7,8,Tosa,Kashino ,33.06134014856692,135.44297905170072,66.3980969893422,15.0,721.0372759559134,122.4200305756367
2884,Shanghai SouthCh - Nagoya,SEA,PILOT_TO_PILOT,6,2884,621,7,8,Tosa,Kashino ,33.0629063532938,135.44758592220978,66.3980969893422,15.0,721.2874345836555,122.16987194789465
2885,Shanghai SouthCh - Nagoya,SEA,PILOT_TO_PILOT,6,2885,622,7,8,Tosa,Kashino ,33.06447238865387,135.45219295666712,66.3980969893422,15.0,721.5375932113974,121.91971332015271
2886,Shanghai SouthCh - Nagoya,SEA,PILOT_TO_PILOT,6,2886,623,7,8,Tosa,Kashino ,33.06603825463096,135.45680015507065,66.3980969893422,15.0,721.7877518391394,121.66955469241066
2887,Shanghai SouthCh - Nagoya,SEA,PILOT_TO_PILOT,6,2887,624,7,8,Tosa,Kashino ,33.06760395120892,135.46140751741828,66.3980969893422,15.0,722.0379104668814,121.41939606466872
2888,Shanghai SouthCh - Nagoya,SEA,PILOT_TO_PILOT,6,2888,625,7,8,Tosa,Kashino ,33.069169478371606,135.46601504370787,66.3980969893422,15.0,722.2880690946233,121.16923743692678
2889,Shanghai SouthCh - Nagoya,SEA,PILOT_TO_PILOT,6,2889,626,7,8,Tosa,Kashino ,33.07073483610286,135.47062273393735,66.3980969893422,15.0,722.5382277223653,120.91907880918484
2890,Shanghai SouthCh - Nagoya,SEA,PILOT_TO_PILOT,6,2890,627,7,8,Tosa,Kashino ,33.07230002438653,135.4752305881046,66.3980969893422,15.0,722.7883863501073,120.66892018144279
2891,Shanghai SouthCh - Nagoya,SEA,PILOT_TO_PILOT,6,2891,628,7,8,Tosa,Kashino ,33.07386504320647,135.47983860620747,66.3980969893422,15.0,723.0385449778493,120.41876155370085
2892,Shanghai SouthCh - Nagoya,SEA,PILOT_TO_PILOT,6,2892,629,7,8,Tosa,Kashino ,33.07542989254651,135.48444678824384,66.3980969893422,15.0,723.2887036055913,120.1686029259588
2893,Shanghai SouthCh - Nagoya,SEA,PILOT_TO_PILOT,6,2893,630,7,8,Tosa,Kashino ,33.076994572390525,135.48905513421158,66.3980969893422,15.0,723.5388622333332,119.91844429821685
2894,Shanghai SouthCh - Nagoya,SEA,PILOT_TO_PILOT,6,2894,631,7,8,Tosa,Kashino ,33.07855908272235,135.49366364410852,66.3980969893422,15.0,723.7890208610752,119.66828567047492
2895,Shanghai SouthCh - Nagoya,SEA,PILOT_TO_PILOT,6,2895,632,7,8,Tosa,Kashino ,33.080123423525826,135.4982723179326,66.3980969893422,15.0,724.0391794888171,119.41812704273298
2896,Shanghai SouthCh - Nagoya,SEA,PILOT_TO_PILOT,6,2896,633,7,8,Tosa,Kashino ,33.08168759478481,135.50288115568156,66.3980969893422,15.0,724.2893381165592,119.16796841499092
2897,Shanghai SouthCh - Nagoya,SEA,PILOT_TO_PILOT,6,2897,634,7,8,Tosa,Kashino ,33.08325159648315,135.50749015735335,66.3980969893422,15.0,724.5394967443011,118.91780978724898
2898,Shanghai SouthCh - Nagoya,SEA,PILOT_TO_PILOT,6,2898,635,7,8,Tosa,Kashino ,33.0848154286047,135.51209932294577,66.3980969893422,15.0,724.7896553720432,118.66765115950693
2899,Shanghai SouthCh - Nagoya,SEA,PILOT_TO_PILOT,6,2899,636,7,8,Tosa,Kashino ,33.086379091133296,135.51670865245666,66.3980969893422,15.0,725.0398139997851,118.41749253176499
2900,Shanghai SouthCh - Nagoya,SEA,PILOT_TO_PILOT,6,2900,637,7,8,Tosa,Kashino ,33.08794258405279,135.5213181458838,66.3980969893422,15.0,725.289972627527,118.16733390402305
2901,Shanghai SouthCh - Nagoya,SEA,PILOT_TO_PILOT,6,2901,638,7,8,Tosa,Kashino ,33.08950590734703,135.5259278032251,66.3980969893422,15.0,725.540131255269,117.91717527628111
2902,Shanghai SouthCh - Nagoya,SEA,PILOT_TO_PILOT,6,2902,639,7,8,Tosa,Kashino ,33.091069060999885,135.53053762447834,66.3980969893422,15.0,725.790289883011,117.66701664853906
2903,Shanghai SouthCh - Nagoya,SEA,PILOT_TO_PILOT,6,2903,640,7,8,Tosa,Kashino ,33.09263204499517,135.53514760964134,66.3980969893422,15.0,726.040448510753,117.41685802079712
2904,Shanghai SouthCh - Nagoya,SEA,PILOT_TO_PILOT,6,2904,641,7,8,Tosa,Kashino ,33.094194859316765,135.5397577587119,66.3980969893422,15.0,726.2906071384949,117.16669939305518
2905,Shanghai SouthCh - Nagoya,SEA,PILOT_TO_PILOT,6,2905,642,7,8,Tosa,Kashino ,33.0957575039485,135.5443680716878,66.3980969893422,15.0,726.540765766237,116.91654076531313
2906,Shanghai SouthCh - Nagoya,SEA,PILOT_TO_PILOT,6,2906,643,7,8,Tosa,Kashino ,33.097319978874225,135.5489785485669,66.3980969893422,15.0,726.7909243939789,116.66638213757119
2907,Shanghai SouthCh - Nagoya,SEA,PILOT_TO_PILOT,6,2907,644,7,8,Tosa,Kashino ,33.09888228407782,135.55358918934695,66.3980969893422,15.0,727.0410830217209,116.41622350982925
2908,Shanghai SouthCh - Nagoya,SEA,PILOT_TO_PILOT,6,2908,645,7,8,Tosa,Kashino ,33.10044441954308,135.55819999402578,66.3980969893422,15.0,727.2912416494628,116.16606488208731
2909,Shanghai SouthCh - Nagoya,SEA,PILOT_TO_PILOT,6,2909,646,7,8,Tosa,Kashino ,33.1020063852539,135.5628109626011,66.3980969893422,15.0,727.5414002772048,115.91590625434526
2910,Shanghai SouthCh - Nagoya,SEA,PILOT_TO_PILOT,6,2910,647,7,8,Tosa,Kashino ,33.10356818119411,135.5674220950708,66.3980969893422,15.0,727.7915589049468,115.66574762660332
2911,Shanghai SouthCh - Nagoya,SEA,PILOT_TO_PILOT,6,2911,648,7,8,Tosa,Kashino ,33.105129807347566,135.57203339143257,66.3980969893422,15.0,728.0417175326888,115.41558899886127
2912,Shanghai SouthCh - Nagoya,SEA,PILOT_TO_PILOT,6,2912,649,7,8,Tosa,Kashino ,33.10669126369811,135.57664485168416,66.3980969893422,15.0,728.2918761604308,115.16543037111933
2913,Shanghai SouthCh - Nagoya,SEA,PILOT_TO_PILOT,6,2913,650,7,8,Tosa,Kashino ,33.10825255022961,135.5812564758234,66.3980969893422,15.0,728.5420347881727,114.91527174337739
2914,Shanghai SouthCh - Nagoya,SEA,PILOT_TO_PILOT,6,2914,651,7,8,Tosa,Kashino ,33.10981366692591,135.58586826384803,66.3980969893422,15.0,728.7921934159147,114.66511311563545
2915,Shanghai SouthCh - Nagoya,SEA,PILOT_TO_PILOT,6,2915,652,7,8,Tosa,Kashino ,33.111374613770835,135.5904802157558,66.3980969893422,15.0,729.0423520436567,114.4149544878934
2916,Shanghai SouthCh - Nagoya,SEA,PILOT_TO_PILOT,6,2916,653,7,8,Tosa,Kashino ,33.11293539074826,135.59509233154446,66.3980969893422,15.0,729.2925106713986,114.16479586015146
2917,Shanghai SouthCh - Nagoya,SEA,PILOT_TO_PILOT,6,2917,654,7,8,Tosa,Kashino ,33.11449599784204,135.59970461121173,66.3980969893422,15.0,729.5426692991407,113.9146372324094
2918,Shanghai SouthCh - Nagoya,SEA,PILOT_TO_PILOT,6,2918,655,7,8,Tosa,Kashino ,33.11605643503602,135.60431705475537,66.3980969893422,15.0,729.7928279268826,113.66447860466747
2919,Shanghai SouthCh - Nagoya,SEA,PILOT_TO_PILOT,6,2919,656,7,8,Tosa,Kashino ,33.11761670231404,135.6089296621731,66.3980969893422,15.0,730.0429865546246,113.41431997692553
2920,Shanghai SouthCh - Nagoya,SEA,PILOT_TO_PILOT,6,2920,657,7,8,Tosa,Kashino ,33.119176799659954,135.61354243346267,66.3980969893422,15.0,730.2931451823665,113.16416134918359
2921,Shanghai SouthCh - Nagoya,SEA,PILOT_TO_PILOT,6,2921,658,7,8,Tosa,Kashino ,33.120736727057626,135.61815536862176,66.3980969893422,15.0,730.5433038101086,112.91400272144153
2922,Shanghai SouthCh - Nagoya,SEA,PILOT_TO_PILOT,6,2922,659,7,8,Tosa,Kashino ,33.12229648449089,135.62276846764811,66.3980969893422,15.0,730.7934624378505,112.6638440936996
2923,Shanghai SouthCh - Nagoya,SEA,PILOT_TO_PILOT,6,2923,660,7,8,Tosa,Kashino ,33.12385607194361,135.62738173053944,66.3980969893422,15.0,731.0436210655926,112.41368546595754
2924,Shanghai SouthCh - Nagoya,SEA,PILOT_TO_PILOT,6,2924,661,7,8,Tosa,Kashino ,33.125415489399636,135.6319951572935,66.3980969893422,15.0,731.2937796933345,112.1635268382156
2925,Shanghai SouthCh - Nagoya,SEA,PILOT_TO_PILOT,6,2925,662,7,8,Tosa,Kashino ,33.1269747368428,135.63660874790784,66.3980969893422,15.0,731.5439383210764,111.91336821047366
2926,Shanghai SouthCh - Nagoya,SEA,PILOT_TO_PILOT,6,2926,663,7,8,Tosa,Kashino ,33.12853381425698,135.64122250238032,66.3980969893422,15.0,731.7940969488184,111.66320958273172
2927,Shanghai SouthCh - Nagoya,SEA,PILOT_TO_PILOT,6,2927,664,7,8,Tosa,Kashino ,33.13009272162602,135.64583642070858,66.3980969893422,15.0,732.0442555765604,111.41305095498967
2928,Shanghai SouthCh - Nagoya,SEA,PILOT_TO_PILOT,6,2928,665,7,8,Tosa,Kashino ,33.13165145893377,135.6504505028903,66.3980969893422,15.0,732.2944142043024,111.16289232724773
2929,Shanghai SouthCh - Nagoya,SEA,PILOT_TO_PILOT,6,2929,666,7,8,Tosa,Kashino ,33.13321002616408,135.65506474892308,66.3980969893422,15.0,732.5445728320443,110.9127336995058
2930,Shanghai SouthCh - Nagoya,SEA,PILOT_TO_PILOT,6,2930,667,7,8,Tosa,Kashino ,33.1347684233008,135.65967915880472,66.3980969893422,15.0,732.7947314597864,110.66257507176374
2931,Shanghai SouthCh - Nagoya,SEA,PILOT_TO_PILOT,6,2931,668,7,8,Tosa,Kashino ,33.13632665032778,135.66429373253283,66.3980969893422,15.0,733.0448900875283,110.4124164440218
2932,Shanghai SouthCh - Nagoya,SEA,PILOT_TO_PILOT,6,2932,669,7,8,Tosa,Kashino ,33.13788470722889,135.6689084701051,66.3980969893422,15.0,733.2950487152702,110.16225781627986
2933,Shanghai SouthCh - Nagoya,SEA,PILOT_TO_PILOT,6,2933,670,7,8,Tosa,Kashino ,33.13944259398796,135.67352337151917,66.3980969893422,15.0,733.5452073430122,109.91209918853792
2934,Shanghai SouthCh - Nagoya,SEA,PILOT_TO_PILOT,6,2934,671,7,8,Tosa,Kashino ,33.14100031058885,135.67813843677268,66.3980969893422,15.0,733.7953659707542,109.66194056079587
2935,Shanghai SouthCh - Nagoya,SEA,PILOT_TO_PILOT,6,2935,672,7,8,Tosa,Kashino ,33.14255785701542,135.6827536658633,66.3980969893422,15.0,734.0455245984962,109.41178193305393
2936,Shanghai SouthCh - Nagoya,SEA,PILOT_TO_PILOT,6,2936,673,7,8,Tosa,Kashino ,33.14411523325152,135.68736905878868,66.3980969893422,15.0,734.2956832262382,109.16162330531188
2937,Shanghai SouthCh - Nagoya,SEA,PILOT_TO_PILOT,6,2937,674,7,8,Tosa,Kashino ,33.14567243928099,135.69198461554646,66.3980969893422,15.0,734.5458418539802,108.91146467756994
2938,Shanghai SouthCh - Nagoya,SEA,PILOT_TO_PILOT,6,2938,675,7,8,Tosa,Kashino ,33.14722947508769,135.69660033613425,66.3980969893422,15.0,734.7960004817221,108.661306049828
2939,Shanghai SouthCh - Nagoya,SEA,PILOT_TO_PILOT,6,2939,676,7,8,Tosa,Kashino ,33.148786340655484,135.70121622054967,66.3980969893422,15.0,735.046159109464,108.41114742208606
2940,Shanghai SouthCh - Nagoya,SEA,PILOT_TO_PILOT,6,2940,677,7,8,Tosa,Kashino ,33.15034303596822,135.7058322687904,66.3980969893422,15.0,735.2963177372061,108.16098879434401
2941,Shanghai SouthCh - Nagoya,SEA,PILOT_TO_PILOT,6,2941,678,7,8,Tosa,Kashino ,33.151899561009735,135.71044848085398,66.3980969893422,15.0,735.546476364948,107.91083016660207
2942,Shanghai SouthCh - Nagoya,SEA,PILOT_TO_PILOT,6,2942,679,7,8,Tosa,Kashino ,33.1534559157639,135.7150648567381,66.3980969893422,15.0,735.7966349926901,107.66067153886002
2943,Shanghai SouthCh - Nagoya,SEA,PILOT_TO_PILOT,6,2943,680,7,8,Tosa,Kashino ,33.15501210021456,135.71968139644034,66.3980969893422,15.0,736.046793620432,107.41051291111808
2944,Shanghai SouthCh - Nagoya,SEA,PILOT_TO_PILOT,6,2944,681,7,8,Tosa,Kashino ,33.156568114345596,135.72429809995828,66.3980969893422,15.0,736.296952248174,107.16035428337614
2945,Shanghai SouthCh - Nagoya,SEA,PILOT_TO_PILOT,6,2945,682,7,8,Tosa,Kashino ,33.158123958140806,135.7289149672895,66.3980969893422,15.0,736.5471108759159,106.9101956556342
2946,Shanghai SouthCh - Nagoya,SEA,PILOT_TO_PILOT,6,2946,683,7,8,Tosa,Kashino ,33.15967963158409,135.73353199843166,66.3980969893422,15.0,736.797269503658,106.66003702789214
2947,Shanghai SouthCh - Nagoya,SEA,PILOT_TO_PILOT,6,2947,684,7,8,Tosa,Kashino ,33.161235134659286,135.73814919338233,66.3980969893422,15.0,737.0474281313999,106.4098784001502
2948,Shanghai SouthCh - Nagoya,SEA,PILOT_TO_PILOT,6,2948,685,7,8,Tosa,Kashino ,33.162790467350256,135.74276655213902,66.3980969893422,15.0,737.297586759142,106.15971977240815
2949,Shanghai SouthCh - Nagoya,SEA,PILOT_TO_PILOT,6,2949,686,7,8,Tosa,Kashino ,33.164345629640835,135.74738407469943,66.3980969893422,15.0,737.5477453868839,105.90956114466621
2950,Shanghai SouthCh - Nagoya,SEA,PILOT_TO_PILOT,6,2950,687,7,8,Tosa,Kashino ,33.16590062151489,135.752001761061,66.3980969893422,15.0,737.7979040146258,105.65940251692427
2951,Shanghai SouthCh - Nagoya,SEA,PILOT_TO_PILOT,6,2951,688,7,8,Tosa,Kashino ,33.16745544295629,135.75661961122137,66.3980969893422,15.0,738.0480626423678,105.40924388918233
2952,Shanghai SouthCh - Nagoya,SEA,PILOT_TO_PILOT,6,2952,689,7,8,Tosa,Kashino ,33.16901009394886,135.76123762517807,66.3980969893422,15.0,738.2982212701098,105.15908526144028
2953,Shanghai SouthCh - Nagoya,SEA,PILOT_TO_PILOT,6,2953,690,7,8,Tosa,Kashino ,33.17056457447648,135.76585580292868,66.3980969893422,15.0,738.5483798978518,104.90892663369834
2954,Shanghai SouthCh - Nagoya,SEA,PILOT_TO_PILOT,6,2954,691,7,8,Tosa,Kashino ,33.17211888452299,135.77047414447077,66.3980969893422,15.0,738.7985385255937,104.6587680059564
2955,Shanghai SouthCh - Nagoya,SEA,PILOT_TO_PILOT,6,2955,692,7,8,Tosa,Kashino ,33.17367302407225,135.77509264980182,66.3980969893422,15.0,739.0486971533358,104.40860937821435
2956,Shanghai SouthCh - Nagoya,SEA,PILOT_TO_PILOT,6,2956,693,7,8,Tosa,Kashino ,33.175226993108105,135.77971131891942,66.3980969893422,15.0,739.2988557810777,104.15845075047241
2957,Shanghai SouthCh - Nagoya,SEA,PILOT_TO_PILOT,6,2957,694,7,8,Tosa,Kashino ,33.17678079161443,135.78433015182108,66.3980969893422,15.0,739.5490144088196,103.90829212273047
2958,Shanghai SouthCh - Nagoya,SEA,PILOT_TO_PILOT,6,2958,695,7,8,Tosa,Kashino ,33.178334419575066,135.78894914850437,66.3980969893422,15.0,739.7991730365616,103.65813349498853
2959,Shanghai SouthCh - Nagoya,SEA,PILOT_TO_PILOT,6,2959,696,7,8,Tosa,Kashino ,33.179887876973865,135.79356830896674,66.3980969893422,15.0,740.0493316643036,103.40797486724648
2960,Shanghai SouthCh - Nagoya,SEA,PILOT_TO_PILOT,6,2960,697,7,8,Tosa,Kashino ,33.1814411637947,135.79818763320577,66.3980969893422,15.0,740.2994902920456,103.15781623950454
2961,Shanghai SouthCh - Nagoya,SEA,PILOT_TO_PILOT,6,2961,698,7,8,Tosa,Kashino ,33.18299428002141,135.80280712121896,66.3980969893422,15.0,740.5496489197876,102.90765761176249
2962,Shanghai SouthCh - Nagoya,SEA,PILOT_TO_PILOT,6,2962,699,7,8,Tosa,Kashino ,33.184547225637864,135.8074267730038,66.3980969893422,15.0,740.7998075475296,102.65749898402055
2963,Shanghai SouthCh - Nagoya,SEA,PILOT_TO_PILOT,6,2963,700,7,8,Tosa,Kashino ,33.18610000062791,135.81204658855785,66.3980969893422,15.0,741.0499661752715,102.40734035627861
2964,Shanghai SouthCh - Nagoya,SEA,PILOT_TO_PILOT,6,2964,701,7,8,Tosa,Kashino ,33.187652604975405,135.8166665678785,66.3980969893422,15.0,741.3001248030134,102.15718172853667
2965,Shanghai SouthCh - Nagoya,SEA,PILOT_TO_PILOT,6,2965,702,7,8,Tosa,Kashino ,33.1892050386642,135.82128671096336,66.3980969893422,15.0,741.5502834307555,101.90702310079462
2966,Shanghai SouthCh - Nagoya,SEA,PILOT_TO_PILOT,6,2966,703,7,8,Tosa,Kashino ,33.19075730167815,135.82590701780987,66.3980969893422,15.0,741.8004420584974,101.65686447305268
2967,Shanghai SouthCh - Nagoya,SEA,PILOT_TO_PILOT,6,2967,704,7,8,Tosa,Kashino ,33.19230939400113,135.83052748841547,66.3980969893422,15.0,742.0506006862395,101.40670584531063
2968,Shanghai SouthCh - Nagoya,SEA,PILOT_TO_PILOT,6,2968,705,7,8,Tosa,Kashino ,33.19386131561698,135.8351481227777,66.3980969893422,15.0,742.3007593139814,101.15654721756869
2969,Shanghai SouthCh - Nagoya,SEA,PILOT_TO_PILOT,6,2969,706,7,8,Tosa,Kashino ,33.19541306650956,135.839768920894,66.3980969893422,15.0,742.5509179417234,100.90638858982675
2970,Shanghai SouthCh - Nagoya,SEA,PILOT_TO_PILOT,6,2970,707,7,8,Tosa,Kashino ,33.196964646662735,135.84438988276185,66.3980969893422,15.0,742.8010765694653,100.65622996208481
2971,Shanghai SouthCh - Nagoya,SEA,PILOT_TO_PILOT,6,2971,708,7,8,Tosa,Kashino ,33.198516056060335,135.84901100837865,66.3980969893422,15.0,743.0512351972073,100.40607133434276
2972,Shanghai SouthCh - Nagoya,SEA,PILOT_TO_PILOT,6,2972,709,7,8,Tosa,Kashino ,33.20006729468626,135.85363229774197,66.3980969893422,15.0,743.3013938249493,100.15591270660082
2973,Shanghai SouthCh - Nagoya,SEA,PILOT_TO_PILOT,6,2973,710,7,8,Tosa,Kashino ,33.201618362524336,135.85825375084917,66.3980969893422,15.0,743.5515524526913,99.90575407885876
2974,Shanghai SouthCh - Nagoya,SEA,PILOT_TO_PILOT,6,2974,711,7,8,Tosa,Kashino ,33.20316925955842,135.86287536769774,66.3980969893422,15.0,743.8017110804333,99.65559545111682
2975,Shanghai SouthCh - Nagoya,SEA,PILOT_TO_PILOT,6,2975,712,7,8,Tosa,Kashino ,33.204719985772385,135.86749714828508,66.3980969893422,15.0,744.0518697081752,99.40543682337488
2976,Shanghai SouthCh - Nagoya,SEA,PILOT_TO_PILOT,6,2976,713,7,8,Tosa,Kashino ,33.206270541150076,135.8721190926087,66.3980969893422,15.0,744.3020283359172,99.15527819563295
2977,Shanghai SouthCh - Nagoya,SEA,PILOT_TO_PILOT,6,2977,714,7,8,Tosa,Kashino ,33.207820925675364,135.87674120066595,66.3980969893422,15.0,744.5521869636592,98.90511956789089
2978,Shanghai SouthCh - Nagoya,SEA,PILOT_TO_PILOT,6,2978,715,7,8,Tosa,Kashino ,33.2093711393321,135.88136347245427,66.3980969893422,15.0,744.8023455914011,98.65496094014895
2979,Shanghai SouthCh - Nagoya,SEA,PILOT_TO_PILOT,6,2979,716,7,8,Tosa,Kashino ,33.21092118210413,135.8859859079711,66.3980969893422,15.0,745.0525042191431,98.40480231240701
2980,Shanghai SouthCh - Nagoya,SEA,PILOT_TO_PILOT,6,2980,717,7,8,Tosa,Kashino ,33.21247105397533,135.89060850721387,66.3980969893422,15.0,745.3026628468851,98.15464368466496
2981,Shanghai SouthCh - Nagoya,SEA,PILOT_TO_PILOT,6,2981,718,7,8,Tosa,Kashino ,33.21402075492956,135.89523127017995,66.3980969893422,15.0,745.5528214746271,97.90448505692302
2982,Shanghai SouthCh - Nagoya,SEA,PILOT_TO_PILOT,6,2982,719,7,8,Tosa,Kashino ,33.21557028495066,135.89985419686678,66.3980969893422,15.0,745.802980102369,97.65432642918108
2983,Shanghai SouthCh - Nagoya,SEA,PILOT_TO_PILOT,6,2983,720,7,8,Tosa,Kashino ,33.21711964402249,135.90447728727173,66.3980969893422,15.0,746.053138730111,97.40416780143914
2984,Shanghai SouthCh - Nagoya,SEA,PILOT_TO_PILOT,6,2984,721,7,8,Tosa,Kashino ,33.21866883212893,135.9091005413922,66.3980969893422,15.0,746.303297357853,97.15400917369709
2985,Shanghai SouthCh - Nagoya,SEA,PILOT_TO_PILOT,6,2985,722,7,8,Tosa,Kashino ,33.22021784925382,135.9137239592256,66.3980969893422,15.0,746.553455985595,96.90385054595515
2986,Shanghai SouthCh - Nagoya,SEA,PILOT_TO_PILOT,6,2986,723,7,8,Tosa,Kashino ,33.221766695381035,135.91834754076925,66.3980969893422,15.0,746.803614613337,96.6536919182131
2987,Shanghai SouthCh - Nagoya,SEA,PILOT_TO_PILOT,6,2987,724,7,8,Tosa,Kashino ,33.22331537049441,135.92297128602058,66.3980969893422,15.0,747.0537732410789,96.40353329047116
2988,Shanghai SouthCh - Nagoya,SEA,PILOT_TO_PILOT,6,2988,725,7,8,Tosa,Kashino ,33.22486387457783,135.92759519497696,66.3980969893422,15.0,747.3039318688209,96.15337466272922
2989,Shanghai SouthCh - Nagoya,SEA,PILOT_TO_PILOT,6,2989,726,7,8,Tosa,Kashino ,33.226412207615134,135.93221926763576,66.3980969893422,15.0,747.5540904965628,95.90321603498728
2990,Shanghai SouthCh - Nagoya,SEA,PILOT_TO_PILOT,6,2990,727,7,8,Tosa,Kashino ,33.22796036959019,135.9368435039943,66.3980969893422,15.0,747.8042491243049,95.65305740724523
2991,Shanghai SouthCh - Nagoya,SEA,PILOT_TO_PILOT,6,2991,728,7,8,Tosa,Kashino ,33.22950836048686,135.94146790405,66.3980969893422,15.0,748.0544077520468,95.40289877950329
2992,Shanghai SouthCh - Nagoya,SEA,PILOT_TO_PILOT,6,2992,729,7,8,Tosa,Kashino ,33.23105618028901,135.94609246780016,66.3980969893422,15.0,748.3045663797889,95.15274015176124
2993,Shanghai SouthCh - Nagoya,SEA,PILOT_TO_PILOT,6,2993,730,7,8,Tosa,Kashino ,33.23260382898048,135.95071719524213,66.3980969893422,15.0,748.5547250075308,94.9025815240193
2994,Shanghai SouthCh - Nagoya,SEA,PILOT_TO_PILOT,6,2994,731,7,8,Tosa,Kashino ,33.234151306545144,135.95534208637332,66.3980969893422,15.0,748.8048836352727,94.65242289627736
2995,Shanghai SouthCh - Nagoya,SEA,PILOT_TO_PILOT,6,2995,732,7,8,Tosa,Kashino ,33.23569861296686,135.95996714119096,66.3980969893422,15.0,749.0550422630147,94.40226426853542
2996,Shanghai SouthCh - Nagoya,SEA,PILOT_TO_PILOT,6,2996,733,7,8,Tosa,Kashino ,33.23724574822949,135.96459235969243,66.3980969893422,15.0,749.3052008907567,94.15210564079337
2997,Shanghai SouthCh - Nagoya,SEA,PILOT_TO_PILOT,6,2997,734,7,8,Tosa,Kashino ,33.238792712316894,135.9692177418751,66.3980969893422,15.0,749.5553595184987,93.90194701305143
2998,Shanghai SouthCh - Nagoya,SEA,PILOT_TO_PILOT,6,2998,735,7,8,Tosa,Kashino ,33.24033950521293,135.97384328773617,66.3980969893422,15.0,749.8055181462407,93.65178838530937
2999,Shanghai SouthCh - Nagoya,SEA,PILOT_TO_PILOT,6,2999,736,7,8,Tosa,Kashino ,33.24188612690146,135.9784689972731,66.3980969893422,15.0,750.0556767739827,93.40162975756743
3000,Shanghai SouthCh - Nagoya,SEA,PILOT_TO_PILOT,6,3000,737,7,8,Tosa,Kashino ,33.24343257736635,135.98309487048306,66.3980969893422,15.0,750.3058354017246,93.1514711298255
3001,Shanghai SouthCh - Nagoya,SEA,PILOT_TO_PILOT,6,3001,738,7,8,Tosa,Kashino ,33.24497885659145,135.98772090736347,66.3980969893422,15.0,750.5559940294665,92.90131250208356
3002,Shanghai SouthCh - Nagoya,SEA,PILOT_TO_PILOT,6,3002,739,7,8,Tosa,Kashino ,33.246524964560635,135.99234710791157,66.3980969893422,15.0,750.8061526572086,92.6511538743415
3003,Shanghai SouthCh - Nagoya,SEA,PILOT_TO_PILOT,6,3003,740,7,8,Tosa,Kashino ,33.248070901257755,135.99697347212464,66.3980969893422,15.0,751.0563112849505,92.40099524659956
3004,Shanghai SouthCh - Nagoya,SEA,PILOT_TO_PILOT,7,3004,0,8,9,Kashino ,Daio Sak,33.24961666666667,136.0016,39.101401902283385,15.0,751.3064699126926,92.15083661885751
3005,Shanghai SouthCh - Nagoya,SEA,PILOT_TO_PILOT,7,3005,1,8,9,Kashino ,Daio Sak,33.2528488894411,136.00474127554045,39.101401902283385,15.0,751.5565456309772,91.90076090057289
3006,Shanghai SouthCh - Nagoya,SEA,PILOT_TO_PILOT,7,3006,2,8,9,Kashino ,Daio Sak,33.256081033237145,136.00788278347795,39.101401902283385,15.0,751.8066213492618,91.65068518228827
3007,Shanghai SouthCh - Nagoya,SEA,PILOT_TO_PILOT,7,3007,3,8,9,Kashino ,Daio Sak,33.259313098039286,136.0110245238525,39.101401902283385,15.0,752.0566970675465,91.40060946400365
3008,Shanghai SouthCh - Nagoya,SEA,PILOT_TO_PILOT,7,3008,4,8,9,Kashino ,Daio Sak,33.262545083831924,136.0141664967043,39.101401902283385,15.0,752.3067727858312,91.15053374571892
3009,Shanghai SouthCh - Nagoya,SEA,PILOT_TO_PILOT,7,3009,5,8,9,Kashino ,Daio Sak,33.26577699059953,136.0173087020734,39.101401902283385,15.0,752.5568485041158,90.9004580274343
3010,Shanghai SouthCh - Nagoya,SEA,PILOT_TO_PILOT,7,3010,6,8,9,Kashino ,Daio Sak,33.2690088183265,136.02045113999998,39.101401902283385,15.0,752.8069242224004,90.65038230914968
3011,Shanghai SouthCh - Nagoya,SEA,PILOT_TO_PILOT,7,3011,7,8,9,Kashino ,Daio Sak,33.27224056699727,136.02359381052412,39.101401902283385,15.0,753.056999940685,90.40030659086506
3012,Shanghai SouthCh - Nagoya,SEA,PILOT_TO_PILOT,7,3012,8,8,9,Kashino ,Daio Sak,33.27547223659628,136.026736713686,39.101401902283385,15.0,753.3070756589697,90.15023087258044
3013,Shanghai SouthCh - Nagoya,SEA,PILOT_TO_PILOT,7,3013,9,8,9,Kashino ,Daio Sak,33.27870382710793,136.0298798495257,39.101401902283385,15.0,753.5571513772543,89.90015515429582
3014,Shanghai SouthCh - Nagoya,SEA,PILOT_TO_PILOT,7,3014,10,8,9,Kashino ,Daio Sak,33.281935338516675,136.0330232180834,39.101401902283385,15.0,753.8072270955389,89.6500794360112
3015,Shanghai SouthCh - Nagoya,SEA,PILOT_TO_PILOT,7,3015,11,8,9,Kashino ,Daio Sak,33.28516677080689,136.03616681939928,39.101401902283385,15.0,754.0573028138236,89.40000371772646
3016,Shanghai SouthCh - Nagoya,SEA,PILOT_TO_PILOT,7,3016,12,8,9,Kashino ,Daio Sak,33.28839812396301,136.03931065351344,39.101401902283385,15.0,754.3073785321083,89.14992799944184
3017,Shanghai SouthCh - Nagoya,SEA,PILOT_TO_PILOT,7,3017,13,8,9,Kashino ,Daio Sak,33.29162939796945,136.04245472046605,39.101401902283385,15.0,754.5574542503929,88.89985228115722
3018,Shanghai SouthCh - Nagoya,SEA,PILOT_TO_PILOT,7,3018,14,8,9,Kashino ,Daio Sak,33.2948605928106,136.04559902029732,39.101401902283385,15.0,754.8075299686775,88.6497765628726
3019,Shanghai SouthCh - Nagoya,SEA,PILOT_TO_PILOT,7,3019,15,8,9,Kashino ,Daio Sak,33.29809170847088,136.04874355304733,39.101401902283385,15.0,755.0576056869621,88.39970084458798
3020,Shanghai SouthCh - Nagoya,SEA,PILOT_TO_PILOT,7,3020,16,8,9,Kashino ,Daio Sak,33.30132274493468,136.05188831875637,39.101401902283385,15.0,755.3076814052467,88.14962512630336
3021,Shanghai SouthCh - Nagoya,SEA,PILOT_TO_PILOT,7,3021,17,8,9,Kashino ,Daio Sak,33.3045537021864,136.0550333174645,39.101401902283385,15.0,755.5577571235314,87.89954940801874
3022,Shanghai SouthCh - Nagoya,SEA,PILOT_TO_PILOT,7,3022,18,8,9,Kashino ,Daio Sak,33.307784580210445,136.058178549212,39.101401902283385,15.0,755.807832841816,87.64947368973412
3023,Shanghai SouthCh - Nagoya,SEA,PILOT_TO_PILOT,7,3023,19,8,9,Kashino ,Daio Sak,33.3110153789912,136.061324014039,39.101401902283385,15.0,756.0579085601007,87.39939797144939
3024,Shanghai SouthCh - Nagoya,SEA,PILOT_TO_PILOT,7,3024,20,8,9,Kashino ,Daio Sak,33.31424609851306,136.06446971198574,39.101401902283385,15.0,756.3079842783853,87.14932225316477
3025,Shanghai SouthCh - Nagoya,SEA,PILOT_TO_PILOT,7,3025,21,8,9,Kashino ,Daio Sak,33.31747673876041,136.0676156430924,39.101401902283385,15.0,756.55805999667,86.89924653488015
3026,Shanghai SouthCh - Nagoya,SEA,PILOT_TO_PILOT,7,3026,22,8,9,Kashino ,Daio Sak,33.320707299717625,136.07076180739918,39.101401902283385,15.0,756.8081357149546,86.64917081659553
3027,Shanghai SouthCh - Nagoya,SEA,PILOT_TO_PILOT,7,3027,23,8,9,Kashino ,Daio Sak,33.323937781369104,136.07390820494632,39.101401902283385,15.0,757.0582114332392,86.39909509831091
3028,Shanghai SouthCh - Nagoya,SEA,PILOT_TO_PILOT,7,3028,24,8,9,Kashino ,Daio Sak,33.32716818369921,136.07705483577402,39.101401902283385,15.0,757.3082871515238,86.14901938002629
3029,Shanghai SouthCh - Nagoya,SEA,PILOT_TO_PILOT,7,3029,25,8,9,Kashino ,Daio Sak,33.33039850669231,136.0802016999225,39.101401902283385,15.0,757.5583628698084,85.89894366174167
3030,Shanghai SouthCh - Nagoya,SEA,PILOT_TO_PILOT,7,3030,26,8,9,Kashino ,Daio Sak,33.333628750332814,136.08334879743197,39.101401902283385,15.0,757.8084385880932,85.64886794345693
3031,Shanghai SouthCh - Nagoya,SEA,PILOT_TO_PILOT,7,3031,27,8,9,Kashino ,Daio Sak,33.336858914605045,136.0864961283427,39.101401902283385,15.0,758.0585143063778,85.39879222517231
3032,Shanghai SouthCh - Nagoya,SEA,PILOT_TO_PILOT,7,3032,28,8,9,Kashino ,Daio Sak,33.34008899949339,136.0896436926949,39.101401902283385,15.0,758.3085900246624,85.1487165068877
3033,Shanghai SouthCh - Nagoya,SEA,PILOT_TO_PILOT,7,3033,29,8,9,Kashino ,Daio Sak,33.34331900498222,136.09279149052884,39.101401902283385,15.0,758.558665742947,84.89864078860307
3034,Shanghai SouthCh - Nagoya,SEA,PILOT_TO_PILOT,7,3034,30,8,9,Kashino ,Daio Sak,33.346548931055885,136.09593952188473,39.101401902283385,15.0,758.8087414612316,84.64856507031845
3035,Shanghai SouthCh - Nagoya,SEA,PILOT_TO_PILOT,7,3035,31,8,9,Kashino ,Daio Sak,33.349778777698745,136.09908778680284,39.101401902283385,15.0,759.0588171795163,84.39848935203383
3036,Shanghai SouthCh - Nagoya,SEA,PILOT_TO_PILOT,7,3036,32,8,9,Kashino ,Daio Sak,33.353008544895154,136.10223628532347,39.101401902283385,15.0,759.3088928978009,84.14841363374921
3037,Shanghai SouthCh - Nagoya,SEA,PILOT_TO_PILOT,7,3037,33,8,9,Kashino ,Daio Sak,33.356238232629465,136.1053850174868,39.101401902283385,15.0,759.5589686160856,83.89833791546448
3038,Shanghai SouthCh - Nagoya,SEA,PILOT_TO_PILOT,7,3038,34,8,9,Kashino ,Daio Sak,33.359467840886026,136.10853398333322,39.101401902283385,15.0,759.8090443343702,83.64826219717986
3039,Shanghai SouthCh - Nagoya,SEA,PILOT_TO_PILOT,7,3039,35,8,9,Kashino ,Daio Sak,33.36269736964918,136.1116831829029,39.101401902283385,15.0,760.0591200526549,83.39818647889524
3040,Shanghai SouthCh - Nagoya,SEA,PILOT_TO_PILOT,7,3040,36,8,9,Kashino ,Daio Sak,33.365926818903276,136.11483261623616,39.101401902283385,15.0,760.3091957709395,83.14811076061062
3041,Shanghai SouthCh - Nagoya,SEA,PILOT_TO_PILOT,7,3041,37,8,9,Kashino ,Daio Sak,33.36915618863265,136.11798228337327,39.101401902283385,15.0,760.5592714892241,82.898035042326
3042,Shanghai SouthCh - Nagoya,SEA,PILOT_TO_PILOT,7,3042,38,8,9,Kashino ,Daio Sak,33.372385478821634,136.12113218435454,39.101401902283385,15.0,760.8093472075087,82.64795932404138
3043,Shanghai SouthCh - Nagoya,SEA,PILOT_TO_PILOT,7,3043,39,8,9,Kashino ,Daio Sak,33.375614689454565,136.12428231922024,39.101401902283385,15.0,761.0594229257933,82.39788360575676
3044,Shanghai SouthCh - Nagoya,SEA,PILOT_TO_PILOT,7,3044,40,8,9,Kashino ,Daio Sak,33.37884382051578,136.12743268801074,39.101401902283385,15.0,761.309498644078,82.14780788747214
3045,Shanghai SouthCh - Nagoya,SEA,PILOT_TO_PILOT,7,3045,41,8,9,Kashino ,Daio Sak,33.3820728719896,136.13058329076625,39.101401902283385,15.0,761.5595743623627,81.8977321691874
3046,Shanghai SouthCh - Nagoya,SEA,PILOT_TO_PILOT,7,3046,42,8,9,Kashino ,Daio Sak,33.385301843860354,136.13373412752716,39.101401902283385,15.0,761.8096500806473,81.64765645090279
3047,Shanghai SouthCh - Nagoya,SEA,PILOT_TO_PILOT,7,3047,43,8,9,Kashino ,Daio Sak,33.38853073611236,136.13688519833374,39.101401902283385,15.0,762.0597257989319,81.39758073261817
3048,Shanghai SouthCh - Nagoya,SEA,PILOT_TO_PILOT,7,3048,44,8,9,Kashino ,Daio Sak,33.39175954872994,136.14003650322633,39.101401902283385,15.0,762.3098015172166,81.14750501433355
3049,Shanghai SouthCh - Nagoya,SEA,PILOT_TO_PILOT,7,3049,45,8,9,Kashino ,Daio Sak,33.394988281697394,136.1431880422453,39.101401902283385,15.0,762.5598772355012,80.89742929604893
3050,Shanghai SouthCh - Nagoya,SEA,PILOT_TO_PILOT,7,3050,46,8,9,Kashino ,Daio Sak,33.398216934999084,136.1463398154309,39.101401902283385,15.0,762.8099529537858,80.6473535777643
3051,Shanghai SouthCh - Nagoya,SEA,PILOT_TO_PILOT,7,3051,47,8,9,Kashino ,Daio Sak,33.401445508619254,136.1494918228235,39.101401902283385,15.0,763.0600286720704,80.39727785947969
3052,Shanghai SouthCh - Nagoya,SEA,PILOT_TO_PILOT,7,3052,48,8,9,Kashino ,Daio Sak,33.40467400254225,136.15264406446346,39.101401902283385,15.0,763.3101043903551,80.14720214119495
3053,Shanghai SouthCh - Nagoya,SEA,PILOT_TO_PILOT,7,3053,49,8,9,Kashino ,Daio Sak,33.407902416752385,136.15579654039112,39.101401902283385,15.0,763.5601801086398,79.89712642291033
3054,Shanghai SouthCh - Nagoya,SEA,PILOT_TO_PILOT,7,3054,50,8,9,Kashino ,Daio Sak,33.41113075123393,136.15894925064686,39.101401902283385,15.0,763.8102558269244,79.64705070462571
3055,Shanghai SouthCh - Nagoya,SEA,PILOT_TO_PILOT,7,3055,51,8,9,Kashino ,Daio Sak,33.414359005971214,136.16210219527102,39.101401902283385,15.0,764.060331545209,79.39697498634109
3056,Shanghai SouthCh - Nagoya,SEA,PILOT_TO_PILOT,7,3056,52,8,9,Kashino ,Daio Sak,33.4175871809485,136.16525537430394,39.101401902283385,15.0,764.3104072634936,79.14689926805647
3057,Shanghai SouthCh - Nagoya,SEA,PILOT_TO_PILOT,7,3057,53,8,9,Kashino ,Daio Sak,33.4208152761501,136.16840878778598,39.101401902283385,15.0,764.5604829817783,78.89682354977185
3058,Shanghai SouthCh - Nagoya,SEA,PILOT_TO_PILOT,7,3058,54,8,9,Kashino ,Daio Sak,33.42404329156031,136.17156243575758,39.101401902283385,15.0,764.8105587000629,78.64674783148723
3059,Shanghai SouthCh - Nagoya,SEA,PILOT_TO_PILOT,7,3059,55,8,9,Kashino ,Daio Sak,33.4272712271634,136.1747163182591,39.101401902283385,15.0,765.0606344183476,78.3966721132025
3060,Shanghai SouthCh - Nagoya,SEA,PILOT_TO_PILOT,7,3060,56,8,9,Kashino ,Daio Sak,33.43049908294366,136.1778704353309,39.101401902283385,15.0,765.3107101366322,78.14659639491788
3061,Shanghai SouthCh - Nagoya,SEA,PILOT_TO_PILOT,7,3061,57,8,9,Kashino ,Daio Sak,33.433726858885386,136.18102478701337,39.101401902283385,15.0,765.5607858549168,77.89652067663326
3062,Shanghai SouthCh - Nagoya,SEA,PILOT_TO_PILOT,7,3062,58,8,9,Kashino ,Daio Sak,33.43695455497282,136.18417937334692,39.101401902283385,15.0,765.8108615732015,77.64644495834864
3063,Shanghai SouthCh - Nagoya,SEA,PILOT_TO_PILOT,7,3063,59,8,9,Kashino ,Daio Sak,33.44018217119027,136.187334194372,39.101401902283385,15.0,766.0609372914861,77.39636924006402
3064,Shanghai SouthCh - Nagoya,SEA,PILOT_TO_PILOT,7,3064,60,8,9,Kashino ,Daio Sak,33.443409707521994,136.19048925012893,39.101401902283385,15.0,766.3110130097707,77.1462935217794
3065,Shanghai SouthCh - Nagoya,SEA,PILOT_TO_PILOT,7,3065,61,8,9,Kashino ,Daio Sak,33.44663716395226,136.19364454065814,39.101401902283385,15.0,766.5610887280553,76.89621780349478
3066,Shanghai SouthCh - Nagoya,SEA,PILOT_TO_PILOT,7,3066,62,8,9,Kashino ,Daio Sak,33.44986454046534,136.1968000660001,39.101401902283385,15.0,766.81116444634,76.64614208521016
3067,Shanghai SouthCh - Nagoya,SEA,PILOT_TO_PILOT,7,3067,63,8,9,Kashino ,Daio Sak,33.45309183704549,136.19995582619518,39.101401902283385,15.0,767.0612401646247,76.39606636692542
3068,Shanghai SouthCh - Nagoya,SEA,PILOT_TO_PILOT,7,3068,64,8,9,Kashino ,Daio Sak,33.45631905367697,136.20311182128387,39.101401902283385,15.0,767.3113158829093,76.1459906486408
3069,Shanghai SouthCh - Nagoya,SEA,PILOT_TO_PILOT,7,3069,65,8,9,Kashino ,Daio Sak,33.45954619034404,136.20626805130652,39.101401902283385,15.0,767.5613916011939,75.89591493035618
3070,Shanghai SouthCh - Nagoya,SEA,PILOT_TO_PILOT,7,3070,66,8,9,Kashino ,Daio Sak,33.46277324703096,136.20942451630364,39.101401902283385,15.0,767.8114673194785,75.64583921207156
3071,Shanghai SouthCh - Nagoya,SEA,PILOT_TO_PILOT,7,3071,67,8,9,Kashino ,Daio Sak,33.46600022372197,136.21258121631564,39.101401902283385,15.0,768.0615430377632,75.39576349378694
3072,Shanghai SouthCh - Nagoya,SEA,PILOT_TO_PILOT,7,3072,68,8,9,Kashino ,Daio Sak,33.46922712040132,136.21573815138296,39.101401902283385,15.0,768.3116187560478,75.14568777550232
3073,Shanghai SouthCh - Nagoya,SEA,PILOT_TO_PILOT,7,3073,69,8,9,Kashino ,Daio Sak,33.47245393705327,136.21889532154609,39.101401902283385,15.0,768.5616944743324,74.8956120572177
3074,Shanghai SouthCh - Nagoya,SEA,PILOT_TO_PILOT,7,3074,70,8,9,Kashino ,Daio Sak,33.47568067366203,136.2220527268455,39.101401902283385,15.0,768.8117701926171,74.64553633893297
3075,Shanghai SouthCh - Nagoya,SEA,PILOT_TO_PILOT,7,3075,71,8,9,Kashino ,Daio Sak,33.47890733021187,136.22521036732155,39.101401902283385,15.0,769.0618459109018,74.39546062064835
3076,Shanghai SouthCh - Nagoya,SEA,PILOT_TO_PILOT,7,3076,72,8,9,Kashino ,Daio Sak,33.48213390668701,136.22836824301484,39.101401902283385,15.0,769.3119216291864,74.14538490236373
3077,Shanghai SouthCh - Nagoya,SEA,PILOT_TO_PILOT,7,3077,73,8,9,Kashino ,Daio Sak,33.48536040307168,136.2315263539658,39.101401902283385,15.0,769.561997347471,73.89530918407911
3078,Shanghai SouthCh - Nagoya,SEA,PILOT_TO_PILOT,7,3078,74,8,9,Kashino ,Daio Sak,33.48858681935014,136.2346847002149,39.101401902283385,15.0,769.8120730657556,73.64523346579449
3079,Shanghai SouthCh - Nagoya,SEA,PILOT_TO_PILOT,7,3079,75,8,9,Kashino ,Daio Sak,33.49181315550657,136.23784328180258,39.101401902283385,15.0,770.0621487840402,73.39515774750987
3080,Shanghai SouthCh - Nagoya,SEA,PILOT_TO_PILOT,7,3080,76,8,9,Kashino ,Daio Sak,33.495039411525234,136.24100209876943,39.101401902283385,15.0,770.3122245023249,73.14508202922525
3081,Shanghai SouthCh - Nagoya,SEA,PILOT_TO_PILOT,7,3081,77,8,9,Kashino ,Daio Sak,33.498265587390335,136.24416115115588,39.101401902283385,15.0,770.5623002206096,72.89500631094052
3082,Shanghai SouthCh - Nagoya,SEA,PILOT_TO_PILOT,7,3082,78,8,9,Kashino ,Daio Sak,33.50149168308608,136.24732043900244,39.101401902283385,15.0,770.8123759388942,72.6449305926559
3083,Shanghai SouthCh - Nagoya,SEA,PILOT_TO_PILOT,7,3083,79,8,9,Kashino ,Daio Sak,33.50471769859672,136.25047996234966,39.101401902283385,15.0,771.0624516571788,72.39485487437128
3084,Shanghai SouthCh - Nagoya,SEA,PILOT_TO_PILOT,7,3084,80,8,9,Kashino ,Daio Sak,33.50794363390644,136.253639721238,39.101401902283385,15.0,771.3125273754634,72.14477915608666
3085,Shanghai SouthCh - Nagoya,SEA,PILOT_TO_PILOT,7,3085,81,8,9,Kashino ,Daio Sak,33.51116948899945,136.25679971570796,39.101401902283385,15.0,771.5626030937481,71.89470343780204
3086,Shanghai SouthCh - Nagoya,SEA,PILOT_TO_PILOT,7,3086,82,8,9,Kashino ,Daio Sak,33.51439526385997,136.25995994580015,39.101401902283385,15.0,771.8126788120327,71.64462771951742
3087,Shanghai SouthCh - Nagoya,SEA,PILOT_TO_PILOT,7,3087,83,8,9,Kashino ,Daio Sak,33.51762095847218,136.26312041155504,39.101401902283385,15.0,772.0627545303173,71.3945520012328
3088,Shanghai SouthCh - Nagoya,SEA,PILOT_TO_PILOT,7,3088,84,8,9,Kashino ,Daio Sak,33.52084657282031,136.26628111301318,39.101401902283385,15.0,772.312830248602,71.14447628294806
3089,Shanghai SouthCh - Nagoya,SEA,PILOT_TO_PILOT,7,3089,85,8,9,Kashino ,Daio Sak,33.524072106888525,136.26944205021508,39.101401902283385,15.0,772.5629059668867,70.89440056466344
3090,Shanghai SouthCh - Nagoya,SEA,PILOT_TO_PILOT,7,3090,86,8,9,Kashino ,Daio Sak,33.527297560661054,136.27260322320134,39.101401902283385,15.0,772.8129816851713,70.64432484637882
3091,Shanghai SouthCh - Nagoya,SEA,PILOT_TO_PILOT,7,3091,87,8,9,Kashino ,Daio Sak,33.53052293412207,136.27576463201245,39.101401902283385,15.0,773.0630574034559,70.3942491280942
3092,Shanghai SouthCh - Nagoya,SEA,PILOT_TO_PILOT,7,3092,88,8,9,Kashino ,Daio Sak,33.53374822725575,136.27892627668902,39.101401902283385,15.0,773.3131331217405,70.14417340980958
3093,Shanghai SouthCh - Nagoya,SEA,PILOT_TO_PILOT,7,3093,89,8,9,Kashino ,Daio Sak,33.5369734400463,136.28208815727157,39.101401902283385,15.0,773.5632088400251,69.89409769152496
3094,Shanghai SouthCh - Nagoya,SEA,PILOT_TO_PILOT,7,3094,90,8,9,Kashino ,Daio Sak,33.54019857247789,136.28525027380067,39.101401902283385,15.0,773.8132845583098,69.64402197324034
3095,Shanghai SouthCh - Nagoya,SEA,PILOT_TO_PILOT,7,3095,91,8,9,Kashino ,Daio Sak,33.54342362453471,136.2884126263169,39.101401902283385,15.0,774.0633602765945,69.39394625495561
3096,Shanghai SouthCh - Nagoya,SEA,PILOT_TO_PILOT,7,3096,92,8,9,Kashino ,Daio Sak,33.54664859620093,136.29157521486084,39.101401902283385,15.0,774.3134359948791,69.14387053667099
3097,Shanghai SouthCh - Nagoya,SEA,PILOT_TO_PILOT,7,3097,93,8,9,Kashino ,Daio Sak,33.54987348746072,136.2947380394731,39.101401902283385,15.0,774.5635117131637,68.89379481838637
3098,Shanghai SouthCh - Nagoya,SEA,PILOT_TO_PILOT,7,3098,94,8,9,Kashino ,Daio Sak,33.55309829829826,136.29790110019417,39.101401902283385,15.0,774.8135874314484,68.64371910010175
3099,Shanghai SouthCh - Nagoya,SEA,PILOT_TO_PILOT,7,3099,95,8,9,Kashino ,Daio Sak,33.556323028697705,136.30106439706475,39.101401902283385,15.0,775.063663149733,68.39364338181713
3100,Shanghai SouthCh - Nagoya,SEA,PILOT_TO_PILOT,7,3100,96,8,9,Kashino ,Daio Sak,33.55954767864323,136.3042279301254,39.101401902283385,15.0,775.3137388680176,68.14356766353251
3101,Shanghai SouthCh - Nagoya,SEA,PILOT_TO_PILOT,7,3101,97,8,9,Kashino ,Daio Sak,33.56277224811899,136.30739169941668,39.101401902283385,15.0,775.5638145863022,67.89349194524789
3102,Shanghai SouthCh - Nagoya,SEA,PILOT_TO_PILOT,7,3102,98,8,9,Kashino ,Daio Sak,33.56599673710916,136.31055570497927,39.101401902283385,15.0,775.8138903045868,67.64341622696327
3103,Shanghai SouthCh - Nagoya,SEA,PILOT_TO_PILOT,7,3103,99,8,9,Kashino ,Daio Sak,33.569221145597865,136.31371994685372,39.101401902283385,15.0,776.0639660228716,67.39334050867853
3104,Shanghai SouthCh - Nagoya,SEA,PILOT_TO_PILOT,7,3104,100,8,9,Kashino ,Daio Sak,33.572445473569275,136.3168844250807,39.101401902283385,15.0,776.3140417411562,67.14326479039391
3105,Shanghai SouthCh - Nagoya,SEA,PILOT_TO_PILOT,7,3105,101,8,9,Kashino ,Daio Sak,33.57566972100755,136.32004913970079,39.101401902283385,15.0,776.5641174594408,66.8931890721093
3106,Shanghai SouthCh - Nagoya,SEA,PILOT_TO_PILOT,7,3106,102,8,9,Kashino ,Daio Sak,33.578893887896825,136.32321409075467,39.101401902283385,15.0,776.8141931777254,66.64311335382467
3107,Shanghai SouthCh - Nagoya,SEA,PILOT_TO_PILOT,7,3107,103,8,9,Kashino ,Daio Sak,33.582117974221234,136.3263792782829,39.101401902283385,15.0,777.06426889601,66.39303763554005
3108,Shanghai SouthCh - Nagoya,SEA,PILOT_TO_PILOT,7,3108,104,8,9,Kashino ,Daio Sak,33.58534197996494,136.32954470232622,39.101401902283385,15.0,777.3143446142947,66.14296191725543
3109,Shanghai SouthCh - Nagoya,SEA,PILOT_TO_PILOT,7,3109,105,8,9,Kashino ,Daio Sak,33.58856590511206,136.33271036292518,39.101401902283385,15.0,777.5644203325793,65.89288619897081
3110,Shanghai SouthCh - Nagoya,SEA,PILOT_TO_PILOT,7,3110,106,8,9,Kashino ,Daio Sak,33.59178974964674,136.3358762601205,39.101401902283385,15.0,777.814496050864,65.64281048068608
3111,Shanghai SouthCh - Nagoya,SEA,PILOT_TO_PILOT,7,3111,107,8,9,Kashino ,Daio Sak,33.59501351355311,136.33904239395275,39.101401902283385,15.0,778.0645717691486,65.39273476240146
3112,Shanghai SouthCh - Nagoya,SEA,PILOT_TO_PILOT,7,3112,108,8,9,Kashino ,Daio Sak,33.598237196815305,136.3422087644627,39.101401902283385,15.0,778.3146474874333,65.14265904411684
3113,Shanghai SouthCh - Nagoya,SEA,PILOT_TO_PILOT,7,3113,109,8,9,Kashino ,Daio Sak,33.60146079941743,136.34537537169095,39.101401902283385,15.0,778.5647232057179,64.89258332583222
3114,Shanghai SouthCh - Nagoya,SEA,PILOT_TO_PILOT,7,3114,110,8,9,Kashino ,Daio Sak,33.60468432134362,136.34854221567815,39.101401902283385,15.0,778.8147989240025,64.6425076075476
3115,Shanghai SouthCh - Nagoya,SEA,PILOT_TO_PILOT,7,3115,111,8,9,Kashino ,Daio Sak,33.60790776257801,136.35170929646506,39.101401902283385,15.0,779.0648746422871,64.39243188926298
3116,Shanghai SouthCh - Nagoya,SEA,PILOT_TO_PILOT,7,3116,112,8,9,Kashino ,Daio Sak,33.61113112310469,136.3548766140923,39.101401902283385,15.0,779.3149503605717,64.14235617097836
3117,Shanghai SouthCh - Nagoya,SEA,PILOT_TO_PILOT,7,3117,113,8,9,Kashino ,Daio Sak,33.61435440290779,136.35804416860057,39.101401902283385,15.0,779.5650260788564,63.89228045269374
3118,Shanghai SouthCh - Nagoya,SEA,PILOT_TO_PILOT,7,3118,114,8,9,Kashino ,Daio Sak,33.61757760197142,136.36121196003052,39.101401902283385,15.0,779.8151017971411,63.642204734409006
3119,Shanghai SouthCh - Nagoya,SEA,PILOT_TO_PILOT,7,3119,115,8,9,Kashino ,Daio Sak,33.620800720279675,136.36437998842294,39.101401902283385,15.0,780.0651775154257,63.392129016124386
3120,Shanghai SouthCh - Nagoya,SEA,PILOT_TO_PILOT,7,3120,116,8,9,Kashino ,Daio Sak,33.624023757816666,136.36754825381848,39.101401902283385,15.0,780.3152532337103,63.142053297839766
3121,Shanghai SouthCh - Nagoya,SEA,PILOT_TO_PILOT,7,3121,117,8,9,Kashino ,Daio Sak,33.6272467145665,136.37071675625785,39.101401902283385,15.0,780.565328951995,62.891977579555146
3122,Shanghai SouthCh - Nagoya,SEA,PILOT_TO_PILOT,7,3122,118,8,9,Kashino ,Daio Sak,33.63046959051328,136.37388549578176,39.101401902283385,15.0,780.8154046702796,62.641901861270526
3123,Shanghai SouthCh - Nagoya,SEA,PILOT_TO_PILOT,7,3123,119,8,9,Kashino ,Daio Sak,33.63369238564109,136.37705447243093,39.101401902283385,15.0,781.0654803885642,62.391826142985906
3124,Shanghai SouthCh - Nagoya,SEA,PILOT_TO_PILOT,7,3124,120,8,9,Kashino ,Daio Sak,33.63691509993403,136.38022368624613,39.101401902283385,15.0,781.3155561068488,62.141750424701286
3125,Shanghai SouthCh - Nagoya,SEA,PILOT_TO_PILOT,7,3125,121,8,9,Kashino ,Daio Sak,33.64013773337618,136.383393137268,39.101401902283385,15.0,781.5656318251336,61.89167470641655
3126,Shanghai SouthCh - Nagoya,SEA,PILOT_TO_PILOT,7,3126,122,8,9,Kashino ,Daio Sak,33.64336028595164,136.38656282553737,39.101401902283385,15.0,781.8157075434182,61.64159898813193
3127,Shanghai SouthCh - Nagoya,SEA,PILOT_TO_PILOT,7,3127,123,8,9,Kashino ,Daio Sak,33.64658275764448,136.38973275109493,39.101401902283385,15.0,782.0657832617028,61.39152326984731
3128,Shanghai SouthCh - Nagoya,SEA,PILOT_TO_PILOT,7,3128,124,8,9,Kashino ,Daio Sak,33.649805148438794,136.39290291398143,39.101401902283385,15.0,782.3158589799874,61.14144755156269
3129,Shanghai SouthCh - Nagoya,SEA,PILOT_TO_PILOT,7,3129,125,8,9,Kashino ,Daio Sak,33.65302745831865,136.3960733142376,39.101401902283385,15.0,782.565934698272,60.89137183327807
3130,Shanghai SouthCh - Nagoya,SEA,PILOT_TO_PILOT,7,3130,126,8,9,Kashino ,Daio Sak,33.656249687268115,136.39924395190425,39.101401902283385,15.0,782.8160104165567,60.64129611499345
3131,Shanghai SouthCh - Nagoya,SEA,PILOT_TO_PILOT,7,3131,127,8,9,Kashino ,Daio Sak,33.65947183527128,136.4024148270221,39.101401902283385,15.0,783.0660861348413,60.39122039670883
3132,Shanghai SouthCh - Nagoya,SEA,PILOT_TO_PILOT,7,3132,128,8,9,Kashino ,Daio Sak,33.66269390231221,136.40558593963195,39.101401902283385,15.0,783.316161853126,60.1411446784241
3133,Shanghai SouthCh - Nagoya,SEA,PILOT_TO_PILOT,7,3133,129,8,9,Kashino ,Daio Sak,33.66591588837496,136.40875728977454,39.101401902283385,15.0,783.5662375714106,59.89106896013948
3134,Shanghai SouthCh - Nagoya,SEA,PILOT_TO_PILOT,7,3134,130,8,9,Kashino ,Daio Sak,33.669137793443596,136.41192887749065,39.101401902283385,15.0,783.8163132896952,59.64099324185486
3135,Shanghai SouthCh - Nagoya,SEA,PILOT_TO_PILOT,7,3135,131,8,9,Kashino ,Daio Sak,33.67235961750218,136.4151007028211,39.101401902283385,15.0,784.0663890079799,59.39091752357024
3136,Shanghai SouthCh - Nagoya,SEA,PILOT_TO_PILOT,7,3136,132,8,9,Kashino ,Daio Sak,33.67558136053477,136.4182727658066,39.101401902283385,15.0,784.3164647262645,59.14084180528562
3137,Shanghai SouthCh - Nagoya,SEA,PILOT_TO_PILOT,7,3137,133,8,9,Kashino ,Daio Sak,33.678803022525415,136.42144506648805,39.101401902283385,15.0,784.5665404445491,58.890766087001
3138,Shanghai SouthCh - Nagoya,SEA,PILOT_TO_PILOT,7,3138,134,8,9,Kashino ,Daio Sak,33.682024603458174,136.42461760490616,39.101401902283385,15.0,784.8166161628337,58.64069036871638
3139,Shanghai SouthCh - Nagoya,SEA,PILOT_TO_PILOT,7,3139,135,8,9,Kashino ,Daio Sak,33.68524610331707,136.4277903811018,39.101401902283385,15.0,785.0666918811185,58.390614650431644
3140,Shanghai SouthCh - Nagoya,SEA,PILOT_TO_PILOT,7,3140,136,8,9,Kashino ,Daio Sak,33.68846752208618,136.4309633951157,39.101401902283385,15.0,785.3167675994031,58.140538932147024
3141,Shanghai SouthCh - Nagoya,SEA,PILOT_TO_PILOT,7,3141,137,8,9,Kashino ,Daio Sak,33.691688859749526,136.43413664698878,39.101401902283385,15.0,785.5668433176877,57.890463213862404
3142,Shanghai SouthCh - Nagoya,SEA,PILOT_TO_PILOT,7,3142,138,8,9,Kashino ,Daio Sak,33.69491011629115,136.43731013676174,39.101401902283385,15.0,785.8169190359723,57.640387495577784
3143,Shanghai SouthCh - Nagoya,SEA,PILOT_TO_PILOT,7,3143,139,8,9,Kashino ,Daio Sak,33.698131291695105,136.4404838644755,39.101401902283385,15.0,786.0669947542569,57.390311777293164
3144,Shanghai SouthCh - Nagoya,SEA,PILOT_TO_PILOT,7,3144,140,8,9,Kashino ,Daio Sak,33.70135238594538,136.44365783017088,39.101401902283385,15.0,786.3170704725416,57.140236059008544
3145,Shanghai SouthCh - Nagoya,SEA,PILOT_TO_PILOT,7,3145,141,8,9,Kashino ,Daio Sak,33.704573399026046,136.44683203388865,39.101401902283385,15.0,786.5671461908262,56.890160340723924
3146,Shanghai SouthCh - Nagoya,SEA,PILOT_TO_PILOT,7,3146,142,8,9,Kashino ,Daio Sak,33.70779433092112,136.45000647566974,39.101401902283385,15.0,786.8172219091109,56.64008462243919
3147,Shanghai SouthCh - Nagoya,SEA,PILOT_TO_PILOT,7,3147,143,8,9,Kashino ,Daio Sak,33.71101518161461,136.45318115555494,39.101401902283385,15.0,787.0672976273955,56.39000890415457
3148,Shanghai SouthCh - Nagoya,SEA,PILOT_TO_PILOT,7,3148,144,8,9,Kashino ,Daio Sak,33.714235951090544,136.4563560735851,39.101401902283385,15.0,787.3173733456802,56.13993318586995
3149,Shanghai SouthCh - Nagoya,SEA,PILOT_TO_PILOT,7,3149,145,8,9,Kashino ,Daio Sak,33.71745663933296,136.45953122980112,39.101401902283385,15.0,787.5674490639648,55.88985746758533
3150,Shanghai SouthCh - Nagoya,SEA,PILOT_TO_PILOT,7,3150,146,8,9,Kashino ,Daio Sak,33.720677246325835,136.46270662424382,39.101401902283385,15.0,787.8175247822494,55.63978174930071
3151,Shanghai SouthCh - Nagoya,SEA,PILOT_TO_PILOT,7,3151,147,8,9,Kashino ,Daio Sak,33.723897772053206,136.46588225695407,39.101401902283385,15.0,788.067600500534,55.38970603101609
3152,Shanghai SouthCh - Nagoya,SEA,PILOT_TO_PILOT,7,3152,148,8,9,Kashino ,Daio Sak,33.72711821649908,136.46905812797277,39.101401902283385,15.0,788.3176762188186,55.13963031273147
3153,Shanghai SouthCh - Nagoya,SEA,PILOT_TO_PILOT,7,3153,149,8,9,Kashino ,Daio Sak,33.730338579647444,136.47223423734079,39.101401902283385,15.0,788.5677519371033,54.88955459444685
3154,Shanghai SouthCh - Nagoya,SEA,PILOT_TO_PILOT,7,3154,150,8,9,Kashino ,Daio Sak,33.733558861482315,136.475410585099,39.101401902283385,15.0,788.817827655388,54.639478876162116
3155,Shanghai SouthCh - Nagoya,SEA,PILOT_TO_PILOT,7,3155,151,8,9,Kashino ,Daio Sak,33.7367790619877,136.4785871712883,39.101401902283385,15.0,789.0679033736726,54.389403157877496
3156,Shanghai SouthCh - Nagoya,SEA,PILOT_TO_PILOT,7,3156,152,8,9,Kashino ,Daio Sak,33.739999181147574,136.4817639959496,39.101401902283385,15.0,789.3179790919572,54.139327439592876
3157,Shanghai SouthCh - Nagoya,SEA,PILOT_TO_PILOT,7,3157,153,8,9,Kashino ,Daio Sak,33.743219218945946,136.48494105912377,39.101401902283385,15.0,789.5680548102418,53.889251721308256
3158,Shanghai SouthCh - Nagoya,SEA,PILOT_TO_PILOT,7,3158,154,8,9,Kashino ,Daio Sak,33.7464391753668,136.48811836085173,39.101401902283385,15.0,789.8181305285265,53.639176003023636
3159,Shanghai SouthCh - Nagoya,SEA,PILOT_TO_PILOT,7,3159,155,8,9,Kashino ,Daio Sak,33.74965905039412,136.4912959011744,39.101401902283385,15.0,790.0682062468111,53.389100284739015
3160,Shanghai SouthCh - Nagoya,SEA,PILOT_TO_PILOT,7,3160,156,8,9,Kashino ,Daio Sak,33.7528788440119,136.49447368013264,39.101401902283385,15.0,790.3182819650957,53.139024566454395
3161,Shanghai SouthCh - Nagoya,SEA,PILOT_TO_PILOT,7,3161,157,8,9,Kashino ,Daio Sak,33.75609855620412,136.49765169776745,39.101401902283385,15.0,790.5683576833804,52.88894884816966
3162,Shanghai SouthCh - Nagoya,SEA,PILOT_TO_PILOT,7,3162,158,8,9,Kashino ,Daio Sak,33.75931818695475,136.50082995411972,39.101401902283385,15.0,790.8184334016651,52.63887312988504
3163,Shanghai SouthCh - Nagoya,SEA,PILOT_TO_PILOT,7,3163,159,8,9,Kashino ,Daio Sak,33.76253773624776,136.50400844923038,39.101401902283385,15.0,791.0685091199497,52.38879741160042
3164,Shanghai SouthCh - Nagoya,SEA,PILOT_TO_PILOT,7,3164,160,8,9,Kashino ,Daio Sak,33.765757204067135,136.5071871831404,39.101401902283385,15.0,791.3185848382343,52.1387216933158
3165,Shanghai SouthCh - Nagoya,SEA,PILOT_TO_PILOT,7,3165,161,8,9,Kashino ,Daio Sak,33.76897659039684,136.51036615589064,39.101401902283385,15.0,791.5686605565189,51.88864597503118
3166,Shanghai SouthCh - Nagoya,SEA,PILOT_TO_PILOT,7,3166,162,8,9,Kashino ,Daio Sak,33.77219589522083,136.51354536752214,39.101401902283385,15.0,791.8187362748035,51.63857025674656
3167,Shanghai SouthCh - Nagoya,SEA,PILOT_TO_PILOT,7,3167,163,8,9,Kashino ,Daio Sak,33.775415118523085,136.5167248180758,39.101401902283385,15.0,792.0688119930882,51.38849453846194
3168,Shanghai SouthCh - Nagoya,SEA,PILOT_TO_PILOT,7,3168,164,8,9,Kashino ,Daio Sak,33.77863426028757,136.5199045075926,39.101401902283385,15.0,792.3188877113728,51.13841882017732
3169,Shanghai SouthCh - Nagoya,SEA,PILOT_TO_PILOT,7,3169,165,8,9,Kashino ,Daio Sak,33.781853320498215,136.5230844361135,39.101401902283385,15.0,792.5689634296575,50.88834310189259
3170,Shanghai SouthCh - Nagoya,SEA,PILOT_TO_PILOT,7,3170,166,8,9,Kashino ,Daio Sak,33.78507229913898,136.52626460367944,39.101401902283385,15.0,792.8190391479421,50.63826738360797
3171,Shanghai SouthCh - Nagoya,SEA,PILOT_TO_PILOT,7,3171,167,8,9,Kashino ,Daio Sak,33.78829119619383,136.52944501033144,39.101401902283385,15.0,793.0691148662268,50.38819166532335
3172,Shanghai SouthCh - Nagoya,SEA,PILOT_TO_PILOT,7,3172,168,8,9,Kashino ,Daio Sak,33.79151001164671,136.53262565611044,39.101401902283385,15.0,793.3191905845114,50.13811594703873
3173,Shanghai SouthCh - Nagoya,SEA,PILOT_TO_PILOT,7,3173,169,8,9,Kashino ,Daio Sak,33.79472874548156,136.53580654105747,39.101401902283385,15.0,793.569266302796,49.88804022875411
3174,Shanghai SouthCh - Nagoya,SEA,PILOT_TO_PILOT,7,3174,170,8,9,Kashino ,Daio Sak,33.797947397682314,136.53898766521348,39.101401902283385,15.0,793.8193420210806,49.63796451046949
3175,Shanghai SouthCh - Nagoya,SEA,PILOT_TO_PILOT,7,3175,171,8,9,Kashino ,Daio Sak,33.80116596823292,136.5421690286195,39.101401902283385,15.0,794.0694177393652,49.38788879218487
3176,Shanghai SouthCh - Nagoya,SEA,PILOT_TO_PILOT,7,3176,172,8,9,Kashino ,Daio Sak,33.804384457117315,136.5453506313165,39.101401902283385,15.0,794.31949345765,49.13781307390013
3177,Shanghai SouthCh - Nagoya,SEA,PILOT_TO_PILOT,7,3177,173,8,9,Kashino ,Daio Sak,33.80760286431943,136.5485324733455,39.101401902283385,15.0,794.5695691759346,48.88773735561551
3178,Shanghai SouthCh - Nagoya,SEA,PILOT_TO_PILOT,7,3178,174,8,9,Kashino ,Daio Sak,33.810821189823194,136.5517145547475,39.101401902283385,15.0,794.8196448942192,48.63766163733089
3179,Shanghai SouthCh - Nagoya,SEA,PILOT_TO_PILOT,7,3179,175,8,9,Kashino ,Daio Sak,33.81403943361253,136.55489687556351,39.101401902283385,15.0,795.0697206125038,48.38758591904627
3180,Shanghai SouthCh - Nagoya,SEA,PILOT_TO_PILOT,7,3180,176,8,9,Kashino ,Daio Sak,33.81725759567136,136.5580794358346,39.101401902283385,15.0,795.3197963307884,48.13751020076165
3181,Shanghai SouthCh - Nagoya,SEA,PILOT_TO_PILOT,7,3181,177,8,9,Kashino ,Daio Sak,33.8204756759836,136.56126223560176,39.101401902283385,15.0,795.5698720490731,47.88743448247703
3182,Shanghai SouthCh - Nagoya,SEA,PILOT_TO_PILOT,7,3182,178,8,9,Kashino ,Daio Sak,33.82369367453319,136.56444527490603,39.101401902283385,15.0,795.8199477673577,47.63735876419241
3183,Shanghai SouthCh - Nagoya,SEA,PILOT_TO_PILOT,7,3183,179,8,9,Kashino ,Daio Sak,33.82691159130401,136.56762855378844,39.101401902283385,15.0,796.0700234856424,47.38728304590768
3184,Shanghai SouthCh - Nagoya,SEA,PILOT_TO_PILOT,7,3184,180,8,9,Kashino ,Daio Sak,33.83012942628001,136.57081207229004,39.101401902283385,15.0,796.320099203927,47.13720732762306
3185,Shanghai SouthCh - Nagoya,SEA,PILOT_TO_PILOT,7,3185,181,8,9,Kashino ,Daio Sak,33.83334717944506,136.57399583045188,39.101401902283385,15.0,796.5701749222117,46.88713160933844
3186,Shanghai SouthCh - Nagoya,SEA,PILOT_TO_PILOT,7,3186,182,8,9,Kashino ,Daio Sak,33.8365648507831,136.57717982831502,39.101401902283385,15.0,796.8202506404963,46.63705589105382
3187,Shanghai SouthCh - Nagoya,SEA,PILOT_TO_PILOT,7,3187,183,8,9,Kashino ,Daio Sak,33.83978244027801,136.5803640659205,39.101401902283385,15.0,797.0703263587809,46.3869801727692
3188,Shanghai SouthCh - Nagoya,SEA,PILOT_TO_PILOT,7,3188,184,8,9,Kashino ,Daio Sak,33.84299994791369,136.5835485433094,39.101401902283385,15.0,797.3204020770655,46.13690445448458
3189,Shanghai SouthCh - Nagoya,SEA,PILOT_TO_PILOT,7,3189,185,8,9,Kashino ,Daio Sak,33.84621737367404,136.5867332605228,39.101401902283385,15.0,797.5704777953501,45.88682873619996
3190,Shanghai SouthCh - Nagoya,SEA,PILOT_TO_PILOT,7,3190,186,8,9,Kashino ,Daio Sak,33.849434717542955,136.58991821760176,39.101401902283385,15.0,797.8205535136349,45.636753017915225
3191,Shanghai SouthCh - Nagoya,SEA,PILOT_TO_PILOT,7,3191,187,8,9,Kashino ,Daio Sak,33.85265197950431,136.59310341458738,39.101401902283385,15.0,798.0706292319195,45.386677299630605
3192,Shanghai SouthCh - Nagoya,SEA,PILOT_TO_PILOT,7,3192,188,8,9,Kashino ,Daio Sak,33.85586915954202,136.5962888515207,39.101401902283385,15.0,798.3207049502041,45.136601581345985
3193,Shanghai SouthCh - Nagoya,SEA,PILOT_TO_PILOT,7,3193,189,8,9,Kashino ,Daio Sak,33.859086257639945,136.59947452844287,39.101401902283385,15.0,798.5707806684887,44.886525863061365
3194,Shanghai SouthCh - Nagoya,SEA,PILOT_TO_PILOT,7,3194,190,8,9,Kashino ,Daio Sak,33.86230327378197,136.60266044539495,39.101401902283385,15.0,798.8208563867734,44.636450144776745
3195,Shanghai SouthCh - Nagoya,SEA,PILOT_TO_PILOT,7,3195,191,8,9,Kashino ,Daio Sak,33.86552020795199,136.60584660241804,39.101401902283385,15.0,799.070932105058,44.386374426492125
3196,Shanghai SouthCh - Nagoya,SEA,PILOT_TO_PILOT,7,3196,192,8,9,Kashino ,Daio Sak,33.86873706013385,136.60903299955328,39.101401902283385,15.0,799.3210078233426,44.136298708207505
3197,Shanghai SouthCh - Nagoya,SEA,PILOT_TO_PILOT,7,3197,193,8,9,Kashino ,Daio Sak,33.87195383031145,136.61221963684176,39.101401902283385,15.0,799.5710835416273,43.88622298992277
3198,Shanghai SouthCh - Nagoya,SEA,PILOT_TO_PILOT,7,3198,194,8,9,Kashino ,Daio Sak,33.87517051846864,136.61540651432458,39.101401902283385,15.0,799.821159259912,43.63614727163815
3199,Shanghai SouthCh - Nagoya,SEA,PILOT_TO_PILOT,7,3199,195,8,9,Kashino ,Daio Sak,33.87838712458928,136.6185936320429,39.101401902283385,15.0,800.0712349781966,43.38607155335353
3200,Shanghai SouthCh - Nagoya,SEA,PILOT_TO_PILOT,7,3200,196,8,9,Kashino ,Daio Sak,33.88160364865726,136.62178099003782,39.101401902283385,15.0,800.3213106964812,43.13599583506891
3201,Shanghai SouthCh - Nagoya,SEA,PILOT_TO_PILOT,7,3201,197,8,9,Kashino ,Daio Sak,33.88482009065642,136.6249685883505,39.101401902283385,15.0,800.5713864147658,42.88592011678429
3202,Shanghai SouthCh - Nagoya,SEA,PILOT_TO_PILOT,7,3202,198,8,9,Kashino ,Daio Sak,33.8880364505706,136.62815642702208,39.101401902283385,15.0,800.8214621330504,42.63584439849967
3203,Shanghai SouthCh - Nagoya,SEA,PILOT_TO_PILOT,7,3203,199,8,9,Kashino ,Daio Sak,33.89125272838369,136.63134450609365,39.101401902283385,15.0,801.071537851335,42.38576868021505
3204,Shanghai SouthCh - Nagoya,SEA,PILOT_TO_PILOT,7,3204,200,8,9,Kashino ,Daio Sak,33.89446892407951,136.63453282560644,39.101401902283385,15.0,801.3216135696197,42.13569296193043
3205,Shanghai SouthCh - Nagoya,SEA,PILOT_TO_PILOT,7,3205,201,8,9,Kashino ,Daio Sak,33.897685037641935,136.63772138560154,39.101401902283385,15.0,801.5716892879044,41.8856172436457
3206,Shanghai SouthCh - Nagoya,SEA,PILOT_TO_PILOT,7,3206,202,8,9,Kashino ,Daio Sak,33.90090106905479,136.64091018612015,39.101401902283385,15.0,801.821765006189,41.63554152536108
3207,Shanghai SouthCh - Nagoya,SEA,PILOT_TO_PILOT,7,3207,203,8,9,Kashino ,Daio Sak,33.9041170183019,136.6440992272034,39.101401902283385,15.0,802.0718407244736,41.38546580707646
3208,Shanghai SouthCh - Nagoya,SEA,PILOT_TO_PILOT,7,3208,204,8,9,Kashino ,Daio Sak,33.90733288536713,136.64728850889253,39.101401902283385,15.0,802.3219164427583,41.13539008879184
3209,Shanghai SouthCh - Nagoya,SEA,PILOT_TO_PILOT,7,3209,205,8,9,Kashino ,Daio Sak,33.91054867023432,136.65047803122866,39.101401902283385,15.0,802.5719921610429,40.88531437050722
3210,Shanghai SouthCh - Nagoya,SEA,PILOT_TO_PILOT,7,3210,206,8,9,Kashino ,Daio Sak,33.91376437288728,136.65366779425295,39.101401902283385,15.0,802.8220678793275,40.6352386522226
3211,Shanghai SouthCh - Nagoya,SEA,PILOT_TO_PILOT,7,3211,207,8,9,Kashino ,Daio Sak,33.91697999330984,136.65685779800666,39.101401902283385,15.0,803.0721435976121,40.38516293393798
3212,Shanghai SouthCh - Nagoya,SEA,PILOT_TO_PILOT,7,3212,208,8,9,Kashino ,Daio Sak,33.92019553148584,136.66004804253092,39.101401902283385,15.0,803.3222193158969,40.13508721565324
3213,Shanghai SouthCh - Nagoya,SEA,PILOT_TO_PILOT,7,3213,209,8,9,Kashino ,Daio Sak,33.92341098739909,136.66323852786698,39.101401902283385,15.0,803.5722950341815,39.88501149736862
3214,Shanghai SouthCh - Nagoya,SEA,PILOT_TO_PILOT,7,3214,210,8,9,Kashino ,Daio Sak,33.926626361033414,136.666429254056,39.101401902283385,15.0,803.8223707524661,39.634935779084
3215,Shanghai SouthCh - Nagoya,SEA,PILOT_TO_PILOT,7,3215,211,8,9,Kashino ,Daio Sak,33.92984165237262,136.66962022113918,39.101401902283385,15.0,804.0724464707507,39.38486006079938
3216,Shanghai SouthCh - Nagoya,SEA,PILOT_TO_PILOT,7,3216,212,8,9,Kashino ,Daio Sak,33.93305686140055,136.67281142915778,39.101401902283385,15.0,804.3225221890353,39.13478434251476
3217,Shanghai SouthCh - Nagoya,SEA,PILOT_TO_PILOT,7,3217,213,8,9,Kashino ,Daio Sak,33.93627198810098,136.676002878153,39.101401902283385,15.0,804.57259790732,38.88470862423014
3218,Shanghai SouthCh - Nagoya,SEA,PILOT_TO_PILOT,7,3218,214,8,9,Kashino ,Daio Sak,33.939487032457734,136.67919456816608,39.101401902283385,15.0,804.8226736256046,38.63463290594552
3219,Shanghai SouthCh - Nagoya,SEA,PILOT_TO_PILOT,7,3219,215,8,9,Kashino ,Daio Sak,33.942701994454616,136.68238649923822,39.101401902283385,15.0,805.0727493438892,38.3845571876609
3220,Shanghai SouthCh - Nagoya,SEA,PILOT_TO_PILOT,7,3220,216,8,9,Kashino ,Daio Sak,33.945916874075415,136.68557867141067,39.101401902283385,15.0,805.3228250621739,38.13448146937617
3221,Shanghai SouthCh - Nagoya,SEA,PILOT_TO_PILOT,7,3221,217,8,9,Kashino ,Daio Sak,33.94913167130396,136.68877108472466,39.101401902283385,15.0,805.5729007804586,37.88440575109155
3222,Shanghai SouthCh - Nagoya,SEA,PILOT_TO_PILOT,7,3222,218,8,9,Kashino ,Daio Sak,33.952346386124006,136.69196373922145,39.101401902283385,15.0,805.8229764987432,37.63433003280693
3223,Shanghai SouthCh - Nagoya,SEA,PILOT_TO_PILOT,7,3223,219,8,9,Kashino ,Daio Sak,33.95556101851936,136.6951566349423,39.101401902283385,15.0,806.0730522170278,37.38425431452231
3224,Shanghai SouthCh - Nagoya,SEA,PILOT_TO_PILOT,7,3224,220,8,9,Kashino ,Daio Sak,33.95877556847383,136.69834977192846,39.101401902283385,15.0,806.3231279353124,37.13417859623769
3225,Shanghai SouthCh - Nagoya,SEA,PILOT_TO_PILOT,7,3225,221,8,9,Kashino ,Daio Sak,33.961990035971176,136.70154315022117,39.101401902283385,15.0,806.573203653597,36.88410287795307
3226,Shanghai SouthCh - Nagoya,SEA,PILOT_TO_PILOT,7,3226,222,8,9,Kashino ,Daio Sak,33.96520442099519,136.70473676986174,39.101401902283385,15.0,806.8232793718817,36.63402715966845
3227,Shanghai SouthCh - Nagoya,SEA,PILOT_TO_PILOT,7,3227,223,8,9,Kashino ,Daio Sak,33.96841872352966,136.70793063089138,39.101401902283385,15.0,807.0733550901664,36.383951441383715
3228,Shanghai SouthCh - Nagoya,SEA,PILOT_TO_PILOT,7,3228,224,8,9,Kashino ,Daio Sak,33.971632943558355,136.71112473335145,39.101401902283385,15.0,807.323430808451,36.133875723099095
3229,Shanghai SouthCh - Nagoya,SEA,PILOT_TO_PILOT,7,3229,225,8,9,Kashino ,Daio Sak,33.974847081065036,136.71431907728316,39.101401902283385,15.0,807.5735065267356,35.883800004814475
3230,Shanghai SouthCh - Nagoya,SEA,PILOT_TO_PILOT,7,3230,226,8,9,Kashino ,Daio Sak,33.978061136033496,136.71751366272784,39.101401902283385,15.0,807.8235822450202,35.633724286529855
3231,Shanghai SouthCh - Nagoya,SEA,PILOT_TO_PILOT,7,3231,227,8,9,Kashino ,Daio Sak,33.98127510844749,136.72070848972677,39.101401902283385,15.0,808.0736579633049,35.383648568245235
3232,Shanghai SouthCh - Nagoya,SEA,PILOT_TO_PILOT,7,3232,228,8,9,Kashino ,Daio Sak,33.98448899829077,136.72390355832124,39.101401902283385,15.0,808.3237336815895,35.133572849960615
3233,Shanghai SouthCh - Nagoya,SEA,PILOT_TO_PILOT,7,3233,229,8,9,Kashino ,Daio Sak,33.98770280554712,136.7270988685526,39.101401902283385,15.0,808.5738093998741,34.883497131675995
3234,Shanghai SouthCh - Nagoya,SEA,PILOT_TO_PILOT,7,3234,230,8,9,Kashino ,Daio Sak,33.99091653020029,136.7302944204621,39.101401902283385,15.0,808.8238851181588,34.63342141339126
3235,Shanghai SouthCh - Nagoya,SEA,PILOT_TO_PILOT,7,3235,231,8,9,Kashino ,Daio Sak,33.99413017223404,136.73349021409106,39.101401902283385,15.0,809.0739608364435,34.38334569510664
3236,Shanghai SouthCh - Nagoya,SEA,PILOT_TO_PILOT,7,3236,232,8,9,Kashino ,Daio Sak,33.997343731632114,136.73668624948087,39.101401902283385,15.0,809.3240365547281,34.13326997682202
3237,Shanghai SouthCh - Nagoya,SEA,PILOT_TO_PILOT,7,3237,233,8,9,Kashino ,Daio Sak,34.00055720837825,136.7398825266728,39.101401902283385,15.0,809.5741122730127,33.8831942585374
3238,Shanghai SouthCh - Nagoya,SEA,PILOT_TO_PILOT,7,3238,234,8,9,Kashino ,Daio Sak,34.003770602456214,136.74307904570819,39.101401902283385,15.0,809.8241879912973,33.63311854025278
3239,Shanghai SouthCh - Nagoya,SEA,PILOT_TO_PILOT,7,3239,235,8,9,Kashino ,Daio Sak,34.006983913849744,136.74627580662838,39.101401902283385,15.0,810.0742637095819,33.38304282196816
3240,Shanghai SouthCh - Nagoya,SEA,PILOT_TO_PILOT,7,3240,236,8,9,Kashino ,Daio Sak,34.010197142542566,136.74947280947472,39.101401902283385,15.0,810.3243394278666,33.13296710368354
3241,Shanghai SouthCh - Nagoya,SEA,PILOT_TO_PILOT,7,3241,237,8,9,Kashino ,Daio Sak,34.013410288518436,136.75267005428853,39.101401902283385,15.0,810.5744151461513,32.88289138539881
3242,Shanghai SouthCh - Nagoya,SEA,PILOT_TO_PILOT,7,3242,238,8,9,Kashino ,Daio Sak,34.016623351761076,136.7558675411112,39.101401902283385,15.0,810.8244908644359,32.63281566711419
3243,Shanghai SouthCh - Nagoya,SEA,PILOT_TO_PILOT,7,3243,239,8,9,Kashino ,Daio Sak,34.019836332254215,136.75906526998406,39.101401902283385,15.0,811.0745665827205,32.38273994882957
3244,Shanghai SouthCh - Nagoya,SEA,PILOT_TO_PILOT,7,3244,240,8,9,Kashino ,Daio Sak,34.023049229981595,136.7622632409485,39.101401902283385,15.0,811.3246423010052,32.13266423054495
3245,Shanghai SouthCh - Nagoya,SEA,PILOT_TO_PILOT,7,3245,241,8,9,Kashino ,Daio Sak,34.026262044926916,136.76546145404586,39.101401902283385,15.0,811.5747180192898,31.882588512260327
3246,Shanghai SouthCh - Nagoya,SEA,PILOT_TO_PILOT,7,3246,242,8,9,Kashino ,Daio Sak,34.02947477707391,136.76865990931753,39.101401902283385,15.0,811.8247937375744,31.632512793975707
3247,Shanghai SouthCh - Nagoya,SEA,PILOT_TO_PILOT,7,3247,243,8,9,Kashino ,Daio Sak,34.032687426406305,136.7718586068049,39.101401902283385,15.0,812.074869455859,31.382437075691087
3248,Shanghai SouthCh - Nagoya,SEA,PILOT_TO_PILOT,7,3248,244,8,9,Kashino ,Daio Sak,34.03589999290781,136.77505754654936,39.101401902283385,15.0,812.3249451741437,31.132361357406353
3249,Shanghai SouthCh - Nagoya,SEA,PILOT_TO_PILOT,7,3249,245,8,9,Kashino ,Daio Sak,34.039112476562124,136.77825672859225,39.101401902283385,15.0,812.5750208924284,30.882285639121733
3250,Shanghai SouthCh - Nagoya,SEA,PILOT_TO_PILOT,7,3250,246,8,9,Kashino ,Daio Sak,34.042324877352975,136.781456152975,39.101401902283385,15.0,812.825096610713,30.632209920837113
3251,Shanghai SouthCh - Nagoya,SEA,PILOT_TO_PILOT,7,3251,247,8,9,Kashino ,Daio Sak,34.04553719526405,136.78465581973904,39.101401902283385,15.0,813.0751723289976,30.382134202552493
3252,Shanghai SouthCh - Nagoya,SEA,PILOT_TO_PILOT,7,3252,248,8,9,Kashino ,Daio Sak,34.048749430279074,136.78785572892573,39.101401902283385,15.0,813.3252480472822,30.132058484267873
3253,Shanghai SouthCh - Nagoya,SEA,PILOT_TO_PILOT,7,3253,249,8,9,Kashino ,Daio Sak,34.05196158238172,136.7910558805765,39.101401902283385,15.0,813.5753237655668,29.881982765983253
3254,Shanghai SouthCh - Nagoya,SEA,PILOT_TO_PILOT,7,3254,250,8,9,Kashino ,Daio Sak,34.055173651555705,136.7942562747328,39.101401902283385,15.0,813.8253994838515,29.631907047698633
3255,Shanghai SouthCh - Nagoya,SEA,PILOT_TO_PILOT,7,3255,251,8,9,Kashino ,Daio Sak,34.05838563778471,136.79745691143597,39.101401902283385,15.0,814.0754752021361,29.381831329414013
3256,Shanghai SouthCh - Nagoya,SEA,PILOT_TO_PILOT,7,3256,252,8,9,Kashino ,Daio Sak,34.061597541052436,136.8006577907275,39.101401902283385,15.0,814.3255509204208,29.13175561112928
3257,Shanghai SouthCh - Nagoya,SEA,PILOT_TO_PILOT,7,3257,253,8,9,Kashino ,Daio Sak,34.06480936134257,136.80385891264885,39.101401902283385,15.0,814.5756266387054,28.88167989284466
3258,Shanghai SouthCh - Nagoya,SEA,PILOT_TO_PILOT,7,3258,254,8,9,Kashino ,Daio Sak,34.06802109863877,136.8070602772414,39.101401902283385,15.0,814.8257023569901,28.63160417456004
3259,Shanghai SouthCh - Nagoya,SEA,PILOT_TO_PILOT,7,3259,255,8,9,Kashino ,Daio Sak,34.07123275292475,136.81026188454658,39.101401902283385,15.0,815.0757780752747,28.38152845627542
3260,Shanghai SouthCh - Nagoya,SEA,PILOT_TO_PILOT,7,3260,256,8,9,Kashino ,Daio Sak,34.07444432418418,136.8134637346059,39.101401902283385,15.0,815.3258537935593,28.1314527379908
3261,Shanghai SouthCh - Nagoya,SEA,PILOT_TO_PILOT,7,3261,257,8,9,Kashino ,Daio Sak,34.07765581240073,136.8166658274608,39.101401902283385,15.0,815.5759295118439,27.88137701970618
3262,Shanghai SouthCh - Nagoya,SEA,PILOT_TO_PILOT,7,3262,258,8,9,Kashino ,Daio Sak,34.08086721755806,136.8198681631527,39.101401902283385,15.0,815.8260052301285,27.63130130142156
3263,Shanghai SouthCh - Nagoya,SEA,PILOT_TO_PILOT,7,3263,259,8,9,Kashino ,Daio Sak,34.08407853963984,136.82307074172311,39.101401902283385,15.0,816.0760809484132,27.38122558313694
3264,Shanghai SouthCh - Nagoya,SEA,PILOT_TO_PILOT,7,3264,260,8,9,Kashino ,Daio Sak,34.08728977862976,136.8262735632135,39.101401902283385,15.0,816.3261566666979,27.131149864852205
3265,Shanghai SouthCh - Nagoya,SEA,PILOT_TO_PILOT,7,3265,261,8,9,Kashino ,Daio Sak,34.09050093451146,136.82947662766531,39.101401902283385,15.0,816.5762323849825,26.881074146567585
3266,Shanghai SouthCh - Nagoya,SEA,PILOT_TO_PILOT,7,3266,262,8,9,Kashino ,Daio Sak,34.09371200726862,136.83267993512004,39.101401902283385,15.0,816.8263081032671,26.630998428282965
3267,Shanghai SouthCh - Nagoya,SEA,PILOT_TO_PILOT,7,3267,263,8,9,Kashino ,Daio Sak,34.09692299688487,136.8358834856192,39.101401902283385,15.0,817.0763838215518,26.380922709998345
3268,Shanghai SouthCh - Nagoya,SEA,PILOT_TO_PILOT,7,3268,264,8,9,Kashino ,Daio Sak,34.100133903343874,136.83908727920425,39.101401902283385,15.0,817.3264595398364,26.130846991713724
3269,Shanghai SouthCh - Nagoya,SEA,PILOT_TO_PILOT,7,3269,265,8,9,Kashino ,Daio Sak,34.10334472662929,136.8422913159167,39.101401902283385,15.0,817.576535258121,25.880771273429104
3270,Shanghai SouthCh - Nagoya,SEA,PILOT_TO_PILOT,7,3270,266,8,9,Kashino ,Daio Sak,34.10655546672475,136.84549559579804,39.101401902283385,15.0,817.8266109764056,25.630695555144484
3271,Shanghai SouthCh - Nagoya,SEA,PILOT_TO_PILOT,7,3271,267,8,9,Kashino ,Daio Sak,34.10976612361391,136.8487001188898,39.101401902283385,15.0,818.0766866946904,25.38061983685975
3272,Shanghai SouthCh - Nagoya,SEA,PILOT_TO_PILOT,7,3272,268,8,9,Kashino ,Daio Sak,34.11297669728041,136.8519048852335,39.101401902283385,15.0,818.326762412975,25.13054411857513
3273,Shanghai SouthCh - Nagoya,SEA,PILOT_TO_PILOT,7,3273,269,8,9,Kashino ,Daio Sak,34.11618718770788,136.85510989487062,39.101401902283385,15.0,818.5768381312596,24.88046840029051
3274,Shanghai SouthCh - Nagoya,SEA,PILOT_TO_PILOT,7,3274,270,8,9,Kashino ,Daio Sak,34.119397594879956,136.85831514784272,39.101401902283385,15.0,818.8269138495442,24.63039268200589
3275,Shanghai SouthCh - Nagoya,SEA,PILOT_TO_PILOT,7,3275,271,8,9,Kashino ,Daio Sak,34.12260791878026,136.8615206441913,39.101401902283385,15.0,819.0769895678288,24.38031696372127
3276,Shanghai SouthCh - Nagoya,SEA,PILOT_TO_PILOT,7,3276,272,8,9,Kashino ,Daio Sak,34.12581815939245,136.86472638395793,39.101401902283385,15.0,819.3270652861135,24.13024124543665
3277,Shanghai SouthCh - Nagoya,SEA,PILOT_TO_PILOT,7,3277,273,8,9,Kashino ,Daio Sak,34.12902831670012,136.86793236718412,39.101401902283385,15.0,819.5771410043981,23.88016552715203
3278,Shanghai SouthCh - Nagoya,SEA,PILOT_TO_PILOT,7,3278,274,8,9,Kashino ,Daio Sak,34.132238390686915,136.87113859391144,39.101401902283385,15.0,819.8272167226828,23.630089808867297
3279,Shanghai SouthCh - Nagoya,SEA,PILOT_TO_PILOT,7,3279,275,8,9,Kashino ,Daio Sak,34.13544838133644,136.87434506418143,39.101401902283385,15.0,820.0772924409674,23.380014090582677
3280,Shanghai SouthCh - Nagoya,SEA,PILOT_TO_PILOT,7,3280,276,8,9,Kashino ,Daio Sak,34.1386582886323,136.87755177803564,39.101401902283385,15.0,820.327368159252,23.129938372298056
3281,Shanghai SouthCh - Nagoya,SEA,PILOT_TO_PILOT,7,3281,277,8,9,Kashino ,Daio Sak,34.141868112558136,136.88075873551563,39.101401902283385,15.0,820.5774438775367,22.879862654013436
3282,Shanghai SouthCh - Nagoya,SEA,PILOT_TO_PILOT,7,3282,278,8,9,Kashino ,Daio Sak,34.14507785309753,136.88396593666297,39.101401902283385,15.0,820.8275195958213,22.629786935728816
3283,Shanghai SouthCh - Nagoya,SEA,PILOT_TO_PILOT,7,3283,279,8,9,Kashino ,Daio Sak,34.14828751023411,136.88717338151926,39.101401902283385,15.0,821.0775953141059,22.379711217444196
3284,Shanghai SouthCh - Nagoya,SEA,PILOT_TO_PILOT,7,3284,280,8,9,Kashino ,Daio Sak,34.15149708395146,136.89038107012607,39.101401902283385,15.0,821.3276710323905,22.129635499159576
3285,Shanghai SouthCh - Nagoya,SEA,PILOT_TO_PILOT,7,3285,281,8,9,Kashino ,Daio Sak,34.1547065742332,136.8935890025249,39.101401902283385,15.0,821.5777467506753,21.879559780874843
3286,Shanghai SouthCh - Nagoya,SEA,PILOT_TO_PILOT,7,3286,282,8,9,Kashino ,Daio Sak,34.15791598106292,136.89679717875748,39.101401902283385,15.0,821.8278224689599,21.629484062590222
3287,Shanghai SouthCh - Nagoya,SEA,PILOT_TO_PILOT,7,3287,283,8,9,Kashino ,Daio Sak,34.161125304424196,136.9000055988653,39.101401902283385,15.0,822.0778981872445,21.379408344305602
3288,Shanghai SouthCh - Nagoya,SEA,PILOT_TO_PILOT,7,3288,284,8,9,Kashino ,Daio Sak,34.164334544300644,136.90321426288997,39.101401902283385,15.0,822.3279739055291,21.129332626020982
3289,Shanghai SouthCh - Nagoya,SEA,PILOT_TO_PILOT,7,3289,285,8,9,Kashino ,Daio Sak,34.16754370067584,136.90642317087315,39.101401902283385,15.0,822.5780496238137,20.879256907736362
3290,Shanghai SouthCh - Nagoya,SEA,PILOT_TO_PILOT,7,3290,286,8,9,Kashino ,Daio Sak,34.17075277353337,136.9096323228564,39.101401902283385,15.0,822.8281253420984,20.629181189451742
3291,Shanghai SouthCh - Nagoya,SEA,PILOT_TO_PILOT,7,3291,287,8,9,Kashino ,Daio Sak,34.17396176285682,136.91284171888137,39.101401902283385,15.0,823.078201060383,20.379105471167122
3292,Shanghai SouthCh - Nagoya,SEA,PILOT_TO_PILOT,7,3292,288,8,9,Kashino ,Daio Sak,34.17717066862976,136.91605135898965,39.101401902283385,15.0,823.3282767786677,20.12902975288239
3293,Shanghai SouthCh - Nagoya,SEA,PILOT_TO_PILOT,7,3293,289,8,9,Kashino ,Daio Sak,34.18037949083576,136.91926124322288,39.101401902283385,15.0,823.5783524969523,19.87895403459777
3294,Shanghai SouthCh - Nagoya,SEA,PILOT_TO_PILOT,7,3294,290,8,9,Kashino ,Daio Sak,34.18358822945842,136.9224713716227,39.101401902283385,15.0,823.828428215237,19.62887831631315
3295,Shanghai SouthCh - Nagoya,SEA,PILOT_TO_PILOT,7,3295,291,8,9,Kashino ,Daio Sak,34.186796884481275,136.9256817442307,39.101401902283385,15.0,824.0785039335216,19.37880259802853
3296,Shanghai SouthCh - Nagoya,SEA,PILOT_TO_PILOT,7,3296,292,8,9,Kashino ,Daio Sak,34.190005455887906,136.9288923610886,39.101401902283385,15.0,824.3285796518062,19.12872687974391
3297,Shanghai SouthCh - Nagoya,SEA,PILOT_TO_PILOT,7,3297,293,8,9,Kashino ,Daio Sak,34.193213943661874,136.932103222238,39.101401902283385,15.0,824.5786553700908,18.87865116145929
3298,Shanghai SouthCh - Nagoya,SEA,PILOT_TO_PILOT,7,3298,294,8,9,Kashino ,Daio Sak,34.19642234778675,136.93531432772053,39.101401902283385,15.0,824.8287310883754,18.628575443174668
3299,Shanghai SouthCh - Nagoya,SEA,PILOT_TO_PILOT,7,3299,295,8,9,Kashino ,Daio Sak,34.199630668246066,136.93852567757793,39.101401902283385,15.0,825.0788068066602,18.378499724889934
3300,Shanghai SouthCh - Nagoya,SEA,PILOT_TO_PILOT,7,3300,296,8,9,Kashino ,Daio Sak,34.202838905023405,136.9417372718518,39.101401902283385,15.0,825.3288825249448,18.128424006605314
3301,Shanghai SouthCh - Nagoya,SEA,PILOT_TO_PILOT,7,3301,297,8,9,Kashino ,Daio Sak,34.20604705810229,136.94494911058376,39.101401902283385,15.0,825.5789582432294,17.878348288320694
3302,Shanghai SouthCh - Nagoya,SEA,PILOT_TO_PILOT,7,3302,298,8,9,Kashino ,Daio Sak,34.20925512746629,136.94816119381562,39.101401902283385,15.0,825.829033961514,17.628272570036074
3303,Shanghai SouthCh - Nagoya,SEA,PILOT_TO_PILOT,7,3303,299,8,9,Kashino ,Daio Sak,34.212463113098934,136.95137352158895,39.101401902283385,15.0,826.0791096797986,17.378196851751454
3304,Shanghai SouthCh - Nagoya,SEA,PILOT_TO_PILOT,7,3304,300,8,9,Kashino ,Daio Sak,34.215671014983776,136.95458609394547,39.101401902283385,15.0,826.3291853980833,17.128121133466834
3305,Shanghai SouthCh - Nagoya,SEA,PILOT_TO_PILOT,7,3305,301,8,9,Kashino ,Daio Sak,34.218878833104334,136.95779891092687,39.101401902283385,15.0,826.5792611163679,16.878045415182214
3306,Shanghai SouthCh - Nagoya,SEA,PILOT_TO_PILOT,7,3306,302,8,9,Kashino ,Daio Sak,34.222086567444165,136.96101197257485,39.101401902283385,15.0,826.8293368346525,16.627969696897594
3307,Shanghai SouthCh - Nagoya,SEA,PILOT_TO_PILOT,7,3307,303,8,9,Kashino ,Daio Sak,34.225294217986786,136.96422527893114,39.101401902283385,15.0,827.0794125529372,16.37789397861286
3308,Shanghai SouthCh - Nagoya,SEA,PILOT_TO_PILOT,7,3308,304,8,9,Kashino ,Daio Sak,34.22850178471572,136.96743883003737,39.101401902283385,15.0,827.3294882712219,16.12781826032824
3309,Shanghai SouthCh - Nagoya,SEA,PILOT_TO_PILOT,7,3309,305,8,9,Kashino ,Daio Sak,34.23170926761452,136.97065262593532,39.101401902283385,15.0,827.5795639895065,15.87774254204362
3310,Shanghai SouthCh - Nagoya,SEA,PILOT_TO_PILOT,8,3310,0,9,10,Daio Sak,YoroiS,34.23491666666666,136.97386666666668,25.619236456993917,15.0,827.8296397077911,15.627666823759
3311,Shanghai SouthCh - Nagoya,SEA,PILOT_TO_PILOT,8,3311,1,9,10,Daio Sak,YoroiS,34.23871103287002,136.97606762268674,25.619236456993917,15.0,828.0822956283473,15.375010903202792
3312,Shanghai SouthCh - Nagoya,SEA,PILOT_TO_PILOT,8,3312,2,9,10,Daio Sak,YoroiS,34.24250535974377,136.97826877711483,25.619236456993917,15.0,828.3349515489035,15.122354982646584
3313,Shanghai SouthCh - Nagoya,SEA,PILOT_TO_PILOT,8,3313,3,9,10,Daio Sak,YoroiS,34.24629964727876,136.980470129995,25.619236456993917,15.0,828.5876074694596,14.86969906209049
3314,Shanghai SouthCh - Nagoya,SEA,PILOT_TO_PILOT,8,3314,4,9,10,Daio Sak,YoroiS,34.25009389546582,136.98267168137141,25.619236456993917,15.0,828.8402633900158,14.617043141534282
3315,Shanghai SouthCh - Nagoya,SEA,PILOT_TO_PILOT,8,3315,5,9,10,Daio Sak,YoroiS,34.25388810429584,136.9848734312881,25.619236456993917,15.0,829.092919310572,14.364387220978074
3316,Shanghai SouthCh - Nagoya,SEA,PILOT_TO_PILOT,8,3316,6,9,10,Daio Sak,YoroiS,34.257682273759634,136.98707537978916,25.619236456993917,15.0,829.3455752311282,14.111731300421866
3317,Shanghai SouthCh - Nagoya,SEA,PILOT_TO_PILOT,8,3317,7,9,10,Daio Sak,YoroiS,34.26147640384807,136.98927752691878,25.619236456993917,15.0,829.5982311516844,13.859075379865658
3318,Shanghai SouthCh - Nagoya,SEA,PILOT_TO_PILOT,8,3318,8,9,10,Daio Sak,YoroiS,34.26527049455198,136.99147987272102,25.619236456993917,15.0,829.8508870722405,13.606419459309564
3319,Shanghai SouthCh - Nagoya,SEA,PILOT_TO_PILOT,8,3319,9,9,10,Daio Sak,YoroiS,34.2690645458622,136.99368241724008,25.619236456993917,15.0,830.1035429927967,13.353763538753356
3320,Shanghai SouthCh - Nagoya,SEA,PILOT_TO_PILOT,8,3320,10,9,10,Daio Sak,YoroiS,34.27285855776958,136.9958851605201,25.619236456993917,15.0,830.356198913353,13.101107618197148
3321,Shanghai SouthCh - Nagoya,SEA,PILOT_TO_PILOT,8,3321,11,9,10,Daio Sak,YoroiS,34.276652530264954,136.9980881026052,25.619236456993917,15.0,830.6088548339092,12.84845169764094
3322,Shanghai SouthCh - Nagoya,SEA,PILOT_TO_PILOT,8,3322,12,9,10,Daio Sak,YoroiS,34.28044646333914,137.0002912435396,25.619236456993917,15.0,830.8615107544653,12.595795777084845
3323,Shanghai SouthCh - Nagoya,SEA,PILOT_TO_PILOT,8,3323,13,9,10,Daio Sak,YoroiS,34.28424035698299,137.00249458336748,25.619236456993917,15.0,831.1141666750215,12.343139856528637
3324,Shanghai SouthCh - Nagoya,SEA,PILOT_TO_PILOT,8,3324,14,9,10,Daio Sak,YoroiS,34.28803421118733,137.004698122133,25.619236456993917,15.0,831.3668225955777,12.09048393597243
3325,Shanghai SouthCh - Nagoya,SEA,PILOT_TO_PILOT,8,3325,15,9,10,Daio Sak,YoroiS,34.29182802594297,137.00690185988034,25.619236456993917,15.0,831.6194785161339,11.837828015416221
3326,Shanghai SouthCh - Nagoya,SEA,PILOT_TO_PILOT,8,3326,16,9,10,Daio Sak,YoroiS,34.295621801240756,137.00910579665378,25.619236456993917,15.0,831.8721344366901,11.585172094860013
3327,Shanghai SouthCh - Nagoya,SEA,PILOT_TO_PILOT,8,3327,17,9,10,Daio Sak,YoroiS,34.29941553707149,137.0113099324975,25.619236456993917,15.0,832.1247903572462,11.332516174303919
3328,Shanghai SouthCh - Nagoya,SEA,PILOT_TO_PILOT,8,3328,18,9,10,Daio Sak,YoroiS,34.303209233426024,137.01351426745575,25.619236456993917,15.0,832.3774462778024,11.07986025374771
3329,Shanghai SouthCh - Nagoya,SEA,PILOT_TO_PILOT,8,3329,19,9,10,Daio Sak,YoroiS,34.307002890295145,137.01571880157272,25.619236456993917,15.0,832.6301021983586,10.827204333191503
3330,Shanghai SouthCh - Nagoya,SEA,PILOT_TO_PILOT,8,3330,20,9,10,Daio Sak,YoroiS,34.31079650766967,137.01792353489273,25.619236456993917,15.0,832.8827581189148,10.574548412635295
3331,Shanghai SouthCh - Nagoya,SEA,PILOT_TO_PILOT,8,3331,21,9,10,Daio Sak,YoroiS,34.31459008554043,137.02012846745995,25.619236456993917,15.0,833.135414039471,10.321892492079087
3332,Shanghai SouthCh - Nagoya,SEA,PILOT_TO_PILOT,8,3332,22,9,10,Daio Sak,YoroiS,34.31838362389823,137.02233359931876,25.619236456993917,15.0,833.3880699600271,10.069236571522993
3333,Shanghai SouthCh - Nagoya,SEA,PILOT_TO_PILOT,8,3333,23,9,10,Daio Sak,YoroiS,34.32217712273388,137.02453893051333,25.619236456993917,15.0,833.6407258805833,9.816580650966785
3334,Shanghai SouthCh - Nagoya,SEA,PILOT_TO_PILOT,8,3334,24,9,10,Daio Sak,YoroiS,34.32597058203818,137.02674446108804,25.619236456993917,15.0,833.8933818011395,9.563924730410577
3335,Shanghai SouthCh - Nagoya,SEA,PILOT_TO_PILOT,8,3335,25,9,10,Daio Sak,YoroiS,34.32976400180195,137.02895019108715,25.619236456993917,15.0,834.1460377216957,9.311268809854369
3336,Shanghai SouthCh - Nagoya,SEA,PILOT_TO_PILOT,8,3336,26,9,10,Daio Sak,YoroiS,34.33355738201597,137.03115612055498,25.619236456993917,15.0,834.3986936422518,9.058612889298274
3337,Shanghai SouthCh - Nagoya,SEA,PILOT_TO_PILOT,8,3337,27,9,10,Daio Sak,YoroiS,34.33735072267105,137.03336224953583,25.619236456993917,15.0,834.651349562808,8.805956968742066
3338,Shanghai SouthCh - Nagoya,SEA,PILOT_TO_PILOT,8,3338,28,9,10,Daio Sak,YoroiS,34.341144023758,137.03556857807405,25.619236456993917,15.0,834.9040054833642,8.553301048185858
3339,Shanghai SouthCh - Nagoya,SEA,PILOT_TO_PILOT,8,3339,29,9,10,Daio Sak,YoroiS,34.34493728526759,137.03777510621396,25.619236456993917,15.0,835.1566614039205,8.30064512762965
3340,Shanghai SouthCh - Nagoya,SEA,PILOT_TO_PILOT,8,3340,30,9,10,Daio Sak,YoroiS,34.34873050719063,137.03998183399997,25.619236456993917,15.0,835.4093173244767,8.047989207073442
3341,Shanghai SouthCh - Nagoya,SEA,PILOT_TO_PILOT,8,3341,31,9,10,Daio Sak,YoroiS,34.35252368951791,137.04218876147635,25.619236456993917,15.0,835.6619732450328,7.795333286517348
3342,Shanghai SouthCh - Nagoya,SEA,PILOT_TO_PILOT,8,3342,32,9,10,Daio Sak,YoroiS,34.356316832240225,137.04439588868752,25.619236456993917,15.0,835.914629165589,7.54267736596114
3343,Shanghai SouthCh - Nagoya,SEA,PILOT_TO_PILOT,8,3343,33,9,10,Daio Sak,YoroiS,34.36010993534835,137.04660321567783,25.619236456993917,15.0,836.1672850861452,7.290021445404932
3344,Shanghai SouthCh - Nagoya,SEA,PILOT_TO_PILOT,8,3344,34,9,10,Daio Sak,YoroiS,34.36390299883307,137.04881074249172,25.619236456993917,15.0,836.4199410067014,7.037365524848724
3345,Shanghai SouthCh - Nagoya,SEA,PILOT_TO_PILOT,8,3345,35,9,10,Daio Sak,YoroiS,34.367696022685166,137.05101846917356,25.619236456993917,15.0,836.6725969272576,6.784709604292516
3346,Shanghai SouthCh - Nagoya,SEA,PILOT_TO_PILOT,8,3346,36,9,10,Daio Sak,YoroiS,34.37148900689542,137.05322639576775,25.619236456993917,15.0,836.9252528478137,6.532053683736422
3347,Shanghai SouthCh - Nagoya,SEA,PILOT_TO_PILOT,8,3347,37,9,10,Daio Sak,YoroiS,34.375281951454625,137.0554345223187,25.619236456993917,15.0,837.1779087683699,6.279397763180214
3348,Shanghai SouthCh - Nagoya,SEA,PILOT_TO_PILOT,8,3348,38,9,10,Daio Sak,YoroiS,34.379074856353526,137.0576428488709,25.619236456993917,15.0,837.4305646889261,6.026741842624006
3349,Shanghai SouthCh - Nagoya,SEA,PILOT_TO_PILOT,8,3349,39,9,10,Daio Sak,YoroiS,34.38286772158292,137.05985137546872,25.619236456993917,15.0,837.6832206094823,5.774085922067798
3350,Shanghai SouthCh - Nagoya,SEA,PILOT_TO_PILOT,8,3350,40,9,10,Daio Sak,YoroiS,34.386660547133566,137.06206010215664,25.619236456993917,15.0,837.9358765300384,5.521430001511703
3351,Shanghai SouthCh - Nagoya,SEA,PILOT_TO_PILOT,8,3351,41,9,10,Daio Sak,YoroiS,34.39045333299623,137.06426902897914,25.619236456993917,15.0,838.1885324505946,5.268774080955495
3352,Shanghai SouthCh - Nagoya,SEA,PILOT_TO_PILOT,8,3352,42,9,10,Daio Sak,YoroiS,34.39424607916169,137.06647815598063,25.619236456993917,15.0,838.4411883711508,5.016118160399287
3353,Shanghai SouthCh - Nagoya,SEA,PILOT_TO_PILOT,8,3353,43,9,10,Daio Sak,YoroiS,34.3980387856207,137.06868748320565,25.619236456993917,15.0,838.693844291707,4.763462239843079
3354,Shanghai SouthCh - Nagoya,SEA,PILOT_TO_PILOT,8,3354,44,9,10,Daio Sak,YoroiS,34.40183145236403,137.07089701069864,25.619236456993917,15.0,838.9465002122632,4.510806319286871
3355,Shanghai SouthCh - Nagoya,SEA,PILOT_TO_PILOT,8,3355,45,9,10,Daio Sak,YoroiS,34.405624079382434,137.07310673850418,25.619236456993917,15.0,839.1991561328193,4.258150398730777
3356,Shanghai SouthCh - Nagoya,SEA,PILOT_TO_PILOT,9,3356,0,10,11,YoroiS,IragoPlt,34.409416666666665,137.07531666666668,349.366226221718,15.0,839.4518120533755,4.005494478174569
3357,Shanghai SouthCh - Nagoya,SEA,PILOT_TO_PILOT,9,3357,1,10,11,YoroiS,IragoPlt,34.41351463648804,137.07438401962852,349.366226221718,15.0,839.7021554582615,3.75515107328863
3358,Shanghai SouthCh - Nagoya,SEA,PILOT_TO_PILOT,9,3358,2,10,11,YoroiS,IragoPlt,34.41761259923044,137.07345128119096,349.366226221718,15.0,839.9524988631473,3.5048076684028047
3359,Shanghai SouthCh - Nagoya,SEA,PILOT_TO_PILOT,9,3359,3,10,11,YoroiS,IragoPlt,34.42171055489208,137.07251845133115,349.366226221718,15.0,840.2028422680332,3.2544642635168657
3360,Shanghai SouthCh - Nagoya,SEA,PILOT_TO_PILOT,9,3360,4,10,11,YoroiS,IragoPlt,34.42580850347117,137.07158553002623,349.366226221718,15.0,840.4531856729192,3.0041208586309267
3361,Shanghai SouthCh - Nagoya,SEA,PILOT_TO_PILOT,9,3361,5,10,11,YoroiS,IragoPlt,34.42990644496594,137.07065251725345,349.366226221718,15.0,840.7035290778051,2.7537774537449877
3362,Shanghai SouthCh - Nagoya,SEA,PILOT_TO_PILOT,9,3362,6,10,11,YoroiS,IragoPlt,34.434004379374606,137.06971941298988,349.366226221718,15.0,840.9538724826909,2.5034340488591624
3363,Shanghai SouthCh - Nagoya,SEA,PILOT_TO_PILOT,9,3363,7,10,11,YoroiS,IragoPlt,34.43810230669539,137.06878621721273,349.366226221718,15.0,841.2042158875769,2.2530906439732235
3364,Shanghai SouthCh - Nagoya,SEA,PILOT_TO_PILOT,9,3364,8,10,11,YoroiS,IragoPlt,34.442200226926495,137.06785292989912,349.366226221718,15.0,841.4545592924628,2.0027472390872845
3365,Shanghai SouthCh - Nagoya,SEA,PILOT_TO_PILOT,9,3365,9,10,11,YoroiS,IragoPlt,34.446298140066155,137.0669195510262,349.366226221718,15.0,841.7049026973486,1.7524038342014592
3366,Shanghai SouthCh - Nagoya,SEA,PILOT_TO_PILOT,9,3366,10,10,11,YoroiS,IragoPlt,34.450396046112594,137.0659860805711,349.366226221718,15.0,841.9552461022346,1.5020604293155202
3367,Shanghai SouthCh - Nagoya,SEA,PILOT_TO_PILOT,9,3367,11,10,11,YoroiS,IragoPlt,34.454493945064,137.06505251851092,349.366226221718,15.0,842.2055895071205,1.2517170244295812
3368,Shanghai SouthCh - Nagoya,SEA,PILOT_TO_PILOT,9,3368,12,10,11,YoroiS,IragoPlt,34.45859183691862,137.0641188648228,349.366226221718,15.0,842.4559329120065,1.0013736195436422
3369,Shanghai SouthCh - Nagoya,SEA,PILOT_TO_PILOT,9,3369,13,10,11,YoroiS,IragoPlt,34.46268972167464,137.06318511948393,349.366226221718,15.0,842.7062763168923,0.7510302146578169
3370,Shanghai SouthCh - Nagoya,SEA,PILOT_TO_PILOT,9,3370,14,10,11,YoroiS,IragoPlt,34.46678759933029,137.0622512824713,349.366226221718,15.0,842.9566197217782,0.500686809771878
3371,Shanghai SouthCh - Nagoya,SEA,PILOT_TO_PILOT,9,3371,15,10,11,YoroiS,IragoPlt,34.47088546988379,137.06131735376206,349.366226221718,15.0,843.2069631266642,0.250343404885939
3372,Shanghai SouthCh - Nagoya,SEA,PILOT_TO_PILOT,9,3372,16,10,11,YoroiS,IragoPlt,34.474983333333334,137.06038333333333,349.366226221718,15.0,843.4573065315501,0.0
