sim_index,route_name,route_type,phase,leg_index,minute_from_start,leg_minute,from_wpt,to_wpt,from_name,to_name,lat_deg,lon_deg,cog_deg,sog_knots,distance_from_start_nm,distance_to_go_nm
0,Shanghai NorthCh - Nagoya,SEA,PILOT_TO_PILOT,0,0,0,1,2,PltStn,SMLtb,31.076266666666665,122.61173333333335,97.37011542824325,12.0,0.0,822.1102116285442
1,Shanghai NorthCh - Nagoya,SEA,PILOT_TO_PILOT,0,1,1,1,2,PltStn,SMLtb,31.075835532195,122.61562448294518,97.37011542824325,12.0,0.2017644110260335,821.9084472175182
2,Shanghai NorthCh - Nagoya,SEA,PILOT_TO_PILOT,0,2,2,1,2,PltStn,SMLtb,31.075404280896255,122.61951559726066,97.37011542824325,12.0,0.403528822052067,821.7066828064922
3,Shanghai NorthCh - Nagoya,SEA,PILOT_TO_PILOT,0,3,3,1,2,PltStn,SMLtb,31.074972912773468,122.62340667627114,97.37011542824325,12.0,0.6052932330781006,821.5049183954661
4,Shanghai NorthCh - Nagoya,SEA,PILOT_TO_PILOT,0,4,4,1,2,PltStn,SMLtb,31.074541427829686,122.62729771996803,97.37011542824325,12.0,0.807057644104134,821.3031539844401
5,Shanghai NorthCh - Nagoya,SEA,PILOT_TO_PILOT,0,5,5,1,2,PltStn,SMLtb,31.07410982606797,122.63118872834262,97.37011542824325,12.0,1.0088220551301676,821.101389573414
6,Shanghai NorthCh - Nagoya,SEA,PILOT_TO_PILOT,0,6,6,1,2,PltStn,SMLtb,31.073678107491364,122.63507970138629,97.37011542824325,12.0,1.2105864661562011,820.899625162388
7,Shanghai NorthCh - Nagoya,SEA,PILOT_TO_PILOT,0,7,7,1,2,PltStn,SMLtb,31.073246272102928,122.63897063909043,97.37011542824325,12.0,1.4123508771822346,820.697860751362
8,Shanghai NorthCh - Nagoya,SEA,PILOT_TO_PILOT,0,8,8,1,2,PltStn,SMLtb,31.072814319905714,122.64286154144638,97.37011542824325,12.0,1.614115288208268,820.496096340336
9,Shanghai NorthCh - Nagoya,SEA,PILOT_TO_PILOT,0,9,9,1,2,PltStn,SMLtb,31.07238225090277,122.6467524084455,97.37011542824325,12.0,1.8158796992343016,820.2943319293099
10,Shanghai NorthCh - Nagoya,SEA,PILOT_TO_PILOT,0,10,10,1,2,PltStn,SMLtb,31.071950065097145,122.65064324007916,97.37011542824325,12.0,2.0176441102603353,820.0925675182839
11,Shanghai NorthCh - Nagoya,SEA,PILOT_TO_PILOT,0,11,11,1,2,PltStn,SMLtb,31.0715177624919,122.65453403633875,97.37011542824325,12.0,2.219408521286369,819.8908031072579
12,Shanghai NorthCh - Nagoya,SEA,PILOT_TO_PILOT,0,12,12,1,2,PltStn,SMLtb,31.07108534309009,122.6584247972156,97.37011542824325,12.0,2.4211729323124023,819.6890386962318
13,Shanghai NorthCh - Nagoya,SEA,PILOT_TO_PILOT,0,13,13,1,2,PltStn,SMLtb,31.07065280689478,122.6623155227011,97.37011542824325,12.0,2.6229373433384358,819.4872742852058
14,Shanghai NorthCh - Nagoya,SEA,PILOT_TO_PILOT,0,14,14,1,2,PltStn,SMLtb,31.07022015390902,122.66620621278663,97.37011542824325,12.0,2.8247017543644692,819.2855098741798
15,Shanghai NorthCh - Nagoya,SEA,PILOT_TO_PILOT,0,15,15,1,2,PltStn,SMLtb,31.069787384135854,122.67009686746354,97.37011542824325,12.0,3.0264661653905027,819.0837454631537
16,Shanghai NorthCh - Nagoya,SEA,PILOT_TO_PILOT,0,16,16,1,2,PltStn,SMLtb,31.069354497578363,122.6739874867232,97.37011542824325,12.0,3.228230576416536,818.8819810521277
17,Shanghai NorthCh - Nagoya,SEA,PILOT_TO_PILOT,0,17,17,1,2,PltStn,SMLtb,31.06892149423959,122.67787807055697,97.37011542824325,12.0,3.4299949874425697,818.6802166411017
18,Shanghai NorthCh - Nagoya,SEA,PILOT_TO_PILOT,0,18,18,1,2,PltStn,SMLtb,31.068488374122595,122.68176861895627,97.37011542824325,12.0,3.631759398468603,818.4784522300756
19,Shanghai NorthCh - Nagoya,SEA,PILOT_TO_PILOT,0,19,19,1,2,PltStn,SMLtb,31.06805513723046,122.68565913191243,97.37011542824325,12.0,3.8335238094946367,818.2766878190496
20,Shanghai NorthCh - Nagoya,SEA,PILOT_TO_PILOT,0,20,20,1,2,PltStn,SMLtb,31.067621783566224,122.68954960941684,97.37011542824325,12.0,4.035288220520671,818.0749234080236
21,Shanghai NorthCh - Nagoya,SEA,PILOT_TO_PILOT,0,21,21,1,2,PltStn,SMLtb,31.067188313132956,122.69344005146088,97.37011542824325,12.0,4.237052631546704,817.8731589969975
22,Shanghai NorthCh - Nagoya,SEA,PILOT_TO_PILOT,0,22,22,1,2,PltStn,SMLtb,31.066754725933716,122.69733045803594,97.37011542824325,12.0,4.438817042572738,817.6713945859715
23,Shanghai NorthCh - Nagoya,SEA,PILOT_TO_PILOT,0,23,23,1,2,PltStn,SMLtb,31.066321021971586,122.70122082913335,97.37011542824325,12.0,4.640581453598771,817.4696301749455
24,Shanghai NorthCh - Nagoya,SEA,PILOT_TO_PILOT,0,24,24,1,2,PltStn,SMLtb,31.065887201249602,122.70511116474452,97.37011542824325,12.0,4.8423458646248045,817.2678657639194
25,Shanghai NorthCh - Nagoya,SEA,PILOT_TO_PILOT,0,25,25,1,2,PltStn,SMLtb,31.06545326377084,122.70900146486086,97.37011542824325,12.0,5.044110275650838,817.0661013528934
26,Shanghai NorthCh - Nagoya,SEA,PILOT_TO_PILOT,0,26,26,1,2,PltStn,SMLtb,31.065019209538384,122.71289172947368,97.37011542824325,12.0,5.2458746866768715,816.8643369418674
27,Shanghai NorthCh - Nagoya,SEA,PILOT_TO_PILOT,0,27,27,1,2,PltStn,SMLtb,31.064585038555272,122.71678195857444,97.37011542824325,12.0,5.447639097702905,816.6625725308413
28,Shanghai NorthCh - Nagoya,SEA,PILOT_TO_PILOT,0,28,28,1,2,PltStn,SMLtb,31.06415075082459,122.72067215215446,97.37011542824325,12.0,5.6494035087289385,816.4608081198153
29,Shanghai NorthCh - Nagoya,SEA,PILOT_TO_PILOT,0,29,29,1,2,PltStn,SMLtb,31.063716346349402,122.72456231020514,97.37011542824325,12.0,5.851167919754972,816.2590437087892
30,Shanghai NorthCh - Nagoya,SEA,PILOT_TO_PILOT,0,30,30,1,2,PltStn,SMLtb,31.063281825132787,122.72845243271789,97.37011542824325,12.0,6.0529323307810055,816.0572792977632
31,Shanghai NorthCh - Nagoya,SEA,PILOT_TO_PILOT,0,31,31,1,2,PltStn,SMLtb,31.06284718717779,122.73234251968408,97.37011542824325,12.0,6.254696741807039,815.8555148867372
32,Shanghai NorthCh - Nagoya,SEA,PILOT_TO_PILOT,0,32,32,1,2,PltStn,SMLtb,31.0624124324875,122.73623257109509,97.37011542824325,12.0,6.456461152833072,815.6537504757111
33,Shanghai NorthCh - Nagoya,SEA,PILOT_TO_PILOT,0,33,33,1,2,PltStn,SMLtb,31.061977561064985,122.74012258694233,97.37011542824325,12.0,6.658225563859106,815.4519860646851
34,Shanghai NorthCh - Nagoya,SEA,PILOT_TO_PILOT,0,34,34,1,2,PltStn,SMLtb,31.061542572913307,122.74401256721713,97.37011542824325,12.0,6.859989974885139,815.2502216536591
35,Shanghai NorthCh - Nagoya,SEA,PILOT_TO_PILOT,0,35,35,1,2,PltStn,SMLtb,31.06110746803556,122.74790251191097,97.37011542824325,12.0,7.061754385911173,815.048457242633
36,Shanghai NorthCh - Nagoya,SEA,PILOT_TO_PILOT,0,36,36,1,2,PltStn,SMLtb,31.06067224643479,122.75179242101515,97.37011542824325,12.0,7.263518796937206,814.846692831607
37,Shanghai NorthCh - Nagoya,SEA,PILOT_TO_PILOT,0,37,37,1,2,PltStn,SMLtb,31.060236908114092,122.75568229452112,97.37011542824325,12.0,7.46528320796324,814.644928420581
38,Shanghai NorthCh - Nagoya,SEA,PILOT_TO_PILOT,0,38,38,1,2,PltStn,SMLtb,31.05980145307654,122.75957213242026,97.37011542824325,12.0,7.667047618989273,814.443164009555
39,Shanghai NorthCh - Nagoya,SEA,PILOT_TO_PILOT,0,39,39,1,2,PltStn,SMLtb,31.0593658813252,122.76346193470394,97.37011542824325,12.0,7.868812030015307,814.2413995985289
40,Shanghai NorthCh - Nagoya,SEA,PILOT_TO_PILOT,0,40,40,1,2,PltStn,SMLtb,31.058930192863144,122.76735170136361,97.37011542824325,12.0,8.070576441041341,814.0396351875029
41,Shanghai NorthCh - Nagoya,SEA,PILOT_TO_PILOT,0,41,41,1,2,PltStn,SMLtb,31.05849438769346,122.7712414323906,97.37011542824325,12.0,8.272340852067375,813.8378707764768
42,Shanghai NorthCh - Nagoya,SEA,PILOT_TO_PILOT,0,42,42,1,2,PltStn,SMLtb,31.05805846581923,122.77513112777635,97.37011542824325,12.0,8.474105263093408,813.6361063654508
43,Shanghai NorthCh - Nagoya,SEA,PILOT_TO_PILOT,0,43,43,1,2,PltStn,SMLtb,31.057622427243523,122.77902078751222,97.37011542824325,12.0,8.675869674119442,813.4343419544248
44,Shanghai NorthCh - Nagoya,SEA,PILOT_TO_PILOT,0,44,44,1,2,PltStn,SMLtb,31.057186271969417,122.78291041158965,97.37011542824325,12.0,8.877634085145475,813.2325775433987
45,Shanghai NorthCh - Nagoya,SEA,PILOT_TO_PILOT,1,45,0,2,3,SMLtb,BtwSaki,31.05675,122.78680000000001,92.07999737315282,12.0,9.079398496171509,813.0308131323727
46,Shanghai NorthCh - Nagoya,SEA,PILOT_TO_PILOT,1,46,1,2,3,SMLtb,BtwSaki,31.05662905856495,122.7906853273598,92.07999737315282,12.0,9.279368676772355,812.8308429517718
47,Shanghai NorthCh - Nagoya,SEA,PILOT_TO_PILOT,1,47,2,2,3,SMLtb,BtwSaki,31.0565080006927,122.79457064483715,92.07999737315282,12.0,9.479338857373204,812.630872771171
48,Shanghai NorthCh - Nagoya,SEA,PILOT_TO_PILOT,1,48,3,2,3,SMLtb,BtwSaki,31.05638682638408,122.79845595242264,92.07999737315282,12.0,9.67930903797405,812.4309025905702
49,Shanghai NorthCh - Nagoya,SEA,PILOT_TO_PILOT,1,49,4,2,3,SMLtb,BtwSaki,31.056265535639966,122.8023412501068,92.07999737315282,12.0,9.879279218574899,812.2309324099693
50,Shanghai NorthCh - Nagoya,SEA,PILOT_TO_PILOT,1,50,5,2,3,SMLtb,BtwSaki,31.056144128461195,122.8062265378802,92.07999737315282,12.0,10.079249399175746,812.0309622293685
51,Shanghai NorthCh - Nagoya,SEA,PILOT_TO_PILOT,1,51,6,2,3,SMLtb,BtwSaki,31.056022604848614,122.81011181573345,92.07999737315282,12.0,10.279219579776594,811.8309920487676
52,Shanghai NorthCh - Nagoya,SEA,PILOT_TO_PILOT,1,52,7,2,3,SMLtb,BtwSaki,31.055900964803108,122.81399708365706,92.07999737315282,12.0,10.47918976037744,811.6310218681667
53,Shanghai NorthCh - Nagoya,SEA,PILOT_TO_PILOT,1,53,8,2,3,SMLtb,BtwSaki,31.055779208325514,122.8178823416416,92.07999737315282,12.0,10.679159940978288,811.431051687566
54,Shanghai NorthCh - Nagoya,SEA,PILOT_TO_PILOT,1,54,9,2,3,SMLtb,BtwSaki,31.05565733541669,122.82176758967768,92.07999737315282,12.0,10.879130121579136,811.2310815069651
55,Shanghai NorthCh - Nagoya,SEA,PILOT_TO_PILOT,1,55,10,2,3,SMLtb,BtwSaki,31.05553534607751,122.82565282775579,92.07999737315282,12.0,11.079100302179983,811.0311113263642
56,Shanghai NorthCh - Nagoya,SEA,PILOT_TO_PILOT,1,56,11,2,3,SMLtb,BtwSaki,31.055413240308813,122.82953805586656,92.07999737315282,12.0,11.279070482780831,810.8311411457634
57,Shanghai NorthCh - Nagoya,SEA,PILOT_TO_PILOT,1,57,12,2,3,SMLtb,BtwSaki,31.05529101811148,122.83342327400052,92.07999737315282,12.0,11.479040663381678,810.6311709651626
58,Shanghai NorthCh - Nagoya,SEA,PILOT_TO_PILOT,1,58,13,2,3,SMLtb,BtwSaki,31.055168679486354,122.83730848214826,92.07999737315282,12.0,11.679010843982526,810.4312007845617
59,Shanghai NorthCh - Nagoya,SEA,PILOT_TO_PILOT,1,59,14,2,3,SMLtb,BtwSaki,31.0550462244343,122.84119368030035,92.07999737315282,12.0,11.878981024583373,810.2312306039609
60,Shanghai NorthCh - Nagoya,SEA,PILOT_TO_PILOT,1,60,15,2,3,SMLtb,BtwSaki,31.0549236529562,122.84507886844732,92.07999737315282,12.0,12.078951205184222,810.03126042336
61,Shanghai NorthCh - Nagoya,SEA,PILOT_TO_PILOT,1,61,16,2,3,SMLtb,BtwSaki,31.05480096505289,122.84896404657975,92.07999737315282,12.0,12.278921385785068,809.8312902427591
62,Shanghai NorthCh - Nagoya,SEA,PILOT_TO_PILOT,1,62,17,2,3,SMLtb,BtwSaki,31.05467816072525,122.85284921468822,92.07999737315282,12.0,12.478891566385915,809.6313200621584
63,Shanghai NorthCh - Nagoya,SEA,PILOT_TO_PILOT,1,63,18,2,3,SMLtb,BtwSaki,31.05455523997414,122.85673437276327,92.07999737315282,12.0,12.678861746986763,809.4313498815575
64,Shanghai NorthCh - Nagoya,SEA,PILOT_TO_PILOT,1,64,19,2,3,SMLtb,BtwSaki,31.05443220280043,122.86061952079552,92.07999737315282,12.0,12.87883192758761,809.2313797009566
65,Shanghai NorthCh - Nagoya,SEA,PILOT_TO_PILOT,1,65,20,2,3,SMLtb,BtwSaki,31.054309049204985,122.86450465877549,92.07999737315282,12.0,13.078802108188459,809.0314095203557
66,Shanghai NorthCh - Nagoya,SEA,PILOT_TO_PILOT,1,66,21,2,3,SMLtb,BtwSaki,31.05418577918868,122.86838978669377,92.07999737315282,12.0,13.278772288789305,808.8314393397549
67,Shanghai NorthCh - Nagoya,SEA,PILOT_TO_PILOT,1,67,22,2,3,SMLtb,BtwSaki,31.05406239275236,122.8722749045409,92.07999737315282,12.0,13.478742469390152,808.6314691591541
68,Shanghai NorthCh - Nagoya,SEA,PILOT_TO_PILOT,1,68,23,2,3,SMLtb,BtwSaki,31.053938889896923,122.87616001230747,92.07999737315282,12.0,13.678712649991,808.4314989785532
69,Shanghai NorthCh - Nagoya,SEA,PILOT_TO_PILOT,1,69,24,2,3,SMLtb,BtwSaki,31.053815270623225,122.88004510998405,92.07999737315282,12.0,13.878682830591849,808.2315287979524
70,Shanghai NorthCh - Nagoya,SEA,PILOT_TO_PILOT,1,70,25,2,3,SMLtb,BtwSaki,31.053691534932135,122.8839301975612,92.07999737315282,12.0,14.078653011192696,808.0315586173515
71,Shanghai NorthCh - Nagoya,SEA,PILOT_TO_PILOT,1,71,26,2,3,SMLtb,BtwSaki,31.05356768282453,122.88781527502951,92.07999737315282,12.0,14.278623191793542,807.8315884367507
72,Shanghai NorthCh - Nagoya,SEA,PILOT_TO_PILOT,1,72,27,2,3,SMLtb,BtwSaki,31.05344371430128,122.89170034237954,92.07999737315282,12.0,14.478593372394391,807.6316182561499
73,Shanghai NorthCh - Nagoya,SEA,PILOT_TO_PILOT,1,73,28,2,3,SMLtb,BtwSaki,31.05331962936325,122.89558539960183,92.07999737315282,12.0,14.678563552995238,807.431648075549
74,Shanghai NorthCh - Nagoya,SEA,PILOT_TO_PILOT,1,74,29,2,3,SMLtb,BtwSaki,31.053195428011335,122.89947044668698,92.07999737315282,12.0,14.878533733596086,807.2316778949481
75,Shanghai NorthCh - Nagoya,SEA,PILOT_TO_PILOT,1,75,30,2,3,SMLtb,BtwSaki,31.0530711102464,122.90335548362555,92.07999737315282,12.0,15.078503914196933,807.0317077143472
76,Shanghai NorthCh - Nagoya,SEA,PILOT_TO_PILOT,1,76,31,2,3,SMLtb,BtwSaki,31.05294667606931,122.90724051040813,92.07999737315282,12.0,15.27847409479778,806.8317375337465
77,Shanghai NorthCh - Nagoya,SEA,PILOT_TO_PILOT,1,77,32,2,3,SMLtb,BtwSaki,31.052822125480958,122.91112552702528,92.07999737315282,12.0,15.478444275398628,806.6317673531456
78,Shanghai NorthCh - Nagoya,SEA,PILOT_TO_PILOT,1,78,33,2,3,SMLtb,BtwSaki,31.052697458482204,122.91501053346754,92.07999737315282,12.0,15.678414455999476,806.4317971725447
79,Shanghai NorthCh - Nagoya,SEA,PILOT_TO_PILOT,1,79,34,2,3,SMLtb,BtwSaki,31.052572675073947,122.91889552972552,92.07999737315282,12.0,15.878384636600323,806.2318269919439
80,Shanghai NorthCh - Nagoya,SEA,PILOT_TO_PILOT,1,80,35,2,3,SMLtb,BtwSaki,31.05244777525705,122.92278051578978,92.07999737315282,12.0,16.07835481720117,806.031856811343
81,Shanghai NorthCh - Nagoya,SEA,PILOT_TO_PILOT,1,81,36,2,3,SMLtb,BtwSaki,31.05232275903239,122.92666549165088,92.07999737315282,12.0,16.278324997802017,805.8318866307422
82,Shanghai NorthCh - Nagoya,SEA,PILOT_TO_PILOT,1,82,37,2,3,SMLtb,BtwSaki,31.05219762640086,122.93055045729943,92.07999737315282,12.0,16.478295178402867,805.6319164501414
83,Shanghai NorthCh - Nagoya,SEA,PILOT_TO_PILOT,1,83,38,2,3,SMLtb,BtwSaki,31.052072377363345,122.93443541272596,92.07999737315282,12.0,16.678265359003714,805.4319462695405
84,Shanghai NorthCh - Nagoya,SEA,PILOT_TO_PILOT,1,84,39,2,3,SMLtb,BtwSaki,31.051947011920703,122.93832035792109,92.07999737315282,12.0,16.87823553960456,805.2319760889396
85,Shanghai NorthCh - Nagoya,SEA,PILOT_TO_PILOT,1,85,40,2,3,SMLtb,BtwSaki,31.05182153007384,122.94220529287533,92.07999737315282,12.0,17.078205720205407,805.0320059083388
86,Shanghai NorthCh - Nagoya,SEA,PILOT_TO_PILOT,1,86,41,2,3,SMLtb,BtwSaki,31.051695931823637,122.94609021757927,92.07999737315282,12.0,17.278175900806254,804.832035727738
87,Shanghai NorthCh - Nagoya,SEA,PILOT_TO_PILOT,1,87,42,2,3,SMLtb,BtwSaki,31.051570217170973,122.94997513202354,92.07999737315282,12.0,17.478146081407104,804.6320655471371
88,Shanghai NorthCh - Nagoya,SEA,PILOT_TO_PILOT,1,88,43,2,3,SMLtb,BtwSaki,31.051444386116735,122.95386003619863,92.07999737315282,12.0,17.67811626200795,804.4320953665363
89,Shanghai NorthCh - Nagoya,SEA,PILOT_TO_PILOT,1,89,44,2,3,SMLtb,BtwSaki,31.051318438661806,122.9577449300952,92.07999737315282,12.0,17.878086442608797,804.2321251859354
90,Shanghai NorthCh - Nagoya,SEA,PILOT_TO_PILOT,1,90,45,2,3,SMLtb,BtwSaki,31.05119237480708,122.96162981370377,92.07999737315282,12.0,18.078056623209648,804.0321550053345
91,Shanghai NorthCh - Nagoya,SEA,PILOT_TO_PILOT,1,91,46,2,3,SMLtb,BtwSaki,31.051066194553442,122.96551468701493,92.07999737315282,12.0,18.27802680381049,803.8321848247338
92,Shanghai NorthCh - Nagoya,SEA,PILOT_TO_PILOT,1,92,47,2,3,SMLtb,BtwSaki,31.05093989790178,122.96939955001925,92.07999737315282,12.0,18.47799698441134,803.6322146441329
93,Shanghai NorthCh - Nagoya,SEA,PILOT_TO_PILOT,1,93,48,2,3,SMLtb,BtwSaki,31.050813484852984,122.97328440270729,92.07999737315282,12.0,18.677967165012188,803.432244463532
94,Shanghai NorthCh - Nagoya,SEA,PILOT_TO_PILOT,1,94,49,2,3,SMLtb,BtwSaki,31.05068695540794,122.97716924506966,92.07999737315282,12.0,18.877937345613034,803.2322742829311
95,Shanghai NorthCh - Nagoya,SEA,PILOT_TO_PILOT,1,95,50,2,3,SMLtb,BtwSaki,31.05056030956755,122.98105407709693,92.07999737315282,12.0,19.077907526213885,803.0323041023304
96,Shanghai NorthCh - Nagoya,SEA,PILOT_TO_PILOT,1,96,51,2,3,SMLtb,BtwSaki,31.050433547332695,122.98493889877963,92.07999737315282,12.0,19.277877706814728,802.8323339217295
97,Shanghai NorthCh - Nagoya,SEA,PILOT_TO_PILOT,1,97,52,2,3,SMLtb,BtwSaki,31.050306668704273,122.9888237101084,92.07999737315282,12.0,19.477847887415578,802.6323637411286
98,Shanghai NorthCh - Nagoya,SEA,PILOT_TO_PILOT,1,98,53,2,3,SMLtb,BtwSaki,31.050179673683182,122.9927085110738,92.07999737315282,12.0,19.677818068016425,802.4323935605278
99,Shanghai NorthCh - Nagoya,SEA,PILOT_TO_PILOT,1,99,54,2,3,SMLtb,BtwSaki,31.050052562270306,122.9965933016664,92.07999737315282,12.0,19.87778824861727,802.2324233799269
100,Shanghai NorthCh - Nagoya,SEA,PILOT_TO_PILOT,1,100,55,2,3,SMLtb,BtwSaki,31.049925334466543,123.00047808187675,92.07999737315282,12.0,20.07775842921812,802.0324531993261
101,Shanghai NorthCh - Nagoya,SEA,PILOT_TO_PILOT,1,101,56,2,3,SMLtb,BtwSaki,31.049797990272793,123.00436285169545,92.07999737315282,12.0,20.277728609818965,801.8324830187253
102,Shanghai NorthCh - Nagoya,SEA,PILOT_TO_PILOT,1,102,57,2,3,SMLtb,BtwSaki,31.049670529689966,123.00824761111312,92.07999737315282,12.0,20.477698790419815,801.6325128381244
103,Shanghai NorthCh - Nagoya,SEA,PILOT_TO_PILOT,1,103,58,2,3,SMLtb,BtwSaki,31.049542952718934,123.01213236012025,92.07999737315282,12.0,20.677668971020662,801.4325426575235
104,Shanghai NorthCh - Nagoya,SEA,PILOT_TO_PILOT,1,104,59,2,3,SMLtb,BtwSaki,31.0494152593606,123.01601709870751,92.07999737315282,12.0,20.87763915162151,801.2325724769228
105,Shanghai NorthCh - Nagoya,SEA,PILOT_TO_PILOT,1,105,60,2,3,SMLtb,BtwSaki,31.049287449615875,123.01990182686541,92.07999737315282,12.0,21.07760933222236,801.0326022963219
106,Shanghai NorthCh - Nagoya,SEA,PILOT_TO_PILOT,1,106,61,2,3,SMLtb,BtwSaki,31.049159523485653,123.02378654458457,92.07999737315282,12.0,21.277579512823205,800.832632115721
107,Shanghai NorthCh - Nagoya,SEA,PILOT_TO_PILOT,1,107,62,2,3,SMLtb,BtwSaki,31.049031480970847,123.02767125185554,92.07999737315282,12.0,21.477549693424052,800.6326619351202
108,Shanghai NorthCh - Nagoya,SEA,PILOT_TO_PILOT,1,108,63,2,3,SMLtb,BtwSaki,31.04890332207234,123.03155594866892,92.07999737315282,12.0,21.677519874024902,800.4326917545193
109,Shanghai NorthCh - Nagoya,SEA,PILOT_TO_PILOT,1,109,64,2,3,SMLtb,BtwSaki,31.048775046791047,123.03544063501529,92.07999737315282,12.0,21.877490054625746,800.2327215739185
110,Shanghai NorthCh - Nagoya,SEA,PILOT_TO_PILOT,1,110,65,2,3,SMLtb,BtwSaki,31.048646655127857,123.03932531088523,92.07999737315282,12.0,22.077460235226596,800.0327513933177
111,Shanghai NorthCh - Nagoya,SEA,PILOT_TO_PILOT,1,111,66,2,3,SMLtb,BtwSaki,31.048518147083698,123.04320997626932,92.07999737315282,12.0,22.277430415827443,799.8327812127168
112,Shanghai NorthCh - Nagoya,SEA,PILOT_TO_PILOT,1,112,67,2,3,SMLtb,BtwSaki,31.048389522659456,123.04709463115812,92.07999737315282,12.0,22.47740059642829,799.6328110321159
113,Shanghai NorthCh - Nagoya,SEA,PILOT_TO_PILOT,1,113,68,2,3,SMLtb,BtwSaki,31.04826078185603,123.05097927554225,92.07999737315282,12.0,22.67737077702914,799.432840851515
114,Shanghai NorthCh - Nagoya,SEA,PILOT_TO_PILOT,1,114,69,2,3,SMLtb,BtwSaki,31.04813192467435,123.05486390941226,92.07999737315282,12.0,22.877340957629983,799.2328706709143
115,Shanghai NorthCh - Nagoya,SEA,PILOT_TO_PILOT,1,115,70,2,3,SMLtb,BtwSaki,31.048002951115322,123.05874853275873,92.07999737315282,12.0,23.077311138230833,799.0329004903134
116,Shanghai NorthCh - Nagoya,SEA,PILOT_TO_PILOT,1,116,71,2,3,SMLtb,BtwSaki,31.04787386117983,123.06263314557226,92.07999737315282,12.0,23.27728131883168,798.8329303097125
117,Shanghai NorthCh - Nagoya,SEA,PILOT_TO_PILOT,1,117,72,2,3,SMLtb,BtwSaki,31.047744654868804,123.06651774784343,92.07999737315282,12.0,23.477251499432526,798.6329601291117
118,Shanghai NorthCh - Nagoya,SEA,PILOT_TO_PILOT,1,118,73,2,3,SMLtb,BtwSaki,31.047615332183142,123.07040233956283,92.07999737315282,12.0,23.677221680033377,798.4329899485108
119,Shanghai NorthCh - Nagoya,SEA,PILOT_TO_PILOT,1,119,74,2,3,SMLtb,BtwSaki,31.047485893123767,123.07428692072102,92.07999737315282,12.0,23.87719186063422,798.23301976791
120,Shanghai NorthCh - Nagoya,SEA,PILOT_TO_PILOT,1,120,75,2,3,SMLtb,BtwSaki,31.047356337691575,123.07817149130862,92.07999737315282,12.0,24.07716204123507,798.0330495873092
121,Shanghai NorthCh - Nagoya,SEA,PILOT_TO_PILOT,1,121,76,2,3,SMLtb,BtwSaki,31.0472266658875,123.08205605131617,92.07999737315282,12.0,24.277132221835917,797.8330794067083
122,Shanghai NorthCh - Nagoya,SEA,PILOT_TO_PILOT,1,122,77,2,3,SMLtb,BtwSaki,31.04709687771243,123.08594060073426,92.07999737315282,12.0,24.477102402436763,797.6331092261074
123,Shanghai NorthCh - Nagoya,SEA,PILOT_TO_PILOT,1,123,78,2,3,SMLtb,BtwSaki,31.0469669731673,123.08982513955353,92.07999737315282,12.0,24.677072583037614,797.4331390455066
124,Shanghai NorthCh - Nagoya,SEA,PILOT_TO_PILOT,1,124,79,2,3,SMLtb,BtwSaki,31.046836952253013,123.09370966776449,92.07999737315282,12.0,24.87704276363846,797.2331688649058
125,Shanghai NorthCh - Nagoya,SEA,PILOT_TO_PILOT,1,125,80,2,3,SMLtb,BtwSaki,31.046706814970484,123.09759418535776,92.07999737315282,12.0,25.077012944239307,797.0331986843049
126,Shanghai NorthCh - Nagoya,SEA,PILOT_TO_PILOT,1,126,81,2,3,SMLtb,BtwSaki,31.04657656132063,123.10147869232392,92.07999737315282,12.0,25.276983124840157,796.833228503704
127,Shanghai NorthCh - Nagoya,SEA,PILOT_TO_PILOT,1,127,82,2,3,SMLtb,BtwSaki,31.046446191304387,123.1053631886536,92.07999737315282,12.0,25.476953305441,796.6332583231032
128,Shanghai NorthCh - Nagoya,SEA,PILOT_TO_PILOT,1,128,83,2,3,SMLtb,BtwSaki,31.046315704922648,123.10924767433731,92.07999737315282,12.0,25.67692348604185,796.4332881425024
129,Shanghai NorthCh - Nagoya,SEA,PILOT_TO_PILOT,1,129,84,2,3,SMLtb,BtwSaki,31.046185102176338,123.11313214936565,92.07999737315282,12.0,25.876893666642694,796.2333179619015
130,Shanghai NorthCh - Nagoya,SEA,PILOT_TO_PILOT,1,130,85,2,3,SMLtb,BtwSaki,31.04605438306638,123.11701661372928,92.07999737315282,12.0,26.076863847243544,796.0333477813007
131,Shanghai NorthCh - Nagoya,SEA,PILOT_TO_PILOT,1,131,86,2,3,SMLtb,BtwSaki,31.045923547593695,123.12090106741867,92.07999737315282,12.0,26.276834027844394,795.8333776006998
132,Shanghai NorthCh - Nagoya,SEA,PILOT_TO_PILOT,1,132,87,2,3,SMLtb,BtwSaki,31.045792595759206,123.12478551042452,92.07999737315282,12.0,26.476804208445238,795.6334074200989
133,Shanghai NorthCh - Nagoya,SEA,PILOT_TO_PILOT,1,133,88,2,3,SMLtb,BtwSaki,31.045661527563823,123.12866994273735,92.07999737315282,12.0,26.676774389046088,795.4334372394982
134,Shanghai NorthCh - Nagoya,SEA,PILOT_TO_PILOT,1,134,89,2,3,SMLtb,BtwSaki,31.045530343008483,123.13255436434778,92.07999737315282,12.0,26.87674456964693,795.2334670588973
135,Shanghai NorthCh - Nagoya,SEA,PILOT_TO_PILOT,1,135,90,2,3,SMLtb,BtwSaki,31.04539904209412,123.13643877524638,92.07999737315282,12.0,27.07671475024778,795.0334968782964
136,Shanghai NorthCh - Nagoya,SEA,PILOT_TO_PILOT,1,136,91,2,3,SMLtb,BtwSaki,31.045267624821623,123.14032317542373,92.07999737315282,12.0,27.27668493084863,794.8335266976956
137,Shanghai NorthCh - Nagoya,SEA,PILOT_TO_PILOT,1,137,92,2,3,SMLtb,BtwSaki,31.045136091191953,123.14420756487043,92.07999737315282,12.0,27.476655111449475,794.6335565170948
138,Shanghai NorthCh - Nagoya,SEA,PILOT_TO_PILOT,1,138,93,2,3,SMLtb,BtwSaki,31.04500444120601,123.14809194357707,92.07999737315282,12.0,27.676625292050325,794.4335863364939
139,Shanghai NorthCh - Nagoya,SEA,PILOT_TO_PILOT,1,139,94,2,3,SMLtb,BtwSaki,31.044872674864735,123.15197631153424,92.07999737315282,12.0,27.876595472651175,794.2336161558931
140,Shanghai NorthCh - Nagoya,SEA,PILOT_TO_PILOT,1,140,95,2,3,SMLtb,BtwSaki,31.044740792169055,123.15586066873253,92.07999737315282,12.0,28.07656565325202,794.0336459752922
141,Shanghai NorthCh - Nagoya,SEA,PILOT_TO_PILOT,1,141,96,2,3,SMLtb,BtwSaki,31.044608793119895,123.15974501516253,92.07999737315282,12.0,28.27653583385287,793.8336757946913
142,Shanghai NorthCh - Nagoya,SEA,PILOT_TO_PILOT,1,142,97,2,3,SMLtb,BtwSaki,31.044476677718187,123.1636293508148,92.07999737315282,12.0,28.47650601445371,793.6337056140906
143,Shanghai NorthCh - Nagoya,SEA,PILOT_TO_PILOT,1,143,98,2,3,SMLtb,BtwSaki,31.04434444596485,123.16751367567997,92.07999737315282,12.0,28.676476195054562,793.4337354334897
144,Shanghai NorthCh - Nagoya,SEA,PILOT_TO_PILOT,1,144,99,2,3,SMLtb,BtwSaki,31.044212097860836,123.17139798974864,92.07999737315282,12.0,28.876446375655412,793.2337652528888
145,Shanghai NorthCh - Nagoya,SEA,PILOT_TO_PILOT,1,145,100,2,3,SMLtb,BtwSaki,31.044079633407065,123.17528229301136,92.07999737315282,12.0,29.076416556256255,793.033795072288
146,Shanghai NorthCh - Nagoya,SEA,PILOT_TO_PILOT,1,146,101,2,3,SMLtb,BtwSaki,31.043947052604466,123.17916658545876,92.07999737315282,12.0,29.276386736857106,792.8338248916871
147,Shanghai NorthCh - Nagoya,SEA,PILOT_TO_PILOT,1,147,102,2,3,SMLtb,BtwSaki,31.043814355453982,123.18305086708139,92.07999737315282,12.0,29.47635691745795,792.6338547110863
148,Shanghai NorthCh - Nagoya,SEA,PILOT_TO_PILOT,1,148,103,2,3,SMLtb,BtwSaki,31.04368154195654,123.18693513786985,92.07999737315282,12.0,29.6763270980588,792.4338845304854
149,Shanghai NorthCh - Nagoya,SEA,PILOT_TO_PILOT,1,149,104,2,3,SMLtb,BtwSaki,31.043548612113078,123.19081939781478,92.07999737315282,12.0,29.87629727865965,792.2339143498846
150,Shanghai NorthCh - Nagoya,SEA,PILOT_TO_PILOT,1,150,105,2,3,SMLtb,BtwSaki,31.043415565924523,123.1947036469067,92.07999737315282,12.0,30.076267459260492,792.0339441692837
151,Shanghai NorthCh - Nagoya,SEA,PILOT_TO_PILOT,1,151,106,2,3,SMLtb,BtwSaki,31.04328240339182,123.19858788513626,92.07999737315282,12.0,30.276237639861343,791.8339739886828
152,Shanghai NorthCh - Nagoya,SEA,PILOT_TO_PILOT,1,152,107,2,3,SMLtb,BtwSaki,31.043149124515917,123.20247211249405,92.07999737315282,12.0,30.476207820462186,791.6340038080821
153,Shanghai NorthCh - Nagoya,SEA,PILOT_TO_PILOT,1,153,108,2,3,SMLtb,BtwSaki,31.04301572929774,123.20635632897064,92.07999737315282,12.0,30.676178001063036,791.4340336274812
154,Shanghai NorthCh - Nagoya,SEA,PILOT_TO_PILOT,1,154,109,2,3,SMLtb,BtwSaki,31.042882217738217,123.21024053455662,92.07999737315282,12.0,30.876148181663886,791.2340634468803
155,Shanghai NorthCh - Nagoya,SEA,PILOT_TO_PILOT,1,155,110,2,3,SMLtb,BtwSaki,31.042748589838315,123.21412472924258,92.07999737315282,12.0,31.07611836226473,791.0340932662795
156,Shanghai NorthCh - Nagoya,SEA,PILOT_TO_PILOT,1,156,111,2,3,SMLtb,BtwSaki,31.042614845598948,123.21800891301915,92.07999737315282,12.0,31.27608854286558,790.8341230856786
157,Shanghai NorthCh - Nagoya,SEA,PILOT_TO_PILOT,1,157,112,2,3,SMLtb,BtwSaki,31.042480985021072,123.22189308587691,92.07999737315282,12.0,31.476058723466423,790.6341529050778
158,Shanghai NorthCh - Nagoya,SEA,PILOT_TO_PILOT,1,158,113,2,3,SMLtb,BtwSaki,31.04234700810564,123.22577724780642,92.07999737315282,12.0,31.676028904067273,790.434182724477
159,Shanghai NorthCh - Nagoya,SEA,PILOT_TO_PILOT,1,159,114,2,3,SMLtb,BtwSaki,31.042212914853568,123.22966139879833,92.07999737315282,12.0,31.875999084668123,790.2342125438761
160,Shanghai NorthCh - Nagoya,SEA,PILOT_TO_PILOT,1,160,115,2,3,SMLtb,BtwSaki,31.04207870526582,123.2335455388432,92.07999737315282,12.0,32.07596926526897,790.0342423632752
161,Shanghai NorthCh - Nagoya,SEA,PILOT_TO_PILOT,1,161,116,2,3,SMLtb,BtwSaki,31.041944379343338,123.23742966793162,92.07999737315282,12.0,32.27593944586982,789.8342721826745
162,Shanghai NorthCh - Nagoya,SEA,PILOT_TO_PILOT,1,162,117,2,3,SMLtb,BtwSaki,31.04180993708705,123.2413137860542,92.07999737315282,12.0,32.47590962647067,789.6343020020736
163,Shanghai NorthCh - Nagoya,SEA,PILOT_TO_PILOT,1,163,118,2,3,SMLtb,BtwSaki,31.04167537849793,123.24519789320156,92.07999737315282,12.0,32.67587980707151,789.4343318214727
164,Shanghai NorthCh - Nagoya,SEA,PILOT_TO_PILOT,1,164,119,2,3,SMLtb,BtwSaki,31.04154070357691,123.24908198936427,92.07999737315282,12.0,32.87584998767236,789.2343616408718
165,Shanghai NorthCh - Nagoya,SEA,PILOT_TO_PILOT,1,165,120,2,3,SMLtb,BtwSaki,31.041405912324933,123.25296607453294,92.07999737315282,12.0,33.075820168273204,789.034391460271
166,Shanghai NorthCh - Nagoya,SEA,PILOT_TO_PILOT,1,166,121,2,3,SMLtb,BtwSaki,31.041271004742967,123.25685014869813,92.07999737315282,12.0,33.275790348874054,788.8344212796702
167,Shanghai NorthCh - Nagoya,SEA,PILOT_TO_PILOT,1,167,122,2,3,SMLtb,BtwSaki,31.041135980831946,123.26073421185048,92.07999737315282,12.0,33.475760529474904,788.6344510990693
168,Shanghai NorthCh - Nagoya,SEA,PILOT_TO_PILOT,1,168,123,2,3,SMLtb,BtwSaki,31.041000840592822,123.26461826398055,92.07999737315282,12.0,33.67573071007575,788.4344809184685
169,Shanghai NorthCh - Nagoya,SEA,PILOT_TO_PILOT,1,169,124,2,3,SMLtb,BtwSaki,31.040865584026555,123.26850230507901,92.07999737315282,12.0,33.8757008906766,788.2345107378676
170,Shanghai NorthCh - Nagoya,SEA,PILOT_TO_PILOT,1,170,125,2,3,SMLtb,BtwSaki,31.040730211134083,123.27238633513637,92.07999737315282,12.0,34.07567107127744,788.0345405572668
171,Shanghai NorthCh - Nagoya,SEA,PILOT_TO_PILOT,1,171,126,2,3,SMLtb,BtwSaki,31.04059472191637,123.27627035414329,92.07999737315282,12.0,34.27564125187829,787.834570376666
172,Shanghai NorthCh - Nagoya,SEA,PILOT_TO_PILOT,1,172,127,2,3,SMLtb,BtwSaki,31.040459116374358,123.28015436209034,92.07999737315282,12.0,34.47561143247914,787.6346001960651
173,Shanghai NorthCh - Nagoya,SEA,PILOT_TO_PILOT,1,173,128,2,3,SMLtb,BtwSaki,31.04032339450902,123.28403835896815,92.07999737315282,12.0,34.675581613079984,787.4346300154642
174,Shanghai NorthCh - Nagoya,SEA,PILOT_TO_PILOT,1,174,129,2,3,SMLtb,BtwSaki,31.0401875563213,123.28792234476725,92.07999737315282,12.0,34.875551793680835,787.2346598348634
175,Shanghai NorthCh - Nagoya,SEA,PILOT_TO_PILOT,1,175,130,2,3,SMLtb,BtwSaki,31.04005160181215,123.29180631947833,92.07999737315282,12.0,35.07552197428168,787.0346896542626
176,Shanghai NorthCh - Nagoya,SEA,PILOT_TO_PILOT,1,176,131,2,3,SMLtb,BtwSaki,31.03991553098254,123.29569028309193,92.07999737315282,12.0,35.27549215488253,786.8347194736617
177,Shanghai NorthCh - Nagoya,SEA,PILOT_TO_PILOT,1,177,132,2,3,SMLtb,BtwSaki,31.03977934383342,123.29957423559868,92.07999737315282,12.0,35.47546233548338,786.6347492930608
178,Shanghai NorthCh - Nagoya,SEA,PILOT_TO_PILOT,1,178,133,2,3,SMLtb,BtwSaki,31.03964304036574,123.30345817698917,92.07999737315282,12.0,35.67543251608422,786.43477911246
179,Shanghai NorthCh - Nagoya,SEA,PILOT_TO_PILOT,1,179,134,2,3,SMLtb,BtwSaki,31.039506620580468,123.30734210725399,92.07999737315282,12.0,35.87540269668507,786.2348089318591
180,Shanghai NorthCh - Nagoya,SEA,PILOT_TO_PILOT,1,180,135,2,3,SMLtb,BtwSaki,31.039370084478573,123.31122602638375,92.07999737315282,12.0,36.07537287728592,786.0348387512583
181,Shanghai NorthCh - Nagoya,SEA,PILOT_TO_PILOT,1,181,136,2,3,SMLtb,BtwSaki,31.039233432061003,123.31510993436906,92.07999737315282,12.0,36.275343057886765,785.8348685706575
182,Shanghai NorthCh - Nagoya,SEA,PILOT_TO_PILOT,1,182,137,2,3,SMLtb,BtwSaki,31.03909666332872,123.31899383120052,92.07999737315282,12.0,36.475313238487615,785.6348983900566
183,Shanghai NorthCh - Nagoya,SEA,PILOT_TO_PILOT,1,183,138,2,3,SMLtb,BtwSaki,31.038959778282695,123.32287771686875,92.07999737315282,12.0,36.67528341908846,785.4349282094557
184,Shanghai NorthCh - Nagoya,SEA,PILOT_TO_PILOT,1,184,139,2,3,SMLtb,BtwSaki,31.03882277692389,123.3267615913643,92.07999737315282,12.0,36.87525359968931,785.2349580288549
185,Shanghai NorthCh - Nagoya,SEA,PILOT_TO_PILOT,1,185,140,2,3,SMLtb,BtwSaki,31.038685659253265,123.33064545467782,92.07999737315282,12.0,37.07522378029016,785.0349878482541
186,Shanghai NorthCh - Nagoya,SEA,PILOT_TO_PILOT,1,186,141,2,3,SMLtb,BtwSaki,31.03854842527178,123.3345293067999,92.07999737315282,12.0,37.275193960891,784.8350176676532
187,Shanghai NorthCh - Nagoya,SEA,PILOT_TO_PILOT,1,187,142,2,3,SMLtb,BtwSaki,31.03841107498041,123.33841314772117,92.07999737315282,12.0,37.47516414149185,784.6350474870524
188,Shanghai NorthCh - Nagoya,SEA,PILOT_TO_PILOT,1,188,143,2,3,SMLtb,BtwSaki,31.038273608380127,123.34229697743217,92.07999737315282,12.0,37.675134322092696,784.4350773064515
189,Shanghai NorthCh - Nagoya,SEA,PILOT_TO_PILOT,1,189,144,2,3,SMLtb,BtwSaki,31.038136025471886,123.34618079592354,92.07999737315282,12.0,37.875104502693546,784.2351071258506
190,Shanghai NorthCh - Nagoya,SEA,PILOT_TO_PILOT,1,190,145,2,3,SMLtb,BtwSaki,31.037998326256655,123.35006460318593,92.07999737315282,12.0,38.075074683294396,784.0351369452499
191,Shanghai NorthCh - Nagoya,SEA,PILOT_TO_PILOT,1,191,146,2,3,SMLtb,BtwSaki,31.037860510735406,123.35394839920987,92.07999737315282,12.0,38.27504486389524,783.835166764649
192,Shanghai NorthCh - Nagoya,SEA,PILOT_TO_PILOT,1,192,147,2,3,SMLtb,BtwSaki,31.037722578909122,123.35783218398599,92.07999737315282,12.0,38.47501504449609,783.6351965840481
193,Shanghai NorthCh - Nagoya,SEA,PILOT_TO_PILOT,1,193,148,2,3,SMLtb,BtwSaki,31.037584530778748,123.36171595750491,92.07999737315282,12.0,38.67498522509693,783.4352264034472
194,Shanghai NorthCh - Nagoya,SEA,PILOT_TO_PILOT,1,194,149,2,3,SMLtb,BtwSaki,31.037446366345282,123.36559971975724,92.07999737315282,12.0,38.87495540569778,783.2352562228465
195,Shanghai NorthCh - Nagoya,SEA,PILOT_TO_PILOT,1,195,150,2,3,SMLtb,BtwSaki,31.03730808560968,123.36948347073357,92.07999737315282,12.0,39.07492558629863,783.0352860422456
196,Shanghai NorthCh - Nagoya,SEA,PILOT_TO_PILOT,1,196,151,2,3,SMLtb,BtwSaki,31.037169688572924,123.37336721042452,92.07999737315282,12.0,39.274895766899476,782.8353158616447
197,Shanghai NorthCh - Nagoya,SEA,PILOT_TO_PILOT,1,197,152,2,3,SMLtb,BtwSaki,31.03703117523598,123.3772509388207,92.07999737315282,12.0,39.47486594750033,782.6353456810439
198,Shanghai NorthCh - Nagoya,SEA,PILOT_TO_PILOT,1,198,153,2,3,SMLtb,BtwSaki,31.036892545599834,123.38113465591267,92.07999737315282,12.0,39.67483612810117,782.435375500443
199,Shanghai NorthCh - Nagoya,SEA,PILOT_TO_PILOT,1,199,154,2,3,SMLtb,BtwSaki,31.03675379966544,123.38501836169111,92.07999737315282,12.0,39.87480630870202,782.2354053198422
200,Shanghai NorthCh - Nagoya,SEA,PILOT_TO_PILOT,1,200,155,2,3,SMLtb,BtwSaki,31.036614937433797,123.38890205614658,92.07999737315282,12.0,40.07477648930287,782.0354351392414
201,Shanghai NorthCh - Nagoya,SEA,PILOT_TO_PILOT,1,201,156,2,3,SMLtb,BtwSaki,31.036475958905864,123.39278573926971,92.07999737315282,12.0,40.27474666990371,781.8354649586405
202,Shanghai NorthCh - Nagoya,SEA,PILOT_TO_PILOT,1,202,157,2,3,SMLtb,BtwSaki,31.036336864082646,123.39666941105109,92.07999737315282,12.0,40.474716850504564,781.6354947780396
203,Shanghai NorthCh - Nagoya,SEA,PILOT_TO_PILOT,1,203,158,2,3,SMLtb,BtwSaki,31.036197652965093,123.40055307148134,92.07999737315282,12.0,40.674687031105414,781.4355245974388
204,Shanghai NorthCh - Nagoya,SEA,PILOT_TO_PILOT,1,204,159,2,3,SMLtb,BtwSaki,31.036058325554194,123.40443672055106,92.07999737315282,12.0,40.87465721170626,781.235554416838
205,Shanghai NorthCh - Nagoya,SEA,PILOT_TO_PILOT,1,205,160,2,3,SMLtb,BtwSaki,31.035918881850936,123.40832035825089,92.07999737315282,12.0,41.07462739230711,781.0355842362371
206,Shanghai NorthCh - Nagoya,SEA,PILOT_TO_PILOT,1,206,161,2,3,SMLtb,BtwSaki,31.035779321856293,123.41220398457138,92.07999737315282,12.0,41.27459757290795,780.8356140556363
207,Shanghai NorthCh - Nagoya,SEA,PILOT_TO_PILOT,1,207,162,2,3,SMLtb,BtwSaki,31.03563964557126,123.41608759950321,92.07999737315282,12.0,41.4745677535088,780.6356438750354
208,Shanghai NorthCh - Nagoya,SEA,PILOT_TO_PILOT,1,208,163,2,3,SMLtb,BtwSaki,31.0354998529968,123.41997120303697,92.07999737315282,12.0,41.674537934109644,780.4356736944346
209,Shanghai NorthCh - Nagoya,SEA,PILOT_TO_PILOT,1,209,164,2,3,SMLtb,BtwSaki,31.03535994413391,123.42385479516322,92.07999737315282,12.0,41.874508114710494,780.2357035138338
210,Shanghai NorthCh - Nagoya,SEA,PILOT_TO_PILOT,1,210,165,2,3,SMLtb,BtwSaki,31.035219918983564,123.42773837587262,92.07999737315282,12.0,42.074478295311344,780.0357333332329
211,Shanghai NorthCh - Nagoya,SEA,PILOT_TO_PILOT,1,211,166,2,3,SMLtb,BtwSaki,31.035079777546766,123.4316219451558,92.07999737315282,12.0,42.27444847591219,779.835763152632
212,Shanghai NorthCh - Nagoya,SEA,PILOT_TO_PILOT,1,212,167,2,3,SMLtb,BtwSaki,31.034939519824487,123.43550550300331,92.07999737315282,12.0,42.47441865651304,779.6357929720311
213,Shanghai NorthCh - Nagoya,SEA,PILOT_TO_PILOT,1,213,168,2,3,SMLtb,BtwSaki,31.03479914581771,123.43938904940583,92.07999737315282,12.0,42.67438883711388,779.4358227914304
214,Shanghai NorthCh - Nagoya,SEA,PILOT_TO_PILOT,1,214,169,2,3,SMLtb,BtwSaki,31.03465865552744,123.44327258435392,92.07999737315282,12.0,42.87435901771473,779.2358526108295
215,Shanghai NorthCh - Nagoya,SEA,PILOT_TO_PILOT,1,215,170,2,3,SMLtb,BtwSaki,31.034518048954645,123.44715610783818,92.07999737315282,12.0,43.07432919831558,779.0358824302286
216,Shanghai NorthCh - Nagoya,SEA,PILOT_TO_PILOT,1,216,171,2,3,SMLtb,BtwSaki,31.034377326100334,123.45103961984931,92.07999737315282,12.0,43.274299378916425,778.8359122496278
217,Shanghai NorthCh - Nagoya,SEA,PILOT_TO_PILOT,1,217,172,2,3,SMLtb,BtwSaki,31.03423648696549,123.45492312037781,92.07999737315282,12.0,43.474269559517275,778.6359420690269
218,Shanghai NorthCh - Nagoya,SEA,PILOT_TO_PILOT,1,218,173,2,3,SMLtb,BtwSaki,31.034095531551092,123.4588066094144,92.07999737315282,12.0,43.67423974011812,778.4359718884261
219,Shanghai NorthCh - Nagoya,SEA,PILOT_TO_PILOT,1,219,174,2,3,SMLtb,BtwSaki,31.033954459858148,123.46269008694962,92.07999737315282,12.0,43.87420992071897,778.2360017078253
220,Shanghai NorthCh - Nagoya,SEA,PILOT_TO_PILOT,1,220,175,2,3,SMLtb,BtwSaki,31.03381327188765,123.46657355297413,92.07999737315282,12.0,44.07418010131982,778.0360315272244
221,Shanghai NorthCh - Nagoya,SEA,PILOT_TO_PILOT,1,221,176,2,3,SMLtb,BtwSaki,31.03367196764058,123.4704570074785,92.07999737315282,12.0,44.27415028192066,777.8360613466235
222,Shanghai NorthCh - Nagoya,SEA,PILOT_TO_PILOT,1,222,177,2,3,SMLtb,BtwSaki,31.033530547117934,123.47434045045337,92.07999737315282,12.0,44.47412046252151,777.6360911660227
223,Shanghai NorthCh - Nagoya,SEA,PILOT_TO_PILOT,1,223,178,2,3,SMLtb,BtwSaki,31.033389010320715,123.47822388188939,92.07999737315282,12.0,44.674090643122355,777.4361209854219
224,Shanghai NorthCh - Nagoya,SEA,PILOT_TO_PILOT,1,224,179,2,3,SMLtb,BtwSaki,31.03324735724992,123.48210730177712,92.07999737315282,12.0,44.874060823723205,777.236150804821
225,Shanghai NorthCh - Nagoya,SEA,PILOT_TO_PILOT,1,225,180,2,3,SMLtb,BtwSaki,31.033105587906537,123.48599071010717,92.07999737315282,12.0,45.074031004324056,777.0361806242202
226,Shanghai NorthCh - Nagoya,SEA,PILOT_TO_PILOT,1,226,181,2,3,SMLtb,BtwSaki,31.032963702291564,123.48987410687022,92.07999737315282,12.0,45.2740011849249,776.8362104436193
227,Shanghai NorthCh - Nagoya,SEA,PILOT_TO_PILOT,1,227,182,2,3,SMLtb,BtwSaki,31.032821700406004,123.49375749205684,92.07999737315282,12.0,45.47397136552575,776.6362402630185
228,Shanghai NorthCh - Nagoya,SEA,PILOT_TO_PILOT,1,228,183,2,3,SMLtb,BtwSaki,31.032679582250857,123.49764086565766,92.07999737315282,12.0,45.6739415461266,776.4362700824176
229,Shanghai NorthCh - Nagoya,SEA,PILOT_TO_PILOT,1,229,184,2,3,SMLtb,BtwSaki,31.032537347827123,123.50152422766328,92.07999737315282,12.0,45.87391172672744,776.2362999018168
230,Shanghai NorthCh - Nagoya,SEA,PILOT_TO_PILOT,1,230,185,2,3,SMLtb,BtwSaki,31.032394997135796,123.50540757806432,92.07999737315282,12.0,46.07388190732829,776.0363297212159
231,Shanghai NorthCh - Nagoya,SEA,PILOT_TO_PILOT,1,231,186,2,3,SMLtb,BtwSaki,31.03225253017788,123.50929091685144,92.07999737315282,12.0,46.273852087929136,775.836359540615
232,Shanghai NorthCh - Nagoya,SEA,PILOT_TO_PILOT,1,232,187,2,3,SMLtb,BtwSaki,31.032109946954378,123.51317424401522,92.07999737315282,12.0,46.473822268529986,775.6363893600143
233,Shanghai NorthCh - Nagoya,SEA,PILOT_TO_PILOT,1,233,188,2,3,SMLtb,BtwSaki,31.0319672474663,123.51705755954627,92.07999737315282,12.0,46.673792449130836,775.4364191794134
234,Shanghai NorthCh - Nagoya,SEA,PILOT_TO_PILOT,1,234,189,2,3,SMLtb,BtwSaki,31.03182443171464,123.52094086343523,92.07999737315282,12.0,46.87376262973168,775.2364489988125
235,Shanghai NorthCh - Nagoya,SEA,PILOT_TO_PILOT,1,235,190,2,3,SMLtb,BtwSaki,31.031681499700415,123.52482415567272,92.07999737315282,12.0,47.07373281033253,775.0364788182117
236,Shanghai NorthCh - Nagoya,SEA,PILOT_TO_PILOT,1,236,191,2,3,SMLtb,BtwSaki,31.031538451424616,123.52870743624936,92.07999737315282,12.0,47.27370299093337,774.8365086376109
237,Shanghai NorthCh - Nagoya,SEA,PILOT_TO_PILOT,1,237,192,2,3,SMLtb,BtwSaki,31.03139528688825,123.53259070515578,92.07999737315282,12.0,47.47367317153422,774.63653845701
238,Shanghai NorthCh - Nagoya,SEA,PILOT_TO_PILOT,1,238,193,2,3,SMLtb,BtwSaki,31.031252006092338,123.53647396238256,92.07999737315282,12.0,47.67364335213507,774.4365682764092
239,Shanghai NorthCh - Nagoya,SEA,PILOT_TO_PILOT,1,239,194,2,3,SMLtb,BtwSaki,31.03110860903788,123.54035720792032,92.07999737315282,12.0,47.87361353273592,774.2365980958083
240,Shanghai NorthCh - Nagoya,SEA,PILOT_TO_PILOT,1,240,195,2,3,SMLtb,BtwSaki,31.030965095725875,123.54424044175975,92.07999737315282,12.0,48.07358371333677,774.0366279152074
241,Shanghai NorthCh - Nagoya,SEA,PILOT_TO_PILOT,1,241,196,2,3,SMLtb,BtwSaki,31.030821466157352,123.5481236638914,92.07999737315282,12.0,48.27355389393761,773.8366577346067
242,Shanghai NorthCh - Nagoya,SEA,PILOT_TO_PILOT,1,242,197,2,3,SMLtb,BtwSaki,31.030677720333312,123.55200687430595,92.07999737315282,12.0,48.47352407453846,773.6366875540058
243,Shanghai NorthCh - Nagoya,SEA,PILOT_TO_PILOT,1,243,198,2,3,SMLtb,BtwSaki,31.030533858254753,123.55589007299396,92.07999737315282,12.0,48.67349425513931,773.4367173734049
244,Shanghai NorthCh - Nagoya,SEA,PILOT_TO_PILOT,1,244,199,2,3,SMLtb,BtwSaki,31.030389879922712,123.55977325994608,92.07999737315282,12.0,48.87346443574015,773.236747192804
245,Shanghai NorthCh - Nagoya,SEA,PILOT_TO_PILOT,1,245,200,2,3,SMLtb,BtwSaki,31.03024578533819,123.56365643515296,92.07999737315282,12.0,49.073434616341004,773.0367770122032
246,Shanghai NorthCh - Nagoya,SEA,PILOT_TO_PILOT,1,246,201,2,3,SMLtb,BtwSaki,31.030101574502194,123.56753959860518,92.07999737315282,12.0,49.27340479694185,772.8368068316024
247,Shanghai NorthCh - Nagoya,SEA,PILOT_TO_PILOT,1,247,202,2,3,SMLtb,BtwSaki,31.029957247415755,123.57142275029341,92.07999737315282,12.0,49.4733749775427,772.6368366510015
248,Shanghai NorthCh - Nagoya,SEA,PILOT_TO_PILOT,1,248,203,2,3,SMLtb,BtwSaki,31.029812804079864,123.5753058902082,92.07999737315282,12.0,49.67334515814355,772.4368664704007
249,Shanghai NorthCh - Nagoya,SEA,PILOT_TO_PILOT,1,249,204,2,3,SMLtb,BtwSaki,31.029668244495564,123.57918901834024,92.07999737315282,12.0,49.87331533874439,772.2368962897998
250,Shanghai NorthCh - Nagoya,SEA,PILOT_TO_PILOT,1,250,205,2,3,SMLtb,BtwSaki,31.02952356866385,123.58307213468014,92.07999737315282,12.0,50.07328551934524,772.0369261091989
251,Shanghai NorthCh - Nagoya,SEA,PILOT_TO_PILOT,1,251,206,2,3,SMLtb,BtwSaki,31.02937877658575,123.58695523921851,92.07999737315282,12.0,50.27325569994609,771.8369559285982
252,Shanghai NorthCh - Nagoya,SEA,PILOT_TO_PILOT,1,252,207,2,3,SMLtb,BtwSaki,31.02923386826229,123.59083833194597,92.07999737315282,12.0,50.473225880546934,771.6369857479973
253,Shanghai NorthCh - Nagoya,SEA,PILOT_TO_PILOT,1,253,208,2,3,SMLtb,BtwSaki,31.029088843694467,123.59472141285319,92.07999737315282,12.0,50.673196061147785,771.4370155673964
254,Shanghai NorthCh - Nagoya,SEA,PILOT_TO_PILOT,1,254,209,2,3,SMLtb,BtwSaki,31.02894370288333,123.59860448193075,92.07999737315282,12.0,50.87316624174863,771.2370453867956
255,Shanghai NorthCh - Nagoya,SEA,PILOT_TO_PILOT,1,255,210,2,3,SMLtb,BtwSaki,31.028798445829867,123.60248753916926,92.07999737315282,12.0,51.07313642234948,771.0370752061947
256,Shanghai NorthCh - Nagoya,SEA,PILOT_TO_PILOT,1,256,211,2,3,SMLtb,BtwSaki,31.02865307253513,123.6063705845594,92.07999737315282,12.0,51.27310660295033,770.8371050255939
257,Shanghai NorthCh - Nagoya,SEA,PILOT_TO_PILOT,1,257,212,2,3,SMLtb,BtwSaki,31.028507583000117,123.61025361809178,92.07999737315282,12.0,51.47307678355117,770.637134844993
258,Shanghai NorthCh - Nagoya,SEA,PILOT_TO_PILOT,1,258,213,2,3,SMLtb,BtwSaki,31.02836197722587,123.614136639757,92.07999737315282,12.0,51.67304696415202,770.4371646643922
259,Shanghai NorthCh - Nagoya,SEA,PILOT_TO_PILOT,1,259,214,2,3,SMLtb,BtwSaki,31.028216255213405,123.61801964954573,92.07999737315282,12.0,51.873017144752865,770.2371944837913
260,Shanghai NorthCh - Nagoya,SEA,PILOT_TO_PILOT,1,260,215,2,3,SMLtb,BtwSaki,31.028070416963754,123.62190264744855,92.07999737315282,12.0,52.072987325353715,770.0372243031906
261,Shanghai NorthCh - Nagoya,SEA,PILOT_TO_PILOT,1,261,216,2,3,SMLtb,BtwSaki,31.027924462477923,123.6257856334561,92.07999737315282,12.0,52.272957505954565,769.8372541225897
262,Shanghai NorthCh - Nagoya,SEA,PILOT_TO_PILOT,1,262,217,2,3,SMLtb,BtwSaki,31.027778391756964,123.62966860755905,92.07999737315282,12.0,52.47292768655541,769.6372839419888
263,Shanghai NorthCh - Nagoya,SEA,PILOT_TO_PILOT,1,263,218,2,3,SMLtb,BtwSaki,31.027632204801886,123.633551569748,92.07999737315282,12.0,52.67289786715626,769.4373137613879
264,Shanghai NorthCh - Nagoya,SEA,PILOT_TO_PILOT,1,264,219,2,3,SMLtb,BtwSaki,31.027485901613737,123.63743452001354,92.07999737315282,12.0,52.8728680477571,769.2373435807871
265,Shanghai NorthCh - Nagoya,SEA,PILOT_TO_PILOT,1,265,220,2,3,SMLtb,BtwSaki,31.027339482193522,123.64131745834636,92.07999737315282,12.0,53.07283822835795,769.0373734001863
266,Shanghai NorthCh - Nagoya,SEA,PILOT_TO_PILOT,1,266,221,2,3,SMLtb,BtwSaki,31.027192946542286,123.64520038473707,92.07999737315282,12.0,53.2728084089588,768.8374032195854
267,Shanghai NorthCh - Nagoya,SEA,PILOT_TO_PILOT,1,267,222,2,3,SMLtb,BtwSaki,31.027046294661055,123.64908329917628,92.07999737315282,12.0,53.472778589559645,768.6374330389846
268,Shanghai NorthCh - Nagoya,SEA,PILOT_TO_PILOT,1,268,223,2,3,SMLtb,BtwSaki,31.026899526550867,123.65296620165464,92.07999737315282,12.0,53.672748770160496,768.4374628583837
269,Shanghai NorthCh - Nagoya,SEA,PILOT_TO_PILOT,1,269,224,2,3,SMLtb,BtwSaki,31.02675264221273,123.65684909216279,92.07999737315282,12.0,53.87271895076134,768.2374926777829
270,Shanghai NorthCh - Nagoya,SEA,PILOT_TO_PILOT,1,270,225,2,3,SMLtb,BtwSaki,31.026605641647706,123.66073197069133,92.07999737315282,12.0,54.07268913136219,768.0375224971821
271,Shanghai NorthCh - Nagoya,SEA,PILOT_TO_PILOT,1,271,226,2,3,SMLtb,BtwSaki,31.026458524856825,123.66461483723091,92.07999737315282,12.0,54.27265931196304,767.8375523165812
272,Shanghai NorthCh - Nagoya,SEA,PILOT_TO_PILOT,1,272,227,2,3,SMLtb,BtwSaki,31.02631129184111,123.66849769177217,92.07999737315282,12.0,54.47262949256388,767.6375821359803
273,Shanghai NorthCh - Nagoya,SEA,PILOT_TO_PILOT,1,273,228,2,3,SMLtb,BtwSaki,31.02616394260159,123.67238053430572,92.07999737315282,12.0,54.67259967316473,767.4376119553795
274,Shanghai NorthCh - Nagoya,SEA,PILOT_TO_PILOT,1,274,229,2,3,SMLtb,BtwSaki,31.026016477139326,123.67626336482222,92.07999737315282,12.0,54.87256985376558,767.2376417747787
275,Shanghai NorthCh - Nagoya,SEA,PILOT_TO_PILOT,1,275,230,2,3,SMLtb,BtwSaki,31.02586889545534,123.68014618331227,92.07999737315282,12.0,55.072540034366426,767.0376715941778
276,Shanghai NorthCh - Nagoya,SEA,PILOT_TO_PILOT,1,276,231,2,3,SMLtb,BtwSaki,31.02572119755067,123.68402898976649,92.07999737315282,12.0,55.27251021496728,766.837701413577
277,Shanghai NorthCh - Nagoya,SEA,PILOT_TO_PILOT,1,277,232,2,3,SMLtb,BtwSaki,31.025573383426348,123.6879117841756,92.07999737315282,12.0,55.47248039556812,766.6377312329761
278,Shanghai NorthCh - Nagoya,SEA,PILOT_TO_PILOT,1,278,233,2,3,SMLtb,BtwSaki,31.02542545308343,123.69179456653015,92.07999737315282,12.0,55.67245057616897,766.4377610523752
279,Shanghai NorthCh - Nagoya,SEA,PILOT_TO_PILOT,1,279,234,2,3,SMLtb,BtwSaki,31.025277406522946,123.6956773368208,92.07999737315282,12.0,55.87242075676982,766.2377908717745
280,Shanghai NorthCh - Nagoya,SEA,PILOT_TO_PILOT,1,280,235,2,3,SMLtb,BtwSaki,31.02512924374594,123.69956009503818,92.07999737315282,12.0,56.07239093737066,766.0378206911736
281,Shanghai NorthCh - Nagoya,SEA,PILOT_TO_PILOT,1,281,236,2,3,SMLtb,BtwSaki,31.024980964753453,123.70344284117294,92.07999737315282,12.0,56.27236111797151,765.8378505105727
282,Shanghai NorthCh - Nagoya,SEA,PILOT_TO_PILOT,1,282,237,2,3,SMLtb,BtwSaki,31.024832569546522,123.70732557521568,92.07999737315282,12.0,56.47233129857236,765.6378803299718
283,Shanghai NorthCh - Nagoya,SEA,PILOT_TO_PILOT,1,283,238,2,3,SMLtb,BtwSaki,31.0246840581262,123.71120829715707,92.07999737315282,12.0,56.67230147917321,765.437910149371
284,Shanghai NorthCh - Nagoya,SEA,PILOT_TO_PILOT,1,284,239,2,3,SMLtb,BtwSaki,31.024535430493525,123.71509100698775,92.07999737315282,12.0,56.87227165977406,765.2379399687702
285,Shanghai NorthCh - Nagoya,SEA,PILOT_TO_PILOT,1,285,240,2,3,SMLtb,BtwSaki,31.02438668664955,123.71897370469833,92.07999737315282,12.0,57.0722418403749,765.0379697881693
286,Shanghai NorthCh - Nagoya,SEA,PILOT_TO_PILOT,1,286,241,2,3,SMLtb,BtwSaki,31.024237826595314,123.72285639027943,92.07999737315282,12.0,57.27221202097575,764.8379996075685
287,Shanghai NorthCh - Nagoya,SEA,PILOT_TO_PILOT,1,287,242,2,3,SMLtb,BtwSaki,31.02408885033187,123.72673906372177,92.07999737315282,12.0,57.472182201576594,764.6380294269676
288,Shanghai NorthCh - Nagoya,SEA,PILOT_TO_PILOT,1,288,243,2,3,SMLtb,BtwSaki,31.023939757860255,123.7306217250159,92.07999737315282,12.0,57.672152382177444,764.4380592463667
289,Shanghai NorthCh - Nagoya,SEA,PILOT_TO_PILOT,1,289,244,2,3,SMLtb,BtwSaki,31.02379054918152,123.73450437415248,92.07999737315282,12.0,57.872122562778294,764.238089065766
290,Shanghai NorthCh - Nagoya,SEA,PILOT_TO_PILOT,1,290,245,2,3,SMLtb,BtwSaki,31.02364122429672,123.73838701112214,92.07999737315282,12.0,58.07209274337914,764.0381188851651
291,Shanghai NorthCh - Nagoya,SEA,PILOT_TO_PILOT,1,291,246,2,3,SMLtb,BtwSaki,31.023491783206907,123.74226963591555,92.07999737315282,12.0,58.27206292397999,763.8381487045642
292,Shanghai NorthCh - Nagoya,SEA,PILOT_TO_PILOT,1,292,247,2,3,SMLtb,BtwSaki,31.02334222591312,123.74615224852334,92.07999737315282,12.0,58.47203310458084,763.6381785239633
293,Shanghai NorthCh - Nagoya,SEA,PILOT_TO_PILOT,1,293,248,2,3,SMLtb,BtwSaki,31.023192552416425,123.75003484893614,92.07999737315282,12.0,58.67200328518168,763.4382083433626
294,Shanghai NorthCh - Nagoya,SEA,PILOT_TO_PILOT,1,294,249,2,3,SMLtb,BtwSaki,31.023042762717868,123.75391743714458,92.07999737315282,12.0,58.87197346578253,763.2382381627617
295,Shanghai NorthCh - Nagoya,SEA,PILOT_TO_PILOT,1,295,250,2,3,SMLtb,BtwSaki,31.0228928568185,123.75780001313932,92.07999737315282,12.0,59.071943646383374,763.0382679821608
296,Shanghai NorthCh - Nagoya,SEA,PILOT_TO_PILOT,1,296,251,2,3,SMLtb,BtwSaki,31.022742834719363,123.76168257691099,92.07999737315282,12.0,59.271913826984225,762.83829780156
297,Shanghai NorthCh - Nagoya,SEA,PILOT_TO_PILOT,1,297,252,2,3,SMLtb,BtwSaki,31.022592696421547,123.76556512845019,92.07999737315282,12.0,59.471884007585075,762.6383276209591
298,Shanghai NorthCh - Nagoya,SEA,PILOT_TO_PILOT,1,298,253,2,3,SMLtb,BtwSaki,31.02244244192608,123.76944766774764,92.07999737315282,12.0,59.67185418818592,762.4383574403583
299,Shanghai NorthCh - Nagoya,SEA,PILOT_TO_PILOT,1,299,254,2,3,SMLtb,BtwSaki,31.02229207123402,123.77333019479391,92.07999737315282,12.0,59.87182436878677,762.2383872597575
300,Shanghai NorthCh - Nagoya,SEA,PILOT_TO_PILOT,1,300,255,2,3,SMLtb,BtwSaki,31.022141584346425,123.77721270957969,92.07999737315282,12.0,60.07179454938761,762.0384170791566
301,Shanghai NorthCh - Nagoya,SEA,PILOT_TO_PILOT,1,301,256,2,3,SMLtb,BtwSaki,31.021990981264366,123.78109521209561,92.07999737315282,12.0,60.27176472998846,761.8384468985557
302,Shanghai NorthCh - Nagoya,SEA,PILOT_TO_PILOT,1,302,257,2,3,SMLtb,BtwSaki,31.02184026198889,123.78497770233227,92.07999737315282,12.0,60.47173491058931,761.6384767179549
303,Shanghai NorthCh - Nagoya,SEA,PILOT_TO_PILOT,1,303,258,2,3,SMLtb,BtwSaki,31.021689426521057,123.78886018028038,92.07999737315282,12.0,60.671705091190155,761.4385065373541
304,Shanghai NorthCh - Nagoya,SEA,PILOT_TO_PILOT,1,304,259,2,3,SMLtb,BtwSaki,31.021538474861934,123.79274264593055,92.07999737315282,12.0,60.871675271791005,761.2385363567532
305,Shanghai NorthCh - Nagoya,SEA,PILOT_TO_PILOT,1,305,260,2,3,SMLtb,BtwSaki,31.021387407012572,123.79662509927338,92.07999737315282,12.0,61.07164545239185,761.0385661761524
306,Shanghai NorthCh - Nagoya,SEA,PILOT_TO_PILOT,1,306,261,2,3,SMLtb,BtwSaki,31.02123622297405,123.80050754029958,92.07999737315282,12.0,61.2716156329927,760.8385959955515
307,Shanghai NorthCh - Nagoya,SEA,PILOT_TO_PILOT,1,307,262,2,3,SMLtb,BtwSaki,31.021084922747413,123.80438996899976,92.07999737315282,12.0,61.47158581359355,760.6386258149507
308,Shanghai NorthCh - Nagoya,SEA,PILOT_TO_PILOT,1,308,263,2,3,SMLtb,BtwSaki,31.02093350633373,123.80827238536457,92.07999737315282,12.0,61.67155599419439,760.4386556343499
309,Shanghai NorthCh - Nagoya,SEA,PILOT_TO_PILOT,1,309,264,2,3,SMLtb,BtwSaki,31.020781973734067,123.81215478938466,92.07999737315282,12.0,61.87152617479524,760.238685453749
310,Shanghai NorthCh - Nagoya,SEA,PILOT_TO_PILOT,1,310,265,2,3,SMLtb,BtwSaki,31.0206303249495,123.81603718105067,92.07999737315282,12.0,62.071496355396086,760.0387152731481
311,Shanghai NorthCh - Nagoya,SEA,PILOT_TO_PILOT,1,311,266,2,3,SMLtb,BtwSaki,31.020478559981083,123.81991956035324,92.07999737315282,12.0,62.271466535996936,759.8387450925472
312,Shanghai NorthCh - Nagoya,SEA,PILOT_TO_PILOT,1,312,267,2,3,SMLtb,BtwSaki,31.02032667882987,123.82380192728303,92.07999737315282,12.0,62.471436716597786,759.6387749119465
313,Shanghai NorthCh - Nagoya,SEA,PILOT_TO_PILOT,1,313,268,2,3,SMLtb,BtwSaki,31.020174681496954,123.82768428183067,92.07999737315282,12.0,62.67140689719863,759.4388047313456
314,Shanghai NorthCh - Nagoya,SEA,PILOT_TO_PILOT,1,314,269,2,3,SMLtb,BtwSaki,31.0200225679834,123.8315666239868,92.07999737315282,12.0,62.87137707779948,759.2388345507447
315,Shanghai NorthCh - Nagoya,SEA,PILOT_TO_PILOT,1,315,270,2,3,SMLtb,BtwSaki,31.019870338290264,123.83544895374209,92.07999737315282,12.0,63.07134725840033,759.0388643701439
316,Shanghai NorthCh - Nagoya,SEA,PILOT_TO_PILOT,1,316,271,2,3,SMLtb,BtwSaki,31.019717992418627,123.83933127108718,92.07999737315282,12.0,63.27131743900117,758.838894189543
317,Shanghai NorthCh - Nagoya,SEA,PILOT_TO_PILOT,1,317,272,2,3,SMLtb,BtwSaki,31.019565530369555,123.84321357601269,92.07999737315282,12.0,63.47128761960202,758.6389240089422
318,Shanghai NorthCh - Nagoya,SEA,PILOT_TO_PILOT,1,318,273,2,3,SMLtb,BtwSaki,31.01941295214412,123.8470958685093,92.07999737315282,12.0,63.671257800202866,758.4389538283414
319,Shanghai NorthCh - Nagoya,SEA,PILOT_TO_PILOT,1,319,274,2,3,SMLtb,BtwSaki,31.01926025774339,123.85097814856766,92.07999737315282,12.0,63.87122798080372,758.2389836477405
320,Shanghai NorthCh - Nagoya,SEA,PILOT_TO_PILOT,1,320,275,2,3,SMLtb,BtwSaki,31.01910744716844,123.85486041617837,92.07999737315282,12.0,64.07119816140457,758.0390134671396
321,Shanghai NorthCh - Nagoya,SEA,PILOT_TO_PILOT,1,321,276,2,3,SMLtb,BtwSaki,31.018954520420355,123.85874267133214,92.07999737315282,12.0,64.27116834200541,757.8390432865388
322,Shanghai NorthCh - Nagoya,SEA,PILOT_TO_PILOT,1,322,277,2,3,SMLtb,BtwSaki,31.018801477500208,123.86262491401959,92.07999737315282,12.0,64.47113852260627,757.639073105938
323,Shanghai NorthCh - Nagoya,SEA,PILOT_TO_PILOT,1,323,278,2,3,SMLtb,BtwSaki,31.018648318409063,123.86650714423135,92.07999737315282,12.0,64.67110870320711,757.4391029253371
324,Shanghai NorthCh - Nagoya,SEA,PILOT_TO_PILOT,1,324,279,2,3,SMLtb,BtwSaki,31.018495043148004,123.8703893619581,92.07999737315282,12.0,64.87107888380795,757.2391327447363
325,Shanghai NorthCh - Nagoya,SEA,PILOT_TO_PILOT,1,325,280,2,3,SMLtb,BtwSaki,31.01834165171811,123.87427156719048,92.07999737315282,12.0,65.07104906440881,757.0391625641354
326,Shanghai NorthCh - Nagoya,SEA,PILOT_TO_PILOT,1,326,281,2,3,SMLtb,BtwSaki,31.018188144120458,123.87815375991914,92.07999737315282,12.0,65.27101924500965,756.8391923835345
327,Shanghai NorthCh - Nagoya,SEA,PILOT_TO_PILOT,1,327,282,2,3,SMLtb,BtwSaki,31.01803452035612,123.88203594013473,92.07999737315282,12.0,65.4709894256105,756.6392222029338
328,Shanghai NorthCh - Nagoya,SEA,PILOT_TO_PILOT,1,328,283,2,3,SMLtb,BtwSaki,31.017880780426186,123.88591810782789,92.07999737315282,12.0,65.67095960621134,756.4392520223329
329,Shanghai NorthCh - Nagoya,SEA,PILOT_TO_PILOT,1,329,284,2,3,SMLtb,BtwSaki,31.017726924331733,123.88980026298931,92.07999737315282,12.0,65.8709297868122,756.239281841732
330,Shanghai NorthCh - Nagoya,SEA,PILOT_TO_PILOT,1,330,285,2,3,SMLtb,BtwSaki,31.017572952073838,123.89368240560958,92.07999737315282,12.0,66.07089996741304,756.0393116611311
331,Shanghai NorthCh - Nagoya,SEA,PILOT_TO_PILOT,1,331,286,2,3,SMLtb,BtwSaki,31.017418863653592,123.8975645356794,92.07999737315282,12.0,66.27087014801388,755.8393414805304
332,Shanghai NorthCh - Nagoya,SEA,PILOT_TO_PILOT,1,332,287,2,3,SMLtb,BtwSaki,31.017264659072072,123.90144665318941,92.07999737315282,12.0,66.47084032861474,755.6393712999295
333,Shanghai NorthCh - Nagoya,SEA,PILOT_TO_PILOT,1,333,288,2,3,SMLtb,BtwSaki,31.01711033833036,123.90532875813025,92.07999737315282,12.0,66.67081050921558,755.4394011193286
334,Shanghai NorthCh - Nagoya,SEA,PILOT_TO_PILOT,1,334,289,2,3,SMLtb,BtwSaki,31.016955901429544,123.9092108504926,92.07999737315282,12.0,66.87078068981643,755.2394309387278
335,Shanghai NorthCh - Nagoya,SEA,PILOT_TO_PILOT,1,335,290,2,3,SMLtb,BtwSaki,31.016801348370723,123.91309293026707,92.07999737315282,12.0,67.07075087041729,755.0394607581269
336,Shanghai NorthCh - Nagoya,SEA,PILOT_TO_PILOT,1,336,291,2,3,SMLtb,BtwSaki,31.016646679154952,123.91697499744436,92.07999737315282,12.0,67.27072105101813,754.8394905775261
337,Shanghai NorthCh - Nagoya,SEA,PILOT_TO_PILOT,1,337,292,2,3,SMLtb,BtwSaki,31.016491893783343,123.92085705201508,92.07999737315282,12.0,67.47069123161897,754.6395203969253
338,Shanghai NorthCh - Nagoya,SEA,PILOT_TO_PILOT,1,338,293,2,3,SMLtb,BtwSaki,31.016336992256978,123.92473909396993,92.07999737315282,12.0,67.67066141221983,754.4395502163244
339,Shanghai NorthCh - Nagoya,SEA,PILOT_TO_PILOT,1,339,294,2,3,SMLtb,BtwSaki,31.016181974576938,123.92862112329954,92.07999737315282,12.0,67.87063159282067,754.2395800357235
340,Shanghai NorthCh - Nagoya,SEA,PILOT_TO_PILOT,1,340,295,2,3,SMLtb,BtwSaki,31.016026840744335,123.93250313999455,92.07999737315282,12.0,68.07060177342152,754.0396098551228
341,Shanghai NorthCh - Nagoya,SEA,PILOT_TO_PILOT,1,341,296,2,3,SMLtb,BtwSaki,31.015871590760227,123.93638514404564,92.07999737315282,12.0,68.27057195402236,753.8396396745219
342,Shanghai NorthCh - Nagoya,SEA,PILOT_TO_PILOT,1,342,297,2,3,SMLtb,BtwSaki,31.01571622462573,123.94026713544348,92.07999737315282,12.0,68.47054213462322,753.639669493921
343,Shanghai NorthCh - Nagoya,SEA,PILOT_TO_PILOT,1,343,298,2,3,SMLtb,BtwSaki,31.01556074234192,123.94414911417867,92.07999737315282,12.0,68.67051231522406,753.4396993133201
344,Shanghai NorthCh - Nagoya,SEA,PILOT_TO_PILOT,1,344,299,2,3,SMLtb,BtwSaki,31.015405143909906,123.9480310802419,92.07999737315282,12.0,68.8704824958249,753.2397291327193
345,Shanghai NorthCh - Nagoya,SEA,PILOT_TO_PILOT,1,345,300,2,3,SMLtb,BtwSaki,31.015249429330773,123.95191303362387,92.07999737315282,12.0,69.07045267642576,753.0397589521185
346,Shanghai NorthCh - Nagoya,SEA,PILOT_TO_PILOT,1,346,301,2,3,SMLtb,BtwSaki,31.015093598605603,123.95579497431515,92.07999737315282,12.0,69.2704228570266,752.8397887715176
347,Shanghai NorthCh - Nagoya,SEA,PILOT_TO_PILOT,1,347,302,2,3,SMLtb,BtwSaki,31.014937651735504,123.95967690230646,92.07999737315282,12.0,69.47039303762745,752.6398185909168
348,Shanghai NorthCh - Nagoya,SEA,PILOT_TO_PILOT,1,348,303,2,3,SMLtb,BtwSaki,31.014781588721586,123.96355881758845,92.07999737315282,12.0,69.6703632182283,752.4398484103159
349,Shanghai NorthCh - Nagoya,SEA,PILOT_TO_PILOT,1,349,304,2,3,SMLtb,BtwSaki,31.014625409564914,123.96744072015176,92.07999737315282,12.0,69.87033339882915,752.239878229715
350,Shanghai NorthCh - Nagoya,SEA,PILOT_TO_PILOT,1,350,305,2,3,SMLtb,BtwSaki,31.014469114266614,123.97132260998704,92.07999737315282,12.0,70.07030357942999,752.0399080491143
351,Shanghai NorthCh - Nagoya,SEA,PILOT_TO_PILOT,1,351,306,2,3,SMLtb,BtwSaki,31.014312702827773,123.975204487085,92.07999737315282,12.0,70.27027376003083,751.8399378685134
352,Shanghai NorthCh - Nagoya,SEA,PILOT_TO_PILOT,1,352,307,2,3,SMLtb,BtwSaki,31.014156175249486,123.97908635143622,92.07999737315282,12.0,70.47024394063169,751.6399676879125
353,Shanghai NorthCh - Nagoya,SEA,PILOT_TO_PILOT,1,353,308,2,3,SMLtb,BtwSaki,31.013999531532857,123.98296820303145,92.07999737315282,12.0,70.67021412123253,751.4399975073117
354,Shanghai NorthCh - Nagoya,SEA,PILOT_TO_PILOT,1,354,309,2,3,SMLtb,BtwSaki,31.013842771678988,123.98685004186127,92.07999737315282,12.0,70.87018430183338,751.2400273267108
355,Shanghai NorthCh - Nagoya,SEA,PILOT_TO_PILOT,1,355,310,2,3,SMLtb,BtwSaki,31.013685895688983,123.9907318679164,92.07999737315282,12.0,71.07015448243423,751.04005714611
356,Shanghai NorthCh - Nagoya,SEA,PILOT_TO_PILOT,1,356,311,2,3,SMLtb,BtwSaki,31.013528903563937,123.99461368118746,92.07999737315282,12.0,71.27012466303508,750.8400869655092
357,Shanghai NorthCh - Nagoya,SEA,PILOT_TO_PILOT,1,357,312,2,3,SMLtb,BtwSaki,31.013371795304955,123.99849548166513,92.07999737315282,12.0,71.47009484363592,750.6401167849083
358,Shanghai NorthCh - Nagoya,SEA,PILOT_TO_PILOT,1,358,313,2,3,SMLtb,BtwSaki,31.013214570913142,124.00237726934006,92.07999737315282,12.0,71.67006502423678,750.4401466043074
359,Shanghai NorthCh - Nagoya,SEA,PILOT_TO_PILOT,1,359,314,2,3,SMLtb,BtwSaki,31.013057230389617,124.00625904420293,92.07999737315282,12.0,71.87003520483762,750.2401764237065
360,Shanghai NorthCh - Nagoya,SEA,PILOT_TO_PILOT,1,360,315,2,3,SMLtb,BtwSaki,31.012899773735462,124.0101408062444,92.07999737315282,12.0,72.07000538543846,750.0402062431058
361,Shanghai NorthCh - Nagoya,SEA,PILOT_TO_PILOT,1,361,316,2,3,SMLtb,BtwSaki,31.0127422009518,124.0140225554551,92.07999737315282,12.0,72.26997556603932,749.8402360625049
362,Shanghai NorthCh - Nagoya,SEA,PILOT_TO_PILOT,1,362,317,2,3,SMLtb,BtwSaki,31.012584512039723,124.01790429182574,92.07999737315282,12.0,72.46994574664016,749.640265881904
363,Shanghai NorthCh - Nagoya,SEA,PILOT_TO_PILOT,1,363,318,2,3,SMLtb,BtwSaki,31.012426707000348,124.02178601534695,92.07999737315282,12.0,72.66991592724101,749.4402957013032
364,Shanghai NorthCh - Nagoya,SEA,PILOT_TO_PILOT,1,364,319,2,3,SMLtb,BtwSaki,31.012268785834802,124.0256677260094,92.07999737315282,12.0,72.86988610784185,749.2403255207024
365,Shanghai NorthCh - Nagoya,SEA,PILOT_TO_PILOT,1,365,320,2,3,SMLtb,BtwSaki,31.012110748544156,124.02954942380376,92.07999737315282,12.0,73.06985628844271,749.0403553401015
366,Shanghai NorthCh - Nagoya,SEA,PILOT_TO_PILOT,1,366,321,2,3,SMLtb,BtwSaki,31.011952595129554,124.03343110872069,92.07999737315282,12.0,73.26982646904355,748.8403851595007
367,Shanghai NorthCh - Nagoya,SEA,PILOT_TO_PILOT,1,367,322,2,3,SMLtb,BtwSaki,31.011794325592092,124.03731278075088,92.07999737315282,12.0,73.4697966496444,748.6404149788998
368,Shanghai NorthCh - Nagoya,SEA,PILOT_TO_PILOT,1,368,323,2,3,SMLtb,BtwSaki,31.011635939932887,124.04119443988498,92.07999737315282,12.0,73.66976683024524,748.440444798299
369,Shanghai NorthCh - Nagoya,SEA,PILOT_TO_PILOT,1,369,324,2,3,SMLtb,BtwSaki,31.011477438153047,124.04507608611361,92.07999737315282,12.0,73.8697370108461,748.2404746176982
370,Shanghai NorthCh - Nagoya,SEA,PILOT_TO_PILOT,1,370,325,2,3,SMLtb,BtwSaki,31.011318820253685,124.04895771942749,92.07999737315282,12.0,74.06970719144694,748.0405044370973
371,Shanghai NorthCh - Nagoya,SEA,PILOT_TO_PILOT,1,371,326,2,3,SMLtb,BtwSaki,31.01116008623592,124.05283933981725,92.07999737315282,12.0,74.26967737204778,747.8405342564964
372,Shanghai NorthCh - Nagoya,SEA,PILOT_TO_PILOT,1,372,327,2,3,SMLtb,BtwSaki,31.011001236100867,124.05672094727359,92.07999737315282,12.0,74.46964755264864,747.6405640758956
373,Shanghai NorthCh - Nagoya,SEA,PILOT_TO_PILOT,1,373,328,2,3,SMLtb,BtwSaki,31.010842269849647,124.06060254178716,92.07999737315282,12.0,74.66961773324948,747.4405938952948
374,Shanghai NorthCh - Nagoya,SEA,PILOT_TO_PILOT,1,374,329,2,3,SMLtb,BtwSaki,31.010683187483362,124.06448412334863,92.07999737315282,12.0,74.86958791385032,747.2406237146939
375,Shanghai NorthCh - Nagoya,SEA,PILOT_TO_PILOT,1,375,330,2,3,SMLtb,BtwSaki,31.01052398900314,124.0683656919487,92.07999737315282,12.0,75.06955809445118,747.040653534093
376,Shanghai NorthCh - Nagoya,SEA,PILOT_TO_PILOT,1,376,331,2,3,SMLtb,BtwSaki,31.010364674410106,124.07224724757796,92.07999737315282,12.0,75.26952827505202,746.8406833534922
377,Shanghai NorthCh - Nagoya,SEA,PILOT_TO_PILOT,1,377,332,2,3,SMLtb,BtwSaki,31.010205243705368,124.07612879022713,92.07999737315282,12.0,75.46949845565287,746.6407131728913
378,Shanghai NorthCh - Nagoya,SEA,PILOT_TO_PILOT,1,378,333,2,3,SMLtb,BtwSaki,31.010045696890057,124.08001031988688,92.07999737315282,12.0,75.66946863625371,746.4407429922906
379,Shanghai NorthCh - Nagoya,SEA,PILOT_TO_PILOT,1,379,334,2,3,SMLtb,BtwSaki,31.00988603396527,124.08389183654788,92.07999737315282,12.0,75.86943881685457,746.2407728116897
380,Shanghai NorthCh - Nagoya,SEA,PILOT_TO_PILOT,1,380,335,2,3,SMLtb,BtwSaki,31.009726254932154,124.0877733402008,92.07999737315282,12.0,76.06940899745541,746.0408026310888
381,Shanghai NorthCh - Nagoya,SEA,PILOT_TO_PILOT,1,381,336,2,3,SMLtb,BtwSaki,31.009566359791826,124.09165483083626,92.07999737315282,12.0,76.26937917805625,745.8408324504879
382,Shanghai NorthCh - Nagoya,SEA,PILOT_TO_PILOT,1,382,337,2,3,SMLtb,BtwSaki,31.009406348545408,124.095536308445,92.07999737315282,12.0,76.46934935865711,745.6408622698871
383,Shanghai NorthCh - Nagoya,SEA,PILOT_TO_PILOT,1,383,338,2,3,SMLtb,BtwSaki,31.00924622119401,124.09941777301766,92.07999737315282,12.0,76.66931953925796,745.4408920892863
384,Shanghai NorthCh - Nagoya,SEA,PILOT_TO_PILOT,1,384,339,2,3,SMLtb,BtwSaki,31.00908597773878,124.1032992245449,92.07999737315282,12.0,76.8692897198588,745.2409219086854
385,Shanghai NorthCh - Nagoya,SEA,PILOT_TO_PILOT,1,385,340,2,3,SMLtb,BtwSaki,31.00892561818083,124.10718066301742,92.07999737315282,12.0,77.06925990045966,745.0409517280846
386,Shanghai NorthCh - Nagoya,SEA,PILOT_TO_PILOT,1,386,341,2,3,SMLtb,BtwSaki,31.00876514252129,124.11106208842587,92.07999737315282,12.0,77.2692300810605,744.8409815474837
387,Shanghai NorthCh - Nagoya,SEA,PILOT_TO_PILOT,1,387,342,2,3,SMLtb,BtwSaki,31.008604550761287,124.1149435007609,92.07999737315282,12.0,77.46920026166134,744.6410113668828
388,Shanghai NorthCh - Nagoya,SEA,PILOT_TO_PILOT,1,388,343,2,3,SMLtb,BtwSaki,31.00844384290195,124.11882490001324,92.07999737315282,12.0,77.6691704422622,744.4410411862821
389,Shanghai NorthCh - Nagoya,SEA,PILOT_TO_PILOT,1,389,344,2,3,SMLtb,BtwSaki,31.008283018944404,124.12270628617351,92.07999737315282,12.0,77.86914062286304,744.2410710056812
390,Shanghai NorthCh - Nagoya,SEA,PILOT_TO_PILOT,1,390,345,2,3,SMLtb,BtwSaki,31.008122078889787,124.12658765923243,92.07999737315282,12.0,78.06911080346389,744.0411008250803
391,Shanghai NorthCh - Nagoya,SEA,PILOT_TO_PILOT,1,391,346,2,3,SMLtb,BtwSaki,31.007961022739224,124.13046901918061,92.07999737315282,12.0,78.26908098406473,743.8411306444794
392,Shanghai NorthCh - Nagoya,SEA,PILOT_TO_PILOT,1,392,347,2,3,SMLtb,BtwSaki,31.00779985049385,124.1343503660088,92.07999737315282,12.0,78.46905116466559,743.6411604638786
393,Shanghai NorthCh - Nagoya,SEA,PILOT_TO_PILOT,1,393,348,2,3,SMLtb,BtwSaki,31.00763856215479,124.13823169970762,92.07999737315282,12.0,78.66902134526643,743.4411902832778
394,Shanghai NorthCh - Nagoya,SEA,PILOT_TO_PILOT,1,394,349,2,3,SMLtb,BtwSaki,31.007477157723184,124.14211302026776,92.07999737315282,12.0,78.86899152586727,743.241220102677
395,Shanghai NorthCh - Nagoya,SEA,PILOT_TO_PILOT,1,395,350,2,3,SMLtb,BtwSaki,31.007315637200154,124.14599432767987,92.07999737315282,12.0,79.06896170646813,743.0412499220761
396,Shanghai NorthCh - Nagoya,SEA,PILOT_TO_PILOT,1,396,351,2,3,SMLtb,BtwSaki,31.007154000586848,124.1498756219347,92.07999737315282,12.0,79.26893188706897,742.8412797414752
397,Shanghai NorthCh - Nagoya,SEA,PILOT_TO_PILOT,1,397,352,2,3,SMLtb,BtwSaki,31.006992247884398,124.15375690302284,92.07999737315282,12.0,79.46890206766982,742.6413095608744
398,Shanghai NorthCh - Nagoya,SEA,PILOT_TO_PILOT,1,398,353,2,3,SMLtb,BtwSaki,31.006830379093948,124.157638170935,92.07999737315282,12.0,79.66887224827067,742.4413393802736
399,Shanghai NorthCh - Nagoya,SEA,PILOT_TO_PILOT,1,399,354,2,3,SMLtb,BtwSaki,31.006668394216614,124.1615194256619,92.07999737315282,12.0,79.86884242887152,742.2413691996727
400,Shanghai NorthCh - Nagoya,SEA,PILOT_TO_PILOT,1,400,355,2,3,SMLtb,BtwSaki,31.006506293253555,124.16540066719413,92.07999737315282,12.0,80.06881260947236,742.0413990190718
401,Shanghai NorthCh - Nagoya,SEA,PILOT_TO_PILOT,1,401,356,2,3,SMLtb,BtwSaki,31.006344076205895,124.16928189552242,92.07999737315282,12.0,80.2687827900732,741.8414288384711
402,Shanghai NorthCh - Nagoya,SEA,PILOT_TO_PILOT,1,402,357,2,3,SMLtb,BtwSaki,31.006181743074784,124.17316311063745,92.07999737315282,12.0,80.46875297067406,741.6414586578702
403,Shanghai NorthCh - Nagoya,SEA,PILOT_TO_PILOT,1,403,358,2,3,SMLtb,BtwSaki,31.006019293861353,124.17704431252987,92.07999737315282,12.0,80.6687231512749,741.4414884772693
404,Shanghai NorthCh - Nagoya,SEA,PILOT_TO_PILOT,1,404,359,2,3,SMLtb,BtwSaki,31.005856728566748,124.18092550119039,92.07999737315282,12.0,80.86869333187575,741.2415182966685
405,Shanghai NorthCh - Nagoya,SEA,PILOT_TO_PILOT,1,405,360,2,3,SMLtb,BtwSaki,31.00569404719211,124.18480667660968,92.07999737315282,12.0,81.0686635124766,741.0415481160676
406,Shanghai NorthCh - Nagoya,SEA,PILOT_TO_PILOT,1,406,361,2,3,SMLtb,BtwSaki,31.005531249738585,124.1886878387784,92.07999737315282,12.0,81.26863369307745,740.8415779354668
407,Shanghai NorthCh - Nagoya,SEA,PILOT_TO_PILOT,1,407,362,2,3,SMLtb,BtwSaki,31.005368336207304,124.19256898768725,92.07999737315282,12.0,81.46860387367829,740.641607754866
408,Shanghai NorthCh - Nagoya,SEA,PILOT_TO_PILOT,1,408,363,2,3,SMLtb,BtwSaki,31.00520530659943,124.1964501233269,92.07999737315282,12.0,81.66857405427915,740.4416375742651
409,Shanghai NorthCh - Nagoya,SEA,PILOT_TO_PILOT,1,409,364,2,3,SMLtb,BtwSaki,31.005042160916098,124.20033124568802,92.07999737315282,12.0,81.86854423487999,740.2416673936642
410,Shanghai NorthCh - Nagoya,SEA,PILOT_TO_PILOT,1,410,365,2,3,SMLtb,BtwSaki,31.00487889915845,124.20421235476134,92.07999737315282,12.0,82.06851441548083,740.0416972130633
411,Shanghai NorthCh - Nagoya,SEA,PILOT_TO_PILOT,1,411,366,2,3,SMLtb,BtwSaki,31.004715521327643,124.20809345053745,92.07999737315282,12.0,82.26848459608169,739.8417270324626
412,Shanghai NorthCh - Nagoya,SEA,PILOT_TO_PILOT,1,412,367,2,3,SMLtb,BtwSaki,31.00455202742481,124.21197453300712,92.07999737315282,12.0,82.46845477668253,739.6417568518617
413,Shanghai NorthCh - Nagoya,SEA,PILOT_TO_PILOT,1,413,368,2,3,SMLtb,BtwSaki,31.004388417451118,124.21585560216099,92.07999737315282,12.0,82.66842495728338,739.4417866712608
414,Shanghai NorthCh - Nagoya,SEA,PILOT_TO_PILOT,1,414,369,2,3,SMLtb,BtwSaki,31.0042246914077,124.21973665798973,92.07999737315282,12.0,82.86839513788422,739.24181649066
415,Shanghai NorthCh - Nagoya,SEA,PILOT_TO_PILOT,1,415,370,2,3,SMLtb,BtwSaki,31.004060849295715,124.22361770048406,92.07999737315282,12.0,83.06836531848508,739.0418463100591
416,Shanghai NorthCh - Nagoya,SEA,PILOT_TO_PILOT,1,416,371,2,3,SMLtb,BtwSaki,31.00389689111631,124.22749872963462,92.07999737315282,12.0,83.26833549908592,738.8418761294583
417,Shanghai NorthCh - Nagoya,SEA,PILOT_TO_PILOT,1,417,372,2,3,SMLtb,BtwSaki,31.003732816870635,124.23137974543214,92.07999737315282,12.0,83.46830567968676,738.6419059488575
418,Shanghai NorthCh - Nagoya,SEA,PILOT_TO_PILOT,1,418,373,2,3,SMLtb,BtwSaki,31.00356862655985,124.23526074786727,92.07999737315282,12.0,83.66827586028762,738.4419357682566
419,Shanghai NorthCh - Nagoya,SEA,PILOT_TO_PILOT,1,419,374,2,3,SMLtb,BtwSaki,31.00340432018509,124.23914173693069,92.07999737315282,12.0,83.86824604088847,738.2419655876557
420,Shanghai NorthCh - Nagoya,SEA,PILOT_TO_PILOT,1,420,375,2,3,SMLtb,BtwSaki,31.003239897747534,124.24302271261313,92.07999737315282,12.0,84.06821622148931,738.0419954070549
421,Shanghai NorthCh - Nagoya,SEA,PILOT_TO_PILOT,1,421,376,2,3,SMLtb,BtwSaki,31.003075359248317,124.24690367490523,92.07999737315282,12.0,84.26818640209017,737.8420252264541
422,Shanghai NorthCh - Nagoya,SEA,PILOT_TO_PILOT,1,422,377,2,3,SMLtb,BtwSaki,31.002910704688603,124.25078462379766,92.07999737315282,12.0,84.46815658269101,737.6420550458532
423,Shanghai NorthCh - Nagoya,SEA,PILOT_TO_PILOT,1,423,378,2,3,SMLtb,BtwSaki,31.00274593406954,124.25466555928115,92.07999737315282,12.0,84.66812676329185,737.4420848652524
424,Shanghai NorthCh - Nagoya,SEA,PILOT_TO_PILOT,1,424,379,2,3,SMLtb,BtwSaki,31.0025810473923,124.25854648134637,92.07999737315282,12.0,84.8680969438927,737.2421146846515
425,Shanghai NorthCh - Nagoya,SEA,PILOT_TO_PILOT,1,425,380,2,3,SMLtb,BtwSaki,31.002416044658045,124.262427389984,92.07999737315282,12.0,85.06806712449355,737.0421445040506
426,Shanghai NorthCh - Nagoya,SEA,PILOT_TO_PILOT,1,426,381,2,3,SMLtb,BtwSaki,31.002250925867905,124.26630828518472,92.07999737315282,12.0,85.2680373050944,736.8421743234499
427,Shanghai NorthCh - Nagoya,SEA,PILOT_TO_PILOT,1,427,382,2,3,SMLtb,BtwSaki,31.00208569102305,124.27018916693923,92.07999737315282,12.0,85.46800748569524,736.642204142849
428,Shanghai NorthCh - Nagoya,SEA,PILOT_TO_PILOT,1,428,383,2,3,SMLtb,BtwSaki,31.00192034012466,124.27407003523822,92.07999737315282,12.0,85.6679776662961,736.4422339622481
429,Shanghai NorthCh - Nagoya,SEA,PILOT_TO_PILOT,1,429,384,2,3,SMLtb,BtwSaki,31.001754873173887,124.27795089007239,92.07999737315282,12.0,85.86794784689694,736.2422637816472
430,Shanghai NorthCh - Nagoya,SEA,PILOT_TO_PILOT,1,430,385,2,3,SMLtb,BtwSaki,31.001589290171875,124.28183173143238,92.07999737315282,12.0,86.06791802749778,736.0422936010465
431,Shanghai NorthCh - Nagoya,SEA,PILOT_TO_PILOT,1,431,386,2,3,SMLtb,BtwSaki,31.001423591119803,124.2857125593089,92.07999737315282,12.0,86.26788820809864,735.8423234204456
432,Shanghai NorthCh - Nagoya,SEA,PILOT_TO_PILOT,1,432,387,2,3,SMLtb,BtwSaki,31.001257776018832,124.28959337369268,92.07999737315282,12.0,86.46785838869948,735.6423532398447
433,Shanghai NorthCh - Nagoya,SEA,PILOT_TO_PILOT,1,433,388,2,3,SMLtb,BtwSaki,31.00109184487013,124.29347417457434,92.07999737315282,12.0,86.66782856930033,735.4423830592439
434,Shanghai NorthCh - Nagoya,SEA,PILOT_TO_PILOT,1,434,389,2,3,SMLtb,BtwSaki,31.000925797674856,124.29735496194463,92.07999737315282,12.0,86.86779874990118,735.242412878643
435,Shanghai NorthCh - Nagoya,SEA,PILOT_TO_PILOT,1,435,390,2,3,SMLtb,BtwSaki,31.00075963443417,124.30123573579421,92.07999737315282,12.0,87.06776893050203,735.0424426980422
436,Shanghai NorthCh - Nagoya,SEA,PILOT_TO_PILOT,1,436,391,2,3,SMLtb,BtwSaki,31.000593355149256,124.30511649611377,92.07999737315282,12.0,87.26773911110287,734.8424725174414
437,Shanghai NorthCh - Nagoya,SEA,PILOT_TO_PILOT,1,437,392,2,3,SMLtb,BtwSaki,31.000426959821276,124.30899724289401,92.07999737315282,12.0,87.46770929170371,734.6425023368405
438,Shanghai NorthCh - Nagoya,SEA,PILOT_TO_PILOT,1,438,393,2,3,SMLtb,BtwSaki,31.00026044845139,124.31287797612559,92.07999737315282,12.0,87.66767947230457,734.4425321562396
439,Shanghai NorthCh - Nagoya,SEA,PILOT_TO_PILOT,1,439,394,2,3,SMLtb,BtwSaki,31.000093821040767,124.31675869579924,92.07999737315282,12.0,87.86764965290541,734.2425619756389
440,Shanghai NorthCh - Nagoya,SEA,PILOT_TO_PILOT,1,440,395,2,3,SMLtb,BtwSaki,30.999927077590588,124.32063940190567,92.07999737315282,12.0,88.06761983350626,734.042591795038
441,Shanghai NorthCh - Nagoya,SEA,PILOT_TO_PILOT,1,441,396,2,3,SMLtb,BtwSaki,30.99976021810202,124.32452009443551,92.07999737315282,12.0,88.26759001410711,733.8426216144371
442,Shanghai NorthCh - Nagoya,SEA,PILOT_TO_PILOT,1,442,397,2,3,SMLtb,BtwSaki,30.99959324257623,124.32840077337949,92.07999737315282,12.0,88.46756019470796,733.6426514338362
443,Shanghai NorthCh - Nagoya,SEA,PILOT_TO_PILOT,1,443,398,2,3,SMLtb,BtwSaki,30.99942615101439,124.3322814387283,92.07999737315282,12.0,88.6675303753088,733.4426812532354
444,Shanghai NorthCh - Nagoya,SEA,PILOT_TO_PILOT,1,444,399,2,3,SMLtb,BtwSaki,30.999258943417672,124.33616209047263,92.07999737315282,12.0,88.86750055590966,733.2427110726346
445,Shanghai NorthCh - Nagoya,SEA,PILOT_TO_PILOT,1,445,400,2,3,SMLtb,BtwSaki,30.99909161978726,124.34004272860317,92.07999737315282,12.0,89.0674707365105,733.0427408920337
446,Shanghai NorthCh - Nagoya,SEA,PILOT_TO_PILOT,1,446,401,2,3,SMLtb,BtwSaki,30.998924180124316,124.3439233531106,92.07999737315282,12.0,89.26744091711134,732.8427707114329
447,Shanghai NorthCh - Nagoya,SEA,PILOT_TO_PILOT,1,447,402,2,3,SMLtb,BtwSaki,30.99875662443003,124.34780396398563,92.07999737315282,12.0,89.46741109771219,732.642800530832
448,Shanghai NorthCh - Nagoya,SEA,PILOT_TO_PILOT,1,448,403,2,3,SMLtb,BtwSaki,30.998588952705564,124.35168456121899,92.07999737315282,12.0,89.66738127831304,732.4428303502311
449,Shanghai NorthCh - Nagoya,SEA,PILOT_TO_PILOT,1,449,404,2,3,SMLtb,BtwSaki,30.998421164952113,124.35556514480132,92.07999737315282,12.0,89.86735145891389,732.2428601696304
450,Shanghai NorthCh - Nagoya,SEA,PILOT_TO_PILOT,1,450,405,2,3,SMLtb,BtwSaki,30.998253261170827,124.35944571472332,92.07999737315282,12.0,90.06732163951473,732.0428899890295
451,Shanghai NorthCh - Nagoya,SEA,PILOT_TO_PILOT,1,451,406,2,3,SMLtb,BtwSaki,30.998085241362915,124.36332627097572,92.07999737315282,12.0,90.26729182011559,731.8429198084286
452,Shanghai NorthCh - Nagoya,SEA,PILOT_TO_PILOT,1,452,407,2,3,SMLtb,BtwSaki,30.99791710552953,124.36720681354922,92.07999737315282,12.0,90.46726200071643,731.6429496278278
453,Shanghai NorthCh - Nagoya,SEA,PILOT_TO_PILOT,1,453,408,2,3,SMLtb,BtwSaki,30.997748853671876,124.37108734243446,92.07999737315282,12.0,90.66723218131727,731.4429794472269
454,Shanghai NorthCh - Nagoya,SEA,PILOT_TO_PILOT,1,454,409,2,3,SMLtb,BtwSaki,30.99758048579112,124.3749678576222,92.07999737315282,12.0,90.86720236191813,731.2430092666261
455,Shanghai NorthCh - Nagoya,SEA,PILOT_TO_PILOT,1,455,410,2,3,SMLtb,BtwSaki,30.99741200188845,124.37884835910309,92.07999737315282,12.0,91.06717254251897,731.0430390860253
456,Shanghai NorthCh - Nagoya,SEA,PILOT_TO_PILOT,1,456,411,2,3,SMLtb,BtwSaki,30.997243401965047,124.38272884686786,92.07999737315282,12.0,91.26714272311982,730.8430689054244
457,Shanghai NorthCh - Nagoya,SEA,PILOT_TO_PILOT,1,457,412,2,3,SMLtb,BtwSaki,30.997074686022085,124.38660932090718,92.07999737315282,12.0,91.46711290372068,730.6430987248235
458,Shanghai NorthCh - Nagoya,SEA,PILOT_TO_PILOT,1,458,413,2,3,SMLtb,BtwSaki,30.99690585406076,124.39048978121178,92.07999737315282,12.0,91.66708308432152,730.4431285442226
459,Shanghai NorthCh - Nagoya,SEA,PILOT_TO_PILOT,1,459,414,2,3,SMLtb,BtwSaki,30.99673690608226,124.39437022777234,92.07999737315282,12.0,91.86705326492236,730.2431583636219
460,Shanghai NorthCh - Nagoya,SEA,PILOT_TO_PILOT,1,460,415,2,3,SMLtb,BtwSaki,30.99656784208776,124.39825066057955,92.07999737315282,12.0,92.0670234455232,730.043188183021
461,Shanghai NorthCh - Nagoya,SEA,PILOT_TO_PILOT,1,461,416,2,3,SMLtb,BtwSaki,30.99639866207845,124.40213107962414,92.07999737315282,12.0,92.26699362612406,729.8432180024201
462,Shanghai NorthCh - Nagoya,SEA,PILOT_TO_PILOT,1,462,417,2,3,SMLtb,BtwSaki,30.996229366055534,124.40601148489678,92.07999737315282,12.0,92.4669638067249,729.6432478218193
463,Shanghai NorthCh - Nagoya,SEA,PILOT_TO_PILOT,1,463,418,2,3,SMLtb,BtwSaki,30.996059954020176,124.40989187638817,92.07999737315282,12.0,92.66693398732575,729.4432776412185
464,Shanghai NorthCh - Nagoya,SEA,PILOT_TO_PILOT,1,464,419,2,3,SMLtb,BtwSaki,30.995890425973567,124.41377225408907,92.07999737315282,12.0,92.8669041679266,729.2433074606176
465,Shanghai NorthCh - Nagoya,SEA,PILOT_TO_PILOT,1,465,420,2,3,SMLtb,BtwSaki,30.995720781916916,124.4176526179901,92.07999737315282,12.0,93.06687434852745,729.0433372800168
466,Shanghai NorthCh - Nagoya,SEA,PILOT_TO_PILOT,1,466,421,2,3,SMLtb,BtwSaki,30.995551021851398,124.42153296808199,92.07999737315282,12.0,93.26684452912829,728.8433670994159
467,Shanghai NorthCh - Nagoya,SEA,PILOT_TO_PILOT,1,467,422,2,3,SMLtb,BtwSaki,30.995381145778214,124.42541330435547,92.07999737315282,12.0,93.46681470972915,728.643396918815
468,Shanghai NorthCh - Nagoya,SEA,PILOT_TO_PILOT,1,468,423,2,3,SMLtb,BtwSaki,30.995211153698556,124.42929362680123,92.07999737315282,12.0,93.66678489032999,728.4434267382143
469,Shanghai NorthCh - Nagoya,SEA,PILOT_TO_PILOT,1,469,424,2,3,SMLtb,BtwSaki,30.99504104561361,124.43317393540994,92.07999737315282,12.0,93.86675507093084,728.2434565576134
470,Shanghai NorthCh - Nagoya,SEA,PILOT_TO_PILOT,1,470,425,2,3,SMLtb,BtwSaki,30.99487082152457,124.43705423017231,92.07999737315282,12.0,94.06672525153168,728.0434863770125
471,Shanghai NorthCh - Nagoya,SEA,PILOT_TO_PILOT,1,471,426,2,3,SMLtb,BtwSaki,30.994700481432638,124.44093451107908,92.07999737315282,12.0,94.26669543213254,727.8435161964117
472,Shanghai NorthCh - Nagoya,SEA,PILOT_TO_PILOT,1,472,427,2,3,SMLtb,BtwSaki,30.994530025339007,124.44481477812094,92.07999737315282,12.0,94.46666561273338,727.6435460158109
473,Shanghai NorthCh - Nagoya,SEA,PILOT_TO_PILOT,1,473,428,2,3,SMLtb,BtwSaki,30.994359453244872,124.4486950312886,92.07999737315282,12.0,94.66663579333422,727.44357583521
474,Shanghai NorthCh - Nagoya,SEA,PILOT_TO_PILOT,1,474,429,2,3,SMLtb,BtwSaki,30.994188765151428,124.45257527057274,92.07999737315282,12.0,94.86660597393508,727.2436056546092
475,Shanghai NorthCh - Nagoya,SEA,PILOT_TO_PILOT,1,475,430,2,3,SMLtb,BtwSaki,30.994017961059875,124.45645549596406,92.07999737315282,12.0,95.06657615453592,727.0436354740083
476,Shanghai NorthCh - Nagoya,SEA,PILOT_TO_PILOT,1,476,431,2,3,SMLtb,BtwSaki,30.993847040971417,124.46033570745331,92.07999737315282,12.0,95.26654633513677,726.8436652934074
477,Shanghai NorthCh - Nagoya,SEA,PILOT_TO_PILOT,1,477,432,2,3,SMLtb,BtwSaki,30.993676004887245,124.46421590503115,92.07999737315282,12.0,95.46651651573762,726.6436951128067
478,Shanghai NorthCh - Nagoya,SEA,PILOT_TO_PILOT,1,478,433,2,3,SMLtb,BtwSaki,30.993504852808563,124.46809608868834,92.07999737315282,12.0,95.66648669633847,726.4437249322058
479,Shanghai NorthCh - Nagoya,SEA,PILOT_TO_PILOT,1,479,434,2,3,SMLtb,BtwSaki,30.993333584736572,124.47197625841551,92.07999737315282,12.0,95.86645687693931,726.2437547516049
480,Shanghai NorthCh - Nagoya,SEA,PILOT_TO_PILOT,1,480,435,2,3,SMLtb,BtwSaki,30.99316220067249,124.47585641420345,92.07999737315282,12.0,96.06642705754017,726.043784571004
481,Shanghai NorthCh - Nagoya,SEA,PILOT_TO_PILOT,1,481,436,2,3,SMLtb,BtwSaki,30.992990700617487,124.47973655604281,92.07999737315282,12.0,96.26639723814101,725.8438143904032
482,Shanghai NorthCh - Nagoya,SEA,PILOT_TO_PILOT,1,482,437,2,3,SMLtb,BtwSaki,30.992819084572783,124.48361668392431,92.07999737315282,12.0,96.46636741874185,725.6438442098024
483,Shanghai NorthCh - Nagoya,SEA,PILOT_TO_PILOT,1,483,438,2,3,SMLtb,BtwSaki,30.9926473525396,124.48749679783867,92.07999737315282,12.0,96.6663375993427,725.4438740292015
484,Shanghai NorthCh - Nagoya,SEA,PILOT_TO_PILOT,1,484,439,2,3,SMLtb,BtwSaki,30.99247550451911,124.49137689777658,92.07999737315282,12.0,96.86630777994355,725.2439038486007
485,Shanghai NorthCh - Nagoya,SEA,PILOT_TO_PILOT,1,485,440,2,3,SMLtb,BtwSaki,30.992303540512538,124.49525698372878,92.07999737315282,12.0,97.0662779605444,725.0439336679998
486,Shanghai NorthCh - Nagoya,SEA,PILOT_TO_PILOT,1,486,441,2,3,SMLtb,BtwSaki,30.992131460521104,124.49913705568594,92.07999737315282,12.0,97.26624814114524,724.8439634873989
487,Shanghai NorthCh - Nagoya,SEA,PILOT_TO_PILOT,1,487,442,2,3,SMLtb,BtwSaki,30.99195926454598,124.50301711363882,92.07999737315282,12.0,97.4662183217461,724.6439933067982
488,Shanghai NorthCh - Nagoya,SEA,PILOT_TO_PILOT,1,488,443,2,3,SMLtb,BtwSaki,30.991786952588413,124.50689715757807,92.07999737315282,12.0,97.66618850234694,724.4440231261973
489,Shanghai NorthCh - Nagoya,SEA,PILOT_TO_PILOT,1,489,444,2,3,SMLtb,BtwSaki,30.99161452464958,124.51077718749444,92.07999737315282,12.0,97.86615868294778,724.2440529455964
490,Shanghai NorthCh - Nagoya,SEA,PILOT_TO_PILOT,1,490,445,2,3,SMLtb,BtwSaki,30.991441980730706,124.51465720337865,92.07999737315282,12.0,98.06612886354864,724.0440827649956
491,Shanghai NorthCh - Nagoya,SEA,PILOT_TO_PILOT,1,491,446,2,3,SMLtb,BtwSaki,30.991269320833013,124.51853720522138,92.07999737315282,12.0,98.26609904414948,723.8441125843947
492,Shanghai NorthCh - Nagoya,SEA,PILOT_TO_PILOT,1,492,447,2,3,SMLtb,BtwSaki,30.991096544957692,124.52241719301334,92.07999737315282,12.0,98.46606922475033,723.6441424037939
493,Shanghai NorthCh - Nagoya,SEA,PILOT_TO_PILOT,1,493,448,2,3,SMLtb,BtwSaki,30.990923653105973,124.52629716674527,92.07999737315282,12.0,98.66603940535117,723.444172223193
494,Shanghai NorthCh - Nagoya,SEA,PILOT_TO_PILOT,1,494,449,2,3,SMLtb,BtwSaki,30.990750645279046,124.53017712640786,92.07999737315282,12.0,98.86600958595203,723.2442020425922
495,Shanghai NorthCh - Nagoya,SEA,PILOT_TO_PILOT,1,495,450,2,3,SMLtb,BtwSaki,30.990577521478144,124.53405707199185,92.07999737315282,12.0,99.06597976655287,723.0442318619913
496,Shanghai NorthCh - Nagoya,SEA,PILOT_TO_PILOT,1,496,451,2,3,SMLtb,BtwSaki,30.99040428170448,124.53793700348795,92.07999737315282,12.0,99.26594994715371,722.8442616813905
497,Shanghai NorthCh - Nagoya,SEA,PILOT_TO_PILOT,1,497,452,2,3,SMLtb,BtwSaki,30.990230925959274,124.54181692088683,92.07999737315282,12.0,99.46592012775457,722.6442915007897
498,Shanghai NorthCh - Nagoya,SEA,PILOT_TO_PILOT,1,498,453,2,3,SMLtb,BtwSaki,30.990057454243725,124.54569682417925,92.07999737315282,12.0,99.66589030835542,722.4443213201888
499,Shanghai NorthCh - Nagoya,SEA,PILOT_TO_PILOT,1,499,454,2,3,SMLtb,BtwSaki,30.98988386655907,124.54957671335592,92.07999737315282,12.0,99.86586048895626,722.2443511395879
500,Shanghai NorthCh - Nagoya,SEA,PILOT_TO_PILOT,1,500,455,2,3,SMLtb,BtwSaki,30.98971016290651,124.55345658840751,92.07999737315282,12.0,100.06583066955712,722.0443809589871
501,Shanghai NorthCh - Nagoya,SEA,PILOT_TO_PILOT,1,501,456,2,3,SMLtb,BtwSaki,30.98953634328727,124.55733644932478,92.07999737315282,12.0,100.26580085015796,721.8444107783863
502,Shanghai NorthCh - Nagoya,SEA,PILOT_TO_PILOT,1,502,457,2,3,SMLtb,BtwSaki,30.989362407702572,124.56121629609845,92.07999737315282,12.0,100.4657710307588,721.6444405977854
503,Shanghai NorthCh - Nagoya,SEA,PILOT_TO_PILOT,1,503,458,2,3,SMLtb,BtwSaki,30.989188356153644,124.56509612871922,92.07999737315282,12.0,100.66574121135966,721.4444704171846
504,Shanghai NorthCh - Nagoya,SEA,PILOT_TO_PILOT,1,504,459,2,3,SMLtb,BtwSaki,30.989014188641693,124.56897594717779,92.07999737315282,12.0,100.8657113919605,721.2445002365837
505,Shanghai NorthCh - Nagoya,SEA,PILOT_TO_PILOT,1,505,460,2,3,SMLtb,BtwSaki,30.98883990516794,124.5728557514649,92.07999737315282,12.0,101.06568157256135,721.0445300559829
506,Shanghai NorthCh - Nagoya,SEA,PILOT_TO_PILOT,1,506,461,2,3,SMLtb,BtwSaki,30.98866550573362,124.57673554157127,92.07999737315282,12.0,101.26565175316219,720.8445598753821
507,Shanghai NorthCh - Nagoya,SEA,PILOT_TO_PILOT,1,507,462,2,3,SMLtb,BtwSaki,30.98849099033996,124.5806153174876,92.07999737315282,12.0,101.46562193376305,720.6445896947812
508,Shanghai NorthCh - Nagoya,SEA,PILOT_TO_PILOT,1,508,463,2,3,SMLtb,BtwSaki,30.988316358988172,124.58449507920464,92.07999737315282,12.0,101.66559211436389,720.4446195141803
509,Shanghai NorthCh - Nagoya,SEA,PILOT_TO_PILOT,1,509,464,2,3,SMLtb,BtwSaki,30.988141611679477,124.58837482671305,92.07999737315282,12.0,101.86556229496473,720.2446493335794
510,Shanghai NorthCh - Nagoya,SEA,PILOT_TO_PILOT,1,510,465,2,3,SMLtb,BtwSaki,30.98796674841511,124.59225456000361,92.07999737315282,12.0,102.06553247556559,720.0446791529787
511,Shanghai NorthCh - Nagoya,SEA,PILOT_TO_PILOT,1,511,466,2,3,SMLtb,BtwSaki,30.987791769196303,124.596134279067,92.07999737315282,12.0,102.26550265616643,719.8447089723778
512,Shanghai NorthCh - Nagoya,SEA,PILOT_TO_PILOT,1,512,467,2,3,SMLtb,BtwSaki,30.98761667402428,124.60001398389396,92.07999737315282,12.0,102.46547283676728,719.644738791777
513,Shanghai NorthCh - Nagoya,SEA,PILOT_TO_PILOT,1,513,468,2,3,SMLtb,BtwSaki,30.987441462900264,124.6038936744752,92.07999737315282,12.0,102.66544301736813,719.4447686111761
514,Shanghai NorthCh - Nagoya,SEA,PILOT_TO_PILOT,1,514,469,2,3,SMLtb,BtwSaki,30.987266135825482,124.60777335080145,92.07999737315282,12.0,102.86541319796898,719.2447984305752
515,Shanghai NorthCh - Nagoya,SEA,PILOT_TO_PILOT,1,515,470,2,3,SMLtb,BtwSaki,30.987090692801175,124.61165301286341,92.07999737315282,12.0,103.06538337856982,719.0448282499744
516,Shanghai NorthCh - Nagoya,SEA,PILOT_TO_PILOT,1,516,471,2,3,SMLtb,BtwSaki,30.98691513382857,124.61553266065182,92.07999737315282,12.0,103.26535355917068,718.8448580693736
517,Shanghai NorthCh - Nagoya,SEA,PILOT_TO_PILOT,1,517,472,2,3,SMLtb,BtwSaki,30.986739458908897,124.61941229415741,92.07999737315282,12.0,103.46532373977152,718.6448878887727
518,Shanghai NorthCh - Nagoya,SEA,PILOT_TO_PILOT,1,518,473,2,3,SMLtb,BtwSaki,30.986563668043384,124.62329191337088,92.07999737315282,12.0,103.66529392037236,718.4449177081718
519,Shanghai NorthCh - Nagoya,SEA,PILOT_TO_PILOT,1,519,474,2,3,SMLtb,BtwSaki,30.98638776123327,124.62717151828298,92.07999737315282,12.0,103.8652641009732,718.244947527571
520,Shanghai NorthCh - Nagoya,SEA,PILOT_TO_PILOT,1,520,475,2,3,SMLtb,BtwSaki,30.986211738479792,124.63105110888439,92.07999737315282,12.0,104.06523428157406,718.0449773469702
521,Shanghai NorthCh - Nagoya,SEA,PILOT_TO_PILOT,1,521,476,2,3,SMLtb,BtwSaki,30.98603559978418,124.63493068516587,92.07999737315282,12.0,104.2652044621749,717.8450071663693
522,Shanghai NorthCh - Nagoya,SEA,PILOT_TO_PILOT,1,522,477,2,3,SMLtb,BtwSaki,30.985859345147663,124.63881024711812,92.07999737315282,12.0,104.46517464277575,717.6450369857685
523,Shanghai NorthCh - Nagoya,SEA,PILOT_TO_PILOT,1,523,478,2,3,SMLtb,BtwSaki,30.98568297457149,124.6426897947319,92.07999737315282,12.0,104.66514482337661,717.4450668051676
524,Shanghai NorthCh - Nagoya,SEA,PILOT_TO_PILOT,1,524,479,2,3,SMLtb,BtwSaki,30.98550648805689,124.64656932799788,92.07999737315282,12.0,104.86511500397745,717.2450966245667
525,Shanghai NorthCh - Nagoya,SEA,PILOT_TO_PILOT,1,525,480,2,3,SMLtb,BtwSaki,30.98532988560511,124.65044884690685,92.07999737315282,12.0,105.0650851845783,717.045126443966
526,Shanghai NorthCh - Nagoya,SEA,PILOT_TO_PILOT,1,526,481,2,3,SMLtb,BtwSaki,30.985153167217376,124.65432835144948,92.07999737315282,12.0,105.26505536517915,716.8451562633651
527,Shanghai NorthCh - Nagoya,SEA,PILOT_TO_PILOT,1,527,482,2,3,SMLtb,BtwSaki,30.984976332894945,124.65820784161652,92.07999737315282,12.0,105.46502554578,716.6451860827642
528,Shanghai NorthCh - Nagoya,SEA,PILOT_TO_PILOT,1,528,483,2,3,SMLtb,BtwSaki,30.984799382639043,124.66208731739869,92.07999737315282,12.0,105.66499572638084,716.4452159021633
529,Shanghai NorthCh - Nagoya,SEA,PILOT_TO_PILOT,1,529,484,2,3,SMLtb,BtwSaki,30.984622316450903,124.66596677878671,92.07999737315282,12.0,105.86496590698168,716.2452457215626
530,Shanghai NorthCh - Nagoya,SEA,PILOT_TO_PILOT,1,530,485,2,3,SMLtb,BtwSaki,30.98444513433179,124.66984622577132,92.07999737315282,12.0,106.06493608758254,716.0452755409617
531,Shanghai NorthCh - Nagoya,SEA,PILOT_TO_PILOT,1,531,486,2,3,SMLtb,BtwSaki,30.98426783628294,124.67372565834327,92.07999737315282,12.0,106.26490626818338,715.8453053603608
532,Shanghai NorthCh - Nagoya,SEA,PILOT_TO_PILOT,1,532,487,2,3,SMLtb,BtwSaki,30.98409042230558,124.67760507649324,92.07999737315282,12.0,106.46487644878422,715.64533517976
533,Shanghai NorthCh - Nagoya,SEA,PILOT_TO_PILOT,1,533,488,2,3,SMLtb,BtwSaki,30.98391289240098,124.68148448021198,92.07999737315282,12.0,106.66484662938508,715.4453649991591
534,Shanghai NorthCh - Nagoya,SEA,PILOT_TO_PILOT,1,534,489,2,3,SMLtb,BtwSaki,30.98373524657037,124.6853638694902,92.07999737315282,12.0,106.86481680998592,715.2453948185583
535,Shanghai NorthCh - Nagoya,SEA,PILOT_TO_PILOT,1,535,490,2,3,SMLtb,BtwSaki,30.98355748481499,124.68924324431867,92.07999737315282,12.0,107.06478699058677,715.0454246379575
536,Shanghai NorthCh - Nagoya,SEA,PILOT_TO_PILOT,1,536,491,2,3,SMLtb,BtwSaki,30.98337960713611,124.69312260468809,92.07999737315282,12.0,107.26475717118763,714.8454544573566
537,Shanghai NorthCh - Nagoya,SEA,PILOT_TO_PILOT,1,537,492,2,3,SMLtb,BtwSaki,30.983201613534952,124.6970019505892,92.07999737315282,12.0,107.46472735178847,714.6454842767557
538,Shanghai NorthCh - Nagoya,SEA,PILOT_TO_PILOT,1,538,493,2,3,SMLtb,BtwSaki,30.98302350401278,124.70088128201272,92.07999737315282,12.0,107.66469753238931,714.445514096155
539,Shanghai NorthCh - Nagoya,SEA,PILOT_TO_PILOT,1,539,494,2,3,SMLtb,BtwSaki,30.98284527857084,124.70476059894936,92.07999737315282,12.0,107.86466771299017,714.2455439155541
540,Shanghai NorthCh - Nagoya,SEA,PILOT_TO_PILOT,1,540,495,2,3,SMLtb,BtwSaki,30.98266693721037,124.7086399013899,92.07999737315282,12.0,108.06463789359101,714.0455737349532
541,Shanghai NorthCh - Nagoya,SEA,PILOT_TO_PILOT,1,541,496,2,3,SMLtb,BtwSaki,30.982488479932645,124.71251918932505,92.07999737315282,12.0,108.26460807419186,713.8456035543524
542,Shanghai NorthCh - Nagoya,SEA,PILOT_TO_PILOT,1,542,497,2,3,SMLtb,BtwSaki,30.982309906738898,124.71639846274553,92.07999737315282,12.0,108.4645782547927,713.6456333737515
543,Shanghai NorthCh - Nagoya,SEA,PILOT_TO_PILOT,1,543,498,2,3,SMLtb,BtwSaki,30.982131217630393,124.7202777216421,92.07999737315282,12.0,108.66454843539356,713.4456631931507
544,Shanghai NorthCh - Nagoya,SEA,PILOT_TO_PILOT,1,544,499,2,3,SMLtb,BtwSaki,30.98195241260837,124.72415696600547,92.07999737315282,12.0,108.8645186159944,713.2456930125499
545,Shanghai NorthCh - Nagoya,SEA,PILOT_TO_PILOT,1,545,500,2,3,SMLtb,BtwSaki,30.981773491674087,124.72803619582635,92.07999737315282,12.0,109.06448879659524,713.045722831949
546,Shanghai NorthCh - Nagoya,SEA,PILOT_TO_PILOT,1,546,501,2,3,SMLtb,BtwSaki,30.981594454828816,124.73191541109551,92.07999737315282,12.0,109.2644589771961,712.8457526513481
547,Shanghai NorthCh - Nagoya,SEA,PILOT_TO_PILOT,1,547,502,2,3,SMLtb,BtwSaki,30.98141530207378,124.7357946118037,92.07999737315282,12.0,109.46442915779694,712.6457824707472
548,Shanghai NorthCh - Nagoya,SEA,PILOT_TO_PILOT,1,548,503,2,3,SMLtb,BtwSaki,30.981236033410266,124.7396737979416,92.07999737315282,12.0,109.66439933839779,712.4458122901465
549,Shanghai NorthCh - Nagoya,SEA,PILOT_TO_PILOT,1,549,504,2,3,SMLtb,BtwSaki,30.981056648839512,124.74355296949999,92.07999737315282,12.0,109.86436951899864,712.2458421095456
550,Shanghai NorthCh - Nagoya,SEA,PILOT_TO_PILOT,1,550,505,2,3,SMLtb,BtwSaki,30.98087714836279,124.74743212646959,92.07999737315282,12.0,110.06433969959949,712.0458719289447
551,Shanghai NorthCh - Nagoya,SEA,PILOT_TO_PILOT,1,551,506,2,3,SMLtb,BtwSaki,30.980697531981352,124.7513112688411,92.07999737315282,12.0,110.26430988020033,711.8459017483439
552,Shanghai NorthCh - Nagoya,SEA,PILOT_TO_PILOT,1,552,507,2,3,SMLtb,BtwSaki,30.980517799696454,124.75519039660533,92.07999737315282,12.0,110.46428006080117,711.645931567743
553,Shanghai NorthCh - Nagoya,SEA,PILOT_TO_PILOT,1,553,508,2,3,SMLtb,BtwSaki,30.980337951509366,124.75906950975295,92.07999737315282,12.0,110.66425024140203,711.4459613871422
554,Shanghai NorthCh - Nagoya,SEA,PILOT_TO_PILOT,1,554,509,2,3,SMLtb,BtwSaki,30.98015798742134,124.76294860827475,92.07999737315282,12.0,110.86422042200287,711.2459912065414
555,Shanghai NorthCh - Nagoya,SEA,PILOT_TO_PILOT,1,555,510,2,3,SMLtb,BtwSaki,30.979977907433643,124.76682769216141,92.07999737315282,12.0,111.06419060260372,711.0460210259405
556,Shanghai NorthCh - Nagoya,SEA,PILOT_TO_PILOT,1,556,511,2,3,SMLtb,BtwSaki,30.97979771154753,124.77070676140372,92.07999737315282,12.0,111.26416078320457,710.8460508453396
557,Shanghai NorthCh - Nagoya,SEA,PILOT_TO_PILOT,1,557,512,2,3,SMLtb,BtwSaki,30.979617399764287,124.77458581599235,92.07999737315282,12.0,111.46413096380542,710.6460806647387
558,Shanghai NorthCh - Nagoya,SEA,PILOT_TO_PILOT,1,558,513,2,3,SMLtb,BtwSaki,30.979436972085143,124.77846485591813,92.07999737315282,12.0,111.66410114440626,710.446110484138
559,Shanghai NorthCh - Nagoya,SEA,PILOT_TO_PILOT,1,559,514,2,3,SMLtb,BtwSaki,30.979256428511384,124.78234388117174,92.07999737315282,12.0,111.86407132500712,710.2461403035371
560,Shanghai NorthCh - Nagoya,SEA,PILOT_TO_PILOT,1,560,515,2,3,SMLtb,BtwSaki,30.979075769044286,124.78622289174392,92.07999737315282,12.0,112.06404150560796,710.0461701229362
561,Shanghai NorthCh - Nagoya,SEA,PILOT_TO_PILOT,1,561,516,2,3,SMLtb,BtwSaki,30.9788949936851,124.79010188762543,92.07999737315282,12.0,112.2640116862088,709.8461999423354
562,Shanghai NorthCh - Nagoya,SEA,PILOT_TO_PILOT,1,562,517,2,3,SMLtb,BtwSaki,30.9787141024351,124.79398086880697,92.07999737315282,12.0,112.46398186680966,709.6462297617345
563,Shanghai NorthCh - Nagoya,SEA,PILOT_TO_PILOT,1,563,518,2,3,SMLtb,BtwSaki,30.978533095295553,124.79785983527934,92.07999737315282,12.0,112.6639520474105,709.4462595811337
564,Shanghai NorthCh - Nagoya,SEA,PILOT_TO_PILOT,1,564,519,2,3,SMLtb,BtwSaki,30.978351972267717,124.80173878703324,92.07999737315282,12.0,112.86392222801135,709.2462894005329
565,Shanghai NorthCh - Nagoya,SEA,PILOT_TO_PILOT,1,565,520,2,3,SMLtb,BtwSaki,30.978170733352883,124.80561772405943,92.07999737315282,12.0,113.06389240861219,709.046319219932
566,Shanghai NorthCh - Nagoya,SEA,PILOT_TO_PILOT,1,566,521,2,3,SMLtb,BtwSaki,30.97798937855231,124.80949664634862,92.07999737315282,12.0,113.26386258921305,708.8463490393311
567,Shanghai NorthCh - Nagoya,SEA,PILOT_TO_PILOT,1,567,522,2,3,SMLtb,BtwSaki,30.977807907867273,124.8133755538916,92.07999737315282,12.0,113.46383276981389,708.6463788587304
568,Shanghai NorthCh - Nagoya,SEA,PILOT_TO_PILOT,1,568,523,2,3,SMLtb,BtwSaki,30.977626321299045,124.81725444667909,92.07999737315282,12.0,113.66380295041473,708.4464086781295
569,Shanghai NorthCh - Nagoya,SEA,PILOT_TO_PILOT,1,569,524,2,3,SMLtb,BtwSaki,30.977444618848878,124.8211333247018,92.07999737315282,12.0,113.86377313101559,708.2464384975286
570,Shanghai NorthCh - Nagoya,SEA,PILOT_TO_PILOT,1,570,525,2,3,SMLtb,BtwSaki,30.977262800518083,124.82501218795052,92.07999737315282,12.0,114.06374331161643,708.0464683169278
571,Shanghai NorthCh - Nagoya,SEA,PILOT_TO_PILOT,1,571,526,2,3,SMLtb,BtwSaki,30.97708086630792,124.828891036416,92.07999737315282,12.0,114.26371349221728,707.846498136327
572,Shanghai NorthCh - Nagoya,SEA,PILOT_TO_PILOT,1,572,527,2,3,SMLtb,BtwSaki,30.976898816219652,124.83276987008892,92.07999737315282,12.0,114.46368367281814,707.6465279557261
573,Shanghai NorthCh - Nagoya,SEA,PILOT_TO_PILOT,1,573,528,2,3,SMLtb,BtwSaki,30.976716650254563,124.83664868896007,92.07999737315282,12.0,114.66365385341898,707.4465577751253
574,Shanghai NorthCh - Nagoya,SEA,PILOT_TO_PILOT,1,574,529,2,3,SMLtb,BtwSaki,30.97653436841394,124.84052749302022,92.07999737315282,12.0,114.86362403401982,707.2465875945244
575,Shanghai NorthCh - Nagoya,SEA,PILOT_TO_PILOT,1,575,530,2,3,SMLtb,BtwSaki,30.976351970699042,124.84440628226007,92.07999737315282,12.0,115.06359421462066,707.0466174139235
576,Shanghai NorthCh - Nagoya,SEA,PILOT_TO_PILOT,1,576,531,2,3,SMLtb,BtwSaki,30.97616945711117,124.84828505667036,92.07999737315282,12.0,115.26356439522152,706.8466472333228
577,Shanghai NorthCh - Nagoya,SEA,PILOT_TO_PILOT,1,577,532,2,3,SMLtb,BtwSaki,30.975986827651585,124.85216381624188,92.07999737315282,12.0,115.46353457582237,706.6466770527219
578,Shanghai NorthCh - Nagoya,SEA,PILOT_TO_PILOT,1,578,533,2,3,SMLtb,BtwSaki,30.975804082321577,124.85604256096534,92.07999737315282,12.0,115.66350475642321,706.446706872121
579,Shanghai NorthCh - Nagoya,SEA,PILOT_TO_PILOT,1,579,534,2,3,SMLtb,BtwSaki,30.975621221122427,124.85992129083151,92.07999737315282,12.0,115.86347493702407,706.2467366915201
580,Shanghai NorthCh - Nagoya,SEA,PILOT_TO_PILOT,1,580,535,2,3,SMLtb,BtwSaki,30.975438244055415,124.86380000583114,92.07999737315282,12.0,116.06344511762491,706.0467665109193
581,Shanghai NorthCh - Nagoya,SEA,PILOT_TO_PILOT,1,581,536,2,3,SMLtb,BtwSaki,30.97525515112182,124.86767870595492,92.07999737315282,12.0,116.26341529822575,705.8467963303185
582,Shanghai NorthCh - Nagoya,SEA,PILOT_TO_PILOT,1,582,537,2,3,SMLtb,BtwSaki,30.97507194232293,124.87155739119369,92.07999737315282,12.0,116.46338547882661,705.6468261497176
583,Shanghai NorthCh - Nagoya,SEA,PILOT_TO_PILOT,1,583,538,2,3,SMLtb,BtwSaki,30.974888617660028,124.87543606153812,92.07999737315282,12.0,116.66335565942745,705.4468559691168
584,Shanghai NorthCh - Nagoya,SEA,PILOT_TO_PILOT,1,584,539,2,3,SMLtb,BtwSaki,30.9747051771344,124.87931471697901,92.07999737315282,12.0,116.8633258400283,705.2468857885159
585,Shanghai NorthCh - Nagoya,SEA,PILOT_TO_PILOT,1,585,540,2,3,SMLtb,BtwSaki,30.974521620747325,124.8831933575071,92.07999737315282,12.0,117.06329602062915,705.046915607915
586,Shanghai NorthCh - Nagoya,SEA,PILOT_TO_PILOT,1,586,541,2,3,SMLtb,BtwSaki,30.974337948500107,124.8870719831131,92.07999737315282,12.0,117.26326620123,704.8469454273143
587,Shanghai NorthCh - Nagoya,SEA,PILOT_TO_PILOT,1,587,542,2,3,SMLtb,BtwSaki,30.974154160394026,124.8909505937878,92.07999737315282,12.0,117.46323638183084,704.6469752467134
588,Shanghai NorthCh - Nagoya,SEA,PILOT_TO_PILOT,1,588,543,2,3,SMLtb,BtwSaki,30.973970256430356,124.89482918952196,92.07999737315282,12.0,117.66320656243168,704.4470050661125
589,Shanghai NorthCh - Nagoya,SEA,PILOT_TO_PILOT,1,589,544,2,3,SMLtb,BtwSaki,30.973786236610405,124.89870777030629,92.07999737315282,12.0,117.86317674303254,704.2470348855117
590,Shanghai NorthCh - Nagoya,SEA,PILOT_TO_PILOT,1,590,545,2,3,SMLtb,BtwSaki,30.97360210093545,124.90258633613156,92.07999737315282,12.0,118.06314692363338,704.0470647049108
591,Shanghai NorthCh - Nagoya,SEA,PILOT_TO_PILOT,1,591,546,2,3,SMLtb,BtwSaki,30.973417849406797,124.90646488698854,92.07999737315282,12.0,118.26311710423423,703.84709452431
592,Shanghai NorthCh - Nagoya,SEA,PILOT_TO_PILOT,1,592,547,2,3,SMLtb,BtwSaki,30.97323348202572,124.91034342286798,92.07999737315282,12.0,118.46308728483508,703.6471243437092
593,Shanghai NorthCh - Nagoya,SEA,PILOT_TO_PILOT,1,593,548,2,3,SMLtb,BtwSaki,30.973048998793523,124.91422194376058,92.07999737315282,12.0,118.66305746543593,703.4471541631083
594,Shanghai NorthCh - Nagoya,SEA,PILOT_TO_PILOT,1,594,549,2,3,SMLtb,BtwSaki,30.972864399711494,124.91810044965716,92.07999737315282,12.0,118.86302764603677,703.2471839825074
595,Shanghai NorthCh - Nagoya,SEA,PILOT_TO_PILOT,1,595,550,2,3,SMLtb,BtwSaki,30.972679684780925,124.92197894054844,92.07999737315282,12.0,119.06299782663763,703.0472138019065
596,Shanghai NorthCh - Nagoya,SEA,PILOT_TO_PILOT,1,596,551,2,3,SMLtb,BtwSaki,30.972494854003113,124.92585741642519,92.07999737315282,12.0,119.26296800723847,702.8472436213058
597,Shanghai NorthCh - Nagoya,SEA,PILOT_TO_PILOT,1,597,552,2,3,SMLtb,BtwSaki,30.972309907379355,124.92973587727813,92.07999737315282,12.0,119.46293818783931,702.6472734407049
598,Shanghai NorthCh - Nagoya,SEA,PILOT_TO_PILOT,1,598,553,2,3,SMLtb,BtwSaki,30.972124844910958,124.93361432309808,92.07999737315282,12.0,119.66290836844016,702.447303260104
599,Shanghai NorthCh - Nagoya,SEA,PILOT_TO_PILOT,1,599,554,2,3,SMLtb,BtwSaki,30.971939666599194,124.93749275387573,92.07999737315282,12.0,119.86287854904101,702.2473330795032
600,Shanghai NorthCh - Nagoya,SEA,PILOT_TO_PILOT,1,600,555,2,3,SMLtb,BtwSaki,30.971754372445385,124.94137116960185,92.07999737315282,12.0,120.06284872964186,702.0473628989024
601,Shanghai NorthCh - Nagoya,SEA,PILOT_TO_PILOT,1,601,556,2,3,SMLtb,BtwSaki,30.97156896245082,124.94524957026722,92.07999737315282,12.0,120.2628189102427,701.8473927183015
602,Shanghai NorthCh - Nagoya,SEA,PILOT_TO_PILOT,1,602,557,2,3,SMLtb,BtwSaki,30.971383436616787,124.94912795586261,92.07999737315282,12.0,120.46278909084356,701.6474225377007
603,Shanghai NorthCh - Nagoya,SEA,PILOT_TO_PILOT,1,603,558,2,3,SMLtb,BtwSaki,30.97119779494462,124.95300632637871,92.07999737315282,12.0,120.6627592714444,701.4474523570998
604,Shanghai NorthCh - Nagoya,SEA,PILOT_TO_PILOT,1,604,559,2,3,SMLtb,BtwSaki,30.971012037435568,124.95688468180633,92.07999737315282,12.0,120.86272945204524,701.247482176499
605,Shanghai NorthCh - Nagoya,SEA,PILOT_TO_PILOT,1,605,560,2,3,SMLtb,BtwSaki,30.970826164090983,124.9607630221362,92.07999737315282,12.0,121.0626996326461,701.0475119958982
606,Shanghai NorthCh - Nagoya,SEA,PILOT_TO_PILOT,1,606,561,2,3,SMLtb,BtwSaki,30.97064017491214,124.96464134735913,92.07999737315282,12.0,121.26266981324694,700.8475418152973
607,Shanghai NorthCh - Nagoya,SEA,PILOT_TO_PILOT,1,607,562,2,3,SMLtb,BtwSaki,30.970454069900356,124.96851965746582,92.07999737315282,12.0,121.46263999384779,700.6475716346964
608,Shanghai NorthCh - Nagoya,SEA,PILOT_TO_PILOT,1,608,563,2,3,SMLtb,BtwSaki,30.970267849056935,124.97239795244705,92.07999737315282,12.0,121.66261017444864,700.4476014540955
609,Shanghai NorthCh - Nagoya,SEA,PILOT_TO_PILOT,1,609,564,2,3,SMLtb,BtwSaki,30.970081512383164,124.97627623229359,92.07999737315282,12.0,121.86258035504949,700.2476312734948
610,Shanghai NorthCh - Nagoya,SEA,PILOT_TO_PILOT,1,610,565,2,3,SMLtb,BtwSaki,30.96989505988036,124.98015449699618,92.07999737315282,12.0,122.06255053565033,700.0476610928939
611,Shanghai NorthCh - Nagoya,SEA,PILOT_TO_PILOT,1,611,566,2,3,SMLtb,BtwSaki,30.969708491549838,124.9840327465456,92.07999737315282,12.0,122.26252071625117,699.847690912293
612,Shanghai NorthCh - Nagoya,SEA,PILOT_TO_PILOT,1,612,567,2,3,SMLtb,BtwSaki,30.969521807392898,124.9879109809326,92.07999737315282,12.0,122.46249089685203,699.6477207316922
613,Shanghai NorthCh - Nagoya,SEA,PILOT_TO_PILOT,1,613,568,2,3,SMLtb,BtwSaki,30.969335007410844,124.99178920014792,92.07999737315282,12.0,122.66246107745287,699.4477505510913
614,Shanghai NorthCh - Nagoya,SEA,PILOT_TO_PILOT,1,614,569,2,3,SMLtb,BtwSaki,30.969148091604993,124.99566740418237,92.07999737315282,12.0,122.86243125805372,699.2477803704905
615,Shanghai NorthCh - Nagoya,SEA,PILOT_TO_PILOT,1,615,570,2,3,SMLtb,BtwSaki,30.96896105997665,124.99954559302668,92.07999737315282,12.0,123.06240143865458,699.0478101898897
616,Shanghai NorthCh - Nagoya,SEA,PILOT_TO_PILOT,1,616,571,2,3,SMLtb,BtwSaki,30.968773912527126,125.0034237666716,92.07999737315282,12.0,123.26237161925542,698.8478400092888
617,Shanghai NorthCh - Nagoya,SEA,PILOT_TO_PILOT,1,617,572,2,3,SMLtb,BtwSaki,30.96858664925774,125.00730192510794,92.07999737315282,12.0,123.46234179985626,698.6478698286879
618,Shanghai NorthCh - Nagoya,SEA,PILOT_TO_PILOT,1,618,573,2,3,SMLtb,BtwSaki,30.968399270169794,125.01118006832642,92.07999737315282,12.0,123.66231198045712,698.4478996480871
619,Shanghai NorthCh - Nagoya,SEA,PILOT_TO_PILOT,1,619,574,2,3,SMLtb,BtwSaki,30.968211775264606,125.01505819631781,92.07999737315282,12.0,123.86228216105796,698.2479294674863
620,Shanghai NorthCh - Nagoya,SEA,PILOT_TO_PILOT,1,620,575,2,3,SMLtb,BtwSaki,30.968024164543497,125.0189363090729,92.07999737315282,12.0,124.0622523416588,698.0479592868854
621,Shanghai NorthCh - Nagoya,SEA,PILOT_TO_PILOT,1,621,576,2,3,SMLtb,BtwSaki,30.967836438007765,125.02281440658243,92.07999737315282,12.0,124.26222252225966,697.8479891062846
622,Shanghai NorthCh - Nagoya,SEA,PILOT_TO_PILOT,1,622,577,2,3,SMLtb,BtwSaki,30.967648595658734,125.02669248883717,92.07999737315282,12.0,124.4621927028605,697.6480189256837
623,Shanghai NorthCh - Nagoya,SEA,PILOT_TO_PILOT,1,623,578,2,3,SMLtb,BtwSaki,30.967460637497716,125.03057055582788,92.07999737315282,12.0,124.66216288346135,697.4480487450828
624,Shanghai NorthCh - Nagoya,SEA,PILOT_TO_PILOT,1,624,579,2,3,SMLtb,BtwSaki,30.967272563526045,125.03444860754534,92.07999737315282,12.0,124.86213306406219,697.2480785644821
625,Shanghai NorthCh - Nagoya,SEA,PILOT_TO_PILOT,1,625,580,2,3,SMLtb,BtwSaki,30.967084373745024,125.03832664398033,92.07999737315282,12.0,125.06210324466305,697.0481083838812
626,Shanghai NorthCh - Nagoya,SEA,PILOT_TO_PILOT,1,626,581,2,3,SMLtb,BtwSaki,30.966896068155965,125.04220466512356,92.07999737315282,12.0,125.26207342526389,696.8481382032803
627,Shanghai NorthCh - Nagoya,SEA,PILOT_TO_PILOT,1,627,582,2,3,SMLtb,BtwSaki,30.9667076467602,125.04608267096586,92.07999737315282,12.0,125.46204360586474,696.6481680226794
628,Shanghai NorthCh - Nagoya,SEA,PILOT_TO_PILOT,1,628,583,2,3,SMLtb,BtwSaki,30.966519109559048,125.04996066149795,92.07999737315282,12.0,125.6620137864656,696.4481978420786
629,Shanghai NorthCh - Nagoya,SEA,PILOT_TO_PILOT,1,629,584,2,3,SMLtb,BtwSaki,30.966330456553827,125.05383863671062,92.07999737315282,12.0,125.86198396706644,696.2482276614778
630,Shanghai NorthCh - Nagoya,SEA,PILOT_TO_PILOT,1,630,585,2,3,SMLtb,BtwSaki,30.966141687745857,125.05771659659464,92.07999737315282,12.0,126.06195414766728,696.0482574808769
631,Shanghai NorthCh - Nagoya,SEA,PILOT_TO_PILOT,1,631,586,2,3,SMLtb,BtwSaki,30.965952803136474,125.06159454114079,92.07999737315282,12.0,126.26192432826814,695.8482873002761
632,Shanghai NorthCh - Nagoya,SEA,PILOT_TO_PILOT,1,632,587,2,3,SMLtb,BtwSaki,30.965763802726986,125.0654724703398,92.07999737315282,12.0,126.46189450886898,695.6483171196752
633,Shanghai NorthCh - Nagoya,SEA,PILOT_TO_PILOT,1,633,588,2,3,SMLtb,BtwSaki,30.965574686518714,125.06935038418248,92.07999737315282,12.0,126.66186468946982,695.4483469390744
634,Shanghai NorthCh - Nagoya,SEA,PILOT_TO_PILOT,1,634,589,2,3,SMLtb,BtwSaki,30.965385454512997,125.07322828265958,92.07999737315282,12.0,126.86183487007067,695.2483767584736
635,Shanghai NorthCh - Nagoya,SEA,PILOT_TO_PILOT,1,635,590,2,3,SMLtb,BtwSaki,30.965196106711158,125.07710616576188,92.07999737315282,12.0,127.06180505067152,695.0484065778727
636,Shanghai NorthCh - Nagoya,SEA,PILOT_TO_PILOT,1,636,591,2,3,SMLtb,BtwSaki,30.96500664311451,125.08098403348012,92.07999737315282,12.0,127.26177523127237,694.8484363972718
637,Shanghai NorthCh - Nagoya,SEA,PILOT_TO_PILOT,1,637,592,2,3,SMLtb,BtwSaki,30.9648170637244,125.08486188580513,92.07999737315282,12.0,127.46174541187321,694.6484662166711
638,Shanghai NorthCh - Nagoya,SEA,PILOT_TO_PILOT,1,638,593,2,3,SMLtb,BtwSaki,30.964627368542146,125.08873972272765,92.07999737315282,12.0,127.66171559247407,694.4484960360702
639,Shanghai NorthCh - Nagoya,SEA,PILOT_TO_PILOT,1,639,594,2,3,SMLtb,BtwSaki,30.964437557569074,125.09261754423842,92.07999737315282,12.0,127.86168577307491,694.2485258554693
640,Shanghai NorthCh - Nagoya,SEA,PILOT_TO_PILOT,1,640,595,2,3,SMLtb,BtwSaki,30.964247630806522,125.09649535032827,92.07999737315282,12.0,128.06165595367577,694.0485556748685
641,Shanghai NorthCh - Nagoya,SEA,PILOT_TO_PILOT,1,641,596,2,3,SMLtb,BtwSaki,30.96405758825581,125.10037314098794,92.07999737315282,12.0,128.2616261342766,693.8485854942676
642,Shanghai NorthCh - Nagoya,SEA,PILOT_TO_PILOT,1,642,597,2,3,SMLtb,BtwSaki,30.963867429918285,125.1042509162082,92.07999737315282,12.0,128.46159631487745,693.6486153136668
643,Shanghai NorthCh - Nagoya,SEA,PILOT_TO_PILOT,1,643,598,2,3,SMLtb,BtwSaki,30.96367715579526,125.10812867597986,92.07999737315282,12.0,128.6615664954783,693.448645133066
644,Shanghai NorthCh - Nagoya,SEA,PILOT_TO_PILOT,1,644,599,2,3,SMLtb,BtwSaki,30.96348676588808,125.11200642029364,92.07999737315282,12.0,128.86153667607917,693.2486749524651
645,Shanghai NorthCh - Nagoya,SEA,PILOT_TO_PILOT,1,645,600,2,3,SMLtb,BtwSaki,30.96329626019808,125.11588414914034,92.07999737315282,12.0,129.06150685668,693.0487047718642
646,Shanghai NorthCh - Nagoya,SEA,PILOT_TO_PILOT,1,646,601,2,3,SMLtb,BtwSaki,30.963105638726596,125.11976186251076,92.07999737315282,12.0,129.26147703728086,692.8487345912633
647,Shanghai NorthCh - Nagoya,SEA,PILOT_TO_PILOT,1,647,602,2,3,SMLtb,BtwSaki,30.962914901474946,125.12363956039566,92.07999737315282,12.0,129.4614472178817,692.6487644106626
648,Shanghai NorthCh - Nagoya,SEA,PILOT_TO_PILOT,1,648,603,2,3,SMLtb,BtwSaki,30.96272404844449,125.12751724278579,92.07999737315282,12.0,129.66141739848254,692.4487942300617
649,Shanghai NorthCh - Nagoya,SEA,PILOT_TO_PILOT,1,649,604,2,3,SMLtb,BtwSaki,30.962533079636554,125.13139490967197,92.07999737315282,12.0,129.86138757908338,692.2488240494608
650,Shanghai NorthCh - Nagoya,SEA,PILOT_TO_PILOT,1,650,605,2,3,SMLtb,BtwSaki,30.962341995052462,125.13527256104491,92.07999737315282,12.0,130.06135775968423,692.04885386886
651,Shanghai NorthCh - Nagoya,SEA,PILOT_TO_PILOT,1,651,606,2,3,SMLtb,BtwSaki,30.962150794693574,125.13915019689547,92.07999737315282,12.0,130.2613279402851,691.8488836882591
652,Shanghai NorthCh - Nagoya,SEA,PILOT_TO_PILOT,1,652,607,2,3,SMLtb,BtwSaki,30.961959478561226,125.14302781721437,92.07999737315282,12.0,130.46129812088594,691.6489135076583
653,Shanghai NorthCh - Nagoya,SEA,PILOT_TO_PILOT,1,653,608,2,3,SMLtb,BtwSaki,30.961768046656747,125.14690542199243,92.07999737315282,12.0,130.66126830148679,691.4489433270575
654,Shanghai NorthCh - Nagoya,SEA,PILOT_TO_PILOT,1,654,609,2,3,SMLtb,BtwSaki,30.961576498981493,125.15078301122038,92.07999737315282,12.0,130.86123848208763,691.2489731464566
655,Shanghai NorthCh - Nagoya,SEA,PILOT_TO_PILOT,1,655,610,2,3,SMLtb,BtwSaki,30.961384835536787,125.15466058488904,92.07999737315282,12.0,131.06120866268847,691.0490029658557
656,Shanghai NorthCh - Nagoya,SEA,PILOT_TO_PILOT,1,656,611,2,3,SMLtb,BtwSaki,30.961193056323985,125.15853814298919,92.07999737315282,12.0,131.26117884328931,690.8490327852548
657,Shanghai NorthCh - Nagoya,SEA,PILOT_TO_PILOT,1,657,612,2,3,SMLtb,BtwSaki,30.96100116134442,125.16241568551155,92.07999737315282,12.0,131.46114902389016,690.6490626046541
658,Shanghai NorthCh - Nagoya,SEA,PILOT_TO_PILOT,1,658,613,2,3,SMLtb,BtwSaki,30.960809150599456,125.16629321244699,92.07999737315282,12.0,131.66111920449103,690.4490924240532
659,Shanghai NorthCh - Nagoya,SEA,PILOT_TO_PILOT,1,659,614,2,3,SMLtb,BtwSaki,30.960617024090418,125.17017072378621,92.07999737315282,12.0,131.86108938509187,690.2491222434523
660,Shanghai NorthCh - Nagoya,SEA,PILOT_TO_PILOT,1,660,615,2,3,SMLtb,BtwSaki,30.96042478181866,125.17404821952006,92.07999737315282,12.0,132.06105956569272,690.0491520628515
661,Shanghai NorthCh - Nagoya,SEA,PILOT_TO_PILOT,1,661,616,2,3,SMLtb,BtwSaki,30.960232423785516,125.17792569963925,92.07999737315282,12.0,132.26102974629356,689.8491818822506
662,Shanghai NorthCh - Nagoya,SEA,PILOT_TO_PILOT,1,662,617,2,3,SMLtb,BtwSaki,30.960039949992357,125.18180316413464,92.07999737315282,12.0,132.4609999268944,689.6492117016498
663,Shanghai NorthCh - Nagoya,SEA,PILOT_TO_PILOT,1,663,618,2,3,SMLtb,BtwSaki,30.95984736044052,125.18568061299695,92.07999737315282,12.0,132.66097010749525,689.449241521049
664,Shanghai NorthCh - Nagoya,SEA,PILOT_TO_PILOT,1,664,619,2,3,SMLtb,BtwSaki,30.95965465513135,125.189558046217,92.07999737315282,12.0,132.86094028809612,689.2492713404481
665,Shanghai NorthCh - Nagoya,SEA,PILOT_TO_PILOT,1,665,620,2,3,SMLtb,BtwSaki,30.959461834066193,125.19343546378555,92.07999737315282,12.0,133.06091046869696,689.0493011598472
666,Shanghai NorthCh - Nagoya,SEA,PILOT_TO_PILOT,1,666,621,2,3,SMLtb,BtwSaki,30.95926889724641,125.1973128656934,92.07999737315282,12.0,133.2608806492978,688.8493309792464
667,Shanghai NorthCh - Nagoya,SEA,PILOT_TO_PILOT,1,667,622,2,3,SMLtb,BtwSaki,30.95907584467335,125.20119025193132,92.07999737315282,12.0,133.46085082989865,688.6493607986456
668,Shanghai NorthCh - Nagoya,SEA,PILOT_TO_PILOT,1,668,623,2,3,SMLtb,BtwSaki,30.95888267634836,125.2050676224901,92.07999737315282,12.0,133.6608210104995,688.4493906180447
669,Shanghai NorthCh - Nagoya,SEA,PILOT_TO_PILOT,1,669,624,2,3,SMLtb,BtwSaki,30.9586893922728,125.20894497736056,92.07999737315282,12.0,133.86079119110033,688.2494204374439
670,Shanghai NorthCh - Nagoya,SEA,PILOT_TO_PILOT,1,670,625,2,3,SMLtb,BtwSaki,30.95849599244801,125.21282231653342,92.07999737315282,12.0,134.06076137170118,688.0494502568431
671,Shanghai NorthCh - Nagoya,SEA,PILOT_TO_PILOT,1,671,626,2,3,SMLtb,BtwSaki,30.958302476875357,125.2166996399995,92.07999737315282,12.0,134.26073155230205,687.8494800762421
672,Shanghai NorthCh - Nagoya,SEA,PILOT_TO_PILOT,1,672,627,2,3,SMLtb,BtwSaki,30.958108845556193,125.2205769477496,92.07999737315282,12.0,134.4607017329029,687.6495098956414
673,Shanghai NorthCh - Nagoya,SEA,PILOT_TO_PILOT,1,673,628,2,3,SMLtb,BtwSaki,30.957915098491874,125.22445423977452,92.07999737315282,12.0,134.66067191350373,687.4495397150405
674,Shanghai NorthCh - Nagoya,SEA,PILOT_TO_PILOT,1,674,629,2,3,SMLtb,BtwSaki,30.957721235683763,125.22833151606498,92.07999737315282,12.0,134.86064209410458,687.2495695344396
675,Shanghai NorthCh - Nagoya,SEA,PILOT_TO_PILOT,1,675,630,2,3,SMLtb,BtwSaki,30.957527257133204,125.23220877661181,92.07999737315282,12.0,135.06061227470542,687.0495993538389
676,Shanghai NorthCh - Nagoya,SEA,PILOT_TO_PILOT,1,676,631,2,3,SMLtb,BtwSaki,30.95733316284157,125.23608602140581,92.07999737315282,12.0,135.26058245530626,686.849629173238
677,Shanghai NorthCh - Nagoya,SEA,PILOT_TO_PILOT,1,677,632,2,3,SMLtb,BtwSaki,30.957138952810205,125.23996325043777,92.07999737315282,12.0,135.46055263590713,686.6496589926371
678,Shanghai NorthCh - Nagoya,SEA,PILOT_TO_PILOT,1,678,633,2,3,SMLtb,BtwSaki,30.956944627040475,125.24384046369845,92.07999737315282,12.0,135.66052281650798,686.4496888120362
679,Shanghai NorthCh - Nagoya,SEA,PILOT_TO_PILOT,1,679,634,2,3,SMLtb,BtwSaki,30.956750185533753,125.24771766117864,92.07999737315282,12.0,135.86049299710882,686.2497186314354
680,Shanghai NorthCh - Nagoya,SEA,PILOT_TO_PILOT,1,680,635,2,3,SMLtb,BtwSaki,30.956555628291376,125.25159484286917,92.07999737315282,12.0,136.06046317770966,686.0497484508346
681,Shanghai NorthCh - Nagoya,SEA,PILOT_TO_PILOT,1,681,636,2,3,SMLtb,BtwSaki,30.95636095531473,125.25547200876078,92.07999737315282,12.0,136.2604333583105,685.8497782702337
682,Shanghai NorthCh - Nagoya,SEA,PILOT_TO_PILOT,1,682,637,2,3,SMLtb,BtwSaki,30.956166166605165,125.25934915884432,92.07999737315282,12.0,136.46040353891135,685.6498080896329
683,Shanghai NorthCh - Nagoya,SEA,PILOT_TO_PILOT,1,683,638,2,3,SMLtb,BtwSaki,30.955971262164056,125.2632262931105,92.07999737315282,12.0,136.6603737195122,685.449837909032
684,Shanghai NorthCh - Nagoya,SEA,PILOT_TO_PILOT,1,684,639,2,3,SMLtb,BtwSaki,30.955776241992755,125.26710341155021,92.07999737315282,12.0,136.86034390011307,685.2498677284311
685,Shanghai NorthCh - Nagoya,SEA,PILOT_TO_PILOT,1,685,640,2,3,SMLtb,BtwSaki,30.955581106092634,125.27098051415418,92.07999737315282,12.0,137.0603140807139,685.0498975478304
686,Shanghai NorthCh - Nagoya,SEA,PILOT_TO_PILOT,1,686,641,2,3,SMLtb,BtwSaki,30.955385854465057,125.27485760091318,92.07999737315282,12.0,137.26028426131475,684.8499273672295
687,Shanghai NorthCh - Nagoya,SEA,PILOT_TO_PILOT,1,687,642,2,3,SMLtb,BtwSaki,30.955190487111405,125.27873467181806,92.07999737315282,12.0,137.4602544419156,684.6499571866286
688,Shanghai NorthCh - Nagoya,SEA,PILOT_TO_PILOT,1,688,643,2,3,SMLtb,BtwSaki,30.954995004033016,125.28261172685957,92.07999737315282,12.0,137.66022462251644,684.4499870060278
689,Shanghai NorthCh - Nagoya,SEA,PILOT_TO_PILOT,1,689,644,2,3,SMLtb,BtwSaki,30.954799405231288,125.28648876602858,92.07999737315282,12.0,137.86019480311728,684.2500168254269
690,Shanghai NorthCh - Nagoya,SEA,PILOT_TO_PILOT,1,690,645,2,3,SMLtb,BtwSaki,30.95460369070757,125.29036578931577,92.07999737315282,12.0,138.06016498371812,684.0500466448261
691,Shanghai NorthCh - Nagoya,SEA,PILOT_TO_PILOT,1,691,646,2,3,SMLtb,BtwSaki,30.95440786046325,125.29424279671203,92.07999737315282,12.0,138.26013516431897,683.8500764642253
692,Shanghai NorthCh - Nagoya,SEA,PILOT_TO_PILOT,1,692,647,2,3,SMLtb,BtwSaki,30.95421191449967,125.2981197882081,92.07999737315282,12.0,138.46010534491984,683.6501062836244
693,Shanghai NorthCh - Nagoya,SEA,PILOT_TO_PILOT,1,693,648,2,3,SMLtb,BtwSaki,30.954015852818245,125.3019967637948,92.07999737315282,12.0,138.66007552552068,683.4501361030235
694,Shanghai NorthCh - Nagoya,SEA,PILOT_TO_PILOT,1,694,649,2,3,SMLtb,BtwSaki,30.953819675420316,125.30587372346295,92.07999737315282,12.0,138.86004570612153,683.2501659224226
695,Shanghai NorthCh - Nagoya,SEA,PILOT_TO_PILOT,1,695,650,2,3,SMLtb,BtwSaki,30.953623382307267,125.30975066720328,92.07999737315282,12.0,139.06001588672237,683.0501957418219
696,Shanghai NorthCh - Nagoya,SEA,PILOT_TO_PILOT,1,696,651,2,3,SMLtb,BtwSaki,30.953426973480468,125.31362759500662,92.07999737315282,12.0,139.2599860673232,682.850225561221
697,Shanghai NorthCh - Nagoya,SEA,PILOT_TO_PILOT,1,697,652,2,3,SMLtb,BtwSaki,30.95323044894129,125.3175045068638,92.07999737315282,12.0,139.45995624792405,682.6502553806201
698,Shanghai NorthCh - Nagoya,SEA,PILOT_TO_PILOT,1,698,653,2,3,SMLtb,BtwSaki,30.95303380869114,125.32138140276558,92.07999737315282,12.0,139.6599264285249,682.4502852000194
699,Shanghai NorthCh - Nagoya,SEA,PILOT_TO_PILOT,1,699,654,2,3,SMLtb,BtwSaki,30.95283705273135,125.32525828270278,92.07999737315282,12.0,139.85989660912577,682.2503150194184
700,Shanghai NorthCh - Nagoya,SEA,PILOT_TO_PILOT,1,700,655,2,3,SMLtb,BtwSaki,30.95264018106332,125.32913514666618,92.07999737315282,12.0,140.0598667897266,682.0503448388176
701,Shanghai NorthCh - Nagoya,SEA,PILOT_TO_PILOT,1,701,656,2,3,SMLtb,BtwSaki,30.95244319368842,125.33301199464658,92.07999737315282,12.0,140.25983697032746,681.8503746582168
702,Shanghai NorthCh - Nagoya,SEA,PILOT_TO_PILOT,1,702,657,2,3,SMLtb,BtwSaki,30.952246090608046,125.33688882663479,92.07999737315282,12.0,140.4598071509283,681.6504044776159
703,Shanghai NorthCh - Nagoya,SEA,PILOT_TO_PILOT,1,703,658,2,3,SMLtb,BtwSaki,30.952048871823564,125.34076564262162,92.07999737315282,12.0,140.65977733152914,681.4504342970151
704,Shanghai NorthCh - Nagoya,SEA,PILOT_TO_PILOT,1,704,659,2,3,SMLtb,BtwSaki,30.95185153733636,125.34464244259784,92.07999737315282,12.0,140.85974751212999,681.2504641164143
705,Shanghai NorthCh - Nagoya,SEA,PILOT_TO_PILOT,1,705,660,2,3,SMLtb,BtwSaki,30.951654087147805,125.3485192265543,92.07999737315282,12.0,141.05971769273086,681.0504939358134
706,Shanghai NorthCh - Nagoya,SEA,PILOT_TO_PILOT,1,706,661,2,3,SMLtb,BtwSaki,30.95145652125929,125.35239599448174,92.07999737315282,12.0,141.2596878733317,680.8505237552125
707,Shanghai NorthCh - Nagoya,SEA,PILOT_TO_PILOT,1,707,662,2,3,SMLtb,BtwSaki,30.9512588396722,125.356272746371,92.07999737315282,12.0,141.45965805393254,680.6505535746116
708,Shanghai NorthCh - Nagoya,SEA,PILOT_TO_PILOT,1,708,663,2,3,SMLtb,BtwSaki,30.951061042387913,125.36014948221289,92.07999737315282,12.0,141.6596282345334,680.4505833940109
709,Shanghai NorthCh - Nagoya,SEA,PILOT_TO_PILOT,1,709,664,2,3,SMLtb,BtwSaki,30.950863129407825,125.36402620199817,92.07999737315282,12.0,141.85959841513423,680.25061321341
710,Shanghai NorthCh - Nagoya,SEA,PILOT_TO_PILOT,1,710,665,2,3,SMLtb,BtwSaki,30.950665100733303,125.36790290571768,92.07999737315282,12.0,142.05956859573507,680.0506430328091
711,Shanghai NorthCh - Nagoya,SEA,PILOT_TO_PILOT,1,711,666,2,3,SMLtb,BtwSaki,30.950466956365744,125.37177959336225,92.07999737315282,12.0,142.25953877633592,679.8506728522083
712,Shanghai NorthCh - Nagoya,SEA,PILOT_TO_PILOT,1,712,667,2,3,SMLtb,BtwSaki,30.95026869630654,125.37565626492261,92.07999737315282,12.0,142.4595089569368,679.6507026716074
713,Shanghai NorthCh - Nagoya,SEA,PILOT_TO_PILOT,1,713,668,2,3,SMLtb,BtwSaki,30.950070320557067,125.37953292038962,92.07999737315282,12.0,142.65947913753763,679.4507324910066
714,Shanghai NorthCh - Nagoya,SEA,PILOT_TO_PILOT,1,714,669,2,3,SMLtb,BtwSaki,30.949871829118724,125.38340955975407,92.07999737315282,12.0,142.85944931813847,679.2507623104058
715,Shanghai NorthCh - Nagoya,SEA,PILOT_TO_PILOT,1,715,670,2,3,SMLtb,BtwSaki,30.94967322199289,125.38728618300676,92.07999737315282,12.0,143.05941949873932,679.0507921298049
716,Shanghai NorthCh - Nagoya,SEA,PILOT_TO_PILOT,1,716,671,2,3,SMLtb,BtwSaki,30.949474499180972,125.39116279013851,92.07999737315282,12.0,143.25938967934016,678.850821949204
717,Shanghai NorthCh - Nagoya,SEA,PILOT_TO_PILOT,1,717,672,2,3,SMLtb,BtwSaki,30.94927566068434,125.39503938114011,92.07999737315282,12.0,143.459359859941,678.6508517686032
718,Shanghai NorthCh - Nagoya,SEA,PILOT_TO_PILOT,1,718,673,2,3,SMLtb,BtwSaki,30.949076706504393,125.39891595600237,92.07999737315282,12.0,143.65933004054187,678.4508815880024
719,Shanghai NorthCh - Nagoya,SEA,PILOT_TO_PILOT,1,719,674,2,3,SMLtb,BtwSaki,30.94887763664253,125.4027925147161,92.07999737315282,12.0,143.85930022114272,678.2509114074015
720,Shanghai NorthCh - Nagoya,SEA,PILOT_TO_PILOT,1,720,675,2,3,SMLtb,BtwSaki,30.948678451100136,125.40666905727211,92.07999737315282,12.0,144.05927040174356,678.0509412268007
721,Shanghai NorthCh - Nagoya,SEA,PILOT_TO_PILOT,1,721,676,2,3,SMLtb,BtwSaki,30.948479149878608,125.41054558366123,92.07999737315282,12.0,144.2592405823444,677.8509710461998
722,Shanghai NorthCh - Nagoya,SEA,PILOT_TO_PILOT,1,722,677,2,3,SMLtb,BtwSaki,30.94827973297935,125.41442209387424,92.07999737315282,12.0,144.45921076294525,677.6510008655989
723,Shanghai NorthCh - Nagoya,SEA,PILOT_TO_PILOT,1,723,678,2,3,SMLtb,BtwSaki,30.948080200403748,125.41829858790192,92.07999737315282,12.0,144.6591809435461,677.4510306849982
724,Shanghai NorthCh - Nagoya,SEA,PILOT_TO_PILOT,1,724,679,2,3,SMLtb,BtwSaki,30.9478805521532,125.42217506573516,92.07999737315282,12.0,144.85915112414693,677.2510605043973
725,Shanghai NorthCh - Nagoya,SEA,PILOT_TO_PILOT,1,725,680,2,3,SMLtb,BtwSaki,30.947680788229096,125.4260515273647,92.07999737315282,12.0,145.0591213047478,677.0510903237964
726,Shanghai NorthCh - Nagoya,SEA,PILOT_TO_PILOT,1,726,681,2,3,SMLtb,BtwSaki,30.94748090863285,125.42992797278137,92.07999737315282,12.0,145.25909148534865,676.8511201431955
727,Shanghai NorthCh - Nagoya,SEA,PILOT_TO_PILOT,1,727,682,2,3,SMLtb,BtwSaki,30.94728091336585,125.43380440197602,92.07999737315282,12.0,145.4590616659495,676.6511499625947
728,Shanghai NorthCh - Nagoya,SEA,PILOT_TO_PILOT,1,728,683,2,3,SMLtb,BtwSaki,30.947080802429504,125.4376808149394,92.07999737315282,12.0,145.65903184655033,676.4511797819939
729,Shanghai NorthCh - Nagoya,SEA,PILOT_TO_PILOT,1,729,684,2,3,SMLtb,BtwSaki,30.946880575825194,125.44155721166236,92.07999737315282,12.0,145.85900202715118,676.251209601393
730,Shanghai NorthCh - Nagoya,SEA,PILOT_TO_PILOT,1,730,685,2,3,SMLtb,BtwSaki,30.94668023355435,125.44543359213571,92.07999737315282,12.0,146.05897220775202,676.0512394207922
731,Shanghai NorthCh - Nagoya,SEA,PILOT_TO_PILOT,1,731,686,2,3,SMLtb,BtwSaki,30.94647977561835,125.44930995635025,92.07999737315282,12.0,146.2589423883529,675.8512692401913
732,Shanghai NorthCh - Nagoya,SEA,PILOT_TO_PILOT,1,732,687,2,3,SMLtb,BtwSaki,30.94627920201861,125.4531863042968,92.07999737315282,12.0,146.45891256895374,675.6512990595904
733,Shanghai NorthCh - Nagoya,SEA,PILOT_TO_PILOT,1,733,688,2,3,SMLtb,BtwSaki,30.946078512756518,125.45706263596618,92.07999737315282,12.0,146.65888274955458,675.4513288789897
734,Shanghai NorthCh - Nagoya,SEA,PILOT_TO_PILOT,1,734,689,2,3,SMLtb,BtwSaki,30.945877707833493,125.46093895134918,92.07999737315282,12.0,146.85885293015542,675.2513586983888
735,Shanghai NorthCh - Nagoya,SEA,PILOT_TO_PILOT,1,735,690,2,3,SMLtb,BtwSaki,30.945676787250935,125.46481525043663,92.07999737315282,12.0,147.05882311075626,675.0513885177879
736,Shanghai NorthCh - Nagoya,SEA,PILOT_TO_PILOT,1,736,691,2,3,SMLtb,BtwSaki,30.945475751010246,125.46869153321936,92.07999737315282,12.0,147.2587932913571,674.8514183371872
737,Shanghai NorthCh - Nagoya,SEA,PILOT_TO_PILOT,1,737,692,2,3,SMLtb,BtwSaki,30.945274599112846,125.47256779968816,92.07999737315282,12.0,147.45876347195795,674.6514481565863
738,Shanghai NorthCh - Nagoya,SEA,PILOT_TO_PILOT,1,738,693,2,3,SMLtb,BtwSaki,30.945073331560135,125.47644404983386,92.07999737315282,12.0,147.65873365255882,674.4514779759854
739,Shanghai NorthCh - Nagoya,SEA,PILOT_TO_PILOT,1,739,694,2,3,SMLtb,BtwSaki,30.944871948353516,125.48032028364729,92.07999737315282,12.0,147.85870383315967,674.2515077953846
740,Shanghai NorthCh - Nagoya,SEA,PILOT_TO_PILOT,1,740,695,2,3,SMLtb,BtwSaki,30.944670449494406,125.48419650111924,92.07999737315282,12.0,148.0586740137605,674.0515376147837
741,Shanghai NorthCh - Nagoya,SEA,PILOT_TO_PILOT,1,741,696,2,3,SMLtb,BtwSaki,30.944468834984207,125.48807270224053,92.07999737315282,12.0,148.25864419436135,673.8515674341829
742,Shanghai NorthCh - Nagoya,SEA,PILOT_TO_PILOT,1,742,697,2,3,SMLtb,BtwSaki,30.944267104824338,125.491948887002,92.07999737315282,12.0,148.4586143749622,673.651597253582
743,Shanghai NorthCh - Nagoya,SEA,PILOT_TO_PILOT,1,743,698,2,3,SMLtb,BtwSaki,30.944065259016213,125.49582505539446,92.07999737315282,12.0,148.65858455556304,673.4516270729812
744,Shanghai NorthCh - Nagoya,SEA,PILOT_TO_PILOT,1,744,699,2,3,SMLtb,BtwSaki,30.94386329756123,125.49970120740869,92.07999737315282,12.0,148.85855473616388,673.2516568923803
745,Shanghai NorthCh - Nagoya,SEA,PILOT_TO_PILOT,1,745,700,2,3,SMLtb,BtwSaki,30.943661220460815,125.50357734303557,92.07999737315282,12.0,149.05852491676475,673.0516867117794
746,Shanghai NorthCh - Nagoya,SEA,PILOT_TO_PILOT,1,746,701,2,3,SMLtb,BtwSaki,30.94345902771637,125.5074534622659,92.07999737315282,12.0,149.2584950973656,672.8517165311787
747,Shanghai NorthCh - Nagoya,SEA,PILOT_TO_PILOT,1,747,702,2,3,SMLtb,BtwSaki,30.94325671932932,125.51132956509046,92.07999737315282,12.0,149.45846527796644,672.6517463505778
748,Shanghai NorthCh - Nagoya,SEA,PILOT_TO_PILOT,1,748,703,2,3,SMLtb,BtwSaki,30.943054295301078,125.51520565150014,92.07999737315282,12.0,149.65843545856728,672.4517761699769
749,Shanghai NorthCh - Nagoya,SEA,PILOT_TO_PILOT,1,749,704,2,3,SMLtb,BtwSaki,30.94285175563306,125.5190817214857,92.07999737315282,12.0,149.85840563916813,672.2518059893761
750,Shanghai NorthCh - Nagoya,SEA,PILOT_TO_PILOT,1,750,705,2,3,SMLtb,BtwSaki,30.942649100326687,125.522957775038,92.07999737315282,12.0,150.05837581976897,672.0518358087752
751,Shanghai NorthCh - Nagoya,SEA,PILOT_TO_PILOT,1,751,706,2,3,SMLtb,BtwSaki,30.94244632938337,125.52683381214784,92.07999737315282,12.0,150.25834600036984,671.8518656281744
752,Shanghai NorthCh - Nagoya,SEA,PILOT_TO_PILOT,1,752,707,2,3,SMLtb,BtwSaki,30.942243442804518,125.53070983280604,92.07999737315282,12.0,150.45831618097068,671.6518954475736
753,Shanghai NorthCh - Nagoya,SEA,PILOT_TO_PILOT,1,753,708,2,3,SMLtb,BtwSaki,30.942040440591587,125.53458583700343,92.07999737315282,12.0,150.65828636157153,671.4519252669727
754,Shanghai NorthCh - Nagoya,SEA,PILOT_TO_PILOT,1,754,709,2,3,SMLtb,BtwSaki,30.94183732274596,125.53846182473086,92.07999737315282,12.0,150.85825654217237,671.2519550863718
755,Shanghai NorthCh - Nagoya,SEA,PILOT_TO_PILOT,1,755,710,2,3,SMLtb,BtwSaki,30.941634089269073,125.54233779597911,92.07999737315282,12.0,151.0582267227732,671.051984905771
756,Shanghai NorthCh - Nagoya,SEA,PILOT_TO_PILOT,1,756,711,2,3,SMLtb,BtwSaki,30.94143074016234,125.54621375073901,92.07999737315282,12.0,151.25819690337406,670.8520147251702
757,Shanghai NorthCh - Nagoya,SEA,PILOT_TO_PILOT,1,757,712,2,3,SMLtb,BtwSaki,30.941227275427202,125.55008968900142,92.07999737315282,12.0,151.4581670839749,670.6520445445693
758,Shanghai NorthCh - Nagoya,SEA,PILOT_TO_PILOT,1,758,713,2,3,SMLtb,BtwSaki,30.941023695065052,125.55396561075713,92.07999737315282,12.0,151.65813726457577,670.4520743639684
759,Shanghai NorthCh - Nagoya,SEA,PILOT_TO_PILOT,1,759,714,2,3,SMLtb,BtwSaki,30.94081999907735,125.557841515997,92.07999737315282,12.0,151.8581074451766,670.2521041833676
760,Shanghai NorthCh - Nagoya,SEA,PILOT_TO_PILOT,1,760,715,2,3,SMLtb,BtwSaki,30.94061618746549,125.56171740471181,92.07999737315282,12.0,152.05807762577746,670.0521340027667
761,Shanghai NorthCh - Nagoya,SEA,PILOT_TO_PILOT,1,761,716,2,3,SMLtb,BtwSaki,30.94041226023092,125.56559327689243,92.07999737315282,12.0,152.2580478063783,669.852163822166
762,Shanghai NorthCh - Nagoya,SEA,PILOT_TO_PILOT,1,762,717,2,3,SMLtb,BtwSaki,30.94020821737505,125.56946913252966,92.07999737315282,12.0,152.45801798697914,669.6521936415651
763,Shanghai NorthCh - Nagoya,SEA,PILOT_TO_PILOT,1,763,718,2,3,SMLtb,BtwSaki,30.94000405889932,125.57334497161433,92.07999737315282,12.0,152.65798816758,669.4522234609642
764,Shanghai NorthCh - Nagoya,SEA,PILOT_TO_PILOT,1,764,719,2,3,SMLtb,BtwSaki,30.93979978480514,125.57722079413728,92.07999737315282,12.0,152.85795834818086,669.2522532803633
765,Shanghai NorthCh - Nagoya,SEA,PILOT_TO_PILOT,1,765,720,2,3,SMLtb,BtwSaki,30.93959539509397,125.58109660008932,92.07999737315282,12.0,153.0579285287817,669.0522830997625
766,Shanghai NorthCh - Nagoya,SEA,PILOT_TO_PILOT,1,766,721,2,3,SMLtb,BtwSaki,30.93939088976721,125.58497238946133,92.07999737315282,12.0,153.25789870938254,668.8523129191617
767,Shanghai NorthCh - Nagoya,SEA,PILOT_TO_PILOT,1,767,722,2,3,SMLtb,BtwSaki,30.939186268826305,125.58884816224406,92.07999737315282,12.0,153.4578688899834,668.6523427385608
768,Shanghai NorthCh - Nagoya,SEA,PILOT_TO_PILOT,1,768,723,2,3,SMLtb,BtwSaki,30.938981532272688,125.59272391842839,92.07999737315282,12.0,153.65783907058423,668.45237255796
769,Shanghai NorthCh - Nagoya,SEA,PILOT_TO_PILOT,1,769,724,2,3,SMLtb,BtwSaki,30.938776680107782,125.59659965800512,92.07999737315282,12.0,153.85780925118507,668.2524023773592
770,Shanghai NorthCh - Nagoya,SEA,PILOT_TO_PILOT,1,770,725,2,3,SMLtb,BtwSaki,30.938571712333026,125.60047538096515,92.07999737315282,12.0,154.05777943178592,668.0524321967583
771,Shanghai NorthCh - Nagoya,SEA,PILOT_TO_PILOT,1,771,726,2,3,SMLtb,BtwSaki,30.93836662894985,125.60435108729924,92.07999737315282,12.0,154.2577496123868,667.8524620161575
772,Shanghai NorthCh - Nagoya,SEA,PILOT_TO_PILOT,1,772,727,2,3,SMLtb,BtwSaki,30.938161429959685,125.60822677699822,92.07999737315282,12.0,154.45771979298763,667.6524918355566
773,Shanghai NorthCh - Nagoya,SEA,PILOT_TO_PILOT,1,773,728,2,3,SMLtb,BtwSaki,30.937956115363985,125.61210245005296,92.07999737315282,12.0,154.65768997358848,667.4525216549557
774,Shanghai NorthCh - Nagoya,SEA,PILOT_TO_PILOT,1,774,729,2,3,SMLtb,BtwSaki,30.937750685164165,125.61597810645428,92.07999737315282,12.0,154.85766015418932,667.252551474355
775,Shanghai NorthCh - Nagoya,SEA,PILOT_TO_PILOT,1,775,730,2,3,SMLtb,BtwSaki,30.937545139361674,125.61985374619299,92.07999737315282,12.0,155.05763033479016,667.0525812937541
776,Shanghai NorthCh - Nagoya,SEA,PILOT_TO_PILOT,1,776,731,2,3,SMLtb,BtwSaki,30.93733947795794,125.62372936925996,92.07999737315282,12.0,155.257600515391,666.8526111131532
777,Shanghai NorthCh - Nagoya,SEA,PILOT_TO_PILOT,1,777,732,2,3,SMLtb,BtwSaki,30.9371337009544,125.62760497564601,92.07999737315282,12.0,155.45757069599188,666.6526409325523
778,Shanghai NorthCh - Nagoya,SEA,PILOT_TO_PILOT,1,778,733,2,3,SMLtb,BtwSaki,30.936927808352515,125.63148056534199,92.07999737315282,12.0,155.65754087659272,666.4526707519515
779,Shanghai NorthCh - Nagoya,SEA,PILOT_TO_PILOT,1,779,734,2,3,SMLtb,BtwSaki,30.936721800153702,125.6353561383387,92.07999737315282,12.0,155.85751105719356,666.2527005713507
780,Shanghai NorthCh - Nagoya,SEA,PILOT_TO_PILOT,1,780,735,2,3,SMLtb,BtwSaki,30.936515676359406,125.63923169462697,92.07999737315282,12.0,156.0574812377944,666.0527303907498
781,Shanghai NorthCh - Nagoya,SEA,PILOT_TO_PILOT,1,781,736,2,3,SMLtb,BtwSaki,30.93630943697108,125.6431072341977,92.07999737315282,12.0,156.25745141839525,665.852760210149
782,Shanghai NorthCh - Nagoya,SEA,PILOT_TO_PILOT,1,782,737,2,3,SMLtb,BtwSaki,30.93610308199015,125.64698275704166,92.07999737315282,12.0,156.4574215989961,665.6527900295481
783,Shanghai NorthCh - Nagoya,SEA,PILOT_TO_PILOT,1,783,738,2,3,SMLtb,BtwSaki,30.935896611418073,125.65085826314969,92.07999737315282,12.0,156.65739177959694,665.4528198489472
784,Shanghai NorthCh - Nagoya,SEA,PILOT_TO_PILOT,1,784,739,2,3,SMLtb,BtwSaki,30.935690025256292,125.65473375251268,92.07999737315282,12.0,156.8573619601978,665.2528496683465
785,Shanghai NorthCh - Nagoya,SEA,PILOT_TO_PILOT,1,785,740,2,3,SMLtb,BtwSaki,30.935483323506244,125.65860922512141,92.07999737315282,12.0,157.05733214079865,665.0528794877456
786,Shanghai NorthCh - Nagoya,SEA,PILOT_TO_PILOT,1,786,741,2,3,SMLtb,BtwSaki,30.935276506169377,125.66248468096676,92.07999737315282,12.0,157.2573023213995,664.8529093071447
787,Shanghai NorthCh - Nagoya,SEA,PILOT_TO_PILOT,1,787,742,2,3,SMLtb,BtwSaki,30.935069573247137,125.66636012003956,92.07999737315282,12.0,157.45727250200034,664.6529391265439
788,Shanghai NorthCh - Nagoya,SEA,PILOT_TO_PILOT,1,788,743,2,3,SMLtb,BtwSaki,30.934862524740975,125.67023554233063,92.07999737315282,12.0,157.65724268260118,664.452968945943
789,Shanghai NorthCh - Nagoya,SEA,PILOT_TO_PILOT,1,789,744,2,3,SMLtb,BtwSaki,30.934655360652332,125.67411094783083,92.07999737315282,12.0,157.85721286320202,664.2529987653422
790,Shanghai NorthCh - Nagoya,SEA,PILOT_TO_PILOT,1,790,745,2,3,SMLtb,BtwSaki,30.93444808098267,125.67798633653098,92.07999737315282,12.0,158.05718304380287,664.0530285847414
791,Shanghai NorthCh - Nagoya,SEA,PILOT_TO_PILOT,1,791,746,2,3,SMLtb,BtwSaki,30.934240685733418,125.68186170842192,92.07999737315282,12.0,158.25715322440374,663.8530584041405
792,Shanghai NorthCh - Nagoya,SEA,PILOT_TO_PILOT,1,792,747,2,3,SMLtb,BtwSaki,30.934033174906038,125.68573706349451,92.07999737315282,12.0,158.45712340500458,663.6530882235396
793,Shanghai NorthCh - Nagoya,SEA,PILOT_TO_PILOT,1,793,748,2,3,SMLtb,BtwSaki,30.933825548501986,125.6896124017396,92.07999737315282,12.0,158.65709358560542,663.4531180429387
794,Shanghai NorthCh - Nagoya,SEA,PILOT_TO_PILOT,1,794,749,2,3,SMLtb,BtwSaki,30.933617806522708,125.693487723148,92.07999737315282,12.0,158.85706376620627,663.253147862338
795,Shanghai NorthCh - Nagoya,SEA,PILOT_TO_PILOT,1,795,750,2,3,SMLtb,BtwSaki,30.933409948969654,125.69736302771057,92.07999737315282,12.0,159.0570339468071,663.0531776817371
796,Shanghai NorthCh - Nagoya,SEA,PILOT_TO_PILOT,1,796,751,2,3,SMLtb,BtwSaki,30.93320197584429,125.70123831541812,92.07999737315282,12.0,159.25700412740795,662.8532075011362
797,Shanghai NorthCh - Nagoya,SEA,PILOT_TO_PILOT,1,797,752,2,3,SMLtb,BtwSaki,30.93299388714805,125.70511358626158,92.07999737315282,12.0,159.45697430800882,662.6532373205354
798,Shanghai NorthCh - Nagoya,SEA,PILOT_TO_PILOT,1,798,753,2,3,SMLtb,BtwSaki,30.932785682882404,125.7089888402317,92.07999737315282,12.0,159.65694448860967,662.4532671399345
799,Shanghai NorthCh - Nagoya,SEA,PILOT_TO_PILOT,1,799,754,2,3,SMLtb,BtwSaki,30.932577363048807,125.71286407731938,92.07999737315282,12.0,159.8569146692105,662.2532969593337
800,Shanghai NorthCh - Nagoya,SEA,PILOT_TO_PILOT,1,800,755,2,3,SMLtb,BtwSaki,30.932368927648703,125.71673929751542,92.07999737315282,12.0,160.05688484981135,662.0533267787329
801,Shanghai NorthCh - Nagoya,SEA,PILOT_TO_PILOT,1,801,756,2,3,SMLtb,BtwSaki,30.93216037668357,125.7206145008107,92.07999737315282,12.0,160.2568550304122,661.853356598132
802,Shanghai NorthCh - Nagoya,SEA,PILOT_TO_PILOT,1,802,757,2,3,SMLtb,BtwSaki,30.93195171015484,125.72448968719607,92.07999737315282,12.0,160.45682521101304,661.6533864175312
803,Shanghai NorthCh - Nagoya,SEA,PILOT_TO_PILOT,1,803,758,2,3,SMLtb,BtwSaki,30.931742928064,125.72836485666234,92.07999737315282,12.0,160.65679539161388,661.4534162369304
804,Shanghai NorthCh - Nagoya,SEA,PILOT_TO_PILOT,1,804,759,2,3,SMLtb,BtwSaki,30.931534030412504,125.7322400092004,92.07999737315282,12.0,160.85676557221475,661.2534460563295
805,Shanghai NorthCh - Nagoya,SEA,PILOT_TO_PILOT,1,805,760,2,3,SMLtb,BtwSaki,30.931325017201782,125.73611514480106,92.07999737315282,12.0,161.0567357528156,661.0534758757286
806,Shanghai NorthCh - Nagoya,SEA,PILOT_TO_PILOT,1,806,761,2,3,SMLtb,BtwSaki,30.93111588843334,125.7399902634552,92.07999737315282,12.0,161.25670593341644,660.8535056951278
807,Shanghai NorthCh - Nagoya,SEA,PILOT_TO_PILOT,1,807,762,2,3,SMLtb,BtwSaki,30.9309066441086,125.74386536515364,92.07999737315282,12.0,161.45667611401728,660.653535514527
808,Shanghai NorthCh - Nagoya,SEA,PILOT_TO_PILOT,1,808,763,2,3,SMLtb,BtwSaki,30.93069728422905,125.74774044988723,92.07999737315282,12.0,161.65664629461813,660.4535653339261
809,Shanghai NorthCh - Nagoya,SEA,PILOT_TO_PILOT,1,809,764,2,3,SMLtb,BtwSaki,30.93048780879615,125.75161551764684,92.07999737315282,12.0,161.85661647521897,660.2535951533253
810,Shanghai NorthCh - Nagoya,SEA,PILOT_TO_PILOT,1,810,765,2,3,SMLtb,BtwSaki,30.930278217811367,125.75549056842331,92.07999737315282,12.0,162.05658665581984,660.0536249727244
811,Shanghai NorthCh - Nagoya,SEA,PILOT_TO_PILOT,1,811,766,2,3,SMLtb,BtwSaki,30.930068511276147,125.7593656022075,92.07999737315282,12.0,162.25655683642069,659.8536547921235
812,Shanghai NorthCh - Nagoya,SEA,PILOT_TO_PILOT,1,812,767,2,3,SMLtb,BtwSaki,30.929858689191978,125.76324061899021,92.07999737315282,12.0,162.45652701702153,659.6536846115227
813,Shanghai NorthCh - Nagoya,SEA,PILOT_TO_PILOT,1,813,768,2,3,SMLtb,BtwSaki,30.929648751560325,125.76711561876233,92.07999737315282,12.0,162.65649719762237,659.4537144309219
814,Shanghai NorthCh - Nagoya,SEA,PILOT_TO_PILOT,1,814,769,2,3,SMLtb,BtwSaki,30.92943869838263,125.77099060151475,92.07999737315282,12.0,162.85646737822321,659.253744250321
815,Shanghai NorthCh - Nagoya,SEA,PILOT_TO_PILOT,1,815,770,2,3,SMLtb,BtwSaki,30.929228529660396,125.77486556723825,92.07999737315282,12.0,163.05643755882406,659.0537740697201
816,Shanghai NorthCh - Nagoya,SEA,PILOT_TO_PILOT,1,816,771,2,3,SMLtb,BtwSaki,30.929018245395067,125.77874051592372,92.07999737315282,12.0,163.2564077394249,658.8538038891193
817,Shanghai NorthCh - Nagoya,SEA,PILOT_TO_PILOT,1,817,772,2,3,SMLtb,BtwSaki,30.928807845588132,125.78261544756201,92.07999737315282,12.0,163.45637792002577,658.6538337085185
818,Shanghai NorthCh - Nagoya,SEA,PILOT_TO_PILOT,1,818,773,2,3,SMLtb,BtwSaki,30.928597330241054,125.78649036214397,92.07999737315282,12.0,163.65634810062662,658.4538635279176
819,Shanghai NorthCh - Nagoya,SEA,PILOT_TO_PILOT,1,819,774,2,3,SMLtb,BtwSaki,30.928386699355293,125.79036525966043,92.07999737315282,12.0,163.85631828122746,658.2538933473168
820,Shanghai NorthCh - Nagoya,SEA,PILOT_TO_PILOT,1,820,775,2,3,SMLtb,BtwSaki,30.92817595293234,125.7942401401023,92.07999737315282,12.0,164.0562884618283,658.0539231667159
821,Shanghai NorthCh - Nagoya,SEA,PILOT_TO_PILOT,1,821,776,2,3,SMLtb,BtwSaki,30.927965090973643,125.79811500346038,92.07999737315282,12.0,164.25625864242915,657.853952986115
822,Shanghai NorthCh - Nagoya,SEA,PILOT_TO_PILOT,1,822,777,2,3,SMLtb,BtwSaki,30.927754113480717,125.80198984972556,92.07999737315282,12.0,164.45622882303,657.6539828055143
823,Shanghai NorthCh - Nagoya,SEA,PILOT_TO_PILOT,1,823,778,2,3,SMLtb,BtwSaki,30.927543020455,125.80586467888865,92.07999737315282,12.0,164.65619900363086,657.4540126249134
824,Shanghai NorthCh - Nagoya,SEA,PILOT_TO_PILOT,1,824,779,2,3,SMLtb,BtwSaki,30.927331811897982,125.80973949094057,92.07999737315282,12.0,164.8561691842317,657.2540424443125
825,Shanghai NorthCh - Nagoya,SEA,PILOT_TO_PILOT,1,825,780,2,3,SMLtb,BtwSaki,30.927120487811138,125.81361428587215,92.07999737315282,12.0,165.05613936483255,657.0540722637116
826,Shanghai NorthCh - Nagoya,SEA,PILOT_TO_PILOT,1,826,781,2,3,SMLtb,BtwSaki,30.926909048195945,125.81748906367423,92.07999737315282,12.0,165.2561095454334,656.8541020831108
827,Shanghai NorthCh - Nagoya,SEA,PILOT_TO_PILOT,1,827,782,2,3,SMLtb,BtwSaki,30.926697493053876,125.82136382433764,92.07999737315282,12.0,165.45607972603423,656.65413190251
828,Shanghai NorthCh - Nagoya,SEA,PILOT_TO_PILOT,1,828,783,2,3,SMLtb,BtwSaki,30.92648582238641,125.82523856785332,92.07999737315282,12.0,165.65604990663508,656.4541617219091
829,Shanghai NorthCh - Nagoya,SEA,PILOT_TO_PILOT,1,829,784,2,3,SMLtb,BtwSaki,30.92627403619504,125.82911329421208,92.07999737315282,12.0,165.85602008723592,656.2541915413083
830,Shanghai NorthCh - Nagoya,SEA,PILOT_TO_PILOT,1,830,785,2,3,SMLtb,BtwSaki,30.926062134481228,125.83298800340476,92.07999737315282,12.0,166.0559902678368,656.0542213607074
831,Shanghai NorthCh - Nagoya,SEA,PILOT_TO_PILOT,1,831,786,2,3,SMLtb,BtwSaki,30.925850117246465,125.83686269542227,92.07999737315282,12.0,166.25596044843763,655.8542511801065
832,Shanghai NorthCh - Nagoya,SEA,PILOT_TO_PILOT,1,832,787,2,3,SMLtb,BtwSaki,30.925637984492234,125.84073737025544,92.07999737315282,12.0,166.45593062903848,655.6542809995058
833,Shanghai NorthCh - Nagoya,SEA,PILOT_TO_PILOT,1,833,788,2,3,SMLtb,BtwSaki,30.925425736220014,125.84461202789512,92.07999737315282,12.0,166.65590080963932,655.4543108189049
834,Shanghai NorthCh - Nagoya,SEA,PILOT_TO_PILOT,1,834,789,2,3,SMLtb,BtwSaki,30.925213372431294,125.8484866683322,92.07999737315282,12.0,166.85587099024016,655.254340638304
835,Shanghai NorthCh - Nagoya,SEA,PILOT_TO_PILOT,1,835,790,2,3,SMLtb,BtwSaki,30.92500089312755,125.85236129155751,92.07999737315282,12.0,167.055841170841,655.0543704577033
836,Shanghai NorthCh - Nagoya,SEA,PILOT_TO_PILOT,1,836,791,2,3,SMLtb,BtwSaki,30.924788298310265,125.8562358975619,92.07999737315282,12.0,167.25581135144188,654.8544002771023
837,Shanghai NorthCh - Nagoya,SEA,PILOT_TO_PILOT,1,837,792,2,3,SMLtb,BtwSaki,30.924575587980936,125.86011048633631,92.07999737315282,12.0,167.45578153204272,654.6544300965015
838,Shanghai NorthCh - Nagoya,SEA,PILOT_TO_PILOT,1,838,793,2,3,SMLtb,BtwSaki,30.924362762141044,125.8639850578715,92.07999737315282,12.0,167.65575171264356,654.4544599159007
839,Shanghai NorthCh - Nagoya,SEA,PILOT_TO_PILOT,1,839,794,2,3,SMLtb,BtwSaki,30.924149820792067,125.86785961215843,92.07999737315282,12.0,167.8557218932444,654.2544897352998
840,Shanghai NorthCh - Nagoya,SEA,PILOT_TO_PILOT,1,840,795,2,3,SMLtb,BtwSaki,30.923936763935515,125.8717341491879,92.07999737315282,12.0,168.05569207384525,654.054519554699
841,Shanghai NorthCh - Nagoya,SEA,PILOT_TO_PILOT,1,841,796,2,3,SMLtb,BtwSaki,30.92372359157286,125.87560866895079,92.07999737315282,12.0,168.2556622544461,653.8545493740982
842,Shanghai NorthCh - Nagoya,SEA,PILOT_TO_PILOT,1,842,797,2,3,SMLtb,BtwSaki,30.92351030370559,125.87948317143795,92.07999737315282,12.0,168.45563243504694,653.6545791934973
843,Shanghai NorthCh - Nagoya,SEA,PILOT_TO_PILOT,1,843,798,2,3,SMLtb,BtwSaki,30.923296900335206,125.8833576566403,92.07999737315282,12.0,168.6556026156478,653.4546090128964
844,Shanghai NorthCh - Nagoya,SEA,PILOT_TO_PILOT,1,844,799,2,3,SMLtb,BtwSaki,30.923083381463204,125.88723212454865,92.07999737315282,12.0,168.85557279624865,653.2546388322955
845,Shanghai NorthCh - Nagoya,SEA,PILOT_TO_PILOT,1,845,800,2,3,SMLtb,BtwSaki,30.92286974709105,125.89110657515386,92.07999737315282,12.0,169.0555429768495,653.0546686516948
846,Shanghai NorthCh - Nagoya,SEA,PILOT_TO_PILOT,1,846,801,2,3,SMLtb,BtwSaki,30.922655997220264,125.89498100844682,92.07999737315282,12.0,169.25551315745034,652.8546984710939
847,Shanghai NorthCh - Nagoya,SEA,PILOT_TO_PILOT,1,847,802,2,3,SMLtb,BtwSaki,30.92244213185232,125.89885542441841,92.07999737315282,12.0,169.45548333805118,652.654728290493
848,Shanghai NorthCh - Nagoya,SEA,PILOT_TO_PILOT,1,848,803,2,3,SMLtb,BtwSaki,30.922228150988726,125.9027298230595,92.07999737315282,12.0,169.65545351865202,652.4547581098922
849,Shanghai NorthCh - Nagoya,SEA,PILOT_TO_PILOT,1,849,804,2,3,SMLtb,BtwSaki,30.922014054630978,125.90660420436093,92.07999737315282,12.0,169.85542369925287,652.2547879292913
850,Shanghai NorthCh - Nagoya,SEA,PILOT_TO_PILOT,1,850,805,2,3,SMLtb,BtwSaki,30.921799842780562,125.91047856831356,92.07999737315282,12.0,170.05539387985374,652.0548177486905
851,Shanghai NorthCh - Nagoya,SEA,PILOT_TO_PILOT,1,851,806,2,3,SMLtb,BtwSaki,30.921585515438974,125.91435291490829,92.07999737315282,12.0,170.25536406045458,651.8548475680897
852,Shanghai NorthCh - Nagoya,SEA,PILOT_TO_PILOT,1,852,807,2,3,SMLtb,BtwSaki,30.921371072607723,125.91822724413599,92.07999737315282,12.0,170.45533424105543,651.6548773874888
853,Shanghai NorthCh - Nagoya,SEA,PILOT_TO_PILOT,1,853,808,2,3,SMLtb,BtwSaki,30.921156514288302,125.92210155598751,92.07999737315282,12.0,170.65530442165627,651.4549072068879
854,Shanghai NorthCh - Nagoya,SEA,PILOT_TO_PILOT,1,854,809,2,3,SMLtb,BtwSaki,30.920941840482207,125.92597585045372,92.07999737315282,12.0,170.8552746022571,651.254937026287
855,Shanghai NorthCh - Nagoya,SEA,PILOT_TO_PILOT,1,855,810,2,3,SMLtb,BtwSaki,30.92072705119094,125.92985012752553,92.07999737315282,12.0,171.05524478285795,651.0549668456863
856,Shanghai NorthCh - Nagoya,SEA,PILOT_TO_PILOT,1,856,811,2,3,SMLtb,BtwSaki,30.92051214641601,125.93372438719375,92.07999737315282,12.0,171.25521496345883,650.8549966650854
857,Shanghai NorthCh - Nagoya,SEA,PILOT_TO_PILOT,1,857,812,2,3,SMLtb,BtwSaki,30.920297126158903,125.9375986294493,92.07999737315282,12.0,171.45518514405967,650.6550264844846
858,Shanghai NorthCh - Nagoya,SEA,PILOT_TO_PILOT,1,858,813,2,3,SMLtb,BtwSaki,30.920081990421135,125.94147285428302,92.07999737315282,12.0,171.6551553246605,650.4550563038837
859,Shanghai NorthCh - Nagoya,SEA,PILOT_TO_PILOT,1,859,814,2,3,SMLtb,BtwSaki,30.919866739204192,125.9453470616858,92.07999737315282,12.0,171.85512550526136,650.2550861232828
860,Shanghai NorthCh - Nagoya,SEA,PILOT_TO_PILOT,1,860,815,2,3,SMLtb,BtwSaki,30.9196513725096,125.94922125164851,92.07999737315282,12.0,172.0550956858622,650.055115942682
861,Shanghai NorthCh - Nagoya,SEA,PILOT_TO_PILOT,1,861,816,2,3,SMLtb,BtwSaki,30.919435890338846,125.95309542416203,92.07999737315282,12.0,172.25506586646304,649.8551457620812
862,Shanghai NorthCh - Nagoya,SEA,PILOT_TO_PILOT,1,862,817,2,3,SMLtb,BtwSaki,30.91922029269344,125.9569695792172,92.07999737315282,12.0,172.45503604706389,649.6551755814803
863,Shanghai NorthCh - Nagoya,SEA,PILOT_TO_PILOT,1,863,818,2,3,SMLtb,BtwSaki,30.919004579574896,125.96084371680497,92.07999737315282,12.0,172.65500622766476,649.4552054008794
864,Shanghai NorthCh - Nagoya,SEA,PILOT_TO_PILOT,1,864,819,2,3,SMLtb,BtwSaki,30.91878875098471,125.96471783691612,92.07999737315282,12.0,172.8549764082656,649.2552352202786
865,Shanghai NorthCh - Nagoya,SEA,PILOT_TO_PILOT,1,865,820,2,3,SMLtb,BtwSaki,30.9185728069244,125.96859193954161,92.07999737315282,12.0,173.05494658886644,649.0552650396778
866,Shanghai NorthCh - Nagoya,SEA,PILOT_TO_PILOT,1,866,821,2,3,SMLtb,BtwSaki,30.91835674739547,125.97246602467229,92.07999737315282,12.0,173.2549167694673,648.8552948590769
867,Shanghai NorthCh - Nagoya,SEA,PILOT_TO_PILOT,1,867,822,2,3,SMLtb,BtwSaki,30.918140572399416,125.976340092299,92.07999737315282,12.0,173.45488695006813,648.6553246784761
868,Shanghai NorthCh - Nagoya,SEA,PILOT_TO_PILOT,1,868,823,2,3,SMLtb,BtwSaki,30.91792428193778,125.98021414241265,92.07999737315282,12.0,173.65485713066897,648.4553544978753
869,Shanghai NorthCh - Nagoya,SEA,PILOT_TO_PILOT,1,869,824,2,3,SMLtb,BtwSaki,30.91770787601204,125.9840881750041,92.07999737315282,12.0,173.85482731126984,648.2553843172743
870,Shanghai NorthCh - Nagoya,SEA,PILOT_TO_PILOT,1,870,825,2,3,SMLtb,BtwSaki,30.91749135462373,125.98796219006422,92.07999737315282,12.0,174.0547974918707,648.0554141366736
871,Shanghai NorthCh - Nagoya,SEA,PILOT_TO_PILOT,1,871,826,2,3,SMLtb,BtwSaki,30.917274717774344,125.99183618758396,92.07999737315282,12.0,174.25476767247153,647.8554439560727
872,Shanghai NorthCh - Nagoya,SEA,PILOT_TO_PILOT,1,872,827,2,3,SMLtb,BtwSaki,30.917057965465418,125.99571016755412,92.07999737315282,12.0,174.45473785307237,647.6554737754718
873,Shanghai NorthCh - Nagoya,SEA,PILOT_TO_PILOT,1,873,828,2,3,SMLtb,BtwSaki,30.91684109769845,125.99958412996561,92.07999737315282,12.0,174.65470803367322,647.4555035948711
874,Shanghai NorthCh - Nagoya,SEA,PILOT_TO_PILOT,1,874,829,2,3,SMLtb,BtwSaki,30.916624114474953,126.0034580748093,92.07999737315282,12.0,174.85467821427406,647.2555334142702
875,Shanghai NorthCh - Nagoya,SEA,PILOT_TO_PILOT,1,875,830,2,3,SMLtb,BtwSaki,30.916407015796448,126.0073320020761,92.07999737315282,12.0,175.0546483948749,647.0555632336693
876,Shanghai NorthCh - Nagoya,SEA,PILOT_TO_PILOT,1,876,831,2,3,SMLtb,BtwSaki,30.916189801664462,126.01120591175685,92.07999737315282,12.0,175.25461857547577,646.8555930530684
877,Shanghai NorthCh - Nagoya,SEA,PILOT_TO_PILOT,1,877,832,2,3,SMLtb,BtwSaki,30.915972472080494,126.01507980384245,92.07999737315282,12.0,175.45458875607662,646.6556228724676
878,Shanghai NorthCh - Nagoya,SEA,PILOT_TO_PILOT,1,878,833,2,3,SMLtb,BtwSaki,30.91575502704607,126.01895367832377,92.07999737315282,12.0,175.65455893667746,646.4556526918668
879,Shanghai NorthCh - Nagoya,SEA,PILOT_TO_PILOT,1,879,834,2,3,SMLtb,BtwSaki,30.915537466562714,126.02282753519171,92.07999737315282,12.0,175.8545291172783,646.255682511266
880,Shanghai NorthCh - Nagoya,SEA,PILOT_TO_PILOT,1,880,835,2,3,SMLtb,BtwSaki,30.915319790631937,126.02670137443717,92.07999737315282,12.0,176.05449929787915,646.0557123306651
881,Shanghai NorthCh - Nagoya,SEA,PILOT_TO_PILOT,1,881,836,2,3,SMLtb,BtwSaki,30.91510199925526,126.03057519605098,92.07999737315282,12.0,176.25446947848,645.8557421500642
882,Shanghai NorthCh - Nagoya,SEA,PILOT_TO_PILOT,1,882,837,2,3,SMLtb,BtwSaki,30.914884092434207,126.03444900002408,92.07999737315282,12.0,176.45443965908086,645.6557719694633
883,Shanghai NorthCh - Nagoya,SEA,PILOT_TO_PILOT,1,883,838,2,3,SMLtb,BtwSaki,30.914666070170302,126.0383227863473,92.07999737315282,12.0,176.6544098396817,645.4558017888626
884,Shanghai NorthCh - Nagoya,SEA,PILOT_TO_PILOT,1,884,839,2,3,SMLtb,BtwSaki,30.914447932465066,126.04219655501159,92.07999737315282,12.0,176.85438002028255,645.2558316082617
885,Shanghai NorthCh - Nagoya,SEA,PILOT_TO_PILOT,1,885,840,2,3,SMLtb,BtwSaki,30.914229679320016,126.04607030600776,92.07999737315282,12.0,177.0543502008834,645.0558614276608
886,Shanghai NorthCh - Nagoya,SEA,PILOT_TO_PILOT,1,886,841,2,3,SMLtb,BtwSaki,30.914011310736687,126.04994403932675,92.07999737315282,12.0,177.25432038148423,644.85589124706
887,Shanghai NorthCh - Nagoya,SEA,PILOT_TO_PILOT,1,887,842,2,3,SMLtb,BtwSaki,30.913792826716602,126.05381775495944,92.07999737315282,12.0,177.45429056208508,644.6559210664591
888,Shanghai NorthCh - Nagoya,SEA,PILOT_TO_PILOT,1,888,843,2,3,SMLtb,BtwSaki,30.913574227261282,126.05769145289672,92.07999737315282,12.0,177.65426074268592,644.4559508858583
889,Shanghai NorthCh - Nagoya,SEA,PILOT_TO_PILOT,1,889,844,2,3,SMLtb,BtwSaki,30.913355512372252,126.06156513312942,92.07999737315282,12.0,177.8542309232868,644.2559807052575
890,Shanghai NorthCh - Nagoya,SEA,PILOT_TO_PILOT,1,890,845,2,3,SMLtb,BtwSaki,30.913136682051046,126.0654387956485,92.07999737315282,12.0,178.05420110388764,644.0560105246566
891,Shanghai NorthCh - Nagoya,SEA,PILOT_TO_PILOT,1,891,846,2,3,SMLtb,BtwSaki,30.912917736299192,126.06931244044483,92.07999737315282,12.0,178.25417128448848,643.8560403440557
892,Shanghai NorthCh - Nagoya,SEA,PILOT_TO_PILOT,1,892,847,2,3,SMLtb,BtwSaki,30.91269867511821,126.07318606750928,92.07999737315282,12.0,178.45414146508932,643.6560701634548
893,Shanghai NorthCh - Nagoya,SEA,PILOT_TO_PILOT,1,893,848,2,3,SMLtb,BtwSaki,30.91247949850965,126.07705967683275,92.07999737315282,12.0,178.65411164569016,643.4560999828541
894,Shanghai NorthCh - Nagoya,SEA,PILOT_TO_PILOT,1,894,849,2,3,SMLtb,BtwSaki,30.91226020647501,126.08093326840614,92.07999737315282,12.0,178.854081826291,643.2561298022532
895,Shanghai NorthCh - Nagoya,SEA,PILOT_TO_PILOT,1,895,850,2,3,SMLtb,BtwSaki,30.91204079901586,126.08480684222032,92.07999737315282,12.0,179.05405200689185,643.0561596216523
896,Shanghai NorthCh - Nagoya,SEA,PILOT_TO_PILOT,1,896,851,2,3,SMLtb,BtwSaki,30.911821276133693,126.08868039826619,92.07999737315282,12.0,179.25402218749272,642.8561894410515
897,Shanghai NorthCh - Nagoya,SEA,PILOT_TO_PILOT,1,897,852,2,3,SMLtb,BtwSaki,30.91160163783007,126.09255393653464,92.07999737315282,12.0,179.45399236809357,642.6562192604506
898,Shanghai NorthCh - Nagoya,SEA,PILOT_TO_PILOT,1,898,853,2,3,SMLtb,BtwSaki,30.91138188410652,126.09642745701656,92.07999737315282,12.0,179.6539625486944,642.4562490798498
899,Shanghai NorthCh - Nagoya,SEA,PILOT_TO_PILOT,1,899,854,2,3,SMLtb,BtwSaki,30.911162014964567,126.10030095970286,92.07999737315282,12.0,179.85393272929525,642.256278899249
900,Shanghai NorthCh - Nagoya,SEA,PILOT_TO_PILOT,1,900,855,2,3,SMLtb,BtwSaki,30.910942030405753,126.10417444458443,92.07999737315282,12.0,180.0539029098961,642.0563087186481
901,Shanghai NorthCh - Nagoya,SEA,PILOT_TO_PILOT,1,901,856,2,3,SMLtb,BtwSaki,30.910721930431624,126.10804791165214,92.07999737315282,12.0,180.25387309049694,641.8563385380473
902,Shanghai NorthCh - Nagoya,SEA,PILOT_TO_PILOT,1,902,857,2,3,SMLtb,BtwSaki,30.910501715043697,126.11192136089689,92.07999737315282,12.0,180.4538432710978,641.6563683574464
903,Shanghai NorthCh - Nagoya,SEA,PILOT_TO_PILOT,1,903,858,2,3,SMLtb,BtwSaki,30.910281384243525,126.11579479230959,92.07999737315282,12.0,180.65381345169865,641.4563981768456
904,Shanghai NorthCh - Nagoya,SEA,PILOT_TO_PILOT,1,904,859,2,3,SMLtb,BtwSaki,30.91006093803264,126.11966820588113,92.07999737315282,12.0,180.8537836322995,641.2564279962447
905,Shanghai NorthCh - Nagoya,SEA,PILOT_TO_PILOT,1,905,860,2,3,SMLtb,BtwSaki,30.90984037641258,126.12354160160237,92.07999737315282,12.0,181.05375381290034,641.0564578156439
906,Shanghai NorthCh - Nagoya,SEA,PILOT_TO_PILOT,1,906,861,2,3,SMLtb,BtwSaki,30.909619699384884,126.12741497946425,92.07999737315282,12.0,181.25372399350118,640.8564876350431
907,Shanghai NorthCh - Nagoya,SEA,PILOT_TO_PILOT,1,907,862,2,3,SMLtb,BtwSaki,30.909398906951104,126.13128833945767,92.07999737315282,12.0,181.45369417410203,640.6565174544422
908,Shanghai NorthCh - Nagoya,SEA,PILOT_TO_PILOT,1,908,863,2,3,SMLtb,BtwSaki,30.90917799911277,126.13516168157349,92.07999737315282,12.0,181.65366435470287,640.4565472738414
909,Shanghai NorthCh - Nagoya,SEA,PILOT_TO_PILOT,1,909,864,2,3,SMLtb,BtwSaki,30.908956975871423,126.13903500580264,92.07999737315282,12.0,181.85363453530374,640.2565770932405
910,Shanghai NorthCh - Nagoya,SEA,PILOT_TO_PILOT,1,910,865,2,3,SMLtb,BtwSaki,30.90873583722862,126.14290831213599,92.07999737315282,12.0,182.05360471590458,640.0566069126396
911,Shanghai NorthCh - Nagoya,SEA,PILOT_TO_PILOT,1,911,866,2,3,SMLtb,BtwSaki,30.908514583185895,126.14678160056445,92.07999737315282,12.0,182.25357489650543,639.8566367320389
912,Shanghai NorthCh - Nagoya,SEA,PILOT_TO_PILOT,1,912,867,2,3,SMLtb,BtwSaki,30.908293213744788,126.15065487107894,92.07999737315282,12.0,182.45354507710627,639.656666551438
913,Shanghai NorthCh - Nagoya,SEA,PILOT_TO_PILOT,1,913,868,2,3,SMLtb,BtwSaki,30.908071728906847,126.15452812367033,92.07999737315282,12.0,182.6535152577071,639.4566963708371
914,Shanghai NorthCh - Nagoya,SEA,PILOT_TO_PILOT,1,914,869,2,3,SMLtb,BtwSaki,30.90785012867363,126.15840135832954,92.07999737315282,12.0,182.85348543830796,639.2567261902362
915,Shanghai NorthCh - Nagoya,SEA,PILOT_TO_PILOT,1,915,870,2,3,SMLtb,BtwSaki,30.907628413046673,126.16227457504743,92.07999737315282,12.0,183.05345561890883,639.0567560096354
916,Shanghai NorthCh - Nagoya,SEA,PILOT_TO_PILOT,1,916,871,2,3,SMLtb,BtwSaki,30.907406582027527,126.16614777381498,92.07999737315282,12.0,183.25342579950967,638.8567858290346
917,Shanghai NorthCh - Nagoya,SEA,PILOT_TO_PILOT,1,917,872,2,3,SMLtb,BtwSaki,30.907184635617742,126.170020954623,92.07999737315282,12.0,183.4533959801105,638.6568156484337
918,Shanghai NorthCh - Nagoya,SEA,PILOT_TO_PILOT,1,918,873,2,3,SMLtb,BtwSaki,30.90696257381886,126.17389411746245,92.07999737315282,12.0,183.65336616071136,638.4568454678329
919,Shanghai NorthCh - Nagoya,SEA,PILOT_TO_PILOT,1,919,874,2,3,SMLtb,BtwSaki,30.90674039663243,126.1777672623242,92.07999737315282,12.0,183.8533363413122,638.256875287232
920,Shanghai NorthCh - Nagoya,SEA,PILOT_TO_PILOT,1,920,875,2,3,SMLtb,BtwSaki,30.90651810406003,126.18164038919919,92.07999737315282,12.0,184.05330652191304,638.0569051066311
921,Shanghai NorthCh - Nagoya,SEA,PILOT_TO_PILOT,1,921,876,2,3,SMLtb,BtwSaki,30.906295696103182,126.18551349807831,92.07999737315282,12.0,184.2532767025139,637.8569349260304
922,Shanghai NorthCh - Nagoya,SEA,PILOT_TO_PILOT,1,922,877,2,3,SMLtb,BtwSaki,30.906073172763442,126.18938658895244,92.07999737315282,12.0,184.45324688311476,637.6569647454295
923,Shanghai NorthCh - Nagoya,SEA,PILOT_TO_PILOT,1,923,878,2,3,SMLtb,BtwSaki,30.90585053404237,126.19325966181249,92.07999737315282,12.0,184.6532170637156,637.4569945648286
924,Shanghai NorthCh - Nagoya,SEA,PILOT_TO_PILOT,1,924,879,2,3,SMLtb,BtwSaki,30.905627779941526,126.19713271664939,92.07999737315282,12.0,184.85318724431644,637.2570243842277
925,Shanghai NorthCh - Nagoya,SEA,PILOT_TO_PILOT,1,925,880,2,3,SMLtb,BtwSaki,30.905404910462455,126.20100575345403,92.07999737315282,12.0,185.0531574249173,637.0570542036269
926,Shanghai NorthCh - Nagoya,SEA,PILOT_TO_PILOT,1,926,881,2,3,SMLtb,BtwSaki,30.905181925606712,126.20487877221731,92.07999737315282,12.0,185.25312760551813,636.8570840230261
927,Shanghai NorthCh - Nagoya,SEA,PILOT_TO_PILOT,1,927,882,2,3,SMLtb,BtwSaki,30.904958825375864,126.20875177293014,92.07999737315282,12.0,185.45309778611897,636.6571138424252
928,Shanghai NorthCh - Nagoya,SEA,PILOT_TO_PILOT,1,928,883,2,3,SMLtb,BtwSaki,30.90473560977146,126.21262475558343,92.07999737315282,12.0,185.65306796671985,636.4571436618244
929,Shanghai NorthCh - Nagoya,SEA,PILOT_TO_PILOT,1,929,884,2,3,SMLtb,BtwSaki,30.90451227879506,126.21649772016809,92.07999737315282,12.0,185.8530381473207,636.2571734812235
930,Shanghai NorthCh - Nagoya,SEA,PILOT_TO_PILOT,1,930,885,2,3,SMLtb,BtwSaki,30.90428883244822,126.22037066667502,92.07999737315282,12.0,186.05300832792153,636.0572033006226
931,Shanghai NorthCh - Nagoya,SEA,PILOT_TO_PILOT,1,931,886,2,3,SMLtb,BtwSaki,30.904065270732502,126.22424359509513,92.07999737315282,12.0,186.25297850852238,635.8572331200219
932,Shanghai NorthCh - Nagoya,SEA,PILOT_TO_PILOT,1,932,887,2,3,SMLtb,BtwSaki,30.90384159364947,126.22811650541934,92.07999737315282,12.0,186.45294868912322,635.657262939421
933,Shanghai NorthCh - Nagoya,SEA,PILOT_TO_PILOT,1,933,888,2,3,SMLtb,BtwSaki,30.903617801200674,126.23198939763856,92.07999737315282,12.0,186.65291886972406,635.4572927588201
934,Shanghai NorthCh - Nagoya,SEA,PILOT_TO_PILOT,1,934,889,2,3,SMLtb,BtwSaki,30.903393893387697,126.23586227174366,92.07999737315282,12.0,186.8528890503249,635.2573225782194
935,Shanghai NorthCh - Nagoya,SEA,PILOT_TO_PILOT,1,935,890,2,3,SMLtb,BtwSaki,30.90316987021208,126.23973512772558,92.07999737315282,12.0,187.05285923092578,635.0573523976184
936,Shanghai NorthCh - Nagoya,SEA,PILOT_TO_PILOT,1,936,891,2,3,SMLtb,BtwSaki,30.9029457316754,126.24360796557525,92.07999737315282,12.0,187.25282941152662,634.8573822170176
937,Shanghai NorthCh - Nagoya,SEA,PILOT_TO_PILOT,1,937,892,2,3,SMLtb,BtwSaki,30.902721477779203,126.24748078528356,92.07999737315282,12.0,187.45279959212746,634.6574120364168
938,Shanghai NorthCh - Nagoya,SEA,PILOT_TO_PILOT,1,938,893,2,3,SMLtb,BtwSaki,30.902497108525086,126.25135358684142,92.07999737315282,12.0,187.6527697727283,634.4574418558159
939,Shanghai NorthCh - Nagoya,SEA,PILOT_TO_PILOT,1,939,894,2,3,SMLtb,BtwSaki,30.902272623914584,126.25522637023973,92.07999737315282,12.0,187.85273995332915,634.2574716752151
940,Shanghai NorthCh - Nagoya,SEA,PILOT_TO_PILOT,1,940,895,2,3,SMLtb,BtwSaki,30.902048023949284,126.25909913546943,92.07999737315282,12.0,188.05271013393,634.0575014946143
941,Shanghai NorthCh - Nagoya,SEA,PILOT_TO_PILOT,1,941,896,2,3,SMLtb,BtwSaki,30.90182330863074,126.26297188252143,92.07999737315282,12.0,188.25268031453083,633.8575313140134
942,Shanghai NorthCh - Nagoya,SEA,PILOT_TO_PILOT,1,942,897,2,3,SMLtb,BtwSaki,30.901598477960526,126.26684461138663,92.07999737315282,12.0,188.4526504951317,633.6575611334125
943,Shanghai NorthCh - Nagoya,SEA,PILOT_TO_PILOT,1,943,898,2,3,SMLtb,BtwSaki,30.901373531940216,126.27071732205594,92.07999737315282,12.0,188.65262067573255,633.4575909528116
944,Shanghai NorthCh - Nagoya,SEA,PILOT_TO_PILOT,1,944,899,2,3,SMLtb,BtwSaki,30.901148470571368,126.27459001452029,92.07999737315282,12.0,188.8525908563334,633.2576207722109
945,Shanghai NorthCh - Nagoya,SEA,PILOT_TO_PILOT,1,945,900,2,3,SMLtb,BtwSaki,30.900923293855552,126.2784626887706,92.07999737315282,12.0,189.05256103693424,633.05765059161
946,Shanghai NorthCh - Nagoya,SEA,PILOT_TO_PILOT,1,946,901,2,3,SMLtb,BtwSaki,30.90069800179436,126.28233534479776,92.07999737315282,12.0,189.25253121753508,632.8576804110091
947,Shanghai NorthCh - Nagoya,SEA,PILOT_TO_PILOT,1,947,902,2,3,SMLtb,BtwSaki,30.90047259438935,126.28620798259273,92.07999737315282,12.0,189.45250139813592,632.6577102304083
948,Shanghai NorthCh - Nagoya,SEA,PILOT_TO_PILOT,1,948,903,2,3,SMLtb,BtwSaki,30.90024707164209,126.29008060214638,92.07999737315282,12.0,189.6524715787368,632.4577400498074
949,Shanghai NorthCh - Nagoya,SEA,PILOT_TO_PILOT,1,949,904,2,3,SMLtb,BtwSaki,30.900021433554162,126.29395320344962,92.07999737315282,12.0,189.85244175933764,632.2577698692066
950,Shanghai NorthCh - Nagoya,SEA,PILOT_TO_PILOT,1,950,905,2,3,SMLtb,BtwSaki,30.89979568012713,126.29782578649342,92.07999737315282,12.0,190.05241193993848,632.0577996886058
951,Shanghai NorthCh - Nagoya,SEA,PILOT_TO_PILOT,1,951,906,2,3,SMLtb,BtwSaki,30.899569811362586,126.30169835126866,92.07999737315282,12.0,190.25238212053932,631.8578295080049
952,Shanghai NorthCh - Nagoya,SEA,PILOT_TO_PILOT,1,952,907,2,3,SMLtb,BtwSaki,30.899343827262097,126.30557089776629,92.07999737315282,12.0,190.45235230114017,631.657859327404
953,Shanghai NorthCh - Nagoya,SEA,PILOT_TO_PILOT,1,953,908,2,3,SMLtb,BtwSaki,30.899117727827235,126.30944342597718,92.07999737315282,12.0,190.652322481741,631.4578891468032
954,Shanghai NorthCh - Nagoya,SEA,PILOT_TO_PILOT,1,954,909,2,3,SMLtb,BtwSaki,30.898891513059585,126.31331593589232,92.07999737315282,12.0,190.85229266234185,631.2579189662024
955,Shanghai NorthCh - Nagoya,SEA,PILOT_TO_PILOT,1,955,910,2,3,SMLtb,BtwSaki,30.89866518296072,126.31718842750256,92.07999737315282,12.0,191.05226284294272,631.0579487856015
956,Shanghai NorthCh - Nagoya,SEA,PILOT_TO_PILOT,1,956,911,2,3,SMLtb,BtwSaki,30.898438737532235,126.32106090079886,92.07999737315282,12.0,191.25223302354357,630.8579786050007
957,Shanghai NorthCh - Nagoya,SEA,PILOT_TO_PILOT,1,957,912,2,3,SMLtb,BtwSaki,30.898212176775683,126.32493335577213,92.07999737315282,12.0,191.4522032041444,630.6580084243998
958,Shanghai NorthCh - Nagoya,SEA,PILOT_TO_PILOT,1,958,913,2,3,SMLtb,BtwSaki,30.897985500692666,126.32880579241328,92.07999737315282,12.0,191.65217338474525,630.4580382437989
959,Shanghai NorthCh - Nagoya,SEA,PILOT_TO_PILOT,1,959,914,2,3,SMLtb,BtwSaki,30.89775870928476,126.33267821071328,92.07999737315282,12.0,191.8521435653461,630.2580680631982
960,Shanghai NorthCh - Nagoya,SEA,PILOT_TO_PILOT,1,960,915,2,3,SMLtb,BtwSaki,30.897531802553537,126.33655061066298,92.07999737315282,12.0,192.05211374594694,630.0580978825973
961,Shanghai NorthCh - Nagoya,SEA,PILOT_TO_PILOT,1,961,916,2,3,SMLtb,BtwSaki,30.897304780500594,126.34042299225338,92.07999737315282,12.0,192.2520839265478,629.8581277019964
962,Shanghai NorthCh - Nagoya,SEA,PILOT_TO_PILOT,1,962,917,2,3,SMLtb,BtwSaki,30.897077643127506,126.34429535547534,92.07999737315282,12.0,192.45205410714865,629.6581575213955
963,Shanghai NorthCh - Nagoya,SEA,PILOT_TO_PILOT,1,963,918,2,3,SMLtb,BtwSaki,30.89685039043586,126.34816770031983,92.07999737315282,12.0,192.6520242877495,629.4581873407947
964,Shanghai NorthCh - Nagoya,SEA,PILOT_TO_PILOT,1,964,919,2,3,SMLtb,BtwSaki,30.896623022427253,126.35204002677773,92.07999737315282,12.0,192.85199446835034,629.2582171601939
965,Shanghai NorthCh - Nagoya,SEA,PILOT_TO_PILOT,1,965,920,2,3,SMLtb,BtwSaki,30.896395539103242,126.35591233484001,92.07999737315282,12.0,193.05196464895118,629.058246979593
966,Shanghai NorthCh - Nagoya,SEA,PILOT_TO_PILOT,1,966,921,2,3,SMLtb,BtwSaki,30.89616794046545,126.35978462449758,92.07999737315282,12.0,193.25193482955203,628.8582767989922
967,Shanghai NorthCh - Nagoya,SEA,PILOT_TO_PILOT,1,967,922,2,3,SMLtb,BtwSaki,30.89594022651545,126.36365689574136,92.07999737315282,12.0,193.45190501015287,628.6583066183914
968,Shanghai NorthCh - Nagoya,SEA,PILOT_TO_PILOT,1,968,923,2,3,SMLtb,BtwSaki,30.89571239725482,126.36752914856226,92.07999737315282,12.0,193.65187519075374,628.4583364377904
969,Shanghai NorthCh - Nagoya,SEA,PILOT_TO_PILOT,1,969,924,2,3,SMLtb,BtwSaki,30.89548445268516,126.37140138295125,92.07999737315282,12.0,193.85184537135459,628.2583662571897
970,Shanghai NorthCh - Nagoya,SEA,PILOT_TO_PILOT,1,970,925,2,3,SMLtb,BtwSaki,30.895256392808058,126.37527359889924,92.07999737315282,12.0,194.05181555195543,628.0583960765888
971,Shanghai NorthCh - Nagoya,SEA,PILOT_TO_PILOT,1,971,926,2,3,SMLtb,BtwSaki,30.8950282176251,126.37914579639713,92.07999737315282,12.0,194.25178573255627,627.8584258959879
972,Shanghai NorthCh - Nagoya,SEA,PILOT_TO_PILOT,1,972,927,2,3,SMLtb,BtwSaki,30.894799927137885,126.38301797543589,92.07999737315282,12.0,194.45175591315711,627.6584557153872
973,Shanghai NorthCh - Nagoya,SEA,PILOT_TO_PILOT,1,973,928,2,3,SMLtb,BtwSaki,30.894571521348006,126.38689013600644,92.07999737315282,12.0,194.65172609375796,627.4584855347863
974,Shanghai NorthCh - Nagoya,SEA,PILOT_TO_PILOT,1,974,929,2,3,SMLtb,BtwSaki,30.89434300025705,126.3907622780997,92.07999737315282,12.0,194.85169627435883,627.2585153541854
975,Shanghai NorthCh - Nagoya,SEA,PILOT_TO_PILOT,1,975,930,2,3,SMLtb,BtwSaki,30.894114363866613,126.39463440170661,92.07999737315282,12.0,195.05166645495967,627.0585451735845
976,Shanghai NorthCh - Nagoya,SEA,PILOT_TO_PILOT,1,976,931,2,3,SMLtb,BtwSaki,30.8938856121783,126.39850650681805,92.07999737315282,12.0,195.25163663556052,626.8585749929837
977,Shanghai NorthCh - Nagoya,SEA,PILOT_TO_PILOT,1,977,932,2,3,SMLtb,BtwSaki,30.89365674519369,126.40237859342503,92.07999737315282,12.0,195.45160681616136,626.6586048123829
978,Shanghai NorthCh - Nagoya,SEA,PILOT_TO_PILOT,1,978,933,2,3,SMLtb,BtwSaki,30.8934277629144,126.40625066151846,92.07999737315282,12.0,195.6515769967622,626.458634631782
979,Shanghai NorthCh - Nagoya,SEA,PILOT_TO_PILOT,1,979,934,2,3,SMLtb,BtwSaki,30.893198665341995,126.41012271108926,92.07999737315282,12.0,195.85154717736305,626.2586644511812
980,Shanghai NorthCh - Nagoya,SEA,PILOT_TO_PILOT,1,980,935,2,3,SMLtb,BtwSaki,30.8929694524781,126.41399474212832,92.07999737315282,12.0,196.0515173579639,626.0586942705803
981,Shanghai NorthCh - Nagoya,SEA,PILOT_TO_PILOT,1,981,936,2,3,SMLtb,BtwSaki,30.89274012432431,126.41786675462666,92.07999737315282,12.0,196.25148753856476,625.8587240899794
982,Shanghai NorthCh - Nagoya,SEA,PILOT_TO_PILOT,1,982,937,2,3,SMLtb,BtwSaki,30.892510680882218,126.42173874857515,92.07999737315282,12.0,196.4514577191656,625.6587539093787
983,Shanghai NorthCh - Nagoya,SEA,PILOT_TO_PILOT,1,983,938,2,3,SMLtb,BtwSaki,30.892281122153424,126.42561072396475,92.07999737315282,12.0,196.65142789976645,625.4587837287778
984,Shanghai NorthCh - Nagoya,SEA,PILOT_TO_PILOT,1,984,939,2,3,SMLtb,BtwSaki,30.89205144813953,126.42948268078639,92.07999737315282,12.0,196.8513980803673,625.2588135481769
985,Shanghai NorthCh - Nagoya,SEA,PILOT_TO_PILOT,1,985,940,2,3,SMLtb,BtwSaki,30.89182165884215,126.43335461903104,92.07999737315282,12.0,197.05136826096813,625.0588433675761
986,Shanghai NorthCh - Nagoya,SEA,PILOT_TO_PILOT,1,986,941,2,3,SMLtb,BtwSaki,30.89159175426287,126.43722653868954,92.07999737315282,12.0,197.25133844156898,624.8588731869752
987,Shanghai NorthCh - Nagoya,SEA,PILOT_TO_PILOT,1,987,942,2,3,SMLtb,BtwSaki,30.8913617344033,126.44109843975295,92.07999737315282,12.0,197.45130862216985,624.6589030063744
988,Shanghai NorthCh - Nagoya,SEA,PILOT_TO_PILOT,1,988,943,2,3,SMLtb,BtwSaki,30.891131599265044,126.4449703222121,92.07999737315282,12.0,197.6512788027707,624.4589328257736
989,Shanghai NorthCh - Nagoya,SEA,PILOT_TO_PILOT,1,989,944,2,3,SMLtb,BtwSaki,30.890901348849706,126.44884218605799,92.07999737315282,12.0,197.85124898337153,624.2589626451727
990,Shanghai NorthCh - Nagoya,SEA,PILOT_TO_PILOT,1,990,945,2,3,SMLtb,BtwSaki,30.8906709831589,126.45271403128156,92.07999737315282,12.0,198.05121916397238,624.0589924645718
991,Shanghai NorthCh - Nagoya,SEA,PILOT_TO_PILOT,1,991,946,2,3,SMLtb,BtwSaki,30.890440502194213,126.45658585787372,92.07999737315282,12.0,198.25118934457322,623.859022283971
992,Shanghai NorthCh - Nagoya,SEA,PILOT_TO_PILOT,1,992,947,2,3,SMLtb,BtwSaki,30.890209905957274,126.46045766582543,92.07999737315282,12.0,198.45115952517406,623.6590521033702
993,Shanghai NorthCh - Nagoya,SEA,PILOT_TO_PILOT,1,993,948,2,3,SMLtb,BtwSaki,30.88997919444968,126.4643294551276,92.07999737315282,12.0,198.6511297057749,623.4590819227693
994,Shanghai NorthCh - Nagoya,SEA,PILOT_TO_PILOT,1,994,949,2,3,SMLtb,BtwSaki,30.889748367673047,126.4682012257712,92.07999737315282,12.0,198.85109988637578,623.2591117421684
995,Shanghai NorthCh - Nagoya,SEA,PILOT_TO_PILOT,1,995,950,2,3,SMLtb,BtwSaki,30.889517425628963,126.47207297774716,92.07999737315282,12.0,199.05107006697662,623.0591415615676
996,Shanghai NorthCh - Nagoya,SEA,PILOT_TO_PILOT,1,996,951,2,3,SMLtb,BtwSaki,30.889286368319066,126.47594471104642,92.07999737315282,12.0,199.25104024757746,622.8591713809667
997,Shanghai NorthCh - Nagoya,SEA,PILOT_TO_PILOT,1,997,952,2,3,SMLtb,BtwSaki,30.889055195744962,126.47981642565992,92.07999737315282,12.0,199.4510104281783,622.6592012003659
998,Shanghai NorthCh - Nagoya,SEA,PILOT_TO_PILOT,1,998,953,2,3,SMLtb,BtwSaki,30.888823907908247,126.48368812157864,92.07999737315282,12.0,199.65098060877915,622.4592310197651
999,Shanghai NorthCh - Nagoya,SEA,PILOT_TO_PILOT,1,999,954,2,3,SMLtb,BtwSaki,30.888592504810546,126.48755979879344,92.07999737315282,12.0,199.85095078938,622.2592608391642
1000,Shanghai NorthCh - Nagoya,SEA,PILOT_TO_PILOT,1,1000,955,2,3,SMLtb,BtwSaki,30.88836098645347,126.49143145729535,92.07999737315282,12.0,200.05092096998084,622.0592906585634
1001,Shanghai NorthCh - Nagoya,SEA,PILOT_TO_PILOT,1,1001,956,2,3,SMLtb,BtwSaki,30.888129352838636,126.49530309707525,92.07999737315282,12.0,200.2508911505817,621.8593204779625
1002,Shanghai NorthCh - Nagoya,SEA,PILOT_TO_PILOT,1,1002,957,2,3,SMLtb,BtwSaki,30.88789760396765,126.49917471812414,92.07999737315282,12.0,200.45086133118255,621.6593502973617
1003,Shanghai NorthCh - Nagoya,SEA,PILOT_TO_PILOT,1,1003,958,2,3,SMLtb,BtwSaki,30.88766573984215,126.50304632043293,92.07999737315282,12.0,200.6508315117834,621.4593801167608
1004,Shanghai NorthCh - Nagoya,SEA,PILOT_TO_PILOT,1,1004,959,2,3,SMLtb,BtwSaki,30.887433760463733,126.50691790399256,92.07999737315282,12.0,200.85080169238424,621.25940993616
1005,Shanghai NorthCh - Nagoya,SEA,PILOT_TO_PILOT,1,1005,960,2,3,SMLtb,BtwSaki,30.887201665834016,126.510789468794,92.07999737315282,12.0,201.05077187298508,621.0594397555592
1006,Shanghai NorthCh - Nagoya,SEA,PILOT_TO_PILOT,1,1006,961,2,3,SMLtb,BtwSaki,30.886969455954624,126.51466101482818,92.07999737315282,12.0,201.25074205358592,620.8594695749583
1007,Shanghai NorthCh - Nagoya,SEA,PILOT_TO_PILOT,1,1007,962,2,3,SMLtb,BtwSaki,30.88673713082717,126.51853254208605,92.07999737315282,12.0,201.4507122341868,620.6594993943575
1008,Shanghai NorthCh - Nagoya,SEA,PILOT_TO_PILOT,1,1008,963,2,3,SMLtb,BtwSaki,30.88650469045329,126.52240405055854,92.07999737315282,12.0,201.65068241478764,620.4595292137566
1009,Shanghai NorthCh - Nagoya,SEA,PILOT_TO_PILOT,1,1009,964,2,3,SMLtb,BtwSaki,30.88627213483458,126.52627554023665,92.07999737315282,12.0,201.85065259538848,620.2595590331557
1010,Shanghai NorthCh - Nagoya,SEA,PILOT_TO_PILOT,1,1010,965,2,3,SMLtb,BtwSaki,30.886039463972676,126.53014701111127,92.07999737315282,12.0,202.05062277598932,620.059588852555
1011,Shanghai NorthCh - Nagoya,SEA,PILOT_TO_PILOT,1,1011,966,2,3,SMLtb,BtwSaki,30.8858066778692,126.5340184631734,92.07999737315282,12.0,202.25059295659017,619.8596186719541
1012,Shanghai NorthCh - Nagoya,SEA,PILOT_TO_PILOT,1,1012,967,2,3,SMLtb,BtwSaki,30.885573776525778,126.53788989641396,92.07999737315282,12.0,202.450563137191,619.6596484913532
1013,Shanghai NorthCh - Nagoya,SEA,PILOT_TO_PILOT,1,1013,968,2,3,SMLtb,BtwSaki,30.88534075994402,126.54176131082386,92.07999737315282,12.0,202.65053331779185,619.4596783107523
1014,Shanghai NorthCh - Nagoya,SEA,PILOT_TO_PILOT,1,1014,969,2,3,SMLtb,BtwSaki,30.88510762812557,126.54563270639414,92.07999737315282,12.0,202.85050349839273,619.2597081301515
1015,Shanghai NorthCh - Nagoya,SEA,PILOT_TO_PILOT,1,1015,970,2,3,SMLtb,BtwSaki,30.884874381072045,126.54950408311569,92.07999737315282,12.0,203.05047367899357,619.0597379495507
1016,Shanghai NorthCh - Nagoya,SEA,PILOT_TO_PILOT,1,1016,971,2,3,SMLtb,BtwSaki,30.88464101878506,126.55337544097951,92.07999737315282,12.0,203.2504438595944,618.8597677689498
1017,Shanghai NorthCh - Nagoya,SEA,PILOT_TO_PILOT,1,1017,972,2,3,SMLtb,BtwSaki,30.884407541266256,126.5572467799765,92.07999737315282,12.0,203.45041404019526,618.659797588349
1018,Shanghai NorthCh - Nagoya,SEA,PILOT_TO_PILOT,1,1018,973,2,3,SMLtb,BtwSaki,30.884173948517248,126.56111810009762,92.07999737315282,12.0,203.6503842207961,618.4598274077481
1019,Shanghai NorthCh - Nagoya,SEA,PILOT_TO_PILOT,1,1019,974,2,3,SMLtb,BtwSaki,30.883940240539676,126.56498940133383,92.07999737315282,12.0,203.85035440139694,618.2598572271472
1020,Shanghai NorthCh - Nagoya,SEA,PILOT_TO_PILOT,1,1020,975,2,3,SMLtb,BtwSaki,30.883706417335176,126.56886068367612,92.07999737315282,12.0,204.0503245819978,618.0598870465465
1021,Shanghai NorthCh - Nagoya,SEA,PILOT_TO_PILOT,1,1021,976,2,3,SMLtb,BtwSaki,30.883472478905343,126.5727319471154,92.07999737315282,12.0,204.25029476259866,617.8599168659456
1022,Shanghai NorthCh - Nagoya,SEA,PILOT_TO_PILOT,1,1022,977,2,3,SMLtb,BtwSaki,30.88323842525185,126.57660319164263,92.07999737315282,12.0,204.4502649431995,617.6599466853447
1023,Shanghai NorthCh - Nagoya,SEA,PILOT_TO_PILOT,1,1023,978,2,3,SMLtb,BtwSaki,30.883004256376303,126.58047441724878,92.07999737315282,12.0,204.65023512380034,617.4599765047438
1024,Shanghai NorthCh - Nagoya,SEA,PILOT_TO_PILOT,1,1024,979,2,3,SMLtb,BtwSaki,30.88276997228035,126.5843456239248,92.07999737315282,12.0,204.8502053044012,617.260006324143
1025,Shanghai NorthCh - Nagoya,SEA,PILOT_TO_PILOT,1,1025,980,2,3,SMLtb,BtwSaki,30.8825355729656,126.58821681166167,92.07999737315282,12.0,205.05017548500203,617.0600361435422
1026,Shanghai NorthCh - Nagoya,SEA,PILOT_TO_PILOT,1,1026,981,2,3,SMLtb,BtwSaki,30.88230105843371,126.5920879804503,92.07999737315282,12.0,205.25014566560287,616.8600659629413
1027,Shanghai NorthCh - Nagoya,SEA,PILOT_TO_PILOT,1,1027,982,2,3,SMLtb,BtwSaki,30.88206642868631,126.59595913028167,92.07999737315282,12.0,205.45011584620374,616.6600957823405
1028,Shanghai NorthCh - Nagoya,SEA,PILOT_TO_PILOT,1,1028,983,2,3,SMLtb,BtwSaki,30.881831683725032,126.59983026114675,92.07999737315282,12.0,205.6500860268046,616.4601256017396
1029,Shanghai NorthCh - Nagoya,SEA,PILOT_TO_PILOT,1,1029,984,2,3,SMLtb,BtwSaki,30.881596823551515,126.60370137303649,92.07999737315282,12.0,205.85005620740543,616.2601554211387
1030,Shanghai NorthCh - Nagoya,SEA,PILOT_TO_PILOT,1,1030,985,2,3,SMLtb,BtwSaki,30.88136184816739,126.60757246594183,92.07999737315282,12.0,206.05002638800627,616.060185240538
1031,Shanghai NorthCh - Nagoya,SEA,PILOT_TO_PILOT,1,1031,986,2,3,SMLtb,BtwSaki,30.881126757574297,126.61144353985375,92.07999737315282,12.0,206.24999656860712,615.8602150599371
1032,Shanghai NorthCh - Nagoya,SEA,PILOT_TO_PILOT,1,1032,987,2,3,SMLtb,BtwSaki,30.88089155177388,126.61531459476322,92.07999737315282,12.0,206.44996674920796,615.6602448793362
1033,Shanghai NorthCh - Nagoya,SEA,PILOT_TO_PILOT,1,1033,988,2,3,SMLtb,BtwSaki,30.88065623076777,126.61918563066119,92.07999737315282,12.0,206.64993692980883,615.4602746987354
1034,Shanghai NorthCh - Nagoya,SEA,PILOT_TO_PILOT,1,1034,989,2,3,SMLtb,BtwSaki,30.880420794557615,126.6230566475386,92.07999737315282,12.0,206.84990711040967,615.2603045181345
1035,Shanghai NorthCh - Nagoya,SEA,PILOT_TO_PILOT,1,1035,990,2,3,SMLtb,BtwSaki,30.880185243145046,126.62692764538644,92.07999737315282,12.0,207.04987729101052,615.0603343375337
1036,Shanghai NorthCh - Nagoya,SEA,PILOT_TO_PILOT,1,1036,991,2,3,SMLtb,BtwSaki,30.87994957653172,126.63079862419568,92.07999737315282,12.0,207.24984747161136,614.8603641569329
1037,Shanghai NorthCh - Nagoya,SEA,PILOT_TO_PILOT,1,1037,992,2,3,SMLtb,BtwSaki,30.87971379471926,126.63466958395725,92.07999737315282,12.0,207.4498176522122,614.660393976332
1038,Shanghai NorthCh - Nagoya,SEA,PILOT_TO_PILOT,1,1038,993,2,3,SMLtb,BtwSaki,30.879477897709332,126.6385405246621,92.07999737315282,12.0,207.64978783281305,614.4604237957312
1039,Shanghai NorthCh - Nagoya,SEA,PILOT_TO_PILOT,1,1039,994,2,3,SMLtb,BtwSaki,30.879241885503554,126.64241144630127,92.07999737315282,12.0,207.8497580134139,614.2604536151304
1040,Shanghai NorthCh - Nagoya,SEA,PILOT_TO_PILOT,1,1040,995,2,3,SMLtb,BtwSaki,30.879005758103595,126.64628234886564,92.07999737315282,12.0,208.04972819401476,614.0604834345295
1041,Shanghai NorthCh - Nagoya,SEA,PILOT_TO_PILOT,1,1041,996,2,3,SMLtb,BtwSaki,30.878769515511088,126.65015323234621,92.07999737315282,12.0,208.2496983746156,613.8605132539286
1042,Shanghai NorthCh - Nagoya,SEA,PILOT_TO_PILOT,1,1042,997,2,3,SMLtb,BtwSaki,30.87853315772767,126.65402409673396,92.07999737315282,12.0,208.44966855521645,613.6605430733277
1043,Shanghai NorthCh - Nagoya,SEA,PILOT_TO_PILOT,1,1043,998,2,3,SMLtb,BtwSaki,30.878296684755007,126.65789494201987,92.07999737315282,12.0,208.6496387358173,613.460572892727
1044,Shanghai NorthCh - Nagoya,SEA,PILOT_TO_PILOT,1,1044,999,2,3,SMLtb,BtwSaki,30.878060096594744,126.66176576819484,92.07999737315282,12.0,208.84960891641813,613.2606027121261
1045,Shanghai NorthCh - Nagoya,SEA,PILOT_TO_PILOT,1,1045,1000,2,3,SMLtb,BtwSaki,30.87782339324852,126.66563657524988,92.07999737315282,12.0,209.04957909701898,613.0606325315252
1046,Shanghai NorthCh - Nagoya,SEA,PILOT_TO_PILOT,1,1046,1001,2,3,SMLtb,BtwSaki,30.87758657471799,126.66950736317598,92.07999737315282,12.0,209.24954927761982,612.8606623509244
1047,Shanghai NorthCh - Nagoya,SEA,PILOT_TO_PILOT,1,1047,1002,2,3,SMLtb,BtwSaki,30.8773496410048,126.67337813196404,92.07999737315282,12.0,209.4495194582207,612.6606921703235
1048,Shanghai NorthCh - Nagoya,SEA,PILOT_TO_PILOT,1,1048,1003,2,3,SMLtb,BtwSaki,30.877112592110606,126.67724888160512,92.07999737315282,12.0,209.64948963882154,612.4607219897227
1049,Shanghai NorthCh - Nagoya,SEA,PILOT_TO_PILOT,1,1049,1004,2,3,SMLtb,BtwSaki,30.87687542803706,126.6811196120901,92.07999737315282,12.0,209.84945981942238,612.2607518091219
1050,Shanghai NorthCh - Nagoya,SEA,PILOT_TO_PILOT,1,1050,1005,2,3,SMLtb,BtwSaki,30.876638148785815,126.68499032340999,92.07999737315282,12.0,210.04943000002322,612.060781628521
1051,Shanghai NorthCh - Nagoya,SEA,PILOT_TO_PILOT,1,1051,1006,2,3,SMLtb,BtwSaki,30.876400754358524,126.68886101555577,92.07999737315282,12.0,210.24940018062406,611.8608114479201
1052,Shanghai NorthCh - Nagoya,SEA,PILOT_TO_PILOT,1,1052,1007,2,3,SMLtb,BtwSaki,30.87616324475683,126.6927316885184,92.07999737315282,12.0,210.4493703612249,611.6608412673193
1053,Shanghai NorthCh - Nagoya,SEA,PILOT_TO_PILOT,1,1053,1008,2,3,SMLtb,BtwSaki,30.875925619982407,126.69660234228886,92.07999737315282,12.0,210.64934054182578,611.4608710867185
1054,Shanghai NorthCh - Nagoya,SEA,PILOT_TO_PILOT,1,1054,1009,2,3,SMLtb,BtwSaki,30.875687880036892,126.7004729768581,92.07999737315282,12.0,210.84931072242662,611.2609009061176
1055,Shanghai NorthCh - Nagoya,SEA,PILOT_TO_PILOT,1,1055,1010,2,3,SMLtb,BtwSaki,30.875450024921953,126.7043435922171,92.07999737315282,12.0,211.04928090302747,611.0609307255168
1056,Shanghai NorthCh - Nagoya,SEA,PILOT_TO_PILOT,1,1056,1011,2,3,SMLtb,BtwSaki,30.87521205463924,126.70821418835685,92.07999737315282,12.0,211.2492510836283,610.8609605449159
1057,Shanghai NorthCh - Nagoya,SEA,PILOT_TO_PILOT,1,1057,1012,2,3,SMLtb,BtwSaki,30.87497396919043,126.7120847652683,92.07999737315282,12.0,211.44922126422915,610.660990364315
1058,Shanghai NorthCh - Nagoya,SEA,PILOT_TO_PILOT,1,1058,1013,2,3,SMLtb,BtwSaki,30.874735768577153,126.71595532294245,92.07999737315282,12.0,211.64919144483,610.4610201837143
1059,Shanghai NorthCh - Nagoya,SEA,PILOT_TO_PILOT,1,1059,1014,2,3,SMLtb,BtwSaki,30.874497452801087,126.71982586137024,92.07999737315282,12.0,211.84916162543084,610.2610500031134
1060,Shanghai NorthCh - Nagoya,SEA,PILOT_TO_PILOT,1,1060,1015,2,3,SMLtb,BtwSaki,30.874259021863892,126.72369638054268,92.07999737315282,12.0,212.0491318060317,610.0610798225125
1061,Shanghai NorthCh - Nagoya,SEA,PILOT_TO_PILOT,1,1061,1016,2,3,SMLtb,BtwSaki,30.874020475767214,126.72756688045068,92.07999737315282,12.0,212.24910198663255,609.8611096419116
1062,Shanghai NorthCh - Nagoya,SEA,PILOT_TO_PILOT,1,1062,1017,2,3,SMLtb,BtwSaki,30.873781814512736,126.73143736108533,92.07999737315282,12.0,212.4490721672334,609.6611394613108
1063,Shanghai NorthCh - Nagoya,SEA,PILOT_TO_PILOT,1,1063,1018,2,3,SMLtb,BtwSaki,30.873543038102106,126.73530782243749,92.07999737315282,12.0,212.64904234783424,609.46116928071
1064,Shanghai NorthCh - Nagoya,SEA,PILOT_TO_PILOT,1,1064,1019,2,3,SMLtb,BtwSaki,30.873304146537002,126.73917826449822,92.07999737315282,12.0,212.84901252843508,609.2611991001091
1065,Shanghai NorthCh - Nagoya,SEA,PILOT_TO_PILOT,1,1065,1020,2,3,SMLtb,BtwSaki,30.87306513981906,126.74304868725848,92.07999737315282,12.0,213.04898270903593,609.0612289195083
1066,Shanghai NorthCh - Nagoya,SEA,PILOT_TO_PILOT,1,1066,1021,2,3,SMLtb,BtwSaki,30.87282601794998,126.7469190907092,92.07999737315282,12.0,213.2489528896368,608.8612587389074
1067,Shanghai NorthCh - Nagoya,SEA,PILOT_TO_PILOT,1,1067,1022,2,3,SMLtb,BtwSaki,30.872586780931403,126.75078947484141,92.07999737315282,12.0,213.44892307023764,608.6612885583065
1068,Shanghai NorthCh - Nagoya,SEA,PILOT_TO_PILOT,1,1068,1023,2,3,SMLtb,BtwSaki,30.87234742876501,126.75465983964605,92.07999737315282,12.0,213.64889325083848,608.4613183777058
1069,Shanghai NorthCh - Nagoya,SEA,PILOT_TO_PILOT,1,1069,1024,2,3,SMLtb,BtwSaki,30.87210796145245,126.75853018511415,92.07999737315282,12.0,213.84886343143933,608.2613481971049
1070,Shanghai NorthCh - Nagoya,SEA,PILOT_TO_PILOT,1,1070,1025,2,3,SMLtb,BtwSaki,30.87186837899542,126.76240051123666,92.07999737315282,12.0,214.04883361204017,608.061378016504
1071,Shanghai NorthCh - Nagoya,SEA,PILOT_TO_PILOT,1,1071,1026,2,3,SMLtb,BtwSaki,30.871628681395553,126.76627081800456,92.07999737315282,12.0,214.248803792641,607.8614078359033
1072,Shanghai NorthCh - Nagoya,SEA,PILOT_TO_PILOT,1,1072,1027,2,3,SMLtb,BtwSaki,30.871388868654552,126.77014110540883,92.07999737315282,12.0,214.44877397324186,607.6614376553024
1073,Shanghai NorthCh - Nagoya,SEA,PILOT_TO_PILOT,1,1073,1028,2,3,SMLtb,BtwSaki,30.871148940774066,126.77401137344043,92.07999737315282,12.0,214.64874415384273,607.4614674747015
1074,Shanghai NorthCh - Nagoya,SEA,PILOT_TO_PILOT,1,1074,1029,2,3,SMLtb,BtwSaki,30.87090889775578,126.7778816220904,92.07999737315282,12.0,214.84871433444357,607.2614972941006
1075,Shanghai NorthCh - Nagoya,SEA,PILOT_TO_PILOT,1,1075,1030,2,3,SMLtb,BtwSaki,30.870668739601353,126.78175185134968,92.07999737315282,12.0,215.0486845150444,607.0615271134998
1076,Shanghai NorthCh - Nagoya,SEA,PILOT_TO_PILOT,1,1076,1031,2,3,SMLtb,BtwSaki,30.870428466312465,126.78562206120928,92.07999737315282,12.0,215.24865469564526,606.861556932899
1077,Shanghai NorthCh - Nagoya,SEA,PILOT_TO_PILOT,1,1077,1032,2,3,SMLtb,BtwSaki,30.87018807789079,126.78949225166016,92.07999737315282,12.0,215.4486248762461,606.6615867522981
1078,Shanghai NorthCh - Nagoya,SEA,PILOT_TO_PILOT,1,1078,1033,2,3,SMLtb,BtwSaki,30.869947574338006,126.7933624226933,92.07999737315282,12.0,215.64859505684694,606.4616165716973
1079,Shanghai NorthCh - Nagoya,SEA,PILOT_TO_PILOT,1,1079,1034,2,3,SMLtb,BtwSaki,30.869706955655772,126.79723257429973,92.07999737315282,12.0,215.84856523744781,606.2616463910964
1080,Shanghai NorthCh - Nagoya,SEA,PILOT_TO_PILOT,1,1080,1035,2,3,SMLtb,BtwSaki,30.869466221845784,126.80110270647039,92.07999737315282,12.0,216.04853541804866,606.0616762104955
1081,Shanghai NorthCh - Nagoya,SEA,PILOT_TO_PILOT,1,1081,1036,2,3,SMLtb,BtwSaki,30.869225372909707,126.80497281919625,92.07999737315282,12.0,216.2485055986495,605.8617060298948
1082,Shanghai NorthCh - Nagoya,SEA,PILOT_TO_PILOT,1,1082,1037,2,3,SMLtb,BtwSaki,30.868984408849226,126.80884291246836,92.07999737315282,12.0,216.44847577925034,605.6617358492939
1083,Shanghai NorthCh - Nagoya,SEA,PILOT_TO_PILOT,1,1083,1038,2,3,SMLtb,BtwSaki,30.86874332966601,126.81271298627765,92.07999737315282,12.0,216.6484459598512,605.461765668693
1084,Shanghai NorthCh - Nagoya,SEA,PILOT_TO_PILOT,1,1084,1039,2,3,SMLtb,BtwSaki,30.86850213536174,126.81658304061514,92.07999737315282,12.0,216.84841614045203,605.2617954880922
1085,Shanghai NorthCh - Nagoya,SEA,PILOT_TO_PILOT,1,1085,1040,2,3,SMLtb,BtwSaki,30.868260825938105,126.82045307547182,92.07999737315282,12.0,217.04838632105287,605.0618253074913
1086,Shanghai NorthCh - Nagoya,SEA,PILOT_TO_PILOT,1,1086,1041,2,3,SMLtb,BtwSaki,30.86801940139677,126.82432309083867,92.07999737315282,12.0,217.24835650165375,604.8618551268905
1087,Shanghai NorthCh - Nagoya,SEA,PILOT_TO_PILOT,1,1087,1042,2,3,SMLtb,BtwSaki,30.867777861739423,126.82819308670668,92.07999737315282,12.0,217.4483266822546,604.6618849462897
1088,Shanghai NorthCh - Nagoya,SEA,PILOT_TO_PILOT,1,1088,1043,2,3,SMLtb,BtwSaki,30.867536206967756,126.83206306306683,92.07999737315282,12.0,217.64829686285543,604.4619147656888
1089,Shanghai NorthCh - Nagoya,SEA,PILOT_TO_PILOT,1,1089,1044,2,3,SMLtb,BtwSaki,30.86729443708344,126.83593301991012,92.07999737315282,12.0,217.84826704345627,604.2619445850879
1090,Shanghai NorthCh - Nagoya,SEA,PILOT_TO_PILOT,1,1090,1045,2,3,SMLtb,BtwSaki,30.86705255208816,126.83980295722753,92.07999737315282,12.0,218.04823722405712,604.061974404487
1091,Shanghai NorthCh - Nagoya,SEA,PILOT_TO_PILOT,1,1091,1046,2,3,SMLtb,BtwSaki,30.866810551983605,126.84367287501007,92.07999737315282,12.0,218.24820740465796,603.8620042238863
1092,Shanghai NorthCh - Nagoya,SEA,PILOT_TO_PILOT,1,1092,1047,2,3,SMLtb,BtwSaki,30.866568436771466,126.84754277324872,92.07999737315282,12.0,218.44817758525883,603.6620340432854
1093,Shanghai NorthCh - Nagoya,SEA,PILOT_TO_PILOT,1,1093,1048,2,3,SMLtb,BtwSaki,30.866326206453415,126.85141265193448,92.07999737315282,12.0,218.64814776585968,603.4620638626845
1094,Shanghai NorthCh - Nagoya,SEA,PILOT_TO_PILOT,1,1094,1049,2,3,SMLtb,BtwSaki,30.86608386103114,126.85528251105833,92.07999737315282,12.0,218.84811794646052,603.2620936820837
1095,Shanghai NorthCh - Nagoya,SEA,PILOT_TO_PILOT,1,1095,1050,2,3,SMLtb,BtwSaki,30.865841400506337,126.8591523506113,92.07999737315282,12.0,219.04808812706136,603.0621235014828
1096,Shanghai NorthCh - Nagoya,SEA,PILOT_TO_PILOT,1,1096,1051,2,3,SMLtb,BtwSaki,30.865598824880692,126.86302217058433,92.07999737315282,12.0,219.2480583076622,602.862153320882
1097,Shanghai NorthCh - Nagoya,SEA,PILOT_TO_PILOT,1,1097,1052,2,3,SMLtb,BtwSaki,30.865356134155896,126.86689197096842,92.07999737315282,12.0,219.44802848826305,602.6621831402812
1098,Shanghai NorthCh - Nagoya,SEA,PILOT_TO_PILOT,1,1098,1053,2,3,SMLtb,BtwSaki,30.865113328333624,126.87076175175463,92.07999737315282,12.0,219.6479986688639,602.4622129596803
1099,Shanghai NorthCh - Nagoya,SEA,PILOT_TO_PILOT,1,1099,1054,2,3,SMLtb,BtwSaki,30.86487040741559,126.87463151293389,92.07999737315282,12.0,219.84796884946476,602.2622427790794
1100,Shanghai NorthCh - Nagoya,SEA,PILOT_TO_PILOT,1,1100,1055,2,3,SMLtb,BtwSaki,30.86462737140347,126.87850125449725,92.07999737315282,12.0,220.0479390300656,602.0622725984786
1101,Shanghai NorthCh - Nagoya,SEA,PILOT_TO_PILOT,1,1101,1056,2,3,SMLtb,BtwSaki,30.86438422029896,126.88237097643564,92.07999737315282,12.0,220.24790921066645,601.8623024178778
1102,Shanghai NorthCh - Nagoya,SEA,PILOT_TO_PILOT,1,1102,1057,2,3,SMLtb,BtwSaki,30.86414095410375,126.88624067874011,92.07999737315282,12.0,220.4478793912673,601.6623322372769
1103,Shanghai NorthCh - Nagoya,SEA,PILOT_TO_PILOT,1,1103,1058,2,3,SMLtb,BtwSaki,30.863897572819543,126.89011036140161,92.07999737315282,12.0,220.64784957186814,601.462362056676
1104,Shanghai NorthCh - Nagoya,SEA,PILOT_TO_PILOT,1,1104,1059,2,3,SMLtb,BtwSaki,30.863654076448018,126.89398002441122,92.07999737315282,12.0,220.84781975246898,601.2623918760753
1105,Shanghai NorthCh - Nagoya,SEA,PILOT_TO_PILOT,1,1105,1060,2,3,SMLtb,BtwSaki,30.863410464990885,126.89784966775986,92.07999737315282,12.0,221.04778993306982,601.0624216954744
1106,Shanghai NorthCh - Nagoya,SEA,PILOT_TO_PILOT,1,1106,1061,2,3,SMLtb,BtwSaki,30.863166738449834,126.90171929143855,92.07999737315282,12.0,221.2477601136707,600.8624515148736
1107,Shanghai NorthCh - Nagoya,SEA,PILOT_TO_PILOT,1,1107,1062,2,3,SMLtb,BtwSaki,30.862922896826568,126.90558889543833,92.07999737315282,12.0,221.44773029427154,600.6624813342727
1108,Shanghai NorthCh - Nagoya,SEA,PILOT_TO_PILOT,1,1108,1063,2,3,SMLtb,BtwSaki,30.862678940122766,126.90945847975014,92.07999737315282,12.0,221.64770047487238,600.4625111536718
1109,Shanghai NorthCh - Nagoya,SEA,PILOT_TO_PILOT,1,1109,1064,2,3,SMLtb,BtwSaki,30.86243486834015,126.91332804436502,92.07999737315282,12.0,221.84767065547322,600.262540973071
1110,Shanghai NorthCh - Nagoya,SEA,PILOT_TO_PILOT,1,1110,1065,2,3,SMLtb,BtwSaki,30.862190681480396,126.91719758927397,92.07999737315282,12.0,222.04764083607407,600.0625707924702
1111,Shanghai NorthCh - Nagoya,SEA,PILOT_TO_PILOT,1,1111,1066,2,3,SMLtb,BtwSaki,30.861946379545227,126.921067114468,92.07999737315282,12.0,222.2476110166749,599.8626006118693
1112,Shanghai NorthCh - Nagoya,SEA,PILOT_TO_PILOT,1,1112,1067,2,3,SMLtb,BtwSaki,30.86170196253633,126.92493661993807,92.07999737315282,12.0,222.44758119727578,599.6626304312684
1113,Shanghai NorthCh - Nagoya,SEA,PILOT_TO_PILOT,1,1113,1068,2,3,SMLtb,BtwSaki,30.86145743045541,126.9288061056752,92.07999737315282,12.0,222.64755137787662,599.4626602506676
1114,Shanghai NorthCh - Nagoya,SEA,PILOT_TO_PILOT,1,1114,1069,2,3,SMLtb,BtwSaki,30.86121278330417,126.93267557167044,92.07999737315282,12.0,222.84752155847747,599.2626900700668
1115,Shanghai NorthCh - Nagoya,SEA,PILOT_TO_PILOT,1,1115,1070,2,3,SMLtb,BtwSaki,30.86096802108431,126.93654501791474,92.07999737315282,12.0,223.0474917390783,599.0627198894659
1116,Shanghai NorthCh - Nagoya,SEA,PILOT_TO_PILOT,1,1116,1071,2,3,SMLtb,BtwSaki,30.86072314379754,126.94041444439914,92.07999737315282,12.0,223.24746191967915,598.8627497088651
1117,Shanghai NorthCh - Nagoya,SEA,PILOT_TO_PILOT,1,1117,1072,2,3,SMLtb,BtwSaki,30.860478151445555,126.94428385111463,92.07999737315282,12.0,223.44743210028,598.6627795282642
1118,Shanghai NorthCh - Nagoya,SEA,PILOT_TO_PILOT,1,1118,1073,2,3,SMLtb,BtwSaki,30.860233044030068,126.9481532380522,92.07999737315282,12.0,223.64740228088084,598.4628093476633
1119,Shanghai NorthCh - Nagoya,SEA,PILOT_TO_PILOT,1,1119,1074,2,3,SMLtb,BtwSaki,30.859987821552785,126.95202260520288,92.07999737315282,12.0,223.8473724614817,598.2628391670626
1120,Shanghai NorthCh - Nagoya,SEA,PILOT_TO_PILOT,1,1120,1075,2,3,SMLtb,BtwSaki,30.85974248401541,126.95589195255768,92.07999737315282,12.0,224.04734264208255,598.0628689864617
1121,Shanghai NorthCh - Nagoya,SEA,PILOT_TO_PILOT,1,1121,1076,2,3,SMLtb,BtwSaki,30.85949703141964,126.9597612801076,92.07999737315282,12.0,224.2473128226834,597.8628988058608
1122,Shanghai NorthCh - Nagoya,SEA,PILOT_TO_PILOT,1,1122,1077,2,3,SMLtb,BtwSaki,30.859251463767205,126.96363058784362,92.07999737315282,12.0,224.44728300328424,597.66292862526
1123,Shanghai NorthCh - Nagoya,SEA,PILOT_TO_PILOT,1,1123,1078,2,3,SMLtb,BtwSaki,30.859005781059803,126.9674998757568,92.07999737315282,12.0,224.64725318388508,597.4629584446591
1124,Shanghai NorthCh - Nagoya,SEA,PILOT_TO_PILOT,1,1124,1079,2,3,SMLtb,BtwSaki,30.858759983299144,126.97136914383813,92.07999737315282,12.0,224.84722336448593,597.2629882640583
1125,Shanghai NorthCh - Nagoya,SEA,PILOT_TO_PILOT,1,1125,1080,2,3,SMLtb,BtwSaki,30.85851407048694,126.97523839207862,92.07999737315282,12.0,225.0471935450868,597.0630180834575
1126,Shanghai NorthCh - Nagoya,SEA,PILOT_TO_PILOT,1,1126,1081,2,3,SMLtb,BtwSaki,30.858268042624914,126.97910762046925,92.07999737315282,12.0,225.24716372568764,596.8630479028566
1127,Shanghai NorthCh - Nagoya,SEA,PILOT_TO_PILOT,1,1127,1082,2,3,SMLtb,BtwSaki,30.858021899714757,126.98297682900107,92.07999737315282,12.0,225.44713390628849,596.6630777222557
1128,Shanghai NorthCh - Nagoya,SEA,PILOT_TO_PILOT,1,1128,1083,2,3,SMLtb,BtwSaki,30.857775641758185,126.98684601766507,92.07999737315282,12.0,225.64710408688933,596.4631075416548
1129,Shanghai NorthCh - Nagoya,SEA,PILOT_TO_PILOT,1,1129,1084,2,3,SMLtb,BtwSaki,30.85752926875693,126.99071518645228,92.07999737315282,12.0,225.84707426749017,596.2631373610541
1130,Shanghai NorthCh - Nagoya,SEA,PILOT_TO_PILOT,1,1130,1085,2,3,SMLtb,BtwSaki,30.857282780712683,126.99458433535371,92.07999737315282,12.0,226.04704444809101,596.0631671804532
1131,Shanghai NorthCh - Nagoya,SEA,PILOT_TO_PILOT,1,1131,1086,2,3,SMLtb,BtwSaki,30.857036177627183,126.99845346436035,92.07999737315282,12.0,226.24701462869186,595.8631969998523
1132,Shanghai NorthCh - Nagoya,SEA,PILOT_TO_PILOT,1,1132,1087,2,3,SMLtb,BtwSaki,30.856789459502135,127.00232257346326,92.07999737315282,12.0,226.44698480929273,595.6632268192515
1133,Shanghai NorthCh - Nagoya,SEA,PILOT_TO_PILOT,1,1133,1088,2,3,SMLtb,BtwSaki,30.85654262633925,127.00619166265339,92.07999737315282,12.0,226.64695498989357,595.4632566386506
1134,Shanghai NorthCh - Nagoya,SEA,PILOT_TO_PILOT,1,1134,1089,2,3,SMLtb,BtwSaki,30.856295678140263,127.01006073192181,92.07999737315282,12.0,226.84692517049442,595.2632864580498
1135,Shanghai NorthCh - Nagoya,SEA,PILOT_TO_PILOT,1,1135,1090,2,3,SMLtb,BtwSaki,30.856048614906868,127.01392978125952,92.07999737315282,12.0,227.04689535109526,595.063316277449
1136,Shanghai NorthCh - Nagoya,SEA,PILOT_TO_PILOT,1,1136,1091,2,3,SMLtb,BtwSaki,30.85580143664081,127.01779881065752,92.07999737315282,12.0,227.2468655316961,594.8633460968481
1137,Shanghai NorthCh - Nagoya,SEA,PILOT_TO_PILOT,1,1137,1092,2,3,SMLtb,BtwSaki,30.855554143343788,127.02166782010686,92.07999737315282,12.0,227.44683571229695,594.6633759162473
1138,Shanghai NorthCh - Nagoya,SEA,PILOT_TO_PILOT,1,1138,1093,2,3,SMLtb,BtwSaki,30.855306735017532,127.0255368095985,92.07999737315282,12.0,227.64680589289782,594.4634057356463
1139,Shanghai NorthCh - Nagoya,SEA,PILOT_TO_PILOT,1,1139,1094,2,3,SMLtb,BtwSaki,30.855059211663765,127.02940577912351,92.07999737315282,12.0,227.84677607349866,594.2634355550456
1140,Shanghai NorthCh - Nagoya,SEA,PILOT_TO_PILOT,1,1140,1095,2,3,SMLtb,BtwSaki,30.85481157328421,127.0332747286729,92.07999737315282,12.0,228.0467462540995,594.0634653744447
1141,Shanghai NorthCh - Nagoya,SEA,PILOT_TO_PILOT,1,1141,1096,2,3,SMLtb,BtwSaki,30.854563819880585,127.03714365823768,92.07999737315282,12.0,228.24671643470035,593.8634951938438
1142,Shanghai NorthCh - Nagoya,SEA,PILOT_TO_PILOT,1,1142,1097,2,3,SMLtb,BtwSaki,30.854315951454623,127.04101256780885,92.07999737315282,12.0,228.4466866153012,593.6635250132431
1143,Shanghai NorthCh - Nagoya,SEA,PILOT_TO_PILOT,1,1143,1098,2,3,SMLtb,BtwSaki,30.854067968008028,127.04488145737747,92.07999737315282,12.0,228.64665679590203,593.4635548326422
1144,Shanghai NorthCh - Nagoya,SEA,PILOT_TO_PILOT,1,1144,1099,2,3,SMLtb,BtwSaki,30.85381986954255,127.04875032693454,92.07999737315282,12.0,228.84662697650288,593.2635846520413
1145,Shanghai NorthCh - Nagoya,SEA,PILOT_TO_PILOT,1,1145,1100,2,3,SMLtb,BtwSaki,30.85357165605991,127.05261917647108,92.07999737315282,12.0,229.04659715710375,593.0636144714405
1146,Shanghai NorthCh - Nagoya,SEA,PILOT_TO_PILOT,1,1146,1101,2,3,SMLtb,BtwSaki,30.853323327561828,127.05648800597811,92.07999737315282,12.0,229.2465673377046,592.8636442908396
1147,Shanghai NorthCh - Nagoya,SEA,PILOT_TO_PILOT,1,1147,1102,2,3,SMLtb,BtwSaki,30.853074884050034,127.06035681544665,92.07999737315282,12.0,229.44653751830543,592.6636741102388
1148,Shanghai NorthCh - Nagoya,SEA,PILOT_TO_PILOT,1,1148,1103,2,3,SMLtb,BtwSaki,30.85282632552624,127.06422560486773,92.07999737315282,12.0,229.64650769890628,592.463703929638
1149,Shanghai NorthCh - Nagoya,SEA,PILOT_TO_PILOT,1,1149,1104,2,3,SMLtb,BtwSaki,30.852577651992217,127.06809437423236,92.07999737315282,12.0,229.84647787950712,592.2637337490371
1150,Shanghai NorthCh - Nagoya,SEA,PILOT_TO_PILOT,1,1150,1105,2,3,SMLtb,BtwSaki,30.85232886344966,127.07196312353159,92.07999737315282,12.0,230.04644806010796,592.0637635684362
1151,Shanghai NorthCh - Nagoya,SEA,PILOT_TO_PILOT,1,1151,1106,2,3,SMLtb,BtwSaki,30.852079959900312,127.07583185275644,92.07999737315282,12.0,230.2464182407088,591.8637933878354
1152,Shanghai NorthCh - Nagoya,SEA,PILOT_TO_PILOT,1,1152,1107,2,3,SMLtb,BtwSaki,30.8518309413459,127.07970056189791,92.07999737315282,12.0,230.44638842130968,591.6638232072346
1153,Shanghai NorthCh - Nagoya,SEA,PILOT_TO_PILOT,1,1153,1108,2,3,SMLtb,BtwSaki,30.851581807788165,127.08356925094701,92.07999737315282,12.0,230.64635860191052,591.4638530266337
1154,Shanghai NorthCh - Nagoya,SEA,PILOT_TO_PILOT,1,1154,1109,2,3,SMLtb,BtwSaki,30.851332559228823,127.08743791989484,92.07999737315282,12.0,230.84632878251136,591.2638828460329
1155,Shanghai NorthCh - Nagoya,SEA,PILOT_TO_PILOT,1,1155,1110,2,3,SMLtb,BtwSaki,30.851083195669634,127.09130656873236,92.07999737315282,12.0,231.0462989631122,591.063912665432
1156,Shanghai NorthCh - Nagoya,SEA,PILOT_TO_PILOT,1,1156,1111,2,3,SMLtb,BtwSaki,30.850833717112312,127.09517519745063,92.07999737315282,12.0,231.24626914371305,590.8639424848311
1157,Shanghai NorthCh - Nagoya,SEA,PILOT_TO_PILOT,1,1157,1112,2,3,SMLtb,BtwSaki,30.850584123558605,127.09904380604065,92.07999737315282,12.0,231.4462393243139,590.6639723042304
1158,Shanghai NorthCh - Nagoya,SEA,PILOT_TO_PILOT,1,1158,1113,2,3,SMLtb,BtwSaki,30.850334415010238,127.10291239449347,92.07999737315282,12.0,231.64620950491476,590.4640021236295
1159,Shanghai NorthCh - Nagoya,SEA,PILOT_TO_PILOT,1,1159,1114,2,3,SMLtb,BtwSaki,30.85008459146895,127.10678096280013,92.07999737315282,12.0,231.8461796855156,590.2640319430286
1160,Shanghai NorthCh - Nagoya,SEA,PILOT_TO_PILOT,1,1160,1115,2,3,SMLtb,BtwSaki,30.84983465293648,127.1106495109516,92.07999737315282,12.0,232.04614986611645,590.0640617624277
1161,Shanghai NorthCh - Nagoya,SEA,PILOT_TO_PILOT,1,1161,1116,2,3,SMLtb,BtwSaki,30.84958459941458,127.11451803893901,92.07999737315282,12.0,232.2461200467173,589.8640915818269
1162,Shanghai NorthCh - Nagoya,SEA,PILOT_TO_PILOT,1,1162,1117,2,3,SMLtb,BtwSaki,30.84933443090497,127.11838654675331,92.07999737315282,12.0,232.44609022731814,589.6641214012261
1163,Shanghai NorthCh - Nagoya,SEA,PILOT_TO_PILOT,1,1163,1118,2,3,SMLtb,BtwSaki,30.84908414740941,127.12225503438553,92.07999737315282,12.0,232.64606040791898,589.4641512206252
1164,Shanghai NorthCh - Nagoya,SEA,PILOT_TO_PILOT,1,1164,1119,2,3,SMLtb,BtwSaki,30.848833748929618,127.12612350182677,92.07999737315282,12.0,232.84603058851982,589.2641810400244
1165,Shanghai NorthCh - Nagoya,SEA,PILOT_TO_PILOT,1,1165,1120,2,3,SMLtb,BtwSaki,30.848583235467345,127.12999194906797,92.07999737315282,12.0,233.0460007691207,589.0642108594235
1166,Shanghai NorthCh - Nagoya,SEA,PILOT_TO_PILOT,1,1166,1121,2,3,SMLtb,BtwSaki,30.848332607024346,127.13386037610023,92.07999737315282,12.0,233.24597094972154,588.8642406788226
1167,Shanghai NorthCh - Nagoya,SEA,PILOT_TO_PILOT,1,1167,1122,2,3,SMLtb,BtwSaki,30.848081863602353,127.13772878291458,92.07999737315282,12.0,233.44594113032238,588.6642704982219
1168,Shanghai NorthCh - Nagoya,SEA,PILOT_TO_PILOT,1,1168,1123,2,3,SMLtb,BtwSaki,30.8478310052031,127.14159716950202,92.07999737315282,12.0,233.64591131092322,588.464300317621
1169,Shanghai NorthCh - Nagoya,SEA,PILOT_TO_PILOT,1,1169,1124,2,3,SMLtb,BtwSaki,30.84758003182835,127.1454655358536,92.07999737315282,12.0,233.84588149152407,588.2643301370201
1170,Shanghai NorthCh - Nagoya,SEA,PILOT_TO_PILOT,1,1170,1125,2,3,SMLtb,BtwSaki,30.847328943479845,127.14933388196037,92.07999737315282,12.0,234.0458516721249,588.0643599564194
1171,Shanghai NorthCh - Nagoya,SEA,PILOT_TO_PILOT,1,1171,1126,2,3,SMLtb,BtwSaki,30.84707774015933,127.15320220781334,92.07999737315282,12.0,234.24582185272578,587.8643897758184
1172,Shanghai NorthCh - Nagoya,SEA,PILOT_TO_PILOT,1,1172,1127,2,3,SMLtb,BtwSaki,30.846826421868553,127.15707051340358,92.07999737315282,12.0,234.44579203332663,587.6644195952176
1173,Shanghai NorthCh - Nagoya,SEA,PILOT_TO_PILOT,1,1173,1128,2,3,SMLtb,BtwSaki,30.846574988609248,127.16093879872209,92.07999737315282,12.0,234.64576221392747,587.4644494146168
1174,Shanghai NorthCh - Nagoya,SEA,PILOT_TO_PILOT,1,1174,1129,2,3,SMLtb,BtwSaki,30.846323440383188,127.16480706375992,92.07999737315282,12.0,234.8457323945283,587.2644792340159
1175,Shanghai NorthCh - Nagoya,SEA,PILOT_TO_PILOT,1,1175,1130,2,3,SMLtb,BtwSaki,30.846071777192094,127.16867530850811,92.07999737315282,12.0,235.04570257512916,587.0645090534151
1176,Shanghai NorthCh - Nagoya,SEA,PILOT_TO_PILOT,1,1176,1131,2,3,SMLtb,BtwSaki,30.845819999037737,127.17254353295769,92.07999737315282,12.0,235.24567275573,586.8645388728143
1177,Shanghai NorthCh - Nagoya,SEA,PILOT_TO_PILOT,1,1177,1132,2,3,SMLtb,BtwSaki,30.84556810592187,127.17641173709971,92.07999737315282,12.0,235.44564293633084,586.6645686922134
1178,Shanghai NorthCh - Nagoya,SEA,PILOT_TO_PILOT,1,1178,1133,2,3,SMLtb,BtwSaki,30.845316097846233,127.18027992092522,92.07999737315282,12.0,235.6456131169317,586.4645985116125
1179,Shanghai NorthCh - Nagoya,SEA,PILOT_TO_PILOT,1,1179,1134,2,3,SMLtb,BtwSaki,30.84506397481258,127.18414808442525,92.07999737315282,12.0,235.84558329753256,586.2646283310116
1180,Shanghai NorthCh - Nagoya,SEA,PILOT_TO_PILOT,1,1180,1135,2,3,SMLtb,BtwSaki,30.84481173682267,127.1880162275908,92.07999737315282,12.0,236.0455534781334,586.0646581504109
1181,Shanghai NorthCh - Nagoya,SEA,PILOT_TO_PILOT,1,1181,1136,2,3,SMLtb,BtwSaki,30.844559383878252,127.19188435041298,92.07999737315282,12.0,236.24552365873424,585.86468796981
1182,Shanghai NorthCh - Nagoya,SEA,PILOT_TO_PILOT,1,1182,1137,2,3,SMLtb,BtwSaki,30.844306915981086,127.19575245288279,92.07999737315282,12.0,236.4454938393351,585.6647177892091
1183,Shanghai NorthCh - Nagoya,SEA,PILOT_TO_PILOT,1,1183,1138,2,3,SMLtb,BtwSaki,30.84405433313292,127.19962053499128,92.07999737315282,12.0,236.64546401993593,585.4647476086083
1184,Shanghai NorthCh - Nagoya,SEA,PILOT_TO_PILOT,1,1184,1139,2,3,SMLtb,BtwSaki,30.843801635335524,127.20348859672949,92.07999737315282,12.0,236.8454342005368,585.2647774280074
1185,Shanghai NorthCh - Nagoya,SEA,PILOT_TO_PILOT,1,1185,1140,2,3,SMLtb,BtwSaki,30.84354882259064,127.20735663808848,92.07999737315282,12.0,237.04540438113764,585.0648072474066
1186,Shanghai NorthCh - Nagoya,SEA,PILOT_TO_PILOT,1,1186,1141,2,3,SMLtb,BtwSaki,30.843295894900034,127.21122465905928,92.07999737315282,12.0,237.2453745617385,584.8648370668058
1187,Shanghai NorthCh - Nagoya,SEA,PILOT_TO_PILOT,1,1187,1142,2,3,SMLtb,BtwSaki,30.843042852265462,127.2150926596329,92.07999737315282,12.0,237.44534474233933,584.6648668862049
1188,Shanghai NorthCh - Nagoya,SEA,PILOT_TO_PILOT,1,1188,1143,2,3,SMLtb,BtwSaki,30.842789694688694,127.21896063980047,92.07999737315282,12.0,237.64531492294017,584.464896705604
1189,Shanghai NorthCh - Nagoya,SEA,PILOT_TO_PILOT,1,1189,1144,2,3,SMLtb,BtwSaki,30.84253642217147,127.22282859955297,92.07999737315282,12.0,237.84528510354102,584.2649265250031
1190,Shanghai NorthCh - Nagoya,SEA,PILOT_TO_PILOT,1,1190,1145,2,3,SMLtb,BtwSaki,30.84228303471556,127.22669653888144,92.07999737315282,12.0,238.04525528414186,584.0649563444024
1191,Shanghai NorthCh - Nagoya,SEA,PILOT_TO_PILOT,1,1191,1146,2,3,SMLtb,BtwSaki,30.842029532322744,127.23056445777696,92.07999737315282,12.0,238.24522546474273,583.8649861638015
1192,Shanghai NorthCh - Nagoya,SEA,PILOT_TO_PILOT,1,1192,1147,2,3,SMLtb,BtwSaki,30.84177591499475,127.23443235623058,92.07999737315282,12.0,238.44519564534357,583.6650159832006
1193,Shanghai NorthCh - Nagoya,SEA,PILOT_TO_PILOT,1,1193,1148,2,3,SMLtb,BtwSaki,30.841522182733364,127.23830023423332,92.07999737315282,12.0,238.64516582594442,583.4650458025998
1194,Shanghai NorthCh - Nagoya,SEA,PILOT_TO_PILOT,1,1194,1149,2,3,SMLtb,BtwSaki,30.841268335540356,127.24216809177625,92.07999737315282,12.0,238.84513600654526,583.2650756219989
1195,Shanghai NorthCh - Nagoya,SEA,PILOT_TO_PILOT,1,1195,1150,2,3,SMLtb,BtwSaki,30.841014373417472,127.24603592885043,92.07999737315282,12.0,239.0451061871461,583.0651054413981
1196,Shanghai NorthCh - Nagoya,SEA,PILOT_TO_PILOT,1,1196,1151,2,3,SMLtb,BtwSaki,30.840760296366494,127.24990374544687,92.07999737315282,12.0,239.24507636774695,582.8651352607973
1197,Shanghai NorthCh - Nagoya,SEA,PILOT_TO_PILOT,1,1197,1152,2,3,SMLtb,BtwSaki,30.840506104389174,127.25377154155663,92.07999737315282,12.0,239.44504654834782,582.6651650801964
1198,Shanghai NorthCh - Nagoya,SEA,PILOT_TO_PILOT,1,1198,1153,2,3,SMLtb,BtwSaki,30.84025179748729,127.25763931717078,92.07999737315282,12.0,239.64501672894866,582.4651948995955
1199,Shanghai NorthCh - Nagoya,SEA,PILOT_TO_PILOT,1,1199,1154,2,3,SMLtb,BtwSaki,30.839997375662602,127.26150707228037,92.07999737315282,12.0,239.8449869095495,582.2652247189947
1200,Shanghai NorthCh - Nagoya,SEA,PILOT_TO_PILOT,1,1200,1155,2,3,SMLtb,BtwSaki,30.839742838916887,127.26537480687644,92.07999737315282,12.0,240.04495709015035,582.0652545383939
1201,Shanghai NorthCh - Nagoya,SEA,PILOT_TO_PILOT,1,1201,1156,2,3,SMLtb,BtwSaki,30.839488187251913,127.26924252095004,92.07999737315282,12.0,240.2449272707512,581.865284357793
1202,Shanghai NorthCh - Nagoya,SEA,PILOT_TO_PILOT,1,1202,1157,2,3,SMLtb,BtwSaki,30.839233420669434,127.27311021449223,92.07999737315282,12.0,240.44489745135203,581.6653141771922
1203,Shanghai NorthCh - Nagoya,SEA,PILOT_TO_PILOT,1,1203,1158,2,3,SMLtb,BtwSaki,30.83897853917125,127.2769778874941,92.07999737315282,12.0,240.64486763195288,581.4653439965914
1204,Shanghai NorthCh - Nagoya,SEA,PILOT_TO_PILOT,1,1204,1159,2,3,SMLtb,BtwSaki,30.838723542759116,127.28084553994661,92.07999737315282,12.0,240.84483781255375,581.2653738159904
1205,Shanghai NorthCh - Nagoya,SEA,PILOT_TO_PILOT,1,1205,1160,2,3,SMLtb,BtwSaki,30.8384684314348,127.28471317184092,92.07999737315282,12.0,241.0448079931546,581.0654036353897
1206,Shanghai NorthCh - Nagoya,SEA,PILOT_TO_PILOT,1,1206,1161,2,3,SMLtb,BtwSaki,30.838213205200084,127.288580783168,92.07999737315282,12.0,241.24477817375544,580.8654334547888
1207,Shanghai NorthCh - Nagoya,SEA,PILOT_TO_PILOT,1,1207,1162,2,3,SMLtb,BtwSaki,30.83795786405675,127.29244837391897,92.07999737315282,12.0,241.44474835435628,580.6654632741879
1208,Shanghai NorthCh - Nagoya,SEA,PILOT_TO_PILOT,1,1208,1163,2,3,SMLtb,BtwSaki,30.83770240800655,127.29631594408484,92.07999737315282,12.0,241.64471853495712,580.4654930935872
1209,Shanghai NorthCh - Nagoya,SEA,PILOT_TO_PILOT,1,1209,1164,2,3,SMLtb,BtwSaki,30.83744683705128,127.3001834936567,92.07999737315282,12.0,241.84468871555796,580.2655229129863
1210,Shanghai NorthCh - Nagoya,SEA,PILOT_TO_PILOT,1,1210,1165,2,3,SMLtb,BtwSaki,30.8371911511927,127.30405102262559,92.07999737315282,12.0,242.0446588961588,580.0655527323854
1211,Shanghai NorthCh - Nagoya,SEA,PILOT_TO_PILOT,1,1211,1166,2,3,SMLtb,BtwSaki,30.836935350432608,127.30791853098256,92.07999737315282,12.0,242.24462907675968,579.8655825517845
1212,Shanghai NorthCh - Nagoya,SEA,PILOT_TO_PILOT,1,1212,1167,2,3,SMLtb,BtwSaki,30.836679434772762,127.31178601871869,92.07999737315282,12.0,242.44459925736052,579.6656123711837
1213,Shanghai NorthCh - Nagoya,SEA,PILOT_TO_PILOT,1,1213,1168,2,3,SMLtb,BtwSaki,30.83642340421495,127.31565348582502,92.07999737315282,12.0,242.64456943796137,579.4656421905829
1214,Shanghai NorthCh - Nagoya,SEA,PILOT_TO_PILOT,1,1214,1169,2,3,SMLtb,BtwSaki,30.836167258760952,127.31952093229262,92.07999737315282,12.0,242.8445396185622,579.265672009982
1215,Shanghai NorthCh - Nagoya,SEA,PILOT_TO_PILOT,1,1215,1170,2,3,SMLtb,BtwSaki,30.83591099841255,127.32338835811255,92.07999737315282,12.0,243.04450979916305,579.0657018293812
1216,Shanghai NorthCh - Nagoya,SEA,PILOT_TO_PILOT,1,1216,1171,2,3,SMLtb,BtwSaki,30.835654623171525,127.32725576327587,92.07999737315282,12.0,243.2444799797639,578.8657316487803
1217,Shanghai NorthCh - Nagoya,SEA,PILOT_TO_PILOT,1,1217,1172,2,3,SMLtb,BtwSaki,30.835398133039643,127.33112314777364,92.07999737315282,12.0,243.44445016036477,578.6657614681794
1218,Shanghai NorthCh - Nagoya,SEA,PILOT_TO_PILOT,1,1218,1173,2,3,SMLtb,BtwSaki,30.83514152801871,127.33499051159693,92.07999737315282,12.0,243.6444203409656,578.4657912875787
1219,Shanghai NorthCh - Nagoya,SEA,PILOT_TO_PILOT,1,1219,1174,2,3,SMLtb,BtwSaki,30.834884808110495,127.3388578547368,92.07999737315282,12.0,243.84439052156645,578.2658211069778
1220,Shanghai NorthCh - Nagoya,SEA,PILOT_TO_PILOT,1,1220,1175,2,3,SMLtb,BtwSaki,30.83462797331679,127.3427251771843,92.07999737315282,12.0,244.0443607021673,578.0658509263769
1221,Shanghai NorthCh - Nagoya,SEA,PILOT_TO_PILOT,1,1221,1176,2,3,SMLtb,BtwSaki,30.834371023639374,127.34659247893049,92.07999737315282,12.0,244.24433088276814,577.865880745776
1222,Shanghai NorthCh - Nagoya,SEA,PILOT_TO_PILOT,1,1222,1177,2,3,SMLtb,BtwSaki,30.83411395908003,127.35045975996647,92.07999737315282,12.0,244.44430106336898,577.6659105651752
1223,Shanghai NorthCh - Nagoya,SEA,PILOT_TO_PILOT,1,1223,1178,2,3,SMLtb,BtwSaki,30.833856779640556,127.35432702028326,92.07999737315282,12.0,244.64427124396983,577.4659403845744
1224,Shanghai NorthCh - Nagoya,SEA,PILOT_TO_PILOT,1,1224,1179,2,3,SMLtb,BtwSaki,30.833599485322733,127.35819425987195,92.07999737315282,12.0,244.8442414245707,577.2659702039736
1225,Shanghai NorthCh - Nagoya,SEA,PILOT_TO_PILOT,1,1225,1180,2,3,SMLtb,BtwSaki,30.833342076128343,127.36206147872363,92.07999737315282,12.0,245.04421160517154,577.0660000233727
1226,Shanghai NorthCh - Nagoya,SEA,PILOT_TO_PILOT,1,1226,1181,2,3,SMLtb,BtwSaki,30.833084552059184,127.36592867682931,92.07999737315282,12.0,245.24418178577238,576.8660298427718
1227,Shanghai NorthCh - Nagoya,SEA,PILOT_TO_PILOT,1,1227,1182,2,3,SMLtb,BtwSaki,30.832826913117042,127.36979585418008,92.07999737315282,12.0,245.44415196637323,576.6660596621709
1228,Shanghai NorthCh - Nagoya,SEA,PILOT_TO_PILOT,1,1228,1183,2,3,SMLtb,BtwSaki,30.832569159303706,127.37366301076703,92.07999737315282,12.0,245.64412214697407,576.4660894815702
1229,Shanghai NorthCh - Nagoya,SEA,PILOT_TO_PILOT,1,1229,1184,2,3,SMLtb,BtwSaki,30.832311290620964,127.37753014658122,92.07999737315282,12.0,245.8440923275749,576.2661193009693
1230,Shanghai NorthCh - Nagoya,SEA,PILOT_TO_PILOT,1,1230,1185,2,3,SMLtb,BtwSaki,30.83205330707062,127.38139726161371,92.07999737315282,12.0,246.04406250817578,576.0661491203684
1231,Shanghai NorthCh - Nagoya,SEA,PILOT_TO_PILOT,1,1231,1186,2,3,SMLtb,BtwSaki,30.83179520865445,127.38526435585557,92.07999737315282,12.0,246.24403268877663,575.8661789397676
1232,Shanghai NorthCh - Nagoya,SEA,PILOT_TO_PILOT,1,1232,1187,2,3,SMLtb,BtwSaki,30.83153699537427,127.38913142929785,92.07999737315282,12.0,246.44400286937747,575.6662087591667
1233,Shanghai NorthCh - Nagoya,SEA,PILOT_TO_PILOT,1,1233,1188,2,3,SMLtb,BtwSaki,30.831278667231857,127.39299848193166,92.07999737315282,12.0,246.6439730499783,575.4662385785659
1234,Shanghai NorthCh - Nagoya,SEA,PILOT_TO_PILOT,1,1234,1189,2,3,SMLtb,BtwSaki,30.831020224229007,127.39686551374804,92.07999737315282,12.0,246.84394323057916,575.2662683979651
1235,Shanghai NorthCh - Nagoya,SEA,PILOT_TO_PILOT,1,1235,1190,2,3,SMLtb,BtwSaki,30.83076166636752,127.40073252473807,92.07999737315282,12.0,247.04391341118,575.0662982173642
1236,Shanghai NorthCh - Nagoya,SEA,PILOT_TO_PILOT,1,1236,1191,2,3,SMLtb,BtwSaki,30.830502993649176,127.40459951489285,92.07999737315282,12.0,247.24388359178084,574.8663280367634
1237,Shanghai NorthCh - Nagoya,SEA,PILOT_TO_PILOT,1,1237,1192,2,3,SMLtb,BtwSaki,30.830244206075804,127.4084664842034,92.07999737315282,12.0,247.44385377238171,574.6663578561624
1238,Shanghai NorthCh - Nagoya,SEA,PILOT_TO_PILOT,1,1238,1193,2,3,SMLtb,BtwSaki,30.829985303649178,127.41233343266086,92.07999737315282,12.0,247.64382395298256,574.4663876755617
1239,Shanghai NorthCh - Nagoya,SEA,PILOT_TO_PILOT,1,1239,1194,2,3,SMLtb,BtwSaki,30.82972628637111,127.41620036025624,92.07999737315282,12.0,247.8437941335834,574.2664174949608
1240,Shanghai NorthCh - Nagoya,SEA,PILOT_TO_PILOT,1,1240,1195,2,3,SMLtb,BtwSaki,30.82946715424338,127.42006726698064,92.07999737315282,12.0,248.04376431418424,574.06644731436
1241,Shanghai NorthCh - Nagoya,SEA,PILOT_TO_PILOT,1,1241,1196,2,3,SMLtb,BtwSaki,30.82920790726781,127.42393415282514,92.07999737315282,12.0,248.2437344947851,573.8664771337592
1242,Shanghai NorthCh - Nagoya,SEA,PILOT_TO_PILOT,1,1242,1197,2,3,SMLtb,BtwSaki,30.828948545446202,127.4278010177808,92.07999737315282,12.0,248.44370467538593,573.6665069531583
1243,Shanghai NorthCh - Nagoya,SEA,PILOT_TO_PILOT,1,1243,1198,2,3,SMLtb,BtwSaki,30.82868906878033,127.4316678618387,92.07999737315282,12.0,248.6436748559868,573.4665367725574
1244,Shanghai NorthCh - Nagoya,SEA,PILOT_TO_PILOT,1,1244,1199,2,3,SMLtb,BtwSaki,30.82842947727203,127.43553468498996,92.07999737315282,12.0,248.84364503658765,573.2665665919566
1245,Shanghai NorthCh - Nagoya,SEA,PILOT_TO_PILOT,1,1245,1200,2,3,SMLtb,BtwSaki,30.828169770923093,127.43940148722562,92.07999737315282,12.0,249.0436152171885,573.0665964113557
1246,Shanghai NorthCh - Nagoya,SEA,PILOT_TO_PILOT,1,1246,1201,2,3,SMLtb,BtwSaki,30.82790994973531,127.44326826853673,92.07999737315282,12.0,249.24358539778933,572.866626230755
1247,Shanghai NorthCh - Nagoya,SEA,PILOT_TO_PILOT,1,1247,1202,2,3,SMLtb,BtwSaki,30.827650013710503,127.44713502891443,92.07999737315282,12.0,249.44355557839017,572.6666560501541
1248,Shanghai NorthCh - Nagoya,SEA,PILOT_TO_PILOT,1,1248,1203,2,3,SMLtb,BtwSaki,30.827389962850475,127.45100176834976,92.07999737315282,12.0,249.64352575899102,572.4666858695532
1249,Shanghai NorthCh - Nagoya,SEA,PILOT_TO_PILOT,1,1249,1204,2,3,SMLtb,BtwSaki,30.827129797157017,127.45486848683379,92.07999737315282,12.0,249.84349593959186,572.2667156889523
1250,Shanghai NorthCh - Nagoya,SEA,PILOT_TO_PILOT,1,1250,1205,2,3,SMLtb,BtwSaki,30.82686951663196,127.45873518435762,92.07999737315282,12.0,250.04346612019273,572.0667455083515
1251,Shanghai NorthCh - Nagoya,SEA,PILOT_TO_PILOT,1,1251,1206,2,3,SMLtb,BtwSaki,30.82660912127709,127.46260186091233,92.07999737315282,12.0,250.24343630079358,571.8667753277507
1252,Shanghai NorthCh - Nagoya,SEA,PILOT_TO_PILOT,1,1252,1207,2,3,SMLtb,BtwSaki,30.826348611094236,127.46646851648902,92.07999737315282,12.0,250.44340648139442,571.6668051471498
1253,Shanghai NorthCh - Nagoya,SEA,PILOT_TO_PILOT,1,1253,1208,2,3,SMLtb,BtwSaki,30.826087986085195,127.47033515107873,92.07999737315282,12.0,250.64337666199526,571.466834966549
1254,Shanghai NorthCh - Nagoya,SEA,PILOT_TO_PILOT,1,1254,1209,2,3,SMLtb,BtwSaki,30.825827246251773,127.47420176467257,92.07999737315282,12.0,250.8433468425961,571.2668647859481
1255,Shanghai NorthCh - Nagoya,SEA,PILOT_TO_PILOT,1,1255,1210,2,3,SMLtb,BtwSaki,30.825566391595803,127.47806835726163,92.07999737315282,12.0,251.04331702319695,571.0668946053472
1256,Shanghai NorthCh - Nagoya,SEA,PILOT_TO_PILOT,1,1256,1211,2,3,SMLtb,BtwSaki,30.825305422119065,127.48193492883698,92.07999737315282,12.0,251.2432872037978,570.8669244247465
1257,Shanghai NorthCh - Nagoya,SEA,PILOT_TO_PILOT,1,1257,1212,2,3,SMLtb,BtwSaki,30.825044337823396,127.4858014793897,92.07999737315282,12.0,251.44325738439866,570.6669542441456
1258,Shanghai NorthCh - Nagoya,SEA,PILOT_TO_PILOT,1,1258,1213,2,3,SMLtb,BtwSaki,30.82478313871061,127.4896680089109,92.07999737315282,12.0,251.6432275649995,570.4669840635447
1259,Shanghai NorthCh - Nagoya,SEA,PILOT_TO_PILOT,1,1259,1214,2,3,SMLtb,BtwSaki,30.824521824782494,127.49353451739161,92.07999737315282,12.0,251.84319774560035,570.2670138829438
1260,Shanghai NorthCh - Nagoya,SEA,PILOT_TO_PILOT,1,1260,1215,2,3,SMLtb,BtwSaki,30.824260396040906,127.49740100482298,92.07999737315282,12.0,252.0431679262012,570.067043702343
1261,Shanghai NorthCh - Nagoya,SEA,PILOT_TO_PILOT,1,1261,1216,2,3,SMLtb,BtwSaki,30.823998852487627,127.50126747119606,92.07999737315282,12.0,252.24313810680204,569.8670735217422
1262,Shanghai NorthCh - Nagoya,SEA,PILOT_TO_PILOT,1,1262,1217,2,3,SMLtb,BtwSaki,30.823737194124483,127.50513391650195,92.07999737315282,12.0,252.44310828740288,569.6671033411413
1263,Shanghai NorthCh - Nagoya,SEA,PILOT_TO_PILOT,1,1263,1218,2,3,SMLtb,BtwSaki,30.823475420953294,127.50900034073173,92.07999737315282,12.0,252.64307846800375,569.4671331605405
1264,Shanghai NorthCh - Nagoya,SEA,PILOT_TO_PILOT,1,1264,1219,2,3,SMLtb,BtwSaki,30.823213532975878,127.51286674387649,92.07999737315282,12.0,252.8430486486046,569.2671629799396
1265,Shanghai NorthCh - Nagoya,SEA,PILOT_TO_PILOT,1,1265,1220,2,3,SMLtb,BtwSaki,30.82295153019405,127.51673312592733,92.07999737315282,12.0,253.04301882920544,569.0671927993387
1266,Shanghai NorthCh - Nagoya,SEA,PILOT_TO_PILOT,1,1266,1221,2,3,SMLtb,BtwSaki,30.82268941260963,127.52059948687533,92.07999737315282,12.0,253.24298900980628,568.867222618738
1267,Shanghai NorthCh - Nagoya,SEA,PILOT_TO_PILOT,1,1267,1222,2,3,SMLtb,BtwSaki,30.822427180224448,127.52446582671158,92.07999737315282,12.0,253.44295919040712,568.6672524381371
1268,Shanghai NorthCh - Nagoya,SEA,PILOT_TO_PILOT,1,1268,1223,2,3,SMLtb,BtwSaki,30.822164833040308,127.52833214542717,92.07999737315282,12.0,253.64292937100797,568.4672822575362
1269,Shanghai NorthCh - Nagoya,SEA,PILOT_TO_PILOT,1,1269,1224,2,3,SMLtb,BtwSaki,30.821902371059043,127.53219844301323,92.07999737315282,12.0,253.8428995516088,568.2673120769355
1270,Shanghai NorthCh - Nagoya,SEA,PILOT_TO_PILOT,1,1270,1225,2,3,SMLtb,BtwSaki,30.821639794282486,127.53606471946077,92.07999737315282,12.0,254.04286973220968,568.0673418963345
1271,Shanghai NorthCh - Nagoya,SEA,PILOT_TO_PILOT,1,1271,1226,2,3,SMLtb,BtwSaki,30.82137710271243,127.53993097476094,92.07999737315282,12.0,254.24283991281052,567.8673717157337
1272,Shanghai NorthCh - Nagoya,SEA,PILOT_TO_PILOT,1,1272,1227,2,3,SMLtb,BtwSaki,30.821114296350732,127.54379720890482,92.07999737315282,12.0,254.44281009341137,567.6674015351329
1273,Shanghai NorthCh - Nagoya,SEA,PILOT_TO_PILOT,1,1273,1228,2,3,SMLtb,BtwSaki,30.820851375199194,127.54766342188351,92.07999737315282,12.0,254.6427802740122,567.467431354532
1274,Shanghai NorthCh - Nagoya,SEA,PILOT_TO_PILOT,1,1274,1229,2,3,SMLtb,BtwSaki,30.820588339259654,127.5515296136881,92.07999737315282,12.0,254.84275045461305,567.2674611739312
1275,Shanghai NorthCh - Nagoya,SEA,PILOT_TO_PILOT,1,1275,1230,2,3,SMLtb,BtwSaki,30.820325188533936,127.55539578430968,92.07999737315282,12.0,255.0427206352139,567.0674909933304
1276,Shanghai NorthCh - Nagoya,SEA,PILOT_TO_PILOT,1,1276,1231,2,3,SMLtb,BtwSaki,30.820061923023854,127.55926193373934,92.07999737315282,12.0,255.24269081581477,566.8675208127295
1277,Shanghai NorthCh - Nagoya,SEA,PILOT_TO_PILOT,1,1277,1232,2,3,SMLtb,BtwSaki,30.819798542731263,127.5631280619682,92.07999737315282,12.0,255.4426609964156,566.6675506321286
1278,Shanghai NorthCh - Nagoya,SEA,PILOT_TO_PILOT,1,1278,1233,2,3,SMLtb,BtwSaki,30.81953504765797,127.56699416898735,92.07999737315282,12.0,255.64263117701645,566.4675804515277
1279,Shanghai NorthCh - Nagoya,SEA,PILOT_TO_PILOT,1,1279,1234,2,3,SMLtb,BtwSaki,30.819271437805817,127.57086025478787,92.07999737315282,12.0,255.8426013576173,566.267610270927
1280,Shanghai NorthCh - Nagoya,SEA,PILOT_TO_PILOT,1,1280,1235,2,3,SMLtb,BtwSaki,30.819007713176617,127.57472631936086,92.07999737315282,12.0,256.04257153821817,566.067640090326
1281,Shanghai NorthCh - Nagoya,SEA,PILOT_TO_PILOT,1,1281,1236,2,3,SMLtb,BtwSaki,30.81874387377222,127.57859236269744,92.07999737315282,12.0,256.242541718819,565.8676699097252
1282,Shanghai NorthCh - Nagoya,SEA,PILOT_TO_PILOT,1,1282,1237,2,3,SMLtb,BtwSaki,30.818479919594452,127.58245838478867,92.07999737315282,12.0,256.44251189941986,565.6676997291244
1283,Shanghai NorthCh - Nagoya,SEA,PILOT_TO_PILOT,1,1283,1238,2,3,SMLtb,BtwSaki,30.81821585064514,127.58632438562569,92.07999737315282,12.0,256.6424820800207,565.4677295485235
1284,Shanghai NorthCh - Nagoya,SEA,PILOT_TO_PILOT,1,1284,1239,2,3,SMLtb,BtwSaki,30.81795166692612,127.59019036519958,92.07999737315282,12.0,256.84245226062154,565.2677593679227
1285,Shanghai NorthCh - Nagoya,SEA,PILOT_TO_PILOT,1,1285,1240,2,3,SMLtb,BtwSaki,30.81768736843922,127.59405632350143,92.07999737315282,12.0,257.0424224412224,565.0677891873218
1286,Shanghai NorthCh - Nagoya,SEA,PILOT_TO_PILOT,1,1286,1241,2,3,SMLtb,BtwSaki,30.817422955186302,127.59792226052237,92.07999737315282,12.0,257.2423926218232,564.867819006721
1287,Shanghai NorthCh - Nagoya,SEA,PILOT_TO_PILOT,1,1287,1242,2,3,SMLtb,BtwSaki,30.81715842716917,127.60178817625349,92.07999737315282,12.0,257.4423628024241,564.6678488261201
1288,Shanghai NorthCh - Nagoya,SEA,PILOT_TO_PILOT,1,1288,1243,2,3,SMLtb,BtwSaki,30.81689378438967,127.60565407068589,92.07999737315282,12.0,257.6423329830249,564.4678786455192
1289,Shanghai NorthCh - Nagoya,SEA,PILOT_TO_PILOT,1,1289,1244,2,3,SMLtb,BtwSaki,30.81662902684964,127.60951994381068,92.07999737315282,12.0,257.8423031636258,564.2679084649185
1290,Shanghai NorthCh - Nagoya,SEA,PILOT_TO_PILOT,1,1290,1245,2,3,SMLtb,BtwSaki,30.816364154550936,127.61338579561894,92.07999737315282,12.0,258.04227334422666,564.0679382843175
1291,Shanghai NorthCh - Nagoya,SEA,PILOT_TO_PILOT,1,1291,1246,2,3,SMLtb,BtwSaki,30.816099167495363,127.6172516261018,92.07999737315282,12.0,258.2422435248275,563.8679681037167
1292,Shanghai NorthCh - Nagoya,SEA,PILOT_TO_PILOT,1,1292,1247,2,3,SMLtb,BtwSaki,30.81583406568479,127.62111743525035,92.07999737315282,12.0,258.44221370542834,563.6679979231159
1293,Shanghai NorthCh - Nagoya,SEA,PILOT_TO_PILOT,1,1293,1248,2,3,SMLtb,BtwSaki,30.815568849121036,127.6249832230557,92.07999737315282,12.0,258.64218388602916,563.468027742515
1294,Shanghai NorthCh - Nagoya,SEA,PILOT_TO_PILOT,1,1294,1249,2,3,SMLtb,BtwSaki,30.815303517805955,127.62884898950895,92.07999737315282,12.0,258.84215406663003,563.2680575619142
1295,Shanghai NorthCh - Nagoya,SEA,PILOT_TO_PILOT,1,1295,1250,2,3,SMLtb,BtwSaki,30.815038071741377,127.63271473460124,92.07999737315282,12.0,259.04212424723084,563.0680873813134
1296,Shanghai NorthCh - Nagoya,SEA,PILOT_TO_PILOT,1,1296,1251,2,3,SMLtb,BtwSaki,30.814772510929163,127.63658045832362,92.07999737315282,12.0,259.2420944278317,562.8681172007125
1297,Shanghai NorthCh - Nagoya,SEA,PILOT_TO_PILOT,1,1297,1252,2,3,SMLtb,BtwSaki,30.814506835371137,127.64044616066722,92.07999737315282,12.0,259.4420646084326,562.6681470201116
1298,Shanghai NorthCh - Nagoya,SEA,PILOT_TO_PILOT,1,1298,1253,2,3,SMLtb,BtwSaki,30.81424104506916,127.64431184162319,92.07999737315282,12.0,259.6420347890334,562.4681768395108
1299,Shanghai NorthCh - Nagoya,SEA,PILOT_TO_PILOT,1,1299,1254,2,3,SMLtb,BtwSaki,30.813975140025054,127.64817750118259,92.07999737315282,12.0,259.8420049696343,562.26820665891
1300,Shanghai NorthCh - Nagoya,SEA,PILOT_TO_PILOT,1,1300,1255,2,3,SMLtb,BtwSaki,30.81370912024069,127.65204313933653,92.07999737315282,12.0,260.0419751502351,562.0682364783091
1301,Shanghai NorthCh - Nagoya,SEA,PILOT_TO_PILOT,1,1301,1256,2,3,SMLtb,BtwSaki,30.813442985717902,127.65590875607614,92.07999737315282,12.0,260.24194533083596,561.8682662977083
1302,Shanghai NorthCh - Nagoya,SEA,PILOT_TO_PILOT,1,1302,1257,2,3,SMLtb,BtwSaki,30.813176736458548,127.65977435139254,92.07999737315282,12.0,260.4419155114368,561.6682961171075
1303,Shanghai NorthCh - Nagoya,SEA,PILOT_TO_PILOT,1,1303,1258,2,3,SMLtb,BtwSaki,30.812910372464458,127.66363992527683,92.07999737315282,12.0,260.64188569203765,561.4683259365065
1304,Shanghai NorthCh - Nagoya,SEA,PILOT_TO_PILOT,1,1304,1259,2,3,SMLtb,BtwSaki,30.81264389373749,127.66750547772011,92.07999737315282,12.0,260.8418558726385,561.2683557559058
1305,Shanghai NorthCh - Nagoya,SEA,PILOT_TO_PILOT,1,1305,1260,2,3,SMLtb,BtwSaki,30.812377300279497,127.67137100871349,92.07999737315282,12.0,261.04182605323933,561.0683855753049
1306,Shanghai NorthCh - Nagoya,SEA,PILOT_TO_PILOT,1,1306,1261,2,3,SMLtb,BtwSaki,30.812110592092317,127.6752365182481,92.07999737315282,12.0,261.2417962338402,560.868415394704
1307,Shanghai NorthCh - Nagoya,SEA,PILOT_TO_PILOT,1,1307,1262,2,3,SMLtb,BtwSaki,30.81184376917781,127.67910200631506,92.07999737315282,12.0,261.441766414441,560.6684452141033
1308,Shanghai NorthCh - Nagoya,SEA,PILOT_TO_PILOT,1,1308,1263,2,3,SMLtb,BtwSaki,30.811576831537838,127.68296747290545,92.07999737315282,12.0,261.6417365950419,560.4684750335023
1309,Shanghai NorthCh - Nagoya,SEA,PILOT_TO_PILOT,1,1309,1264,2,3,SMLtb,BtwSaki,30.811309779174227,127.68683291801041,92.07999737315282,12.0,261.84170677564276,560.2685048529015
1310,Shanghai NorthCh - Nagoya,SEA,PILOT_TO_PILOT,1,1310,1265,2,3,SMLtb,BtwSaki,30.81104261208886,127.69069834162107,92.07999737315282,12.0,262.0416769562436,560.0685346723006
1311,Shanghai NorthCh - Nagoya,SEA,PILOT_TO_PILOT,1,1311,1266,2,3,SMLtb,BtwSaki,30.810775330283565,127.6945637437285,92.07999737315282,12.0,262.24164713684445,559.8685644916998
1312,Shanghai NorthCh - Nagoya,SEA,PILOT_TO_PILOT,1,1312,1267,2,3,SMLtb,BtwSaki,30.810507933760213,127.69842912432385,92.07999737315282,12.0,262.44161731744526,559.668594311099
1313,Shanghai NorthCh - Nagoya,SEA,PILOT_TO_PILOT,1,1313,1268,2,3,SMLtb,BtwSaki,30.81024042252066,127.70229448339823,92.07999737315282,12.0,262.64158749804614,559.468624130498
1314,Shanghai NorthCh - Nagoya,SEA,PILOT_TO_PILOT,1,1314,1269,2,3,SMLtb,BtwSaki,30.809972796566747,127.70615982094279,92.07999737315282,12.0,262.84155767864695,559.2686539498973
1315,Shanghai NorthCh - Nagoya,SEA,PILOT_TO_PILOT,1,1315,1270,2,3,SMLtb,BtwSaki,30.80970505590035,127.71002513694857,92.07999737315282,12.0,263.0415278592478,559.0686837692964
1316,Shanghai NorthCh - Nagoya,SEA,PILOT_TO_PILOT,1,1316,1271,2,3,SMLtb,BtwSaki,30.809437200523316,127.71389043140675,92.07999737315282,12.0,263.2414980398487,558.8687135886955
1317,Shanghai NorthCh - Nagoya,SEA,PILOT_TO_PILOT,1,1317,1272,2,3,SMLtb,BtwSaki,30.809169230437504,127.71775570430846,92.07999737315282,12.0,263.4414682204495,558.6687434080948
1318,Shanghai NorthCh - Nagoya,SEA,PILOT_TO_PILOT,1,1318,1273,2,3,SMLtb,BtwSaki,30.80890114564478,127.7216209556448,92.07999737315282,12.0,263.6414384010504,558.4687732274938
1319,Shanghai NorthCh - Nagoya,SEA,PILOT_TO_PILOT,1,1319,1274,2,3,SMLtb,BtwSaki,30.808632946147,127.72548618540685,92.07999737315282,12.0,263.8414085816512,558.268803046893
1320,Shanghai NorthCh - Nagoya,SEA,PILOT_TO_PILOT,1,1320,1275,2,3,SMLtb,BtwSaki,30.808364631946016,127.72935139358577,92.07999737315282,12.0,264.04137876225207,558.0688328662922
1321,Shanghai NorthCh - Nagoya,SEA,PILOT_TO_PILOT,1,1321,1276,2,3,SMLtb,BtwSaki,30.808096203043704,127.73321658017271,92.07999737315282,12.0,264.2413489428529,557.8688626856913
1322,Shanghai NorthCh - Nagoya,SEA,PILOT_TO_PILOT,1,1322,1277,2,3,SMLtb,BtwSaki,30.80782765944192,127.73708174515872,92.07999737315282,12.0,264.44131912345375,557.6688925050905
1323,Shanghai NorthCh - Nagoya,SEA,PILOT_TO_PILOT,1,1323,1278,2,3,SMLtb,BtwSaki,30.80755900114253,127.74094688853499,92.07999737315282,12.0,264.6412893040546,557.4689223244895
1324,Shanghai NorthCh - Nagoya,SEA,PILOT_TO_PILOT,1,1324,1279,2,3,SMLtb,BtwSaki,30.807290228147398,127.74481201029262,92.07999737315282,12.0,264.84125948465544,557.2689521438888
1325,Shanghai NorthCh - Nagoya,SEA,PILOT_TO_PILOT,1,1325,1280,2,3,SMLtb,BtwSaki,30.807021340458387,127.74867711042273,92.07999737315282,12.0,265.0412296652563,557.0689819632879
1326,Shanghai NorthCh - Nagoya,SEA,PILOT_TO_PILOT,1,1326,1281,2,3,SMLtb,BtwSaki,30.806752338077356,127.75254218891644,92.07999737315282,12.0,265.2411998458571,556.869011782687
1327,Shanghai NorthCh - Nagoya,SEA,PILOT_TO_PILOT,1,1327,1282,2,3,SMLtb,BtwSaki,30.806483221006175,127.7564072457649,92.07999737315282,12.0,265.441170026458,556.6690416020863
1328,Shanghai NorthCh - Nagoya,SEA,PILOT_TO_PILOT,1,1328,1283,2,3,SMLtb,BtwSaki,30.806213989246718,127.76027228095921,92.07999737315282,12.0,265.6411402070588,556.4690714214854
1329,Shanghai NorthCh - Nagoya,SEA,PILOT_TO_PILOT,1,1329,1284,2,3,SMLtb,BtwSaki,30.805944642800856,127.7641372944905,92.07999737315282,12.0,265.8411103876597,556.2691012408845
1330,Shanghai NorthCh - Nagoya,SEA,PILOT_TO_PILOT,1,1330,1285,2,3,SMLtb,BtwSaki,30.805675181670434,127.7680022863499,92.07999737315282,12.0,266.0410805682605,556.0691310602838
1331,Shanghai NorthCh - Nagoya,SEA,PILOT_TO_PILOT,1,1331,1286,2,3,SMLtb,BtwSaki,30.805405605857356,127.77186725652855,92.07999737315282,12.0,266.24105074886137,555.8691608796828
1332,Shanghai NorthCh - Nagoya,SEA,PILOT_TO_PILOT,1,1332,1287,2,3,SMLtb,BtwSaki,30.805135915363465,127.77573220501755,92.07999737315282,12.0,266.44102092946224,555.669190699082
1333,Shanghai NorthCh - Nagoya,SEA,PILOT_TO_PILOT,1,1333,1288,2,3,SMLtb,BtwSaki,30.804866110190638,127.77959713180806,92.07999737315282,12.0,266.64099111006306,555.4692205184812
1334,Shanghai NorthCh - Nagoya,SEA,PILOT_TO_PILOT,1,1334,1289,2,3,SMLtb,BtwSaki,30.80459619034075,127.7834620368912,92.07999737315282,12.0,266.8409612906639,555.2692503378803
1335,Shanghai NorthCh - Nagoya,SEA,PILOT_TO_PILOT,1,1335,1290,2,3,SMLtb,BtwSaki,30.804326155815673,127.78732692025811,92.07999737315282,12.0,267.04093147126474,555.0692801572795
1336,Shanghai NorthCh - Nagoya,SEA,PILOT_TO_PILOT,1,1336,1291,2,3,SMLtb,BtwSaki,30.804056006617277,127.7911917818999,92.07999737315282,12.0,267.2409016518656,554.8693099766786
1337,Shanghai NorthCh - Nagoya,SEA,PILOT_TO_PILOT,1,1337,1292,2,3,SMLtb,BtwSaki,30.803785742747444,127.79505662180769,92.07999737315282,12.0,267.4408718324664,554.6693397960778
1338,Shanghai NorthCh - Nagoya,SEA,PILOT_TO_PILOT,1,1338,1293,2,3,SMLtb,BtwSaki,30.803515364208042,127.79892143997264,92.07999737315282,12.0,267.6408420130673,554.4693696154769
1339,Shanghai NorthCh - Nagoya,SEA,PILOT_TO_PILOT,1,1339,1294,2,3,SMLtb,BtwSaki,30.80324487100095,127.80278623638588,92.07999737315282,12.0,267.84081219366817,554.269399434876
1340,Shanghai NorthCh - Nagoya,SEA,PILOT_TO_PILOT,1,1340,1295,2,3,SMLtb,BtwSaki,30.802974263128043,127.80665101103854,92.07999737315282,12.0,268.040782374269,554.0694292542753
1341,Shanghai NorthCh - Nagoya,SEA,PILOT_TO_PILOT,1,1341,1296,2,3,SMLtb,BtwSaki,30.80270354059119,127.81051576392174,92.07999737315282,12.0,268.24075255486986,553.8694590736743
1342,Shanghai NorthCh - Nagoya,SEA,PILOT_TO_PILOT,1,1342,1297,2,3,SMLtb,BtwSaki,30.802432703392277,127.81438049502665,92.07999737315282,12.0,268.4407227354707,553.6694888930735
1343,Shanghai NorthCh - Nagoya,SEA,PILOT_TO_PILOT,1,1343,1298,2,3,SMLtb,BtwSaki,30.802161751533184,127.81824520434438,92.07999737315282,12.0,268.64069291607154,553.4695187124727
1344,Shanghai NorthCh - Nagoya,SEA,PILOT_TO_PILOT,1,1344,1299,2,3,SMLtb,BtwSaki,30.801890685015785,127.82210989186603,92.07999737315282,12.0,268.84066309667236,553.2695485318718
1345,Shanghai NorthCh - Nagoya,SEA,PILOT_TO_PILOT,1,1345,1300,2,3,SMLtb,BtwSaki,30.80161950384196,127.82597455758281,92.07999737315282,12.0,269.04063327727323,553.069578351271
1346,Shanghai NorthCh - Nagoya,SEA,PILOT_TO_PILOT,1,1346,1301,2,3,SMLtb,BtwSaki,30.801348208013593,127.82983920148578,92.07999737315282,12.0,269.2406034578741,552.8696081706701
1347,Shanghai NorthCh - Nagoya,SEA,PILOT_TO_PILOT,1,1347,1302,2,3,SMLtb,BtwSaki,30.80107679753257,127.83370382356617,92.07999737315282,12.0,269.4405736384749,552.6696379900693
1348,Shanghai NorthCh - Nagoya,SEA,PILOT_TO_PILOT,1,1348,1303,2,3,SMLtb,BtwSaki,30.80080527240077,127.837568423815,92.07999737315282,12.0,269.6405438190758,552.4696678094684
1349,Shanghai NorthCh - Nagoya,SEA,PILOT_TO_PILOT,1,1349,1304,2,3,SMLtb,BtwSaki,30.800533632620073,127.84143300222351,92.07999737315282,12.0,269.8405139996766,552.2696976288676
1350,Shanghai NorthCh - Nagoya,SEA,PILOT_TO_PILOT,1,1350,1305,2,3,SMLtb,BtwSaki,30.800261878192362,127.84529755878282,92.07999737315282,12.0,270.0404841802775,552.0697274482668
1351,Shanghai NorthCh - Nagoya,SEA,PILOT_TO_PILOT,1,1351,1306,2,3,SMLtb,BtwSaki,30.79999000911952,127.84916209348401,92.07999737315282,12.0,270.2404543608783,551.8697572676659
1352,Shanghai NorthCh - Nagoya,SEA,PILOT_TO_PILOT,1,1352,1307,2,3,SMLtb,BtwSaki,30.799718025403443,127.8530266063183,92.07999737315282,12.0,270.44042454147916,551.6697870870651
1353,Shanghai NorthCh - Nagoya,SEA,PILOT_TO_PILOT,1,1353,1308,2,3,SMLtb,BtwSaki,30.799445927046005,127.85689109727676,92.07999737315282,12.0,270.64039472208003,551.4698169064642
1354,Shanghai NorthCh - Nagoya,SEA,PILOT_TO_PILOT,1,1354,1309,2,3,SMLtb,BtwSaki,30.799173714049097,127.86075556635058,92.07999737315282,12.0,270.84036490268085,551.2698467258633
1355,Shanghai NorthCh - Nagoya,SEA,PILOT_TO_PILOT,1,1355,1310,2,3,SMLtb,BtwSaki,30.79890138641462,127.86462001353091,92.07999737315282,12.0,271.0403350832817,551.0698765452626
1356,Shanghai NorthCh - Nagoya,SEA,PILOT_TO_PILOT,1,1356,1311,2,3,SMLtb,BtwSaki,30.79862894414444,127.86848443880884,92.07999737315282,12.0,271.24030526388253,550.8699063646617
1357,Shanghai NorthCh - Nagoya,SEA,PILOT_TO_PILOT,1,1357,1312,2,3,SMLtb,BtwSaki,30.798356387240453,127.87234884217554,92.07999737315282,12.0,271.4402754444834,550.6699361840608
1358,Shanghai NorthCh - Nagoya,SEA,PILOT_TO_PILOT,1,1358,1313,2,3,SMLtb,BtwSaki,30.79808371570456,127.87621322362217,92.07999737315282,12.0,271.6402456250843,550.46996600346
1359,Shanghai NorthCh - Nagoya,SEA,PILOT_TO_PILOT,1,1359,1314,2,3,SMLtb,BtwSaki,30.79781092953865,127.88007758313985,92.07999737315282,12.0,271.8402158056851,550.2699958228591
1360,Shanghai NorthCh - Nagoya,SEA,PILOT_TO_PILOT,1,1360,1315,2,3,SMLtb,BtwSaki,30.797538028744597,127.88394192071976,92.07999737315282,12.0,272.04018598628596,550.0700256422583
1361,Shanghai NorthCh - Nagoya,SEA,PILOT_TO_PILOT,1,1361,1316,2,3,SMLtb,BtwSaki,30.797265013324317,127.88780623635301,92.07999737315282,12.0,272.2401561668868,549.8700554616574
1362,Shanghai NorthCh - Nagoya,SEA,PILOT_TO_PILOT,1,1362,1317,2,3,SMLtb,BtwSaki,30.79699188327968,127.89167053003075,92.07999737315282,12.0,272.44012634748765,549.6700852810566
1363,Shanghai NorthCh - Nagoya,SEA,PILOT_TO_PILOT,1,1363,1318,2,3,SMLtb,BtwSaki,30.7967186386126,127.89553480174416,92.07999737315282,12.0,272.64009652808846,549.4701151004558
1364,Shanghai NorthCh - Nagoya,SEA,PILOT_TO_PILOT,1,1364,1319,2,3,SMLtb,BtwSaki,30.79644527932495,127.89939905148432,92.07999737315282,12.0,272.84006670868933,549.2701449198548
1365,Shanghai NorthCh - Nagoya,SEA,PILOT_TO_PILOT,1,1365,1320,2,3,SMLtb,BtwSaki,30.796171805418656,127.90326327924245,92.07999737315282,12.0,273.0400368892902,549.0701747392541
1366,Shanghai NorthCh - Nagoya,SEA,PILOT_TO_PILOT,1,1366,1321,2,3,SMLtb,BtwSaki,30.79589821689558,127.90712748500968,92.07999737315282,12.0,273.240007069891,548.8702045586532
1367,Shanghai NorthCh - Nagoya,SEA,PILOT_TO_PILOT,1,1367,1322,2,3,SMLtb,BtwSaki,30.795624513757648,127.91099166877714,92.07999737315282,12.0,273.4399772504919,548.6702343780523
1368,Shanghai NorthCh - Nagoya,SEA,PILOT_TO_PILOT,1,1368,1323,2,3,SMLtb,BtwSaki,30.795350696006732,127.91485583053597,92.07999737315282,12.0,273.6399474310927,548.4702641974516
1369,Shanghai NorthCh - Nagoya,SEA,PILOT_TO_PILOT,1,1369,1324,2,3,SMLtb,BtwSaki,30.795076763644747,127.91871997027737,92.07999737315282,12.0,273.8399176116936,548.2702940168506
1370,Shanghai NorthCh - Nagoya,SEA,PILOT_TO_PILOT,1,1370,1325,2,3,SMLtb,BtwSaki,30.79480271667359,127.92258408799246,92.07999737315282,12.0,274.0398877922944,548.0703238362498
1371,Shanghai NorthCh - Nagoya,SEA,PILOT_TO_PILOT,1,1371,1326,2,3,SMLtb,BtwSaki,30.79452855509516,127.92644818367238,92.07999737315282,12.0,274.23985797289527,547.870353655649
1372,Shanghai NorthCh - Nagoya,SEA,PILOT_TO_PILOT,1,1372,1327,2,3,SMLtb,BtwSaki,30.794254278911353,127.93031225730829,92.07999737315282,12.0,274.43982815349614,547.6703834750481
1373,Shanghai NorthCh - Nagoya,SEA,PILOT_TO_PILOT,1,1373,1328,2,3,SMLtb,BtwSaki,30.793979888124078,127.93417630889138,92.07999737315282,12.0,274.63979833409695,547.4704132944473
1374,Shanghai NorthCh - Nagoya,SEA,PILOT_TO_PILOT,1,1374,1329,2,3,SMLtb,BtwSaki,30.793705382735226,127.93804033841273,92.07999737315282,12.0,274.8397685146978,547.2704431138463
1375,Shanghai NorthCh - Nagoya,SEA,PILOT_TO_PILOT,1,1375,1330,2,3,SMLtb,BtwSaki,30.793430762746713,127.94190434586356,92.07999737315282,12.0,275.03973869529864,547.0704729332456
1376,Shanghai NorthCh - Nagoya,SEA,PILOT_TO_PILOT,1,1376,1331,2,3,SMLtb,BtwSaki,30.793156028160432,127.94576833123502,92.07999737315282,12.0,275.2397088758995,546.8705027526447
1377,Shanghai NorthCh - Nagoya,SEA,PILOT_TO_PILOT,1,1377,1332,2,3,SMLtb,BtwSaki,30.792881178978295,127.94963229451822,92.07999737315282,12.0,275.4396790565003,546.6705325720438
1378,Shanghai NorthCh - Nagoya,SEA,PILOT_TO_PILOT,1,1378,1333,2,3,SMLtb,BtwSaki,30.792606215202206,127.95349623570435,92.07999737315282,12.0,275.6396492371012,546.4705623914431
1379,Shanghai NorthCh - Nagoya,SEA,PILOT_TO_PILOT,1,1379,1334,2,3,SMLtb,BtwSaki,30.792331136834065,127.95736015478457,92.07999737315282,12.0,275.83961941770207,546.2705922108421
1380,Shanghai NorthCh - Nagoya,SEA,PILOT_TO_PILOT,1,1380,1335,2,3,SMLtb,BtwSaki,30.79205594387578,127.96122405175002,92.07999737315282,12.0,276.0395895983029,546.0706220302413
1381,Shanghai NorthCh - Nagoya,SEA,PILOT_TO_PILOT,1,1381,1336,2,3,SMLtb,BtwSaki,30.791780636329264,127.96508792659185,92.07999737315282,12.0,276.23955977890375,545.8706518496405
1382,Shanghai NorthCh - Nagoya,SEA,PILOT_TO_PILOT,1,1382,1337,2,3,SMLtb,BtwSaki,30.79150521419643,127.96895177930126,92.07999737315282,12.0,276.43952995950457,545.6706816690396
1383,Shanghai NorthCh - Nagoya,SEA,PILOT_TO_PILOT,1,1383,1338,2,3,SMLtb,BtwSaki,30.791229677479176,127.97281560986937,92.07999737315282,12.0,276.63950014010544,545.4707114884388
1384,Shanghai NorthCh - Nagoya,SEA,PILOT_TO_PILOT,1,1384,1339,2,3,SMLtb,BtwSaki,30.790954026179417,127.97667941828735,92.07999737315282,12.0,276.83947032070625,545.270741307838
1385,Shanghai NorthCh - Nagoya,SEA,PILOT_TO_PILOT,1,1385,1340,2,3,SMLtb,BtwSaki,30.790678260299053,127.98054320454636,92.07999737315282,12.0,277.0394405013071,545.0707711272371
1386,Shanghai NorthCh - Nagoya,SEA,PILOT_TO_PILOT,1,1386,1341,2,3,SMLtb,BtwSaki,30.790402379840017,127.98440696863757,92.07999737315282,12.0,277.239410681908,544.8708009466362
1387,Shanghai NorthCh - Nagoya,SEA,PILOT_TO_PILOT,1,1387,1342,2,3,SMLtb,BtwSaki,30.790126384804207,127.98827071055213,92.07999737315282,12.0,277.4393808625088,544.6708307660354
1388,Shanghai NorthCh - Nagoya,SEA,PILOT_TO_PILOT,1,1388,1343,2,3,SMLtb,BtwSaki,30.789850275193537,127.99213443028121,92.07999737315282,12.0,277.6393510431097,544.4708605854346
1389,Shanghai NorthCh - Nagoya,SEA,PILOT_TO_PILOT,1,1389,1344,2,3,SMLtb,BtwSaki,30.789574051009907,127.99599812781597,92.07999737315282,12.0,277.8393212237105,544.2708904048337
1390,Shanghai NorthCh - Nagoya,SEA,PILOT_TO_PILOT,1,1390,1345,2,3,SMLtb,BtwSaki,30.78929771225526,127.99986180314757,92.07999737315282,12.0,278.03929140431137,544.0709202242329
1391,Shanghai NorthCh - Nagoya,SEA,PILOT_TO_PILOT,1,1391,1346,2,3,SMLtb,BtwSaki,30.7890212589315,128.00372545626718,92.07999737315282,12.0,278.23926158491224,543.870950043632
1392,Shanghai NorthCh - Nagoya,SEA,PILOT_TO_PILOT,1,1392,1347,2,3,SMLtb,BtwSaki,30.788744691040524,128.00758908716597,92.07999737315282,12.0,278.43923176551306,543.6709798630311
1393,Shanghai NorthCh - Nagoya,SEA,PILOT_TO_PILOT,1,1393,1348,2,3,SMLtb,BtwSaki,30.788468008584278,128.0114526958351,92.07999737315282,12.0,278.63920194611393,543.4710096824303
1394,Shanghai NorthCh - Nagoya,SEA,PILOT_TO_PILOT,1,1394,1349,2,3,SMLtb,BtwSaki,30.788191211564655,128.0153162822657,92.07999737315282,12.0,278.83917212671474,543.2710395018295
1395,Shanghai NorthCh - Nagoya,SEA,PILOT_TO_PILOT,1,1395,1350,2,3,SMLtb,BtwSaki,30.787914299983598,128.019179846449,92.07999737315282,12.0,279.0391423073156,543.0710693212286
1396,Shanghai NorthCh - Nagoya,SEA,PILOT_TO_PILOT,1,1396,1351,2,3,SMLtb,BtwSaki,30.787637273842996,128.02304338837612,92.07999737315282,12.0,279.23911248791643,542.8710991406278
1397,Shanghai NorthCh - Nagoya,SEA,PILOT_TO_PILOT,1,1397,1352,2,3,SMLtb,BtwSaki,30.787360133144794,128.02690690803823,92.07999737315282,12.0,279.4390826685173,542.6711289600269
1398,Shanghai NorthCh - Nagoya,SEA,PILOT_TO_PILOT,1,1398,1353,2,3,SMLtb,BtwSaki,30.787082877890896,128.03077040542655,92.07999737315282,12.0,279.6390528491182,542.4711587794261
1399,Shanghai NorthCh - Nagoya,SEA,PILOT_TO_PILOT,1,1399,1354,2,3,SMLtb,BtwSaki,30.786805508083233,128.0346338805322,92.07999737315282,12.0,279.839023029719,542.2711885988252
1400,Shanghai NorthCh - Nagoya,SEA,PILOT_TO_PILOT,1,1400,1355,2,3,SMLtb,BtwSaki,30.786528023723726,128.03849733334633,92.07999737315282,12.0,280.03899321031986,542.0712184182244
1401,Shanghai NorthCh - Nagoya,SEA,PILOT_TO_PILOT,1,1401,1356,2,3,SMLtb,BtwSaki,30.78625042481429,128.04236076386016,92.07999737315282,12.0,280.2389633909207,541.8712482376236
1402,Shanghai NorthCh - Nagoya,SEA,PILOT_TO_PILOT,1,1402,1357,2,3,SMLtb,BtwSaki,30.785972711356862,128.04622417206485,92.07999737315282,12.0,280.43893357152155,541.6712780570226
1403,Shanghai NorthCh - Nagoya,SEA,PILOT_TO_PILOT,1,1403,1358,2,3,SMLtb,BtwSaki,30.78569488335336,128.05008755795157,92.07999737315282,12.0,280.63890375212236,541.4713078764219
1404,Shanghai NorthCh - Nagoya,SEA,PILOT_TO_PILOT,1,1404,1359,2,3,SMLtb,BtwSaki,30.7854169408057,128.05395092151147,92.07999737315282,12.0,280.83887393272323,541.271337695821
1405,Shanghai NorthCh - Nagoya,SEA,PILOT_TO_PILOT,1,1405,1360,2,3,SMLtb,BtwSaki,30.78513888371582,128.05781426273572,92.07999737315282,12.0,281.0388441133241,541.0713675152201
1406,Shanghai NorthCh - Nagoya,SEA,PILOT_TO_PILOT,1,1406,1361,2,3,SMLtb,BtwSaki,30.784860712085642,128.06167758161553,92.07999737315282,12.0,281.2388142939249,540.8713973346194
1407,Shanghai NorthCh - Nagoya,SEA,PILOT_TO_PILOT,1,1407,1362,2,3,SMLtb,BtwSaki,30.78458242591708,128.06554087814206,92.07999737315282,12.0,281.4387844745258,540.6714271540184
1408,Shanghai NorthCh - Nagoya,SEA,PILOT_TO_PILOT,1,1408,1363,2,3,SMLtb,BtwSaki,30.784304025212087,128.06940415230648,92.07999737315282,12.0,281.6387546551266,540.4714569734176
1409,Shanghai NorthCh - Nagoya,SEA,PILOT_TO_PILOT,1,1409,1364,2,3,SMLtb,BtwSaki,30.78402550997258,128.0732674040999,92.07999737315282,12.0,281.8387248357275,540.2714867928167
1410,Shanghai NorthCh - Nagoya,SEA,PILOT_TO_PILOT,1,1410,1365,2,3,SMLtb,BtwSaki,30.78374688020049,128.07713063351363,92.07999737315282,12.0,282.0386950163283,540.0715166122159
1411,Shanghai NorthCh - Nagoya,SEA,PILOT_TO_PILOT,1,1411,1366,2,3,SMLtb,BtwSaki,30.78346813589774,128.08099384053875,92.07999737315282,12.0,282.23866519692916,539.8715464316151
1412,Shanghai NorthCh - Nagoya,SEA,PILOT_TO_PILOT,1,1412,1367,2,3,SMLtb,BtwSaki,30.783189277066274,128.08485702516649,92.07999737315282,12.0,282.43863537753003,539.6715762510141
1413,Shanghai NorthCh - Nagoya,SEA,PILOT_TO_PILOT,1,1413,1368,2,3,SMLtb,BtwSaki,30.78291030370801,128.08872018738796,92.07999737315282,12.0,282.63860555813085,539.4716060704134
1414,Shanghai NorthCh - Nagoya,SEA,PILOT_TO_PILOT,1,1414,1369,2,3,SMLtb,BtwSaki,30.782631215824892,128.09258332719438,92.07999737315282,12.0,282.8385757387317,539.2716358898125
1415,Shanghai NorthCh - Nagoya,SEA,PILOT_TO_PILOT,1,1415,1370,2,3,SMLtb,BtwSaki,30.782352013418844,128.09644644457694,92.07999737315282,12.0,283.03854591933253,539.0716657092116
1416,Shanghai NorthCh - Nagoya,SEA,PILOT_TO_PILOT,1,1416,1371,2,3,SMLtb,BtwSaki,30.782072696491813,128.1003095395268,92.07999737315282,12.0,283.2385160999334,538.8716955286109
1417,Shanghai NorthCh - Nagoya,SEA,PILOT_TO_PILOT,1,1417,1372,2,3,SMLtb,BtwSaki,30.78179326504572,128.10417261203517,92.07999737315282,12.0,283.4384862805343,538.6717253480099
1418,Shanghai NorthCh - Nagoya,SEA,PILOT_TO_PILOT,1,1418,1373,2,3,SMLtb,BtwSaki,30.7815137190825,128.10803566209316,92.07999737315282,12.0,283.6384564611351,538.4717551674091
1419,Shanghai NorthCh - Nagoya,SEA,PILOT_TO_PILOT,1,1419,1374,2,3,SMLtb,BtwSaki,30.781234058604106,128.111898689692,92.07999737315282,12.0,283.83842664173596,538.2717849868083
1420,Shanghai NorthCh - Nagoya,SEA,PILOT_TO_PILOT,1,1420,1375,2,3,SMLtb,BtwSaki,30.780954283612473,128.11576169482288,92.07999737315282,12.0,284.0383968223368,538.0718148062074
1421,Shanghai NorthCh - Nagoya,SEA,PILOT_TO_PILOT,1,1421,1376,2,3,SMLtb,BtwSaki,30.780674394109507,128.119624677477,92.07999737315282,12.0,284.23836700293765,537.8718446256066
1422,Shanghai NorthCh - Nagoya,SEA,PILOT_TO_PILOT,1,1422,1377,2,3,SMLtb,BtwSaki,30.780394390097193,128.12348763764547,92.07999737315282,12.0,284.43833718353847,537.6718744450058
1423,Shanghai NorthCh - Nagoya,SEA,PILOT_TO_PILOT,1,1423,1378,2,3,SMLtb,BtwSaki,30.780114271577435,128.12735057531955,92.07999737315282,12.0,284.63830736413934,537.4719042644049
1424,Shanghai NorthCh - Nagoya,SEA,PILOT_TO_PILOT,1,1424,1379,2,3,SMLtb,BtwSaki,30.779834038552195,128.13121349049035,92.07999737315282,12.0,284.8382775447402,537.271934083804
1425,Shanghai NorthCh - Nagoya,SEA,PILOT_TO_PILOT,1,1425,1380,2,3,SMLtb,BtwSaki,30.779553691023406,128.1350763831491,92.07999737315282,12.0,285.038247725341,537.0719639032031
1426,Shanghai NorthCh - Nagoya,SEA,PILOT_TO_PILOT,1,1426,1381,2,3,SMLtb,BtwSaki,30.779273228993006,128.13893925328702,92.07999737315282,12.0,285.2382179059419,536.8719937226024
1427,Shanghai NorthCh - Nagoya,SEA,PILOT_TO_PILOT,1,1427,1382,2,3,SMLtb,BtwSaki,30.778992652462936,128.14280210089524,92.07999737315282,12.0,285.4381880865427,536.6720235420015
1428,Shanghai NorthCh - Nagoya,SEA,PILOT_TO_PILOT,1,1428,1383,2,3,SMLtb,BtwSaki,30.778711961435153,128.14666492596496,92.07999737315282,12.0,285.6381582671436,536.4720533614006
1429,Shanghai NorthCh - Nagoya,SEA,PILOT_TO_PILOT,1,1429,1384,2,3,SMLtb,BtwSaki,30.778431155911576,128.15052772848736,92.07999737315282,12.0,285.8381284477444,536.2720831807999
1430,Shanghai NorthCh - Nagoya,SEA,PILOT_TO_PILOT,1,1430,1385,2,3,SMLtb,BtwSaki,30.778150235894184,128.15439050845367,92.07999737315282,12.0,286.03809862834527,536.0721130001989
1431,Shanghai NorthCh - Nagoya,SEA,PILOT_TO_PILOT,1,1431,1386,2,3,SMLtb,BtwSaki,30.777869201384895,128.15825326585505,92.07999737315282,12.0,286.23806880894614,535.8721428195981
1432,Shanghai NorthCh - Nagoya,SEA,PILOT_TO_PILOT,1,1432,1387,2,3,SMLtb,BtwSaki,30.777588052385667,128.16211600068263,92.07999737315282,12.0,286.43803898954695,535.6721726389973
1433,Shanghai NorthCh - Nagoya,SEA,PILOT_TO_PILOT,1,1433,1388,2,3,SMLtb,BtwSaki,30.777306788898443,128.1659787129277,92.07999737315282,12.0,286.6380091701478,535.4722024583964
1434,Shanghai NorthCh - Nagoya,SEA,PILOT_TO_PILOT,1,1434,1389,2,3,SMLtb,BtwSaki,30.777025410925177,128.1698414025814,92.07999737315282,12.0,286.83797935074864,535.2722322777956
1435,Shanghai NorthCh - Nagoya,SEA,PILOT_TO_PILOT,1,1435,1390,2,3,SMLtb,BtwSaki,30.77674391846781,128.1737040696349,92.07999737315282,12.0,287.0379495313495,535.0722620971947
1436,Shanghai NorthCh - Nagoya,SEA,PILOT_TO_PILOT,1,1436,1391,2,3,SMLtb,BtwSaki,30.776462311528295,128.17756671407946,92.07999737315282,12.0,287.2379197119503,534.8722919165939
1437,Shanghai NorthCh - Nagoya,SEA,PILOT_TO_PILOT,1,1437,1392,2,3,SMLtb,BtwSaki,30.77618059010858,128.18142933590622,92.07999737315282,12.0,287.4378898925512,534.672321735993
1438,Shanghai NorthCh - Nagoya,SEA,PILOT_TO_PILOT,1,1438,1393,2,3,SMLtb,BtwSaki,30.775898754210612,128.1852919351064,92.07999737315282,12.0,287.63786007315207,534.4723515553922
1439,Shanghai NorthCh - Nagoya,SEA,PILOT_TO_PILOT,1,1439,1394,2,3,SMLtb,BtwSaki,30.77561680383636,128.18915451167115,92.07999737315282,12.0,287.8378302537529,534.2723813747914
1440,Shanghai NorthCh - Nagoya,SEA,PILOT_TO_PILOT,1,1440,1395,2,3,SMLtb,BtwSaki,30.775334738987755,128.1930170655917,92.07999737315282,12.0,288.03780043435376,534.0724111941904
1441,Shanghai NorthCh - Nagoya,SEA,PILOT_TO_PILOT,1,1441,1396,2,3,SMLtb,BtwSaki,30.775052559666765,128.19687959685925,92.07999737315282,12.0,288.23777061495457,533.8724410135897
1442,Shanghai NorthCh - Nagoya,SEA,PILOT_TO_PILOT,1,1442,1397,2,3,SMLtb,BtwSaki,30.77477026587534,128.20074210546494,92.07999737315282,12.0,288.43774079555544,533.6724708329888
1443,Shanghai NorthCh - Nagoya,SEA,PILOT_TO_PILOT,1,1443,1398,2,3,SMLtb,BtwSaki,30.774487857615426,128.20460459140006,92.07999737315282,12.0,288.63771097615626,533.4725006523879
1444,Shanghai NorthCh - Nagoya,SEA,PILOT_TO_PILOT,1,1444,1399,2,3,SMLtb,BtwSaki,30.774205334888986,128.2084670546557,92.07999737315282,12.0,288.8376811567571,533.2725304717871
1445,Shanghai NorthCh - Nagoya,SEA,PILOT_TO_PILOT,1,1445,1400,2,3,SMLtb,BtwSaki,30.773922697697984,128.21232949522317,92.07999737315282,12.0,289.037651337358,533.0725602911862
1446,Shanghai NorthCh - Nagoya,SEA,PILOT_TO_PILOT,1,1446,1401,2,3,SMLtb,BtwSaki,30.773639946044362,128.21619191309358,92.07999737315282,12.0,289.2376215179588,532.8725901105854
1447,Shanghai NorthCh - Nagoya,SEA,PILOT_TO_PILOT,1,1447,1402,2,3,SMLtb,BtwSaki,30.773357079930086,128.22005430825814,92.07999737315282,12.0,289.4375916985597,532.6726199299845
1448,Shanghai NorthCh - Nagoya,SEA,PILOT_TO_PILOT,1,1448,1403,2,3,SMLtb,BtwSaki,30.773074099357107,128.2239166807081,92.07999737315282,12.0,289.6375618791605,532.4726497493837
1449,Shanghai NorthCh - Nagoya,SEA,PILOT_TO_PILOT,1,1449,1404,2,3,SMLtb,BtwSaki,30.7727910043274,128.22777903043462,92.07999737315282,12.0,289.8375320597614,532.2726795687829
1450,Shanghai NorthCh - Nagoya,SEA,PILOT_TO_PILOT,1,1450,1405,2,3,SMLtb,BtwSaki,30.7725077948429,128.23164135742888,92.07999737315282,12.0,290.03750224036224,532.0727093881819
1451,Shanghai NorthCh - Nagoya,SEA,PILOT_TO_PILOT,1,1451,1406,2,3,SMLtb,BtwSaki,30.772224470905595,128.23550366168212,92.07999737315282,12.0,290.23747242096306,531.8727392075812
1452,Shanghai NorthCh - Nagoya,SEA,PILOT_TO_PILOT,1,1452,1407,2,3,SMLtb,BtwSaki,30.77194103251743,128.23936594318556,92.07999737315282,12.0,290.43744260156393,531.6727690269803
1453,Shanghai NorthCh - Nagoya,SEA,PILOT_TO_PILOT,1,1453,1408,2,3,SMLtb,BtwSaki,30.771657479680368,128.24322820193035,92.07999737315282,12.0,290.63741278216474,531.4727988463794
1454,Shanghai NorthCh - Nagoya,SEA,PILOT_TO_PILOT,1,1454,1409,2,3,SMLtb,BtwSaki,30.771373812396376,128.2470904379077,92.07999737315282,12.0,290.8373829627656,531.2728286657787
1455,Shanghai NorthCh - Nagoya,SEA,PILOT_TO_PILOT,1,1455,1410,2,3,SMLtb,BtwSaki,30.77109003066742,128.25095265110883,92.07999737315282,12.0,291.03735314336643,531.0728584851778
1456,Shanghai NorthCh - Nagoya,SEA,PILOT_TO_PILOT,1,1456,1411,2,3,SMLtb,BtwSaki,30.770806134495462,128.25481484152496,92.07999737315282,12.0,291.2373233239673,530.8728883045769
1457,Shanghai NorthCh - Nagoya,SEA,PILOT_TO_PILOT,1,1457,1412,2,3,SMLtb,BtwSaki,30.77052212388247,128.25867700914728,92.07999737315282,12.0,291.4372935045682,530.672918123976
1458,Shanghai NorthCh - Nagoya,SEA,PILOT_TO_PILOT,1,1458,1413,2,3,SMLtb,BtwSaki,30.770237998830396,128.26253915396697,92.07999737315282,12.0,291.637263685169,530.4729479433752
1459,Shanghai NorthCh - Nagoya,SEA,PILOT_TO_PILOT,1,1459,1414,2,3,SMLtb,BtwSaki,30.769953759341227,128.26640127597526,92.07999737315282,12.0,291.83723386576986,530.2729777627744
1460,Shanghai NorthCh - Nagoya,SEA,PILOT_TO_PILOT,1,1460,1415,2,3,SMLtb,BtwSaki,30.76966940541691,128.27026337516335,92.07999737315282,12.0,292.0372040463707,530.0730075821735
1461,Shanghai NorthCh - Nagoya,SEA,PILOT_TO_PILOT,1,1461,1416,2,3,SMLtb,BtwSaki,30.76938493705943,128.27412545152248,92.07999737315282,12.0,292.23717422697155,529.8730374015727
1462,Shanghai NorthCh - Nagoya,SEA,PILOT_TO_PILOT,1,1462,1417,2,3,SMLtb,BtwSaki,30.76910035427075,128.2779875050438,92.07999737315282,12.0,292.43714440757236,529.6730672209719
1463,Shanghai NorthCh - Nagoya,SEA,PILOT_TO_PILOT,1,1463,1418,2,3,SMLtb,BtwSaki,30.768815657052844,128.28184953571855,92.07999737315282,12.0,292.63711458817323,529.4730970403709
1464,Shanghai NorthCh - Nagoya,SEA,PILOT_TO_PILOT,1,1464,1419,2,3,SMLtb,BtwSaki,30.76853084540768,128.28571154353796,92.07999737315282,12.0,292.8370847687741,529.2731268597702
1465,Shanghai NorthCh - Nagoya,SEA,PILOT_TO_PILOT,1,1465,1420,2,3,SMLtb,BtwSaki,30.76824591933722,128.2895735284932,92.07999737315282,12.0,293.0370549493749,529.0731566791693
1466,Shanghai NorthCh - Nagoya,SEA,PILOT_TO_PILOT,1,1466,1421,2,3,SMLtb,BtwSaki,30.767960878843446,128.2934354905755,92.07999737315282,12.0,293.2370251299758,528.8731864985684
1467,Shanghai NorthCh - Nagoya,SEA,PILOT_TO_PILOT,1,1467,1422,2,3,SMLtb,BtwSaki,30.767675723928328,128.29729742977605,92.07999737315282,12.0,293.4369953105766,528.6732163179677
1468,Shanghai NorthCh - Nagoya,SEA,PILOT_TO_PILOT,1,1468,1423,2,3,SMLtb,BtwSaki,30.767390454593855,128.3011593460861,92.07999737315282,12.0,293.6369654911775,528.4732461373667
1469,Shanghai NorthCh - Nagoya,SEA,PILOT_TO_PILOT,1,1469,1424,2,3,SMLtb,BtwSaki,30.767105070841975,128.30502123949685,92.07999737315282,12.0,293.8369356717783,528.2732759567659
1470,Shanghai NorthCh - Nagoya,SEA,PILOT_TO_PILOT,1,1470,1425,2,3,SMLtb,BtwSaki,30.76681957267467,128.30888310999947,92.07999737315282,12.0,294.03690585237916,528.0733057761651
1471,Shanghai NorthCh - Nagoya,SEA,PILOT_TO_PILOT,1,1471,1426,2,3,SMLtb,BtwSaki,30.766533960093923,128.31274495758524,92.07999737315282,12.0,294.23687603298004,527.8733355955642
1472,Shanghai NorthCh - Nagoya,SEA,PILOT_TO_PILOT,1,1472,1427,2,3,SMLtb,BtwSaki,30.766248233101713,128.31660678224532,92.07999737315282,12.0,294.43684621358085,527.6733654149634
1473,Shanghai NorthCh - Nagoya,SEA,PILOT_TO_PILOT,1,1473,1428,2,3,SMLtb,BtwSaki,30.76596239170001,128.32046858397095,92.07999737315282,12.0,294.6368163941817,527.4733952343624
1474,Shanghai NorthCh - Nagoya,SEA,PILOT_TO_PILOT,1,1474,1429,2,3,SMLtb,BtwSaki,30.765676435890796,128.32433036275333,92.07999737315282,12.0,294.83678657478254,527.2734250537617
1475,Shanghai NorthCh - Nagoya,SEA,PILOT_TO_PILOT,1,1475,1430,2,3,SMLtb,BtwSaki,30.765390365676048,128.3281921185837,92.07999737315282,12.0,295.0367567553834,527.0734548731608
1476,Shanghai NorthCh - Nagoya,SEA,PILOT_TO_PILOT,1,1476,1431,2,3,SMLtb,BtwSaki,30.765104181057744,128.33205385145328,92.07999737315282,12.0,295.2367269359843,526.8734846925599
1477,Shanghai NorthCh - Nagoya,SEA,PILOT_TO_PILOT,1,1477,1432,2,3,SMLtb,BtwSaki,30.76481788203787,128.33591556135326,92.07999737315282,12.0,295.4366971165851,526.6735145119592
1478,Shanghai NorthCh - Nagoya,SEA,PILOT_TO_PILOT,1,1478,1433,2,3,SMLtb,BtwSaki,30.764531468618408,128.33977724827486,92.07999737315282,12.0,295.63666729718597,526.4735443313582
1479,Shanghai NorthCh - Nagoya,SEA,PILOT_TO_PILOT,1,1479,1434,2,3,SMLtb,BtwSaki,30.764244940801326,128.34363891220931,92.07999737315282,12.0,295.8366374777868,526.2735741507574
1480,Shanghai NorthCh - Nagoya,SEA,PILOT_TO_PILOT,1,1480,1435,2,3,SMLtb,BtwSaki,30.76395829858862,128.34750055314782,92.07999737315282,12.0,296.03660765838765,526.0736039701566
1481,Shanghai NorthCh - Nagoya,SEA,PILOT_TO_PILOT,1,1481,1436,2,3,SMLtb,BtwSaki,30.763671541982276,128.35136217108163,92.07999737315282,12.0,296.23657783898847,525.8736337895557
1482,Shanghai NorthCh - Nagoya,SEA,PILOT_TO_PILOT,1,1482,1437,2,3,SMLtb,BtwSaki,30.763384670984266,128.35522376600193,92.07999737315282,12.0,296.43654801958934,525.6736636089549
1483,Shanghai NorthCh - Nagoya,SEA,PILOT_TO_PILOT,1,1483,1438,2,3,SMLtb,BtwSaki,30.76309768559659,128.35908533789996,92.07999737315282,12.0,296.6365182001902,525.473693428354
1484,Shanghai NorthCh - Nagoya,SEA,PILOT_TO_PILOT,1,1484,1439,2,3,SMLtb,BtwSaki,30.762810585821214,128.36294688676696,92.07999737315282,12.0,296.836488380791,525.2737232477532
1485,Shanghai NorthCh - Nagoya,SEA,PILOT_TO_PILOT,1,1485,1440,2,3,SMLtb,BtwSaki,30.762523371660134,128.36680841259414,92.07999737315282,12.0,297.0364585613919,525.0737530671523
1486,Shanghai NorthCh - Nagoya,SEA,PILOT_TO_PILOT,1,1486,1441,2,3,SMLtb,BtwSaki,30.76223604311534,128.37066991537267,92.07999737315282,12.0,297.2364287419927,524.8737828865515
1487,Shanghai NorthCh - Nagoya,SEA,PILOT_TO_PILOT,1,1487,1442,2,3,SMLtb,BtwSaki,30.761948600188823,128.37453139509384,92.07999737315282,12.0,297.4363989225936,524.6738127059507
1488,Shanghai NorthCh - Nagoya,SEA,PILOT_TO_PILOT,1,1488,1443,2,3,SMLtb,BtwSaki,30.761661042882576,128.37839285174883,92.07999737315282,12.0,297.6363691031944,524.4738425253498
1489,Shanghai NorthCh - Nagoya,SEA,PILOT_TO_PILOT,1,1489,1444,2,3,SMLtb,BtwSaki,30.761373371198566,128.3822542853289,92.07999737315282,12.0,297.83633928379527,524.273872344749
1490,Shanghai NorthCh - Nagoya,SEA,PILOT_TO_PILOT,1,1490,1445,2,3,SMLtb,BtwSaki,30.761085585138797,128.3861156958253,92.07999737315282,12.0,298.03630946439614,524.0739021641481
1491,Shanghai NorthCh - Nagoya,SEA,PILOT_TO_PILOT,1,1491,1446,2,3,SMLtb,BtwSaki,30.760797684705267,128.38997708322918,92.07999737315282,12.0,298.23627964499696,523.8739319835472
1492,Shanghai NorthCh - Nagoya,SEA,PILOT_TO_PILOT,1,1492,1447,2,3,SMLtb,BtwSaki,30.760509669899957,128.3938384475318,92.07999737315282,12.0,298.4362498255978,523.6739618029465
1493,Shanghai NorthCh - Nagoya,SEA,PILOT_TO_PILOT,1,1493,1448,2,3,SMLtb,BtwSaki,30.760221540724864,128.3976997887244,92.07999737315282,12.0,298.63622000619864,523.4739916223456
1494,Shanghai NorthCh - Nagoya,SEA,PILOT_TO_PILOT,1,1494,1449,2,3,SMLtb,BtwSaki,30.75993329718198,128.4015611067982,92.07999737315282,12.0,298.8361901867995,523.2740214417447
1495,Shanghai NorthCh - Nagoya,SEA,PILOT_TO_PILOT,1,1495,1450,2,3,SMLtb,BtwSaki,30.759644939273297,128.40542240174443,92.07999737315282,12.0,299.0361603674003,523.074051261144
1496,Shanghai NorthCh - Nagoya,SEA,PILOT_TO_PILOT,1,1496,1451,2,3,SMLtb,BtwSaki,30.759356467000817,128.4092836735543,92.07999737315282,12.0,299.2361305480012,522.874081080543
1497,Shanghai NorthCh - Nagoya,SEA,PILOT_TO_PILOT,1,1497,1452,2,3,SMLtb,BtwSaki,30.759067880366526,128.4131449222191,92.07999737315282,12.0,299.43610072860207,522.6741108999422
1498,Shanghai NorthCh - Nagoya,SEA,PILOT_TO_PILOT,1,1498,1453,2,3,SMLtb,BtwSaki,30.75877917937243,128.41700614772998,92.07999737315282,12.0,299.6360709092029,522.4741407193413
1499,Shanghai NorthCh - Nagoya,SEA,PILOT_TO_PILOT,1,1499,1454,2,3,SMLtb,BtwSaki,30.758490364020524,128.42086735007823,92.07999737315282,12.0,299.83604108980376,522.2741705387405
1500,Shanghai NorthCh - Nagoya,SEA,PILOT_TO_PILOT,1,1500,1455,2,3,SMLtb,BtwSaki,30.758201434312788,128.42472852925502,92.07999737315282,12.0,300.0360112704046,522.0742003581397
1501,Shanghai NorthCh - Nagoya,SEA,PILOT_TO_PILOT,1,1501,1456,2,3,SMLtb,BtwSaki,30.757912390251242,128.42858968525167,92.07999737315282,12.0,300.23598145100544,521.8742301775387
1502,Shanghai NorthCh - Nagoya,SEA,PILOT_TO_PILOT,1,1502,1457,2,3,SMLtb,BtwSaki,30.75762323183788,128.43245081805935,92.07999737315282,12.0,300.43595163160626,521.674259996938
1503,Shanghai NorthCh - Nagoya,SEA,PILOT_TO_PILOT,1,1503,1458,2,3,SMLtb,BtwSaki,30.75733395907471,128.4363119276693,92.07999737315282,12.0,300.63592181220713,521.4742898163371
1504,Shanghai NorthCh - Nagoya,SEA,PILOT_TO_PILOT,1,1504,1459,2,3,SMLtb,BtwSaki,30.757044571963714,128.44017301407277,92.07999737315282,12.0,300.835891992808,521.2743196357362
1505,Shanghai NorthCh - Nagoya,SEA,PILOT_TO_PILOT,1,1505,1460,2,3,SMLtb,BtwSaki,30.756755070506898,128.444034077261,92.07999737315282,12.0,301.0358621734088,521.0743494551355
1506,Shanghai NorthCh - Nagoya,SEA,PILOT_TO_PILOT,1,1506,1461,2,3,SMLtb,BtwSaki,30.756465454706277,128.4478951172252,92.07999737315282,12.0,301.2358323540097,520.8743792745345
1507,Shanghai NorthCh - Nagoya,SEA,PILOT_TO_PILOT,1,1507,1462,2,3,SMLtb,BtwSaki,30.75617572456384,128.45175613395662,92.07999737315282,12.0,301.4358025346105,520.6744090939337
1508,Shanghai NorthCh - Nagoya,SEA,PILOT_TO_PILOT,1,1508,1463,2,3,SMLtb,BtwSaki,30.755885880081614,128.45561712744652,92.07999737315282,12.0,301.6357727152114,520.4744389133328
1509,Shanghai NorthCh - Nagoya,SEA,PILOT_TO_PILOT,1,1509,1464,2,3,SMLtb,BtwSaki,30.755595921261563,128.4594780976861,92.07999737315282,12.0,301.83574289581225,520.274468732732
1510,Shanghai NorthCh - Nagoya,SEA,PILOT_TO_PILOT,1,1510,1465,2,3,SMLtb,BtwSaki,30.75530584810574,128.46333904466655,92.07999737315282,12.0,302.03571307641306,520.0744985521312
1511,Shanghai NorthCh - Nagoya,SEA,PILOT_TO_PILOT,1,1511,1466,2,3,SMLtb,BtwSaki,30.75501566061611,128.46719996837925,92.07999737315282,12.0,302.23568325701393,519.8745283715302
1512,Shanghai NorthCh - Nagoya,SEA,PILOT_TO_PILOT,1,1512,1467,2,3,SMLtb,BtwSaki,30.754725358794698,128.47106086881533,92.07999737315282,12.0,302.43565343761475,519.6745581909295
1513,Shanghai NorthCh - Nagoya,SEA,PILOT_TO_PILOT,1,1513,1468,2,3,SMLtb,BtwSaki,30.754434942643517,128.47492174596607,92.07999737315282,12.0,302.6356236182156,519.4745880103286
1514,Shanghai NorthCh - Nagoya,SEA,PILOT_TO_PILOT,1,1514,1469,2,3,SMLtb,BtwSaki,30.754144412164564,128.4787825998227,92.07999737315282,12.0,302.83559379881643,519.2746178297277
1515,Shanghai NorthCh - Nagoya,SEA,PILOT_TO_PILOT,1,1515,1470,2,3,SMLtb,BtwSaki,30.75385376735986,128.48264343037644,92.07999737315282,12.0,303.0355639794173,519.074647649127
1516,Shanghai NorthCh - Nagoya,SEA,PILOT_TO_PILOT,1,1516,1471,2,3,SMLtb,BtwSaki,30.75356300823141,128.48650423761856,92.07999737315282,12.0,303.2355341600182,518.874677468526
1517,Shanghai NorthCh - Nagoya,SEA,PILOT_TO_PILOT,1,1517,1472,2,3,SMLtb,BtwSaki,30.753272134781216,128.49036502154033,92.07999737315282,12.0,303.435504340619,518.6747072879252
1518,Shanghai NorthCh - Nagoya,SEA,PILOT_TO_PILOT,1,1518,1473,2,3,SMLtb,BtwSaki,30.7529811470113,128.49422578213293,92.07999737315282,12.0,303.63547452121986,518.4747371073244
1519,Shanghai NorthCh - Nagoya,SEA,PILOT_TO_PILOT,1,1519,1474,2,3,SMLtb,BtwSaki,30.75269004492367,128.49808651938764,92.07999737315282,12.0,303.8354447018207,518.2747669267235
1520,Shanghai NorthCh - Nagoya,SEA,PILOT_TO_PILOT,1,1520,1475,2,3,SMLtb,BtwSaki,30.75239882852034,128.5019472332957,92.07999737315282,12.0,304.03541488242155,518.0747967461227
1521,Shanghai NorthCh - Nagoya,SEA,PILOT_TO_PILOT,1,1521,1476,2,3,SMLtb,BtwSaki,30.752107497803312,128.50580792384835,92.07999737315282,12.0,304.23538506302236,517.8748265655219
1522,Shanghai NorthCh - Nagoya,SEA,PILOT_TO_PILOT,1,1522,1477,2,3,SMLtb,BtwSaki,30.751816052774625,128.50966859103687,92.07999737315282,12.0,304.43535524362323,517.674856384921
1523,Shanghai NorthCh - Nagoya,SEA,PILOT_TO_PILOT,1,1523,1478,2,3,SMLtb,BtwSaki,30.751524493436275,128.51352923485243,92.07999737315282,12.0,304.6353254242241,517.4748862043201
1524,Shanghai NorthCh - Nagoya,SEA,PILOT_TO_PILOT,1,1524,1479,2,3,SMLtb,BtwSaki,30.75123281979028,128.51738985528632,92.07999737315282,12.0,304.8352956048249,517.2749160237192
1525,Shanghai NorthCh - Nagoya,SEA,PILOT_TO_PILOT,1,1525,1480,2,3,SMLtb,BtwSaki,30.75094103183867,128.5212504523298,92.07999737315282,12.0,305.0352657854258,517.0749458431185
1526,Shanghai NorthCh - Nagoya,SEA,PILOT_TO_PILOT,1,1526,1481,2,3,SMLtb,BtwSaki,30.750649129583444,128.52511102597416,92.07999737315282,12.0,305.2352359660266,516.8749756625176
1527,Shanghai NorthCh - Nagoya,SEA,PILOT_TO_PILOT,1,1527,1482,2,3,SMLtb,BtwSaki,30.750357113026627,128.52897157621052,92.07999737315282,12.0,305.4352061466275,516.6750054819167
1528,Shanghai NorthCh - Nagoya,SEA,PILOT_TO_PILOT,1,1528,1483,2,3,SMLtb,BtwSaki,30.75006498217024,128.53283210303024,92.07999737315282,12.0,305.6351763272283,516.475035301316
1529,Shanghai NorthCh - Nagoya,SEA,PILOT_TO_PILOT,1,1529,1484,2,3,SMLtb,BtwSaki,30.749772737016308,128.5366926064245,92.07999737315282,12.0,305.83514650782917,516.275065120715
1530,Shanghai NorthCh - Nagoya,SEA,PILOT_TO_PILOT,1,1530,1485,2,3,SMLtb,BtwSaki,30.74948037756684,128.54055308638465,92.07999737315282,12.0,306.03511668843004,516.0750949401142
1531,Shanghai NorthCh - Nagoya,SEA,PILOT_TO_PILOT,1,1531,1486,2,3,SMLtb,BtwSaki,30.749187903823874,128.54441354290188,92.07999737315282,12.0,306.23508686903085,515.8751247595134
1532,Shanghai NorthCh - Nagoya,SEA,PILOT_TO_PILOT,1,1532,1487,2,3,SMLtb,BtwSaki,30.748895315789408,128.5482739759674,92.07999737315282,12.0,306.4350570496317,515.6751545789125
1533,Shanghai NorthCh - Nagoya,SEA,PILOT_TO_PILOT,1,1533,1488,2,3,SMLtb,BtwSaki,30.748602613465483,128.5521343855725,92.07999737315282,12.0,306.63502723023254,515.4751843983117
1534,Shanghai NorthCh - Nagoya,SEA,PILOT_TO_PILOT,1,1534,1489,2,3,SMLtb,BtwSaki,30.748309796854116,128.55599477170844,92.07999737315282,12.0,306.8349974108334,515.2752142177108
1535,Shanghai NorthCh - Nagoya,SEA,PILOT_TO_PILOT,1,1535,1490,2,3,SMLtb,BtwSaki,30.74801686595733,128.55985513436647,92.07999737315282,12.0,307.0349675914342,515.07524403711
1536,Shanghai NorthCh - Nagoya,SEA,PILOT_TO_PILOT,1,1536,1491,2,3,SMLtb,BtwSaki,30.747723820777153,128.56371547353788,92.07999737315282,12.0,307.2349377720351,514.8752738565091
1537,Shanghai NorthCh - Nagoya,SEA,PILOT_TO_PILOT,1,1537,1492,2,3,SMLtb,BtwSaki,30.747430661315608,128.56757578921386,92.07999737315282,12.0,307.43490795263597,514.6753036759083
1538,Shanghai NorthCh - Nagoya,SEA,PILOT_TO_PILOT,1,1538,1493,2,3,SMLtb,BtwSaki,30.747137387574725,128.5714360813857,92.07999737315282,12.0,307.6348781332368,514.4753334953075
1539,Shanghai NorthCh - Nagoya,SEA,PILOT_TO_PILOT,1,1539,1494,2,3,SMLtb,BtwSaki,30.746843999556532,128.57529635004465,92.07999737315282,12.0,307.83484831383765,514.2753633147065
1540,Shanghai NorthCh - Nagoya,SEA,PILOT_TO_PILOT,1,1540,1495,2,3,SMLtb,BtwSaki,30.74655049726305,128.57915659518198,92.07999737315282,12.0,308.03481849443847,514.0753931341058
1541,Shanghai NorthCh - Nagoya,SEA,PILOT_TO_PILOT,1,1541,1496,2,3,SMLtb,BtwSaki,30.74625688069632,128.58301681678896,92.07999737315282,12.0,308.23478867503934,513.8754229535049
1542,Shanghai NorthCh - Nagoya,SEA,PILOT_TO_PILOT,1,1542,1497,2,3,SMLtb,BtwSaki,30.745963149858348,128.58687701485678,92.07999737315282,12.0,308.4347588556402,513.675452772904
1543,Shanghai NorthCh - Nagoya,SEA,PILOT_TO_PILOT,1,1543,1498,2,3,SMLtb,BtwSaki,30.745669304751196,128.59073718937677,92.07999737315282,12.0,308.634729036241,513.4754825923033
1544,Shanghai NorthCh - Nagoya,SEA,PILOT_TO_PILOT,1,1544,1499,2,3,SMLtb,BtwSaki,30.745375345376875,128.59459734034016,92.07999737315282,12.0,308.8346992168419,513.2755124117023
1545,Shanghai NorthCh - Nagoya,SEA,PILOT_TO_PILOT,1,1545,1500,2,3,SMLtb,BtwSaki,30.74508127173742,128.59845746773826,92.07999737315282,12.0,309.0346693974427,513.0755422311015
1546,Shanghai NorthCh - Nagoya,SEA,PILOT_TO_PILOT,1,1546,1501,2,3,SMLtb,BtwSaki,30.744787083834854,128.60231757156222,92.07999737315282,12.0,309.2346395780436,512.8755720505006
1547,Shanghai NorthCh - Nagoya,SEA,PILOT_TO_PILOT,1,1547,1502,2,3,SMLtb,BtwSaki,30.744492781671227,128.6061776518034,92.07999737315282,12.0,309.4346097586444,512.6756018698998
1548,Shanghai NorthCh - Nagoya,SEA,PILOT_TO_PILOT,1,1548,1503,2,3,SMLtb,BtwSaki,30.744198365248565,128.61003770845304,92.07999737315282,12.0,309.63457993924527,512.475631689299
1549,Shanghai NorthCh - Nagoya,SEA,PILOT_TO_PILOT,1,1549,1504,2,3,SMLtb,BtwSaki,30.743903834568908,128.6138977415024,92.07999737315282,12.0,309.83455011984614,512.275661508698
1550,Shanghai NorthCh - Nagoya,SEA,PILOT_TO_PILOT,1,1550,1505,2,3,SMLtb,BtwSaki,30.743609189634288,128.6177577509427,92.07999737315282,12.0,310.03452030044696,512.0756913280973
1551,Shanghai NorthCh - Nagoya,SEA,PILOT_TO_PILOT,1,1551,1506,2,3,SMLtb,BtwSaki,30.74331443044673,128.62161773676527,92.07999737315282,12.0,310.2344904810478,511.8757211474964
1552,Shanghai NorthCh - Nagoya,SEA,PILOT_TO_PILOT,1,1552,1507,2,3,SMLtb,BtwSaki,30.743019557008296,128.62547769896133,92.07999737315282,12.0,310.43446066164864,511.6757509668956
1553,Shanghai NorthCh - Nagoya,SEA,PILOT_TO_PILOT,1,1553,1508,2,3,SMLtb,BtwSaki,30.742724569321002,128.6293376375222,92.07999737315282,12.0,310.6344308422495,511.4757807862947
1554,Shanghai NorthCh - Nagoya,SEA,PILOT_TO_PILOT,1,1554,1509,2,3,SMLtb,BtwSaki,30.742429467386888,128.63319755243907,92.07999737315282,12.0,310.83440102285033,511.2758106056939
1555,Shanghai NorthCh - Nagoya,SEA,PILOT_TO_PILOT,1,1555,1510,2,3,SMLtb,BtwSaki,30.742134251208007,128.63705744370327,92.07999737315282,12.0,311.0343712034512,511.075840425093
1556,Shanghai NorthCh - Nagoya,SEA,PILOT_TO_PILOT,1,1556,1511,2,3,SMLtb,BtwSaki,30.741838920786385,128.64091731130605,92.07999737315282,12.0,311.2343413840521,510.87587024449215
1557,Shanghai NorthCh - Nagoya,SEA,PILOT_TO_PILOT,1,1557,1512,2,3,SMLtb,BtwSaki,30.74154347612408,128.64477715523864,92.07999737315282,12.0,311.4343115646529,510.67590006389133
1558,Shanghai NorthCh - Nagoya,SEA,PILOT_TO_PILOT,1,1558,1513,2,3,SMLtb,BtwSaki,30.741247917223113,128.64863697549237,92.07999737315282,12.0,311.63428174525376,510.47592988329046
1559,Shanghai NorthCh - Nagoya,SEA,PILOT_TO_PILOT,1,1559,1514,2,3,SMLtb,BtwSaki,30.740952244085545,128.65249677205847,92.07999737315282,12.0,311.8342519258546,510.27595970268965
1560,Shanghai NorthCh - Nagoya,SEA,PILOT_TO_PILOT,1,1560,1515,2,3,SMLtb,BtwSaki,30.740656456713406,128.65635654492823,92.07999737315282,12.0,312.03422210645545,510.0759895220888
1561,Shanghai NorthCh - Nagoya,SEA,PILOT_TO_PILOT,1,1561,1516,2,3,SMLtb,BtwSaki,30.74036055510873,128.6602162940929,92.07999737315282,12.0,312.23419228705626,509.87601934148796
1562,Shanghai NorthCh - Nagoya,SEA,PILOT_TO_PILOT,1,1562,1517,2,3,SMLtb,BtwSaki,30.740064539273593,128.66407601954376,92.07999737315282,12.0,312.43416246765713,509.6760491608871
1563,Shanghai NorthCh - Nagoya,SEA,PILOT_TO_PILOT,1,1563,1518,2,3,SMLtb,BtwSaki,30.739768409210015,128.66793572127207,92.07999737315282,12.0,312.634132648258,509.4760789802862
1564,Shanghai NorthCh - Nagoya,SEA,PILOT_TO_PILOT,1,1564,1519,2,3,SMLtb,BtwSaki,30.73947216492005,128.67179539926917,92.07999737315282,12.0,312.8341028288588,509.2761087996854
1565,Shanghai NorthCh - Nagoya,SEA,PILOT_TO_PILOT,1,1565,1520,2,3,SMLtb,BtwSaki,30.739175806405743,128.6756550535262,92.07999737315282,12.0,313.0340730094597,509.07613861908453
1566,Shanghai NorthCh - Nagoya,SEA,PILOT_TO_PILOT,1,1566,1521,2,3,SMLtb,BtwSaki,30.738879333669146,128.6795146840346,92.07999737315282,12.0,313.2340431900605,508.8761684384837
1567,Shanghai NorthCh - Nagoya,SEA,PILOT_TO_PILOT,1,1567,1522,2,3,SMLtb,BtwSaki,30.738582746712297,128.6833742907855,92.07999737315282,12.0,313.4340133706614,508.67619825788285
1568,Shanghai NorthCh - Nagoya,SEA,PILOT_TO_PILOT,1,1568,1523,2,3,SMLtb,BtwSaki,30.73828604553726,128.68723387377028,92.07999737315282,12.0,313.63398355126225,508.476228077282
1569,Shanghai NorthCh - Nagoya,SEA,PILOT_TO_PILOT,1,1569,1524,2,3,SMLtb,BtwSaki,30.73798923014607,128.69109343298015,92.07999737315282,12.0,313.83395373186306,508.27625789668116
1570,Shanghai NorthCh - Nagoya,SEA,PILOT_TO_PILOT,1,1570,1525,2,3,SMLtb,BtwSaki,30.73769230054079,128.6949529684064,92.07999737315282,12.0,314.03392391246393,508.0762877160803
1571,Shanghai NorthCh - Nagoya,SEA,PILOT_TO_PILOT,1,1571,1526,2,3,SMLtb,BtwSaki,30.73739525672346,128.69881248004032,92.07999737315282,12.0,314.23389409306475,507.8763175354795
1572,Shanghai NorthCh - Nagoya,SEA,PILOT_TO_PILOT,1,1572,1527,2,3,SMLtb,BtwSaki,30.73709809869614,128.7026719678732,92.07999737315282,12.0,314.4338642736656,507.6763473548786
1573,Shanghai NorthCh - Nagoya,SEA,PILOT_TO_PILOT,1,1573,1528,2,3,SMLtb,BtwSaki,30.736800826460883,128.70653143189628,92.07999737315282,12.0,314.63383445426643,507.4763771742778
1574,Shanghai NorthCh - Nagoya,SEA,PILOT_TO_PILOT,1,1574,1529,2,3,SMLtb,BtwSaki,30.73650344001974,128.71039087210087,92.07999737315282,12.0,314.8338046348673,507.2764069936769
1575,Shanghai NorthCh - Nagoya,SEA,PILOT_TO_PILOT,1,1575,1530,2,3,SMLtb,BtwSaki,30.73620593937476,128.71425028847824,92.07999737315282,12.0,315.0337748154682,507.07643681307604
1576,Shanghai NorthCh - Nagoya,SEA,PILOT_TO_PILOT,1,1576,1531,2,3,SMLtb,BtwSaki,30.735908324527998,128.71810968101965,92.07999737315282,12.0,315.233744996069,506.8764666324752
1577,Shanghai NorthCh - Nagoya,SEA,PILOT_TO_PILOT,1,1577,1532,2,3,SMLtb,BtwSaki,30.73561059548153,128.72196904971642,92.07999737315282,12.0,315.43371517666986,506.67649645187436
1578,Shanghai NorthCh - Nagoya,SEA,PILOT_TO_PILOT,1,1578,1533,2,3,SMLtb,BtwSaki,30.735312752237387,128.7258283945598,92.07999737315282,12.0,315.6336853572707,506.47652627127354
1579,Shanghai NorthCh - Nagoya,SEA,PILOT_TO_PILOT,1,1579,1534,2,3,SMLtb,BtwSaki,30.73501479479764,128.72968771554113,92.07999737315282,12.0,315.83365553787155,506.27655609067267
1580,Shanghai NorthCh - Nagoya,SEA,PILOT_TO_PILOT,1,1580,1535,2,3,SMLtb,BtwSaki,30.734716723164347,128.73354701265163,92.07999737315282,12.0,316.03362571847236,506.07658591007186
1581,Shanghai NorthCh - Nagoya,SEA,PILOT_TO_PILOT,1,1581,1536,2,3,SMLtb,BtwSaki,30.73441853733956,128.73740628588257,92.07999737315282,12.0,316.23359589907324,505.876615729471
1582,Shanghai NorthCh - Nagoya,SEA,PILOT_TO_PILOT,1,1582,1537,2,3,SMLtb,BtwSaki,30.734120237325346,128.7412655352253,92.07999737315282,12.0,316.4335660796741,505.6766455488701
1583,Shanghai NorthCh - Nagoya,SEA,PILOT_TO_PILOT,1,1583,1538,2,3,SMLtb,BtwSaki,30.73382182312376,128.74512476067108,92.07999737315282,12.0,316.6335362602749,505.4766753682693
1584,Shanghai NorthCh - Nagoya,SEA,PILOT_TO_PILOT,1,1584,1539,2,3,SMLtb,BtwSaki,30.73352329473686,128.74898396221116,92.07999737315282,12.0,316.8335064408758,505.2767051876684
1585,Shanghai NorthCh - Nagoya,SEA,PILOT_TO_PILOT,1,1585,1540,2,3,SMLtb,BtwSaki,30.733224652166715,128.75284313983684,92.07999737315282,12.0,317.0334766214766,505.0767350070676
1586,Shanghai NorthCh - Nagoya,SEA,PILOT_TO_PILOT,1,1586,1541,2,3,SMLtb,BtwSaki,30.732925895415388,128.75670229353946,92.07999737315282,12.0,317.2334468020775,504.87676482646674
1587,Shanghai NorthCh - Nagoya,SEA,PILOT_TO_PILOT,1,1587,1542,2,3,SMLtb,BtwSaki,30.73262702448493,128.76056142331026,92.07999737315282,12.0,317.4334169826783,504.6767946458659
1588,Shanghai NorthCh - Nagoya,SEA,PILOT_TO_PILOT,1,1588,1543,2,3,SMLtb,BtwSaki,30.73232803937743,128.76442052914055,92.07999737315282,12.0,317.63338716327917,504.47682446526505
1589,Shanghai NorthCh - Nagoya,SEA,PILOT_TO_PILOT,1,1589,1544,2,3,SMLtb,BtwSaki,30.73202894009493,128.76827961102157,92.07999737315282,12.0,317.83335734388004,504.2768542846642
1590,Shanghai NorthCh - Nagoya,SEA,PILOT_TO_PILOT,1,1590,1545,2,3,SMLtb,BtwSaki,30.731729726639497,128.77213866894468,92.07999737315282,12.0,318.03332752448085,504.07688410406337
1591,Shanghai NorthCh - Nagoya,SEA,PILOT_TO_PILOT,1,1591,1546,2,3,SMLtb,BtwSaki,30.731430399013213,128.77599770290115,92.07999737315282,12.0,318.2332977050817,503.8769139234625
1592,Shanghai NorthCh - Nagoya,SEA,PILOT_TO_PILOT,1,1592,1547,2,3,SMLtb,BtwSaki,30.731130957218127,128.7798567128822,92.07999737315282,12.0,318.43326788568254,503.6769437428617
1593,Shanghai NorthCh - Nagoya,SEA,PILOT_TO_PILOT,1,1593,1548,2,3,SMLtb,BtwSaki,30.73083140125631,128.78371569887923,92.07999737315282,12.0,318.6332380662834,503.4769735622608
1594,Shanghai NorthCh - Nagoya,SEA,PILOT_TO_PILOT,1,1594,1549,2,3,SMLtb,BtwSaki,30.73053173112985,128.78757466088348,92.07999737315282,12.0,318.8332082468842,503.27700338166
1595,Shanghai NorthCh - Nagoya,SEA,PILOT_TO_PILOT,1,1595,1550,2,3,SMLtb,BtwSaki,30.730231946840792,128.79143359888621,92.07999737315282,12.0,319.0331784274851,503.0770332010591
1596,Shanghai NorthCh - Nagoya,SEA,PILOT_TO_PILOT,1,1596,1551,2,3,SMLtb,BtwSaki,30.72993204839122,128.79529251287877,92.07999737315282,12.0,319.23314860808597,502.87706302045825
1597,Shanghai NorthCh - Nagoya,SEA,PILOT_TO_PILOT,1,1597,1552,2,3,SMLtb,BtwSaki,30.729632035783197,128.79915140285243,92.07999737315282,12.0,319.4331187886868,502.67709283985744
1598,Shanghai NorthCh - Nagoya,SEA,PILOT_TO_PILOT,1,1598,1553,2,3,SMLtb,BtwSaki,30.729331909018804,128.8030102687985,92.07999737315282,12.0,319.63308896928766,502.47712265925657
1599,Shanghai NorthCh - Nagoya,SEA,PILOT_TO_PILOT,1,1599,1554,2,3,SMLtb,BtwSaki,30.72903166810011,128.80686911070822,92.07999737315282,12.0,319.83305914988847,502.27715247865575
1600,Shanghai NorthCh - Nagoya,SEA,PILOT_TO_PILOT,1,1600,1555,2,3,SMLtb,BtwSaki,30.728731313029172,128.81072792857296,92.07999737315282,12.0,320.03302933048934,502.0771822980549
1601,Shanghai NorthCh - Nagoya,SEA,PILOT_TO_PILOT,1,1601,1556,2,3,SMLtb,BtwSaki,30.728430843808088,128.814586722384,92.07999737315282,12.0,320.2329995110902,501.877212117454
1602,Shanghai NorthCh - Nagoya,SEA,PILOT_TO_PILOT,1,1602,1557,2,3,SMLtb,BtwSaki,30.728130260438913,128.8184454921326,92.07999737315282,12.0,320.432969691691,501.6772419368532
1603,Shanghai NorthCh - Nagoya,SEA,PILOT_TO_PILOT,1,1603,1558,2,3,SMLtb,BtwSaki,30.72782956292374,128.8223042378101,92.07999737315282,12.0,320.6329398722919,501.4772717562523
1604,Shanghai NorthCh - Nagoya,SEA,PILOT_TO_PILOT,1,1604,1559,2,3,SMLtb,BtwSaki,30.727528751264636,128.82616295940778,92.07999737315282,12.0,320.8329100528927,501.2773015756515
1605,Shanghai NorthCh - Nagoya,SEA,PILOT_TO_PILOT,1,1605,1560,2,3,SMLtb,BtwSaki,30.727227825463668,128.8300216569169,92.07999737315282,12.0,321.0328802334936,501.07733139505063
1606,Shanghai NorthCh - Nagoya,SEA,PILOT_TO_PILOT,1,1606,1561,2,3,SMLtb,BtwSaki,30.726926785522934,128.83388033032884,92.07999737315282,12.0,321.2328504140944,500.8773612144498
1607,Shanghai NorthCh - Nagoya,SEA,PILOT_TO_PILOT,1,1607,1562,2,3,SMLtb,BtwSaki,30.726625631444495,128.83773897963485,92.07999737315282,12.0,321.4328205946953,500.67739103384895
1608,Shanghai NorthCh - Nagoya,SEA,PILOT_TO_PILOT,1,1608,1563,2,3,SMLtb,BtwSaki,30.726324363230443,128.84159760482623,92.07999737315282,12.0,321.63279077529614,500.4774208532481
1609,Shanghai NorthCh - Nagoya,SEA,PILOT_TO_PILOT,1,1609,1564,2,3,SMLtb,BtwSaki,30.726022980882846,128.84545620589432,92.07999737315282,12.0,321.83276095589696,500.27745067264726
1610,Shanghai NorthCh - Nagoya,SEA,PILOT_TO_PILOT,1,1610,1565,2,3,SMLtb,BtwSaki,30.725721484403795,128.8493147828304,92.07999737315282,12.0,322.03273113649783,500.0774804920464
1611,Shanghai NorthCh - Nagoya,SEA,PILOT_TO_PILOT,1,1611,1566,2,3,SMLtb,BtwSaki,30.725419873795364,128.85317333562574,92.07999737315282,12.0,322.23270131709864,499.8775103114456
1612,Shanghai NorthCh - Nagoya,SEA,PILOT_TO_PILOT,1,1612,1567,2,3,SMLtb,BtwSaki,30.725118149059647,128.85703186427168,92.07999737315282,12.0,322.4326714976995,499.6775401308447
1613,Shanghai NorthCh - Nagoya,SEA,PILOT_TO_PILOT,1,1613,1568,2,3,SMLtb,BtwSaki,30.724816310198698,128.86089036875956,92.07999737315282,12.0,322.63264167830033,499.4775699502439
1614,Shanghai NorthCh - Nagoya,SEA,PILOT_TO_PILOT,1,1614,1569,2,3,SMLtb,BtwSaki,30.724514357214638,128.8647488490806,92.07999737315282,12.0,322.8326118589012,499.277599769643
1615,Shanghai NorthCh - Nagoya,SEA,PILOT_TO_PILOT,1,1615,1570,2,3,SMLtb,BtwSaki,30.724212290109524,128.86860730522616,92.07999737315282,12.0,323.0325820395021,499.07762958904215
1616,Shanghai NorthCh - Nagoya,SEA,PILOT_TO_PILOT,1,1616,1571,2,3,SMLtb,BtwSaki,30.723910108885455,128.87246573718755,92.07999737315282,12.0,323.2325522201029,498.87765940844133
1617,Shanghai NorthCh - Nagoya,SEA,PILOT_TO_PILOT,1,1617,1572,2,3,SMLtb,BtwSaki,30.72360781354451,128.87632414495604,92.07999737315282,12.0,323.43252240070376,498.67768922784046
1618,Shanghai NorthCh - Nagoya,SEA,PILOT_TO_PILOT,1,1618,1573,2,3,SMLtb,BtwSaki,30.72330540408878,128.880182528523,92.07999737315282,12.0,323.6324925813046,498.47771904723965
1619,Shanghai NorthCh - Nagoya,SEA,PILOT_TO_PILOT,1,1619,1574,2,3,SMLtb,BtwSaki,30.723002880520347,128.88404088787968,92.07999737315282,12.0,323.83246276190545,498.2777488666388
1620,Shanghai NorthCh - Nagoya,SEA,PILOT_TO_PILOT,1,1620,1575,2,3,SMLtb,BtwSaki,30.722700242841302,128.8878992230174,92.07999737315282,12.0,324.03243294250626,498.07777868603796
1621,Shanghai NorthCh - Nagoya,SEA,PILOT_TO_PILOT,1,1621,1576,2,3,SMLtb,BtwSaki,30.722397491053734,128.89175753392746,92.07999737315282,12.0,324.23240312310713,497.8778085054371
1622,Shanghai NorthCh - Nagoya,SEA,PILOT_TO_PILOT,1,1622,1577,2,3,SMLtb,BtwSaki,30.722094625159734,128.89561582060125,92.07999737315282,12.0,324.432373303708,497.6778383248362
1623,Shanghai NorthCh - Nagoya,SEA,PILOT_TO_PILOT,1,1623,1578,2,3,SMLtb,BtwSaki,30.721791645161396,128.89947408303,92.07999737315282,12.0,324.6323434843088,497.4778681442354
1624,Shanghai NorthCh - Nagoya,SEA,PILOT_TO_PILOT,1,1624,1579,2,3,SMLtb,BtwSaki,30.721488551060794,128.90333232120503,92.07999737315282,12.0,324.8323136649097,497.27789796363453
1625,Shanghai NorthCh - Nagoya,SEA,PILOT_TO_PILOT,1,1625,1580,2,3,SMLtb,BtwSaki,30.721185342860036,128.9071905351177,92.07999737315282,12.0,325.0322838455105,497.0779277830337
1626,Shanghai NorthCh - Nagoya,SEA,PILOT_TO_PILOT,1,1626,1581,2,3,SMLtb,BtwSaki,30.72088202056121,128.91104872475924,92.07999737315282,12.0,325.2322540261114,496.87795760243284
1627,Shanghai NorthCh - Nagoya,SEA,PILOT_TO_PILOT,1,1627,1582,2,3,SMLtb,BtwSaki,30.720578584166407,128.91490689012105,92.07999737315282,12.0,325.43222420671225,496.677987421832
1628,Shanghai NorthCh - Nagoya,SEA,PILOT_TO_PILOT,1,1628,1583,2,3,SMLtb,BtwSaki,30.720275033677733,128.91876503119443,92.07999737315282,12.0,325.63219438731306,496.47801724123116
1629,Shanghai NorthCh - Nagoya,SEA,PILOT_TO_PILOT,1,1629,1584,2,3,SMLtb,BtwSaki,30.719971369097262,128.92262314797063,92.07999737315282,12.0,325.83216456791394,496.2780470606303
1630,Shanghai NorthCh - Nagoya,SEA,PILOT_TO_PILOT,1,1630,1585,2,3,SMLtb,BtwSaki,30.719667590427107,128.92648124044103,92.07999737315282,12.0,326.03213474851475,496.07807688002947
1631,Shanghai NorthCh - Nagoya,SEA,PILOT_TO_PILOT,1,1631,1586,2,3,SMLtb,BtwSaki,30.719363697669348,128.93033930859693,92.07999737315282,12.0,326.2321049291156,495.8781066994286
1632,Shanghai NorthCh - Nagoya,SEA,PILOT_TO_PILOT,1,1632,1587,2,3,SMLtb,BtwSaki,30.719059690826107,128.93419735242963,92.07999737315282,12.0,326.43207510971644,495.6781365188278
1633,Shanghai NorthCh - Nagoya,SEA,PILOT_TO_PILOT,1,1633,1588,2,3,SMLtb,BtwSaki,30.718755569899457,128.9380553719305,92.07999737315282,12.0,326.6320452903173,495.4781663382269
1634,Shanghai NorthCh - Nagoya,SEA,PILOT_TO_PILOT,1,1634,1589,2,3,SMLtb,BtwSaki,30.718451334891515,128.9419133670908,92.07999737315282,12.0,326.8320154709182,495.27819615762604
1635,Shanghai NorthCh - Nagoya,SEA,PILOT_TO_PILOT,1,1635,1590,2,3,SMLtb,BtwSaki,30.718146985804363,128.94577133790185,92.07999737315282,12.0,327.031985651519,495.0782259770252
1636,Shanghai NorthCh - Nagoya,SEA,PILOT_TO_PILOT,1,1636,1591,2,3,SMLtb,BtwSaki,30.7178425226401,128.949629284355,92.07999737315282,12.0,327.23195583211987,494.87825579642436
1637,Shanghai NorthCh - Nagoya,SEA,PILOT_TO_PILOT,1,1637,1592,2,3,SMLtb,BtwSaki,30.717537945400856,128.95348720644157,92.07999737315282,12.0,327.4319260127207,494.67828561582354
1638,Shanghai NorthCh - Nagoya,SEA,PILOT_TO_PILOT,1,1638,1593,2,3,SMLtb,BtwSaki,30.71723325408871,128.9573451041529,92.07999737315282,12.0,327.63189619332155,494.47831543522267
1639,Shanghai NorthCh - Nagoya,SEA,PILOT_TO_PILOT,1,1639,1594,2,3,SMLtb,BtwSaki,30.716928448705758,128.96120297748024,92.07999737315282,12.0,327.83186637392237,494.27834525462185
1640,Shanghai NorthCh - Nagoya,SEA,PILOT_TO_PILOT,1,1640,1595,2,3,SMLtb,BtwSaki,30.716623529254118,128.96506082641494,92.07999737315282,12.0,328.03183655452324,494.078375074021
1641,Shanghai NorthCh - Nagoya,SEA,PILOT_TO_PILOT,1,1641,1596,2,3,SMLtb,BtwSaki,30.716318495735884,128.96891865094838,92.07999737315282,12.0,328.2318067351241,493.8784048934201
1642,Shanghai NorthCh - Nagoya,SEA,PILOT_TO_PILOT,1,1642,1597,2,3,SMLtb,BtwSaki,30.71601334815317,128.97277645107187,92.07999737315282,12.0,328.4317769157249,493.6784347128193
1643,Shanghai NorthCh - Nagoya,SEA,PILOT_TO_PILOT,1,1643,1598,2,3,SMLtb,BtwSaki,30.715708086508066,128.97663422677667,92.07999737315282,12.0,328.6317470963258,493.4784645322184
1644,Shanghai NorthCh - Nagoya,SEA,PILOT_TO_PILOT,1,1644,1599,2,3,SMLtb,BtwSaki,30.715402710802692,128.98049197805412,92.07999737315282,12.0,328.8317172769266,493.2784943516176
1645,Shanghai NorthCh - Nagoya,SEA,PILOT_TO_PILOT,1,1645,1600,2,3,SMLtb,BtwSaki,30.715097221039155,128.9843497048956,92.07999737315282,12.0,329.0316874575275,493.07852417101674
1646,Shanghai NorthCh - Nagoya,SEA,PILOT_TO_PILOT,1,1646,1601,2,3,SMLtb,BtwSaki,30.714791617219554,128.9882074072924,92.07999737315282,12.0,329.2316576381283,492.8785539904159
1647,Shanghai NorthCh - Nagoya,SEA,PILOT_TO_PILOT,1,1647,1602,2,3,SMLtb,BtwSaki,30.714485899346,128.99206508523588,92.07999737315282,12.0,329.43162781872917,492.67858380981505
1648,Shanghai NorthCh - Nagoya,SEA,PILOT_TO_PILOT,1,1648,1603,2,3,SMLtb,BtwSaki,30.714180067420603,128.99592273871733,92.07999737315282,12.0,329.63159799933004,492.4786136292142
1649,Shanghai NorthCh - Nagoya,SEA,PILOT_TO_PILOT,1,1649,1604,2,3,SMLtb,BtwSaki,30.71387412144547,128.99978036772805,92.07999737315282,12.0,329.83156817993085,492.27864344861337
1650,Shanghai NorthCh - Nagoya,SEA,PILOT_TO_PILOT,1,1650,1605,2,3,SMLtb,BtwSaki,30.713568061422716,129.00363797225947,92.07999737315282,12.0,330.0315383605317,492.0786732680125
1651,Shanghai NorthCh - Nagoya,SEA,PILOT_TO_PILOT,1,1651,1606,2,3,SMLtb,BtwSaki,30.71326188735445,129.00749555230283,92.07999737315282,12.0,330.23150854113254,491.8787030874117
1652,Shanghai NorthCh - Nagoya,SEA,PILOT_TO_PILOT,1,1652,1607,2,3,SMLtb,BtwSaki,30.71295559924279,129.0113531078495,92.07999737315282,12.0,330.4314787217334,491.6787329068108
1653,Shanghai NorthCh - Nagoya,SEA,PILOT_TO_PILOT,1,1653,1608,2,3,SMLtb,BtwSaki,30.712649197089835,129.01521063889078,92.07999737315282,12.0,330.6314489023342,491.47876272621
1654,Shanghai NorthCh - Nagoya,SEA,PILOT_TO_PILOT,1,1654,1609,2,3,SMLtb,BtwSaki,30.71234268089771,129.01906814541803,92.07999737315282,12.0,330.8314190829351,491.2787925456091
1655,Shanghai NorthCh - Nagoya,SEA,PILOT_TO_PILOT,1,1655,1610,2,3,SMLtb,BtwSaki,30.712036050668527,129.02292562742258,92.07999737315282,12.0,331.03138926353597,491.07882236500825
1656,Shanghai NorthCh - Nagoya,SEA,PILOT_TO_PILOT,1,1656,1611,2,3,SMLtb,BtwSaki,30.7117293064044,129.02678308489575,92.07999737315282,12.0,331.2313594441368,490.87885218440744
1657,Shanghai NorthCh - Nagoya,SEA,PILOT_TO_PILOT,1,1657,1612,2,3,SMLtb,BtwSaki,30.71142244810744,129.0306405178289,92.07999737315282,12.0,331.43132962473766,490.67888200380656
1658,Shanghai NorthCh - Nagoya,SEA,PILOT_TO_PILOT,1,1658,1613,2,3,SMLtb,BtwSaki,30.711115475779778,129.03449792621336,92.07999737315282,12.0,331.6312998053385,490.47891182320575
1659,Shanghai NorthCh - Nagoya,SEA,PILOT_TO_PILOT,1,1659,1614,2,3,SMLtb,BtwSaki,30.71080838942351,129.03835531004043,92.07999737315282,12.0,331.83126998593934,490.2789416426049
1660,Shanghai NorthCh - Nagoya,SEA,PILOT_TO_PILOT,1,1660,1615,2,3,SMLtb,BtwSaki,30.710501189040766,129.04221266930145,92.07999737315282,12.0,332.0312401665402,490.078971462004
1661,Shanghai NorthCh - Nagoya,SEA,PILOT_TO_PILOT,1,1661,1616,2,3,SMLtb,BtwSaki,30.710193874633667,129.0460700039878,92.07999737315282,12.0,332.23121034714103,489.8790012814032
1662,Shanghai NorthCh - Nagoya,SEA,PILOT_TO_PILOT,1,1662,1617,2,3,SMLtb,BtwSaki,30.70988644620433,129.0499273140908,92.07999737315282,12.0,332.4311805277419,489.6790311008023
1663,Shanghai NorthCh - Nagoya,SEA,PILOT_TO_PILOT,1,1663,1618,2,3,SMLtb,BtwSaki,30.70957890375487,129.05378459960178,92.07999737315282,12.0,332.6311507083427,489.4790609202015
1664,Shanghai NorthCh - Nagoya,SEA,PILOT_TO_PILOT,1,1664,1619,2,3,SMLtb,BtwSaki,30.70927124728742,129.05764186051206,92.07999737315282,12.0,332.8311208889436,489.27909073960063
1665,Shanghai NorthCh - Nagoya,SEA,PILOT_TO_PILOT,1,1665,1620,2,3,SMLtb,BtwSaki,30.708963476804083,129.061499096813,92.07999737315282,12.0,333.0310910695444,489.0791205589998
1666,Shanghai NorthCh - Nagoya,SEA,PILOT_TO_PILOT,1,1666,1621,2,3,SMLtb,BtwSaki,30.708655592307007,129.06535630849595,92.07999737315282,12.0,333.2310612501453,488.87915037839895
1667,Shanghai NorthCh - Nagoya,SEA,PILOT_TO_PILOT,1,1667,1622,2,3,SMLtb,BtwSaki,30.708347593798287,129.06921349555225,92.07999737315282,12.0,333.43103143074615,488.6791801977981
1668,Shanghai NorthCh - Nagoya,SEA,PILOT_TO_PILOT,1,1668,1623,2,3,SMLtb,BtwSaki,30.708039481280064,129.0730706579732,92.07999737315282,12.0,333.63100161134696,488.47921001719726
1669,Shanghai NorthCh - Nagoya,SEA,PILOT_TO_PILOT,1,1669,1624,2,3,SMLtb,BtwSaki,30.707731254754457,129.0769277957502,92.07999737315282,12.0,333.83097179194783,488.2792398365964
1670,Shanghai NorthCh - Nagoya,SEA,PILOT_TO_PILOT,1,1670,1625,2,3,SMLtb,BtwSaki,30.707422914223596,129.08078490887456,92.07999737315282,12.0,334.03094197254865,488.0792696559956
1671,Shanghai NorthCh - Nagoya,SEA,PILOT_TO_PILOT,1,1671,1626,2,3,SMLtb,BtwSaki,30.707114459689606,129.08464199733766,92.07999737315282,12.0,334.2309121531495,487.8792994753947
1672,Shanghai NorthCh - Nagoya,SEA,PILOT_TO_PILOT,1,1672,1627,2,3,SMLtb,BtwSaki,30.706805891154616,129.08849906113076,92.07999737315282,12.0,334.43088233375033,487.6793292947939
1673,Shanghai NorthCh - Nagoya,SEA,PILOT_TO_PILOT,1,1673,1628,2,3,SMLtb,BtwSaki,30.70649720862074,129.09235610024527,92.07999737315282,12.0,334.6308525143512,487.479359114193
1674,Shanghai NorthCh - Nagoya,SEA,PILOT_TO_PILOT,1,1674,1629,2,3,SMLtb,BtwSaki,30.70618841209013,129.09621311467254,92.07999737315282,12.0,334.8308226949521,487.27938893359214
1675,Shanghai NorthCh - Nagoya,SEA,PILOT_TO_PILOT,1,1675,1630,2,3,SMLtb,BtwSaki,30.705879501564887,129.10007010440384,92.07999737315282,12.0,335.0307928755529,487.07941875299133
1676,Shanghai NorthCh - Nagoya,SEA,PILOT_TO_PILOT,1,1676,1631,2,3,SMLtb,BtwSaki,30.705570477047168,129.10392706943063,92.07999737315282,12.0,335.23076305615376,486.87944857239046
1677,Shanghai NorthCh - Nagoya,SEA,PILOT_TO_PILOT,1,1677,1632,2,3,SMLtb,BtwSaki,30.705261338539085,129.1077840097442,92.07999737315282,12.0,335.4307332367546,486.67947839178964
1678,Shanghai NorthCh - Nagoya,SEA,PILOT_TO_PILOT,1,1678,1633,2,3,SMLtb,BtwSaki,30.70495208604277,129.1116409253359,92.07999737315282,12.0,335.63070341735545,486.4795082111888
1679,Shanghai NorthCh - Nagoya,SEA,PILOT_TO_PILOT,1,1679,1634,2,3,SMLtb,BtwSaki,30.704642719560358,129.11549781619706,92.07999737315282,12.0,335.83067359795626,486.27953803058796
1680,Shanghai NorthCh - Nagoya,SEA,PILOT_TO_PILOT,1,1680,1635,2,3,SMLtb,BtwSaki,30.704333239094,129.11935468231908,92.07999737315282,12.0,336.03064377855713,486.0795678499871
1681,Shanghai NorthCh - Nagoya,SEA,PILOT_TO_PILOT,1,1681,1636,2,3,SMLtb,BtwSaki,30.70402364464581,129.12321152369324,92.07999737315282,12.0,336.230613959158,485.8795976693862
1682,Shanghai NorthCh - Nagoya,SEA,PILOT_TO_PILOT,1,1682,1637,2,3,SMLtb,BtwSaki,30.703713936217916,129.12706834031096,92.07999737315282,12.0,336.4305841397588,485.6796274887854
1683,Shanghai NorthCh - Nagoya,SEA,PILOT_TO_PILOT,1,1683,1638,2,3,SMLtb,BtwSaki,30.70340411381247,129.13092513216355,92.07999737315282,12.0,336.6305543203597,485.4796573081845
1684,Shanghai NorthCh - Nagoya,SEA,PILOT_TO_PILOT,1,1684,1639,2,3,SMLtb,BtwSaki,30.703094177431606,129.13478189924237,92.07999737315282,12.0,336.8305245009605,485.2796871275837
1685,Shanghai NorthCh - Nagoya,SEA,PILOT_TO_PILOT,1,1685,1640,2,3,SMLtb,BtwSaki,30.702784127077454,129.13863864153876,92.07999737315282,12.0,337.0304946815614,485.07971694698284
1686,Shanghai NorthCh - Nagoya,SEA,PILOT_TO_PILOT,1,1686,1641,2,3,SMLtb,BtwSaki,30.70247396275215,129.14249535904412,92.07999737315282,12.0,337.2304648621622,484.879746766382
1687,Shanghai NorthCh - Nagoya,SEA,PILOT_TO_PILOT,1,1687,1642,2,3,SMLtb,BtwSaki,30.702163684457837,129.14635205174974,92.07999737315282,12.0,337.43043504276307,484.67977658578116
1688,Shanghai NorthCh - Nagoya,SEA,PILOT_TO_PILOT,1,1688,1643,2,3,SMLtb,BtwSaki,30.701853292196645,129.15020871964705,92.07999737315282,12.0,337.63040522336394,484.4798064051803
1689,Shanghai NorthCh - Nagoya,SEA,PILOT_TO_PILOT,1,1689,1644,2,3,SMLtb,BtwSaki,30.70154278597073,129.15406536272732,92.07999737315282,12.0,337.83037540396475,484.27983622457947
1690,Shanghai NorthCh - Nagoya,SEA,PILOT_TO_PILOT,1,1690,1645,2,3,SMLtb,BtwSaki,30.70123216578222,129.15792198098197,92.07999737315282,12.0,338.0303455845656,484.0798660439786
1691,Shanghai NorthCh - Nagoya,SEA,PILOT_TO_PILOT,1,1691,1646,2,3,SMLtb,BtwSaki,30.700921431633255,129.16177857440235,92.07999737315282,12.0,338.23031576516644,483.8798958633778
1692,Shanghai NorthCh - Nagoya,SEA,PILOT_TO_PILOT,1,1692,1647,2,3,SMLtb,BtwSaki,30.700610583525986,129.16563514297977,92.07999737315282,12.0,338.4302859457673,483.6799256827769
1693,Shanghai NorthCh - Nagoya,SEA,PILOT_TO_PILOT,1,1693,1648,2,3,SMLtb,BtwSaki,30.700299621462552,129.16949168670564,92.07999737315282,12.0,338.6302561263682,483.47995550217604
1694,Shanghai NorthCh - Nagoya,SEA,PILOT_TO_PILOT,1,1694,1649,2,3,SMLtb,BtwSaki,30.69998854544509,129.1733482055713,92.07999737315282,12.0,338.830226306969,483.2799853215752
1695,Shanghai NorthCh - Nagoya,SEA,PILOT_TO_PILOT,1,1695,1650,2,3,SMLtb,BtwSaki,30.69967735547575,129.1772046995681,92.07999737315282,12.0,339.03019648756987,483.08001514097435
1696,Shanghai NorthCh - Nagoya,SEA,PILOT_TO_PILOT,1,1696,1651,2,3,SMLtb,BtwSaki,30.699366051556687,129.18106116868745,92.07999737315282,12.0,339.2301666681707,482.88004496037354
1697,Shanghai NorthCh - Nagoya,SEA,PILOT_TO_PILOT,1,1697,1652,2,3,SMLtb,BtwSaki,30.69905463369001,129.18491761292063,92.07999737315282,12.0,339.43013684877155,482.68007477977267
1698,Shanghai NorthCh - Nagoya,SEA,PILOT_TO_PILOT,1,1698,1653,2,3,SMLtb,BtwSaki,30.69874310187791,129.18877403225906,92.07999737315282,12.0,339.63010702937237,482.48010459917185
1699,Shanghai NorthCh - Nagoya,SEA,PILOT_TO_PILOT,1,1699,1654,2,3,SMLtb,BtwSaki,30.69843145612251,129.19263042669408,92.07999737315282,12.0,339.83007720997324,482.280134418571
1700,Shanghai NorthCh - Nagoya,SEA,PILOT_TO_PILOT,1,1700,1655,2,3,SMLtb,BtwSaki,30.698119696425962,129.19648679621704,92.07999737315282,12.0,340.0300473905741,482.0801642379701
1701,Shanghai NorthCh - Nagoya,SEA,PILOT_TO_PILOT,1,1701,1656,2,3,SMLtb,BtwSaki,30.697807822790416,129.20034314081934,92.07999737315282,12.0,340.2300175711749,481.8801940573693
1702,Shanghai NorthCh - Nagoya,SEA,PILOT_TO_PILOT,1,1702,1657,2,3,SMLtb,BtwSaki,30.69749583521802,129.20419946049233,92.07999737315282,12.0,340.4299877517758,481.6802238767684
1703,Shanghai NorthCh - Nagoya,SEA,PILOT_TO_PILOT,1,1703,1658,2,3,SMLtb,BtwSaki,30.69718373371091,129.20805575522735,92.07999737315282,12.0,340.6299579323766,481.4802536961676
1704,Shanghai NorthCh - Nagoya,SEA,PILOT_TO_PILOT,1,1704,1659,2,3,SMLtb,BtwSaki,30.696871518271262,129.21191202501578,92.07999737315282,12.0,340.8299281129775,481.28028351556674
1705,Shanghai NorthCh - Nagoya,SEA,PILOT_TO_PILOT,1,1705,1660,2,3,SMLtb,BtwSaki,30.696559188901215,129.215768269849,92.07999737315282,12.0,341.0298982935783,481.0803133349659
1706,Shanghai NorthCh - Nagoya,SEA,PILOT_TO_PILOT,1,1706,1661,2,3,SMLtb,BtwSaki,30.696246745602927,129.2196244897184,92.07999737315282,12.0,341.22986847417917,480.88034315436505
1707,Shanghai NorthCh - Nagoya,SEA,PILOT_TO_PILOT,1,1707,1662,2,3,SMLtb,BtwSaki,30.695934188378537,129.22348068461528,92.07999737315282,12.0,341.42983865478004,480.6803729737642
1708,Shanghai NorthCh - Nagoya,SEA,PILOT_TO_PILOT,1,1708,1663,2,3,SMLtb,BtwSaki,30.69562151723022,129.22733685453107,92.07999737315282,12.0,341.62980883538086,480.48040279316336
1709,Shanghai NorthCh - Nagoya,SEA,PILOT_TO_PILOT,1,1709,1664,2,3,SMLtb,BtwSaki,30.695308732160107,129.2311929994571,92.07999737315282,12.0,341.8297790159817,480.2804326125625
1710,Shanghai NorthCh - Nagoya,SEA,PILOT_TO_PILOT,1,1710,1665,2,3,SMLtb,BtwSaki,30.694995833170367,129.23504911938477,92.07999737315282,12.0,342.02974919658254,480.0804624319617
1711,Shanghai NorthCh - Nagoya,SEA,PILOT_TO_PILOT,1,1711,1666,2,3,SMLtb,BtwSaki,30.69468282026315,129.23890521430542,92.07999737315282,12.0,342.2297193771834,479.8804922513608
1712,Shanghai NorthCh - Nagoya,SEA,PILOT_TO_PILOT,1,1712,1667,2,3,SMLtb,BtwSaki,30.694369693440624,129.24276128421042,92.07999737315282,12.0,342.42968955778423,479.68052207076
1713,Shanghai NorthCh - Nagoya,SEA,PILOT_TO_PILOT,1,1713,1668,2,3,SMLtb,BtwSaki,30.69405645270493,129.24661732909118,92.07999737315282,12.0,342.6296597383851,479.4805518901591
1714,Shanghai NorthCh - Nagoya,SEA,PILOT_TO_PILOT,1,1714,1669,2,3,SMLtb,BtwSaki,30.693743098058242,129.250473348939,92.07999737315282,12.0,342.829629918986,479.28058170955825
1715,Shanghai NorthCh - Nagoya,SEA,PILOT_TO_PILOT,1,1715,1670,2,3,SMLtb,BtwSaki,30.693429629502706,129.25432934374538,92.07999737315282,12.0,343.0296000995868,479.08061152895743
1716,Shanghai NorthCh - Nagoya,SEA,PILOT_TO_PILOT,1,1716,1671,2,3,SMLtb,BtwSaki,30.69311604704049,129.25818531350157,92.07999737315282,12.0,343.22957028018766,478.88064134835656
1717,Shanghai NorthCh - Nagoya,SEA,PILOT_TO_PILOT,1,1717,1672,2,3,SMLtb,BtwSaki,30.69280235067375,129.26204125819902,92.07999737315282,12.0,343.4295404607885,478.68067116775575
1718,Shanghai NorthCh - Nagoya,SEA,PILOT_TO_PILOT,1,1718,1673,2,3,SMLtb,BtwSaki,30.692488540404653,129.26589717782903,92.07999737315282,12.0,343.62951064138934,478.4807009871549
1719,Shanghai NorthCh - Nagoya,SEA,PILOT_TO_PILOT,1,1719,1674,2,3,SMLtb,BtwSaki,30.692174616235352,129.26975307238305,92.07999737315282,12.0,343.8294808219902,478.280730806554
1720,Shanghai NorthCh - Nagoya,SEA,PILOT_TO_PILOT,1,1720,1675,2,3,SMLtb,BtwSaki,30.69186057816802,129.27360894185242,92.07999737315282,12.0,344.02945100259103,478.0807606259532
1721,Shanghai NorthCh - Nagoya,SEA,PILOT_TO_PILOT,1,1721,1676,2,3,SMLtb,BtwSaki,30.691546426204802,129.27746478622853,92.07999737315282,12.0,344.2294211831919,477.8807904453523
1722,Shanghai NorthCh - Nagoya,SEA,PILOT_TO_PILOT,1,1722,1677,2,3,SMLtb,BtwSaki,30.691232160347884,129.28132060550274,92.07999737315282,12.0,344.4293913637927,477.6808202647515
1723,Shanghai NorthCh - Nagoya,SEA,PILOT_TO_PILOT,1,1723,1678,2,3,SMLtb,BtwSaki,30.690917780599424,129.28517639966645,92.07999737315282,12.0,344.6293615443936,477.48085008415063
1724,Shanghai NorthCh - Nagoya,SEA,PILOT_TO_PILOT,1,1724,1679,2,3,SMLtb,BtwSaki,30.690603286961583,129.28903216871103,92.07999737315282,12.0,344.8293317249944,477.2808799035498
1725,Shanghai NorthCh - Nagoya,SEA,PILOT_TO_PILOT,1,1725,1680,2,3,SMLtb,BtwSaki,30.69028867943652,129.29288791262783,92.07999737315282,12.0,345.0293019055953,477.08090972294895
1726,Shanghai NorthCh - Nagoya,SEA,PILOT_TO_PILOT,1,1726,1681,2,3,SMLtb,BtwSaki,30.68997395802642,129.2967436314083,92.07999737315282,12.0,345.22927208619615,476.8809395423481
1727,Shanghai NorthCh - Nagoya,SEA,PILOT_TO_PILOT,1,1727,1682,2,3,SMLtb,BtwSaki,30.689659122733445,129.30059932504378,92.07999737315282,12.0,345.42924226679696,476.68096936174726
1728,Shanghai NorthCh - Nagoya,SEA,PILOT_TO_PILOT,1,1728,1683,2,3,SMLtb,BtwSaki,30.689344173559753,129.30445499352564,92.07999737315282,12.0,345.62921244739783,476.4809991811464
1729,Shanghai NorthCh - Nagoya,SEA,PILOT_TO_PILOT,1,1729,1684,2,3,SMLtb,BtwSaki,30.68902911050753,129.3083106368453,92.07999737315282,12.0,345.82918262799865,476.2810290005456
1730,Shanghai NorthCh - Nagoya,SEA,PILOT_TO_PILOT,1,1730,1685,2,3,SMLtb,BtwSaki,30.688713933578935,129.31216625499408,92.07999737315282,12.0,346.0291528085995,476.0810588199447
1731,Shanghai NorthCh - Nagoya,SEA,PILOT_TO_PILOT,1,1731,1686,2,3,SMLtb,BtwSaki,30.688398642776132,129.31602184796344,92.07999737315282,12.0,346.22912298920033,475.8810886393439
1732,Shanghai NorthCh - Nagoya,SEA,PILOT_TO_PILOT,1,1732,1687,2,3,SMLtb,BtwSaki,30.688083238101314,129.3198774157447,92.07999737315282,12.0,346.4290931698012,475.681118458743
1733,Shanghai NorthCh - Nagoya,SEA,PILOT_TO_PILOT,1,1733,1688,2,3,SMLtb,BtwSaki,30.68776771955663,129.32373295832932,92.07999737315282,12.0,346.6290633504021,475.48114827814214
1734,Shanghai NorthCh - Nagoya,SEA,PILOT_TO_PILOT,1,1734,1689,2,3,SMLtb,BtwSaki,30.687452087144273,129.32758847570858,92.07999737315282,12.0,346.8290335310029,475.28117809754133
1735,Shanghai NorthCh - Nagoya,SEA,PILOT_TO_PILOT,1,1735,1690,2,3,SMLtb,BtwSaki,30.6871363408664,129.33144396787395,92.07999737315282,12.0,347.02900371160376,475.08120791694046
1736,Shanghai NorthCh - Nagoya,SEA,PILOT_TO_PILOT,1,1736,1691,2,3,SMLtb,BtwSaki,30.686820480725192,129.33529943481682,92.07999737315282,12.0,347.2289738922046,474.88123773633964
1737,Shanghai NorthCh - Nagoya,SEA,PILOT_TO_PILOT,1,1737,1692,2,3,SMLtb,BtwSaki,30.686504506722834,129.3391548765285,92.07999737315282,12.0,347.42894407280545,474.68126755573877
1738,Shanghai NorthCh - Nagoya,SEA,PILOT_TO_PILOT,1,1738,1693,2,3,SMLtb,BtwSaki,30.686188418861484,129.34301029300048,92.07999737315282,12.0,347.62891425340626,474.48129737513796
1739,Shanghai NorthCh - Nagoya,SEA,PILOT_TO_PILOT,1,1739,1694,2,3,SMLtb,BtwSaki,30.68587221714333,129.34686568422407,92.07999737315282,12.0,347.82888443400714,474.2813271945371
1740,Shanghai NorthCh - Nagoya,SEA,PILOT_TO_PILOT,1,1740,1695,2,3,SMLtb,BtwSaki,30.685555901570556,129.3507210501907,92.07999737315282,12.0,348.028854614608,474.0813570139362
1741,Shanghai NorthCh - Nagoya,SEA,PILOT_TO_PILOT,1,1741,1696,2,3,SMLtb,BtwSaki,30.68523947214533,129.35457639089174,92.07999737315282,12.0,348.2288247952088,473.8813868333354
1742,Shanghai NorthCh - Nagoya,SEA,PILOT_TO_PILOT,1,1742,1697,2,3,SMLtb,BtwSaki,30.684922928869828,129.3584317063186,92.07999737315282,12.0,348.4287949758097,473.6814166527345
1743,Shanghai NorthCh - Nagoya,SEA,PILOT_TO_PILOT,1,1743,1698,2,3,SMLtb,BtwSaki,30.68460627174623,129.3622869964627,92.07999737315282,12.0,348.6287651564105,473.4814464721337
1744,Shanghai NorthCh - Nagoya,SEA,PILOT_TO_PILOT,1,1744,1699,2,3,SMLtb,BtwSaki,30.684289500776725,129.36614226131533,92.07999737315282,12.0,348.8287353370114,473.28147629153284
1745,Shanghai NorthCh - Nagoya,SEA,PILOT_TO_PILOT,1,1745,1700,2,3,SMLtb,BtwSaki,30.683972615963498,129.369997500868,92.07999737315282,12.0,349.0287055176122,473.081506110932
1746,Shanghai NorthCh - Nagoya,SEA,PILOT_TO_PILOT,1,1746,1701,2,3,SMLtb,BtwSaki,30.683655617308705,129.37385271511206,92.07999737315282,12.0,349.22867569821307,472.88153593033115
1747,Shanghai NorthCh - Nagoya,SEA,PILOT_TO_PILOT,1,1747,1702,2,3,SMLtb,BtwSaki,30.68333850481456,129.37770790403889,92.07999737315282,12.0,349.42864587881394,472.6815657497303
1748,Shanghai NorthCh - Nagoya,SEA,PILOT_TO_PILOT,1,1748,1703,2,3,SMLtb,BtwSaki,30.683021278483228,129.3815630676399,92.07999737315282,12.0,349.62861605941475,472.48159556912947
1749,Shanghai NorthCh - Nagoya,SEA,PILOT_TO_PILOT,1,1749,1704,2,3,SMLtb,BtwSaki,30.6827039383169,129.38541820590646,92.07999737315282,12.0,349.8285862400156,472.2816253885286
1750,Shanghai NorthCh - Nagoya,SEA,PILOT_TO_PILOT,1,1750,1705,2,3,SMLtb,BtwSaki,30.682386484317757,129.38927331883,92.07999737315282,12.0,350.02855642061644,472.0816552079278
1751,Shanghai NorthCh - Nagoya,SEA,PILOT_TO_PILOT,1,1751,1706,2,3,SMLtb,BtwSaki,30.682068916487992,129.3931284064019,92.07999737315282,12.0,350.2285266012173,471.8816850273269
1752,Shanghai NorthCh - Nagoya,SEA,PILOT_TO_PILOT,1,1752,1707,2,3,SMLtb,BtwSaki,30.681751234829775,129.39698346861357,92.07999737315282,12.0,350.4284967818182,471.68171484672604
1753,Shanghai NorthCh - Nagoya,SEA,PILOT_TO_PILOT,1,1753,1708,2,3,SMLtb,BtwSaki,30.68143343934531,129.40083850545642,92.07999737315282,12.0,350.628466962419,471.4817446661252
1754,Shanghai NorthCh - Nagoya,SEA,PILOT_TO_PILOT,1,1754,1709,2,3,SMLtb,BtwSaki,30.681115530036784,129.4046935169218,92.07999737315282,12.0,350.82843714301987,471.28177448552435
1755,Shanghai NorthCh - Nagoya,SEA,PILOT_TO_PILOT,1,1755,1710,2,3,SMLtb,BtwSaki,30.68079750690637,129.40854850300119,92.07999737315282,12.0,351.0284073236207,471.08180430492354
1756,Shanghai NorthCh - Nagoya,SEA,PILOT_TO_PILOT,1,1756,1711,2,3,SMLtb,BtwSaki,30.680479369956274,129.4124034636859,92.07999737315282,12.0,351.22837750422156,470.88183412432267
1757,Shanghai NorthCh - Nagoya,SEA,PILOT_TO_PILOT,1,1757,1712,2,3,SMLtb,BtwSaki,30.68016111918868,129.41625839896744,92.07999737315282,12.0,351.42834768482237,470.68186394372185
1758,Shanghai NorthCh - Nagoya,SEA,PILOT_TO_PILOT,1,1758,1713,2,3,SMLtb,BtwSaki,30.679842754605776,129.42011330883707,92.07999737315282,12.0,351.62831786542324,470.481893763121
1759,Shanghai NorthCh - Nagoya,SEA,PILOT_TO_PILOT,1,1759,1714,2,3,SMLtb,BtwSaki,30.679524276209758,129.42396819328633,92.07999737315282,12.0,351.8282880460241,470.2819235825201
1760,Shanghai NorthCh - Nagoya,SEA,PILOT_TO_PILOT,1,1760,1715,2,3,SMLtb,BtwSaki,30.679205684002817,129.42782305230656,92.07999737315282,12.0,352.0282582266249,470.0819534019193
1761,Shanghai NorthCh - Nagoya,SEA,PILOT_TO_PILOT,1,1761,1716,2,3,SMLtb,BtwSaki,30.67888697798714,129.43167788588917,92.07999737315282,12.0,352.2282284072258,469.8819832213184
1762,Shanghai NorthCh - Nagoya,SEA,PILOT_TO_PILOT,1,1762,1717,2,3,SMLtb,BtwSaki,30.678568158164932,129.43553269402557,92.07999737315282,12.0,352.4281985878266,469.6820130407176
1763,Shanghai NorthCh - Nagoya,SEA,PILOT_TO_PILOT,1,1763,1718,2,3,SMLtb,BtwSaki,30.678249224538373,129.43938747670714,92.07999737315282,12.0,352.6281687684275,469.48204286011674
1764,Shanghai NorthCh - Nagoya,SEA,PILOT_TO_PILOT,1,1764,1719,2,3,SMLtb,BtwSaki,30.677930177109687,129.44324223392536,92.07999737315282,12.0,352.8281389490283,469.2820726795159
1765,Shanghai NorthCh - Nagoya,SEA,PILOT_TO_PILOT,1,1765,1720,2,3,SMLtb,BtwSaki,30.67761101588103,129.44709696567153,92.07999737315282,12.0,353.0281091296292,469.08210249891505
1766,Shanghai NorthCh - Nagoya,SEA,PILOT_TO_PILOT,1,1766,1721,2,3,SMLtb,BtwSaki,30.677291740854617,129.45095167193713,92.07999737315282,12.0,353.22807931023004,468.8821323183142
1767,Shanghai NorthCh - Nagoya,SEA,PILOT_TO_PILOT,1,1767,1722,2,3,SMLtb,BtwSaki,30.676972352032664,129.45480635271358,92.07999737315282,12.0,353.42804949083086,468.68216213771336
1768,Shanghai NorthCh - Nagoya,SEA,PILOT_TO_PILOT,1,1768,1723,2,3,SMLtb,BtwSaki,30.67665284941734,129.45866100799225,92.07999737315282,12.0,353.62801967143173,468.4821919571125
1769,Shanghai NorthCh - Nagoya,SEA,PILOT_TO_PILOT,1,1769,1724,2,3,SMLtb,BtwSaki,30.676333233010862,129.46251563776457,92.07999737315282,12.0,353.82798985203254,468.2822217765117
1770,Shanghai NorthCh - Nagoya,SEA,PILOT_TO_PILOT,1,1770,1725,2,3,SMLtb,BtwSaki,30.676013502815422,129.46637024202192,92.07999737315282,12.0,354.0279600326334,468.0822515959108
1771,Shanghai NorthCh - Nagoya,SEA,PILOT_TO_PILOT,1,1771,1726,2,3,SMLtb,BtwSaki,30.675693658833218,129.47022482075576,92.07999737315282,12.0,354.22793021323423,467.88228141531
1772,Shanghai NorthCh - Nagoya,SEA,PILOT_TO_PILOT,1,1772,1727,2,3,SMLtb,BtwSaki,30.67537370106647,129.47407937395747,92.07999737315282,12.0,354.4279003938351,467.6823112347091
1773,Shanghai NorthCh - Nagoya,SEA,PILOT_TO_PILOT,1,1773,1728,2,3,SMLtb,BtwSaki,30.67505362951734,129.47793390161848,92.07999737315282,12.0,354.627870574436,467.48234105410825
1774,Shanghai NorthCh - Nagoya,SEA,PILOT_TO_PILOT,1,1774,1729,2,3,SMLtb,BtwSaki,30.67473344418808,129.4817884037302,92.07999737315282,12.0,354.8278407550368,467.28237087350743
1775,Shanghai NorthCh - Nagoya,SEA,PILOT_TO_PILOT,1,1775,1730,2,3,SMLtb,BtwSaki,30.674413145080862,129.48564288028402,92.07999737315282,12.0,355.02781093563766,467.08240069290656
1776,Shanghai NorthCh - Nagoya,SEA,PILOT_TO_PILOT,1,1776,1731,2,3,SMLtb,BtwSaki,30.674092732197895,129.48949733127137,92.07999737315282,12.0,355.2277811162385,466.88243051230575
1777,Shanghai NorthCh - Nagoya,SEA,PILOT_TO_PILOT,1,1777,1732,2,3,SMLtb,BtwSaki,30.673772205541386,129.4933517566837,92.07999737315282,12.0,355.42775129683935,466.6824603317049
1778,Shanghai NorthCh - Nagoya,SEA,PILOT_TO_PILOT,1,1778,1733,2,3,SMLtb,BtwSaki,30.67345156511354,129.4972061565124,92.07999737315282,12.0,355.6277214774402,466.482490151104
1779,Shanghai NorthCh - Nagoya,SEA,PILOT_TO_PILOT,1,1779,1734,2,3,SMLtb,BtwSaki,30.673130810916568,129.50106053074884,92.07999737315282,12.0,355.82769165804103,466.2825199705032
1780,Shanghai NorthCh - Nagoya,SEA,PILOT_TO_PILOT,1,1780,1735,2,3,SMLtb,BtwSaki,30.67280994295268,129.5049148793845,92.07999737315282,12.0,356.0276618386419,466.0825497899023
1781,Shanghai NorthCh - Nagoya,SEA,PILOT_TO_PILOT,1,1781,1736,2,3,SMLtb,BtwSaki,30.672488961224058,129.50876920241078,92.07999737315282,12.0,356.2276320192427,465.8825796093015
1782,Shanghai NorthCh - Nagoya,SEA,PILOT_TO_PILOT,1,1782,1737,2,3,SMLtb,BtwSaki,30.672167865732945,129.5126234998191,92.07999737315282,12.0,356.4276021998436,465.68260942870063
1783,Shanghai NorthCh - Nagoya,SEA,PILOT_TO_PILOT,1,1783,1738,2,3,SMLtb,BtwSaki,30.671846656481534,129.51647777160088,92.07999737315282,12.0,356.6275723804444,465.4826392480998
1784,Shanghai NorthCh - Nagoya,SEA,PILOT_TO_PILOT,1,1784,1739,2,3,SMLtb,BtwSaki,30.67152533347203,129.52033201774753,92.07999737315282,12.0,356.8275425610453,465.28266906749894
1785,Shanghai NorthCh - Nagoya,SEA,PILOT_TO_PILOT,1,1785,1740,2,3,SMLtb,BtwSaki,30.671203896706654,129.5241862382505,92.07999737315282,12.0,357.02751274164615,465.0826988868981
1786,Shanghai NorthCh - Nagoya,SEA,PILOT_TO_PILOT,1,1786,1741,2,3,SMLtb,BtwSaki,30.67088234618762,129.52804043310118,92.07999737315282,12.0,357.22748292224696,464.88272870629726
1787,Shanghai NorthCh - Nagoya,SEA,PILOT_TO_PILOT,1,1787,1742,2,3,SMLtb,BtwSaki,30.67056068191712,129.53189460229103,92.07999737315282,12.0,357.42745310284783,464.6827585256964
1788,Shanghai NorthCh - Nagoya,SEA,PILOT_TO_PILOT,1,1788,1743,2,3,SMLtb,BtwSaki,30.67023890389739,129.53574874581142,92.07999737315282,12.0,357.62742328344865,464.48278834509557
1789,Shanghai NorthCh - Nagoya,SEA,PILOT_TO_PILOT,1,1789,1744,2,3,SMLtb,BtwSaki,30.669917012130632,129.5396028636538,92.07999737315282,12.0,357.8273934640495,464.2828181644947
1790,Shanghai NorthCh - Nagoya,SEA,PILOT_TO_PILOT,1,1790,1745,2,3,SMLtb,BtwSaki,30.669595006619062,129.5434569558096,92.07999737315282,12.0,358.02736364465034,464.0828479838939
1791,Shanghai NorthCh - Nagoya,SEA,PILOT_TO_PILOT,1,1791,1746,2,3,SMLtb,BtwSaki,30.6692728873649,129.54731102227026,92.07999737315282,12.0,358.2273338252512,463.882877803293
1792,Shanghai NorthCh - Nagoya,SEA,PILOT_TO_PILOT,1,1792,1747,2,3,SMLtb,BtwSaki,30.668950654370352,129.55116506302718,92.07999737315282,12.0,358.4273040058521,463.68290762269214
1793,Shanghai NorthCh - Nagoya,SEA,PILOT_TO_PILOT,1,1793,1748,2,3,SMLtb,BtwSaki,30.668628307637647,129.55501907807178,92.07999737315282,12.0,358.6272741864529,463.4829374420913
1794,Shanghai NorthCh - Nagoya,SEA,PILOT_TO_PILOT,1,1794,1749,2,3,SMLtb,BtwSaki,30.66830584716899,129.55887306739552,92.07999737315282,12.0,358.82724436705377,463.28296726149046
1795,Shanghai NorthCh - Nagoya,SEA,PILOT_TO_PILOT,1,1795,1750,2,3,SMLtb,BtwSaki,30.66798327296661,129.5627270309898,92.07999737315282,12.0,359.0272145476546,463.08299708088964
1796,Shanghai NorthCh - Nagoya,SEA,PILOT_TO_PILOT,1,1796,1751,2,3,SMLtb,BtwSaki,30.66766058503272,129.5665809688461,92.07999737315282,12.0,359.22718472825545,462.88302690028877
1797,Shanghai NorthCh - Nagoya,SEA,PILOT_TO_PILOT,1,1797,1752,2,3,SMLtb,BtwSaki,30.667337783369536,129.57043488095576,92.07999737315282,12.0,359.42715490885627,462.68305671968795
1798,Shanghai NorthCh - Nagoya,SEA,PILOT_TO_PILOT,1,1798,1753,2,3,SMLtb,BtwSaki,30.667014867979294,129.57428876731026,92.07999737315282,12.0,359.62712508945714,462.4830865390871
1799,Shanghai NorthCh - Nagoya,SEA,PILOT_TO_PILOT,1,1799,1754,2,3,SMLtb,BtwSaki,30.666691838864192,129.57814262790106,92.07999737315282,12.0,359.827095270058,462.2831163584862
1800,Shanghai NorthCh - Nagoya,SEA,PILOT_TO_PILOT,1,1800,1755,2,3,SMLtb,BtwSaki,30.66636869602647,129.58199646271956,92.07999737315282,12.0,360.0270654506588,462.0831461778854
1801,Shanghai NorthCh - Nagoya,SEA,PILOT_TO_PILOT,1,1801,1756,2,3,SMLtb,BtwSaki,30.666045439468345,129.58585027175718,92.07999737315282,12.0,360.2270356312597,461.8831759972845
1802,Shanghai NorthCh - Nagoya,SEA,PILOT_TO_PILOT,1,1802,1757,2,3,SMLtb,BtwSaki,30.665722069192043,129.58970405500537,92.07999737315282,12.0,360.4270058118605,461.6832058166837
1803,Shanghai NorthCh - Nagoya,SEA,PILOT_TO_PILOT,1,1803,1758,2,3,SMLtb,BtwSaki,30.66539858519979,129.59355781245554,92.07999737315282,12.0,360.6269759924614,461.48323563608284
1804,Shanghai NorthCh - Nagoya,SEA,PILOT_TO_PILOT,1,1804,1759,2,3,SMLtb,BtwSaki,30.66507498749379,129.5974115440992,92.07999737315282,12.0,360.8269461730622,461.283265455482
1805,Shanghai NorthCh - Nagoya,SEA,PILOT_TO_PILOT,1,1805,1760,2,3,SMLtb,BtwSaki,30.664751276076295,129.6012652499277,92.07999737315282,12.0,361.02691635366307,461.08329527488115
1806,Shanghai NorthCh - Nagoya,SEA,PILOT_TO_PILOT,1,1806,1761,2,3,SMLtb,BtwSaki,30.664427450949518,129.6051189299325,92.07999737315282,12.0,361.22688653426394,460.8833250942803
1807,Shanghai NorthCh - Nagoya,SEA,PILOT_TO_PILOT,1,1807,1762,2,3,SMLtb,BtwSaki,30.664103512115688,129.60897258410506,92.07999737315282,12.0,361.42685671486475,460.68335491367947
1808,Shanghai NorthCh - Nagoya,SEA,PILOT_TO_PILOT,1,1808,1763,2,3,SMLtb,BtwSaki,30.663779459577036,129.6128262124368,92.07999737315282,12.0,361.6268268954656,460.4833847330786
1809,Shanghai NorthCh - Nagoya,SEA,PILOT_TO_PILOT,1,1809,1764,2,3,SMLtb,BtwSaki,30.663455293335794,129.61667981491914,92.07999737315282,12.0,361.82679707606644,460.2834145524778
1810,Shanghai NorthCh - Nagoya,SEA,PILOT_TO_PILOT,1,1810,1765,2,3,SMLtb,BtwSaki,30.663131013394178,129.62053339154355,92.07999737315282,12.0,362.0267672566673,460.0834443718769
1811,Shanghai NorthCh - Nagoya,SEA,PILOT_TO_PILOT,1,1811,1766,2,3,SMLtb,BtwSaki,30.66280661975442,129.62438694230147,92.07999737315282,12.0,362.2267374372682,459.88347419127604
1812,Shanghai NorthCh - Nagoya,SEA,PILOT_TO_PILOT,1,1812,1767,2,3,SMLtb,BtwSaki,30.662482112418765,129.62824046718433,92.07999737315282,12.0,362.426707617869,459.6835040106752
1813,Shanghai NorthCh - Nagoya,SEA,PILOT_TO_PILOT,1,1813,1768,2,3,SMLtb,BtwSaki,30.66215749138944,129.63209396618353,92.07999737315282,12.0,362.62667779846987,459.48353383007435
1814,Shanghai NorthCh - Nagoya,SEA,PILOT_TO_PILOT,1,1814,1769,2,3,SMLtb,BtwSaki,30.66183275666866,129.6359474392906,92.07999737315282,12.0,362.8266479790707,459.28356364947354
1815,Shanghai NorthCh - Nagoya,SEA,PILOT_TO_PILOT,1,1815,1770,2,3,SMLtb,BtwSaki,30.661507908258677,129.63980088649691,92.07999737315282,12.0,363.02661815967156,459.08359346887266
1816,Shanghai NorthCh - Nagoya,SEA,PILOT_TO_PILOT,1,1816,1771,2,3,SMLtb,BtwSaki,30.661182946161716,129.64365430779392,92.07999737315282,12.0,363.2265883402724,458.88362328827185
1817,Shanghai NorthCh - Nagoya,SEA,PILOT_TO_PILOT,1,1817,1772,2,3,SMLtb,BtwSaki,30.660857870380013,129.6475077031731,92.07999737315282,12.0,363.42655852087324,458.683653107671
1818,Shanghai NorthCh - Nagoya,SEA,PILOT_TO_PILOT,1,1818,1773,2,3,SMLtb,BtwSaki,30.66053268091581,129.65136107262583,92.07999737315282,12.0,363.6265287014741,458.4836829270701
1819,Shanghai NorthCh - Nagoya,SEA,PILOT_TO_PILOT,1,1819,1774,2,3,SMLtb,BtwSaki,30.660207377771336,129.65521441614362,92.07999737315282,12.0,363.82649888207493,458.2837127464693
1820,Shanghai NorthCh - Nagoya,SEA,PILOT_TO_PILOT,1,1820,1775,2,3,SMLtb,BtwSaki,30.659881960948823,129.65906773371793,92.07999737315282,12.0,364.0264690626758,458.0837425658684
1821,Shanghai NorthCh - Nagoya,SEA,PILOT_TO_PILOT,1,1821,1776,2,3,SMLtb,BtwSaki,30.659556430450507,129.66292102534013,92.07999737315282,12.0,364.2264392432766,457.8837723852676
1822,Shanghai NorthCh - Nagoya,SEA,PILOT_TO_PILOT,1,1822,1777,2,3,SMLtb,BtwSaki,30.65923078627865,129.6667742910017,92.07999737315282,12.0,364.4264094238775,457.68380220466673
1823,Shanghai NorthCh - Nagoya,SEA,PILOT_TO_PILOT,1,1823,1778,2,3,SMLtb,BtwSaki,30.658905028435466,129.67062753069413,92.07999737315282,12.0,364.6263796044783,457.4838320240659
1824,Shanghai NorthCh - Nagoya,SEA,PILOT_TO_PILOT,1,1824,1779,2,3,SMLtb,BtwSaki,30.658579156923192,129.67448074440884,92.07999737315282,12.0,364.8263497850792,457.28386184346505
1825,Shanghai NorthCh - Nagoya,SEA,PILOT_TO_PILOT,1,1825,1780,2,3,SMLtb,BtwSaki,30.658253171744096,129.6783339321372,92.07999737315282,12.0,365.02631996568005,457.0838916628642
1826,Shanghai NorthCh - Nagoya,SEA,PILOT_TO_PILOT,1,1826,1781,2,3,SMLtb,BtwSaki,30.657927072900385,129.68218709387082,92.07999737315282,12.0,365.22629014628086,456.88392148226336
1827,Shanghai NorthCh - Nagoya,SEA,PILOT_TO_PILOT,1,1827,1782,2,3,SMLtb,BtwSaki,30.65760086039433,129.686040229601,92.07999737315282,12.0,365.42626032688173,456.6839513016625
1828,Shanghai NorthCh - Nagoya,SEA,PILOT_TO_PILOT,1,1828,1783,2,3,SMLtb,BtwSaki,30.65727453422815,129.6898933393193,92.07999737315282,12.0,365.62623050748255,456.4839811210617
1829,Shanghai NorthCh - Nagoya,SEA,PILOT_TO_PILOT,1,1829,1784,2,3,SMLtb,BtwSaki,30.656948094404104,129.6937464230171,92.07999737315282,12.0,365.8262006880834,456.2840109404608
1830,Shanghai NorthCh - Nagoya,SEA,PILOT_TO_PILOT,1,1830,1785,2,3,SMLtb,BtwSaki,30.656621540924434,129.69759948068588,92.07999737315282,12.0,366.02617086868423,456.08404075986
1831,Shanghai NorthCh - Nagoya,SEA,PILOT_TO_PILOT,1,1831,1786,2,3,SMLtb,BtwSaki,30.65629487379138,129.7014525123171,92.07999737315282,12.0,366.2261410492851,455.8840705792591
1832,Shanghai NorthCh - Nagoya,SEA,PILOT_TO_PILOT,1,1832,1787,2,3,SMLtb,BtwSaki,30.65596809300718,129.70530551790222,92.07999737315282,12.0,366.426111229886,455.68410039865825
1833,Shanghai NorthCh - Nagoya,SEA,PILOT_TO_PILOT,1,1833,1788,2,3,SMLtb,BtwSaki,30.6556411985741,129.70915849743264,92.07999737315282,12.0,366.6260814104868,455.48413021805743
1834,Shanghai NorthCh - Nagoya,SEA,PILOT_TO_PILOT,1,1834,1789,2,3,SMLtb,BtwSaki,30.65531419049437,129.7130114508999,92.07999737315282,12.0,366.82605159108766,455.28416003745656
1835,Shanghai NorthCh - Nagoya,SEA,PILOT_TO_PILOT,1,1835,1790,2,3,SMLtb,BtwSaki,30.65498706877024,129.7168643782954,92.07999737315282,12.0,367.0260217716885,455.08418985685574
1836,Shanghai NorthCh - Nagoya,SEA,PILOT_TO_PILOT,1,1836,1791,2,3,SMLtb,BtwSaki,30.65465983340397,129.7207172796106,92.07999737315282,12.0,367.22599195228935,454.8842196762549
1837,Shanghai NorthCh - Nagoya,SEA,PILOT_TO_PILOT,1,1837,1792,2,3,SMLtb,BtwSaki,30.6543324843978,129.724570154837,92.07999737315282,12.0,367.42596213289016,454.68424949565406
1838,Shanghai NorthCh - Nagoya,SEA,PILOT_TO_PILOT,1,1838,1793,2,3,SMLtb,BtwSaki,30.65400502175398,129.728423003966,92.07999737315282,12.0,367.62593231349103,454.4842793150532
1839,Shanghai NorthCh - Nagoya,SEA,PILOT_TO_PILOT,1,1839,1794,2,3,SMLtb,BtwSaki,30.653677445474766,129.7322758269891,92.07999737315282,12.0,367.8259024940919,454.2843091344523
1840,Shanghai NorthCh - Nagoya,SEA,PILOT_TO_PILOT,1,1840,1795,2,3,SMLtb,BtwSaki,30.6533497555624,129.73612862389774,92.07999737315282,12.0,368.0258726746927,454.0843389538515
1841,Shanghai NorthCh - Nagoya,SEA,PILOT_TO_PILOT,1,1841,1796,2,3,SMLtb,BtwSaki,30.653021952019138,129.7399813946834,92.07999737315282,12.0,368.2258428552936,453.8843687732506
1842,Shanghai NorthCh - Nagoya,SEA,PILOT_TO_PILOT,1,1842,1797,2,3,SMLtb,BtwSaki,30.65269403484723,129.7438341393375,92.07999737315282,12.0,368.4258130358944,453.6843985926498
1843,Shanghai NorthCh - Nagoya,SEA,PILOT_TO_PILOT,1,1843,1798,2,3,SMLtb,BtwSaki,30.65236600404894,129.74768685785156,92.07999737315282,12.0,368.6257832164953,453.48442841204894
1844,Shanghai NorthCh - Nagoya,SEA,PILOT_TO_PILOT,1,1844,1799,2,3,SMLtb,BtwSaki,30.652037859626518,129.751539550217,92.07999737315282,12.0,368.82575339709615,453.28445823144807
1845,Shanghai NorthCh - Nagoya,SEA,PILOT_TO_PILOT,1,1845,1800,2,3,SMLtb,BtwSaki,30.651709601582215,129.7553922164253,92.07999737315282,12.0,369.02572357769697,453.08448805084726
1846,Shanghai NorthCh - Nagoya,SEA,PILOT_TO_PILOT,1,1846,1801,2,3,SMLtb,BtwSaki,30.651381229918282,129.75924485646792,92.07999737315282,12.0,369.22569375829784,452.8845178702464
1847,Shanghai NorthCh - Nagoya,SEA,PILOT_TO_PILOT,1,1847,1802,2,3,SMLtb,BtwSaki,30.651052744636992,129.7630974703363,92.07999737315282,12.0,369.42566393889865,452.68454768964557
1848,Shanghai NorthCh - Nagoya,SEA,PILOT_TO_PILOT,1,1848,1803,2,3,SMLtb,BtwSaki,30.650724145740575,129.76695005802196,92.07999737315282,12.0,369.6256341194995,452.4845775090447
1849,Shanghai NorthCh - Nagoya,SEA,PILOT_TO_PILOT,1,1849,1804,2,3,SMLtb,BtwSaki,30.650395433231324,129.7708026195163,92.07999737315282,12.0,369.82560430010034,452.2846073284439
1850,Shanghai NorthCh - Nagoya,SEA,PILOT_TO_PILOT,1,1850,1805,2,3,SMLtb,BtwSaki,30.65006660711147,129.7746551548109,92.07999737315282,12.0,370.0255744807012,452.084637147843
1851,Shanghai NorthCh - Nagoya,SEA,PILOT_TO_PILOT,1,1851,1806,2,3,SMLtb,BtwSaki,30.649737667383288,129.77850766389707,92.07999737315282,12.0,370.2255446613021,451.88466696724214
1852,Shanghai NorthCh - Nagoya,SEA,PILOT_TO_PILOT,1,1852,1807,2,3,SMLtb,BtwSaki,30.64940861404902,129.78236014676637,92.07999737315282,12.0,370.4255148419029,451.6846967866413
1853,Shanghai NorthCh - Nagoya,SEA,PILOT_TO_PILOT,1,1853,1808,2,3,SMLtb,BtwSaki,30.64907944711095,129.78621260341032,92.07999737315282,12.0,370.62548502250377,451.48472660604045
1854,Shanghai NorthCh - Nagoya,SEA,PILOT_TO_PILOT,1,1854,1809,2,3,SMLtb,BtwSaki,30.648750166571332,129.79006503382027,92.07999737315282,12.0,370.8254552031046,451.28475642543964
1855,Shanghai NorthCh - Nagoya,SEA,PILOT_TO_PILOT,1,1855,1810,2,3,SMLtb,BtwSaki,30.648420772432413,129.79391743798774,92.07999737315282,12.0,371.02542538370545,451.08478624483877
1856,Shanghai NorthCh - Nagoya,SEA,PILOT_TO_PILOT,1,1856,1811,2,3,SMLtb,BtwSaki,30.648091264696482,129.79776981590425,92.07999737315282,12.0,371.22539556430627,450.88481606423795
1857,Shanghai NorthCh - Nagoya,SEA,PILOT_TO_PILOT,1,1857,1812,2,3,SMLtb,BtwSaki,30.647761643365772,129.80162216756122,92.07999737315282,12.0,371.42536574490714,450.6848458836371
1858,Shanghai NorthCh - Nagoya,SEA,PILOT_TO_PILOT,1,1858,1813,2,3,SMLtb,BtwSaki,30.64743190844258,129.80547449295014,92.07999737315282,12.0,371.625335925508,450.4848757030362
1859,Shanghai NorthCh - Nagoya,SEA,PILOT_TO_PILOT,1,1859,1814,2,3,SMLtb,BtwSaki,30.647102059929143,129.80932679206245,92.07999737315282,12.0,371.8253061061088,450.2849055224354
1860,Shanghai NorthCh - Nagoya,SEA,PILOT_TO_PILOT,1,1860,1815,2,3,SMLtb,BtwSaki,30.646772097827746,129.81317906488968,92.07999737315282,12.0,372.0252762867097,450.0849353418345
1861,Shanghai NorthCh - Nagoya,SEA,PILOT_TO_PILOT,1,1861,1816,2,3,SMLtb,BtwSaki,30.64644202214066,129.81703131142328,92.07999737315282,12.0,372.2252464673105,449.8849651612337
1862,Shanghai NorthCh - Nagoya,SEA,PILOT_TO_PILOT,1,1862,1817,2,3,SMLtb,BtwSaki,30.64611183287013,129.8208835316547,92.07999737315282,12.0,372.4252166479114,449.68499498063284
1863,Shanghai NorthCh - Nagoya,SEA,PILOT_TO_PILOT,1,1863,1818,2,3,SMLtb,BtwSaki,30.645781530018446,129.82473572557544,92.07999737315282,12.0,372.6251868285122,449.485024800032
1864,Shanghai NorthCh - Nagoya,SEA,PILOT_TO_PILOT,1,1864,1819,2,3,SMLtb,BtwSaki,30.645451113587853,129.82858789317697,92.07999737315282,12.0,372.82515700911307,449.28505461943115
1865,Shanghai NorthCh - Nagoya,SEA,PILOT_TO_PILOT,1,1865,1820,2,3,SMLtb,BtwSaki,30.645120583580646,129.8324400344508,92.07999737315282,12.0,373.02512718971394,449.0850844388303
1866,Shanghai NorthCh - Nagoya,SEA,PILOT_TO_PILOT,1,1866,1821,2,3,SMLtb,BtwSaki,30.644789939999075,129.83629214938838,92.07999737315282,12.0,373.22509737031476,448.88511425822946
1867,Shanghai NorthCh - Nagoya,SEA,PILOT_TO_PILOT,1,1867,1822,2,3,SMLtb,BtwSaki,30.644459182845427,129.84014423798115,92.07999737315282,12.0,373.4250675509156,448.6851440776286
1868,Shanghai NorthCh - Nagoya,SEA,PILOT_TO_PILOT,1,1868,1823,2,3,SMLtb,BtwSaki,30.644128312121968,129.84399630022065,92.07999737315282,12.0,373.62503773151644,448.4851738970278
1869,Shanghai NorthCh - Nagoya,SEA,PILOT_TO_PILOT,1,1869,1824,2,3,SMLtb,BtwSaki,30.64379732783097,129.84784833609834,92.07999737315282,12.0,373.8250079121173,448.2852037164269
1870,Shanghai NorthCh - Nagoya,SEA,PILOT_TO_PILOT,1,1870,1825,2,3,SMLtb,BtwSaki,30.643466229974706,129.85170034560574,92.07999737315282,12.0,374.0249780927182,448.08523353582603
1871,Shanghai NorthCh - Nagoya,SEA,PILOT_TO_PILOT,1,1871,1826,2,3,SMLtb,BtwSaki,30.64313501855545,129.85555232873423,92.07999737315282,12.0,374.224948273319,447.8852633552252
1872,Shanghai NorthCh - Nagoya,SEA,PILOT_TO_PILOT,1,1872,1827,2,3,SMLtb,BtwSaki,30.642803693575473,129.8594042854754,92.07999737315282,12.0,374.4249184539199,447.68529317462435
1873,Shanghai NorthCh - Nagoya,SEA,PILOT_TO_PILOT,1,1873,1828,2,3,SMLtb,BtwSaki,30.642472255037063,129.86325621582068,92.07999737315282,12.0,374.6248886345207,447.48532299402353
1874,Shanghai NorthCh - Nagoya,SEA,PILOT_TO_PILOT,1,1874,1829,2,3,SMLtb,BtwSaki,30.64214070294249,129.86710811976155,92.07999737315282,12.0,374.82485881512156,447.28535281342266
1875,Shanghai NorthCh - Nagoya,SEA,PILOT_TO_PILOT,1,1875,1830,2,3,SMLtb,BtwSaki,30.64180903729402,129.8709599972895,92.07999737315282,12.0,375.0248289957224,447.08538263282185
1876,Shanghai NorthCh - Nagoya,SEA,PILOT_TO_PILOT,1,1876,1831,2,3,SMLtb,BtwSaki,30.64147725809395,129.87481184839604,92.07999737315282,12.0,375.22479917632324,446.885412452221
1877,Shanghai NorthCh - Nagoya,SEA,PILOT_TO_PILOT,1,1877,1832,2,3,SMLtb,BtwSaki,30.641145365344542,129.87866367307265,92.07999737315282,12.0,375.4247693569241,446.6854422716201
1878,Shanghai NorthCh - Nagoya,SEA,PILOT_TO_PILOT,1,1878,1833,2,3,SMLtb,BtwSaki,30.640813359048085,129.88251547131077,92.07999737315282,12.0,375.62473953752493,446.4854720910193
1879,Shanghai NorthCh - Nagoya,SEA,PILOT_TO_PILOT,1,1879,1834,2,3,SMLtb,BtwSaki,30.64048123920685,129.88636724310192,92.07999737315282,12.0,375.8247097181258,446.2855019104184
1880,Shanghai NorthCh - Nagoya,SEA,PILOT_TO_PILOT,1,1880,1835,2,3,SMLtb,BtwSaki,30.640149005823126,129.89021898843762,92.07999737315282,12.0,376.0246798987266,446.0855317298176
1881,Shanghai NorthCh - Nagoya,SEA,PILOT_TO_PILOT,1,1881,1836,2,3,SMLtb,BtwSaki,30.63981665889919,129.89407070730934,92.07999737315282,12.0,376.2246500793275,445.88556154921673
1882,Shanghai NorthCh - Nagoya,SEA,PILOT_TO_PILOT,1,1882,1837,2,3,SMLtb,BtwSaki,30.63948419843733,129.89792239970853,92.07999737315282,12.0,376.4246202599283,445.6855913686159
1883,Shanghai NorthCh - Nagoya,SEA,PILOT_TO_PILOT,1,1883,1838,2,3,SMLtb,BtwSaki,30.639151624439826,129.90177406562677,92.07999737315282,12.0,376.6245904405292,445.48562118801505
1884,Shanghai NorthCh - Nagoya,SEA,PILOT_TO_PILOT,1,1884,1839,2,3,SMLtb,BtwSaki,30.63881893690896,129.90562570505543,92.07999737315282,12.0,376.82456062113005,445.2856510074142
1885,Shanghai NorthCh - Nagoya,SEA,PILOT_TO_PILOT,1,1885,1840,2,3,SMLtb,BtwSaki,30.638486135847014,129.90947731798605,92.07999737315282,12.0,377.02453080173086,445.08568082681336
1886,Shanghai NorthCh - Nagoya,SEA,PILOT_TO_PILOT,1,1886,1841,2,3,SMLtb,BtwSaki,30.638153221256275,129.91332890441018,92.07999737315282,12.0,377.22450098233173,444.8857106462125
1887,Shanghai NorthCh - Nagoya,SEA,PILOT_TO_PILOT,1,1887,1842,2,3,SMLtb,BtwSaki,30.63782019313904,129.91718046431927,92.07999737315282,12.0,377.42447116293255,444.6857404656117
1888,Shanghai NorthCh - Nagoya,SEA,PILOT_TO_PILOT,1,1888,1843,2,3,SMLtb,BtwSaki,30.63748705149758,129.9210319977048,92.07999737315282,12.0,377.6244413435334,444.4857702850108
1889,Shanghai NorthCh - Nagoya,SEA,PILOT_TO_PILOT,1,1889,1844,2,3,SMLtb,BtwSaki,30.637153796334182,129.9248835045583,92.07999737315282,12.0,377.82441152413423,444.28580010441
1890,Shanghai NorthCh - Nagoya,SEA,PILOT_TO_PILOT,1,1890,1845,2,3,SMLtb,BtwSaki,30.63682042765115,129.9287349848712,92.07999737315282,12.0,378.0243817047351,444.0858299238091
1891,Shanghai NorthCh - Nagoya,SEA,PILOT_TO_PILOT,1,1891,1846,2,3,SMLtb,BtwSaki,30.636486945450756,129.93258643863507,92.07999737315282,12.0,378.224351885336,443.88585974320824
1892,Shanghai NorthCh - Nagoya,SEA,PILOT_TO_PILOT,1,1892,1847,2,3,SMLtb,BtwSaki,30.636153349735302,129.93643786584138,92.07999737315282,12.0,378.4243220659368,443.68588956260743
1893,Shanghai NorthCh - Nagoya,SEA,PILOT_TO_PILOT,1,1893,1848,2,3,SMLtb,BtwSaki,30.635819640507066,129.9402892664816,92.07999737315282,12.0,378.62429224653766,443.48591938200656
1894,Shanghai NorthCh - Nagoya,SEA,PILOT_TO_PILOT,1,1894,1849,2,3,SMLtb,BtwSaki,30.63548581776834,129.94414064054726,92.07999737315282,12.0,378.8242624271385,443.28594920140574
1895,Shanghai NorthCh - Nagoya,SEA,PILOT_TO_PILOT,1,1895,1850,2,3,SMLtb,BtwSaki,30.63515188152143,129.94799198802988,92.07999737315282,12.0,379.02423260773935,443.08597902080487
1896,Shanghai NorthCh - Nagoya,SEA,PILOT_TO_PILOT,1,1896,1851,2,3,SMLtb,BtwSaki,30.634817831768615,129.9518433089209,92.07999737315282,12.0,379.22420278834016,442.88600884020406
1897,Shanghai NorthCh - Nagoya,SEA,PILOT_TO_PILOT,1,1897,1852,2,3,SMLtb,BtwSaki,30.6344836685122,129.95569460321187,92.07999737315282,12.0,379.42417296894104,442.6860386596032
1898,Shanghai NorthCh - Nagoya,SEA,PILOT_TO_PILOT,1,1898,1853,2,3,SMLtb,BtwSaki,30.634149391754462,129.9595458708943,92.07999737315282,12.0,379.6241431495419,442.4860684790023
1899,Shanghai NorthCh - Nagoya,SEA,PILOT_TO_PILOT,1,1899,1854,2,3,SMLtb,BtwSaki,30.633815001497716,129.96339711195964,92.07999737315282,12.0,379.8241133301427,442.2860982984015
1900,Shanghai NorthCh - Nagoya,SEA,PILOT_TO_PILOT,1,1900,1855,2,3,SMLtb,BtwSaki,30.633480497744237,129.96724832639939,92.07999737315282,12.0,380.0240835107436,442.0861281178006
1901,Shanghai NorthCh - Nagoya,SEA,PILOT_TO_PILOT,1,1901,1856,2,3,SMLtb,BtwSaki,30.633145880496333,129.9710995142051,92.07999737315282,12.0,380.2240536913444,441.8861579371998
1902,Shanghai NorthCh - Nagoya,SEA,PILOT_TO_PILOT,1,1902,1857,2,3,SMLtb,BtwSaki,30.6328111497563,129.97495067536826,92.07999737315282,12.0,380.4240238719453,441.68618775659894
1903,Shanghai NorthCh - Nagoya,SEA,PILOT_TO_PILOT,1,1903,1858,2,3,SMLtb,BtwSaki,30.632476305526435,129.97880180988037,92.07999737315282,12.0,380.62399405254615,441.48621757599807
1904,Shanghai NorthCh - Nagoya,SEA,PILOT_TO_PILOT,1,1904,1859,2,3,SMLtb,BtwSaki,30.63214134780904,129.98265291773293,92.07999737315282,12.0,380.82396423314697,441.28624739539725
1905,Shanghai NorthCh - Nagoya,SEA,PILOT_TO_PILOT,1,1905,1860,2,3,SMLtb,BtwSaki,30.63180627660639,129.98650399891747,92.07999737315282,12.0,381.02393441374784,441.0862772147964
1906,Shanghai NorthCh - Nagoya,SEA,PILOT_TO_PILOT,1,1906,1861,2,3,SMLtb,BtwSaki,30.63147109192083,129.99035505342547,92.07999737315282,12.0,381.22390459434865,440.88630703419557
1907,Shanghai NorthCh - Nagoya,SEA,PILOT_TO_PILOT,1,1907,1862,2,3,SMLtb,BtwSaki,30.631135793754613,129.99420608124842,92.07999737315282,12.0,381.4238747749495,440.6863368535947
1908,Shanghai NorthCh - Nagoya,SEA,PILOT_TO_PILOT,1,1908,1863,2,3,SMLtb,BtwSaki,30.630800382110063,129.99805708237787,92.07999737315282,12.0,381.62384495555034,440.4863666729939
1909,Shanghai NorthCh - Nagoya,SEA,PILOT_TO_PILOT,1,1909,1864,2,3,SMLtb,BtwSaki,30.63046485698949,130.00190805680535,92.07999737315282,12.0,381.8238151361512,440.286396492393
1910,Shanghai NorthCh - Nagoya,SEA,PILOT_TO_PILOT,1,1910,1865,2,3,SMLtb,BtwSaki,30.630129218395183,130.0057590045223,92.07999737315282,12.0,382.0237853167521,440.08642631179214
1911,Shanghai NorthCh - Nagoya,SEA,PILOT_TO_PILOT,1,1911,1866,2,3,SMLtb,BtwSaki,30.629793466329446,130.00960992552027,92.07999737315282,12.0,382.2237554973529,439.8864561311913
1912,Shanghai NorthCh - Nagoya,SEA,PILOT_TO_PILOT,1,1912,1867,2,3,SMLtb,BtwSaki,30.629457600794606,130.01346081979077,92.07999737315282,12.0,382.42372567795377,439.68648595059045
1913,Shanghai NorthCh - Nagoya,SEA,PILOT_TO_PILOT,1,1913,1868,2,3,SMLtb,BtwSaki,30.629121621792926,130.0173116873253,92.07999737315282,12.0,382.6236958585546,439.48651576998964
1914,Shanghai NorthCh - Nagoya,SEA,PILOT_TO_PILOT,1,1914,1869,2,3,SMLtb,BtwSaki,30.62878552932675,130.0211625281154,92.07999737315282,12.0,382.82366603915546,439.28654558938877
1915,Shanghai NorthCh - Nagoya,SEA,PILOT_TO_PILOT,1,1915,1870,2,3,SMLtb,BtwSaki,30.62844932339835,130.02501334215256,92.07999737315282,12.0,383.02363621975627,439.08657540878795
1916,Shanghai NorthCh - Nagoya,SEA,PILOT_TO_PILOT,1,1916,1871,2,3,SMLtb,BtwSaki,30.628113004010064,130.02886412942829,92.07999737315282,12.0,383.22360640035714,438.8866052281871
1917,Shanghai NorthCh - Nagoya,SEA,PILOT_TO_PILOT,1,1917,1872,2,3,SMLtb,BtwSaki,30.627776571164187,130.0327148899341,92.07999737315282,12.0,383.423576580958,438.6866350475862
1918,Shanghai NorthCh - Nagoya,SEA,PILOT_TO_PILOT,1,1918,1873,2,3,SMLtb,BtwSaki,30.62744002486302,130.03656562366155,92.07999737315282,12.0,383.6235467615588,438.4866648669854
1919,Shanghai NorthCh - Nagoya,SEA,PILOT_TO_PILOT,1,1919,1874,2,3,SMLtb,BtwSaki,30.62710336510889,130.04041633060208,92.07999737315282,12.0,383.8235169421597,438.2866946863845
1920,Shanghai NorthCh - Nagoya,SEA,PILOT_TO_PILOT,1,1920,1875,2,3,SMLtb,BtwSaki,30.62676659190409,130.0442670107473,92.07999737315282,12.0,384.0234871227605,438.0867245057837
1921,Shanghai NorthCh - Nagoya,SEA,PILOT_TO_PILOT,1,1921,1876,2,3,SMLtb,BtwSaki,30.626429705250953,130.04811766408866,92.07999737315282,12.0,384.2234573033614,437.88675432518284
1922,Shanghai NorthCh - Nagoya,SEA,PILOT_TO_PILOT,1,1922,1877,2,3,SMLtb,BtwSaki,30.62609270515176,130.05196829061768,92.07999737315282,12.0,384.4234274839622,437.686784144582
1923,Shanghai NorthCh - Nagoya,SEA,PILOT_TO_PILOT,1,1923,1878,2,3,SMLtb,BtwSaki,30.625755591608836,130.05581889032592,92.07999737315282,12.0,384.6233976645631,437.48681396398115
1924,Shanghai NorthCh - Nagoya,SEA,PILOT_TO_PILOT,1,1924,1879,2,3,SMLtb,BtwSaki,30.625418364624508,130.05966946320487,92.07999737315282,12.0,384.82336784516394,437.2868437833803
1925,Shanghai NorthCh - Nagoya,SEA,PILOT_TO_PILOT,1,1925,1880,2,3,SMLtb,BtwSaki,30.625081024201076,130.06352000924608,92.07999737315282,12.0,385.02333802576476,437.08687360277946
1926,Shanghai NorthCh - Nagoya,SEA,PILOT_TO_PILOT,1,1926,1881,2,3,SMLtb,BtwSaki,30.624743570340843,130.06737052844102,92.07999737315282,12.0,385.22330820636563,436.8869034221786
1927,Shanghai NorthCh - Nagoya,SEA,PILOT_TO_PILOT,1,1927,1882,2,3,SMLtb,BtwSaki,30.624406003046154,130.07122102078125,92.07999737315282,12.0,385.42327838696644,436.6869332415778
1928,Shanghai NorthCh - Nagoya,SEA,PILOT_TO_PILOT,1,1928,1883,2,3,SMLtb,BtwSaki,30.624068322319296,130.0750714862583,92.07999737315282,12.0,385.6232485675673,436.4869630609769
1929,Shanghai NorthCh - Nagoya,SEA,PILOT_TO_PILOT,1,1929,1884,2,3,SMLtb,BtwSaki,30.623730528162607,130.0789219248637,92.07999737315282,12.0,385.8232187481682,436.28699288037603
1930,Shanghai NorthCh - Nagoya,SEA,PILOT_TO_PILOT,1,1930,1885,2,3,SMLtb,BtwSaki,30.623392620578386,130.0827723365889,92.07999737315282,12.0,386.023188928769,436.0870226997752
1931,Shanghai NorthCh - Nagoya,SEA,PILOT_TO_PILOT,1,1931,1886,2,3,SMLtb,BtwSaki,30.62305459956897,130.0866227214255,92.07999737315282,12.0,386.2231591093699,435.88705251917435
1932,Shanghai NorthCh - Nagoya,SEA,PILOT_TO_PILOT,1,1932,1887,2,3,SMLtb,BtwSaki,30.622716465136662,130.090473079365,92.07999737315282,12.0,386.4231292899707,435.68708233857353
1933,Shanghai NorthCh - Nagoya,SEA,PILOT_TO_PILOT,1,1933,1888,2,3,SMLtb,BtwSaki,30.62237821728379,130.09432341039894,92.07999737315282,12.0,386.62309947057156,435.48711215797266
1934,Shanghai NorthCh - Nagoya,SEA,PILOT_TO_PILOT,1,1934,1889,2,3,SMLtb,BtwSaki,30.622039856012666,130.09817371451885,92.07999737315282,12.0,386.8230696511724,435.28714197737185
1935,Shanghai NorthCh - Nagoya,SEA,PILOT_TO_PILOT,1,1935,1890,2,3,SMLtb,BtwSaki,30.621701381325625,130.1020239917162,92.07999737315282,12.0,387.02303983177325,435.087171796771
1936,Shanghai NorthCh - Nagoya,SEA,PILOT_TO_PILOT,1,1936,1891,2,3,SMLtb,BtwSaki,30.62136279322497,130.10587424198263,92.07999737315282,12.0,387.2230100123741,434.8872016161701
1937,Shanghai NorthCh - Nagoya,SEA,PILOT_TO_PILOT,1,1937,1892,2,3,SMLtb,BtwSaki,30.621024091713043,130.10972446530954,92.07999737315282,12.0,387.42298019297493,434.6872314355693
1938,Shanghai NorthCh - Nagoya,SEA,PILOT_TO_PILOT,1,1938,1893,2,3,SMLtb,BtwSaki,30.62068527679215,130.11357466168855,92.07999737315282,12.0,387.6229503735758,434.4872612549684
1939,Shanghai NorthCh - Nagoya,SEA,PILOT_TO_PILOT,1,1939,1894,2,3,SMLtb,BtwSaki,30.620346348464622,130.11742483111118,92.07999737315282,12.0,387.8229205541766,434.2872910743676
1940,Shanghai NorthCh - Nagoya,SEA,PILOT_TO_PILOT,1,1940,1895,2,3,SMLtb,BtwSaki,30.620007306732788,130.12127497356894,92.07999737315282,12.0,388.0228907347775,434.08732089376673
1941,Shanghai NorthCh - Nagoya,SEA,PILOT_TO_PILOT,1,1941,1896,2,3,SMLtb,BtwSaki,30.619668151598972,130.12512508905337,92.07999737315282,12.0,388.2228609153783,433.8873507131659
1942,Shanghai NorthCh - Nagoya,SEA,PILOT_TO_PILOT,1,1942,1897,2,3,SMLtb,BtwSaki,30.619328883065492,130.12897517755601,92.07999737315282,12.0,388.4228310959792,433.68738053256504
1943,Shanghai NorthCh - Nagoya,SEA,PILOT_TO_PILOT,1,1943,1898,2,3,SMLtb,BtwSaki,30.61898950113467,130.13282523906835,92.07999737315282,12.0,388.62280127658005,433.4874103519642
1944,Shanghai NorthCh - Nagoya,SEA,PILOT_TO_PILOT,1,1944,1899,2,3,SMLtb,BtwSaki,30.618650005808867,130.13667527358197,92.07999737315282,12.0,388.82277145718086,433.28744017136336
1945,Shanghai NorthCh - Nagoya,SEA,PILOT_TO_PILOT,1,1945,1900,2,3,SMLtb,BtwSaki,30.618310397090376,130.14052528108843,92.07999737315282,12.0,389.02274163778173,433.0874699907625
1946,Shanghai NorthCh - Nagoya,SEA,PILOT_TO_PILOT,1,1946,1901,2,3,SMLtb,BtwSaki,30.617970674981542,130.1443752615792,92.07999737315282,12.0,389.22271181838255,432.88749981016167
1947,Shanghai NorthCh - Nagoya,SEA,PILOT_TO_PILOT,1,1947,1902,2,3,SMLtb,BtwSaki,30.617630839484683,130.14822521504584,92.07999737315282,12.0,389.4226819989834,432.6875296295608
1948,Shanghai NorthCh - Nagoya,SEA,PILOT_TO_PILOT,1,1948,1903,2,3,SMLtb,BtwSaki,30.617290890602142,130.15207514147994,92.07999737315282,12.0,389.62265217958424,432.48755944896
1949,Shanghai NorthCh - Nagoya,SEA,PILOT_TO_PILOT,1,1949,1904,2,3,SMLtb,BtwSaki,30.616950828336243,130.15592504087294,92.07999737315282,12.0,389.8226223601851,432.2875892683591
1950,Shanghai NorthCh - Nagoya,SEA,PILOT_TO_PILOT,1,1950,1905,2,3,SMLtb,BtwSaki,30.616610652689324,130.15977491321647,92.07999737315282,12.0,390.022592540786,432.08761908775824
1951,Shanghai NorthCh - Nagoya,SEA,PILOT_TO_PILOT,1,1951,1906,2,3,SMLtb,BtwSaki,30.616270363663705,130.163624758502,92.07999737315282,12.0,390.2225627213868,431.8876489071574
1952,Shanghai NorthCh - Nagoya,SEA,PILOT_TO_PILOT,1,1952,1907,2,3,SMLtb,BtwSaki,30.61592996126173,130.16747457672113,92.07999737315282,12.0,390.42253290198767,431.68767872655656
1953,Shanghai NorthCh - Nagoya,SEA,PILOT_TO_PILOT,1,1953,1908,2,3,SMLtb,BtwSaki,30.61558944548574,130.1713243678654,92.07999737315282,12.0,390.6225030825885,431.48770854595574
1954,Shanghai NorthCh - Nagoya,SEA,PILOT_TO_PILOT,1,1954,1909,2,3,SMLtb,BtwSaki,30.615248816338053,130.17517413192627,92.07999737315282,12.0,390.82247326318935,431.28773836535487
1955,Shanghai NorthCh - Nagoya,SEA,PILOT_TO_PILOT,1,1955,1910,2,3,SMLtb,BtwSaki,30.61490807382101,130.17902386889534,92.07999737315282,12.0,391.02244344379017,431.08776818475405
1956,Shanghai NorthCh - Nagoya,SEA,PILOT_TO_PILOT,1,1956,1911,2,3,SMLtb,BtwSaki,30.61456721793696,130.1828735787642,92.07999737315282,12.0,391.22241362439104,430.8877980041532
1957,Shanghai NorthCh - Nagoya,SEA,PILOT_TO_PILOT,1,1957,1912,2,3,SMLtb,BtwSaki,30.614226248688215,130.1867232615243,92.07999737315282,12.0,391.4223838049919,430.6878278235523
1958,Shanghai NorthCh - Nagoya,SEA,PILOT_TO_PILOT,1,1958,1913,2,3,SMLtb,BtwSaki,30.61388516607714,130.19057291716726,92.07999737315282,12.0,391.6223539855927,430.4878576429515
1959,Shanghai NorthCh - Nagoya,SEA,PILOT_TO_PILOT,1,1959,1914,2,3,SMLtb,BtwSaki,30.613543970106058,130.19442254568457,92.07999737315282,12.0,391.8223241661936,430.2878874623506
1960,Shanghai NorthCh - Nagoya,SEA,PILOT_TO_PILOT,1,1960,1915,2,3,SMLtb,BtwSaki,30.6132026607773,130.1982721470678,92.07999737315282,12.0,392.0222943467944,430.0879172817498
1961,Shanghai NorthCh - Nagoya,SEA,PILOT_TO_PILOT,1,1961,1916,2,3,SMLtb,BtwSaki,30.61286123809322,130.20212172130854,92.07999737315282,12.0,392.2222645273953,429.88794710114894
1962,Shanghai NorthCh - Nagoya,SEA,PILOT_TO_PILOT,1,1962,1917,2,3,SMLtb,BtwSaki,30.612519702056158,130.20597126839826,92.07999737315282,12.0,392.42223470799615,429.68797692054807
1963,Shanghai NorthCh - Nagoya,SEA,PILOT_TO_PILOT,1,1963,1918,2,3,SMLtb,BtwSaki,30.612178052668455,130.20982078832856,92.07999737315282,12.0,392.62220488859697,429.48800673994725
1964,Shanghai NorthCh - Nagoya,SEA,PILOT_TO_PILOT,1,1964,1919,2,3,SMLtb,BtwSaki,30.611836289932455,130.21367028109097,92.07999737315282,12.0,392.82217506919784,429.2880365593464
1965,Shanghai NorthCh - Nagoya,SEA,PILOT_TO_PILOT,1,1965,1920,2,3,SMLtb,BtwSaki,30.611494413850483,130.21751974667706,92.07999737315282,12.0,393.02214524979865,429.08806637874557
1966,Shanghai NorthCh - Nagoya,SEA,PILOT_TO_PILOT,1,1966,1921,2,3,SMLtb,BtwSaki,30.61115242442491,130.22136918507834,92.07999737315282,12.0,393.2221154303995,428.8880961981447
1967,Shanghai NorthCh - Nagoya,SEA,PILOT_TO_PILOT,1,1967,1922,2,3,SMLtb,BtwSaki,30.610810321658057,130.2252185962864,92.07999737315282,12.0,393.42208561100034,428.6881260175439
1968,Shanghai NorthCh - Nagoya,SEA,PILOT_TO_PILOT,1,1968,1923,2,3,SMLtb,BtwSaki,30.61046810555229,130.22906798029274,92.07999737315282,12.0,393.6220557916012,428.488155836943
1969,Shanghai NorthCh - Nagoya,SEA,PILOT_TO_PILOT,1,1969,1924,2,3,SMLtb,BtwSaki,30.61012577610992,130.232917337089,92.07999737315282,12.0,393.8220259722021,428.28818565634214
1970,Shanghai NorthCh - Nagoya,SEA,PILOT_TO_PILOT,2,1970,0,3,4,BtwSaki,ToiMisaki,30.609783333333336,130.23676666666665,58.81953173895249,12.0,394.0219961528029,428.0882154757413
1971,Shanghai NorthCh - Nagoya,SEA,PILOT_TO_PILOT,2,1971,1,3,4,BtwSaki,ToiMisaki,30.611508827297634,130.24007977378244,58.81953173895249,12.0,394.2221021693867,427.88810945915753
1972,Shanghai NorthCh - Nagoya,SEA,PILOT_TO_PILOT,2,1972,2,3,4,BtwSaki,ToiMisaki,30.613234237299345,130.24339299896633,58.81953173895249,12.0,394.4222081859704,427.6880034425738
1973,Shanghai NorthCh - Nagoya,SEA,PILOT_TO_PILOT,2,1973,3,3,4,BtwSaki,ToiMisaki,30.614959563329727,130.2467063422249,58.81953173895249,12.0,394.6223142025542,427.48789742599
1974,Shanghai NorthCh - Nagoya,SEA,PILOT_TO_PILOT,2,1974,4,3,4,BtwSaki,ToiMisaki,30.616684805379982,130.25001980356475,58.81953173895249,12.0,394.822420219138,427.2877914094062
1975,Shanghai NorthCh - Nagoya,SEA,PILOT_TO_PILOT,2,1975,5,3,4,BtwSaki,ToiMisaki,30.61840996344137,130.25333338299242,58.81953173895249,12.0,395.0225262357217,427.0876853928225
1976,Shanghai NorthCh - Nagoya,SEA,PILOT_TO_PILOT,2,1976,6,3,4,BtwSaki,ToiMisaki,30.62013503750513,130.25664708051454,58.81953173895249,12.0,395.2226322523055,426.8875793762387
1977,Shanghai NorthCh - Nagoya,SEA,PILOT_TO_PILOT,2,1977,7,3,4,BtwSaki,ToiMisaki,30.621860027562487,130.2599608961376,58.81953173895249,12.0,395.4227382688893,426.6874733596549
1978,Shanghai NorthCh - Nagoya,SEA,PILOT_TO_PILOT,2,1978,8,3,4,BtwSaki,ToiMisaki,30.62358493360468,130.26327482986824,58.81953173895249,12.0,395.62284428547304,426.4873673430712
1979,Shanghai NorthCh - Nagoya,SEA,PILOT_TO_PILOT,2,1979,9,3,4,BtwSaki,ToiMisaki,30.625309755622947,130.266588881713,58.81953173895249,12.0,395.8229503020568,426.2872613264874
1980,Shanghai NorthCh - Nagoya,SEA,PILOT_TO_PILOT,2,1980,10,3,4,BtwSaki,ToiMisaki,30.627034493608523,130.26990305167843,58.81953173895249,12.0,396.0230563186406,426.0871553099036
1981,Shanghai NorthCh - Nagoya,SEA,PILOT_TO_PILOT,2,1981,11,3,4,BtwSaki,ToiMisaki,30.628759147552636,130.27321733977115,58.81953173895249,12.0,396.22316233522434,425.8870492933199
1982,Shanghai NorthCh - Nagoya,SEA,PILOT_TO_PILOT,2,1982,12,3,4,BtwSaki,ToiMisaki,30.630483717446527,130.27653174599763,58.81953173895249,12.0,396.42326835180813,425.6869432767361
1983,Shanghai NorthCh - Nagoya,SEA,PILOT_TO_PILOT,2,1983,13,3,4,BtwSaki,ToiMisaki,30.632208203281426,130.27984627036452,58.81953173895249,12.0,396.6233743683919,425.4868372601523
1984,Shanghai NorthCh - Nagoya,SEA,PILOT_TO_PILOT,2,1984,14,3,4,BtwSaki,ToiMisaki,30.63393260504856,130.28316091287834,58.81953173895249,12.0,396.82348038497565,425.28673124356857
1985,Shanghai NorthCh - Nagoya,SEA,PILOT_TO_PILOT,2,1985,15,3,4,BtwSaki,ToiMisaki,30.63565692273916,130.28647567354568,58.81953173895249,12.0,397.02358640155944,425.0866252269848
1986,Shanghai NorthCh - Nagoya,SEA,PILOT_TO_PILOT,2,1986,16,3,4,BtwSaki,ToiMisaki,30.637381156344475,130.2897905523731,58.81953173895249,12.0,397.22369241814323,424.886519210401
1987,Shanghai NorthCh - Nagoya,SEA,PILOT_TO_PILOT,2,1987,17,3,4,BtwSaki,ToiMisaki,30.639105305855715,130.2931055493671,58.81953173895249,12.0,397.42379843472696,424.68641319381726
1988,Shanghai NorthCh - Nagoya,SEA,PILOT_TO_PILOT,2,1988,18,3,4,BtwSaki,ToiMisaki,30.64082937126413,130.29642066453434,58.81953173895249,12.0,397.62390445131075,424.48630717723347
1989,Shanghai NorthCh - Nagoya,SEA,PILOT_TO_PILOT,2,1989,19,3,4,BtwSaki,ToiMisaki,30.64255335256093,130.29973589788128,58.81953173895249,12.0,397.82401046789454,424.2862011606497
1990,Shanghai NorthCh - Nagoya,SEA,PILOT_TO_PILOT,2,1990,20,3,4,BtwSaki,ToiMisaki,30.644277249737364,130.3030512494145,58.81953173895249,12.0,398.02411648447827,424.08609514406595
1991,Shanghai NorthCh - Nagoya,SEA,PILOT_TO_PILOT,2,1991,21,3,4,BtwSaki,ToiMisaki,30.64600106278464,130.30636671914064,58.81953173895249,12.0,398.22422250106206,423.88598912748216
1992,Shanghai NorthCh - Nagoya,SEA,PILOT_TO_PILOT,2,1992,22,3,4,BtwSaki,ToiMisaki,30.647724791694007,130.3096823070661,58.81953173895249,12.0,398.42432851764585,423.6858831108984
1993,Shanghai NorthCh - Nagoya,SEA,PILOT_TO_PILOT,2,1993,23,3,4,BtwSaki,ToiMisaki,30.64944843645668,130.31299801319759,58.81953173895249,12.0,398.6244345342296,423.48577709431464
1994,Shanghai NorthCh - Nagoya,SEA,PILOT_TO_PILOT,2,1994,24,3,4,BtwSaki,ToiMisaki,30.651171997063887,130.31631383754157,58.81953173895249,12.0,398.82454055081337,423.28567107773085
1995,Shanghai NorthCh - Nagoya,SEA,PILOT_TO_PILOT,2,1995,25,3,4,BtwSaki,ToiMisaki,30.65289547350687,130.31962978010458,58.81953173895249,12.0,399.02464656739716,423.08556506114707
1996,Shanghai NorthCh - Nagoya,SEA,PILOT_TO_PILOT,2,1996,26,3,4,BtwSaki,ToiMisaki,30.654618865776843,130.32294584089325,58.81953173895249,12.0,399.2247525839809,422.88545904456333
1997,Shanghai NorthCh - Nagoya,SEA,PILOT_TO_PILOT,2,1997,27,3,4,BtwSaki,ToiMisaki,30.656342173865024,130.32626201991405,58.81953173895249,12.0,399.4248586005647,422.68535302797955
1998,Shanghai NorthCh - Nagoya,SEA,PILOT_TO_PILOT,2,1998,28,3,4,BtwSaki,ToiMisaki,30.658065397762652,130.32957831717357,58.81953173895249,12.0,399.62496461714846,422.48524701139576
1999,Shanghai NorthCh - Nagoya,SEA,PILOT_TO_PILOT,2,1999,29,3,4,BtwSaki,ToiMisaki,30.659788537460955,130.33289473267834,58.81953173895249,12.0,399.8250706337322,422.285140994812
2000,Shanghai NorthCh - Nagoya,SEA,PILOT_TO_PILOT,2,2000,30,3,4,BtwSaki,ToiMisaki,30.661511592951136,130.33621126643487,58.81953173895249,12.0,400.025176650316,422.08503497822824
2001,Shanghai NorthCh - Nagoya,SEA,PILOT_TO_PILOT,2,2001,31,3,4,BtwSaki,ToiMisaki,30.66323456422445,130.3395279184498,58.81953173895249,12.0,400.2252826668998,421.88492896164445
2002,Shanghai NorthCh - Nagoya,SEA,PILOT_TO_PILOT,2,2002,32,3,4,BtwSaki,ToiMisaki,30.664957451272087,130.34284468872957,58.81953173895249,12.0,400.4253886834835,421.6848229450607
2003,Shanghai NorthCh - Nagoya,SEA,PILOT_TO_PILOT,2,2003,33,3,4,BtwSaki,ToiMisaki,30.666680254085293,130.34616157728078,58.81953173895249,12.0,400.6254947000673,421.4847169284769
2004,Shanghai NorthCh - Nagoya,SEA,PILOT_TO_PILOT,2,2004,34,3,4,BtwSaki,ToiMisaki,30.668402972655286,130.34947858410996,58.81953173895249,12.0,400.8256007166511,421.28461091189314
2005,Shanghai NorthCh - Nagoya,SEA,PILOT_TO_PILOT,2,2005,35,3,4,BtwSaki,ToiMisaki,30.670125606973283,130.35279570922367,58.81953173895249,12.0,401.0257067332348,421.0845048953094
2006,Shanghai NorthCh - Nagoya,SEA,PILOT_TO_PILOT,2,2006,36,3,4,BtwSaki,ToiMisaki,30.671848157030517,130.3561129526284,58.81953173895249,12.0,401.2258127498186,420.8843988787256
2007,Shanghai NorthCh - Nagoya,SEA,PILOT_TO_PILOT,2,2007,37,3,4,BtwSaki,ToiMisaki,30.673570622818186,130.35943031433072,58.81953173895249,12.0,401.4259187664024,420.68429286214183
2008,Shanghai NorthCh - Nagoya,SEA,PILOT_TO_PILOT,2,2008,38,3,4,BtwSaki,ToiMisaki,30.675293004327546,130.36274779433714,58.81953173895249,12.0,401.6260247829861,420.4841868455581
2009,Shanghai NorthCh - Nagoya,SEA,PILOT_TO_PILOT,2,2009,39,3,4,BtwSaki,ToiMisaki,30.67701530154978,130.36606539265426,58.81953173895249,12.0,401.8261307995699,420.2840808289743
2010,Shanghai NorthCh - Nagoya,SEA,PILOT_TO_PILOT,2,2010,40,3,4,BtwSaki,ToiMisaki,30.678737514476126,130.36938310928852,58.81953173895249,12.0,402.0262368161537,420.0839748123905
2011,Shanghai NorthCh - Nagoya,SEA,PILOT_TO_PILOT,2,2011,41,3,4,BtwSaki,ToiMisaki,30.68045964309781,130.37270094424653,58.81953173895249,12.0,402.2263428327375,419.88386879580673
2012,Shanghai NorthCh - Nagoya,SEA,PILOT_TO_PILOT,2,2012,42,3,4,BtwSaki,ToiMisaki,30.682181687406022,130.3760188975348,58.81953173895249,12.0,402.4264488493212,419.683762779223
2013,Shanghai NorthCh - Nagoya,SEA,PILOT_TO_PILOT,2,2013,43,3,4,BtwSaki,ToiMisaki,30.68390364739202,130.37933696915985,58.81953173895249,12.0,402.626554865905,419.4836567626392
2014,Shanghai NorthCh - Nagoya,SEA,PILOT_TO_PILOT,2,2014,44,3,4,BtwSaki,ToiMisaki,30.685625523046998,130.38265515912818,58.81953173895249,12.0,402.8266608824888,419.2835507460554
2015,Shanghai NorthCh - Nagoya,SEA,PILOT_TO_PILOT,2,2015,45,3,4,BtwSaki,ToiMisaki,30.687347314362164,130.38597346744638,58.81953173895249,12.0,403.0267668990725,419.0834447294717
2016,Shanghai NorthCh - Nagoya,SEA,PILOT_TO_PILOT,2,2016,46,3,4,BtwSaki,ToiMisaki,30.689069021328756,130.38929189412096,58.81953173895249,12.0,403.2268729156563,418.8833387128879
2017,Shanghai NorthCh - Nagoya,SEA,PILOT_TO_PILOT,2,2017,47,3,4,BtwSaki,ToiMisaki,30.690790643937984,130.39261043915843,58.81953173895249,12.0,403.4269789322401,418.6832326963041
2018,Shanghai NorthCh - Nagoya,SEA,PILOT_TO_PILOT,2,2018,48,3,4,BtwSaki,ToiMisaki,30.692512182181048,130.39592910256533,58.81953173895249,12.0,403.62708494882384,418.4831266797204
2019,Shanghai NorthCh - Nagoya,SEA,PILOT_TO_PILOT,2,2019,49,3,4,BtwSaki,ToiMisaki,30.694233636049184,130.39924788434814,58.81953173895249,12.0,403.8271909654076,418.2830206631366
2020,Shanghai NorthCh - Nagoya,SEA,PILOT_TO_PILOT,2,2020,50,3,4,BtwSaki,ToiMisaki,30.695955005533595,130.40256678451345,58.81953173895249,12.0,404.0272969819914,418.0829146465528
2021,Shanghai NorthCh - Nagoya,SEA,PILOT_TO_PILOT,2,2021,51,3,4,BtwSaki,ToiMisaki,30.697676290625495,130.40588580306775,58.81953173895249,12.0,404.22740299857514,417.8828086299691
2022,Shanghai NorthCh - Nagoya,SEA,PILOT_TO_PILOT,2,2022,52,3,4,BtwSaki,ToiMisaki,30.69939749131611,130.40920494001756,58.81953173895249,12.0,404.42750901515893,417.6827026133853
2023,Shanghai NorthCh - Nagoya,SEA,PILOT_TO_PILOT,2,2023,53,3,4,BtwSaki,ToiMisaki,30.701118607596626,130.4125241953694,58.81953173895249,12.0,404.6276150317427,417.4825965968015
2024,Shanghai NorthCh - Nagoya,SEA,PILOT_TO_PILOT,2,2024,54,3,4,BtwSaki,ToiMisaki,30.702839639458276,130.41584356912978,58.81953173895249,12.0,404.82772104832645,417.28249058021777
2025,Shanghai NorthCh - Nagoya,SEA,PILOT_TO_PILOT,2,2025,55,3,4,BtwSaki,ToiMisaki,30.70456058689228,130.41916306130526,58.81953173895249,12.0,405.02782706491024,417.082384563634
2026,Shanghai NorthCh - Nagoya,SEA,PILOT_TO_PILOT,2,2026,56,3,4,BtwSaki,ToiMisaki,30.706281449889836,130.4224826719023,58.81953173895249,12.0,405.22793308149403,416.8822785470502
2027,Shanghai NorthCh - Nagoya,SEA,PILOT_TO_PILOT,2,2027,57,3,4,BtwSaki,ToiMisaki,30.708002228442147,130.4258024009274,58.81953173895249,12.0,405.42803909807776,416.68217253046646
2028,Shanghai NorthCh - Nagoya,SEA,PILOT_TO_PILOT,2,2028,58,3,4,BtwSaki,ToiMisaki,30.709722922540436,130.42912224838716,58.81953173895249,12.0,405.62814511466155,416.48206651388267
2029,Shanghai NorthCh - Nagoya,SEA,PILOT_TO_PILOT,2,2029,59,3,4,BtwSaki,ToiMisaki,30.711443532175917,130.43244221428805,58.81953173895249,12.0,405.82825113124534,416.2819604972989
2030,Shanghai NorthCh - Nagoya,SEA,PILOT_TO_PILOT,2,2030,60,3,4,BtwSaki,ToiMisaki,30.71316405733978,130.43576229863658,58.81953173895249,12.0,406.02835714782907,416.08185448071515
2031,Shanghai NorthCh - Nagoya,SEA,PILOT_TO_PILOT,2,2031,61,3,4,BtwSaki,ToiMisaki,30.714884498023252,130.4390825014392,58.81953173895249,12.0,406.22846316441286,415.88174846413136
2032,Shanghai NorthCh - Nagoya,SEA,PILOT_TO_PILOT,2,2032,62,3,4,BtwSaki,ToiMisaki,30.716604854217547,130.44240282270255,58.81953173895249,12.0,406.42856918099665,415.6816424475476
2033,Shanghai NorthCh - Nagoya,SEA,PILOT_TO_PILOT,2,2033,63,3,4,BtwSaki,ToiMisaki,30.718325125913857,130.44572326243306,58.81953173895249,12.0,406.6286751975804,415.48153643096384
2034,Shanghai NorthCh - Nagoya,SEA,PILOT_TO_PILOT,2,2034,64,3,4,BtwSaki,ToiMisaki,30.720045313103387,130.4490438206372,58.81953173895249,12.0,406.82878121416417,415.28143041438005
2035,Shanghai NorthCh - Nagoya,SEA,PILOT_TO_PILOT,2,2035,65,3,4,BtwSaki,ToiMisaki,30.72176541577736,130.45236449732155,58.81953173895249,12.0,407.02888723074796,415.08132439779627
2036,Shanghai NorthCh - Nagoya,SEA,PILOT_TO_PILOT,2,2036,66,3,4,BtwSaki,ToiMisaki,30.723485433926975,130.45568529249257,58.81953173895249,12.0,407.2289932473317,414.88121838121253
2037,Shanghai NorthCh - Nagoya,SEA,PILOT_TO_PILOT,2,2037,67,3,4,BtwSaki,ToiMisaki,30.72520536754343,130.4590062061568,58.81953173895249,12.0,407.4290992639155,414.68111236462875
2038,Shanghai NorthCh - Nagoya,SEA,PILOT_TO_PILOT,2,2038,68,3,4,BtwSaki,ToiMisaki,30.726925216617936,130.4623272383207,58.81953173895249,12.0,407.62920528049926,414.48100634804496
2039,Shanghai NorthCh - Nagoya,SEA,PILOT_TO_PILOT,2,2039,69,3,4,BtwSaki,ToiMisaki,30.72864498114171,130.46564838899081,58.81953173895249,12.0,407.829311297083,414.2809003314612
2040,Shanghai NorthCh - Nagoya,SEA,PILOT_TO_PILOT,2,2040,70,3,4,BtwSaki,ToiMisaki,30.73036466110594,130.46896965817362,58.81953173895249,12.0,408.0294173136668,414.08079431487744
2041,Shanghai NorthCh - Nagoya,SEA,PILOT_TO_PILOT,2,2041,71,3,4,BtwSaki,ToiMisaki,30.732084256501835,130.47229104587564,58.81953173895249,12.0,408.2295233302506,413.88068829829365
2042,Shanghai NorthCh - Nagoya,SEA,PILOT_TO_PILOT,2,2042,72,3,4,BtwSaki,ToiMisaki,30.7338037673206,130.47561255210334,58.81953173895249,12.0,408.4296293468343,413.6805822817099
2043,Shanghai NorthCh - Nagoya,SEA,PILOT_TO_PILOT,2,2043,73,3,4,BtwSaki,ToiMisaki,30.735523193553433,130.47893417686322,58.81953173895249,12.0,408.6297353634181,413.48047626512613
2044,Shanghai NorthCh - Nagoya,SEA,PILOT_TO_PILOT,2,2044,74,3,4,BtwSaki,ToiMisaki,30.737242535191555,130.48225592016178,58.81953173895249,12.0,408.8298413800019,413.28037024854234
2045,Shanghai NorthCh - Nagoya,SEA,PILOT_TO_PILOT,2,2045,75,3,4,BtwSaki,ToiMisaki,30.738961792226146,130.48557778200555,58.81953173895249,12.0,409.0299473965856,413.0802642319586
2046,Shanghai NorthCh - Nagoya,SEA,PILOT_TO_PILOT,2,2046,76,3,4,BtwSaki,ToiMisaki,30.740680964648412,130.488899762401,58.81953173895249,12.0,409.2300534131694,412.8801582153748
2047,Shanghai NorthCh - Nagoya,SEA,PILOT_TO_PILOT,2,2047,77,3,4,BtwSaki,ToiMisaki,30.742400052449568,130.49222186135458,58.81953173895249,12.0,409.4301594297532,412.68005219879103
2048,Shanghai NorthCh - Nagoya,SEA,PILOT_TO_PILOT,2,2048,78,3,4,BtwSaki,ToiMisaki,30.74411905562079,130.49554407887285,58.81953173895249,12.0,409.6302654463369,412.4799461822073
2049,Shanghai NorthCh - Nagoya,SEA,PILOT_TO_PILOT,2,2049,79,3,4,BtwSaki,ToiMisaki,30.745837974153307,130.4988664149623,58.81953173895249,12.0,409.8303714629207,412.2798401656235
2050,Shanghai NorthCh - Nagoya,SEA,PILOT_TO_PILOT,2,2050,80,3,4,BtwSaki,ToiMisaki,30.747556808038293,130.50218886962935,58.81953173895249,12.0,410.0304774795045,412.0797341490397
2051,Shanghai NorthCh - Nagoya,SEA,PILOT_TO_PILOT,2,2051,81,3,4,BtwSaki,ToiMisaki,30.74927555726697,130.50551144288053,58.81953173895249,12.0,410.23058349608823,411.879628132456
2052,Shanghai NorthCh - Nagoya,SEA,PILOT_TO_PILOT,2,2052,82,3,4,BtwSaki,ToiMisaki,30.75099422183051,130.50883413472235,58.81953173895249,12.0,410.430689512672,411.6795221158722
2053,Shanghai NorthCh - Nagoya,SEA,PILOT_TO_PILOT,2,2053,83,3,4,BtwSaki,ToiMisaki,30.752712801720122,130.51215694516125,58.81953173895249,12.0,410.6307955292558,411.4794160992884
2054,Shanghai NorthCh - Nagoya,SEA,PILOT_TO_PILOT,2,2054,84,3,4,BtwSaki,ToiMisaki,30.75443129692702,130.51547987420375,58.81953173895249,12.0,410.83090154583954,411.2793100827047
2055,Shanghai NorthCh - Nagoya,SEA,PILOT_TO_PILOT,2,2055,85,3,4,BtwSaki,ToiMisaki,30.75614970744238,130.51880292185635,58.81953173895249,12.0,411.0310075624233,411.0792040661209
2056,Shanghai NorthCh - Nagoya,SEA,PILOT_TO_PILOT,2,2056,86,3,4,BtwSaki,ToiMisaki,30.757868033257413,130.52212608812548,58.81953173895249,12.0,411.2311135790071,410.8790980495371
2057,Shanghai NorthCh - Nagoya,SEA,PILOT_TO_PILOT,2,2057,87,3,4,BtwSaki,ToiMisaki,30.759586274363304,130.52544937301764,58.81953173895249,12.0,411.43121959559085,410.6789920329534
2058,Shanghai NorthCh - Nagoya,SEA,PILOT_TO_PILOT,2,2058,88,3,4,BtwSaki,ToiMisaki,30.761304430751245,130.5287727765393,58.81953173895249,12.0,411.63132561217463,410.4788860163696
2059,Shanghai NorthCh - Nagoya,SEA,PILOT_TO_PILOT,2,2059,89,3,4,BtwSaki,ToiMisaki,30.76302250241245,130.532096298697,58.81953173895249,12.0,411.8314316287584,410.2787799997858
2060,Shanghai NorthCh - Nagoya,SEA,PILOT_TO_PILOT,2,2060,90,3,4,BtwSaki,ToiMisaki,30.76474048933809,130.5354199394972,58.81953173895249,12.0,412.03153764534215,410.07867398320207
2061,Shanghai NorthCh - Nagoya,SEA,PILOT_TO_PILOT,2,2061,91,3,4,BtwSaki,ToiMisaki,30.766458391519382,130.53874369894626,58.81953173895249,12.0,412.23164366192594,409.8785679666183
2062,Shanghai NorthCh - Nagoya,SEA,PILOT_TO_PILOT,2,2062,92,3,4,BtwSaki,ToiMisaki,30.76817620894751,130.54206757705083,58.81953173895249,12.0,412.43174967850973,409.6784619500345
2063,Shanghai NorthCh - Nagoya,SEA,PILOT_TO_PILOT,2,2063,93,3,4,BtwSaki,ToiMisaki,30.76989394161365,130.54539157381728,58.81953173895249,12.0,412.63185569509346,409.47835593345076
2064,Shanghai NorthCh - Nagoya,SEA,PILOT_TO_PILOT,2,2064,94,3,4,BtwSaki,ToiMisaki,30.77161158950902,130.5487156892521,58.81953173895249,12.0,412.83196171167725,409.27824991686697
2065,Shanghai NorthCh - Nagoya,SEA,PILOT_TO_PILOT,2,2065,95,3,4,BtwSaki,ToiMisaki,30.77332915262481,130.55203992336178,58.81953173895249,12.0,413.03206772826104,409.0781439002832
2066,Shanghai NorthCh - Nagoya,SEA,PILOT_TO_PILOT,2,2066,96,3,4,BtwSaki,ToiMisaki,30.775046630952183,130.55536427615277,58.81953173895249,12.0,413.2321737448448,408.87803788369945
2067,Shanghai NorthCh - Nagoya,SEA,PILOT_TO_PILOT,2,2067,97,3,4,BtwSaki,ToiMisaki,30.776764024482375,130.55868874763155,58.81953173895249,12.0,413.43227976142856,408.67793186711566
2068,Shanghai NorthCh - Nagoya,SEA,PILOT_TO_PILOT,2,2068,98,3,4,BtwSaki,ToiMisaki,30.778481333206535,130.56201333780461,58.81953173895249,12.0,413.63238577801235,408.4778258505319
2069,Shanghai NorthCh - Nagoya,SEA,PILOT_TO_PILOT,2,2069,99,3,4,BtwSaki,ToiMisaki,30.78019855711588,130.5653380466784,58.81953173895249,12.0,413.8324917945961,408.27771983394814
2070,Shanghai NorthCh - Nagoya,SEA,PILOT_TO_PILOT,2,2070,100,3,4,BtwSaki,ToiMisaki,30.78191569620158,130.5686628742594,58.81953173895249,12.0,414.03259781117987,408.07761381736435
2071,Shanghai NorthCh - Nagoya,SEA,PILOT_TO_PILOT,2,2071,101,3,4,BtwSaki,ToiMisaki,30.78363275045483,130.57198782055403,58.81953173895249,12.0,414.23270382776366,407.87750780078056
2072,Shanghai NorthCh - Nagoya,SEA,PILOT_TO_PILOT,2,2072,102,3,4,BtwSaki,ToiMisaki,30.785349719866836,130.5753128855688,58.81953173895249,12.0,414.4328098443474,407.67740178419683
2073,Shanghai NorthCh - Nagoya,SEA,PILOT_TO_PILOT,2,2073,103,3,4,BtwSaki,ToiMisaki,30.787066604428766,130.57863806931013,58.81953173895249,12.0,414.6329158609312,407.47729576761304
2074,Shanghai NorthCh - Nagoya,SEA,PILOT_TO_PILOT,2,2074,104,3,4,BtwSaki,ToiMisaki,30.788783404131813,130.58196337178458,58.81953173895249,12.0,414.83302187751497,407.27718975102925
2075,Shanghai NorthCh - Nagoya,SEA,PILOT_TO_PILOT,2,2075,105,3,4,BtwSaki,ToiMisaki,30.79050011896717,130.5852887929985,58.81953173895249,12.0,415.0331278940987,407.0770837344455
2076,Shanghai NorthCh - Nagoya,SEA,PILOT_TO_PILOT,2,2076,106,3,4,BtwSaki,ToiMisaki,30.79221674892601,130.5886143329584,58.81953173895249,12.0,415.2332339106825,406.87697771786173
2077,Shanghai NorthCh - Nagoya,SEA,PILOT_TO_PILOT,2,2077,107,3,4,BtwSaki,ToiMisaki,30.793933293999526,130.59193999167076,58.81953173895249,12.0,415.4333399272663,406.67687170127795
2078,Shanghai NorthCh - Nagoya,SEA,PILOT_TO_PILOT,2,2078,108,3,4,BtwSaki,ToiMisaki,30.79564975417891,130.59526576914197,58.81953173895249,12.0,415.63344594385,406.4767656846942
2079,Shanghai NorthCh - Nagoya,SEA,PILOT_TO_PILOT,2,2079,109,3,4,BtwSaki,ToiMisaki,30.79736612945534,130.59859166537856,58.81953173895249,12.0,415.8335519604338,406.2766596681104
2080,Shanghai NorthCh - Nagoya,SEA,PILOT_TO_PILOT,2,2080,110,3,4,BtwSaki,ToiMisaki,30.79908241982,130.60191768038698,58.81953173895249,12.0,416.0336579770176,406.07655365152664
2081,Shanghai NorthCh - Nagoya,SEA,PILOT_TO_PILOT,2,2081,111,3,4,BtwSaki,ToiMisaki,30.80079862526408,130.6052438141736,58.81953173895249,12.0,416.2337639936013,405.8764476349429
2082,Shanghai NorthCh - Nagoya,SEA,PILOT_TO_PILOT,2,2082,112,3,4,BtwSaki,ToiMisaki,30.802514745778762,130.60857006674496,58.81953173895249,12.0,416.4338700101851,405.6763416183591
2083,Shanghai NorthCh - Nagoya,SEA,PILOT_TO_PILOT,2,2083,113,3,4,BtwSaki,ToiMisaki,30.804230781355223,130.6118964381075,58.81953173895249,12.0,416.6339760267689,405.47623560177533
2084,Shanghai NorthCh - Nagoya,SEA,PILOT_TO_PILOT,2,2084,114,3,4,BtwSaki,ToiMisaki,30.805946731984648,130.61522292826766,58.81953173895249,12.0,416.8340820433526,405.2761295851916
2085,Shanghai NorthCh - Nagoya,SEA,PILOT_TO_PILOT,2,2085,115,3,4,BtwSaki,ToiMisaki,30.80766259765822,130.61854953723187,58.81953173895249,12.0,417.0341880599364,405.0760235686078
2086,Shanghai NorthCh - Nagoya,SEA,PILOT_TO_PILOT,2,2086,116,3,4,BtwSaki,ToiMisaki,30.809378378367118,130.6218762650066,58.81953173895249,12.0,417.2342940765202,404.875917552024
2087,Shanghai NorthCh - Nagoya,SEA,PILOT_TO_PILOT,2,2087,117,3,4,BtwSaki,ToiMisaki,30.811094074102527,130.6252031115983,58.81953173895249,12.0,417.43440009310393,404.6758115354403
2088,Shanghai NorthCh - Nagoya,SEA,PILOT_TO_PILOT,2,2088,118,3,4,BtwSaki,ToiMisaki,30.81280968485564,130.6285300770134,58.81953173895249,12.0,417.6345061096877,404.4757055188565
2089,Shanghai NorthCh - Nagoya,SEA,PILOT_TO_PILOT,2,2089,119,3,4,BtwSaki,ToiMisaki,30.814525210617614,130.63185716125838,58.81953173895249,12.0,417.8346121262715,404.2755995022727
2090,Shanghai NorthCh - Nagoya,SEA,PILOT_TO_PILOT,2,2090,120,3,4,BtwSaki,ToiMisaki,30.81624065137963,130.63518436433964,58.81953173895249,12.0,418.03471814285524,404.075493485689
2091,Shanghai NorthCh - Nagoya,SEA,PILOT_TO_PILOT,2,2091,121,3,4,BtwSaki,ToiMisaki,30.817956007132885,130.63851168626363,58.81953173895249,12.0,418.23482415943903,403.8753874691052
2092,Shanghai NorthCh - Nagoya,SEA,PILOT_TO_PILOT,2,2092,122,3,4,BtwSaki,ToiMisaki,30.819671277868544,130.64183912703683,58.81953173895249,12.0,418.4349301760228,403.6752814525214
2093,Shanghai NorthCh - Nagoya,SEA,PILOT_TO_PILOT,2,2093,123,3,4,BtwSaki,ToiMisaki,30.821386463577785,130.64516668666565,58.81953173895249,12.0,418.63503619260655,403.4751754359377
2094,Shanghai NorthCh - Nagoya,SEA,PILOT_TO_PILOT,2,2094,124,3,4,BtwSaki,ToiMisaki,30.823101564251793,130.64849436515655,58.81953173895249,12.0,418.83514220919034,403.2750694193539
2095,Shanghai NorthCh - Nagoya,SEA,PILOT_TO_PILOT,2,2095,125,3,4,BtwSaki,ToiMisaki,30.824816579881745,130.65182216251594,58.81953173895249,12.0,419.0352482257741,403.0749634027701
2096,Shanghai NorthCh - Nagoya,SEA,PILOT_TO_PILOT,2,2096,126,3,4,BtwSaki,ToiMisaki,30.8265315104588,130.65515007875027,58.81953173895249,12.0,419.23535424235786,402.87485738618636
2097,Shanghai NorthCh - Nagoya,SEA,PILOT_TO_PILOT,2,2097,127,3,4,BtwSaki,ToiMisaki,30.828246355974162,130.65847811386598,58.81953173895249,12.0,419.43546025894165,402.6747513696026
2098,Shanghai NorthCh - Nagoya,SEA,PILOT_TO_PILOT,2,2098,128,3,4,BtwSaki,ToiMisaki,30.829961116418996,130.6618062678695,58.81953173895249,12.0,419.63556627552543,402.4746453530188
2099,Shanghai NorthCh - Nagoya,SEA,PILOT_TO_PILOT,2,2099,129,3,4,BtwSaki,ToiMisaki,30.831675791784463,130.66513454076727,58.81953173895249,12.0,419.83567229210917,402.27453933643505
2100,Shanghai NorthCh - Nagoya,SEA,PILOT_TO_PILOT,2,2100,130,3,4,BtwSaki,ToiMisaki,30.833390382061744,130.66846293256575,58.81953173895249,12.0,420.03577830869295,402.07443331985127
2101,Shanghai NorthCh - Nagoya,SEA,PILOT_TO_PILOT,2,2101,131,3,4,BtwSaki,ToiMisaki,30.835104887242025,130.67179144327133,58.81953173895249,12.0,420.23588432527674,401.8743273032675
2102,Shanghai NorthCh - Nagoya,SEA,PILOT_TO_PILOT,2,2102,132,3,4,BtwSaki,ToiMisaki,30.83681930731647,130.67512007289045,58.81953173895249,12.0,420.4359903418605,401.67422128668375
2103,Shanghai NorthCh - Nagoya,SEA,PILOT_TO_PILOT,2,2103,133,3,4,BtwSaki,ToiMisaki,30.838533642276253,130.67844882142953,58.81953173895249,12.0,420.63609635844426,401.47411527009996
2104,Shanghai NorthCh - Nagoya,SEA,PILOT_TO_PILOT,2,2104,134,3,4,BtwSaki,ToiMisaki,30.840247892112554,130.68177768889504,58.81953173895249,12.0,420.83620237502805,401.27400925351617
2105,Shanghai NorthCh - Nagoya,SEA,PILOT_TO_PILOT,2,2105,135,3,4,BtwSaki,ToiMisaki,30.84196205681653,130.68510667529335,58.81953173895249,12.0,421.0363083916118,401.07390323693244
2106,Shanghai NorthCh - Nagoya,SEA,PILOT_TO_PILOT,2,2106,136,3,4,BtwSaki,ToiMisaki,30.84367613637936,130.68843578063095,58.81953173895249,12.0,421.23641440819557,400.87379722034865
2107,Shanghai NorthCh - Nagoya,SEA,PILOT_TO_PILOT,2,2107,137,3,4,BtwSaki,ToiMisaki,30.845390130792225,130.6917650049142,58.81953173895249,12.0,421.43652042477936,400.67369120376486
2108,Shanghai NorthCh - Nagoya,SEA,PILOT_TO_PILOT,2,2108,138,3,4,BtwSaki,ToiMisaki,30.847104040046283,130.69509434814958,58.81953173895249,12.0,421.6366264413631,400.47358518718113
2109,Shanghai NorthCh - Nagoya,SEA,PILOT_TO_PILOT,2,2109,139,3,4,BtwSaki,ToiMisaki,30.848817864132712,130.69842381034346,58.81953173895249,12.0,421.8367324579469,400.27347917059734
2110,Shanghai NorthCh - Nagoya,SEA,PILOT_TO_PILOT,2,2110,140,3,4,BtwSaki,ToiMisaki,30.850531603042672,130.7017533915023,58.81953173895249,12.0,422.03683847453067,400.07337315401355
2111,Shanghai NorthCh - Nagoya,SEA,PILOT_TO_PILOT,2,2111,141,3,4,BtwSaki,ToiMisaki,30.85224525676733,130.70508309163253,58.81953173895249,12.0,422.2369444911144,399.8732671374298
2112,Shanghai NorthCh - Nagoya,SEA,PILOT_TO_PILOT,2,2112,142,3,4,BtwSaki,ToiMisaki,30.85395882529787,130.70841291074052,58.81953173895249,12.0,422.4370505076982,399.67316112084603
2113,Shanghai NorthCh - Nagoya,SEA,PILOT_TO_PILOT,2,2113,143,3,4,BtwSaki,ToiMisaki,30.85567230862544,130.71174284883276,58.81953173895249,12.0,422.637156524282,399.47305510426224
2114,Shanghai NorthCh - Nagoya,SEA,PILOT_TO_PILOT,2,2114,144,3,4,BtwSaki,ToiMisaki,30.85738570674124,130.71507290591558,58.81953173895249,12.0,422.83726254086577,399.27294908767846
2115,Shanghai NorthCh - Nagoya,SEA,PILOT_TO_PILOT,2,2115,145,3,4,BtwSaki,ToiMisaki,30.85909901963641,130.71840308199543,58.81953173895249,12.0,423.0373685574495,399.0728430710947
2116,Shanghai NorthCh - Nagoya,SEA,PILOT_TO_PILOT,2,2116,146,3,4,BtwSaki,ToiMisaki,30.860812247302114,130.72173337707878,58.81953173895249,12.0,423.2374745740333,398.87273705451094
2117,Shanghai NorthCh - Nagoya,SEA,PILOT_TO_PILOT,2,2117,147,3,4,BtwSaki,ToiMisaki,30.86252538972954,130.72506379117198,58.81953173895249,12.0,423.4375805906171,398.67263103792715
2118,Shanghai NorthCh - Nagoya,SEA,PILOT_TO_PILOT,2,2118,148,3,4,BtwSaki,ToiMisaki,30.86423844690983,130.72839432428145,58.81953173895249,12.0,423.6376866072008,398.4725250213434
2119,Shanghai NorthCh - Nagoya,SEA,PILOT_TO_PILOT,2,2119,149,3,4,BtwSaki,ToiMisaki,30.865951418834168,130.73172497641363,58.81953173895249,12.0,423.8377926237846,398.2724190047596
2120,Shanghai NorthCh - Nagoya,SEA,PILOT_TO_PILOT,2,2120,150,3,4,BtwSaki,ToiMisaki,30.867664305493708,130.7350557475749,58.81953173895249,12.0,424.0378986403684,398.07231298817584
2121,Shanghai NorthCh - Nagoya,SEA,PILOT_TO_PILOT,2,2121,151,3,4,BtwSaki,ToiMisaki,30.869377106879618,130.7383866377717,58.81953173895249,12.0,424.2380046569521,397.8722069715921
2122,Shanghai NorthCh - Nagoya,SEA,PILOT_TO_PILOT,2,2122,152,3,4,BtwSaki,ToiMisaki,30.871089822983066,130.74171764701038,58.81953173895249,12.0,424.4381106735359,397.6721009550083
2123,Shanghai NorthCh - Nagoya,SEA,PILOT_TO_PILOT,2,2123,153,3,4,BtwSaki,ToiMisaki,30.8728024537952,130.7450487752974,58.81953173895249,12.0,424.6382166901197,397.47199493842453
2124,Shanghai NorthCh - Nagoya,SEA,PILOT_TO_PILOT,2,2124,154,3,4,BtwSaki,ToiMisaki,30.874514999307195,130.74838002263917,58.81953173895249,12.0,424.8383227067034,397.2718889218408
2125,Shanghai NorthCh - Nagoya,SEA,PILOT_TO_PILOT,2,2125,155,3,4,BtwSaki,ToiMisaki,30.876227459510215,130.75171138904204,58.81953173895249,12.0,425.0384287232872,397.071782905257
2126,Shanghai NorthCh - Nagoya,SEA,PILOT_TO_PILOT,2,2126,156,3,4,BtwSaki,ToiMisaki,30.877939834395416,130.7550428745125,58.81953173895249,12.0,425.238534739871,396.8716768886732
2127,Shanghai NorthCh - Nagoya,SEA,PILOT_TO_PILOT,2,2127,157,3,4,BtwSaki,ToiMisaki,30.879652123953957,130.75837447905687,58.81953173895249,12.0,425.43864075645473,396.6715708720895
2128,Shanghai NorthCh - Nagoya,SEA,PILOT_TO_PILOT,2,2128,158,3,4,BtwSaki,ToiMisaki,30.881364328176996,130.76170620268158,58.81953173895249,12.0,425.6387467730385,396.4714648555057
2129,Shanghai NorthCh - Nagoya,SEA,PILOT_TO_PILOT,2,2129,159,3,4,BtwSaki,ToiMisaki,30.883076447055707,130.76503804539303,58.81953173895249,12.0,425.8388527896223,396.2713588389219
2130,Shanghai NorthCh - Nagoya,SEA,PILOT_TO_PILOT,2,2130,160,3,4,BtwSaki,ToiMisaki,30.884788480581253,130.76837000719763,58.81953173895249,12.0,426.03895880620604,396.0712528223382
2131,Shanghai NorthCh - Nagoya,SEA,PILOT_TO_PILOT,2,2131,161,3,4,BtwSaki,ToiMisaki,30.88650042874477,130.77170208810176,58.81953173895249,12.0,426.2390648227898,395.8711468057544
2132,Shanghai NorthCh - Nagoya,SEA,PILOT_TO_PILOT,2,2132,162,3,4,BtwSaki,ToiMisaki,30.888212291537418,130.77503428811184,58.81953173895249,12.0,426.4391708393736,395.6710407891706
2133,Shanghai NorthCh - Nagoya,SEA,PILOT_TO_PILOT,2,2133,163,3,4,BtwSaki,ToiMisaki,30.889924068950386,130.77836660723423,58.81953173895249,12.0,426.63927685595735,395.4709347725869
2134,Shanghai NorthCh - Nagoya,SEA,PILOT_TO_PILOT,2,2134,164,3,4,BtwSaki,ToiMisaki,30.8916357609748,130.78169904547536,58.81953173895249,12.0,426.83938287254114,395.2708287560031
2135,Shanghai NorthCh - Nagoya,SEA,PILOT_TO_PILOT,2,2135,165,3,4,BtwSaki,ToiMisaki,30.893347367601834,130.78503160284157,58.81953173895249,12.0,427.0394888891249,395.0707227394193
2136,Shanghai NorthCh - Nagoya,SEA,PILOT_TO_PILOT,2,2136,166,3,4,BtwSaki,ToiMisaki,30.89505888882264,130.7883642793393,58.81953173895249,12.0,427.23959490570866,394.87061672283556
2137,Shanghai NorthCh - Nagoya,SEA,PILOT_TO_PILOT,2,2137,167,3,4,BtwSaki,ToiMisaki,30.89677032462837,130.79169707497496,58.81953173895249,12.0,427.43970092229245,394.6705107062518
2138,Shanghai NorthCh - Nagoya,SEA,PILOT_TO_PILOT,2,2138,168,3,4,BtwSaki,ToiMisaki,30.898481675010174,130.79502998975488,58.81953173895249,12.0,427.63980693887623,394.470404689668
2139,Shanghai NorthCh - Nagoya,SEA,PILOT_TO_PILOT,2,2139,169,3,4,BtwSaki,ToiMisaki,30.90019293995923,130.79836302368548,58.81953173895249,12.0,427.83991295545997,394.27029867308426
2140,Shanghai NorthCh - Nagoya,SEA,PILOT_TO_PILOT,2,2140,170,3,4,BtwSaki,ToiMisaki,30.901904119466675,130.80169617677313,58.81953173895249,12.0,428.04001897204375,394.07019265650047
2141,Shanghai NorthCh - Nagoya,SEA,PILOT_TO_PILOT,2,2141,171,3,4,BtwSaki,ToiMisaki,30.90361521352367,130.80502944902426,58.81953173895249,12.0,428.24012498862754,393.8700866399167
2142,Shanghai NorthCh - Nagoya,SEA,PILOT_TO_PILOT,2,2142,172,3,4,BtwSaki,ToiMisaki,30.905326222121367,130.8083628404452,58.81953173895249,12.0,428.4402310052113,393.66998062333295
2143,Shanghai NorthCh - Nagoya,SEA,PILOT_TO_PILOT,2,2143,173,3,4,BtwSaki,ToiMisaki,30.907037145250907,130.81169635104237,58.81953173895249,12.0,428.64033702179506,393.46987460674916
2144,Shanghai NorthCh - Nagoya,SEA,PILOT_TO_PILOT,2,2144,174,3,4,BtwSaki,ToiMisaki,30.908747982903467,130.81502998082212,58.81953173895249,12.0,428.84044303837885,393.26976859016537
2145,Shanghai NorthCh - Nagoya,SEA,PILOT_TO_PILOT,2,2145,175,3,4,BtwSaki,ToiMisaki,30.910458735070176,130.81836372979086,58.81953173895249,12.0,429.0405490549626,393.06966257358164
2146,Shanghai NorthCh - Nagoya,SEA,PILOT_TO_PILOT,2,2146,176,3,4,BtwSaki,ToiMisaki,30.912169401742204,130.82169759795497,58.81953173895249,12.0,429.24065507154637,392.86955655699785
2147,Shanghai NorthCh - Nagoya,SEA,PILOT_TO_PILOT,2,2147,177,3,4,BtwSaki,ToiMisaki,30.913879982910686,130.8250315853208,58.81953173895249,12.0,429.44076108813016,392.66945054041406
2148,Shanghai NorthCh - Nagoya,SEA,PILOT_TO_PILOT,2,2148,178,3,4,BtwSaki,ToiMisaki,30.915590478566795,130.82836569189476,58.81953173895249,12.0,429.6408671047139,392.46934452383033
2149,Shanghai NorthCh - Nagoya,SEA,PILOT_TO_PILOT,2,2149,179,3,4,BtwSaki,ToiMisaki,30.91730088870166,130.83169991768324,58.81953173895249,12.0,429.8409731212977,392.26923850724654
2150,Shanghai NorthCh - Nagoya,SEA,PILOT_TO_PILOT,2,2150,180,3,4,BtwSaki,ToiMisaki,30.919011213306437,130.83503426269255,58.81953173895249,12.0,430.04107913788147,392.06913249066275
2151,Shanghai NorthCh - Nagoya,SEA,PILOT_TO_PILOT,2,2151,181,3,4,BtwSaki,ToiMisaki,30.920721452372277,130.83836872692913,58.81953173895249,12.0,430.2411851544652,391.869026474079
2152,Shanghai NorthCh - Nagoya,SEA,PILOT_TO_PILOT,2,2152,182,3,4,BtwSaki,ToiMisaki,30.922431605890328,130.8417033103993,58.81953173895249,12.0,430.441291171049,391.66892045749523
2153,Shanghai NorthCh - Nagoya,SEA,PILOT_TO_PILOT,2,2153,183,3,4,BtwSaki,ToiMisaki,30.924141673851732,130.84503801310947,58.81953173895249,12.0,430.6413971876328,391.46881444091144
2154,Shanghai NorthCh - Nagoya,SEA,PILOT_TO_PILOT,2,2154,184,3,4,BtwSaki,ToiMisaki,30.92585165624764,130.84837283506602,58.81953173895249,12.0,430.8415032042165,391.2687084243277
2155,Shanghai NorthCh - Nagoya,SEA,PILOT_TO_PILOT,2,2155,185,3,4,BtwSaki,ToiMisaki,30.92756155306922,130.85170777627528,58.81953173895249,12.0,431.0416092208003,391.0686024077439
2156,Shanghai NorthCh - Nagoya,SEA,PILOT_TO_PILOT,2,2156,186,3,4,BtwSaki,ToiMisaki,30.92927136430759,130.85504283674365,58.81953173895249,12.0,431.2417152373841,390.86849639116014
2157,Shanghai NorthCh - Nagoya,SEA,PILOT_TO_PILOT,2,2157,187,3,4,BtwSaki,ToiMisaki,30.930981089953914,130.85837801647747,58.81953173895249,12.0,431.4418212539678,390.6683903745764
2158,Shanghai NorthCh - Nagoya,SEA,PILOT_TO_PILOT,2,2158,188,3,4,BtwSaki,ToiMisaki,30.93269072999931,130.86171331548312,58.81953173895249,12.0,431.6419272705516,390.4682843579926
2159,Shanghai NorthCh - Nagoya,SEA,PILOT_TO_PILOT,2,2159,189,3,4,BtwSaki,ToiMisaki,30.934400284434968,130.86504873376697,58.81953173895249,12.0,431.8420332871354,390.2681783414088
2160,Shanghai NorthCh - Nagoya,SEA,PILOT_TO_PILOT,2,2160,190,3,4,BtwSaki,ToiMisaki,30.936109753252012,130.86838427133537,58.81953173895249,12.0,432.0421393037191,390.0680723248251
2161,Shanghai NorthCh - Nagoya,SEA,PILOT_TO_PILOT,2,2161,191,3,4,BtwSaki,ToiMisaki,30.937819136441558,130.87171992819472,58.81953173895249,12.0,432.2422453203029,389.8679663082413
2162,Shanghai NorthCh - Nagoya,SEA,PILOT_TO_PILOT,2,2162,192,3,4,BtwSaki,ToiMisaki,30.939528433994802,130.87505570435133,58.81953173895249,12.0,432.4423513368867,389.6678602916575
2163,Shanghai NorthCh - Nagoya,SEA,PILOT_TO_PILOT,2,2163,193,3,4,BtwSaki,ToiMisaki,30.94123764590285,130.87839159981164,58.81953173895249,12.0,432.64245735347043,389.4677542750738
2164,Shanghai NorthCh - Nagoya,SEA,PILOT_TO_PILOT,2,2164,194,3,4,BtwSaki,ToiMisaki,30.942946772156844,130.88172761458188,58.81953173895249,12.0,432.8425633700542,389.26764825849
2165,Shanghai NorthCh - Nagoya,SEA,PILOT_TO_PILOT,2,2165,195,3,4,BtwSaki,ToiMisaki,30.944655812747957,130.88506374866853,58.81953173895249,12.0,433.042669386638,389.0675422419062
2166,Shanghai NorthCh - Nagoya,SEA,PILOT_TO_PILOT,2,2166,196,3,4,BtwSaki,ToiMisaki,30.946364767667298,130.88840000207787,58.81953173895249,12.0,433.24277540322174,388.8674362253225
2167,Shanghai NorthCh - Nagoya,SEA,PILOT_TO_PILOT,2,2167,197,3,4,BtwSaki,ToiMisaki,30.948073636906027,130.8917363748163,58.81953173895249,12.0,433.44288141980553,388.6673302087387
2168,Shanghai NorthCh - Nagoya,SEA,PILOT_TO_PILOT,2,2168,198,3,4,BtwSaki,ToiMisaki,30.949782420455275,130.89507286689016,58.81953173895249,12.0,433.6429874363893,388.4672241921549
2169,Shanghai NorthCh - Nagoya,SEA,PILOT_TO_PILOT,2,2169,199,3,4,BtwSaki,ToiMisaki,30.951491118306198,130.8984094783058,58.81953173895249,12.0,433.84309345297305,388.26711817557117
2170,Shanghai NorthCh - Nagoya,SEA,PILOT_TO_PILOT,2,2170,200,3,4,BtwSaki,ToiMisaki,30.953199730449914,130.9017462090696,58.81953173895249,12.0,434.04319946955684,388.0670121589874
2171,Shanghai NorthCh - Nagoya,SEA,PILOT_TO_PILOT,2,2171,201,3,4,BtwSaki,ToiMisaki,30.954908256877577,130.90508305918783,58.81953173895249,12.0,434.2433054861406,387.8669061424036
2172,Shanghai NorthCh - Nagoya,SEA,PILOT_TO_PILOT,2,2172,202,3,4,BtwSaki,ToiMisaki,30.956616697580326,130.9084200286669,58.81953173895249,12.0,434.44341150272436,387.66680012581986
2173,Shanghai NorthCh - Nagoya,SEA,PILOT_TO_PILOT,2,2173,203,3,4,BtwSaki,ToiMisaki,30.95832505254929,130.9117571175132,58.81953173895249,12.0,434.64351751930815,387.4666941092361
2174,Shanghai NorthCh - Nagoya,SEA,PILOT_TO_PILOT,2,2174,204,3,4,BtwSaki,ToiMisaki,30.960033321775615,130.915094325733,58.81953173895249,12.0,434.84362353589194,387.2665880926523
2175,Shanghai NorthCh - Nagoya,SEA,PILOT_TO_PILOT,2,2175,205,3,4,BtwSaki,ToiMisaki,30.961741505250433,130.9184316533327,58.81953173895249,12.0,435.04372955247567,387.06648207606855
2176,Shanghai NorthCh - Nagoya,SEA,PILOT_TO_PILOT,2,2176,206,3,4,BtwSaki,ToiMisaki,30.96344960296489,130.9217691003186,58.81953173895249,12.0,435.24383556905946,386.86637605948476
2177,Shanghai NorthCh - Nagoya,SEA,PILOT_TO_PILOT,2,2177,207,3,4,BtwSaki,ToiMisaki,30.965157614910108,130.92510666669713,58.81953173895249,12.0,435.44394158564324,386.666270042901
2178,Shanghai NorthCh - Nagoya,SEA,PILOT_TO_PILOT,2,2178,208,3,4,BtwSaki,ToiMisaki,30.966865541077244,130.9284443524745,58.81953173895249,12.0,435.64404760222703,386.4661640263172
2179,Shanghai NorthCh - Nagoya,SEA,PILOT_TO_PILOT,2,2179,209,3,4,BtwSaki,ToiMisaki,30.96857338145741,130.93178215765715,58.81953173895249,12.0,435.84415361881076,386.26605800973346
2180,Shanghai NorthCh - Nagoya,SEA,PILOT_TO_PILOT,2,2180,210,3,4,BtwSaki,ToiMisaki,30.970281136041756,130.93512008225136,58.81953173895249,12.0,436.04425963539455,386.06595199314967
2181,Shanghai NorthCh - Nagoya,SEA,PILOT_TO_PILOT,2,2181,211,3,4,BtwSaki,ToiMisaki,30.97198880482141,130.93845812626355,58.81953173895249,12.0,436.24436565197834,385.8658459765659
2182,Shanghai NorthCh - Nagoya,SEA,PILOT_TO_PILOT,2,2182,212,3,4,BtwSaki,ToiMisaki,30.973696387787506,130.9417962897,58.81953173895249,12.0,436.4444716685621,385.66573995998215
2183,Shanghai NorthCh - Nagoya,SEA,PILOT_TO_PILOT,2,2183,213,3,4,BtwSaki,ToiMisaki,30.97540388493118,130.94513457256704,58.81953173895249,12.0,436.64457768514586,385.46563394339836
2184,Shanghai NorthCh - Nagoya,SEA,PILOT_TO_PILOT,2,2184,214,3,4,BtwSaki,ToiMisaki,30.977111296243564,130.948472974871,58.81953173895249,12.0,436.84468370172965,385.26552792681457
2185,Shanghai NorthCh - Nagoya,SEA,PILOT_TO_PILOT,2,2185,215,3,4,BtwSaki,ToiMisaki,30.978818621715792,130.9518114966183,58.81953173895249,12.0,437.0447897183134,385.06542191023084
2186,Shanghai NorthCh - Nagoya,SEA,PILOT_TO_PILOT,2,2186,216,3,4,BtwSaki,ToiMisaki,30.980525861338986,130.95515013781517,58.81953173895249,12.0,437.24489573489717,384.86531589364705
2187,Shanghai NorthCh - Nagoya,SEA,PILOT_TO_PILOT,2,2187,217,3,4,BtwSaki,ToiMisaki,30.98223301510429,130.958488898468,58.81953173895249,12.0,437.44500175148096,384.66520987706326
2188,Shanghai NorthCh - Nagoya,SEA,PILOT_TO_PILOT,2,2188,218,3,4,BtwSaki,ToiMisaki,30.983940083002835,130.96182777858306,58.81953173895249,12.0,437.6451077680647,384.46510386047953
2189,Shanghai NorthCh - Nagoya,SEA,PILOT_TO_PILOT,2,2189,219,3,4,BtwSaki,ToiMisaki,30.98564706502575,130.96516677816678,58.81953173895249,12.0,437.8452137846485,384.26499784389574
2190,Shanghai NorthCh - Nagoya,SEA,PILOT_TO_PILOT,2,2190,220,3,4,BtwSaki,ToiMisaki,30.987353961164157,130.9685058972254,58.81953173895249,12.0,438.04531980123227,384.06489182731195
2191,Shanghai NorthCh - Nagoya,SEA,PILOT_TO_PILOT,2,2191,221,3,4,BtwSaki,ToiMisaki,30.989060771409193,130.9718451357653,58.81953173895249,12.0,438.245425817816,383.8647858107282
2192,Shanghai NorthCh - Nagoya,SEA,PILOT_TO_PILOT,2,2192,222,3,4,BtwSaki,ToiMisaki,30.99076749575198,130.97518449379277,58.81953173895249,12.0,438.4455318343998,383.66467979414443
2193,Shanghai NorthCh - Nagoya,SEA,PILOT_TO_PILOT,2,2193,223,3,4,BtwSaki,ToiMisaki,30.992474134183656,130.97852397131416,58.81953173895249,12.0,438.6456378509836,383.46457377756064
2194,Shanghai NorthCh - Nagoya,SEA,PILOT_TO_PILOT,2,2194,224,3,4,BtwSaki,ToiMisaki,30.994180686695337,130.9818635683358,58.81953173895249,12.0,438.8457438675673,383.2644677609769
2195,Shanghai NorthCh - Nagoya,SEA,PILOT_TO_PILOT,2,2195,225,3,4,BtwSaki,ToiMisaki,30.995887153278172,130.98520328486399,58.81953173895249,12.0,439.0458498841511,383.0643617443931
2196,Shanghai NorthCh - Nagoya,SEA,PILOT_TO_PILOT,2,2196,226,3,4,BtwSaki,ToiMisaki,30.99759353392326,130.98854312090506,58.81953173895249,12.0,439.2459559007349,382.86425572780934
2197,Shanghai NorthCh - Nagoya,SEA,PILOT_TO_PILOT,2,2197,227,3,4,BtwSaki,ToiMisaki,30.99929982862175,130.99188307646534,58.81953173895249,12.0,439.4460619173186,382.6641497112256
2198,Shanghai NorthCh - Nagoya,SEA,PILOT_TO_PILOT,2,2198,228,3,4,BtwSaki,ToiMisaki,31.001006037364757,130.9952231515511,58.81953173895249,12.0,439.6461679339024,382.4640436946418
2199,Shanghai NorthCh - Nagoya,SEA,PILOT_TO_PILOT,2,2199,229,3,4,BtwSaki,ToiMisaki,31.002712160143407,130.99856334616874,58.81953173895249,12.0,439.8462739504862,382.263937678058
2200,Shanghai NorthCh - Nagoya,SEA,PILOT_TO_PILOT,2,2200,230,3,4,BtwSaki,ToiMisaki,31.004418196948833,131.0019036603245,58.81953173895249,12.0,440.0463799670699,382.0638316614743
2201,Shanghai NorthCh - Nagoya,SEA,PILOT_TO_PILOT,2,2201,231,3,4,BtwSaki,ToiMisaki,31.006124147772148,131.00524409402476,58.81953173895249,12.0,440.2464859836537,381.8637256448905
2202,Shanghai NorthCh - Nagoya,SEA,PILOT_TO_PILOT,2,2202,232,3,4,BtwSaki,ToiMisaki,31.00783001260448,131.00858464727582,58.81953173895249,12.0,440.4465920002375,381.6636196283067
2203,Shanghai NorthCh - Nagoya,SEA,PILOT_TO_PILOT,2,2203,233,3,4,BtwSaki,ToiMisaki,31.009535791436953,131.01192532008395,58.81953173895249,12.0,440.64669801682123,381.463513611723
2204,Shanghai NorthCh - Nagoya,SEA,PILOT_TO_PILOT,2,2204,234,3,4,BtwSaki,ToiMisaki,31.011241484260697,131.01526611245552,58.81953173895249,12.0,440.846804033405,381.2634075951392
2205,Shanghai NorthCh - Nagoya,SEA,PILOT_TO_PILOT,2,2205,235,3,4,BtwSaki,ToiMisaki,31.012947091066824,131.0186070243968,58.81953173895249,12.0,441.0469100499888,381.0633015785554
2206,Shanghai NorthCh - Nagoya,SEA,PILOT_TO_PILOT,2,2206,236,3,4,BtwSaki,ToiMisaki,31.01465261184646,131.0219480559141,58.81953173895249,12.0,441.24701606657254,380.8631955619717
2207,Shanghai NorthCh - Nagoya,SEA,PILOT_TO_PILOT,2,2207,237,3,4,BtwSaki,ToiMisaki,31.016358046590735,131.02528920701374,58.81953173895249,12.0,441.44712208315633,380.6630895453879
2208,Shanghai NorthCh - Nagoya,SEA,PILOT_TO_PILOT,2,2208,238,3,4,BtwSaki,ToiMisaki,31.01806339529076,131.02863047770205,58.81953173895249,12.0,441.6472280997401,380.4629835288041
2209,Shanghai NorthCh - Nagoya,SEA,PILOT_TO_PILOT,2,2209,239,3,4,BtwSaki,ToiMisaki,31.019768657937643,131.03197186798528,58.81953173895249,12.0,441.84733411632385,380.26287751222037
2210,Shanghai NorthCh - Nagoya,SEA,PILOT_TO_PILOT,2,2210,240,3,4,BtwSaki,ToiMisaki,31.02147383452254,131.0353133778698,58.81953173895249,12.0,442.04744013290764,380.0627714956366
2211,Shanghai NorthCh - Nagoya,SEA,PILOT_TO_PILOT,2,2211,241,3,4,BtwSaki,ToiMisaki,31.02317892503654,131.03865500736188,58.81953173895249,12.0,442.2475461494914,379.8626654790528
2212,Shanghai NorthCh - Nagoya,SEA,PILOT_TO_PILOT,2,2212,242,3,4,BtwSaki,ToiMisaki,31.02488392947078,131.04199675646782,58.81953173895249,12.0,442.44765216607516,379.66255946246906
2213,Shanghai NorthCh - Nagoya,SEA,PILOT_TO_PILOT,2,2213,243,3,4,BtwSaki,ToiMisaki,31.026588847816363,131.04533862519395,58.81953173895249,12.0,442.64775818265895,379.4624534458853
2214,Shanghai NorthCh - Nagoya,SEA,PILOT_TO_PILOT,2,2214,244,3,4,BtwSaki,ToiMisaki,31.02829368006441,131.04868061354654,58.81953173895249,12.0,442.84786419924274,379.2623474293015
2215,Shanghai NorthCh - Nagoya,SEA,PILOT_TO_PILOT,2,2215,245,3,4,BtwSaki,ToiMisaki,31.029998426206053,131.05202272153187,58.81953173895249,12.0,443.04797021582647,379.06224141271775
2216,Shanghai NorthCh - Nagoya,SEA,PILOT_TO_PILOT,2,2216,246,3,4,BtwSaki,ToiMisaki,31.0317030862324,131.05536494915629,58.81953173895249,12.0,443.24807623241026,378.86213539613397
2217,Shanghai NorthCh - Nagoya,SEA,PILOT_TO_PILOT,2,2217,247,3,4,BtwSaki,ToiMisaki,31.033407660134564,131.0587072964261,58.81953173895249,12.0,443.44818224899404,378.6620293795502
2218,Shanghai NorthCh - Nagoya,SEA,PILOT_TO_PILOT,2,2218,248,3,4,BtwSaki,ToiMisaki,31.035112147903668,131.06204976334752,58.81953173895249,12.0,443.6482882655778,378.46192336296644
2219,Shanghai NorthCh - Nagoya,SEA,PILOT_TO_PILOT,2,2219,249,3,4,BtwSaki,ToiMisaki,31.036816549530815,131.06539234992692,58.81953173895249,12.0,443.84839428216156,378.26181734638266
2220,Shanghai NorthCh - Nagoya,SEA,PILOT_TO_PILOT,2,2220,250,3,4,BtwSaki,ToiMisaki,31.03852086500714,131.06873505617057,58.81953173895249,12.0,444.04850029874535,378.06171132979887
2221,Shanghai NorthCh - Nagoya,SEA,PILOT_TO_PILOT,2,2221,251,3,4,BtwSaki,ToiMisaki,31.040225094323734,131.07207788208473,58.81953173895249,12.0,444.2486063153291,377.86160531321514
2222,Shanghai NorthCh - Nagoya,SEA,PILOT_TO_PILOT,2,2222,252,3,4,BtwSaki,ToiMisaki,31.04192923747173,131.07542082767577,58.81953173895249,12.0,444.4487123319129,377.66149929663135
2223,Shanghai NorthCh - Nagoya,SEA,PILOT_TO_PILOT,2,2223,253,3,4,BtwSaki,ToiMisaki,31.043633294442245,131.0787638929499,58.81953173895249,12.0,444.64881834849666,377.46139328004756
2224,Shanghai NorthCh - Nagoya,SEA,PILOT_TO_PILOT,2,2224,254,3,4,BtwSaki,ToiMisaki,31.045337265226372,131.08210707791343,58.81953173895249,12.0,444.8489243650804,377.2612872634638
2225,Shanghai NorthCh - Nagoya,SEA,PILOT_TO_PILOT,2,2225,255,3,4,BtwSaki,ToiMisaki,31.047041149815247,131.08545038257267,58.81953173895249,12.0,445.0490303816642,377.06118124688004
2226,Shanghai NorthCh - Nagoya,SEA,PILOT_TO_PILOT,2,2226,256,3,4,BtwSaki,ToiMisaki,31.048744948199957,131.08879380693386,58.81953173895249,12.0,445.24913639824797,376.86107523029625
2227,Shanghai NorthCh - Nagoya,SEA,PILOT_TO_PILOT,2,2227,257,3,4,BtwSaki,ToiMisaki,31.050448660371632,131.09213735100334,58.81953173895249,12.0,445.4492424148317,376.6609692137125
2228,Shanghai NorthCh - Nagoya,SEA,PILOT_TO_PILOT,2,2228,258,3,4,BtwSaki,ToiMisaki,31.052152286321384,131.0954810147874,58.81953173895249,12.0,445.6493484314155,376.46086319712873
2229,Shanghai NorthCh - Nagoya,SEA,PILOT_TO_PILOT,2,2229,259,3,4,BtwSaki,ToiMisaki,31.05385582604031,131.09882479829224,58.81953173895249,12.0,445.8494544479993,376.26075718054494
2230,Shanghai NorthCh - Nagoya,SEA,PILOT_TO_PILOT,2,2230,260,3,4,BtwSaki,ToiMisaki,31.055559279519528,131.10216870152425,58.81953173895249,12.0,446.049560464583,376.0606511639612
2231,Shanghai NorthCh - Nagoya,SEA,PILOT_TO_PILOT,2,2231,261,3,4,BtwSaki,ToiMisaki,31.05726264675015,131.1055127244896,58.81953173895249,12.0,446.2496664811668,375.8605451473774
2232,Shanghai NorthCh - Nagoya,SEA,PILOT_TO_PILOT,2,2232,262,3,4,BtwSaki,ToiMisaki,31.05896592772328,131.10885686719467,58.81953173895249,12.0,446.4497724977506,375.66043913079363
2233,Shanghai NorthCh - Nagoya,SEA,PILOT_TO_PILOT,2,2233,263,3,4,BtwSaki,ToiMisaki,31.060669122430035,131.11220112964565,58.81953173895249,12.0,446.6498785143343,375.4603331142099
2234,Shanghai NorthCh - Nagoya,SEA,PILOT_TO_PILOT,2,2234,264,3,4,BtwSaki,ToiMisaki,31.062372230861513,131.1155455118489,58.81953173895249,12.0,446.8499845309181,375.2602270976261
2235,Shanghai NorthCh - Nagoya,SEA,PILOT_TO_PILOT,2,2235,265,3,4,BtwSaki,ToiMisaki,31.064075253008834,131.11889001381064,58.81953173895249,12.0,447.0500905475019,375.0601210810423
2236,Shanghai NorthCh - Nagoya,SEA,PILOT_TO_PILOT,2,2236,266,3,4,BtwSaki,ToiMisaki,31.0657781888631,131.12223463553713,58.81953173895249,12.0,447.2501965640856,374.8600150644586
2237,Shanghai NorthCh - Nagoya,SEA,PILOT_TO_PILOT,2,2237,267,3,4,BtwSaki,ToiMisaki,31.067481038415423,131.12557937703468,58.81953173895249,12.0,447.4503025806694,374.6599090478748
2238,Shanghai NorthCh - Nagoya,SEA,PILOT_TO_PILOT,2,2238,268,3,4,BtwSaki,ToiMisaki,31.069183801656877,131.12892423830957,58.81953173895249,12.0,447.6504085972532,374.459803031291
2239,Shanghai NorthCh - Nagoya,SEA,PILOT_TO_PILOT,2,2239,269,3,4,BtwSaki,ToiMisaki,31.070886478578615,131.13226921936806,58.81953173895249,12.0,447.85051461383694,374.2596970147073
2240,Shanghai NorthCh - Nagoya,SEA,PILOT_TO_PILOT,2,2240,270,3,4,BtwSaki,ToiMisaki,31.072589069171716,131.13561432021638,58.81953173895249,12.0,448.0506206304207,374.0595909981235
2241,Shanghai NorthCh - Nagoya,SEA,PILOT_TO_PILOT,2,2241,271,3,4,BtwSaki,ToiMisaki,31.07429157342728,131.13895954086087,58.81953173895249,12.0,448.2507266470045,373.8594849815397
2242,Shanghai NorthCh - Nagoya,SEA,PILOT_TO_PILOT,2,2242,272,3,4,BtwSaki,ToiMisaki,31.075993991336436,131.14230488130772,58.81953173895249,12.0,448.45083266358824,373.659378964956
2243,Shanghai NorthCh - Nagoya,SEA,PILOT_TO_PILOT,2,2243,273,3,4,BtwSaki,ToiMisaki,31.07769632289027,131.14565034156323,58.81953173895249,12.0,448.65093868017203,373.4592729483722
2244,Shanghai NorthCh - Nagoya,SEA,PILOT_TO_PILOT,2,2244,274,3,4,BtwSaki,ToiMisaki,31.07939856807988,131.1489959216337,58.81953173895249,12.0,448.8510446967558,373.2591669317884
2245,Shanghai NorthCh - Nagoya,SEA,PILOT_TO_PILOT,2,2245,275,3,4,BtwSaki,ToiMisaki,31.081100726896388,131.15234162152535,58.81953173895249,12.0,449.05115071333955,373.05906091520467
2246,Shanghai NorthCh - Nagoya,SEA,PILOT_TO_PILOT,2,2246,276,3,4,BtwSaki,ToiMisaki,31.08280279933088,131.15568744124445,58.81953173895249,12.0,449.25125672992334,372.8589548986209
2247,Shanghai NorthCh - Nagoya,SEA,PILOT_TO_PILOT,2,2247,277,3,4,BtwSaki,ToiMisaki,31.08450478537446,131.15903338079727,58.81953173895249,12.0,449.45136274650713,372.6588488820371
2248,Shanghai NorthCh - Nagoya,SEA,PILOT_TO_PILOT,2,2248,278,3,4,BtwSaki,ToiMisaki,31.086206685018247,131.16237944019008,58.81953173895249,12.0,449.65146876309086,372.45874286545336
2249,Shanghai NorthCh - Nagoya,SEA,PILOT_TO_PILOT,2,2249,279,3,4,BtwSaki,ToiMisaki,31.087908498253316,131.1657256194291,58.81953173895249,12.0,449.85157477967465,372.25863684886957
2250,Shanghai NorthCh - Nagoya,SEA,PILOT_TO_PILOT,2,2250,280,3,4,BtwSaki,ToiMisaki,31.089610225070786,131.16907191852064,58.81953173895249,12.0,450.05168079625844,372.0585308322858
2251,Shanghai NorthCh - Nagoya,SEA,PILOT_TO_PILOT,2,2251,281,3,4,BtwSaki,ToiMisaki,31.091311865461744,131.1724183374709,58.81953173895249,12.0,450.25178681284217,371.85842481570205
2252,Shanghai NorthCh - Nagoya,SEA,PILOT_TO_PILOT,2,2252,282,3,4,BtwSaki,ToiMisaki,31.093013419417296,131.17576487628617,58.81953173895249,12.0,450.45189282942596,371.65831879911826
2253,Shanghai NorthCh - Nagoya,SEA,PILOT_TO_PILOT,2,2253,283,3,4,BtwSaki,ToiMisaki,31.094714886928543,131.17911153497272,58.81953173895249,12.0,450.65199884600975,371.4582127825345
2254,Shanghai NorthCh - Nagoya,SEA,PILOT_TO_PILOT,2,2254,284,3,4,BtwSaki,ToiMisaki,31.096416267986587,131.18245831353676,58.81953173895249,12.0,450.8521048625935,371.25810676595074
2255,Shanghai NorthCh - Nagoya,SEA,PILOT_TO_PILOT,2,2255,285,3,4,BtwSaki,ToiMisaki,31.098117562582512,131.18580521198453,58.81953173895249,12.0,451.05221087917727,371.05800074936695
2256,Shanghai NorthCh - Nagoya,SEA,PILOT_TO_PILOT,2,2256,286,3,4,BtwSaki,ToiMisaki,31.099818770707436,131.18915223032235,58.81953173895249,12.0,451.25231689576106,370.85789473278317
2257,Shanghai NorthCh - Nagoya,SEA,PILOT_TO_PILOT,2,2257,287,3,4,BtwSaki,ToiMisaki,31.10151989235243,131.19249936855644,58.81953173895249,12.0,451.4524229123448,370.65778871619943
2258,Shanghai NorthCh - Nagoya,SEA,PILOT_TO_PILOT,2,2258,288,3,4,BtwSaki,ToiMisaki,31.103220927508605,131.195846626693,58.81953173895249,12.0,451.6525289289286,370.45768269961565
2259,Shanghai NorthCh - Nagoya,SEA,PILOT_TO_PILOT,2,2259,289,3,4,BtwSaki,ToiMisaki,31.104921876167072,131.19919400473833,58.81953173895249,12.0,451.85263494551236,370.25757668303186
2260,Shanghai NorthCh - Nagoya,SEA,PILOT_TO_PILOT,2,2260,290,3,4,BtwSaki,ToiMisaki,31.1066227383189,131.20254150269866,58.81953173895249,12.0,452.0527409620961,370.0574706664481
2261,Shanghai NorthCh - Nagoya,SEA,PILOT_TO_PILOT,2,2261,291,3,4,BtwSaki,ToiMisaki,31.108323513955195,131.20588912058025,58.81953173895249,12.0,452.2528469786799,369.85736464986434
2262,Shanghai NorthCh - Nagoya,SEA,PILOT_TO_PILOT,2,2262,292,3,4,BtwSaki,ToiMisaki,31.11002420306706,131.20923685838932,58.81953173895249,12.0,452.4529529952637,369.65725863328055
2263,Shanghai NorthCh - Nagoya,SEA,PILOT_TO_PILOT,2,2263,293,3,4,BtwSaki,ToiMisaki,31.111724805645565,131.2125847161321,58.81953173895249,12.0,452.6530590118474,369.4571526166968
2264,Shanghai NorthCh - Nagoya,SEA,PILOT_TO_PILOT,2,2264,294,3,4,BtwSaki,ToiMisaki,31.113425321681838,131.21593269381486,58.81953173895249,12.0,452.8531650284312,369.25704660011303
2265,Shanghai NorthCh - Nagoya,SEA,PILOT_TO_PILOT,2,2265,295,3,4,BtwSaki,ToiMisaki,31.11512575116695,131.21928079144385,58.81953173895249,12.0,453.053271045015,369.05694058352924
2266,Shanghai NorthCh - Nagoya,SEA,PILOT_TO_PILOT,2,2266,296,3,4,BtwSaki,ToiMisaki,31.116826094091984,131.22262900902527,58.81953173895249,12.0,453.2533770615987,368.8568345669455
2267,Shanghai NorthCh - Nagoya,SEA,PILOT_TO_PILOT,2,2267,297,3,4,BtwSaki,ToiMisaki,31.11852635044806,131.22597734656537,58.81953173895249,12.0,453.4534830781825,368.6567285503617
2268,Shanghai NorthCh - Nagoya,SEA,PILOT_TO_PILOT,2,2268,298,3,4,BtwSaki,ToiMisaki,31.120226520226243,131.22932580407038,58.81953173895249,12.0,453.6535890947663,368.45662253377793
2269,Shanghai NorthCh - Nagoya,SEA,PILOT_TO_PILOT,2,2269,299,3,4,BtwSaki,ToiMisaki,31.121926603417652,131.2326743815466,58.81953173895249,12.0,453.85369511135,368.2565165171942
2270,Shanghai NorthCh - Nagoya,SEA,PILOT_TO_PILOT,2,2270,300,3,4,BtwSaki,ToiMisaki,31.123626600013342,131.23602307900015,58.81953173895249,12.0,454.0538011279338,368.0564105006104
2271,Shanghai NorthCh - Nagoya,SEA,PILOT_TO_PILOT,2,2271,301,3,4,BtwSaki,ToiMisaki,31.125326510004438,131.23937189643735,58.81953173895249,12.0,454.2539071445176,367.8563044840266
2272,Shanghai NorthCh - Nagoya,SEA,PILOT_TO_PILOT,2,2272,302,3,4,BtwSaki,ToiMisaki,31.12702633338201,131.24272083386438,58.81953173895249,12.0,454.45401316110133,367.6561984674429
2273,Shanghai NorthCh - Nagoya,SEA,PILOT_TO_PILOT,2,2273,303,3,4,BtwSaki,ToiMisaki,31.12872607013715,131.2460698912875,58.81953173895249,12.0,454.6541191776851,367.4560924508591
2274,Shanghai NorthCh - Nagoya,SEA,PILOT_TO_PILOT,2,2274,304,3,4,BtwSaki,ToiMisaki,31.13042572026095,131.24941906871294,58.81953173895249,12.0,454.8542251942689,367.2559864342753
2275,Shanghai NorthCh - Nagoya,SEA,PILOT_TO_PILOT,2,2275,305,3,4,BtwSaki,ToiMisaki,31.1321252837445,131.2527683661469,58.81953173895249,12.0,455.05433121085264,367.0558804176916
2276,Shanghai NorthCh - Nagoya,SEA,PILOT_TO_PILOT,2,2276,306,3,4,BtwSaki,ToiMisaki,31.133824760578875,131.25611778359564,58.81953173895249,12.0,455.2544372274364,366.8557744011078
2277,Shanghai NorthCh - Nagoya,SEA,PILOT_TO_PILOT,2,2277,307,3,4,BtwSaki,ToiMisaki,31.135524150755177,131.25946732106536,58.81953173895249,12.0,455.4545432440202,366.655668384524
2278,Shanghai NorthCh - Nagoya,SEA,PILOT_TO_PILOT,2,2278,308,3,4,BtwSaki,ToiMisaki,31.137223454264493,131.26281697856228,58.81953173895249,12.0,455.65464926060395,366.4555623679403
2279,Shanghai NorthCh - Nagoya,SEA,PILOT_TO_PILOT,2,2279,309,3,4,BtwSaki,ToiMisaki,31.138922671097895,131.26616675609267,58.81953173895249,12.0,455.85475527718773,366.2554563513565
2280,Shanghai NorthCh - Nagoya,SEA,PILOT_TO_PILOT,2,2280,310,3,4,BtwSaki,ToiMisaki,31.14062180124648,131.2695166536627,58.81953173895249,12.0,456.0548612937715,366.0553503347727
2281,Shanghai NorthCh - Nagoya,SEA,PILOT_TO_PILOT,2,2281,311,3,4,BtwSaki,ToiMisaki,31.142320844701334,131.2728666712786,58.81953173895249,12.0,456.25496731035525,365.85524431818897
2282,Shanghai NorthCh - Nagoya,SEA,PILOT_TO_PILOT,2,2282,312,3,4,BtwSaki,ToiMisaki,31.14401980145353,131.27621680894657,58.81953173895249,12.0,456.45507332693904,365.6551383016052
2283,Shanghai NorthCh - Nagoya,SEA,PILOT_TO_PILOT,2,2283,313,3,4,BtwSaki,ToiMisaki,31.145718671494173,131.27956706667288,58.81953173895249,12.0,456.65517934352283,365.4550322850214
2284,Shanghai NorthCh - Nagoya,SEA,PILOT_TO_PILOT,2,2284,314,3,4,BtwSaki,ToiMisaki,31.14741745481433,131.28291744446372,58.81953173895249,12.0,456.85528536010656,365.25492626843766
2285,Shanghai NorthCh - Nagoya,SEA,PILOT_TO_PILOT,2,2285,315,3,4,BtwSaki,ToiMisaki,31.14911615140509,131.2862679423253,58.81953173895249,12.0,457.05539137669035,365.05482025185387
2286,Shanghai NorthCh - Nagoya,SEA,PILOT_TO_PILOT,2,2286,316,3,4,BtwSaki,ToiMisaki,31.15081476125753,131.28961856026385,58.81953173895249,12.0,457.25549739327414,364.8547142352701
2287,Shanghai NorthCh - Nagoya,SEA,PILOT_TO_PILOT,2,2287,317,3,4,BtwSaki,ToiMisaki,31.152513284362737,131.29296929828556,58.81953173895249,12.0,457.4556034098579,364.65460821868635
2288,Shanghai NorthCh - Nagoya,SEA,PILOT_TO_PILOT,2,2288,318,3,4,BtwSaki,ToiMisaki,31.154211720711796,131.29632015639666,58.81953173895249,12.0,457.65570942644166,364.45450220210256
2289,Shanghai NorthCh - Nagoya,SEA,PILOT_TO_PILOT,2,2289,319,3,4,BtwSaki,ToiMisaki,31.155910070295786,131.29967113460333,58.81953173895249,12.0,457.85581544302545,364.2543961855188
2290,Shanghai NorthCh - Nagoya,SEA,PILOT_TO_PILOT,2,2290,320,3,4,BtwSaki,ToiMisaki,31.157608333105784,131.30302223291184,58.81953173895249,12.0,458.0559214596092,364.05429016893504
2291,Shanghai NorthCh - Nagoya,SEA,PILOT_TO_PILOT,2,2291,321,3,4,BtwSaki,ToiMisaki,31.159306509132875,131.30637345132834,58.81953173895249,12.0,458.25602747619297,363.85418415235125
2292,Shanghai NorthCh - Nagoya,SEA,PILOT_TO_PILOT,2,2292,322,3,4,BtwSaki,ToiMisaki,31.161004598368148,131.30972478985905,58.81953173895249,12.0,458.45613349277676,363.65407813576746
2293,Shanghai NorthCh - Nagoya,SEA,PILOT_TO_PILOT,2,2293,323,3,4,BtwSaki,ToiMisaki,31.162702600802657,131.31307624851019,58.81953173895249,12.0,458.6562395093605,363.45397211918373
2294,Shanghai NorthCh - Nagoya,SEA,PILOT_TO_PILOT,2,2294,324,3,4,BtwSaki,ToiMisaki,31.1644005164275,131.31642782728795,58.81953173895249,12.0,458.8563455259443,363.25386610259994
2295,Shanghai NorthCh - Nagoya,SEA,PILOT_TO_PILOT,2,2295,325,3,4,BtwSaki,ToiMisaki,31.166098345233745,131.31977952619854,58.81953173895249,12.0,459.05645154252807,363.05376008601615
2296,Shanghai NorthCh - Nagoya,SEA,PILOT_TO_PILOT,2,2296,326,3,4,BtwSaki,ToiMisaki,31.167796087212484,131.32313134524816,58.81953173895249,12.0,459.2565575591118,362.8536540694324
2297,Shanghai NorthCh - Nagoya,SEA,PILOT_TO_PILOT,2,2297,327,3,4,BtwSaki,ToiMisaki,31.169493742354785,131.32648328444301,58.81953173895249,12.0,459.4566635756956,362.65354805284863
2298,Shanghai NorthCh - Nagoya,SEA,PILOT_TO_PILOT,2,2298,328,3,4,BtwSaki,ToiMisaki,31.171191310651725,131.3298353437893,58.81953173895249,12.0,459.6567695922794,362.45344203626485
2299,Shanghai NorthCh - Nagoya,SEA,PILOT_TO_PILOT,2,2299,329,3,4,BtwSaki,ToiMisaki,31.172888792094387,131.33318752329322,58.81953173895249,12.0,459.8568756088631,362.2533360196811
2300,Shanghai NorthCh - Nagoya,SEA,PILOT_TO_PILOT,2,2300,330,3,4,BtwSaki,ToiMisaki,31.17458618667384,131.33653982296096,58.81953173895249,12.0,460.0569816254469,362.0532300030973
2301,Shanghai NorthCh - Nagoya,SEA,PILOT_TO_PILOT,2,2301,331,3,4,BtwSaki,ToiMisaki,31.176283494381156,131.33989224279873,58.81953173895249,12.0,460.2570876420307,361.85312398651354
2302,Shanghai NorthCh - Nagoya,SEA,PILOT_TO_PILOT,2,2302,332,3,4,BtwSaki,ToiMisaki,31.177980715207422,131.34324478281275,58.81953173895249,12.0,460.4571936586144,361.6530179699298
2303,Shanghai NorthCh - Nagoya,SEA,PILOT_TO_PILOT,2,2303,333,3,4,BtwSaki,ToiMisaki,31.1796778491437,131.34659744300913,58.81953173895249,12.0,460.6572996751982,361.452911953346
2304,Shanghai NorthCh - Nagoya,SEA,PILOT_TO_PILOT,2,2304,334,3,4,BtwSaki,ToiMisaki,31.181374896181076,131.34995022339413,58.81953173895249,12.0,460.857405691782,361.25280593676223
2305,Shanghai NorthCh - Nagoya,SEA,PILOT_TO_PILOT,2,2305,335,3,4,BtwSaki,ToiMisaki,31.183071856310615,131.35330312397392,58.81953173895249,12.0,461.0575117083657,361.0526999201785
2306,Shanghai NorthCh - Nagoya,SEA,PILOT_TO_PILOT,2,2306,336,3,4,BtwSaki,ToiMisaki,31.184768729523395,131.3566561447547,58.81953173895249,12.0,461.2576177249495,360.8525939035947
2307,Shanghai NorthCh - Nagoya,SEA,PILOT_TO_PILOT,2,2307,337,3,4,BtwSaki,ToiMisaki,31.186465515810493,131.36000928574265,58.81953173895249,12.0,461.4577237415333,360.6524878870109
2308,Shanghai NorthCh - Nagoya,SEA,PILOT_TO_PILOT,2,2308,338,3,4,BtwSaki,ToiMisaki,31.188162215162958,131.36336254694396,58.81953173895249,12.0,461.65782975811703,360.4523818704272
2309,Shanghai NorthCh - Nagoya,SEA,PILOT_TO_PILOT,2,2309,339,3,4,BtwSaki,ToiMisaki,31.189858827571886,131.3667159283648,58.81953173895249,12.0,461.8579357747008,360.2522758538434
2310,Shanghai NorthCh - Nagoya,SEA,PILOT_TO_PILOT,2,2310,340,3,4,BtwSaki,ToiMisaki,31.191555353028335,131.3700694300114,58.81953173895249,12.0,462.0580417912846,360.0521698372596
2311,Shanghai NorthCh - Nagoya,SEA,PILOT_TO_PILOT,2,2311,341,3,4,BtwSaki,ToiMisaki,31.19325179152339,131.3734230518899,58.81953173895249,12.0,462.25814780786834,359.8520638206759
2312,Shanghai NorthCh - Nagoya,SEA,PILOT_TO_PILOT,2,2312,342,3,4,BtwSaki,ToiMisaki,31.19494814304811,131.3767767940065,58.81953173895249,12.0,462.45825382445213,359.6519578040921
2313,Shanghai NorthCh - Nagoya,SEA,PILOT_TO_PILOT,2,2313,343,3,4,BtwSaki,ToiMisaki,31.196644407593563,131.38013065636733,58.81953173895249,12.0,462.6583598410359,359.4518517875083
2314,Shanghai NorthCh - Nagoya,SEA,PILOT_TO_PILOT,2,2314,344,3,4,BtwSaki,ToiMisaki,31.198340585150824,131.38348463897864,58.81953173895249,12.0,462.85846585761965,359.2517457709246
2315,Shanghai NorthCh - Nagoya,SEA,PILOT_TO_PILOT,2,2315,345,3,4,BtwSaki,ToiMisaki,31.20003667571096,131.38683874184662,58.81953173895249,12.0,463.05857187420344,359.0516397543408
2316,Shanghai NorthCh - Nagoya,SEA,PILOT_TO_PILOT,2,2316,346,3,4,BtwSaki,ToiMisaki,31.201732679265035,131.3901929649774,58.81953173895249,12.0,463.2586778907872,358.851533737757
2317,Shanghai NorthCh - Nagoya,SEA,PILOT_TO_PILOT,2,2317,347,3,4,BtwSaki,ToiMisaki,31.20342859580412,131.39354730837715,58.81953173895249,12.0,463.458783907371,358.6514277211732
2318,Shanghai NorthCh - Nagoya,SEA,PILOT_TO_PILOT,2,2318,348,3,4,BtwSaki,ToiMisaki,31.205124425319287,131.39690177205208,58.81953173895249,12.0,463.65888992395475,358.4513217045895
2319,Shanghai NorthCh - Nagoya,SEA,PILOT_TO_PILOT,2,2319,349,3,4,BtwSaki,ToiMisaki,31.206820167801595,131.40025635600833,58.81953173895249,12.0,463.85899594053853,358.2512156880057
2320,Shanghai NorthCh - Nagoya,SEA,PILOT_TO_PILOT,2,2320,350,3,4,BtwSaki,ToiMisaki,31.208515823242113,131.4036110602521,58.81953173895249,12.0,464.0591019571223,358.0511096714219
2321,Shanghai NorthCh - Nagoya,SEA,PILOT_TO_PILOT,2,2321,351,3,4,BtwSaki,ToiMisaki,31.21021139163191,131.40696588478954,58.81953173895249,12.0,464.25920797370605,357.85100365483817
2322,Shanghai NorthCh - Nagoya,SEA,PILOT_TO_PILOT,2,2322,352,3,4,BtwSaki,ToiMisaki,31.21190687296204,131.41032082962687,58.81953173895249,12.0,464.45931399028984,357.6508976382544
2323,Shanghai NorthCh - Nagoya,SEA,PILOT_TO_PILOT,2,2323,353,3,4,BtwSaki,ToiMisaki,31.213602267223582,131.41367589477017,58.81953173895249,12.0,464.65942000687363,357.4507916216706
2324,Shanghai NorthCh - Nagoya,SEA,PILOT_TO_PILOT,2,2324,354,3,4,BtwSaki,ToiMisaki,31.2152975744076,131.41703108022568,58.81953173895249,12.0,464.85952602345736,357.25068560508686
2325,Shanghai NorthCh - Nagoya,SEA,PILOT_TO_PILOT,2,2325,355,3,4,BtwSaki,ToiMisaki,31.21699279450515,131.42038638599954,58.81953173895249,12.0,465.05963204004115,357.05057958850307
2326,Shanghai NorthCh - Nagoya,SEA,PILOT_TO_PILOT,2,2326,356,3,4,BtwSaki,ToiMisaki,31.21868792750729,131.42374181209792,58.81953173895249,12.0,465.25973805662494,356.8504735719193
2327,Shanghai NorthCh - Nagoya,SEA,PILOT_TO_PILOT,2,2327,357,3,4,BtwSaki,ToiMisaki,31.22038297340509,131.427097358527,58.81953173895249,12.0,465.45984407320867,356.65036755533555
2328,Shanghai NorthCh - Nagoya,SEA,PILOT_TO_PILOT,2,2328,358,3,4,BtwSaki,ToiMisaki,31.222077932189624,131.4304530252929,58.81953173895249,12.0,465.65995008979246,356.45026153875176
2329,Shanghai NorthCh - Nagoya,SEA,PILOT_TO_PILOT,2,2329,359,3,4,BtwSaki,ToiMisaki,31.223772803851936,131.43380881240182,58.81953173895249,12.0,465.86005610637625,356.250155522168
2330,Shanghai NorthCh - Nagoya,SEA,PILOT_TO_PILOT,2,2330,360,3,4,BtwSaki,ToiMisaki,31.225467588383086,131.4371647198599,58.81953173895249,12.0,466.06016212296,356.05004950558424
2331,Shanghai NorthCh - Nagoya,SEA,PILOT_TO_PILOT,2,2331,361,3,4,BtwSaki,ToiMisaki,31.22716228577416,131.4405207476733,58.81953173895249,12.0,466.26026813954377,355.84994348900045
2332,Shanghai NorthCh - Nagoya,SEA,PILOT_TO_PILOT,2,2332,362,3,4,BtwSaki,ToiMisaki,31.228856896016186,131.4438768958482,58.81953173895249,12.0,466.46037415612756,355.64983747241666
2333,Shanghai NorthCh - Nagoya,SEA,PILOT_TO_PILOT,2,2333,363,3,4,BtwSaki,ToiMisaki,31.230551419100255,131.44723316439075,58.81953173895249,12.0,466.6604801727113,355.44973145583293
2334,Shanghai NorthCh - Nagoya,SEA,PILOT_TO_PILOT,2,2334,364,3,4,BtwSaki,ToiMisaki,31.232245855017396,131.45058955330708,58.81953173895249,12.0,466.8605861892951,355.24962543924914
2335,Shanghai NorthCh - Nagoya,SEA,PILOT_TO_PILOT,2,2335,365,3,4,BtwSaki,ToiMisaki,31.233940203758685,131.45394606260336,58.81953173895249,12.0,467.06069220587887,355.04951942266536
2336,Shanghai NorthCh - Nagoya,SEA,PILOT_TO_PILOT,2,2336,366,3,4,BtwSaki,ToiMisaki,31.23563446531518,131.45730269228574,58.81953173895249,12.0,467.2607982224626,354.8494134060816
2337,Shanghai NorthCh - Nagoya,SEA,PILOT_TO_PILOT,2,2337,367,3,4,BtwSaki,ToiMisaki,31.237328639677944,131.46065944236037,58.81953173895249,12.0,467.4609042390464,354.64930738949784
2338,Shanghai NorthCh - Nagoya,SEA,PILOT_TO_PILOT,2,2338,368,3,4,BtwSaki,ToiMisaki,31.23902272683802,131.46401631283342,58.81953173895249,12.0,467.6610102556302,354.44920137291405
2339,Shanghai NorthCh - Nagoya,SEA,PILOT_TO_PILOT,2,2339,369,3,4,BtwSaki,ToiMisaki,31.240716726786474,131.467373303711,58.81953173895249,12.0,467.86111627221396,354.24909535633026
2340,Shanghai NorthCh - Nagoya,SEA,PILOT_TO_PILOT,2,2340,370,3,4,BtwSaki,ToiMisaki,31.242410639514357,131.4707304149993,58.81953173895249,12.0,468.0612222887977,354.0489893397465
2341,Shanghai NorthCh - Nagoya,SEA,PILOT_TO_PILOT,2,2341,371,3,4,BtwSaki,ToiMisaki,31.244104465012732,131.47408764670448,58.81953173895249,12.0,468.2613283053815,353.84888332316274
2342,Shanghai NorthCh - Nagoya,SEA,PILOT_TO_PILOT,2,2342,372,3,4,BtwSaki,ToiMisaki,31.245798203272656,131.4774449988326,58.81953173895249,12.0,468.46143432196527,353.64877730657895
2343,Shanghai NorthCh - Nagoya,SEA,PILOT_TO_PILOT,2,2343,373,3,4,BtwSaki,ToiMisaki,31.247491854285173,131.4808024713899,58.81953173895249,12.0,468.661540338549,353.4486712899952
2344,Shanghai NorthCh - Nagoya,SEA,PILOT_TO_PILOT,2,2344,374,3,4,BtwSaki,ToiMisaki,31.24918541804135,131.48416006438245,58.81953173895249,12.0,468.8616463551328,353.24856527341143
2345,Shanghai NorthCh - Nagoya,SEA,PILOT_TO_PILOT,2,2345,375,3,4,BtwSaki,ToiMisaki,31.25087889453223,131.4875177778164,58.81953173895249,12.0,469.0617523717166,353.04845925682764
2346,Shanghai NorthCh - Nagoya,SEA,PILOT_TO_PILOT,2,2346,376,3,4,BtwSaki,ToiMisaki,31.25257228374887,131.49087561169796,58.81953173895249,12.0,469.2618583883003,352.8483532402439
2347,Shanghai NorthCh - Nagoya,SEA,PILOT_TO_PILOT,2,2347,377,3,4,BtwSaki,ToiMisaki,31.25426558568233,131.4942335660332,58.81953173895249,12.0,469.4619644048841,352.6482472236601
2348,Shanghai NorthCh - Nagoya,SEA,PILOT_TO_PILOT,2,2348,378,3,4,BtwSaki,ToiMisaki,31.25595880032366,131.4975916408283,58.81953173895249,12.0,469.6620704214679,352.44814120707633
2349,Shanghai NorthCh - Nagoya,SEA,PILOT_TO_PILOT,2,2349,379,3,4,BtwSaki,ToiMisaki,31.2576519276639,131.50094983608932,58.81953173895249,12.0,469.8621764380516,352.2480351904926
2350,Shanghai NorthCh - Nagoya,SEA,PILOT_TO_PILOT,2,2350,380,3,4,BtwSaki,ToiMisaki,31.259344967694123,131.5043081518225,58.81953173895249,12.0,470.0622824546354,352.0479291739088
2351,Shanghai NorthCh - Nagoya,SEA,PILOT_TO_PILOT,2,2351,381,3,4,BtwSaki,ToiMisaki,31.261037920405357,131.5076665880339,58.81953173895249,12.0,470.2623884712192,351.847823157325
2352,Shanghai NorthCh - Nagoya,SEA,PILOT_TO_PILOT,2,2352,382,3,4,BtwSaki,ToiMisaki,31.26273078578867,131.51102514472973,58.81953173895249,12.0,470.4624944878029,351.6477171407413
2353,Shanghai NorthCh - Nagoya,SEA,PILOT_TO_PILOT,2,2353,383,3,4,BtwSaki,ToiMisaki,31.264423563835106,131.51438382191606,58.81953173895249,12.0,470.6626005043867,351.4476111241575
2354,Shanghai NorthCh - Nagoya,SEA,PILOT_TO_PILOT,2,2354,384,3,4,BtwSaki,ToiMisaki,31.266116254535714,131.51774261959898,58.81953173895249,12.0,470.8627065209705,351.2475051075737
2355,Shanghai NorthCh - Nagoya,SEA,PILOT_TO_PILOT,2,2355,385,3,4,BtwSaki,ToiMisaki,31.267808857881548,131.52110153778472,58.81953173895249,12.0,471.06281253755424,351.04739909099
2356,Shanghai NorthCh - Nagoya,SEA,PILOT_TO_PILOT,2,2356,386,3,4,BtwSaki,ToiMisaki,31.26950137386365,131.52446057647933,58.81953173895249,12.0,471.262918554138,350.8472930744062
2357,Shanghai NorthCh - Nagoya,SEA,PILOT_TO_PILOT,2,2357,387,3,4,BtwSaki,ToiMisaki,31.27119380247307,131.52781973568898,58.81953173895249,12.0,471.4630245707218,350.6471870578224
2358,Shanghai NorthCh - Nagoya,SEA,PILOT_TO_PILOT,2,2358,388,3,4,BtwSaki,ToiMisaki,31.27288614370086,131.53117901541978,58.81953173895249,12.0,471.66313058730555,350.4470810412387
2359,Shanghai NorthCh - Nagoya,SEA,PILOT_TO_PILOT,2,2359,389,3,4,BtwSaki,ToiMisaki,31.274578397538058,131.53453841567784,58.81953173895249,12.0,471.86323660388933,350.2469750246549
2360,Shanghai NorthCh - Nagoya,SEA,PILOT_TO_PILOT,2,2360,390,3,4,BtwSaki,ToiMisaki,31.276270563975725,131.5378979364693,58.81953173895249,12.0,472.0633426204731,350.0468690080711
2361,Shanghai NorthCh - Nagoya,SEA,PILOT_TO_PILOT,2,2361,391,3,4,BtwSaki,ToiMisaki,31.27796264300489,131.5412575778003,58.81953173895249,12.0,472.26344863705685,349.84676299148737
2362,Shanghai NorthCh - Nagoya,SEA,PILOT_TO_PILOT,2,2362,392,3,4,BtwSaki,ToiMisaki,31.279654634616616,131.54461733967696,58.81953173895249,12.0,472.46355465364064,349.6466569749036
2363,Shanghai NorthCh - Nagoya,SEA,PILOT_TO_PILOT,2,2363,393,3,4,BtwSaki,ToiMisaki,31.28134653880194,131.54797722210535,58.81953173895249,12.0,472.66366067022443,349.4465509583198
2364,Shanghai NorthCh - Nagoya,SEA,PILOT_TO_PILOT,2,2364,394,3,4,BtwSaki,ToiMisaki,31.283038355551895,131.55133722509163,58.81953173895249,12.0,472.86376668680816,349.24644494173606
2365,Shanghai NorthCh - Nagoya,SEA,PILOT_TO_PILOT,2,2365,395,3,4,BtwSaki,ToiMisaki,31.28473008485755,131.55469734864187,58.81953173895249,12.0,473.06387270339195,349.04633892515227
2366,Shanghai NorthCh - Nagoya,SEA,PILOT_TO_PILOT,2,2366,396,3,4,BtwSaki,ToiMisaki,31.286421726709943,131.55805759276225,58.81953173895249,12.0,473.26397871997574,348.8462329085685
2367,Shanghai NorthCh - Nagoya,SEA,PILOT_TO_PILOT,2,2367,397,3,4,BtwSaki,ToiMisaki,31.288113281100095,131.56141795745887,58.81953173895249,12.0,473.46408473655947,348.64612689198475
2368,Shanghai NorthCh - Nagoya,SEA,PILOT_TO_PILOT,2,2368,398,3,4,BtwSaki,ToiMisaki,31.28980474801908,131.5647784427378,58.81953173895249,12.0,473.66419075314326,348.44602087540096
2369,Shanghai NorthCh - Nagoya,SEA,PILOT_TO_PILOT,2,2369,399,3,4,BtwSaki,ToiMisaki,31.29149612745792,131.5681390486052,58.81953173895249,12.0,473.86429676972705,348.2459148588172
2370,Shanghai NorthCh - Nagoya,SEA,PILOT_TO_PILOT,2,2370,400,3,4,BtwSaki,ToiMisaki,31.293187419407655,131.57149977506717,58.81953173895249,12.0,474.0644027863108,348.04580884223344
2371,Shanghai NorthCh - Nagoya,SEA,PILOT_TO_PILOT,2,2371,401,3,4,BtwSaki,ToiMisaki,31.29487862385934,131.5748606221298,58.81953173895249,12.0,474.26450880289457,347.84570282564965
2372,Shanghai NorthCh - Nagoya,SEA,PILOT_TO_PILOT,2,2372,402,3,4,BtwSaki,ToiMisaki,31.29656974080401,131.57822158979917,58.81953173895249,12.0,474.46461481947836,347.64559680906586
2373,Shanghai NorthCh - Nagoya,SEA,PILOT_TO_PILOT,2,2373,403,3,4,BtwSaki,ToiMisaki,31.29826077023271,131.58158267808147,58.81953173895249,12.0,474.6647208360621,347.44549079248213
2374,Shanghai NorthCh - Nagoya,SEA,PILOT_TO_PILOT,2,2374,404,3,4,BtwSaki,ToiMisaki,31.299951712136462,131.58494388698276,58.81953173895249,12.0,474.8648268526459,347.24538477589834
2375,Shanghai NorthCh - Nagoya,SEA,PILOT_TO_PILOT,2,2375,405,3,4,BtwSaki,ToiMisaki,31.301642566506327,131.5883052165091,58.81953173895249,12.0,475.06493286922966,347.04527875931456
2376,Shanghai NorthCh - Nagoya,SEA,PILOT_TO_PILOT,3,2376,0,4,5,ToiMisaki,Tosa,31.30333333333334,131.5916666666667,48.89906075232415,12.0,475.2650388858134,346.8451727427308
2377,Shanghai NorthCh - Nagoya,SEA,PILOT_TO_PILOT,3,2377,1,4,5,ToiMisaki,Tosa,31.305520849766417,131.5946015059771,48.89906075232415,12.0,475.464831961233,346.6453796673112
2378,Shanghai NorthCh - Nagoya,SEA,PILOT_TO_PILOT,3,2378,2,4,5,ToiMisaki,Tosa,31.307708299457037,131.59753648157346,48.89906075232415,12.0,475.6646250366526,346.44558659189164
2379,Shanghai NorthCh - Nagoya,SEA,PILOT_TO_PILOT,3,2379,3,4,5,ToiMisaki,Tosa,31.309895682396355,131.60047159346965,48.89906075232415,12.0,475.8644181120722,346.245793516472
2380,Shanghai NorthCh - Nagoya,SEA,PILOT_TO_PILOT,3,2380,4,4,5,ToiMisaki,Tosa,31.312082998575523,131.6034068416796,48.89906075232415,12.0,476.0642111874918,346.0460004410524
2381,Shanghai NorthCh - Nagoya,SEA,PILOT_TO_PILOT,3,2381,5,4,5,ToiMisaki,Tosa,31.314270247985704,131.60634222621724,48.89906075232415,12.0,476.26400426291144,345.8462073656328
2382,Shanghai NorthCh - Nagoya,SEA,PILOT_TO_PILOT,3,2382,6,4,5,ToiMisaki,Tosa,31.31645743061807,131.60927774709634,48.89906075232415,12.0,476.463797338331,345.6464142902132
2383,Shanghai NorthCh - Nagoya,SEA,PILOT_TO_PILOT,3,2383,7,4,5,ToiMisaki,Tosa,31.31864454646375,131.6122134043309,48.89906075232415,12.0,476.6635904137506,345.4466212147936
2384,Shanghai NorthCh - Nagoya,SEA,PILOT_TO_PILOT,3,2384,8,4,5,ToiMisaki,Tosa,31.320831595513926,131.61514919793473,48.89906075232415,12.0,476.86338348917025,345.246828139374
2385,Shanghai NorthCh - Nagoya,SEA,PILOT_TO_PILOT,3,2385,9,4,5,ToiMisaki,Tosa,31.32301857775974,131.61808512792177,48.89906075232415,12.0,477.0631765645898,345.0470350639544
2386,Shanghai NorthCh - Nagoya,SEA,PILOT_TO_PILOT,3,2386,10,4,5,ToiMisaki,Tosa,31.32520549319235,131.62102119430594,48.89906075232415,12.0,477.26296964000943,344.8472419885348
2387,Shanghai NorthCh - Nagoya,SEA,PILOT_TO_PILOT,3,2387,11,4,5,ToiMisaki,Tosa,31.327392341802906,131.6239573971011,48.89906075232415,12.0,477.46276271542905,344.64744891311517
2388,Shanghai NorthCh - Nagoya,SEA,PILOT_TO_PILOT,3,2388,12,4,5,ToiMisaki,Tosa,31.329579123582565,131.6268937363211,48.89906075232415,12.0,477.66255579084867,344.44765583769555
2389,Shanghai NorthCh - Nagoya,SEA,PILOT_TO_PILOT,3,2389,13,4,5,ToiMisaki,Tosa,31.33176583852247,131.62983021197988,48.89906075232415,12.0,477.86234886626823,344.247862762276
2390,Shanghai NorthCh - Nagoya,SEA,PILOT_TO_PILOT,3,2390,14,4,5,ToiMisaki,Tosa,31.333952486613786,131.63276682409136,48.89906075232415,12.0,478.06214194168786,344.04806968685637
2391,Shanghai NorthCh - Nagoya,SEA,PILOT_TO_PILOT,3,2391,15,4,5,ToiMisaki,Tosa,31.336139067847647,131.63570357266943,48.89906075232415,12.0,478.2619350171075,343.84827661143675
2392,Shanghai NorthCh - Nagoya,SEA,PILOT_TO_PILOT,3,2392,16,4,5,ToiMisaki,Tosa,31.338325582215198,131.6386404577279,48.89906075232415,12.0,478.46172809252704,343.6484835360172
2393,Shanghai NorthCh - Nagoya,SEA,PILOT_TO_PILOT,3,2393,17,4,5,ToiMisaki,Tosa,31.3405120297076,131.64157747928073,48.89906075232415,12.0,478.66152116794666,343.44869046059756
2394,Shanghai NorthCh - Nagoya,SEA,PILOT_TO_PILOT,3,2394,18,4,5,ToiMisaki,Tosa,31.342698410315997,131.6445146373418,48.89906075232415,12.0,478.8613142433663,343.24889738517794
2395,Shanghai NorthCh - Nagoya,SEA,PILOT_TO_PILOT,3,2395,19,4,5,ToiMisaki,Tosa,31.344884724031534,131.64745193192505,48.89906075232415,12.0,479.0611073187859,343.0491043097583
2396,Shanghai NorthCh - Nagoya,SEA,PILOT_TO_PILOT,3,2396,20,4,5,ToiMisaki,Tosa,31.347070970845355,131.6503893630443,48.89906075232415,12.0,479.26090039420546,342.84931123433876
2397,Shanghai NorthCh - Nagoya,SEA,PILOT_TO_PILOT,3,2397,21,4,5,ToiMisaki,Tosa,31.349257150748603,131.6533269307135,48.89906075232415,12.0,479.4606934696251,342.64951815891914
2398,Shanghai NorthCh - Nagoya,SEA,PILOT_TO_PILOT,3,2398,22,4,5,ToiMisaki,Tosa,31.351443263732417,131.65626463494652,48.89906075232415,12.0,479.6604865450447,342.4497250834995
2399,Shanghai NorthCh - Nagoya,SEA,PILOT_TO_PILOT,3,2399,23,4,5,ToiMisaki,Tosa,31.353629309787937,131.6592024757573,48.89906075232415,12.0,479.86027962046427,342.24993200807995
2400,Shanghai NorthCh - Nagoya,SEA,PILOT_TO_PILOT,3,2400,24,4,5,ToiMisaki,Tosa,31.355815288906307,131.66214045315965,48.89906075232415,12.0,480.0600726958839,342.05013893266033
2401,Shanghai NorthCh - Nagoya,SEA,PILOT_TO_PILOT,3,2401,25,4,5,ToiMisaki,Tosa,31.35800120107868,131.66507856716754,48.89906075232415,12.0,480.2598657713035,341.8503458572407
2402,Shanghai NorthCh - Nagoya,SEA,PILOT_TO_PILOT,3,2402,26,4,5,ToiMisaki,Tosa,31.360187046296176,131.66801681779486,48.89906075232415,12.0,480.45965884672313,341.6505527818211
2403,Shanghai NorthCh - Nagoya,SEA,PILOT_TO_PILOT,3,2403,27,4,5,ToiMisaki,Tosa,31.36237282454994,131.67095520505546,48.89906075232415,12.0,480.6594519221427,341.4507597064015
2404,Shanghai NorthCh - Nagoya,SEA,PILOT_TO_PILOT,3,2404,28,4,5,ToiMisaki,Tosa,31.36455853583111,131.6738937289633,48.89906075232415,12.0,480.8592449975623,341.2509666309819
2405,Shanghai NorthCh - Nagoya,SEA,PILOT_TO_PILOT,3,2405,29,4,5,ToiMisaki,Tosa,31.366744180130826,131.67683238953222,48.89906075232415,12.0,481.05903807298193,341.0511735555623
2406,Shanghai NorthCh - Nagoya,SEA,PILOT_TO_PILOT,3,2406,30,4,5,ToiMisaki,Tosa,31.368929757440213,131.67977118677612,48.89906075232415,12.0,481.2588311484015,340.8513804801427
2407,Shanghai NorthCh - Nagoya,SEA,PILOT_TO_PILOT,3,2407,31,4,5,ToiMisaki,Tosa,31.37111526775041,131.68271012070898,48.89906075232415,12.0,481.4586242238211,340.6515874047231
2408,Shanghai NorthCh - Nagoya,SEA,PILOT_TO_PILOT,3,2408,32,4,5,ToiMisaki,Tosa,31.37330071105256,131.68564919134462,48.89906075232415,12.0,481.65841729924074,340.4517943293035
2409,Shanghai NorthCh - Nagoya,SEA,PILOT_TO_PILOT,3,2409,33,4,5,ToiMisaki,Tosa,31.375486087337773,131.68858839869694,48.89906075232415,12.0,481.85821037466036,340.25200125388386
2410,Shanghai NorthCh - Nagoya,SEA,PILOT_TO_PILOT,3,2410,34,4,5,ToiMisaki,Tosa,31.377671396597215,131.69152774277987,48.89906075232415,12.0,482.0580034500799,340.0522081784643
2411,Shanghai NorthCh - Nagoya,SEA,PILOT_TO_PILOT,3,2411,35,4,5,ToiMisaki,Tosa,31.379856638821977,131.6944672236073,48.89906075232415,12.0,482.25779652549954,339.8524151030447
2412,Shanghai NorthCh - Nagoya,SEA,PILOT_TO_PILOT,3,2412,36,4,5,ToiMisaki,Tosa,31.382041814003212,131.69740684119316,48.89906075232415,12.0,482.45758960091916,339.65262202762506
2413,Shanghai NorthCh - Nagoya,SEA,PILOT_TO_PILOT,3,2413,37,4,5,ToiMisaki,Tosa,31.384226922132044,131.70034659555125,48.89906075232415,12.0,482.6573826763387,339.4528289522055
2414,Shanghai NorthCh - Nagoya,SEA,PILOT_TO_PILOT,3,2414,38,4,5,ToiMisaki,Tosa,31.3864119631996,131.7032864866956,48.89906075232415,12.0,482.85717575175835,339.2530358767859
2415,Shanghai NorthCh - Nagoya,SEA,PILOT_TO_PILOT,3,2415,39,4,5,ToiMisaki,Tosa,31.388596937197008,131.70622651464,48.89906075232415,12.0,483.05696882717797,339.05324280136625
2416,Shanghai NorthCh - Nagoya,SEA,PILOT_TO_PILOT,3,2416,40,4,5,ToiMisaki,Tosa,31.39078184411538,131.70916667939844,48.89906075232415,12.0,483.2567619025976,338.85344972594663
2417,Shanghai NorthCh - Nagoya,SEA,PILOT_TO_PILOT,3,2417,41,4,5,ToiMisaki,Tosa,31.392966683945865,131.71210698098474,48.89906075232415,12.0,483.45655497801715,338.65365665052707
2418,Shanghai NorthCh - Nagoya,SEA,PILOT_TO_PILOT,3,2418,42,4,5,ToiMisaki,Tosa,31.39515145667958,131.71504741941283,48.89906075232415,12.0,483.6563480534368,338.45386357510745
2419,Shanghai NorthCh - Nagoya,SEA,PILOT_TO_PILOT,3,2419,43,4,5,ToiMisaki,Tosa,31.39733616230763,131.71798799469664,48.89906075232415,12.0,483.8561411288564,338.2540704996878
2420,Shanghai NorthCh - Nagoya,SEA,PILOT_TO_PILOT,3,2420,44,4,5,ToiMisaki,Tosa,31.39952080082116,131.72092870685006,48.89906075232415,12.0,484.05593420427596,338.05427742426826
2421,Shanghai NorthCh - Nagoya,SEA,PILOT_TO_PILOT,3,2421,45,4,5,ToiMisaki,Tosa,31.401705372211275,131.723869555887,48.89906075232415,12.0,484.2557272796956,337.85448434884864
2422,Shanghai NorthCh - Nagoya,SEA,PILOT_TO_PILOT,3,2422,46,4,5,ToiMisaki,Tosa,31.4038898764691,131.72681054182132,48.89906075232415,12.0,484.4555203551152,337.654691273429
2423,Shanghai NorthCh - Nagoya,SEA,PILOT_TO_PILOT,3,2423,47,4,5,ToiMisaki,Tosa,31.406074313585762,131.72975166466696,48.89906075232415,12.0,484.6553134305348,337.4548981980094
2424,Shanghai NorthCh - Nagoya,SEA,PILOT_TO_PILOT,3,2424,48,4,5,ToiMisaki,Tosa,31.408258683552365,131.7326929244378,48.89906075232415,12.0,484.8551065059544,337.25510512258984
2425,Shanghai NorthCh - Nagoya,SEA,PILOT_TO_PILOT,3,2425,49,4,5,ToiMisaki,Tosa,31.410442986360035,131.73563432114776,48.89906075232415,12.0,485.054899581374,337.0553120471702
2426,Shanghai NorthCh - Nagoya,SEA,PILOT_TO_PILOT,3,2426,50,4,5,ToiMisaki,Tosa,31.41262722199989,131.73857585481073,48.89906075232415,12.0,485.2546926567936,336.8555189717506
2427,Shanghai NorthCh - Nagoya,SEA,PILOT_TO_PILOT,3,2427,51,4,5,ToiMisaki,Tosa,31.414811390463036,131.74151752544063,48.89906075232415,12.0,485.4544857322132,336.65572589633103
2428,Shanghai NorthCh - Nagoya,SEA,PILOT_TO_PILOT,3,2428,52,4,5,ToiMisaki,Tosa,31.416995491740597,131.7444593330513,48.89906075232415,12.0,485.6542788076328,336.4559328209114
2429,Shanghai NorthCh - Nagoya,SEA,PILOT_TO_PILOT,3,2429,53,4,5,ToiMisaki,Tosa,31.419179525823687,131.74740127765676,48.89906075232415,12.0,485.8540718830524,336.2561397454918
2430,Shanghai NorthCh - Nagoya,SEA,PILOT_TO_PILOT,3,2430,54,4,5,ToiMisaki,Tosa,31.421363492703403,131.75034335927086,48.89906075232415,12.0,486.05386495847205,336.0563466700722
2431,Shanghai NorthCh - Nagoya,SEA,PILOT_TO_PILOT,3,2431,55,4,5,ToiMisaki,Tosa,31.42354739237088,131.75328557790746,48.89906075232415,12.0,486.2536580338916,335.8565535946526
2432,Shanghai NorthCh - Nagoya,SEA,PILOT_TO_PILOT,3,2432,56,4,5,ToiMisaki,Tosa,31.42573122481721,131.75622793358053,48.89906075232415,12.0,486.45345110931123,335.656760519233
2433,Shanghai NorthCh - Nagoya,SEA,PILOT_TO_PILOT,3,2433,57,4,5,ToiMisaki,Tosa,31.427914990033514,131.7591704263039,48.89906075232415,12.0,486.65324418473085,335.45696744381337
2434,Shanghai NorthCh - Nagoya,SEA,PILOT_TO_PILOT,3,2434,58,4,5,ToiMisaki,Tosa,31.430098688010887,131.76211305609155,48.89906075232415,12.0,486.8530372601504,335.2571743683938
2435,Shanghai NorthCh - Nagoya,SEA,PILOT_TO_PILOT,3,2435,59,4,5,ToiMisaki,Tosa,31.43228231874045,131.76505582295735,48.89906075232415,12.0,487.05283033557004,335.0573812929742
2436,Shanghai NorthCh - Nagoya,SEA,PILOT_TO_PILOT,3,2436,60,4,5,ToiMisaki,Tosa,31.434465882213306,131.7679987269152,48.89906075232415,12.0,487.25262341098966,334.85758821755456
2437,Shanghai NorthCh - Nagoya,SEA,PILOT_TO_PILOT,3,2437,61,4,5,ToiMisaki,Tosa,31.43664937842056,131.77094176797905,48.89906075232415,12.0,487.4524164864093,334.65779514213494
2438,Shanghai NorthCh - Nagoya,SEA,PILOT_TO_PILOT,3,2438,62,4,5,ToiMisaki,Tosa,31.43883280735332,131.77388494616275,48.89906075232415,12.0,487.65220956182884,334.4580020667154
2439,Shanghai NorthCh - Nagoya,SEA,PILOT_TO_PILOT,3,2439,63,4,5,ToiMisaki,Tosa,31.44101616900268,131.7768282614802,48.89906075232415,12.0,487.85200263724846,334.25820899129576
2440,Shanghai NorthCh - Nagoya,SEA,PILOT_TO_PILOT,3,2440,64,4,5,ToiMisaki,Tosa,31.443199463359758,131.7797717139454,48.89906075232415,12.0,488.0517957126681,334.05841591587614
2441,Shanghai NorthCh - Nagoya,SEA,PILOT_TO_PILOT,3,2441,65,4,5,ToiMisaki,Tosa,31.44538269041565,131.78271530357216,48.89906075232415,12.0,488.25158878808764,333.8586228404566
2442,Shanghai NorthCh - Nagoya,SEA,PILOT_TO_PILOT,3,2442,66,4,5,ToiMisaki,Tosa,31.447565850161453,131.7856590303744,48.89906075232415,12.0,488.45138186350727,333.65882976503696
2443,Shanghai NorthCh - Nagoya,SEA,PILOT_TO_PILOT,3,2443,67,4,5,ToiMisaki,Tosa,31.44974894258827,131.78860289436608,48.89906075232415,12.0,488.6511749389269,333.45903668961734
2444,Shanghai NorthCh - Nagoya,SEA,PILOT_TO_PILOT,3,2444,68,4,5,ToiMisaki,Tosa,31.451931967687187,131.79154689556105,48.89906075232415,12.0,488.8509680143465,333.2592436141977
2445,Shanghai NorthCh - Nagoya,SEA,PILOT_TO_PILOT,3,2445,69,4,5,ToiMisaki,Tosa,31.454114925449332,131.79449103397326,48.89906075232415,12.0,489.05076108976607,333.05945053877815
2446,Shanghai NorthCh - Nagoya,SEA,PILOT_TO_PILOT,3,2446,70,4,5,ToiMisaki,Tosa,31.45629781586578,131.7974353096166,48.89906075232415,12.0,489.2505541651857,332.85965746335853
2447,Shanghai NorthCh - Nagoya,SEA,PILOT_TO_PILOT,3,2447,71,4,5,ToiMisaki,Tosa,31.458480638927632,131.80037972250494,48.89906075232415,12.0,489.4503472406053,332.6598643879389
2448,Shanghai NorthCh - Nagoya,SEA,PILOT_TO_PILOT,3,2448,72,4,5,ToiMisaki,Tosa,31.46066339462599,131.80332427265228,48.89906075232415,12.0,489.6501403160249,332.46007131251935
2449,Shanghai NorthCh - Nagoya,SEA,PILOT_TO_PILOT,3,2449,73,4,5,ToiMisaki,Tosa,31.46284608295194,131.80626896007246,48.89906075232415,12.0,489.8499333914445,332.2602782370997
2450,Shanghai NorthCh - Nagoya,SEA,PILOT_TO_PILOT,3,2450,74,4,5,ToiMisaki,Tosa,31.465028703896575,131.8092137847794,48.89906075232415,12.0,490.0497264668641,332.0604851616801
2451,Shanghai NorthCh - Nagoya,SEA,PILOT_TO_PILOT,3,2451,75,4,5,ToiMisaki,Tosa,31.467211257450995,131.81215874678702,48.89906075232415,12.0,490.24951954228374,331.8606920862605
2452,Shanghai NorthCh - Nagoya,SEA,PILOT_TO_PILOT,3,2452,76,4,5,ToiMisaki,Tosa,31.469393743606293,131.81510384610922,48.89906075232415,12.0,490.4493126177033,331.6608990108409
2453,Shanghai NorthCh - Nagoya,SEA,PILOT_TO_PILOT,3,2453,77,4,5,ToiMisaki,Tosa,31.471576162353543,131.8180490827599,48.89906075232415,12.0,490.6491056931229,331.4611059354213
2454,Shanghai NorthCh - Nagoya,SEA,PILOT_TO_PILOT,3,2454,78,4,5,ToiMisaki,Tosa,31.473758513683855,131.820994456753,48.89906075232415,12.0,490.84889876854254,331.2613128600017
2455,Shanghai NorthCh - Nagoya,SEA,PILOT_TO_PILOT,3,2455,79,4,5,ToiMisaki,Tosa,31.47594079758831,131.82393996810242,48.89906075232415,12.0,491.0486918439621,331.0615197845821
2456,Shanghai NorthCh - Nagoya,SEA,PILOT_TO_PILOT,3,2456,80,4,5,ToiMisaki,Tosa,31.478123014057992,131.82688561682207,48.89906075232415,12.0,491.2484849193817,330.8617267091625
2457,Shanghai NorthCh - Nagoya,SEA,PILOT_TO_PILOT,3,2457,81,4,5,ToiMisaki,Tosa,31.480305163083997,131.82983140292583,48.89906075232415,12.0,491.44827799480134,330.6619336337429
2458,Shanghai NorthCh - Nagoya,SEA,PILOT_TO_PILOT,3,2458,82,4,5,ToiMisaki,Tosa,31.482487244657396,131.83277732642767,48.89906075232415,12.0,491.64807107022096,330.46214055832326
2459,Shanghai NorthCh - Nagoya,SEA,PILOT_TO_PILOT,3,2459,83,4,5,ToiMisaki,Tosa,31.484669258769287,131.83572338734143,48.89906075232415,12.0,491.84786414564053,330.2623474829037
2460,Shanghai NorthCh - Nagoya,SEA,PILOT_TO_PILOT,3,2460,84,4,5,ToiMisaki,Tosa,31.486851205410755,131.8386695856811,48.89906075232415,12.0,492.04765722106015,330.0625544074841
2461,Shanghai NorthCh - Nagoya,SEA,PILOT_TO_PILOT,3,2461,85,4,5,ToiMisaki,Tosa,31.489033084572878,131.84161592146052,48.89906075232415,12.0,492.24745029647977,329.86276133206445
2462,Shanghai NorthCh - Nagoya,SEA,PILOT_TO_PILOT,3,2462,86,4,5,ToiMisaki,Tosa,31.491214896246735,131.84456239469364,48.89906075232415,12.0,492.4472433718994,329.66296825664483
2463,Shanghai NorthCh - Nagoya,SEA,PILOT_TO_PILOT,3,2463,87,4,5,ToiMisaki,Tosa,31.493396640423413,131.8475090053944,48.89906075232415,12.0,492.64703644731895,329.46317518122527
2464,Shanghai NorthCh - Nagoya,SEA,PILOT_TO_PILOT,3,2464,88,4,5,ToiMisaki,Tosa,31.495578317093987,131.85045575357663,48.89906075232415,12.0,492.8468295227386,329.26338210580565
2465,Shanghai NorthCh - Nagoya,SEA,PILOT_TO_PILOT,3,2465,89,4,5,ToiMisaki,Tosa,31.497759926249543,131.8534026392543,48.89906075232415,12.0,493.0466225981582,329.063589030386
2466,Shanghai NorthCh - Nagoya,SEA,PILOT_TO_PILOT,3,2466,90,4,5,ToiMisaki,Tosa,31.49994146788116,131.85634966244132,48.89906075232415,12.0,493.24641567357776,328.86379595496646
2467,Shanghai NorthCh - Nagoya,SEA,PILOT_TO_PILOT,3,2467,91,4,5,ToiMisaki,Tosa,31.502122941979906,131.85929682315162,48.89906075232415,12.0,493.4462087489974,328.66400287954684
2468,Shanghai NorthCh - Nagoya,SEA,PILOT_TO_PILOT,3,2468,92,4,5,ToiMisaki,Tosa,31.504304348536863,131.86224412139907,48.89906075232415,12.0,493.646001824417,328.4642098041272
2469,Shanghai NorthCh - Nagoya,SEA,PILOT_TO_PILOT,3,2469,93,4,5,ToiMisaki,Tosa,31.506485687543112,131.86519155719762,48.89906075232415,12.0,493.8457948998366,328.2644167287076
2470,Shanghai NorthCh - Nagoya,SEA,PILOT_TO_PILOT,3,2470,94,4,5,ToiMisaki,Tosa,31.508666958989725,131.86813913056116,48.89906075232415,12.0,494.0455879752562,328.06462365328804
2471,Shanghai NorthCh - Nagoya,SEA,PILOT_TO_PILOT,3,2471,95,4,5,ToiMisaki,Tosa,31.51084816286777,131.8710868415036,48.89906075232415,12.0,494.2453810506758,327.8648305778684
2472,Shanghai NorthCh - Nagoya,SEA,PILOT_TO_PILOT,3,2472,96,4,5,ToiMisaki,Tosa,31.513029299168316,131.8740346900389,48.89906075232415,12.0,494.4451741260954,327.6650375024488
2473,Shanghai NorthCh - Nagoya,SEA,PILOT_TO_PILOT,3,2473,97,4,5,ToiMisaki,Tosa,31.515210367882446,131.87698267618092,48.89906075232415,12.0,494.644967201515,327.46524442702923
2474,Shanghai NorthCh - Nagoya,SEA,PILOT_TO_PILOT,3,2474,98,4,5,ToiMisaki,Tosa,31.51739136900123,131.8799307999436,48.89906075232415,12.0,494.8447602769346,327.2654513516096
2475,Shanghai NorthCh - Nagoya,SEA,PILOT_TO_PILOT,3,2475,99,4,5,ToiMisaki,Tosa,31.519572302515733,131.88287906134087,48.89906075232415,12.0,495.0445533523542,327.06565827619
2476,Shanghai NorthCh - Nagoya,SEA,PILOT_TO_PILOT,3,2476,100,4,5,ToiMisaki,Tosa,31.52175316841703,131.8858274603866,48.89906075232415,12.0,495.24434642777385,326.8658652007704
2477,Shanghai NorthCh - Nagoya,SEA,PILOT_TO_PILOT,3,2477,101,4,5,ToiMisaki,Tosa,31.52393396669617,131.88877599709474,48.89906075232415,12.0,495.4441395031934,326.6660721253508
2478,Shanghai NorthCh - Nagoya,SEA,PILOT_TO_PILOT,3,2478,102,4,5,ToiMisaki,Tosa,31.526114697344248,131.8917246714792,48.89906075232415,12.0,495.64393257861303,326.4662790499312
2479,Shanghai NorthCh - Nagoya,SEA,PILOT_TO_PILOT,3,2479,103,4,5,ToiMisaki,Tosa,31.52829536035231,131.89467348355393,48.89906075232415,12.0,495.84372565403265,326.26648597451157
2480,Shanghai NorthCh - Nagoya,SEA,PILOT_TO_PILOT,3,2480,104,4,5,ToiMisaki,Tosa,31.530475955711434,131.89762243333277,48.89906075232415,12.0,496.0435187294522,326.066692899092
2481,Shanghai NorthCh - Nagoya,SEA,PILOT_TO_PILOT,3,2481,105,4,5,ToiMisaki,Tosa,31.532656483412676,131.9005715208297,48.89906075232415,12.0,496.24331180487184,325.8668998236724
2482,Shanghai NorthCh - Nagoya,SEA,PILOT_TO_PILOT,3,2482,106,4,5,ToiMisaki,Tosa,31.534836943447093,131.90352074605858,48.89906075232415,12.0,496.44310488029146,325.66710674825276
2483,Shanghai NorthCh - Nagoya,SEA,PILOT_TO_PILOT,3,2483,107,4,5,ToiMisaki,Tosa,31.537017335805764,131.90647010903342,48.89906075232415,12.0,496.6428979557111,325.46731367283314
2484,Shanghai NorthCh - Nagoya,SEA,PILOT_TO_PILOT,3,2484,108,4,5,ToiMisaki,Tosa,31.53919766047974,131.90941960976804,48.89906075232415,12.0,496.84269103113064,325.2675205974136
2485,Shanghai NorthCh - Nagoya,SEA,PILOT_TO_PILOT,3,2485,109,4,5,ToiMisaki,Tosa,31.54137791746008,131.9123692482764,48.89906075232415,12.0,497.04248410655026,325.06772752199396
2486,Shanghai NorthCh - Nagoya,SEA,PILOT_TO_PILOT,3,2486,110,4,5,ToiMisaki,Tosa,31.54355810673786,131.91531902457243,48.89906075232415,12.0,497.2422771819699,324.86793444657434
2487,Shanghai NorthCh - Nagoya,SEA,PILOT_TO_PILOT,3,2487,111,4,5,ToiMisaki,Tosa,31.54573822830411,131.91826893867002,48.89906075232415,12.0,497.44207025738945,324.6681413711548
2488,Shanghai NorthCh - Nagoya,SEA,PILOT_TO_PILOT,3,2488,112,4,5,ToiMisaki,Tosa,31.547918282149908,131.92121899058313,48.89906075232415,12.0,497.64186333280907,324.46834829573515
2489,Shanghai NorthCh - Nagoya,SEA,PILOT_TO_PILOT,3,2489,113,4,5,ToiMisaki,Tosa,31.550098268266304,131.92416918032563,48.89906075232415,12.0,497.8416564082287,324.26855522031553
2490,Shanghai NorthCh - Nagoya,SEA,PILOT_TO_PILOT,3,2490,114,4,5,ToiMisaki,Tosa,31.552278186644354,131.92711950791144,48.89906075232415,12.0,498.0414494836483,324.0687621448959
2491,Shanghai NorthCh - Nagoya,SEA,PILOT_TO_PILOT,3,2491,115,4,5,ToiMisaki,Tosa,31.55445803727512,131.93006997335453,48.89906075232415,12.0,498.24124255906787,323.86896906947635
2492,Shanghai NorthCh - Nagoya,SEA,PILOT_TO_PILOT,3,2492,116,4,5,ToiMisaki,Tosa,31.55663782014965,131.93302057666878,48.89906075232415,12.0,498.4410356344875,323.66917599405673
2493,Shanghai NorthCh - Nagoya,SEA,PILOT_TO_PILOT,3,2493,117,4,5,ToiMisaki,Tosa,31.55881753525899,131.9359713178681,48.89906075232415,12.0,498.6408287099071,323.4693829186371
2494,Shanghai NorthCh - Nagoya,SEA,PILOT_TO_PILOT,3,2494,118,4,5,ToiMisaki,Tosa,31.5609971825942,131.93892219696644,48.89906075232415,12.0,498.8406217853267,323.26958984321755
2495,Shanghai NorthCh - Nagoya,SEA,PILOT_TO_PILOT,3,2495,119,4,5,ToiMisaki,Tosa,31.563176762146334,131.94187321397774,48.89906075232415,12.0,499.0404148607463,323.0697967677979
2496,Shanghai NorthCh - Nagoya,SEA,PILOT_TO_PILOT,3,2496,120,4,5,ToiMisaki,Tosa,31.56535627390642,131.94482436891585,48.89906075232415,12.0,499.2402079361659,322.8700036923783
2497,Shanghai NorthCh - Nagoya,SEA,PILOT_TO_PILOT,3,2497,121,4,5,ToiMisaki,Tosa,31.567535717865535,131.9477756617947,48.89906075232415,12.0,499.44000101158554,322.6702106169587
2498,Shanghai NorthCh - Nagoya,SEA,PILOT_TO_PILOT,3,2498,122,4,5,ToiMisaki,Tosa,31.56971509401472,131.95072709262828,48.89906075232415,12.0,499.6397940870051,322.4704175415391
2499,Shanghai NorthCh - Nagoya,SEA,PILOT_TO_PILOT,3,2499,123,4,5,ToiMisaki,Tosa,31.57189440234502,131.95367866143047,48.89906075232415,12.0,499.8395871624247,322.2706244661195
2500,Shanghai NorthCh - Nagoya,SEA,PILOT_TO_PILOT,3,2500,124,4,5,ToiMisaki,Tosa,31.574073642847473,131.95663036821517,48.89906075232415,12.0,500.03938023784434,322.0708313906999
2501,Shanghai NorthCh - Nagoya,SEA,PILOT_TO_PILOT,3,2501,125,4,5,ToiMisaki,Tosa,31.576252815513136,131.95958221299634,48.89906075232415,12.0,500.2391733132639,321.8710383152803
2502,Shanghai NorthCh - Nagoya,SEA,PILOT_TO_PILOT,3,2502,126,4,5,ToiMisaki,Tosa,31.578431920333042,131.96253419578787,48.89906075232415,12.0,500.4389663886835,321.6712452398607
2503,Shanghai NorthCh - Nagoya,SEA,PILOT_TO_PILOT,3,2503,127,4,5,ToiMisaki,Tosa,31.58061095729824,131.96548631660374,48.89906075232415,12.0,500.63875946410315,321.4714521644411
2504,Shanghai NorthCh - Nagoya,SEA,PILOT_TO_PILOT,3,2504,128,4,5,ToiMisaki,Tosa,31.582789926399773,131.96843857545778,48.89906075232415,12.0,500.83855253952277,321.27165908902145
2505,Shanghai NorthCh - Nagoya,SEA,PILOT_TO_PILOT,3,2505,129,4,5,ToiMisaki,Tosa,31.584968827628682,131.97139097236393,48.89906075232415,12.0,501.03834561494233,321.0718660136019
2506,Shanghai NorthCh - Nagoya,SEA,PILOT_TO_PILOT,3,2506,130,4,5,ToiMisaki,Tosa,31.587147660976015,131.97434350733621,48.89906075232415,12.0,501.23813869036195,320.87207293818227
2507,Shanghai NorthCh - Nagoya,SEA,PILOT_TO_PILOT,3,2507,131,4,5,ToiMisaki,Tosa,31.589326426432795,131.97729618038844,48.89906075232415,12.0,501.43793176578157,320.67227986276265
2508,Shanghai NorthCh - Nagoya,SEA,PILOT_TO_PILOT,3,2508,132,4,5,ToiMisaki,Tosa,31.591505123990075,131.98024899153458,48.89906075232415,12.0,501.63772484120113,320.4724867873431
2509,Shanghai NorthCh - Nagoya,SEA,PILOT_TO_PILOT,3,2509,133,4,5,ToiMisaki,Tosa,31.593683753638878,131.98320194078855,48.89906075232415,12.0,501.83751791662075,320.27269371192347
2510,Shanghai NorthCh - Nagoya,SEA,PILOT_TO_PILOT,3,2510,134,4,5,ToiMisaki,Tosa,31.59586231537025,131.9861550281643,48.89906075232415,12.0,502.0373109920404,320.07290063650385
2511,Shanghai NorthCh - Nagoya,SEA,PILOT_TO_PILOT,3,2511,135,4,5,ToiMisaki,Tosa,31.598040809175238,131.98910825367568,48.89906075232415,12.0,502.23710406746,319.8731075610842
2512,Shanghai NorthCh - Nagoya,SEA,PILOT_TO_PILOT,3,2512,136,4,5,ToiMisaki,Tosa,31.600219235044854,131.99206161733673,48.89906075232415,12.0,502.43689714287956,319.67331448566466
2513,Shanghai NorthCh - Nagoya,SEA,PILOT_TO_PILOT,3,2513,137,4,5,ToiMisaki,Tosa,31.602397592970146,131.99501511916125,48.89906075232415,12.0,502.6366902182992,319.47352141024504
2514,Shanghai NorthCh - Nagoya,SEA,PILOT_TO_PILOT,3,2514,138,4,5,ToiMisaki,Tosa,31.60457588294215,131.99796875916323,48.89906075232415,12.0,502.8364832937188,319.2737283348254
2515,Shanghai NorthCh - Nagoya,SEA,PILOT_TO_PILOT,3,2515,139,4,5,ToiMisaki,Tosa,31.606754104951886,132.00092253735662,48.89906075232415,12.0,503.03627636913836,319.07393525940586
2516,Shanghai NorthCh - Nagoya,SEA,PILOT_TO_PILOT,3,2516,140,4,5,ToiMisaki,Tosa,31.608932258990386,132.00387645375525,48.89906075232415,12.0,503.236069444558,318.87414218398624
2517,Shanghai NorthCh - Nagoya,SEA,PILOT_TO_PILOT,3,2517,141,4,5,ToiMisaki,Tosa,31.611110345048683,132.00683050837313,48.89906075232415,12.0,503.4358625199776,318.6743491085666
2518,Shanghai NorthCh - Nagoya,SEA,PILOT_TO_PILOT,3,2518,142,4,5,ToiMisaki,Tosa,31.613288363117814,132.0097847012242,48.89906075232415,12.0,503.6356555953972,318.474556033147
2519,Shanghai NorthCh - Nagoya,SEA,PILOT_TO_PILOT,3,2519,143,4,5,ToiMisaki,Tosa,31.61546631318879,132.0127390323223,48.89906075232415,12.0,503.8354486708168,318.27476295772743
2520,Shanghai NorthCh - Nagoya,SEA,PILOT_TO_PILOT,3,2520,144,4,5,ToiMisaki,Tosa,31.617644195252662,132.01569350168143,48.89906075232415,12.0,504.0352417462364,318.0749698823078
2521,Shanghai NorthCh - Nagoya,SEA,PILOT_TO_PILOT,3,2521,145,4,5,ToiMisaki,Tosa,31.61982200930044,132.01864810931548,48.89906075232415,12.0,504.23503482165603,317.8751768068882
2522,Shanghai NorthCh - Nagoya,SEA,PILOT_TO_PILOT,3,2522,146,4,5,ToiMisaki,Tosa,31.62199975532314,132.0216028552384,48.89906075232415,12.0,504.4348278970756,317.6753837314686
2523,Shanghai NorthCh - Nagoya,SEA,PILOT_TO_PILOT,3,2523,147,4,5,ToiMisaki,Tosa,31.62417743331181,132.02455773946406,48.89906075232415,12.0,504.6346209724952,317.475590656049
2524,Shanghai NorthCh - Nagoya,SEA,PILOT_TO_PILOT,3,2524,148,4,5,ToiMisaki,Tosa,31.62635504325746,132.02751276200644,48.89906075232415,12.0,504.83441404791483,317.2757975806294
2525,Shanghai NorthCh - Nagoya,SEA,PILOT_TO_PILOT,3,2525,149,4,5,ToiMisaki,Tosa,31.628532585151106,132.03046792287947,48.89906075232415,12.0,505.03420712333445,317.07600450520977
2526,Shanghai NorthCh - Nagoya,SEA,PILOT_TO_PILOT,3,2526,150,4,5,ToiMisaki,Tosa,31.630710058983787,132.03342322209704,48.89906075232415,12.0,505.234000198754,316.8762114297902
2527,Shanghai NorthCh - Nagoya,SEA,PILOT_TO_PILOT,3,2527,151,4,5,ToiMisaki,Tosa,31.632887464746506,132.03637865967312,48.89906075232415,12.0,505.43379327417364,316.6764183543706
2528,Shanghai NorthCh - Nagoya,SEA,PILOT_TO_PILOT,3,2528,152,4,5,ToiMisaki,Tosa,31.6350648024303,132.03933423562162,48.89906075232415,12.0,505.63358634959326,316.47662527895096
2529,Shanghai NorthCh - Nagoya,SEA,PILOT_TO_PILOT,3,2529,153,4,5,ToiMisaki,Tosa,31.63724207202617,132.04228994995646,48.89906075232415,12.0,505.8333794250128,316.2768322035314
2530,Shanghai NorthCh - Nagoya,SEA,PILOT_TO_PILOT,3,2530,154,4,5,ToiMisaki,Tosa,31.639419273525142,132.04524580269154,48.89906075232415,12.0,506.03317250043244,316.0770391281118
2531,Shanghai NorthCh - Nagoya,SEA,PILOT_TO_PILOT,3,2531,155,4,5,ToiMisaki,Tosa,31.64159640691823,132.04820179384083,48.89906075232415,12.0,506.23296557585206,315.87724605269216
2532,Shanghai NorthCh - Nagoya,SEA,PILOT_TO_PILOT,3,2532,156,4,5,ToiMisaki,Tosa,31.643773472196457,132.0511579234183,48.89906075232415,12.0,506.4327586512717,315.67745297727254
2533,Shanghai NorthCh - Nagoya,SEA,PILOT_TO_PILOT,3,2533,157,4,5,ToiMisaki,Tosa,31.645950469350822,132.05411419143778,48.89906075232415,12.0,506.63255172669125,315.477659901853
2534,Shanghai NorthCh - Nagoya,SEA,PILOT_TO_PILOT,3,2534,158,4,5,ToiMisaki,Tosa,31.64812739837235,132.05707059791325,48.89906075232415,12.0,506.83234480211087,315.27786682643335
2535,Shanghai NorthCh - Nagoya,SEA,PILOT_TO_PILOT,3,2535,159,4,5,ToiMisaki,Tosa,31.65030425925206,132.06002714285864,48.89906075232415,12.0,507.0321378775305,315.07807375101373
2536,Shanghai NorthCh - Nagoya,SEA,PILOT_TO_PILOT,3,2536,160,4,5,ToiMisaki,Tosa,31.652481051980953,132.0629838262879,48.89906075232415,12.0,507.23193095295005,314.87828067559417
2537,Shanghai NorthCh - Nagoya,SEA,PILOT_TO_PILOT,3,2537,161,4,5,ToiMisaki,Tosa,31.654657776550046,132.06594064821488,48.89906075232415,12.0,507.4317240283697,314.67848760017455
2538,Shanghai NorthCh - Nagoya,SEA,PILOT_TO_PILOT,3,2538,162,4,5,ToiMisaki,Tosa,31.656834432950344,132.0688976086536,48.89906075232415,12.0,507.6315171037893,314.4786945247549
2539,Shanghai NorthCh - Nagoya,SEA,PILOT_TO_PILOT,3,2539,163,4,5,ToiMisaki,Tosa,31.659011021172862,132.07185470761797,48.89906075232415,12.0,507.8313101792089,314.2789014493353
2540,Shanghai NorthCh - Nagoya,SEA,PILOT_TO_PILOT,3,2540,164,4,5,ToiMisaki,Tosa,31.661187541208598,132.0748119451219,48.89906075232415,12.0,508.0311032546285,314.07910837391574
2541,Shanghai NorthCh - Nagoya,SEA,PILOT_TO_PILOT,3,2541,165,4,5,ToiMisaki,Tosa,31.663363993048577,132.0777693211793,48.89906075232415,12.0,508.2308963300481,313.8793152984961
2542,Shanghai NorthCh - Nagoya,SEA,PILOT_TO_PILOT,3,2542,166,4,5,ToiMisaki,Tosa,31.66554037668378,132.08072683580414,48.89906075232415,12.0,508.4306894054677,313.6795222230765
2543,Shanghai NorthCh - Nagoya,SEA,PILOT_TO_PILOT,3,2543,167,4,5,ToiMisaki,Tosa,31.66771669210524,132.08368448901035,48.89906075232415,12.0,508.6304824808873,313.47972914765694
2544,Shanghai NorthCh - Nagoya,SEA,PILOT_TO_PILOT,3,2544,168,4,5,ToiMisaki,Tosa,31.669892939303928,132.08664228081182,48.89906075232415,12.0,508.8302755563069,313.2799360722373
2545,Shanghai NorthCh - Nagoya,SEA,PILOT_TO_PILOT,3,2545,169,4,5,ToiMisaki,Tosa,31.67206911827088,132.08960021122252,48.89906075232415,12.0,509.0300686317265,313.0801429968177
2546,Shanghai NorthCh - Nagoya,SEA,PILOT_TO_PILOT,3,2546,170,4,5,ToiMisaki,Tosa,31.67424522899708,132.09255828025638,48.89906075232415,12.0,509.22986170714614,312.8803499213981
2547,Shanghai NorthCh - Nagoya,SEA,PILOT_TO_PILOT,3,2547,171,4,5,ToiMisaki,Tosa,31.676421271473533,132.0955164879273,48.89906075232415,12.0,509.4296547825657,312.6805568459785
2548,Shanghai NorthCh - Nagoya,SEA,PILOT_TO_PILOT,3,2548,172,4,5,ToiMisaki,Tosa,31.678597245691247,132.09847483424926,48.89906075232415,12.0,509.6294478579853,312.4807637705589
2549,Shanghai NorthCh - Nagoya,SEA,PILOT_TO_PILOT,3,2549,173,4,5,ToiMisaki,Tosa,31.680773151641212,132.10143331923615,48.89906075232415,12.0,509.82924093340495,312.2809706951393
2550,Shanghai NorthCh - Nagoya,SEA,PILOT_TO_PILOT,3,2550,174,4,5,ToiMisaki,Tosa,31.682948989314433,132.10439194290197,48.89906075232415,12.0,510.0290340088245,312.0811776197197
2551,Shanghai NorthCh - Nagoya,SEA,PILOT_TO_PILOT,3,2551,175,4,5,ToiMisaki,Tosa,31.6851247587019,132.10735070526053,48.89906075232415,12.0,510.22882708424413,311.8813845443001
2552,Shanghai NorthCh - Nagoya,SEA,PILOT_TO_PILOT,3,2552,176,4,5,ToiMisaki,Tosa,31.687300459794596,132.11030960632587,48.89906075232415,12.0,510.42862015966375,311.68159146888047
2553,Shanghai NorthCh - Nagoya,SEA,PILOT_TO_PILOT,3,2553,177,4,5,ToiMisaki,Tosa,31.689476092583565,132.1132686461119,48.89906075232415,12.0,510.62841323508337,311.48179839346085
2554,Shanghai NorthCh - Nagoya,SEA,PILOT_TO_PILOT,3,2554,178,4,5,ToiMisaki,Tosa,31.69165165705975,132.11622782463252,48.89906075232415,12.0,510.82820631050294,311.2820053180413
2555,Shanghai NorthCh - Nagoya,SEA,PILOT_TO_PILOT,3,2555,179,4,5,ToiMisaki,Tosa,31.693827153214176,132.11918714190168,48.89906075232415,12.0,511.02799938592256,311.08221224262167
2556,Shanghai NorthCh - Nagoya,SEA,PILOT_TO_PILOT,3,2556,180,4,5,ToiMisaki,Tosa,31.696002581037817,132.12214659793335,48.89906075232415,12.0,511.2277924613422,310.88241916720204
2557,Shanghai NorthCh - Nagoya,SEA,PILOT_TO_PILOT,3,2557,181,4,5,ToiMisaki,Tosa,31.698177940521678,132.12510619274138,48.89906075232415,12.0,511.42758553676174,310.6826260917825
2558,Shanghai NorthCh - Nagoya,SEA,PILOT_TO_PILOT,3,2558,182,4,5,ToiMisaki,Tosa,31.70035323165674,132.12806592633981,48.89906075232415,12.0,511.62737861218136,310.48283301636286
2559,Shanghai NorthCh - Nagoya,SEA,PILOT_TO_PILOT,3,2559,183,4,5,ToiMisaki,Tosa,31.702528454434002,132.1310257987425,48.89906075232415,12.0,511.827171687601,310.28303994094324
2560,Shanghai NorthCh - Nagoya,SEA,PILOT_TO_PILOT,3,2560,184,4,5,ToiMisaki,Tosa,31.704703608844444,132.13398580996343,48.89906075232415,12.0,512.0269647630206,310.0832468655236
2561,Shanghai NorthCh - Nagoya,SEA,PILOT_TO_PILOT,3,2561,185,4,5,ToiMisaki,Tosa,31.706878694879066,132.1369459600165,48.89906075232415,12.0,512.2267578384402,309.883453790104
2562,Shanghai NorthCh - Nagoya,SEA,PILOT_TO_PILOT,3,2562,186,4,5,ToiMisaki,Tosa,31.709053712528846,132.13990624891565,48.89906075232415,12.0,512.4265509138597,309.6836607146845
2563,Shanghai NorthCh - Nagoya,SEA,PILOT_TO_PILOT,3,2563,187,4,5,ToiMisaki,Tosa,31.711228661784762,132.1428666766748,48.89906075232415,12.0,512.6263439892793,309.4838676392649
2564,Shanghai NorthCh - Nagoya,SEA,PILOT_TO_PILOT,3,2564,188,4,5,ToiMisaki,Tosa,31.713403542637828,132.14582724330793,48.89906075232415,12.0,512.826137064699,309.28407456384525
2565,Shanghai NorthCh - Nagoya,SEA,PILOT_TO_PILOT,3,2565,189,4,5,ToiMisaki,Tosa,31.715578355078996,132.14878794882893,48.89906075232415,12.0,513.0259301401186,309.08428148842563
2566,Shanghai NorthCh - Nagoya,SEA,PILOT_TO_PILOT,3,2566,190,4,5,ToiMisaki,Tosa,31.717753099099273,132.1517487932518,48.89906075232415,12.0,513.2257232155382,308.884488413006
2567,Shanghai NorthCh - Nagoya,SEA,PILOT_TO_PILOT,3,2567,191,4,5,ToiMisaki,Tosa,31.71992777468961,132.1547097765904,48.89906075232415,12.0,513.4255162909578,308.6846953375864
2568,Shanghai NorthCh - Nagoya,SEA,PILOT_TO_PILOT,3,2568,192,4,5,ToiMisaki,Tosa,31.72210238184103,132.15767089885873,48.89906075232415,12.0,513.6253093663775,308.48490226216677
2569,Shanghai NorthCh - Nagoya,SEA,PILOT_TO_PILOT,3,2569,193,4,5,ToiMisaki,Tosa,31.724276920544472,132.1606321600707,48.89906075232415,12.0,513.8251024417971,308.28510918674715
2570,Shanghai NorthCh - Nagoya,SEA,PILOT_TO_PILOT,3,2570,194,4,5,ToiMisaki,Tosa,31.726451390790956,132.1635935602402,48.89906075232415,12.0,514.0248955172166,308.08531611132764
2571,Shanghai NorthCh - Nagoya,SEA,PILOT_TO_PILOT,3,2571,195,4,5,ToiMisaki,Tosa,31.728625792571428,132.16655509938124,48.89906075232415,12.0,514.2246885926362,307.885523035908
2572,Shanghai NorthCh - Nagoya,SEA,PILOT_TO_PILOT,3,2572,196,4,5,ToiMisaki,Tosa,31.73080012587687,132.16951677750774,48.89906075232415,12.0,514.4244816680558,307.6857299604884
2573,Shanghai NorthCh - Nagoya,SEA,PILOT_TO_PILOT,3,2573,197,4,5,ToiMisaki,Tosa,31.732974390698278,132.1724785946336,48.89906075232415,12.0,514.6242747434754,307.4859368850688
2574,Shanghai NorthCh - Nagoya,SEA,PILOT_TO_PILOT,3,2574,198,4,5,ToiMisaki,Tosa,31.735148587026604,132.1754405507728,48.89906075232415,12.0,514.8240678188951,307.28614380964916
2575,Shanghai NorthCh - Nagoya,SEA,PILOT_TO_PILOT,3,2575,199,4,5,ToiMisaki,Tosa,31.73732271485285,132.17840264593926,48.89906075232415,12.0,515.0238608943147,307.08635073422954
2576,Shanghai NorthCh - Nagoya,SEA,PILOT_TO_PILOT,3,2576,200,4,5,ToiMisaki,Tosa,31.739496774167964,132.18136488014693,48.89906075232415,12.0,515.2236539697342,306.88655765881003
2577,Shanghai NorthCh - Nagoya,SEA,PILOT_TO_PILOT,3,2577,201,4,5,ToiMisaki,Tosa,31.741670764962926,132.18432725340975,48.89906075232415,12.0,515.4234470451538,306.6867645833904
2578,Shanghai NorthCh - Nagoya,SEA,PILOT_TO_PILOT,3,2578,202,4,5,ToiMisaki,Tosa,31.743844687228716,132.1872897657416,48.89906075232415,12.0,515.6232401205734,306.4869715079708
2579,Shanghai NorthCh - Nagoya,SEA,PILOT_TO_PILOT,3,2579,203,4,5,ToiMisaki,Tosa,31.746018540956292,132.1902524171565,48.89906075232415,12.0,515.823033195993,306.2871784325512
2580,Shanghai NorthCh - Nagoya,SEA,PILOT_TO_PILOT,3,2580,204,4,5,ToiMisaki,Tosa,31.748192326136632,132.19321520766835,48.89906075232415,12.0,516.0228262714127,306.08738535713155
2581,Shanghai NorthCh - Nagoya,SEA,PILOT_TO_PILOT,3,2581,205,4,5,ToiMisaki,Tosa,31.750366042760714,132.19617813729107,48.89906075232415,12.0,516.2226193468323,305.88759228171193
2582,Shanghai NorthCh - Nagoya,SEA,PILOT_TO_PILOT,3,2582,206,4,5,ToiMisaki,Tosa,31.752539690819486,132.19914120603866,48.89906075232415,12.0,516.4224124222519,305.6877992062923
2583,Shanghai NorthCh - Nagoya,SEA,PILOT_TO_PILOT,3,2583,207,4,5,ToiMisaki,Tosa,31.754713270303924,132.202104413925,48.89906075232415,12.0,516.6222054976715,305.4880061308727
2584,Shanghai NorthCh - Nagoya,SEA,PILOT_TO_PILOT,3,2584,208,4,5,ToiMisaki,Tosa,31.75688678120499,132.20506776096408,48.89906075232415,12.0,516.821998573091,305.2882130554532
2585,Shanghai NorthCh - Nagoya,SEA,PILOT_TO_PILOT,3,2585,209,4,5,ToiMisaki,Tosa,31.75906022351366,132.20803124716977,48.89906075232415,12.0,517.0217916485107,305.08841998003356
2586,Shanghai NorthCh - Nagoya,SEA,PILOT_TO_PILOT,3,2586,210,4,5,ToiMisaki,Tosa,31.761233597220894,132.21099487255609,48.89906075232415,12.0,517.2215847239303,304.88862690461394
2587,Shanghai NorthCh - Nagoya,SEA,PILOT_TO_PILOT,3,2587,211,4,5,ToiMisaki,Tosa,31.76340690231764,132.21395863713693,48.89906075232415,12.0,517.4213777993499,304.6888338291943
2588,Shanghai NorthCh - Nagoya,SEA,PILOT_TO_PILOT,3,2588,212,4,5,ToiMisaki,Tosa,31.76558013879489,132.21692254092622,48.89906075232415,12.0,517.6211708747695,304.4890407537747
2589,Shanghai NorthCh - Nagoya,SEA,PILOT_TO_PILOT,3,2589,213,4,5,ToiMisaki,Tosa,31.767753306643566,132.21988658393795,48.89906075232415,12.0,517.8209639501891,304.2892476783551
2590,Shanghai NorthCh - Nagoya,SEA,PILOT_TO_PILOT,3,2590,214,4,5,ToiMisaki,Tosa,31.76992640585467,132.222850766186,48.89906075232415,12.0,518.0207570256086,304.0894546029356
2591,Shanghai NorthCh - Nagoya,SEA,PILOT_TO_PILOT,3,2591,215,4,5,ToiMisaki,Tosa,31.772099436419126,132.22581508768442,48.89906075232415,12.0,518.2205501010283,303.88966152751595
2592,Shanghai NorthCh - Nagoya,SEA,PILOT_TO_PILOT,3,2592,216,4,5,ToiMisaki,Tosa,31.774272398327916,132.22877954844702,48.89906075232415,12.0,518.4203431764479,303.68986845209633
2593,Shanghai NorthCh - Nagoya,SEA,PILOT_TO_PILOT,3,2593,217,4,5,ToiMisaki,Tosa,31.776445291571985,132.2317441484878,48.89906075232415,12.0,518.6201362518675,303.4900753766767
2594,Shanghai NorthCh - Nagoya,SEA,PILOT_TO_PILOT,3,2594,218,4,5,ToiMisaki,Tosa,31.778618116142294,132.23470888782072,48.89906075232415,12.0,518.8199293272871,303.2902823012571
2595,Shanghai NorthCh - Nagoya,SEA,PILOT_TO_PILOT,3,2595,219,4,5,ToiMisaki,Tosa,31.780790872029797,132.23767376645972,48.89906075232415,12.0,519.0197224027067,303.0904892258375
2596,Shanghai NorthCh - Nagoya,SEA,PILOT_TO_PILOT,3,2596,220,4,5,ToiMisaki,Tosa,31.782963559225447,132.2406387844187,48.89906075232415,12.0,519.2195154781264,302.89069615041785
2597,Shanghai NorthCh - Nagoya,SEA,PILOT_TO_PILOT,3,2597,221,4,5,ToiMisaki,Tosa,31.7851361777202,132.24360394171163,48.89906075232415,12.0,519.419308553546,302.69090307499823
2598,Shanghai NorthCh - Nagoya,SEA,PILOT_TO_PILOT,3,2598,222,4,5,ToiMisaki,Tosa,31.787308727505007,132.24656923835244,48.89906075232415,12.0,519.6191016289655,302.4911099995787
2599,Shanghai NorthCh - Nagoya,SEA,PILOT_TO_PILOT,3,2599,223,4,5,ToiMisaki,Tosa,31.789481208570823,132.2495346743551,48.89906075232415,12.0,519.8188947043851,302.2913169241591
2600,Shanghai NorthCh - Nagoya,SEA,PILOT_TO_PILOT,3,2600,224,4,5,ToiMisaki,Tosa,31.791653620908594,132.25250024973354,48.89906075232415,12.0,520.0186877798047,302.0915238487395
2601,Shanghai NorthCh - Nagoya,SEA,PILOT_TO_PILOT,3,2601,225,4,5,ToiMisaki,Tosa,31.793825964509274,132.2554659645017,48.89906075232415,12.0,520.2184808552244,301.89173077331986
2602,Shanghai NorthCh - Nagoya,SEA,PILOT_TO_PILOT,3,2602,226,4,5,ToiMisaki,Tosa,31.795998239363804,132.2584318186735,48.89906075232415,12.0,520.418273930644,301.69193769790024
2603,Shanghai NorthCh - Nagoya,SEA,PILOT_TO_PILOT,3,2603,227,4,5,ToiMisaki,Tosa,31.79817044546315,132.2613978122629,48.89906075232415,12.0,520.6180670060636,301.4921446224806
2604,Shanghai NorthCh - Nagoya,SEA,PILOT_TO_PILOT,3,2604,228,4,5,ToiMisaki,Tosa,31.800342582798233,132.2643639452839,48.89906075232415,12.0,520.8178600814831,301.2923515470611
2605,Shanghai NorthCh - Nagoya,SEA,PILOT_TO_PILOT,3,2605,229,4,5,ToiMisaki,Tosa,31.80251465136002,132.26733021775038,48.89906075232415,12.0,521.0176531569027,301.0925584716415
2606,Shanghai NorthCh - Nagoya,SEA,PILOT_TO_PILOT,3,2606,230,4,5,ToiMisaki,Tosa,31.804686651139438,132.2702966296763,48.89906075232415,12.0,521.2174462323223,300.8927653962219
2607,Shanghai NorthCh - Nagoya,SEA,PILOT_TO_PILOT,3,2607,231,4,5,ToiMisaki,Tosa,31.80685858212745,132.27326318107558,48.89906075232415,12.0,521.417239307742,300.69297232080226
2608,Shanghai NorthCh - Nagoya,SEA,PILOT_TO_PILOT,3,2608,232,4,5,ToiMisaki,Tosa,31.809030444314985,132.27622987196222,48.89906075232415,12.0,521.6170323831616,300.49317924538263
2609,Shanghai NorthCh - Nagoya,SEA,PILOT_TO_PILOT,3,2609,233,4,5,ToiMisaki,Tosa,31.811202237692992,132.2791967023501,48.89906075232415,12.0,521.8168254585812,300.293386169963
2610,Shanghai NorthCh - Nagoya,SEA,PILOT_TO_PILOT,3,2610,234,4,5,ToiMisaki,Tosa,31.81337396225241,132.28216367225323,48.89906075232415,12.0,522.0166185340008,300.0935930945434
2611,Shanghai NorthCh - Nagoya,SEA,PILOT_TO_PILOT,3,2611,235,4,5,ToiMisaki,Tosa,31.815545617984164,132.2851307816855,48.89906075232415,12.0,522.2164116094204,299.8938000191238
2612,Shanghai NorthCh - Nagoya,SEA,PILOT_TO_PILOT,3,2612,236,4,5,ToiMisaki,Tosa,31.817717204879234,132.28809803066088,48.89906075232415,12.0,522.41620468484,299.69400694370427
2613,Shanghai NorthCh - Nagoya,SEA,PILOT_TO_PILOT,3,2613,237,4,5,ToiMisaki,Tosa,31.81988872292851,132.29106541919333,48.89906075232415,12.0,522.6159977602596,299.49421386828465
2614,Shanghai NorthCh - Nagoya,SEA,PILOT_TO_PILOT,3,2614,238,4,5,ToiMisaki,Tosa,31.822060172122953,132.29403294729676,48.89906075232415,12.0,522.8157908356792,299.294420792865
2615,Shanghai NorthCh - Nagoya,SEA,PILOT_TO_PILOT,3,2615,239,4,5,ToiMisaki,Tosa,31.82423155245351,132.29700061498517,48.89906075232415,12.0,523.0155839110988,299.0946277174454
2616,Shanghai NorthCh - Nagoya,SEA,PILOT_TO_PILOT,3,2616,240,4,5,ToiMisaki,Tosa,31.8264028639111,132.29996842227243,48.89906075232415,12.0,523.2153769865184,298.8948346420258
2617,Shanghai NorthCh - Nagoya,SEA,PILOT_TO_PILOT,3,2617,241,4,5,ToiMisaki,Tosa,31.828574106486652,132.30293636917256,48.89906075232415,12.0,523.415170061938,298.69504156660616
2618,Shanghai NorthCh - Nagoya,SEA,PILOT_TO_PILOT,3,2618,242,4,5,ToiMisaki,Tosa,31.83074528017111,132.30590445569948,48.89906075232415,12.0,523.6149631373576,298.49524849118666
2619,Shanghai NorthCh - Nagoya,SEA,PILOT_TO_PILOT,3,2619,243,4,5,ToiMisaki,Tosa,31.832916384955418,132.30887268186711,48.89906075232415,12.0,523.8147562127772,298.29545541576704
2620,Shanghai NorthCh - Nagoya,SEA,PILOT_TO_PILOT,3,2620,244,4,5,ToiMisaki,Tosa,31.83508742083048,132.31184104768946,48.89906075232415,12.0,524.0145492881968,298.0956623403474
2621,Shanghai NorthCh - Nagoya,SEA,PILOT_TO_PILOT,3,2621,245,4,5,ToiMisaki,Tosa,31.837258387787237,132.3148095531804,48.89906075232415,12.0,524.2143423636164,297.8958692649278
2622,Shanghai NorthCh - Nagoya,SEA,PILOT_TO_PILOT,3,2622,246,4,5,ToiMisaki,Tosa,31.83942928581663,132.31777819835392,48.89906075232415,12.0,524.414135439036,297.6960761895082
2623,Shanghai NorthCh - Nagoya,SEA,PILOT_TO_PILOT,3,2623,247,4,5,ToiMisaki,Tosa,31.841600114909586,132.32074698322396,48.89906075232415,12.0,524.6139285144557,297.49628311408856
2624,Shanghai NorthCh - Nagoya,SEA,PILOT_TO_PILOT,3,2624,248,4,5,ToiMisaki,Tosa,31.843770875057007,132.32371590780448,48.89906075232415,12.0,524.8137215898753,297.29649003866894
2625,Shanghai NorthCh - Nagoya,SEA,PILOT_TO_PILOT,3,2625,249,4,5,ToiMisaki,Tosa,31.845941566249852,132.32668497210943,48.89906075232415,12.0,525.0135146652949,297.0966969632493
2626,Shanghai NorthCh - Nagoya,SEA,PILOT_TO_PILOT,3,2626,250,4,5,ToiMisaki,Tosa,31.84811218847903,132.32965417615276,48.89906075232415,12.0,525.2133077407144,296.8969038878298
2627,Shanghai NorthCh - Nagoya,SEA,PILOT_TO_PILOT,3,2627,251,4,5,ToiMisaki,Tosa,31.85028274173547,132.33262351994838,48.89906075232415,12.0,525.413100816134,296.6971108124102
2628,Shanghai NorthCh - Nagoya,SEA,PILOT_TO_PILOT,3,2628,252,4,5,ToiMisaki,Tosa,31.8524532260101,132.33559300351027,48.89906075232415,12.0,525.6128938915537,296.49731773699057
2629,Shanghai NorthCh - Nagoya,SEA,PILOT_TO_PILOT,3,2629,253,4,5,ToiMisaki,Tosa,31.854623641293824,132.33856262685237,48.89906075232415,12.0,525.8126869669733,296.29752466157095
2630,Shanghai NorthCh - Nagoya,SEA,PILOT_TO_PILOT,3,2630,254,4,5,ToiMisaki,Tosa,31.856793987577586,132.3415323899886,48.89906075232415,12.0,526.0124800423929,296.0977315861513
2631,Shanghai NorthCh - Nagoya,SEA,PILOT_TO_PILOT,3,2631,255,4,5,ToiMisaki,Tosa,31.85896426485229,132.344502292933,48.89906075232415,12.0,526.2122731178125,295.8979385107317
2632,Shanghai NorthCh - Nagoya,SEA,PILOT_TO_PILOT,3,2632,256,4,5,ToiMisaki,Tosa,31.861134473108873,132.34747233569945,48.89906075232415,12.0,526.412066193232,295.6981454353122
2633,Shanghai NorthCh - Nagoya,SEA,PILOT_TO_PILOT,3,2633,257,4,5,ToiMisaki,Tosa,31.863304612338244,132.35044251830186,48.89906075232415,12.0,526.6118592686516,295.4983523598926
2634,Shanghai NorthCh - Nagoya,SEA,PILOT_TO_PILOT,3,2634,258,4,5,ToiMisaki,Tosa,31.865474682531318,132.35341284075432,48.89906075232415,12.0,526.8116523440713,295.29855928447296
2635,Shanghai NorthCh - Nagoya,SEA,PILOT_TO_PILOT,3,2635,259,4,5,ToiMisaki,Tosa,31.867644683679018,132.3563833030706,48.89906075232415,12.0,527.0114454194909,295.09876620905334
2636,Shanghai NorthCh - Nagoya,SEA,PILOT_TO_PILOT,3,2636,260,4,5,ToiMisaki,Tosa,31.869814615772253,132.35935390526478,48.89906075232415,12.0,527.2112384949105,294.8989731336337
2637,Shanghai NorthCh - Nagoya,SEA,PILOT_TO_PILOT,3,2637,261,4,5,ToiMisaki,Tosa,31.871984478801945,132.3623246473508,48.89906075232415,12.0,527.4110315703301,294.6991800582141
2638,Shanghai NorthCh - Nagoya,SEA,PILOT_TO_PILOT,3,2638,262,4,5,ToiMisaki,Tosa,31.87415427275901,132.36529552934252,48.89906075232415,12.0,527.6108246457497,294.4993869827945
2639,Shanghai NorthCh - Nagoya,SEA,PILOT_TO_PILOT,3,2639,263,4,5,ToiMisaki,Tosa,31.876323997634355,132.36826655125398,48.89906075232415,12.0,527.8106177211694,294.29959390737486
2640,Shanghai NorthCh - Nagoya,SEA,PILOT_TO_PILOT,3,2640,264,4,5,ToiMisaki,Tosa,31.87849365341889,132.37123771309913,48.89906075232415,12.0,528.0104107965889,294.09980083195535
2641,Shanghai NorthCh - Nagoya,SEA,PILOT_TO_PILOT,3,2641,265,4,5,ToiMisaki,Tosa,31.88066324010353,132.37420901489187,48.89906075232415,12.0,528.2102038720085,293.90000775653573
2642,Shanghai NorthCh - Nagoya,SEA,PILOT_TO_PILOT,3,2642,266,4,5,ToiMisaki,Tosa,31.88283275767919,132.3771804566462,48.89906075232415,12.0,528.4099969474281,293.7002146811161
2643,Shanghai NorthCh - Nagoya,SEA,PILOT_TO_PILOT,3,2643,267,4,5,ToiMisaki,Tosa,31.88500220613677,132.38015203837602,48.89906075232415,12.0,528.6097900228477,293.5004216056965
2644,Shanghai NorthCh - Nagoya,SEA,PILOT_TO_PILOT,3,2644,268,4,5,ToiMisaki,Tosa,31.88717158546719,132.38312376009532,48.89906075232415,12.0,528.8095830982674,293.30062853027687
2645,Shanghai NorthCh - Nagoya,SEA,PILOT_TO_PILOT,3,2645,269,4,5,ToiMisaki,Tosa,31.88934089566135,132.38609562181801,48.89906075232415,12.0,529.009376173687,293.10083545485725
2646,Shanghai NorthCh - Nagoya,SEA,PILOT_TO_PILOT,3,2646,270,4,5,ToiMisaki,Tosa,31.89151013671015,132.3890676235581,48.89906075232415,12.0,529.2091692491065,292.90104237943774
2647,Shanghai NorthCh - Nagoya,SEA,PILOT_TO_PILOT,3,2647,271,4,5,ToiMisaki,Tosa,31.893679308604508,132.3920397653295,48.89906075232415,12.0,529.4089623245261,292.7012493040181
2648,Shanghai NorthCh - Nagoya,SEA,PILOT_TO_PILOT,3,2648,272,4,5,ToiMisaki,Tosa,31.89584841133532,132.39501204714622,48.89906075232415,12.0,529.6087553999457,292.5014562285985
2649,Shanghai NorthCh - Nagoya,SEA,PILOT_TO_PILOT,3,2649,273,4,5,ToiMisaki,Tosa,31.89801744489349,132.39798446902216,48.89906075232415,12.0,529.8085484753653,292.3016631531789
2650,Shanghai NorthCh - Nagoya,SEA,PILOT_TO_PILOT,3,2650,274,4,5,ToiMisaki,Tosa,31.90018640926993,132.40095703097128,48.89906075232415,12.0,530.008341550785,292.10187007775926
2651,Shanghai NorthCh - Nagoya,SEA,PILOT_TO_PILOT,3,2651,275,4,5,ToiMisaki,Tosa,31.90235530445553,132.40392973300752,48.89906075232415,12.0,530.2081346262046,291.90207700233964
2652,Shanghai NorthCh - Nagoya,SEA,PILOT_TO_PILOT,3,2652,276,4,5,ToiMisaki,Tosa,31.904524130441196,132.40690257514487,48.89906075232415,12.0,530.4079277016242,291.70228392692
2653,Shanghai NorthCh - Nagoya,SEA,PILOT_TO_PILOT,3,2653,277,4,5,ToiMisaki,Tosa,31.906692887217826,132.40987555739724,48.89906075232415,12.0,530.6077207770438,291.5024908515004
2654,Shanghai NorthCh - Nagoya,SEA,PILOT_TO_PILOT,3,2654,278,4,5,ToiMisaki,Tosa,31.908861574776324,132.41284867977862,48.89906075232415,12.0,530.8075138524633,291.3026977760809
2655,Shanghai NorthCh - Nagoya,SEA,PILOT_TO_PILOT,3,2655,279,4,5,ToiMisaki,Tosa,31.911030193107575,132.41582194230295,48.89906075232415,12.0,531.007306927883,291.10290470066127
2656,Shanghai NorthCh - Nagoya,SEA,PILOT_TO_PILOT,3,2656,280,4,5,ToiMisaki,Tosa,31.913198742202486,132.4187953449842,48.89906075232415,12.0,531.2071000033026,290.90311162524165
2657,Shanghai NorthCh - Nagoya,SEA,PILOT_TO_PILOT,3,2657,281,4,5,ToiMisaki,Tosa,31.91536722205195,132.42176888783632,48.89906075232415,12.0,531.4068930787222,290.70331854982203
2658,Shanghai NorthCh - Nagoya,SEA,PILOT_TO_PILOT,3,2658,282,4,5,ToiMisaki,Tosa,31.917535632646864,132.4247425708732,48.89906075232415,12.0,531.6066861541418,290.5035254744024
2659,Shanghai NorthCh - Nagoya,SEA,PILOT_TO_PILOT,3,2659,283,4,5,ToiMisaki,Tosa,31.919703973978127,132.4277163941089,48.89906075232415,12.0,531.8064792295614,290.3037323989828
2660,Shanghai NorthCh - Nagoya,SEA,PILOT_TO_PILOT,3,2660,284,4,5,ToiMisaki,Tosa,31.92187224603662,132.4306903575573,48.89906075232415,12.0,532.0062723049809,290.1039393235633
2661,Shanghai NorthCh - Nagoya,SEA,PILOT_TO_PILOT,3,2661,285,4,5,ToiMisaki,Tosa,31.924040448813237,132.43366446123238,48.89906075232415,12.0,532.2060653804006,289.90414624814366
2662,Shanghai NorthCh - Nagoya,SEA,PILOT_TO_PILOT,3,2662,286,4,5,ToiMisaki,Tosa,31.92620858229887,132.4366387051481,48.89906075232415,12.0,532.4058584558202,289.70435317272404
2663,Shanghai NorthCh - Nagoya,SEA,PILOT_TO_PILOT,3,2663,287,4,5,ToiMisaki,Tosa,31.928376646484413,132.4396130893184,48.89906075232415,12.0,532.6056515312398,289.5045600973044
2664,Shanghai NorthCh - Nagoya,SEA,PILOT_TO_PILOT,3,2664,288,4,5,ToiMisaki,Tosa,31.930544641360758,132.44258761375727,48.89906075232415,12.0,532.8054446066594,289.3047670218848
2665,Shanghai NorthCh - Nagoya,SEA,PILOT_TO_PILOT,3,2665,289,4,5,ToiMisaki,Tosa,31.932712566918788,132.44556227847863,48.89906075232415,12.0,533.005237682079,289.1049739464652
2666,Shanghai NorthCh - Nagoya,SEA,PILOT_TO_PILOT,3,2666,290,4,5,ToiMisaki,Tosa,31.934880423149387,132.44853708349643,48.89906075232415,12.0,533.2050307574987,288.90518087104556
2667,Shanghai NorthCh - Nagoya,SEA,PILOT_TO_PILOT,3,2667,291,4,5,ToiMisaki,Tosa,31.937048210043447,132.45151202882462,48.89906075232415,12.0,533.4048238329183,288.70538779562594
2668,Shanghai NorthCh - Nagoya,SEA,PILOT_TO_PILOT,3,2668,292,4,5,ToiMisaki,Tosa,31.93921592759185,132.45448711447725,48.89906075232415,12.0,533.6046169083378,288.50559472020643
2669,Shanghai NorthCh - Nagoya,SEA,PILOT_TO_PILOT,3,2669,293,4,5,ToiMisaki,Tosa,31.94138357578548,132.45746234046814,48.89906075232415,12.0,533.8044099837574,288.3058016447868
2670,Shanghai NorthCh - Nagoya,SEA,PILOT_TO_PILOT,3,2670,294,4,5,ToiMisaki,Tosa,31.943551154615218,132.46043770681135,48.89906075232415,12.0,534.004203059177,288.1060085693672
2671,Shanghai NorthCh - Nagoya,SEA,PILOT_TO_PILOT,3,2671,295,4,5,ToiMisaki,Tosa,31.945718664071954,132.46341321352077,48.89906075232415,12.0,534.2039961345967,287.90621549394757
2672,Shanghai NorthCh - Nagoya,SEA,PILOT_TO_PILOT,3,2672,296,4,5,ToiMisaki,Tosa,31.947886104146562,132.46638886061038,48.89906075232415,12.0,534.4037892100163,287.70642241852795
2673,Shanghai NorthCh - Nagoya,SEA,PILOT_TO_PILOT,3,2673,297,4,5,ToiMisaki,Tosa,31.95005347482992,132.46936464809417,48.89906075232415,12.0,534.6035822854359,287.50662934310833
2674,Shanghai NorthCh - Nagoya,SEA,PILOT_TO_PILOT,3,2674,298,4,5,ToiMisaki,Tosa,31.95222077611292,132.4723405759861,48.89906075232415,12.0,534.8033753608554,287.3068362676888
2675,Shanghai NorthCh - Nagoya,SEA,PILOT_TO_PILOT,3,2675,299,4,5,ToiMisaki,Tosa,31.95438800798643,132.47531664430002,48.89906075232415,12.0,535.003168436275,287.1070431922692
2676,Shanghai NorthCh - Nagoya,SEA,PILOT_TO_PILOT,3,2676,300,4,5,ToiMisaki,Tosa,31.956555170441327,132.47829285305,48.89906075232415,12.0,535.2029615116946,286.9072501168496
2677,Shanghai NorthCh - Nagoya,SEA,PILOT_TO_PILOT,3,2677,301,4,5,ToiMisaki,Tosa,31.9587222634685,132.48126920225,48.89906075232415,12.0,535.4027545871143,286.70745704142996
2678,Shanghai NorthCh - Nagoya,SEA,PILOT_TO_PILOT,3,2678,302,4,5,ToiMisaki,Tosa,31.960889287058812,132.48424569191388,48.89906075232415,12.0,535.6025476625339,286.50766396601034
2679,Shanghai NorthCh - Nagoya,SEA,PILOT_TO_PILOT,3,2679,303,4,5,ToiMisaki,Tosa,31.96305624120314,132.48722232205571,48.89906075232415,12.0,535.8023407379535,286.3078708905907
2680,Shanghai NorthCh - Nagoya,SEA,PILOT_TO_PILOT,3,2680,304,4,5,ToiMisaki,Tosa,31.965223125892354,132.49019909268935,48.89906075232415,12.0,536.0021338133731,286.1080778151711
2681,Shanghai NorthCh - Nagoya,SEA,PILOT_TO_PILOT,3,2681,305,4,5,ToiMisaki,Tosa,31.967389941117336,132.49317600382884,48.89906075232415,12.0,536.2019268887927,285.9082847397515
2682,Shanghai NorthCh - Nagoya,SEA,PILOT_TO_PILOT,3,2682,306,4,5,ToiMisaki,Tosa,31.96955668686895,132.4961530554881,48.89906075232415,12.0,536.4017199642122,285.708491664332
2683,Shanghai NorthCh - Nagoya,SEA,PILOT_TO_PILOT,3,2683,307,4,5,ToiMisaki,Tosa,31.971723363138064,132.49913024768108,48.89906075232415,12.0,536.6015130396319,285.50869858891235
2684,Shanghai NorthCh - Nagoya,SEA,PILOT_TO_PILOT,3,2684,308,4,5,ToiMisaki,Tosa,31.973889969915554,132.50210758042175,48.89906075232415,12.0,536.8013061150515,285.30890551349273
2685,Shanghai NorthCh - Nagoya,SEA,PILOT_TO_PILOT,3,2685,309,4,5,ToiMisaki,Tosa,31.976056507192304,132.5050850537241,48.89906075232415,12.0,537.0010991904711,285.1091124380731
2686,Shanghai NorthCh - Nagoya,SEA,PILOT_TO_PILOT,3,2686,310,4,5,ToiMisaki,Tosa,31.97822297495915,132.50806266760205,48.89906075232415,12.0,537.2008922658907,284.9093193626535
2687,Shanghai NorthCh - Nagoya,SEA,PILOT_TO_PILOT,3,2687,311,4,5,ToiMisaki,Tosa,31.980389373206986,132.51104042206958,48.89906075232415,12.0,537.4006853413103,284.70952628723387
2688,Shanghai NorthCh - Nagoya,SEA,PILOT_TO_PILOT,3,2688,312,4,5,ToiMisaki,Tosa,31.982555701926653,132.5140183171406,48.89906075232415,12.0,537.6004784167299,284.50973321181436
2689,Shanghai NorthCh - Nagoya,SEA,PILOT_TO_PILOT,3,2689,313,4,5,ToiMisaki,Tosa,31.98472196110903,132.51699635282915,48.89906075232415,12.0,537.8002714921495,284.30994013639474
2690,Shanghai NorthCh - Nagoya,SEA,PILOT_TO_PILOT,3,2690,314,4,5,ToiMisaki,Tosa,31.986888150744996,132.51997452914915,48.89906075232415,12.0,538.0000645675691,284.1101470609751
2691,Shanghai NorthCh - Nagoya,SEA,PILOT_TO_PILOT,3,2691,315,4,5,ToiMisaki,Tosa,31.989054270825378,132.52295284611455,48.89906075232415,12.0,538.1998576429887,283.9103539855555
2692,Shanghai NorthCh - Nagoya,SEA,PILOT_TO_PILOT,3,2692,316,4,5,ToiMisaki,Tosa,31.991220321341075,132.52593130373936,48.89906075232415,12.0,538.3996507184083,283.7105609101359
2693,Shanghai NorthCh - Nagoya,SEA,PILOT_TO_PILOT,3,2693,317,4,5,ToiMisaki,Tosa,31.993386302282918,132.52890990203747,48.89906075232415,12.0,538.599443793828,283.51076783471626
2694,Shanghai NorthCh - Nagoya,SEA,PILOT_TO_PILOT,3,2694,318,4,5,ToiMisaki,Tosa,31.995552213641783,132.53188864102287,48.89906075232415,12.0,538.7992368692476,283.31097475929664
2695,Shanghai NorthCh - Nagoya,SEA,PILOT_TO_PILOT,3,2695,319,4,5,ToiMisaki,Tosa,31.99771805540853,132.53486752070953,48.89906075232415,12.0,538.9990299446672,283.111181683877
2696,Shanghai NorthCh - Nagoya,SEA,PILOT_TO_PILOT,3,2696,320,4,5,ToiMisaki,Tosa,31.999883827574013,132.53784654111138,48.89906075232415,12.0,539.1988230200867,282.9113886084575
2697,Shanghai NorthCh - Nagoya,SEA,PILOT_TO_PILOT,3,2697,321,4,5,ToiMisaki,Tosa,32.00204953012909,132.54082570224247,48.89906075232415,12.0,539.3986160955063,282.7115955330379
2698,Shanghai NorthCh - Nagoya,SEA,PILOT_TO_PILOT,3,2698,322,4,5,ToiMisaki,Tosa,32.004215163064615,132.54380500411665,48.89906075232415,12.0,539.598409170926,282.5118024576183
2699,Shanghai NorthCh - Nagoya,SEA,PILOT_TO_PILOT,3,2699,323,4,5,ToiMisaki,Tosa,32.00638072637145,132.54678444674795,48.89906075232415,12.0,539.7982022463456,282.31200938219865
2700,Shanghai NorthCh - Nagoya,SEA,PILOT_TO_PILOT,3,2700,324,4,5,ToiMisaki,Tosa,32.00854622004043,132.54976403015033,48.89906075232415,12.0,539.9979953217652,282.11221630677903
2701,Shanghai NorthCh - Nagoya,SEA,PILOT_TO_PILOT,3,2701,325,4,5,ToiMisaki,Tosa,32.01071164406243,132.5527437543377,48.89906075232415,12.0,540.1977883971848,281.9124232313594
2702,Shanghai NorthCh - Nagoya,SEA,PILOT_TO_PILOT,3,2702,326,4,5,ToiMisaki,Tosa,32.01287699842829,132.55572361932408,48.89906075232415,12.0,540.3975814726043,281.7126301559399
2703,Shanghai NorthCh - Nagoya,SEA,PILOT_TO_PILOT,3,2703,327,4,5,ToiMisaki,Tosa,32.01504228312888,132.55870362512343,48.89906075232415,12.0,540.5973745480239,281.5128370805203
2704,Shanghai NorthCh - Nagoya,SEA,PILOT_TO_PILOT,3,2704,328,4,5,ToiMisaki,Tosa,32.01720749815502,132.56168377174964,48.89906075232415,12.0,540.7971676234436,281.31304400510066
2705,Shanghai NorthCh - Nagoya,SEA,PILOT_TO_PILOT,3,2705,329,4,5,ToiMisaki,Tosa,32.01937264349759,132.56466405921677,48.89906075232415,12.0,540.9969606988632,281.11325092968104
2706,Shanghai NorthCh - Nagoya,SEA,PILOT_TO_PILOT,3,2706,330,4,5,ToiMisaki,Tosa,32.021537719147425,132.56764448753873,48.89906075232415,12.0,541.1967537742828,280.9134578542614
2707,Shanghai NorthCh - Nagoya,SEA,PILOT_TO_PILOT,3,2707,331,4,5,ToiMisaki,Tosa,32.02370272509535,132.57062505672948,48.89906075232415,12.0,541.3965468497024,280.7136647788418
2708,Shanghai NorthCh - Nagoya,SEA,PILOT_TO_PILOT,3,2708,332,4,5,ToiMisaki,Tosa,32.02586766133225,132.573605766803,48.89906075232415,12.0,541.596339925122,280.5138717034222
2709,Shanghai NorthCh - Nagoya,SEA,PILOT_TO_PILOT,3,2709,333,4,5,ToiMisaki,Tosa,32.02803252784896,132.57658661777327,48.89906075232415,12.0,541.7961330005417,280.31407862800256
2710,Shanghai NorthCh - Nagoya,SEA,PILOT_TO_PILOT,3,2710,334,4,5,ToiMisaki,Tosa,32.0301973246363,132.57956760965422,48.89906075232415,12.0,541.9959260759612,280.11428555258306
2711,Shanghai NorthCh - Nagoya,SEA,PILOT_TO_PILOT,3,2711,335,4,5,ToiMisaki,Tosa,32.03236205168514,132.58254874245984,48.89906075232415,12.0,542.1957191513808,279.91449247716344
2712,Shanghai NorthCh - Nagoya,SEA,PILOT_TO_PILOT,3,2712,336,4,5,ToiMisaki,Tosa,32.03452670898633,132.58553001620405,48.89906075232415,12.0,542.3955122268004,279.7146994017438
2713,Shanghai NorthCh - Nagoya,SEA,PILOT_TO_PILOT,3,2713,337,4,5,ToiMisaki,Tosa,32.03669129653066,132.58851143090084,48.89906075232415,12.0,542.59530530222,279.5149063263242
2714,Shanghai NorthCh - Nagoya,SEA,PILOT_TO_PILOT,3,2714,338,4,5,ToiMisaki,Tosa,32.038855814309045,132.59149298656422,48.89906075232415,12.0,542.7950983776396,279.3151132509046
2715,Shanghai NorthCh - Nagoya,SEA,PILOT_TO_PILOT,3,2715,339,4,5,ToiMisaki,Tosa,32.04102026231226,132.5944746832081,48.89906075232415,12.0,542.9948914530593,279.11532017548495
2716,Shanghai NorthCh - Nagoya,SEA,PILOT_TO_PILOT,3,2716,340,4,5,ToiMisaki,Tosa,32.04318464053118,132.59745652084644,48.89906075232415,12.0,543.1946845284788,278.91552710006545
2717,Shanghai NorthCh - Nagoya,SEA,PILOT_TO_PILOT,3,2717,341,4,5,ToiMisaki,Tosa,32.04534894895663,132.6004384994932,48.89906075232415,12.0,543.3944776038984,278.7157340246458
2718,Shanghai NorthCh - Nagoya,SEA,PILOT_TO_PILOT,3,2718,342,4,5,ToiMisaki,Tosa,32.04751318757945,132.60342061916242,48.89906075232415,12.0,543.594270679318,278.5159409492262
2719,Shanghai NorthCh - Nagoya,SEA,PILOT_TO_PILOT,3,2719,343,4,5,ToiMisaki,Tosa,32.04967735639048,132.606402879868,48.89906075232415,12.0,543.7940637547376,278.3161478738066
2720,Shanghai NorthCh - Nagoya,SEA,PILOT_TO_PILOT,3,2720,344,4,5,ToiMisaki,Tosa,32.05184145538055,132.60938528162393,48.89906075232415,12.0,543.9938568301573,278.11635479838696
2721,Shanghai NorthCh - Nagoya,SEA,PILOT_TO_PILOT,3,2721,345,4,5,ToiMisaki,Tosa,32.05400548454048,132.61236782444414,48.89906075232415,12.0,544.1936499055769,277.91656172296734
2722,Shanghai NorthCh - Nagoya,SEA,PILOT_TO_PILOT,3,2722,346,4,5,ToiMisaki,Tosa,32.05616944386114,132.6153505083426,48.89906075232415,12.0,544.3934429809965,277.7167686475477
2723,Shanghai NorthCh - Nagoya,SEA,PILOT_TO_PILOT,4,2723,0,5,6,Tosa,Kashino ,32.05833333333333,132.61833333333334,66.3980969893422,12.0,544.5932360564161,277.5169755721281
2724,Shanghai NorthCh - Nagoya,SEA,PILOT_TO_PILOT,4,2724,1,5,6,Tosa,Kashino ,32.05966674787733,132.62193441968603,66.3980969893422,12.0,544.7932010436402,277.317010584904
2725,Shanghai NorthCh - Nagoya,SEA,PILOT_TO_PILOT,4,2725,2,5,6,Tosa,Kashino ,32.0610000606027,132.62553561101495,66.3980969893422,12.0,544.9931660308645,277.11704559767975
2726,Shanghai NorthCh - Nagoya,SEA,PILOT_TO_PILOT,4,2726,3,5,6,Tosa,Kashino ,32.06233327150119,132.62913690732054,66.3980969893422,12.0,545.1931310180886,276.9170806104556
2727,Shanghai NorthCh - Nagoya,SEA,PILOT_TO_PILOT,4,2727,4,5,6,Tosa,Kashino ,32.06366638056456,132.6327383086033,66.3980969893422,12.0,545.3930960053128,276.7171156232314
2728,Shanghai NorthCh - Nagoya,SEA,PILOT_TO_PILOT,4,2728,5,5,6,Tosa,Kashino ,32.0649993877846,132.6363398148637,66.3980969893422,12.0,545.593060992537,276.5171506360073
2729,Shanghai NorthCh - Nagoya,SEA,PILOT_TO_PILOT,4,2729,6,5,6,Tosa,Kashino ,32.06633229315305,132.6399414261022,66.3980969893422,12.0,545.7930259797612,276.31718564878304
2730,Shanghai NorthCh - Nagoya,SEA,PILOT_TO_PILOT,4,2730,7,5,6,Tosa,Kashino ,32.06766509666168,132.6435431423193,66.3980969893422,12.0,545.9929909669853,276.1172206615589
2731,Shanghai NorthCh - Nagoya,SEA,PILOT_TO_PILOT,4,2731,8,5,6,Tosa,Kashino ,32.06899779830225,132.6471449635154,66.3980969893422,12.0,546.1929559542094,275.9172556743348
2732,Shanghai NorthCh - Nagoya,SEA,PILOT_TO_PILOT,4,2732,9,5,6,Tosa,Kashino ,32.070330398066545,132.650746889691,66.3980969893422,12.0,546.3929209414337,275.71729068711056
2733,Shanghai NorthCh - Nagoya,SEA,PILOT_TO_PILOT,4,2733,10,5,6,Tosa,Kashino ,32.071662895946304,132.65434892084656,66.3980969893422,12.0,546.5928859286578,275.51732569988644
2734,Shanghai NorthCh - Nagoya,SEA,PILOT_TO_PILOT,4,2734,11,5,6,Tosa,Kashino ,32.072995291933296,132.65795105698254,66.3980969893422,12.0,546.792850915882,275.3173607126622
2735,Shanghai NorthCh - Nagoya,SEA,PILOT_TO_PILOT,4,2735,12,5,6,Tosa,Kashino ,32.074327586019294,132.6615532980994,66.3980969893422,12.0,546.9928159031061,275.1173957254381
2736,Shanghai NorthCh - Nagoya,SEA,PILOT_TO_PILOT,4,2736,13,5,6,Tosa,Kashino ,32.07565977819606,132.66515564419757,66.3980969893422,12.0,547.1927808903303,274.91743073821397
2737,Shanghai NorthCh - Nagoya,SEA,PILOT_TO_PILOT,4,2737,14,5,6,Tosa,Kashino ,32.07699186845536,132.66875809527755,66.3980969893422,12.0,547.3927458775545,274.71746575098973
2738,Shanghai NorthCh - Nagoya,SEA,PILOT_TO_PILOT,4,2738,15,5,6,Tosa,Kashino ,32.07832385678895,132.67236065133974,66.3980969893422,12.0,547.5927108647786,274.5175007637656
2739,Shanghai NorthCh - Nagoya,SEA,PILOT_TO_PILOT,4,2739,16,5,6,Tosa,Kashino ,32.079655743188596,132.67596331238462,66.3980969893422,12.0,547.7926758520028,274.3175357765414
2740,Shanghai NorthCh - Nagoya,SEA,PILOT_TO_PILOT,4,2740,17,5,6,Tosa,Kashino ,32.080987527646066,132.67956607841262,66.3980969893422,12.0,547.992640839227,274.11757078931726
2741,Shanghai NorthCh - Nagoya,SEA,PILOT_TO_PILOT,4,2741,18,5,6,Tosa,Kashino ,32.08231921015312,132.68316894942416,66.3980969893422,12.0,548.1926058264512,273.917605802093
2742,Shanghai NorthCh - Nagoya,SEA,PILOT_TO_PILOT,4,2742,19,5,6,Tosa,Kashino ,32.08365079070153,132.68677192541975,66.3980969893422,12.0,548.3925708136753,273.7176408148689
2743,Shanghai NorthCh - Nagoya,SEA,PILOT_TO_PILOT,4,2743,20,5,6,Tosa,Kashino ,32.08498226928304,132.69037500639982,66.3980969893422,12.0,548.5925358008994,273.5176758276448
2744,Shanghai NorthCh - Nagoya,SEA,PILOT_TO_PILOT,4,2744,21,5,6,Tosa,Kashino ,32.086313645889426,132.69397819236474,66.3980969893422,12.0,548.7925007881237,273.31771084042055
2745,Shanghai NorthCh - Nagoya,SEA,PILOT_TO_PILOT,4,2745,22,5,6,Tosa,Kashino ,32.08764492051246,132.69758148331505,66.3980969893422,12.0,548.9924657753478,273.1177458531964
2746,Shanghai NorthCh - Nagoya,SEA,PILOT_TO_PILOT,4,2746,23,5,6,Tosa,Kashino ,32.08897609314389,132.7011848792511,66.3980969893422,12.0,549.192430762572,272.9177808659722
2747,Shanghai NorthCh - Nagoya,SEA,PILOT_TO_PILOT,4,2747,24,5,6,Tosa,Kashino ,32.09030716377548,132.70478838017334,66.3980969893422,12.0,549.3923957497962,272.71781587874807
2748,Shanghai NorthCh - Nagoya,SEA,PILOT_TO_PILOT,4,2748,25,5,6,Tosa,Kashino ,32.091638132399005,132.70839198608223,66.3980969893422,12.0,549.5923607370203,272.51785089152395
2749,Shanghai NorthCh - Nagoya,SEA,PILOT_TO_PILOT,4,2749,26,5,6,Tosa,Kashino ,32.09296899900621,132.71199569697822,66.3980969893422,12.0,549.7923257242445,272.3178859042997
2750,Shanghai NorthCh - Nagoya,SEA,PILOT_TO_PILOT,4,2750,27,5,6,Tosa,Kashino ,32.09429976358887,132.71559951286167,66.3980969893422,12.0,549.9922907114686,272.1179209170756
2751,Shanghai NorthCh - Nagoya,SEA,PILOT_TO_PILOT,4,2751,28,5,6,Tosa,Kashino ,32.09563042613876,132.71920343373307,66.3980969893422,12.0,550.1922556986929,271.91795592985136
2752,Shanghai NorthCh - Nagoya,SEA,PILOT_TO_PILOT,4,2752,29,5,6,Tosa,Kashino ,32.09696098664761,132.72280745959281,66.3980969893422,12.0,550.392220685917,271.71799094262724
2753,Shanghai NorthCh - Nagoya,SEA,PILOT_TO_PILOT,4,2753,30,5,6,Tosa,Kashino ,32.09829144510722,132.72641159044136,66.3980969893422,12.0,550.5921856731412,271.518025955403
2754,Shanghai NorthCh - Nagoya,SEA,PILOT_TO_PILOT,4,2754,31,5,6,Tosa,Kashino ,32.09962180150933,132.73001582627904,66.3980969893422,12.0,550.7921506603653,271.3180609681789
2755,Shanghai NorthCh - Nagoya,SEA,PILOT_TO_PILOT,4,2755,32,5,6,Tosa,Kashino ,32.10095205584571,132.73362016710638,66.3980969893422,12.0,550.9921156475895,271.11809598095476
2756,Shanghai NorthCh - Nagoya,SEA,PILOT_TO_PILOT,4,2756,33,5,6,Tosa,Kashino ,32.102282208108115,132.7372246129237,66.3980969893422,12.0,551.1920806348137,270.91813099373053
2757,Shanghai NorthCh - Nagoya,SEA,PILOT_TO_PILOT,4,2757,34,5,6,Tosa,Kashino ,32.103612258288315,132.7408291637315,66.3980969893422,12.0,551.3920456220378,270.7181660065064
2758,Shanghai NorthCh - Nagoya,SEA,PILOT_TO_PILOT,4,2758,35,5,6,Tosa,Kashino ,32.104942206378055,132.74443381953014,66.3980969893422,12.0,551.592010609262,270.5182010192822
2759,Shanghai NorthCh - Nagoya,SEA,PILOT_TO_PILOT,4,2759,36,5,6,Tosa,Kashino ,32.10627205236913,132.74803858032007,66.3980969893422,12.0,551.7919755964862,270.31823603205805
2760,Shanghai NorthCh - Nagoya,SEA,PILOT_TO_PILOT,4,2760,37,5,6,Tosa,Kashino ,32.10760179625329,132.7516434461017,66.3980969893422,12.0,551.9919405837103,270.11827104483393
2761,Shanghai NorthCh - Nagoya,SEA,PILOT_TO_PILOT,4,2761,38,5,6,Tosa,Kashino ,32.10893143802227,132.7552484168754,66.3980969893422,12.0,552.1919055709345,269.9183060576097
2762,Shanghai NorthCh - Nagoya,SEA,PILOT_TO_PILOT,4,2762,39,5,6,Tosa,Kashino ,32.11026097766786,132.75885349264158,66.3980969893422,12.0,552.3918705581586,269.7183410703856
2763,Shanghai NorthCh - Nagoya,SEA,PILOT_TO_PILOT,4,2763,40,5,6,Tosa,Kashino ,32.11159041518183,132.76245867340066,66.3980969893422,12.0,552.5918355453829,269.51837608316134
2764,Shanghai NorthCh - Nagoya,SEA,PILOT_TO_PILOT,4,2764,41,5,6,Tosa,Kashino ,32.11291975055592,132.76606395915306,66.3980969893422,12.0,552.791800532607,269.3184110959372
2765,Shanghai NorthCh - Nagoya,SEA,PILOT_TO_PILOT,4,2765,42,5,6,Tosa,Kashino ,32.11424898378189,132.76966934989912,66.3980969893422,12.0,552.9917655198312,269.118446108713
2766,Shanghai NorthCh - Nagoya,SEA,PILOT_TO_PILOT,4,2766,43,5,6,Tosa,Kashino ,32.115578114851516,132.77327484563932,66.3980969893422,12.0,553.1917305070554,268.91848112148887
2767,Shanghai NorthCh - Nagoya,SEA,PILOT_TO_PILOT,4,2767,44,5,6,Tosa,Kashino ,32.116907143756556,132.776880446374,66.3980969893422,12.0,553.3916954942795,268.71851613426475
2768,Shanghai NorthCh - Nagoya,SEA,PILOT_TO_PILOT,4,2768,45,5,6,Tosa,Kashino ,32.118236070488784,132.78048615210355,66.3980969893422,12.0,553.5916604815037,268.5185511470405
2769,Shanghai NorthCh - Nagoya,SEA,PILOT_TO_PILOT,4,2769,46,5,6,Tosa,Kashino ,32.11956489503993,132.78409196282843,66.3980969893422,12.0,553.7916254687278,268.3185861598164
2770,Shanghai NorthCh - Nagoya,SEA,PILOT_TO_PILOT,4,2770,47,5,6,Tosa,Kashino ,32.120893617401784,132.78769787854898,66.3980969893422,12.0,553.9915904559521,268.11862117259216
2771,Shanghai NorthCh - Nagoya,SEA,PILOT_TO_PILOT,4,2771,48,5,6,Tosa,Kashino ,32.12222223756609,132.79130389926556,66.3980969893422,12.0,554.1915554431762,267.91865618536804
2772,Shanghai NorthCh - Nagoya,SEA,PILOT_TO_PILOT,4,2772,49,5,6,Tosa,Kashino ,32.12355075552463,132.7949100249786,66.3980969893422,12.0,554.3915204304003,267.7186911981439
2773,Shanghai NorthCh - Nagoya,SEA,PILOT_TO_PILOT,4,2773,50,5,6,Tosa,Kashino ,32.12487917126915,132.7985162556885,66.3980969893422,12.0,554.5914854176245,267.5187262109197
2774,Shanghai NorthCh - Nagoya,SEA,PILOT_TO_PILOT,4,2774,51,5,6,Tosa,Kashino ,32.12620748479141,132.8021225913956,66.3980969893422,12.0,554.7914504048487,267.31876122369556
2775,Shanghai NorthCh - Nagoya,SEA,PILOT_TO_PILOT,4,2775,52,5,6,Tosa,Kashino ,32.127535696083164,132.8057290321003,66.3980969893422,12.0,554.9914153920729,267.1187962364713
2776,Shanghai NorthCh - Nagoya,SEA,PILOT_TO_PILOT,4,2776,53,5,6,Tosa,Kashino ,32.128863805136206,132.80933557780298,66.3980969893422,12.0,555.191380379297,266.9188312492472
2777,Shanghai NorthCh - Nagoya,SEA,PILOT_TO_PILOT,4,2777,54,5,6,Tosa,Kashino ,32.13019181194226,132.81294222850403,66.3980969893422,12.0,555.3913453665213,266.71886626202297
2778,Shanghai NorthCh - Nagoya,SEA,PILOT_TO_PILOT,4,2778,55,5,6,Tosa,Kashino ,32.1315197164931,132.8165489842038,66.3980969893422,12.0,555.5913103537454,266.51890127479885
2779,Shanghai NorthCh - Nagoya,SEA,PILOT_TO_PILOT,4,2779,56,5,6,Tosa,Kashino ,32.13284751878051,132.82015584490267,66.3980969893422,12.0,555.7912753409695,266.31893628757473
2780,Shanghai NorthCh - Nagoya,SEA,PILOT_TO_PILOT,4,2780,57,5,6,Tosa,Kashino ,32.13417521879621,132.82376281060104,66.3980969893422,12.0,555.9912403281937,266.1189713003505
2781,Shanghai NorthCh - Nagoya,SEA,PILOT_TO_PILOT,4,2781,58,5,6,Tosa,Kashino ,32.13550281653199,132.82736988129926,66.3980969893422,12.0,556.1912053154178,265.9190063131264
2782,Shanghai NorthCh - Nagoya,SEA,PILOT_TO_PILOT,4,2782,59,5,6,Tosa,Kashino ,32.1368303119796,132.8309770569977,66.3980969893422,12.0,556.3911703026421,265.71904132590214
2783,Shanghai NorthCh - Nagoya,SEA,PILOT_TO_PILOT,4,2783,60,5,6,Tosa,Kashino ,32.13815770513081,132.8345843376967,66.3980969893422,12.0,556.5911352898662,265.519076338678
2784,Shanghai NorthCh - Nagoya,SEA,PILOT_TO_PILOT,4,2784,61,5,6,Tosa,Kashino ,32.13948499597736,132.83819172339668,66.3980969893422,12.0,556.7911002770904,265.3191113514538
2785,Shanghai NorthCh - Nagoya,SEA,PILOT_TO_PILOT,4,2785,62,5,6,Tosa,Kashino ,32.140812184511034,132.84179921409796,66.3980969893422,12.0,556.9910652643146,265.11914636422966
2786,Shanghai NorthCh - Nagoya,SEA,PILOT_TO_PILOT,4,2786,63,5,6,Tosa,Kashino ,32.14213927072358,132.84540680980092,66.3980969893422,12.0,557.1910302515387,264.91918137700554
2787,Shanghai NorthCh - Nagoya,SEA,PILOT_TO_PILOT,4,2787,64,5,6,Tosa,Kashino ,32.14346625460676,132.84901451050592,66.3980969893422,12.0,557.3909952387629,264.7192163897813
2788,Shanghai NorthCh - Nagoya,SEA,PILOT_TO_PILOT,4,2788,65,5,6,Tosa,Kashino ,32.14479313615234,132.85262231621329,66.3980969893422,12.0,557.590960225987,264.5192514025572
2789,Shanghai NorthCh - Nagoya,SEA,PILOT_TO_PILOT,4,2789,66,5,6,Tosa,Kashino ,32.146119915352074,132.8562302269234,66.3980969893422,12.0,557.7909252132113,264.31928641533295
2790,Shanghai NorthCh - Nagoya,SEA,PILOT_TO_PILOT,4,2790,67,5,6,Tosa,Kashino ,32.147446592197724,132.8598382426366,66.3980969893422,12.0,557.9908902004354,264.11932142810883
2791,Shanghai NorthCh - Nagoya,SEA,PILOT_TO_PILOT,4,2791,68,5,6,Tosa,Kashino ,32.14877316668106,132.8634463633533,66.3980969893422,12.0,558.1908551876595,263.9193564408847
2792,Shanghai NorthCh - Nagoya,SEA,PILOT_TO_PILOT,4,2792,69,5,6,Tosa,Kashino ,32.15009963879381,132.86705458907375,66.3980969893422,12.0,558.3908201748837,263.7193914536605
2793,Shanghai NorthCh - Nagoya,SEA,PILOT_TO_PILOT,4,2793,70,5,6,Tosa,Kashino ,32.15142600852777,132.87066291979835,66.3980969893422,12.0,558.5907851621079,263.51942646643636
2794,Shanghai NorthCh - Nagoya,SEA,PILOT_TO_PILOT,4,2794,71,5,6,Tosa,Kashino ,32.15275227587469,132.87427135552744,66.3980969893422,12.0,558.7907501493321,263.3194614792121
2795,Shanghai NorthCh - Nagoya,SEA,PILOT_TO_PILOT,4,2795,72,5,6,Tosa,Kashino ,32.15407844082632,132.8778798962614,66.3980969893422,12.0,558.9907151365562,263.119496491988
2796,Shanghai NorthCh - Nagoya,SEA,PILOT_TO_PILOT,4,2796,73,5,6,Tosa,Kashino ,32.15540450337444,132.88148854200048,66.3980969893422,12.0,559.1906801237805,262.91953150476377
2797,Shanghai NorthCh - Nagoya,SEA,PILOT_TO_PILOT,4,2797,74,5,6,Tosa,Kashino ,32.15673046351078,132.88509729274512,66.3980969893422,12.0,559.3906451110046,262.71956651753965
2798,Shanghai NorthCh - Nagoya,SEA,PILOT_TO_PILOT,4,2798,75,5,6,Tosa,Kashino ,32.15805632122713,132.8887061484956,66.3980969893422,12.0,559.5906100982287,262.5196015303155
2799,Shanghai NorthCh - Nagoya,SEA,PILOT_TO_PILOT,4,2799,76,5,6,Tosa,Kashino ,32.15938207651523,132.89231510925225,66.3980969893422,12.0,559.7905750854529,262.3196365430913
2800,Shanghai NorthCh - Nagoya,SEA,PILOT_TO_PILOT,4,2800,77,5,6,Tosa,Kashino ,32.16070772936684,132.89592417501547,66.3980969893422,12.0,559.990540072677,262.11967155586717
2801,Shanghai NorthCh - Nagoya,SEA,PILOT_TO_PILOT,4,2801,78,5,6,Tosa,Kashino ,32.16203327977374,132.89953334578553,66.3980969893422,12.0,560.1905050599013,261.91970656864294
2802,Shanghai NorthCh - Nagoya,SEA,PILOT_TO_PILOT,4,2802,79,5,6,Tosa,Kashino ,32.16335872772766,132.90314262156275,66.3980969893422,12.0,560.3904700471254,261.7197415814188
2803,Shanghai NorthCh - Nagoya,SEA,PILOT_TO_PILOT,4,2803,80,5,6,Tosa,Kashino ,32.164684073220386,132.9067520023475,66.3980969893422,12.0,560.5904350343495,261.5197765941947
2804,Shanghai NorthCh - Nagoya,SEA,PILOT_TO_PILOT,4,2804,81,5,6,Tosa,Kashino ,32.16600931624366,132.91036148814013,66.3980969893422,12.0,560.7904000215738,261.31981160697046
2805,Shanghai NorthCh - Nagoya,SEA,PILOT_TO_PILOT,4,2805,82,5,6,Tosa,Kashino ,32.16733445678925,132.91397107894088,66.3980969893422,12.0,560.9903650087979,261.11984661974634
2806,Shanghai NorthCh - Nagoya,SEA,PILOT_TO_PILOT,4,2806,83,5,6,Tosa,Kashino ,32.16865949484891,132.91758077475012,66.3980969893422,12.0,561.1903299960221,260.9198816325221
2807,Shanghai NorthCh - Nagoya,SEA,PILOT_TO_PILOT,4,2807,84,5,6,Tosa,Kashino ,32.1699844304144,132.9211905755682,66.3980969893422,12.0,561.3902949832462,260.719916645298
2808,Shanghai NorthCh - Nagoya,SEA,PILOT_TO_PILOT,4,2808,85,5,6,Tosa,Kashino ,32.17130926347749,132.9248004813954,66.3980969893422,12.0,561.5902599704705,260.51995165807375
2809,Shanghai NorthCh - Nagoya,SEA,PILOT_TO_PILOT,4,2809,86,5,6,Tosa,Kashino ,32.172633994029916,132.92841049223205,66.3980969893422,12.0,561.7902249576946,260.31998667084963
2810,Shanghai NorthCh - Nagoya,SEA,PILOT_TO_PILOT,4,2810,87,5,6,Tosa,Kashino ,32.17395862206346,132.93202060807846,66.3980969893422,12.0,561.9901899449187,260.1200216836255
2811,Shanghai NorthCh - Nagoya,SEA,PILOT_TO_PILOT,4,2811,88,5,6,Tosa,Kashino ,32.17528314756987,132.93563082893493,66.3980969893422,12.0,562.190154932143,259.9200566964013
2812,Shanghai NorthCh - Nagoya,SEA,PILOT_TO_PILOT,4,2812,89,5,6,Tosa,Kashino ,32.17660757054092,132.93924115480183,66.3980969893422,12.0,562.3901199193671,259.72009170917715
2813,Shanghai NorthCh - Nagoya,SEA,PILOT_TO_PILOT,4,2813,90,5,6,Tosa,Kashino ,32.17793189096834,132.9428515856794,66.3980969893422,12.0,562.5900849065913,259.5201267219529
2814,Shanghai NorthCh - Nagoya,SEA,PILOT_TO_PILOT,4,2814,91,5,6,Tosa,Kashino ,32.1792561088439,132.94646212156798,66.3980969893422,12.0,562.7900498938154,259.3201617347288
2815,Shanghai NorthCh - Nagoya,SEA,PILOT_TO_PILOT,4,2815,92,5,6,Tosa,Kashino ,32.18058022415938,132.95007276246787,66.3980969893422,12.0,562.9900148810395,259.1201967475047
2816,Shanghai NorthCh - Nagoya,SEA,PILOT_TO_PILOT,4,2816,93,5,6,Tosa,Kashino ,32.18190423690651,132.95368350837936,66.3980969893422,12.0,563.1899798682638,258.92023176028044
2817,Shanghai NorthCh - Nagoya,SEA,PILOT_TO_PILOT,4,2817,94,5,6,Tosa,Kashino ,32.18322814707707,132.95729435930278,66.3980969893422,12.0,563.3899448554879,258.7202667730563
2818,Shanghai NorthCh - Nagoya,SEA,PILOT_TO_PILOT,4,2818,95,5,6,Tosa,Kashino ,32.1845519546628,132.96090531523842,66.3980969893422,12.0,563.5899098427121,258.5203017858321
2819,Shanghai NorthCh - Nagoya,SEA,PILOT_TO_PILOT,4,2819,96,5,6,Tosa,Kashino ,32.18587565965548,132.9645163761866,66.3980969893422,12.0,563.7898748299363,258.32033679860797
2820,Shanghai NorthCh - Nagoya,SEA,PILOT_TO_PILOT,4,2820,97,5,6,Tosa,Kashino ,32.187199262046846,132.96812754214756,66.3980969893422,12.0,563.9898398171605,258.12037181138373
2821,Shanghai NorthCh - Nagoya,SEA,PILOT_TO_PILOT,4,2821,98,5,6,Tosa,Kashino ,32.188522761828665,132.97173881312162,66.3980969893422,12.0,564.1898048043846,257.9204068241596
2822,Shanghai NorthCh - Nagoya,SEA,PILOT_TO_PILOT,4,2822,99,5,6,Tosa,Kashino ,32.1898461589927,132.9753501891091,66.3980969893422,12.0,564.3897697916087,257.7204418369355
2823,Shanghai NorthCh - Nagoya,SEA,PILOT_TO_PILOT,4,2823,100,5,6,Tosa,Kashino ,32.19116945353071,132.97896167011027,66.3980969893422,12.0,564.589734778833,257.52047684971126
2824,Shanghai NorthCh - Nagoya,SEA,PILOT_TO_PILOT,4,2824,101,5,6,Tosa,Kashino ,32.19249264543445,132.9825732561254,66.3980969893422,12.0,564.7896997660571,257.32051186248714
2825,Shanghai NorthCh - Nagoya,SEA,PILOT_TO_PILOT,4,2825,102,5,6,Tosa,Kashino ,32.193815734695676,132.98618494715478,66.3980969893422,12.0,564.9896647532813,257.1205468752629
2826,Shanghai NorthCh - Nagoya,SEA,PILOT_TO_PILOT,4,2826,103,5,6,Tosa,Kashino ,32.195138721306144,132.98979674319875,66.3980969893422,12.0,565.1896297405054,256.9205818880388
2827,Shanghai NorthCh - Nagoya,SEA,PILOT_TO_PILOT,4,2827,104,5,6,Tosa,Kashino ,32.19646160525763,132.99340864425753,66.3980969893422,12.0,565.3895947277296,256.72061690081466
2828,Shanghai NorthCh - Nagoya,SEA,PILOT_TO_PILOT,4,2828,105,5,6,Tosa,Kashino ,32.19778438654186,132.99702065033142,66.3980969893422,12.0,565.5895597149538,256.5206519135904
2829,Shanghai NorthCh - Nagoya,SEA,PILOT_TO_PILOT,4,2829,106,5,6,Tosa,Kashino ,32.19910706515062,133.00063276142072,66.3980969893422,12.0,565.7895247021779,256.3206869263663
2830,Shanghai NorthCh - Nagoya,SEA,PILOT_TO_PILOT,4,2830,107,5,6,Tosa,Kashino ,32.20042964107565,133.00424497752567,66.3980969893422,12.0,565.9894896894021,256.1207219391421
2831,Shanghai NorthCh - Nagoya,SEA,PILOT_TO_PILOT,4,2831,108,5,6,Tosa,Kashino ,32.20175211430872,133.00785729864657,66.3980969893422,12.0,566.1894546766263,255.92075695191795
2832,Shanghai NorthCh - Nagoya,SEA,PILOT_TO_PILOT,4,2832,109,5,6,Tosa,Kashino ,32.20307448484158,133.01146972478372,66.3980969893422,12.0,566.3894196638505,255.72079196469372
2833,Shanghai NorthCh - Nagoya,SEA,PILOT_TO_PILOT,4,2833,110,5,6,Tosa,Kashino ,32.20439675266599,133.01508225593733,66.3980969893422,12.0,566.5893846510746,255.5208269774696
2834,Shanghai NorthCh - Nagoya,SEA,PILOT_TO_PILOT,4,2834,111,5,6,Tosa,Kashino ,32.205718917773716,133.0186948921077,66.3980969893422,12.0,566.7893496382987,255.32086199024548
2835,Shanghai NorthCh - Nagoya,SEA,PILOT_TO_PILOT,4,2835,112,5,6,Tosa,Kashino ,32.207040980156506,133.0223076332951,66.3980969893422,12.0,566.989314625523,255.12089700302124
2836,Shanghai NorthCh - Nagoya,SEA,PILOT_TO_PILOT,4,2836,113,5,6,Tosa,Kashino ,32.208362939806115,133.0259204794998,66.3980969893422,12.0,567.1892796127471,254.92093201579712
2837,Shanghai NorthCh - Nagoya,SEA,PILOT_TO_PILOT,4,2837,114,5,6,Tosa,Kashino ,32.209684796714306,133.02953343072204,66.3980969893422,12.0,567.3892445999713,254.7209670285729
2838,Shanghai NorthCh - Nagoya,SEA,PILOT_TO_PILOT,4,2838,115,5,6,Tosa,Kashino ,32.21100655087283,133.03314648696212,66.3980969893422,12.0,567.5892095871955,254.52100204134877
2839,Shanghai NorthCh - Nagoya,SEA,PILOT_TO_PILOT,4,2839,116,5,6,Tosa,Kashino ,32.21232820227346,133.03675964822028,66.3980969893422,12.0,567.7891745744196,254.32103705412464
2840,Shanghai NorthCh - Nagoya,SEA,PILOT_TO_PILOT,4,2840,117,5,6,Tosa,Kashino ,32.21364975090795,133.04037291449677,66.3980969893422,12.0,567.9891395616438,254.1210720669004
2841,Shanghai NorthCh - Nagoya,SEA,PILOT_TO_PILOT,4,2841,118,5,6,Tosa,Kashino ,32.21497119676804,133.04398628579187,66.3980969893422,12.0,568.1891045488679,253.9211070796763
2842,Shanghai NorthCh - Nagoya,SEA,PILOT_TO_PILOT,4,2842,119,5,6,Tosa,Kashino ,32.21629253984549,133.0475997621058,66.3980969893422,12.0,568.3890695360922,253.72114209245206
2843,Shanghai NorthCh - Nagoya,SEA,PILOT_TO_PILOT,4,2843,120,5,6,Tosa,Kashino ,32.21761378013207,133.05121334343883,66.3980969893422,12.0,568.5890345233163,253.52117710522793
2844,Shanghai NorthCh - Nagoya,SEA,PILOT_TO_PILOT,4,2844,121,5,6,Tosa,Kashino ,32.218934917619535,133.05482702979123,66.3980969893422,12.0,568.7889995105405,253.3212121180037
2845,Shanghai NorthCh - Nagoya,SEA,PILOT_TO_PILOT,4,2845,122,5,6,Tosa,Kashino ,32.22025595229964,133.05844082116323,66.3980969893422,12.0,568.9889644977646,253.12124713077958
2846,Shanghai NorthCh - Nagoya,SEA,PILOT_TO_PILOT,4,2846,123,5,6,Tosa,Kashino ,32.221576884164136,133.06205471755507,66.3980969893422,12.0,569.1889294849888,252.92128214355546
2847,Shanghai NorthCh - Nagoya,SEA,PILOT_TO_PILOT,4,2847,124,5,6,Tosa,Kashino ,32.22289771320479,133.065668718967,66.3980969893422,12.0,569.388894472213,252.72131715633122
2848,Shanghai NorthCh - Nagoya,SEA,PILOT_TO_PILOT,4,2848,125,5,6,Tosa,Kashino ,32.22421843941334,133.06928282539926,66.3980969893422,12.0,569.5888594594371,252.5213521691071
2849,Shanghai NorthCh - Nagoya,SEA,PILOT_TO_PILOT,4,2849,126,5,6,Tosa,Kashino ,32.225539062781564,133.0728970368521,66.3980969893422,12.0,569.7888244466614,252.32138718188287
2850,Shanghai NorthCh - Nagoya,SEA,PILOT_TO_PILOT,4,2850,127,5,6,Tosa,Kashino ,32.22685958330122,133.07651135332577,66.3980969893422,12.0,569.9887894338855,252.12142219465875
2851,Shanghai NorthCh - Nagoya,SEA,PILOT_TO_PILOT,4,2851,128,5,6,Tosa,Kashino ,32.228180000964045,133.0801257748205,66.3980969893422,12.0,570.1887544211097,251.9214572074345
2852,Shanghai NorthCh - Nagoya,SEA,PILOT_TO_PILOT,4,2852,129,5,6,Tosa,Kashino ,32.22950031576181,133.0837403013365,66.3980969893422,12.0,570.3887194083338,251.7214922202104
2853,Shanghai NorthCh - Nagoya,SEA,PILOT_TO_PILOT,4,2853,130,5,6,Tosa,Kashino ,32.230820527686255,133.087354932874,66.3980969893422,12.0,570.588684395558,251.52152723298627
2854,Shanghai NorthCh - Nagoya,SEA,PILOT_TO_PILOT,4,2854,131,5,6,Tosa,Kashino ,32.23214063672917,133.0909696694333,66.3980969893422,12.0,570.7886493827822,251.32156224576204
2855,Shanghai NorthCh - Nagoya,SEA,PILOT_TO_PILOT,4,2855,132,5,6,Tosa,Kashino ,32.23346064288227,133.09458451101452,66.3980969893422,12.0,570.9886143700063,251.12159725853792
2856,Shanghai NorthCh - Nagoya,SEA,PILOT_TO_PILOT,4,2856,133,5,6,Tosa,Kashino ,32.234780546137344,133.098199457618,66.3980969893422,12.0,571.1885793572305,250.92163227131368
2857,Shanghai NorthCh - Nagoya,SEA,PILOT_TO_PILOT,4,2857,134,5,6,Tosa,Kashino ,32.23610034648614,133.10181450924392,66.3980969893422,12.0,571.3885443444547,250.72166728408956
2858,Shanghai NorthCh - Nagoya,SEA,PILOT_TO_PILOT,4,2858,135,5,6,Tosa,Kashino ,32.2374200439204,133.10542966589247,66.3980969893422,12.0,571.5885093316788,250.52170229686544
2859,Shanghai NorthCh - Nagoya,SEA,PILOT_TO_PILOT,4,2859,136,5,6,Tosa,Kashino ,32.238739638431895,133.10904492756393,66.3980969893422,12.0,571.788474318903,250.3217373096412
2860,Shanghai NorthCh - Nagoya,SEA,PILOT_TO_PILOT,4,2860,137,5,6,Tosa,Kashino ,32.240059130012376,133.1126602942585,66.3980969893422,12.0,571.9884393061271,250.1217723224171
2861,Shanghai NorthCh - Nagoya,SEA,PILOT_TO_PILOT,4,2861,138,5,6,Tosa,Kashino ,32.2413785186536,133.11627576597633,66.3980969893422,12.0,572.1884042933514,249.92180733519285
2862,Shanghai NorthCh - Nagoya,SEA,PILOT_TO_PILOT,4,2862,139,5,6,Tosa,Kashino ,32.24269780434732,133.11989134271772,66.3980969893422,12.0,572.3883692805755,249.72184234796873
2863,Shanghai NorthCh - Nagoya,SEA,PILOT_TO_PILOT,4,2863,140,5,6,Tosa,Kashino ,32.2440169870853,133.1235070244829,66.3980969893422,12.0,572.5883342677996,249.5218773607446
2864,Shanghai NorthCh - Nagoya,SEA,PILOT_TO_PILOT,4,2864,141,5,6,Tosa,Kashino ,32.245336066859295,133.12712281127202,66.3980969893422,12.0,572.7882992550238,249.32191237352038
2865,Shanghai NorthCh - Nagoya,SEA,PILOT_TO_PILOT,4,2865,142,5,6,Tosa,Kashino ,32.24665504366106,133.1307387030853,66.3980969893422,12.0,572.988264242248,249.12194738629626
2866,Shanghai NorthCh - Nagoya,SEA,PILOT_TO_PILOT,4,2866,143,5,6,Tosa,Kashino ,32.247973917482334,133.134354699923,66.3980969893422,12.0,573.1882292294722,248.92198239907202
2867,Shanghai NorthCh - Nagoya,SEA,PILOT_TO_PILOT,4,2867,144,5,6,Tosa,Kashino ,32.24929268831489,133.13797080178526,66.3980969893422,12.0,573.3881942166963,248.7220174118479
2868,Shanghai NorthCh - Nagoya,SEA,PILOT_TO_PILOT,4,2868,145,5,6,Tosa,Kashino ,32.25061135615048,133.1415870086723,66.3980969893422,12.0,573.5881592039206,248.52205242462367
2869,Shanghai NorthCh - Nagoya,SEA,PILOT_TO_PILOT,4,2869,146,5,6,Tosa,Kashino ,32.251929920980864,133.14520332058436,66.3980969893422,12.0,573.7881241911447,248.32208743739955
2870,Shanghai NorthCh - Nagoya,SEA,PILOT_TO_PILOT,4,2870,147,5,6,Tosa,Kashino ,32.25324838279779,133.14881973752162,66.3980969893422,12.0,573.9880891783688,248.12212245017543
2871,Shanghai NorthCh - Nagoya,SEA,PILOT_TO_PILOT,4,2871,148,5,6,Tosa,Kashino ,32.25456674159302,133.15243625948426,66.3980969893422,12.0,574.188054165593,247.9221574629512
2872,Shanghai NorthCh - Nagoya,SEA,PILOT_TO_PILOT,4,2872,149,5,6,Tosa,Kashino ,32.25588499735831,133.1560528864725,66.3980969893422,12.0,574.3880191528172,247.72219247572707
2873,Shanghai NorthCh - Nagoya,SEA,PILOT_TO_PILOT,4,2873,150,5,6,Tosa,Kashino ,32.25720315008541,133.15966961848653,66.3980969893422,12.0,574.5879841400414,247.52222748850284
2874,Shanghai NorthCh - Nagoya,SEA,PILOT_TO_PILOT,4,2874,151,5,6,Tosa,Kashino ,32.258521199766065,133.16328645552656,66.3980969893422,12.0,574.7879491272655,247.32226250127871
2875,Shanghai NorthCh - Nagoya,SEA,PILOT_TO_PILOT,4,2875,152,5,6,Tosa,Kashino ,32.25983914639205,133.16690339759273,66.3980969893422,12.0,574.9879141144897,247.12229751405448
2876,Shanghai NorthCh - Nagoya,SEA,PILOT_TO_PILOT,4,2876,153,5,6,Tosa,Kashino ,32.261156989955126,133.17052044468525,66.3980969893422,12.0,575.1878791017139,246.92233252683036
2877,Shanghai NorthCh - Nagoya,SEA,PILOT_TO_PILOT,4,2877,154,5,6,Tosa,Kashino ,32.262474730447025,133.17413759680437,66.3980969893422,12.0,575.387844088938,246.72236753960624
2878,Shanghai NorthCh - Nagoya,SEA,PILOT_TO_PILOT,4,2878,155,5,6,Tosa,Kashino ,32.26379236785952,133.1777548539502,66.3980969893422,12.0,575.5878090761622,246.522402552382
2879,Shanghai NorthCh - Nagoya,SEA,PILOT_TO_PILOT,4,2879,156,5,6,Tosa,Kashino ,32.26510990218435,133.18137221612295,66.3980969893422,12.0,575.7877740633863,246.32243756515788
2880,Shanghai NorthCh - Nagoya,SEA,PILOT_TO_PILOT,4,2880,157,5,6,Tosa,Kashino ,32.26642733341328,133.1849896833228,66.3980969893422,12.0,575.9877390506106,246.12247257793365
2881,Shanghai NorthCh - Nagoya,SEA,PILOT_TO_PILOT,4,2881,158,5,6,Tosa,Kashino ,32.26774466153807,133.18860725554993,66.3980969893422,12.0,576.1877040378347,245.92250759070953
2882,Shanghai NorthCh - Nagoya,SEA,PILOT_TO_PILOT,4,2882,159,5,6,Tosa,Kashino ,32.26906188655047,133.19222493280452,66.3980969893422,12.0,576.3876690250588,245.7225426034854
2883,Shanghai NorthCh - Nagoya,SEA,PILOT_TO_PILOT,4,2883,160,5,6,Tosa,Kashino ,32.27037900844222,133.19584271508677,66.3980969893422,12.0,576.587634012283,245.52257761626117
2884,Shanghai NorthCh - Nagoya,SEA,PILOT_TO_PILOT,4,2884,161,5,6,Tosa,Kashino ,32.27169602720511,133.19946060239678,66.3980969893422,12.0,576.7875989995072,245.32261262903705
2885,Shanghai NorthCh - Nagoya,SEA,PILOT_TO_PILOT,4,2885,162,5,6,Tosa,Kashino ,32.27301294283085,133.20307859473482,66.3980969893422,12.0,576.9875639867314,245.12264764181282
2886,Shanghai NorthCh - Nagoya,SEA,PILOT_TO_PILOT,4,2886,163,5,6,Tosa,Kashino ,32.274329755311236,133.20669669210096,66.3980969893422,12.0,577.1875289739555,244.9226826545887
2887,Shanghai NorthCh - Nagoya,SEA,PILOT_TO_PILOT,4,2887,164,5,6,Tosa,Kashino ,32.275646464637994,133.21031489449547,66.3980969893422,12.0,577.3874939611798,244.72271766736446
2888,Shanghai NorthCh - Nagoya,SEA,PILOT_TO_PILOT,4,2888,165,5,6,Tosa,Kashino ,32.27696307080291,133.21393320191842,66.3980969893422,12.0,577.5874589484039,244.52275268014034
2889,Shanghai NorthCh - Nagoya,SEA,PILOT_TO_PILOT,4,2889,166,5,6,Tosa,Kashino ,32.278279573797704,133.21755161437002,66.3980969893422,12.0,577.787423935628,244.32278769291622
2890,Shanghai NorthCh - Nagoya,SEA,PILOT_TO_PILOT,4,2890,167,5,6,Tosa,Kashino ,32.279595973614136,133.22117013185047,66.3980969893422,12.0,577.9873889228522,244.122822705692
2891,Shanghai NorthCh - Nagoya,SEA,PILOT_TO_PILOT,4,2891,168,5,6,Tosa,Kashino ,32.28091227024399,133.22478875435988,66.3980969893422,12.0,578.1873539100764,243.92285771846787
2892,Shanghai NorthCh - Nagoya,SEA,PILOT_TO_PILOT,4,2892,169,5,6,Tosa,Kashino ,32.28222846367899,133.22840748189842,66.3980969893422,12.0,578.3873188973006,243.72289273124363
2893,Shanghai NorthCh - Nagoya,SEA,PILOT_TO_PILOT,4,2893,170,5,6,Tosa,Kashino ,32.28354455391089,133.23202631446622,66.3980969893422,12.0,578.5872838845247,243.5229277440195
2894,Shanghai NorthCh - Nagoya,SEA,PILOT_TO_PILOT,4,2894,171,5,6,Tosa,Kashino ,32.284860540931476,133.2356452520635,66.3980969893422,12.0,578.787248871749,243.32296275679528
2895,Shanghai NorthCh - Nagoya,SEA,PILOT_TO_PILOT,4,2895,172,5,6,Tosa,Kashino ,32.28617642473247,133.23926429469037,66.3980969893422,12.0,578.9872138589731,243.12299776957116
2896,Shanghai NorthCh - Nagoya,SEA,PILOT_TO_PILOT,4,2896,173,5,6,Tosa,Kashino ,32.28749220530564,133.24288344234697,66.3980969893422,12.0,579.1871788461972,242.92303278234704
2897,Shanghai NorthCh - Nagoya,SEA,PILOT_TO_PILOT,4,2897,174,5,6,Tosa,Kashino ,32.28880788264274,133.24650269503348,66.3980969893422,12.0,579.3871438334214,242.7230677951228
2898,Shanghai NorthCh - Nagoya,SEA,PILOT_TO_PILOT,4,2898,175,5,6,Tosa,Kashino ,32.29012345673553,133.25012205275004,66.3980969893422,12.0,579.5871088206455,242.52310280789868
2899,Shanghai NorthCh - Nagoya,SEA,PILOT_TO_PILOT,4,2899,176,5,6,Tosa,Kashino ,32.29143892757573,133.25374151549676,66.3980969893422,12.0,579.7870738078698,242.32313782067445
2900,Shanghai NorthCh - Nagoya,SEA,PILOT_TO_PILOT,4,2900,177,5,6,Tosa,Kashino ,32.29275429515514,133.25736108327385,66.3980969893422,12.0,579.9870387950939,242.12317283345033
2901,Shanghai NorthCh - Nagoya,SEA,PILOT_TO_PILOT,4,2901,178,5,6,Tosa,Kashino ,32.2940695594655,133.26098075608138,66.3980969893422,12.0,580.187003782318,241.9232078462262
2902,Shanghai NorthCh - Nagoya,SEA,PILOT_TO_PILOT,4,2902,179,5,6,Tosa,Kashino ,32.29538472049855,133.26460053391955,66.3980969893422,12.0,580.3869687695422,241.72324285900197
2903,Shanghai NorthCh - Nagoya,SEA,PILOT_TO_PILOT,4,2903,180,5,6,Tosa,Kashino ,32.29669977824605,133.26822041678844,66.3980969893422,12.0,580.5869337567664,241.52327787177785
2904,Shanghai NorthCh - Nagoya,SEA,PILOT_TO_PILOT,4,2904,181,5,6,Tosa,Kashino ,32.29801473269976,133.27184040468825,66.3980969893422,12.0,580.7868987439906,241.32331288455362
2905,Shanghai NorthCh - Nagoya,SEA,PILOT_TO_PILOT,4,2905,182,5,6,Tosa,Kashino ,32.29932958385143,133.27546049761904,66.3980969893422,12.0,580.9868637312147,241.1233478973295
2906,Shanghai NorthCh - Nagoya,SEA,PILOT_TO_PILOT,4,2906,183,5,6,Tosa,Kashino ,32.300644331692816,133.279080695581,66.3980969893422,12.0,581.1868287184388,240.92338291010537
2907,Shanghai NorthCh - Nagoya,SEA,PILOT_TO_PILOT,4,2907,184,5,6,Tosa,Kashino ,32.30195897621567,133.28270099857426,66.3980969893422,12.0,581.3867937056631,240.72341792288114
2908,Shanghai NorthCh - Nagoya,SEA,PILOT_TO_PILOT,4,2908,185,5,6,Tosa,Kashino ,32.30327351741174,133.2863214065989,66.3980969893422,12.0,581.5867586928872,240.52345293565702
2909,Shanghai NorthCh - Nagoya,SEA,PILOT_TO_PILOT,4,2909,186,5,6,Tosa,Kashino ,32.304587955272794,133.28994191965506,66.3980969893422,12.0,581.7867236801114,240.32348794843278
2910,Shanghai NorthCh - Nagoya,SEA,PILOT_TO_PILOT,4,2910,187,5,6,Tosa,Kashino ,32.30590228979057,133.2935625377429,66.3980969893422,12.0,581.9866886673356,240.12352296120866
2911,Shanghai NorthCh - Nagoya,SEA,PILOT_TO_PILOT,4,2911,188,5,6,Tosa,Kashino ,32.307216520956835,133.29718326086254,66.3980969893422,12.0,582.1866536545598,239.92355797398443
2912,Shanghai NorthCh - Nagoya,SEA,PILOT_TO_PILOT,4,2912,189,5,6,Tosa,Kashino ,32.30853064876333,133.3008040890141,66.3980969893422,12.0,582.3866186417839,239.7235929867603
2913,Shanghai NorthCh - Nagoya,SEA,PILOT_TO_PILOT,4,2913,190,5,6,Tosa,Kashino ,32.309844673201816,133.30442502219762,66.3980969893422,12.0,582.586583629008,239.5236279995362
2914,Shanghai NorthCh - Nagoya,SEA,PILOT_TO_PILOT,4,2914,191,5,6,Tosa,Kashino ,32.31115859426405,133.3080460604133,66.3980969893422,12.0,582.7865486162323,239.32366301231195
2915,Shanghai NorthCh - Nagoya,SEA,PILOT_TO_PILOT,4,2915,192,5,6,Tosa,Kashino ,32.312472411941776,133.31166720366122,66.3980969893422,12.0,582.9865136034564,239.12369802508783
2916,Shanghai NorthCh - Nagoya,SEA,PILOT_TO_PILOT,4,2916,193,5,6,Tosa,Kashino ,32.313786126226745,133.3152884519415,66.3980969893422,12.0,583.1864785906806,238.9237330378636
2917,Shanghai NorthCh - Nagoya,SEA,PILOT_TO_PILOT,4,2917,194,5,6,Tosa,Kashino ,32.31509973711073,133.31890980525426,66.3980969893422,12.0,583.3864435779047,238.72376805063948
2918,Shanghai NorthCh - Nagoya,SEA,PILOT_TO_PILOT,4,2918,195,5,6,Tosa,Kashino ,32.31641324458546,133.32253126359961,66.3980969893422,12.0,583.586408565129,238.52380306341524
2919,Shanghai NorthCh - Nagoya,SEA,PILOT_TO_PILOT,4,2919,196,5,6,Tosa,Kashino ,32.317726648642704,133.32615282697765,66.3980969893422,12.0,583.7863735523531,238.32383807619112
2920,Shanghai NorthCh - Nagoya,SEA,PILOT_TO_PILOT,4,2920,197,5,6,Tosa,Kashino ,32.319039949274206,133.32977449538848,66.3980969893422,12.0,583.9863385395772,238.123873088967
2921,Shanghai NorthCh - Nagoya,SEA,PILOT_TO_PILOT,4,2921,198,5,6,Tosa,Kashino ,32.32035314647173,133.33339626883222,66.3980969893422,12.0,584.1863035268015,237.92390810174277
2922,Shanghai NorthCh - Nagoya,SEA,PILOT_TO_PILOT,4,2922,199,5,6,Tosa,Kashino ,32.32166624022702,133.3370181473089,66.3980969893422,12.0,584.3862685140256,237.72394311451865
2923,Shanghai NorthCh - Nagoya,SEA,PILOT_TO_PILOT,4,2923,200,5,6,Tosa,Kashino ,32.322979230531836,133.3406401308187,66.3980969893422,12.0,584.5862335012498,237.5239781272944
2924,Shanghai NorthCh - Nagoya,SEA,PILOT_TO_PILOT,4,2924,201,5,6,Tosa,Kashino ,32.324292117377915,133.34426221936172,66.3980969893422,12.0,584.7861984884739,237.3240131400703
2925,Shanghai NorthCh - Nagoya,SEA,PILOT_TO_PILOT,4,2925,202,5,6,Tosa,Kashino ,32.325604900757035,133.34788441293804,66.3980969893422,12.0,584.986163475698,237.12404815284617
2926,Shanghai NorthCh - Nagoya,SEA,PILOT_TO_PILOT,4,2926,203,5,6,Tosa,Kashino ,32.326917580660925,133.3515067115477,66.3980969893422,12.0,585.1861284629223,236.92408316562194
2927,Shanghai NorthCh - Nagoya,SEA,PILOT_TO_PILOT,4,2927,204,5,6,Tosa,Kashino ,32.328230157081364,133.35512911519083,66.3980969893422,12.0,585.3860934501464,236.72411817839782
2928,Shanghai NorthCh - Nagoya,SEA,PILOT_TO_PILOT,4,2928,205,5,6,Tosa,Kashino ,32.32954263001007,133.35875162386753,66.3980969893422,12.0,585.5860584373706,236.52415319117358
2929,Shanghai NorthCh - Nagoya,SEA,PILOT_TO_PILOT,4,2929,206,5,6,Tosa,Kashino ,32.33085499943883,133.36237423757788,66.3980969893422,12.0,585.7860234245948,236.32418820394946
2930,Shanghai NorthCh - Nagoya,SEA,PILOT_TO_PILOT,4,2930,207,5,6,Tosa,Kashino ,32.33216726535937,133.36599695632196,66.3980969893422,12.0,585.9859884118189,236.12422321672534
2931,Shanghai NorthCh - Nagoya,SEA,PILOT_TO_PILOT,4,2931,208,5,6,Tosa,Kashino ,32.33347942776346,133.3696197800999,66.3980969893422,12.0,586.1859533990431,235.9242582295011
2932,Shanghai NorthCh - Nagoya,SEA,PILOT_TO_PILOT,4,2932,209,5,6,Tosa,Kashino ,32.33479148664284,133.37324270891168,66.3980969893422,12.0,586.3859183862672,235.72429324227699
2933,Shanghai NorthCh - Nagoya,SEA,PILOT_TO_PILOT,4,2933,210,5,6,Tosa,Kashino ,32.33610344198927,133.37686574275745,66.3980969893422,12.0,586.5858833734915,235.52432825505275
2934,Shanghai NorthCh - Nagoya,SEA,PILOT_TO_PILOT,4,2934,211,5,6,Tosa,Kashino ,32.337415293794514,133.3804888816373,66.3980969893422,12.0,586.7858483607156,235.32436326782863
2935,Shanghai NorthCh - Nagoya,SEA,PILOT_TO_PILOT,4,2935,212,5,6,Tosa,Kashino ,32.338727042050316,133.38411212555124,66.3980969893422,12.0,586.9858133479398,235.1243982806044
2936,Shanghai NorthCh - Nagoya,SEA,PILOT_TO_PILOT,4,2936,213,5,6,Tosa,Kashino ,32.3400386867484,133.3877354744994,66.3980969893422,12.0,587.185778335164,234.92443329338028
2937,Shanghai NorthCh - Nagoya,SEA,PILOT_TO_PILOT,4,2937,214,5,6,Tosa,Kashino ,32.34135022788056,133.39135892848188,66.3980969893422,12.0,587.3857433223881,234.72446830615615
2938,Shanghai NorthCh - Nagoya,SEA,PILOT_TO_PILOT,4,2938,215,5,6,Tosa,Kashino ,32.34266166543853,133.39498248749865,66.3980969893422,12.0,587.5857083096123,234.52450331893192
2939,Shanghai NorthCh - Nagoya,SEA,PILOT_TO_PILOT,4,2939,216,5,6,Tosa,Kashino ,32.34397299941406,133.39860615154984,66.3980969893422,12.0,587.7856732968364,234.3245383317078
2940,Shanghai NorthCh - Nagoya,SEA,PILOT_TO_PILOT,4,2940,217,5,6,Tosa,Kashino ,32.34528422979891,133.40222992063556,66.3980969893422,12.0,587.9856382840607,234.12457334448357
2941,Shanghai NorthCh - Nagoya,SEA,PILOT_TO_PILOT,4,2941,218,5,6,Tosa,Kashino ,32.34659535658483,133.40585379475576,66.3980969893422,12.0,588.1856032712848,233.92460835725944
2942,Shanghai NorthCh - Nagoya,SEA,PILOT_TO_PILOT,4,2942,219,5,6,Tosa,Kashino ,32.347906379763565,133.40947777391062,66.3980969893422,12.0,588.385568258509,233.7246433700352
2943,Shanghai NorthCh - Nagoya,SEA,PILOT_TO_PILOT,4,2943,220,5,6,Tosa,Kashino ,32.34921729932687,133.41310185810013,66.3980969893422,12.0,588.5855332457331,233.5246783828111
2944,Shanghai NorthCh - Nagoya,SEA,PILOT_TO_PILOT,4,2944,221,5,6,Tosa,Kashino ,32.3505281152665,133.41672604732437,66.3980969893422,12.0,588.7854982329573,233.32471339558697
2945,Shanghai NorthCh - Nagoya,SEA,PILOT_TO_PILOT,4,2945,222,5,6,Tosa,Kashino ,32.35183882757421,133.42035034158337,66.3980969893422,12.0,588.9854632201815,233.12474840836273
2946,Shanghai NorthCh - Nagoya,SEA,PILOT_TO_PILOT,4,2946,223,5,6,Tosa,Kashino ,32.35314943624174,133.4239747408772,66.3980969893422,12.0,589.1854282074056,232.9247834211386
2947,Shanghai NorthCh - Nagoya,SEA,PILOT_TO_PILOT,4,2947,224,5,6,Tosa,Kashino ,32.35445994126086,133.42759924520595,66.3980969893422,12.0,589.3853931946298,232.72481843391438
2948,Shanghai NorthCh - Nagoya,SEA,PILOT_TO_PILOT,4,2948,225,5,6,Tosa,Kashino ,32.35577034262332,133.43122385456965,66.3980969893422,12.0,589.585358181854,232.52485344669026
2949,Shanghai NorthCh - Nagoya,SEA,PILOT_TO_PILOT,4,2949,226,5,6,Tosa,Kashino ,32.35708064032085,133.43484856896828,66.3980969893422,12.0,589.7853231690781,232.32488845946614
2950,Shanghai NorthCh - Nagoya,SEA,PILOT_TO_PILOT,4,2950,227,5,6,Tosa,Kashino ,32.35839083434523,133.438473388402,66.3980969893422,12.0,589.9852881563023,232.1249234722419
2951,Shanghai NorthCh - Nagoya,SEA,PILOT_TO_PILOT,4,2951,228,5,6,Tosa,Kashino ,32.35970092468818,133.44209831287077,66.3980969893422,12.0,590.1852531435264,231.92495848501778
2952,Shanghai NorthCh - Nagoya,SEA,PILOT_TO_PILOT,4,2952,229,5,6,Tosa,Kashino ,32.36101091134149,133.4457233423747,66.3980969893422,12.0,590.3852181307507,231.72499349779355
2953,Shanghai NorthCh - Nagoya,SEA,PILOT_TO_PILOT,4,2953,230,5,6,Tosa,Kashino ,32.36232079429687,133.44934847691374,66.3980969893422,12.0,590.5851831179748,231.52502851056943
2954,Shanghai NorthCh - Nagoya,SEA,PILOT_TO_PILOT,4,2954,231,5,6,Tosa,Kashino ,32.363630573546104,133.452973716488,66.3980969893422,12.0,590.785148105199,231.3250635233452
2955,Shanghai NorthCh - Nagoya,SEA,PILOT_TO_PILOT,4,2955,232,5,6,Tosa,Kashino ,32.36494024908093,133.4565990610975,66.3980969893422,12.0,590.9851130924231,231.12509853612107
2956,Shanghai NorthCh - Nagoya,SEA,PILOT_TO_PILOT,4,2956,233,5,6,Tosa,Kashino ,32.36624982089311,133.46022451074228,66.3980969893422,12.0,591.1850780796473,230.92513354889695
2957,Shanghai NorthCh - Nagoya,SEA,PILOT_TO_PILOT,4,2957,234,5,6,Tosa,Kashino ,32.36755928897438,133.46385006542235,66.3980969893422,12.0,591.3850430668715,230.72516856167272
2958,Shanghai NorthCh - Nagoya,SEA,PILOT_TO_PILOT,4,2958,235,5,6,Tosa,Kashino ,32.3688686533165,133.46747572513777,66.3980969893422,12.0,591.5850080540956,230.5252035744486
2959,Shanghai NorthCh - Nagoya,SEA,PILOT_TO_PILOT,4,2959,236,5,6,Tosa,Kashino ,32.37017791391121,133.47110148988858,66.3980969893422,12.0,591.7849730413199,230.32523858722436
2960,Shanghai NorthCh - Nagoya,SEA,PILOT_TO_PILOT,4,2960,237,5,6,Tosa,Kashino ,32.371487070750284,133.47472735967474,66.3980969893422,12.0,591.984938028544,230.12527360000024
2961,Shanghai NorthCh - Nagoya,SEA,PILOT_TO_PILOT,4,2961,238,5,6,Tosa,Kashino ,32.37279612382547,133.47835333449635,66.3980969893422,12.0,592.1849030157682,229.925308612776
2962,Shanghai NorthCh - Nagoya,SEA,PILOT_TO_PILOT,4,2962,239,5,6,Tosa,Kashino ,32.3741050731285,133.4819794143534,66.3980969893422,12.0,592.3848680029923,229.7253436255519
2963,Shanghai NorthCh - Nagoya,SEA,PILOT_TO_PILOT,4,2963,240,5,6,Tosa,Kashino ,32.37541391865113,133.48560559924587,66.3980969893422,12.0,592.5848329902165,229.52537863832777
2964,Shanghai NorthCh - Nagoya,SEA,PILOT_TO_PILOT,4,2964,241,5,6,Tosa,Kashino ,32.37672266038513,133.48923188917388,66.3980969893422,12.0,592.7847979774407,229.32541365110353
2965,Shanghai NorthCh - Nagoya,SEA,PILOT_TO_PILOT,4,2965,242,5,6,Tosa,Kashino ,32.37803129832222,133.49285828413736,66.3980969893422,12.0,592.9847629646648,229.1254486638794
2966,Shanghai NorthCh - Nagoya,SEA,PILOT_TO_PILOT,4,2966,243,5,6,Tosa,Kashino ,32.379339832454185,133.49648478413638,66.3980969893422,12.0,593.184727951889,228.92548367665518
2967,Shanghai NorthCh - Nagoya,SEA,PILOT_TO_PILOT,4,2967,244,5,6,Tosa,Kashino ,32.38064826277276,133.50011138917088,66.3980969893422,12.0,593.3846929391132,228.72551868943106
2968,Shanghai NorthCh - Nagoya,SEA,PILOT_TO_PILOT,4,2968,245,5,6,Tosa,Kashino ,32.38195658926969,133.503738099241,66.3980969893422,12.0,593.5846579263373,228.52555370220693
2969,Shanghai NorthCh - Nagoya,SEA,PILOT_TO_PILOT,4,2969,246,5,6,Tosa,Kashino ,32.38326481193675,133.5073649143466,66.3980969893422,12.0,593.7846229135615,228.3255887149827
2970,Shanghai NorthCh - Nagoya,SEA,PILOT_TO_PILOT,4,2970,247,5,6,Tosa,Kashino ,32.38457293076565,133.51099183448778,66.3980969893422,12.0,593.9845879007856,228.12562372775858
2971,Shanghai NorthCh - Nagoya,SEA,PILOT_TO_PILOT,4,2971,248,5,6,Tosa,Kashino ,32.38588094574817,133.51461885966455,66.3980969893422,12.0,594.1845528880099,227.92565874053435
2972,Shanghai NorthCh - Nagoya,SEA,PILOT_TO_PILOT,4,2972,249,5,6,Tosa,Kashino ,32.387188856876065,133.51824598987685,66.3980969893422,12.0,594.384517875234,227.72569375331022
2973,Shanghai NorthCh - Nagoya,SEA,PILOT_TO_PILOT,4,2973,250,5,6,Tosa,Kashino ,32.38849666414107,133.52187322512475,66.3980969893422,12.0,594.5844828624581,227.5257287660861
2974,Shanghai NorthCh - Nagoya,SEA,PILOT_TO_PILOT,4,2974,251,5,6,Tosa,Kashino ,32.38980436753495,133.5255005654082,66.3980969893422,12.0,594.7844478496824,227.32576377886187
2975,Shanghai NorthCh - Nagoya,SEA,PILOT_TO_PILOT,4,2975,252,5,6,Tosa,Kashino ,32.39111196704944,133.52912801072722,66.3980969893422,12.0,594.9844128369065,227.12579879163775
2976,Shanghai NorthCh - Nagoya,SEA,PILOT_TO_PILOT,4,2976,253,5,6,Tosa,Kashino ,32.392419462676294,133.5327555610818,66.3980969893422,12.0,595.1843778241307,226.92583380441351
2977,Shanghai NorthCh - Nagoya,SEA,PILOT_TO_PILOT,4,2977,254,5,6,Tosa,Kashino ,32.39372685440728,133.53638321647196,66.3980969893422,12.0,595.3843428113548,226.7258688171894
2978,Shanghai NorthCh - Nagoya,SEA,PILOT_TO_PILOT,4,2978,255,5,6,Tosa,Kashino ,32.39503414223413,133.5400109768977,66.3980969893422,12.0,595.5843077985791,226.52590382996516
2979,Shanghai NorthCh - Nagoya,SEA,PILOT_TO_PILOT,4,2979,256,5,6,Tosa,Kashino ,32.3963413261486,133.54363884235892,66.3980969893422,12.0,595.7842727858032,226.32593884274104
2980,Shanghai NorthCh - Nagoya,SEA,PILOT_TO_PILOT,4,2980,257,5,6,Tosa,Kashino ,32.39764840614245,133.5472668128557,66.3980969893422,12.0,595.9842377730273,226.12597385551692
2981,Shanghai NorthCh - Nagoya,SEA,PILOT_TO_PILOT,4,2981,258,5,6,Tosa,Kashino ,32.39895538220741,133.550894888388,66.3980969893422,12.0,596.1842027602515,225.92600886829268
2982,Shanghai NorthCh - Nagoya,SEA,PILOT_TO_PILOT,4,2982,259,5,6,Tosa,Kashino ,32.40026225433525,133.55452306895575,66.3980969893422,12.0,596.3841677474757,225.72604388106856
2983,Shanghai NorthCh - Nagoya,SEA,PILOT_TO_PILOT,4,2983,260,5,6,Tosa,Kashino ,32.40156902251771,133.55815135455902,66.3980969893422,12.0,596.5841327346999,225.52607889384433
2984,Shanghai NorthCh - Nagoya,SEA,PILOT_TO_PILOT,4,2984,261,5,6,Tosa,Kashino ,32.40287568674655,133.56177974519778,66.3980969893422,12.0,596.784097721924,225.3261139066202
2985,Shanghai NorthCh - Nagoya,SEA,PILOT_TO_PILOT,4,2985,262,5,6,Tosa,Kashino ,32.404182247013516,133.56540824087196,66.3980969893422,12.0,596.9840627091482,225.12614891939597
2986,Shanghai NorthCh - Nagoya,SEA,PILOT_TO_PILOT,4,2986,263,5,6,Tosa,Kashino ,32.40548870331034,133.56903684158152,66.3980969893422,12.0,597.1840276963724,224.92618393217185
2987,Shanghai NorthCh - Nagoya,SEA,PILOT_TO_PILOT,4,2987,264,5,6,Tosa,Kashino ,32.406795055628805,133.57266554732652,66.3980969893422,12.0,597.3839926835965,224.72621894494773
2988,Shanghai NorthCh - Nagoya,SEA,PILOT_TO_PILOT,4,2988,265,5,6,Tosa,Kashino ,32.40810130396064,133.57629435810685,66.3980969893422,12.0,597.5839576708207,224.5262539577235
2989,Shanghai NorthCh - Nagoya,SEA,PILOT_TO_PILOT,4,2989,266,5,6,Tosa,Kashino ,32.40940744829759,133.57992327392256,66.3980969893422,12.0,597.7839226580448,224.32628897049938
2990,Shanghai NorthCh - Nagoya,SEA,PILOT_TO_PILOT,4,2990,267,5,6,Tosa,Kashino ,32.41071348863144,133.58355229477354,66.3980969893422,12.0,597.9838876452691,224.12632398327514
2991,Shanghai NorthCh - Nagoya,SEA,PILOT_TO_PILOT,4,2991,268,5,6,Tosa,Kashino ,32.41201942495389,133.58718142065982,66.3980969893422,12.0,598.1838526324932,223.92635899605102
2992,Shanghai NorthCh - Nagoya,SEA,PILOT_TO_PILOT,4,2992,269,5,6,Tosa,Kashino ,32.41332525725673,133.5908106515813,66.3980969893422,12.0,598.3838176197173,223.7263940088269
2993,Shanghai NorthCh - Nagoya,SEA,PILOT_TO_PILOT,4,2993,270,5,6,Tosa,Kashino ,32.41463098553169,133.594439987538,66.3980969893422,12.0,598.5837826069416,223.52642902160267
2994,Shanghai NorthCh - Nagoya,SEA,PILOT_TO_PILOT,4,2994,271,5,6,Tosa,Kashino ,32.415936609770526,133.59806942852987,66.3980969893422,12.0,598.7837475941657,223.32646403437855
2995,Shanghai NorthCh - Nagoya,SEA,PILOT_TO_PILOT,4,2995,272,5,6,Tosa,Kashino ,32.417242129965,133.60169897455685,66.3980969893422,12.0,598.9837125813899,223.1264990471543
2996,Shanghai NorthCh - Nagoya,SEA,PILOT_TO_PILOT,4,2996,273,5,6,Tosa,Kashino ,32.418547546106836,133.60532862561888,66.3980969893422,12.0,599.183677568614,222.9265340599302
2997,Shanghai NorthCh - Nagoya,SEA,PILOT_TO_PILOT,4,2997,274,5,6,Tosa,Kashino ,32.419852858187795,133.60895838171598,66.3980969893422,12.0,599.3836425558382,222.72656907270607
2998,Shanghai NorthCh - Nagoya,SEA,PILOT_TO_PILOT,4,2998,275,5,6,Tosa,Kashino ,32.421158066199645,133.61258824284803,66.3980969893422,12.0,599.5836075430624,222.52660408548184
2999,Shanghai NorthCh - Nagoya,SEA,PILOT_TO_PILOT,4,2999,276,5,6,Tosa,Kashino ,32.422463170134115,133.61621820901502,66.3980969893422,12.0,599.7835725302865,222.32663909825771
3000,Shanghai NorthCh - Nagoya,SEA,PILOT_TO_PILOT,4,3000,277,5,6,Tosa,Kashino ,32.42376816998296,133.61984828021693,66.3980969893422,12.0,599.9835375175107,222.12667411103348
3001,Shanghai NorthCh - Nagoya,SEA,PILOT_TO_PILOT,4,3001,278,5,6,Tosa,Kashino ,32.425073065737934,133.62347845645365,66.3980969893422,12.0,600.1835025047349,221.92670912380936
3002,Shanghai NorthCh - Nagoya,SEA,PILOT_TO_PILOT,4,3002,279,5,6,Tosa,Kashino ,32.42637785739078,133.62710873772517,66.3980969893422,12.0,600.3834674919591,221.72674413658513
3003,Shanghai NorthCh - Nagoya,SEA,PILOT_TO_PILOT,4,3003,280,5,6,Tosa,Kashino ,32.42768254493325,133.63073912403138,66.3980969893422,12.0,600.5834324791832,221.526779149361
3004,Shanghai NorthCh - Nagoya,SEA,PILOT_TO_PILOT,4,3004,281,5,6,Tosa,Kashino ,32.4289871283571,133.63436961537226,66.3980969893422,12.0,600.7833974664073,221.32681416213688
3005,Shanghai NorthCh - Nagoya,SEA,PILOT_TO_PILOT,4,3005,282,5,6,Tosa,Kashino ,32.43029160765407,133.63800021174774,66.3980969893422,12.0,600.9833624536316,221.12684917491265
3006,Shanghai NorthCh - Nagoya,SEA,PILOT_TO_PILOT,4,3006,283,5,6,Tosa,Kashino ,32.43159598281592,133.64163091315774,66.3980969893422,12.0,601.1833274408557,220.92688418768853
3007,Shanghai NorthCh - Nagoya,SEA,PILOT_TO_PILOT,4,3007,284,5,6,Tosa,Kashino ,32.43290025383439,133.64526171960225,66.3980969893422,12.0,601.3832924280799,220.7269192004643
3008,Shanghai NorthCh - Nagoya,SEA,PILOT_TO_PILOT,4,3008,285,5,6,Tosa,Kashino ,32.434204420701235,133.64889263108117,66.3980969893422,12.0,601.583257415304,220.52695421324017
3009,Shanghai NorthCh - Nagoya,SEA,PILOT_TO_PILOT,4,3009,286,5,6,Tosa,Kashino ,32.435508483408206,133.65252364759436,66.3980969893422,12.0,601.7832224025283,220.32698922601594
3010,Shanghai NorthCh - Nagoya,SEA,PILOT_TO_PILOT,4,3010,287,5,6,Tosa,Kashino ,32.43681244194705,133.6561547691419,66.3980969893422,12.0,601.9831873897524,220.12702423879182
3011,Shanghai NorthCh - Nagoya,SEA,PILOT_TO_PILOT,4,3011,288,5,6,Tosa,Kashino ,32.4381162963095,133.6597859957236,66.3980969893422,12.0,602.1831523769765,219.9270592515677
3012,Shanghai NorthCh - Nagoya,SEA,PILOT_TO_PILOT,4,3012,289,5,6,Tosa,Kashino ,32.43942004648734,133.66341732733943,66.3980969893422,12.0,602.3831173642008,219.72709426434346
3013,Shanghai NorthCh - Nagoya,SEA,PILOT_TO_PILOT,4,3013,290,5,6,Tosa,Kashino ,32.440723692472304,133.66704876398933,66.3980969893422,12.0,602.5830823514249,219.52712927711934
3014,Shanghai NorthCh - Nagoya,SEA,PILOT_TO_PILOT,4,3014,291,5,6,Tosa,Kashino ,32.44202723425612,133.67068030567316,66.3980969893422,12.0,602.7830473386491,219.3271642898951
3015,Shanghai NorthCh - Nagoya,SEA,PILOT_TO_PILOT,4,3015,292,5,6,Tosa,Kashino ,32.443330671830566,133.6743119523909,66.3980969893422,12.0,602.9830123258732,219.127199302671
3016,Shanghai NorthCh - Nagoya,SEA,PILOT_TO_PILOT,4,3016,293,5,6,Tosa,Kashino ,32.44463400518738,133.67794370414242,66.3980969893422,12.0,603.1829773130974,218.92723431544687
3017,Shanghai NorthCh - Nagoya,SEA,PILOT_TO_PILOT,4,3017,294,5,6,Tosa,Kashino ,32.445937234318315,133.68157556092768,66.3980969893422,12.0,603.3829423003216,218.72726932822263
3018,Shanghai NorthCh - Nagoya,SEA,PILOT_TO_PILOT,4,3018,295,5,6,Tosa,Kashino ,32.44724035921512,133.6852075227466,66.3980969893422,12.0,603.5829072875457,218.5273043409985
3019,Shanghai NorthCh - Nagoya,SEA,PILOT_TO_PILOT,4,3019,296,5,6,Tosa,Kashino ,32.44854337986954,133.68883958959904,66.3980969893422,12.0,603.7828722747699,218.32733935377428
3020,Shanghai NorthCh - Nagoya,SEA,PILOT_TO_PILOT,4,3020,297,5,6,Tosa,Kashino ,32.44984629627332,133.69247176148494,66.3980969893422,12.0,603.9828372619941,218.12737436655016
3021,Shanghai NorthCh - Nagoya,SEA,PILOT_TO_PILOT,4,3021,298,5,6,Tosa,Kashino ,32.45114910841822,133.6961040384042,66.3980969893422,12.0,604.1828022492183,217.92740937932592
3022,Shanghai NorthCh - Nagoya,SEA,PILOT_TO_PILOT,4,3022,299,5,6,Tosa,Kashino ,32.452451816295984,133.69973642035674,66.3980969893422,12.0,604.3827672364424,217.7274443921018
3023,Shanghai NorthCh - Nagoya,SEA,PILOT_TO_PILOT,4,3023,300,5,6,Tosa,Kashino ,32.45375441989836,133.70336890734248,66.3980969893422,12.0,604.5827322236665,217.52747940487768
3024,Shanghai NorthCh - Nagoya,SEA,PILOT_TO_PILOT,4,3024,301,5,6,Tosa,Kashino ,32.45505691921711,133.70700149936127,66.3980969893422,12.0,604.7826972108908,217.32751441765345
3025,Shanghai NorthCh - Nagoya,SEA,PILOT_TO_PILOT,4,3025,302,5,6,Tosa,Kashino ,32.456359314243954,133.71063419641303,66.3980969893422,12.0,604.9826621981149,217.12754943042933
3026,Shanghai NorthCh - Nagoya,SEA,PILOT_TO_PILOT,4,3026,303,5,6,Tosa,Kashino ,32.45766160497067,133.7142669984977,66.3980969893422,12.0,605.1826271853391,216.9275844432051
3027,Shanghai NorthCh - Nagoya,SEA,PILOT_TO_PILOT,4,3027,304,5,6,Tosa,Kashino ,32.45896379138899,133.7178999056151,66.3980969893422,12.0,605.3825921725632,216.72761945598097
3028,Shanghai NorthCh - Nagoya,SEA,PILOT_TO_PILOT,4,3028,305,5,6,Tosa,Kashino ,32.46026587349068,133.7215329177652,66.3980969893422,12.0,605.5825571597875,216.52765446875674
3029,Shanghai NorthCh - Nagoya,SEA,PILOT_TO_PILOT,4,3029,306,5,6,Tosa,Kashino ,32.46156785126745,133.72516603494782,66.3980969893422,12.0,605.7825221470116,216.32768948153262
3030,Shanghai NorthCh - Nagoya,SEA,PILOT_TO_PILOT,4,3030,307,5,6,Tosa,Kashino ,32.4628697247111,133.72879925716293,66.3980969893422,12.0,605.9824871342357,216.1277244943085
3031,Shanghai NorthCh - Nagoya,SEA,PILOT_TO_PILOT,4,3031,308,5,6,Tosa,Kashino ,32.46417149381335,133.7324325844104,66.3980969893422,12.0,606.18245212146,215.92775950708426
3032,Shanghai NorthCh - Nagoya,SEA,PILOT_TO_PILOT,4,3032,309,5,6,Tosa,Kashino ,32.465473158565956,133.73606601669005,66.3980969893422,12.0,606.3824171086841,215.72779451986014
3033,Shanghai NorthCh - Nagoya,SEA,PILOT_TO_PILOT,4,3033,310,5,6,Tosa,Kashino ,32.466774718960664,133.73969955400182,66.3980969893422,12.0,606.5823820959083,215.5278295326359
3034,Shanghai NorthCh - Nagoya,SEA,PILOT_TO_PILOT,4,3034,311,5,6,Tosa,Kashino ,32.468076174989214,133.74333319634556,66.3980969893422,12.0,606.7823470831324,215.32786454541179
3035,Shanghai NorthCh - Nagoya,SEA,PILOT_TO_PILOT,4,3035,312,5,6,Tosa,Kashino ,32.46937752664338,133.7469669437212,66.3980969893422,12.0,606.9823120703566,215.12789955818766
3036,Shanghai NorthCh - Nagoya,SEA,PILOT_TO_PILOT,4,3036,313,5,6,Tosa,Kashino ,32.470678773914884,133.7506007961286,66.3980969893422,12.0,607.1822770575808,214.92793457096343
3037,Shanghai NorthCh - Nagoya,SEA,PILOT_TO_PILOT,4,3037,314,5,6,Tosa,Kashino ,32.47197991679549,133.7542347535676,66.3980969893422,12.0,607.3822420448049,214.7279695837393
3038,Shanghai NorthCh - Nagoya,SEA,PILOT_TO_PILOT,4,3038,315,5,6,Tosa,Kashino ,32.473280955276934,133.75786881603813,66.3980969893422,12.0,607.5822070320291,214.52800459651507
3039,Shanghai NorthCh - Nagoya,SEA,PILOT_TO_PILOT,4,3039,316,5,6,Tosa,Kashino ,32.474581889350986,133.76150298354,66.3980969893422,12.0,607.7821720192533,214.32803960929095
3040,Shanghai NorthCh - Nagoya,SEA,PILOT_TO_PILOT,4,3040,317,5,6,Tosa,Kashino ,32.47588271900937,133.76513725607316,66.3980969893422,12.0,607.9821370064774,214.12807462206683
3041,Shanghai NorthCh - Nagoya,SEA,PILOT_TO_PILOT,4,3041,318,5,6,Tosa,Kashino ,32.47718344424384,133.7687716336374,66.3980969893422,12.0,608.1821019937016,213.9281096348426
3042,Shanghai NorthCh - Nagoya,SEA,PILOT_TO_PILOT,4,3042,319,5,6,Tosa,Kashino ,32.47848406504617,133.77240611623262,66.3980969893422,12.0,608.3820669809257,213.72814464761848
3043,Shanghai NorthCh - Nagoya,SEA,PILOT_TO_PILOT,4,3043,320,5,6,Tosa,Kashino ,32.479784581408076,133.7760407038587,66.3980969893422,12.0,608.58203196815,213.52817966039424
3044,Shanghai NorthCh - Nagoya,SEA,PILOT_TO_PILOT,4,3044,321,5,6,Tosa,Kashino ,32.48108499332132,133.7796753965155,66.3980969893422,12.0,608.7819969553741,213.32821467317012
3045,Shanghai NorthCh - Nagoya,SEA,PILOT_TO_PILOT,4,3045,322,5,6,Tosa,Kashino ,32.48238530077766,133.78331019420287,66.3980969893422,12.0,608.9819619425983,213.1282496859459
3046,Shanghai NorthCh - Nagoya,SEA,PILOT_TO_PILOT,4,3046,323,5,6,Tosa,Kashino ,32.48368550376882,133.78694509692065,66.3980969893422,12.0,609.1819269298225,212.92828469872177
3047,Shanghai NorthCh - Nagoya,SEA,PILOT_TO_PILOT,4,3047,324,5,6,Tosa,Kashino ,32.48498560228657,133.79058010466872,66.3980969893422,12.0,609.3818919170466,212.72831971149765
3048,Shanghai NorthCh - Nagoya,SEA,PILOT_TO_PILOT,4,3048,325,5,6,Tosa,Kashino ,32.48628559632265,133.79421521744695,66.3980969893422,12.0,609.5818569042708,212.5283547242734
3049,Shanghai NorthCh - Nagoya,SEA,PILOT_TO_PILOT,4,3049,326,5,6,Tosa,Kashino ,32.487585485868806,133.79785043525513,66.3980969893422,12.0,609.7818218914949,212.3283897370493
3050,Shanghai NorthCh - Nagoya,SEA,PILOT_TO_PILOT,4,3050,327,5,6,Tosa,Kashino ,32.488885270916796,133.80148575809318,66.3980969893422,12.0,609.9817868787192,212.12842474982506
3051,Shanghai NorthCh - Nagoya,SEA,PILOT_TO_PILOT,4,3051,328,5,6,Tosa,Kashino ,32.49018495145835,133.80512118596096,66.3980969893422,12.0,610.1817518659433,211.92845976260094
3052,Shanghai NorthCh - Nagoya,SEA,PILOT_TO_PILOT,4,3052,329,5,6,Tosa,Kashino ,32.491484527485234,133.80875671885823,66.3980969893422,12.0,610.3817168531675,211.7284947753767
3053,Shanghai NorthCh - Nagoya,SEA,PILOT_TO_PILOT,4,3053,330,5,6,Tosa,Kashino ,32.4927839989892,133.8123923567849,66.3980969893422,12.0,610.5816818403916,211.52852978815258
3054,Shanghai NorthCh - Nagoya,SEA,PILOT_TO_PILOT,4,3054,331,5,6,Tosa,Kashino ,32.49408336596196,133.81602809974078,66.3980969893422,12.0,610.7816468276158,211.32856480092846
3055,Shanghai NorthCh - Nagoya,SEA,PILOT_TO_PILOT,4,3055,332,5,6,Tosa,Kashino ,32.49538262839531,133.81966394772576,66.3980969893422,12.0,610.98161181484,211.12859981370423
3056,Shanghai NorthCh - Nagoya,SEA,PILOT_TO_PILOT,4,3056,333,5,6,Tosa,Kashino ,32.49668178628097,133.82329990073964,66.3980969893422,12.0,611.1815768020641,210.9286348264801
3057,Shanghai NorthCh - Nagoya,SEA,PILOT_TO_PILOT,4,3057,334,5,6,Tosa,Kashino ,32.4979808396107,133.82693595878226,66.3980969893422,12.0,611.3815417892883,210.72866983925587
3058,Shanghai NorthCh - Nagoya,SEA,PILOT_TO_PILOT,4,3058,335,5,6,Tosa,Kashino ,32.499279788376235,133.8305721218535,66.3980969893422,12.0,611.5815067765125,210.52870485203175
3059,Shanghai NorthCh - Nagoya,SEA,PILOT_TO_PILOT,4,3059,336,5,6,Tosa,Kashino ,32.50057863256933,133.8342083899531,66.3980969893422,12.0,611.7814717637366,210.32873986480763
3060,Shanghai NorthCh - Nagoya,SEA,PILOT_TO_PILOT,4,3060,337,5,6,Tosa,Kashino ,32.50187737218174,133.83784476308097,66.3980969893422,12.0,611.9814367509608,210.1287748775834
3061,Shanghai NorthCh - Nagoya,SEA,PILOT_TO_PILOT,4,3061,338,5,6,Tosa,Kashino ,32.5031760072052,133.84148124123692,66.3980969893422,12.0,612.181401738185,209.92880989035928
3062,Shanghai NorthCh - Nagoya,SEA,PILOT_TO_PILOT,4,3062,339,5,6,Tosa,Kashino ,32.50447453763147,133.84511782442075,66.3980969893422,12.0,612.3813667254092,209.72884490313504
3063,Shanghai NorthCh - Nagoya,SEA,PILOT_TO_PILOT,4,3063,340,5,6,Tosa,Kashino ,32.50577296345229,133.84875451263235,66.3980969893422,12.0,612.5813317126333,209.52887991591092
3064,Shanghai NorthCh - Nagoya,SEA,PILOT_TO_PILOT,4,3064,341,5,6,Tosa,Kashino ,32.507071284659396,133.8523913058715,66.3980969893422,12.0,612.7812966998574,209.3289149286868
3065,Shanghai NorthCh - Nagoya,SEA,PILOT_TO_PILOT,4,3065,342,5,6,Tosa,Kashino ,32.50836950124457,133.856028204138,66.3980969893422,12.0,612.9812616870817,209.12894994146257
3066,Shanghai NorthCh - Nagoya,SEA,PILOT_TO_PILOT,4,3066,343,5,6,Tosa,Kashino ,32.50966761319954,133.85966520743168,66.3980969893422,12.0,613.1812266743058,208.92898495423844
3067,Shanghai NorthCh - Nagoya,SEA,PILOT_TO_PILOT,4,3067,344,5,6,Tosa,Kashino ,32.51096562051604,133.86330231575235,66.3980969893422,12.0,613.38119166153,208.7290199670142
3068,Shanghai NorthCh - Nagoya,SEA,PILOT_TO_PILOT,4,3068,345,5,6,Tosa,Kashino ,32.51226352318584,133.8669395290999,66.3980969893422,12.0,613.5811566487541,208.5290549797901
3069,Shanghai NorthCh - Nagoya,SEA,PILOT_TO_PILOT,4,3069,346,5,6,Tosa,Kashino ,32.51356132120067,133.87057684747407,66.3980969893422,12.0,613.7811216359784,208.32908999256586
3070,Shanghai NorthCh - Nagoya,SEA,PILOT_TO_PILOT,4,3070,347,5,6,Tosa,Kashino ,32.5148590145523,133.8742142708747,66.3980969893422,12.0,613.9810866232025,208.12912500534173
3071,Shanghai NorthCh - Nagoya,SEA,PILOT_TO_PILOT,4,3071,348,5,6,Tosa,Kashino ,32.51615660323245,133.87785179930157,66.3980969893422,12.0,614.1810516104267,207.9291600181175
3072,Shanghai NorthCh - Nagoya,SEA,PILOT_TO_PILOT,4,3072,349,5,6,Tosa,Kashino ,32.5174540872329,133.8814894327545,66.3980969893422,12.0,614.3810165976508,207.72919503089338
3073,Shanghai NorthCh - Nagoya,SEA,PILOT_TO_PILOT,4,3073,350,5,6,Tosa,Kashino ,32.51875146654537,133.88512717123334,66.3980969893422,12.0,614.580981584875,207.52923004366926
3074,Shanghai NorthCh - Nagoya,SEA,PILOT_TO_PILOT,4,3074,351,5,6,Tosa,Kashino ,32.52004874116162,133.88876501473786,66.3980969893422,12.0,614.7809465720992,207.32926505644502
3075,Shanghai NorthCh - Nagoya,SEA,PILOT_TO_PILOT,4,3075,352,5,6,Tosa,Kashino ,32.52134591107339,133.89240296326784,66.3980969893422,12.0,614.9809115593233,207.1293000692209
3076,Shanghai NorthCh - Nagoya,SEA,PILOT_TO_PILOT,4,3076,353,5,6,Tosa,Kashino ,32.52264297627244,133.89604101682306,66.3980969893422,12.0,615.1808765465476,206.92933508199667
3077,Shanghai NorthCh - Nagoya,SEA,PILOT_TO_PILOT,4,3077,354,5,6,Tosa,Kashino ,32.523939936750494,133.8996791754034,66.3980969893422,12.0,615.3808415337717,206.72937009477255
3078,Shanghai NorthCh - Nagoya,SEA,PILOT_TO_PILOT,4,3078,355,5,6,Tosa,Kashino ,32.52523679249933,133.90331743900862,66.3980969893422,12.0,615.5808065209958,206.52940510754843
3079,Shanghai NorthCh - Nagoya,SEA,PILOT_TO_PILOT,4,3079,356,5,6,Tosa,Kashino ,32.52653354351067,133.90695580763847,66.3980969893422,12.0,615.78077150822,206.3294401203242
3080,Shanghai NorthCh - Nagoya,SEA,PILOT_TO_PILOT,4,3080,357,5,6,Tosa,Kashino ,32.52783018977628,133.91059428129282,66.3980969893422,12.0,615.9807364954441,206.12947513310007
3081,Shanghai NorthCh - Nagoya,SEA,PILOT_TO_PILOT,4,3081,358,5,6,Tosa,Kashino ,32.52912673128791,133.91423285997135,66.3980969893422,12.0,616.1807014826684,205.92951014587584
3082,Shanghai NorthCh - Nagoya,SEA,PILOT_TO_PILOT,4,3082,359,5,6,Tosa,Kashino ,32.53042316803728,133.91787154367398,66.3980969893422,12.0,616.3806664698925,205.72954515865172
3083,Shanghai NorthCh - Nagoya,SEA,PILOT_TO_PILOT,4,3083,360,5,6,Tosa,Kashino ,32.531719500016166,133.9215103324004,66.3980969893422,12.0,616.5806314571166,205.5295801714276
3084,Shanghai NorthCh - Nagoya,SEA,PILOT_TO_PILOT,4,3084,361,5,6,Tosa,Kashino ,32.5330157272163,133.92514922615044,66.3980969893422,12.0,616.7805964443409,205.32961518420336
3085,Shanghai NorthCh - Nagoya,SEA,PILOT_TO_PILOT,4,3085,362,5,6,Tosa,Kashino ,32.53431184962945,133.92878822492384,66.3980969893422,12.0,616.980561431565,205.12965019697924
3086,Shanghai NorthCh - Nagoya,SEA,PILOT_TO_PILOT,4,3086,363,5,6,Tosa,Kashino ,32.53560786724732,133.93242732872045,66.3980969893422,12.0,617.1805264187892,204.929685209755
3087,Shanghai NorthCh - Nagoya,SEA,PILOT_TO_PILOT,4,3087,364,5,6,Tosa,Kashino ,32.5369037800617,133.93606653753997,66.3980969893422,12.0,617.3804914060133,204.7297202225309
3088,Shanghai NorthCh - Nagoya,SEA,PILOT_TO_PILOT,4,3088,365,5,6,Tosa,Kashino ,32.538199588064316,133.93970585138223,66.3980969893422,12.0,617.5804563932375,204.52975523530677
3089,Shanghai NorthCh - Nagoya,SEA,PILOT_TO_PILOT,4,3089,366,5,6,Tosa,Kashino ,32.53949529124692,133.94334527024697,66.3980969893422,12.0,617.7804213804617,204.32979024808253
3090,Shanghai NorthCh - Nagoya,SEA,PILOT_TO_PILOT,4,3090,367,5,6,Tosa,Kashino ,32.54079088960126,133.94698479413395,66.3980969893422,12.0,617.9803863676858,204.1298252608584
3091,Shanghai NorthCh - Nagoya,SEA,PILOT_TO_PILOT,4,3091,368,5,6,Tosa,Kashino ,32.54208638311909,133.950624423043,66.3980969893422,12.0,618.18035135491,203.92986027363418
3092,Shanghai NorthCh - Nagoya,SEA,PILOT_TO_PILOT,4,3092,369,5,6,Tosa,Kashino ,32.543381771792156,133.95426415697384,66.3980969893422,12.0,618.3803163421342,203.72989528641006
3093,Shanghai NorthCh - Nagoya,SEA,PILOT_TO_PILOT,4,3093,370,5,6,Tosa,Kashino ,32.54467705561218,133.95790399592627,66.3980969893422,12.0,618.5802813293584,203.52993029918582
3094,Shanghai NorthCh - Nagoya,SEA,PILOT_TO_PILOT,4,3094,371,5,6,Tosa,Kashino ,32.54597223457095,133.96154393990003,66.3980969893422,12.0,618.7802463165825,203.3299653119617
3095,Shanghai NorthCh - Nagoya,SEA,PILOT_TO_PILOT,4,3095,372,5,6,Tosa,Kashino ,32.54726730866018,133.96518398889486,66.3980969893422,12.0,618.9802113038068,203.13000032473747
3096,Shanghai NorthCh - Nagoya,SEA,PILOT_TO_PILOT,4,3096,373,5,6,Tosa,Kashino ,32.548562277871625,133.96882414291056,66.3980969893422,12.0,619.1801762910309,202.93003533751335
3097,Shanghai NorthCh - Nagoya,SEA,PILOT_TO_PILOT,4,3097,374,5,6,Tosa,Kashino ,32.54985714219704,133.97246440194687,66.3980969893422,12.0,619.380141278255,202.73007035028922
3098,Shanghai NorthCh - Nagoya,SEA,PILOT_TO_PILOT,4,3098,375,5,6,Tosa,Kashino ,32.551151901628174,133.97610476600354,66.3980969893422,12.0,619.5801062654792,202.530105363065
3099,Shanghai NorthCh - Nagoya,SEA,PILOT_TO_PILOT,4,3099,376,5,6,Tosa,Kashino ,32.55244655615676,133.97974523508037,66.3980969893422,12.0,619.7800712527034,202.33014037584087
3100,Shanghai NorthCh - Nagoya,SEA,PILOT_TO_PILOT,4,3100,377,5,6,Tosa,Kashino ,32.553741105774556,133.98338580917704,66.3980969893422,12.0,619.9800362399276,202.13017538861664
3101,Shanghai NorthCh - Nagoya,SEA,PILOT_TO_PILOT,4,3101,378,5,6,Tosa,Kashino ,32.555035550473306,133.98702648829334,66.3980969893422,12.0,620.1800012271517,201.93021040139251
3102,Shanghai NorthCh - Nagoya,SEA,PILOT_TO_PILOT,4,3102,379,5,6,Tosa,Kashino ,32.55632989024476,133.99066727242902,66.3980969893422,12.0,620.3799662143758,201.7302454141684
3103,Shanghai NorthCh - Nagoya,SEA,PILOT_TO_PILOT,4,3103,380,5,6,Tosa,Kashino ,32.557624125080665,133.99430816158383,66.3980969893422,12.0,620.5799312016001,201.53028042694416
3104,Shanghai NorthCh - Nagoya,SEA,PILOT_TO_PILOT,4,3104,381,5,6,Tosa,Kashino ,32.55891825497276,133.99794915575748,66.3980969893422,12.0,620.7798961888242,201.33031543972004
3105,Shanghai NorthCh - Nagoya,SEA,PILOT_TO_PILOT,4,3105,382,5,6,Tosa,Kashino ,32.5602122799128,134.00159025494978,66.3980969893422,12.0,620.9798611760484,201.1303504524958
3106,Shanghai NorthCh - Nagoya,SEA,PILOT_TO_PILOT,4,3106,383,5,6,Tosa,Kashino ,32.56150619989252,134.00523145916037,66.3980969893422,12.0,621.1798261632725,200.93038546527168
3107,Shanghai NorthCh - Nagoya,SEA,PILOT_TO_PILOT,4,3107,384,5,6,Tosa,Kashino ,32.56280001490369,134.00887276838907,66.3980969893422,12.0,621.3797911504967,200.73042047804756
3108,Shanghai NorthCh - Nagoya,SEA,PILOT_TO_PILOT,4,3108,385,5,6,Tosa,Kashino ,32.564093724938026,134.01251418263558,66.3980969893422,12.0,621.5797561377209,200.53045549082333
3109,Shanghai NorthCh - Nagoya,SEA,PILOT_TO_PILOT,4,3109,386,5,6,Tosa,Kashino ,32.565387329987296,134.01615570189966,66.3980969893422,12.0,621.779721124945,200.3304905035992
3110,Shanghai NorthCh - Nagoya,SEA,PILOT_TO_PILOT,4,3110,387,5,6,Tosa,Kashino ,32.566680830043246,134.01979732618105,66.3980969893422,12.0,621.9796861121692,200.13052551637497
3111,Shanghai NorthCh - Nagoya,SEA,PILOT_TO_PILOT,4,3111,388,5,6,Tosa,Kashino ,32.56797422509762,134.0234390554794,66.3980969893422,12.0,622.1796510993934,199.93056052915085
3112,Shanghai NorthCh - Nagoya,SEA,PILOT_TO_PILOT,4,3112,389,5,6,Tosa,Kashino ,32.56926751514216,134.02708088979455,66.3980969893422,12.0,622.3796160866176,199.73059554192662
3113,Shanghai NorthCh - Nagoya,SEA,PILOT_TO_PILOT,4,3113,390,5,6,Tosa,Kashino ,32.57056070016862,134.03072282912615,66.3980969893422,12.0,622.5795810738417,199.5306305547025
3114,Shanghai NorthCh - Nagoya,SEA,PILOT_TO_PILOT,4,3114,391,5,6,Tosa,Kashino ,32.57185378016874,134.03436487347395,66.3980969893422,12.0,622.7795460610658,199.33066556747838
3115,Shanghai NorthCh - Nagoya,SEA,PILOT_TO_PILOT,4,3115,392,5,6,Tosa,Kashino ,32.57314675513427,134.03800702283763,66.3980969893422,12.0,622.9795110482901,199.13070058025414
3116,Shanghai NorthCh - Nagoya,SEA,PILOT_TO_PILOT,4,3116,393,5,6,Tosa,Kashino ,32.574439625056954,134.04164927721698,66.3980969893422,12.0,623.1794760355142,198.93073559303002
3117,Shanghai NorthCh - Nagoya,SEA,PILOT_TO_PILOT,4,3117,394,5,6,Tosa,Kashino ,32.575732389928554,134.0452916366117,66.3980969893422,12.0,623.3794410227384,198.7307706058058
3118,Shanghai NorthCh - Nagoya,SEA,PILOT_TO_PILOT,4,3118,395,5,6,Tosa,Kashino ,32.57702504974079,134.04893410102147,66.3980969893422,12.0,623.5794060099626,198.53080561858167
3119,Shanghai NorthCh - Nagoya,SEA,PILOT_TO_PILOT,4,3119,396,5,6,Tosa,Kashino ,32.57831760448543,134.05257667044606,66.3980969893422,12.0,623.7793709971868,198.33084063135743
3120,Shanghai NorthCh - Nagoya,SEA,PILOT_TO_PILOT,4,3120,397,5,6,Tosa,Kashino ,32.57961005415421,134.0562193448851,66.3980969893422,12.0,623.9793359844109,198.1308756441333
3121,Shanghai NorthCh - Nagoya,SEA,PILOT_TO_PILOT,4,3121,398,5,6,Tosa,Kashino ,32.58090239873888,134.0598621243384,66.3980969893422,12.0,624.179300971635,197.9309106569092
3122,Shanghai NorthCh - Nagoya,SEA,PILOT_TO_PILOT,4,3122,399,5,6,Tosa,Kashino ,32.58219463823118,134.06350500880558,66.3980969893422,12.0,624.3792659588593,197.73094566968496
3123,Shanghai NorthCh - Nagoya,SEA,PILOT_TO_PILOT,4,3123,400,5,6,Tosa,Kashino ,32.58348677262287,134.0671479982864,66.3980969893422,12.0,624.5792309460834,197.53098068246084
3124,Shanghai NorthCh - Nagoya,SEA,PILOT_TO_PILOT,4,3124,401,5,6,Tosa,Kashino ,32.584778801905685,134.07079109278055,66.3980969893422,12.0,624.7791959333076,197.3310156952366
3125,Shanghai NorthCh - Nagoya,SEA,PILOT_TO_PILOT,4,3125,402,5,6,Tosa,Kashino ,32.586070726071384,134.07443429228772,66.3980969893422,12.0,624.9791609205317,197.13105070801248
3126,Shanghai NorthCh - Nagoya,SEA,PILOT_TO_PILOT,4,3126,403,5,6,Tosa,Kashino ,32.5873625451117,134.07807759680765,66.3980969893422,12.0,625.1791259077559,196.93108572078836
3127,Shanghai NorthCh - Nagoya,SEA,PILOT_TO_PILOT,4,3127,404,5,6,Tosa,Kashino ,32.58865425901838,134.08172100633996,66.3980969893422,12.0,625.3790908949801,196.73112073356413
3128,Shanghai NorthCh - Nagoya,SEA,PILOT_TO_PILOT,4,3128,405,5,6,Tosa,Kashino ,32.58994586778318,134.0853645208844,66.3980969893422,12.0,625.5790558822042,196.53115574634
3129,Shanghai NorthCh - Nagoya,SEA,PILOT_TO_PILOT,4,3129,406,5,6,Tosa,Kashino ,32.591237371397845,134.0890081404407,66.3980969893422,12.0,625.7790208694285,196.33119075911577
3130,Shanghai NorthCh - Nagoya,SEA,PILOT_TO_PILOT,4,3130,407,5,6,Tosa,Kashino ,32.59252876985412,134.09265186500852,66.3980969893422,12.0,625.9789858566526,196.13122577189165
3131,Shanghai NorthCh - Nagoya,SEA,PILOT_TO_PILOT,4,3131,408,5,6,Tosa,Kashino ,32.59382006314374,134.0962956945875,66.3980969893422,12.0,626.1789508438767,195.93126078466753
3132,Shanghai NorthCh - Nagoya,SEA,PILOT_TO_PILOT,4,3132,409,5,6,Tosa,Kashino ,32.595111251258466,134.09993962917738,66.3980969893422,12.0,626.3789158311009,195.7312957974433
3133,Shanghai NorthCh - Nagoya,SEA,PILOT_TO_PILOT,4,3133,410,5,6,Tosa,Kashino ,32.59640233419004,134.10358366877784,66.3980969893422,12.0,626.578880818325,195.53133081021917
3134,Shanghai NorthCh - Nagoya,SEA,PILOT_TO_PILOT,4,3134,411,5,6,Tosa,Kashino ,32.59769331193021,134.10722781338856,66.3980969893422,12.0,626.7788458055493,195.33136582299494
3135,Shanghai NorthCh - Nagoya,SEA,PILOT_TO_PILOT,4,3135,412,5,6,Tosa,Kashino ,32.59898418447071,134.11087206300925,66.3980969893422,12.0,626.9788107927734,195.13140083577082
3136,Shanghai NorthCh - Nagoya,SEA,PILOT_TO_PILOT,4,3136,413,5,6,Tosa,Kashino ,32.6002749518033,134.11451641763955,66.3980969893422,12.0,627.1787757799976,194.93143584854658
3137,Shanghai NorthCh - Nagoya,SEA,PILOT_TO_PILOT,4,3137,414,5,6,Tosa,Kashino ,32.60156561391973,134.11816087727914,66.3980969893422,12.0,627.3787407672218,194.73147086132246
3138,Shanghai NorthCh - Nagoya,SEA,PILOT_TO_PILOT,4,3138,415,5,6,Tosa,Kashino ,32.602856170811734,134.12180544192773,66.3980969893422,12.0,627.578705754446,194.53150587409823
3139,Shanghai NorthCh - Nagoya,SEA,PILOT_TO_PILOT,4,3139,416,5,6,Tosa,Kashino ,32.60414662247106,134.12545011158494,66.3980969893422,12.0,627.7786707416701,194.3315408868741
3140,Shanghai NorthCh - Nagoya,SEA,PILOT_TO_PILOT,4,3140,417,5,6,Tosa,Kashino ,32.605436968889464,134.12909488625053,66.3980969893422,12.0,627.9786357288942,194.13157589965
3141,Shanghai NorthCh - Nagoya,SEA,PILOT_TO_PILOT,4,3141,418,5,6,Tosa,Kashino ,32.60672721005868,134.13273976592407,66.3980969893422,12.0,628.1786007161185,193.93161091242575
3142,Shanghai NorthCh - Nagoya,SEA,PILOT_TO_PILOT,4,3142,419,5,6,Tosa,Kashino ,32.60801734597045,134.1363847506053,66.3980969893422,12.0,628.3785657033426,193.73164592520163
3143,Shanghai NorthCh - Nagoya,SEA,PILOT_TO_PILOT,4,3143,420,5,6,Tosa,Kashino ,32.60930737661655,134.14002984029383,66.3980969893422,12.0,628.5785306905668,193.5316809379774
3144,Shanghai NorthCh - Nagoya,SEA,PILOT_TO_PILOT,4,3144,421,5,6,Tosa,Kashino ,32.6105973019887,134.1436750349894,66.3980969893422,12.0,628.7784956777909,193.33171595075328
3145,Shanghai NorthCh - Nagoya,SEA,PILOT_TO_PILOT,4,3145,422,5,6,Tosa,Kashino ,32.61188712207865,134.14732033469159,66.3980969893422,12.0,628.9784606650151,193.13175096352916
3146,Shanghai NorthCh - Nagoya,SEA,PILOT_TO_PILOT,4,3146,423,5,6,Tosa,Kashino ,32.61317683687815,134.1509657394001,66.3980969893422,12.0,629.1784256522393,192.93178597630492
3147,Shanghai NorthCh - Nagoya,SEA,PILOT_TO_PILOT,4,3147,424,5,6,Tosa,Kashino ,32.614466446378934,134.15461124911462,66.3980969893422,12.0,629.3783906394634,192.7318209890808
3148,Shanghai NorthCh - Nagoya,SEA,PILOT_TO_PILOT,4,3148,425,5,6,Tosa,Kashino ,32.61575595057278,134.15825686383474,66.3980969893422,12.0,629.5783556266877,192.53185600185657
3149,Shanghai NorthCh - Nagoya,SEA,PILOT_TO_PILOT,4,3149,426,5,6,Tosa,Kashino ,32.617045349451395,134.16190258356016,66.3980969893422,12.0,629.7783206139118,192.33189101463245
3150,Shanghai NorthCh - Nagoya,SEA,PILOT_TO_PILOT,4,3150,427,5,6,Tosa,Kashino ,32.618334643006555,134.1655484082905,66.3980969893422,12.0,629.9782856011359,192.13192602740833
3151,Shanghai NorthCh - Nagoya,SEA,PILOT_TO_PILOT,4,3151,428,5,6,Tosa,Kashino ,32.619623831229994,134.16919433802545,66.3980969893422,12.0,630.1782505883601,191.9319610401841
3152,Shanghai NorthCh - Nagoya,SEA,PILOT_TO_PILOT,4,3152,429,5,6,Tosa,Kashino ,32.62091291411345,134.17284037276465,66.3980969893422,12.0,630.3782155755842,191.73199605295997
3153,Shanghai NorthCh - Nagoya,SEA,PILOT_TO_PILOT,4,3153,430,5,6,Tosa,Kashino ,32.62220189164868,134.17648651250772,66.3980969893422,12.0,630.5781805628085,191.53203106573574
3154,Shanghai NorthCh - Nagoya,SEA,PILOT_TO_PILOT,4,3154,431,5,6,Tosa,Kashino ,32.62349076382742,134.1801327572543,66.3980969893422,12.0,630.7781455500326,191.33206607851162
3155,Shanghai NorthCh - Nagoya,SEA,PILOT_TO_PILOT,4,3155,432,5,6,Tosa,Kashino ,32.62477953064144,134.18377910700406,66.3980969893422,12.0,630.9781105372567,191.1321010912875
3156,Shanghai NorthCh - Nagoya,SEA,PILOT_TO_PILOT,4,3156,433,5,6,Tosa,Kashino ,32.62606819208246,134.18742556175667,66.3980969893422,12.0,631.178075524481,190.93213610406326
3157,Shanghai NorthCh - Nagoya,SEA,PILOT_TO_PILOT,4,3157,434,5,6,Tosa,Kashino ,32.62735674814223,134.19107212151167,66.3980969893422,12.0,631.3780405117051,190.73217111683914
3158,Shanghai NorthCh - Nagoya,SEA,PILOT_TO_PILOT,4,3158,435,5,6,Tosa,Kashino ,32.628645198812514,134.19471878626882,66.3980969893422,12.0,631.5780054989293,190.5322061296149
3159,Shanghai NorthCh - Nagoya,SEA,PILOT_TO_PILOT,4,3159,436,5,6,Tosa,Kashino ,32.62993354408503,134.19836555602765,66.3980969893422,12.0,631.7779704861534,190.33224114239079
3160,Shanghai NorthCh - Nagoya,SEA,PILOT_TO_PILOT,4,3160,437,5,6,Tosa,Kashino ,32.63122178395156,134.20201243078782,66.3980969893422,12.0,631.9779354733777,190.13227615516655
3161,Shanghai NorthCh - Nagoya,SEA,PILOT_TO_PILOT,4,3161,438,5,6,Tosa,Kashino ,32.63250991840381,134.205659410549,66.3980969893422,12.0,632.1779004606018,189.93231116794243
3162,Shanghai NorthCh - Nagoya,SEA,PILOT_TO_PILOT,4,3162,439,5,6,Tosa,Kashino ,32.63379794743355,134.20930649531078,66.3980969893422,12.0,632.377865447826,189.7323461807182
3163,Shanghai NorthCh - Nagoya,SEA,PILOT_TO_PILOT,4,3163,440,5,6,Tosa,Kashino ,32.63508587103252,134.21295368507282,66.3980969893422,12.0,632.5778304350501,189.53238119349407
3164,Shanghai NorthCh - Nagoya,SEA,PILOT_TO_PILOT,4,3164,441,5,6,Tosa,Kashino ,32.63637368919248,134.21660097983468,66.3980969893422,12.0,632.7777954222743,189.33241620626995
3165,Shanghai NorthCh - Nagoya,SEA,PILOT_TO_PILOT,4,3165,442,5,6,Tosa,Kashino ,32.63766140190515,134.22024837959606,66.3980969893422,12.0,632.9777604094985,189.13245121904572
3166,Shanghai NorthCh - Nagoya,SEA,PILOT_TO_PILOT,4,3166,443,5,6,Tosa,Kashino ,32.638949009162296,134.22389588435655,66.3980969893422,12.0,633.1777253967226,188.9324862318216
3167,Shanghai NorthCh - Nagoya,SEA,PILOT_TO_PILOT,4,3167,444,5,6,Tosa,Kashino ,32.64023651095565,134.22754349411574,66.3980969893422,12.0,633.3776903839469,188.73252124459736
3168,Shanghai NorthCh - Nagoya,SEA,PILOT_TO_PILOT,4,3168,445,5,6,Tosa,Kashino ,32.64152390727697,134.23119120887327,66.3980969893422,12.0,633.577655371171,188.53255625737324
3169,Shanghai NorthCh - Nagoya,SEA,PILOT_TO_PILOT,4,3169,446,5,6,Tosa,Kashino ,32.642811198118,134.23483902862876,66.3980969893422,12.0,633.7776203583951,188.33259127014912
3170,Shanghai NorthCh - Nagoya,SEA,PILOT_TO_PILOT,4,3170,447,5,6,Tosa,Kashino ,32.64409838347047,134.23848695338182,66.3980969893422,12.0,633.9775853456193,188.1326262829249
3171,Shanghai NorthCh - Nagoya,SEA,PILOT_TO_PILOT,4,3171,448,5,6,Tosa,Kashino ,32.64538546332614,134.24213498313205,66.3980969893422,12.0,634.1775503328435,187.93266129570077
3172,Shanghai NorthCh - Nagoya,SEA,PILOT_TO_PILOT,4,3172,449,5,6,Tosa,Kashino ,32.64667243767676,134.24578311787906,66.3980969893422,12.0,634.3775153200677,187.73269630847653
3173,Shanghai NorthCh - Nagoya,SEA,PILOT_TO_PILOT,4,3173,450,5,6,Tosa,Kashino ,32.647959306514075,134.24943135762246,66.3980969893422,12.0,634.5774803072918,187.5327313212524
3174,Shanghai NorthCh - Nagoya,SEA,PILOT_TO_PILOT,4,3174,451,5,6,Tosa,Kashino ,32.64924606982982,134.25307970236184,66.3980969893422,12.0,634.7774452945159,187.3327663340283
3175,Shanghai NorthCh - Nagoya,SEA,PILOT_TO_PILOT,4,3175,452,5,6,Tosa,Kashino ,32.650532727615754,134.25672815209685,66.3980969893422,12.0,634.9774102817402,187.13280134680406
3176,Shanghai NorthCh - Nagoya,SEA,PILOT_TO_PILOT,4,3176,453,5,6,Tosa,Kashino ,32.6518192798636,134.26037670682703,66.3980969893422,12.0,635.1773752689643,186.93283635957994
3177,Shanghai NorthCh - Nagoya,SEA,PILOT_TO_PILOT,4,3177,454,5,6,Tosa,Kashino ,32.65310572656513,134.26402536655203,66.3980969893422,12.0,635.3773402561885,186.7328713723557
3178,Shanghai NorthCh - Nagoya,SEA,PILOT_TO_PILOT,4,3178,455,5,6,Tosa,Kashino ,32.65439206771207,134.2676741312714,66.3980969893422,12.0,635.5773052434126,186.53290638513158
3179,Shanghai NorthCh - Nagoya,SEA,PILOT_TO_PILOT,4,3179,456,5,6,Tosa,Kashino ,32.655678303296185,134.27132300098478,66.3980969893422,12.0,635.7772702306369,186.33294139790735
3180,Shanghai NorthCh - Nagoya,SEA,PILOT_TO_PILOT,4,3180,457,5,6,Tosa,Kashino ,32.6569644333092,134.27497197569173,66.3980969893422,12.0,635.977235217861,186.13297641068323
3181,Shanghai NorthCh - Nagoya,SEA,PILOT_TO_PILOT,4,3181,458,5,6,Tosa,Kashino ,32.658250457742874,134.27862105539185,66.3980969893422,12.0,636.1772002050851,185.9330114234591
3182,Shanghai NorthCh - Nagoya,SEA,PILOT_TO_PILOT,4,3182,459,5,6,Tosa,Kashino ,32.659536376588946,134.2822702400847,66.3980969893422,12.0,636.3771651923093,185.73304643623487
3183,Shanghai NorthCh - Nagoya,SEA,PILOT_TO_PILOT,4,3183,460,5,6,Tosa,Kashino ,32.660822189839166,134.2859195297699,66.3980969893422,12.0,636.5771301795335,185.53308144901075
3184,Shanghai NorthCh - Nagoya,SEA,PILOT_TO_PILOT,4,3184,461,5,6,Tosa,Kashino ,32.662107897485285,134.28956892444702,66.3980969893422,12.0,636.7770951667577,185.33311646178652
3185,Shanghai NorthCh - Nagoya,SEA,PILOT_TO_PILOT,4,3185,462,5,6,Tosa,Kashino ,32.663393499519046,134.29321842411565,66.3980969893422,12.0,636.9770601539818,185.1331514745624
3186,Shanghai NorthCh - Nagoya,SEA,PILOT_TO_PILOT,4,3186,463,5,6,Tosa,Kashino ,32.66467899593218,134.2968680287754,66.3980969893422,12.0,637.1770251412061,184.93318648733816
3187,Shanghai NorthCh - Nagoya,SEA,PILOT_TO_PILOT,4,3187,464,5,6,Tosa,Kashino ,32.665964386716446,134.30051773842578,66.3980969893422,12.0,637.3769901284302,184.73322150011404
3188,Shanghai NorthCh - Nagoya,SEA,PILOT_TO_PILOT,4,3188,465,5,6,Tosa,Kashino ,32.667249671863594,134.30416755306643,66.3980969893422,12.0,637.5769551156543,184.53325651288992
3189,Shanghai NorthCh - Nagoya,SEA,PILOT_TO_PILOT,4,3189,466,5,6,Tosa,Kashino ,32.66853485136536,134.3078174726969,66.3980969893422,12.0,637.7769201028785,184.3332915256657
3190,Shanghai NorthCh - Nagoya,SEA,PILOT_TO_PILOT,4,3190,467,5,6,Tosa,Kashino ,32.66981992521349,134.31146749731673,66.3980969893422,12.0,637.9768850901027,184.13332653844157
3191,Shanghai NorthCh - Nagoya,SEA,PILOT_TO_PILOT,4,3191,468,5,6,Tosa,Kashino ,32.671104893399736,134.31511762692554,66.3980969893422,12.0,638.1768500773269,183.93336155121733
3192,Shanghai NorthCh - Nagoya,SEA,PILOT_TO_PILOT,4,3192,469,5,6,Tosa,Kashino ,32.67238975591584,134.31876786152287,66.3980969893422,12.0,638.376815064551,183.7333965639932
3193,Shanghai NorthCh - Nagoya,SEA,PILOT_TO_PILOT,4,3193,470,5,6,Tosa,Kashino ,32.67367451275354,134.32241820110832,66.3980969893422,12.0,638.5767800517751,183.5334315767691
3194,Shanghai NorthCh - Nagoya,SEA,PILOT_TO_PILOT,4,3194,471,5,6,Tosa,Kashino ,32.674959163904596,134.32606864568137,66.3980969893422,12.0,638.7767450389994,183.33346658954486
3195,Shanghai NorthCh - Nagoya,SEA,PILOT_TO_PILOT,4,3195,472,5,6,Tosa,Kashino ,32.676243709360755,134.3297191952417,66.3980969893422,12.0,638.9767100262235,183.13350160232073
3196,Shanghai NorthCh - Nagoya,SEA,PILOT_TO_PILOT,4,3196,473,5,6,Tosa,Kashino ,32.67752814911374,134.33336984978874,66.3980969893422,12.0,639.1766750134477,182.9335366150965
3197,Shanghai NorthCh - Nagoya,SEA,PILOT_TO_PILOT,4,3197,474,5,6,Tosa,Kashino ,32.67881248315531,134.33702060932217,66.3980969893422,12.0,639.3766400006718,182.73357162787238
3198,Shanghai NorthCh - Nagoya,SEA,PILOT_TO_PILOT,4,3198,475,5,6,Tosa,Kashino ,32.68009671147722,134.34067147384147,66.3980969893422,12.0,639.576604987896,182.53360664064826
3199,Shanghai NorthCh - Nagoya,SEA,PILOT_TO_PILOT,4,3199,476,5,6,Tosa,Kashino ,32.681380834071206,134.34432244334621,66.3980969893422,12.0,639.7765699751202,182.33364165342402
3200,Shanghai NorthCh - Nagoya,SEA,PILOT_TO_PILOT,4,3200,477,5,6,Tosa,Kashino ,32.682664850929015,134.34797351783598,66.3980969893422,12.0,639.9765349623443,182.1336766661999
3201,Shanghai NorthCh - Nagoya,SEA,PILOT_TO_PILOT,4,3201,478,5,6,Tosa,Kashino ,32.68394876204239,134.35162469731029,66.3980969893422,12.0,640.1764999495686,181.93371167897567
3202,Shanghai NorthCh - Nagoya,SEA,PILOT_TO_PILOT,4,3202,479,5,6,Tosa,Kashino ,32.68523256740308,134.35527598176867,66.3980969893422,12.0,640.3764649367927,181.73374669175155
3203,Shanghai NorthCh - Nagoya,SEA,PILOT_TO_PILOT,4,3203,480,5,6,Tosa,Kashino ,32.68651626700284,134.3589273712107,66.3980969893422,12.0,640.5764299240169,181.5337817045273
3204,Shanghai NorthCh - Nagoya,SEA,PILOT_TO_PILOT,4,3204,481,5,6,Tosa,Kashino ,32.68779986083339,134.36257886563592,66.3980969893422,12.0,640.776394911241,181.3338167173032
3205,Shanghai NorthCh - Nagoya,SEA,PILOT_TO_PILOT,4,3205,482,5,6,Tosa,Kashino ,32.68908334888649,134.36623046504388,66.3980969893422,12.0,640.9763598984653,181.13385173007896
3206,Shanghai NorthCh - Nagoya,SEA,PILOT_TO_PILOT,4,3206,483,5,6,Tosa,Kashino ,32.690366731153894,134.36988216943408,66.3980969893422,12.0,641.1763248856894,180.93388674285484
3207,Shanghai NorthCh - Nagoya,SEA,PILOT_TO_PILOT,4,3207,484,5,6,Tosa,Kashino ,32.69165000762733,134.3735339788061,66.3980969893422,12.0,641.3762898729135,180.73392175563072
3208,Shanghai NorthCh - Nagoya,SEA,PILOT_TO_PILOT,4,3208,485,5,6,Tosa,Kashino ,32.69293317829857,134.37718589315944,66.3980969893422,12.0,641.5762548601377,180.53395676840648
3209,Shanghai NorthCh - Nagoya,SEA,PILOT_TO_PILOT,4,3209,486,5,6,Tosa,Kashino ,32.69421624315932,134.3808379124937,66.3980969893422,12.0,641.7762198473619,180.33399178118236
3210,Shanghai NorthCh - Nagoya,SEA,PILOT_TO_PILOT,4,3210,487,5,6,Tosa,Kashino ,32.695499202201354,134.38449003680833,66.3980969893422,12.0,641.9761848345861,180.13402679395813
3211,Shanghai NorthCh - Nagoya,SEA,PILOT_TO_PILOT,4,3211,488,5,6,Tosa,Kashino ,32.69678205541641,134.3881422661029,66.3980969893422,12.0,642.1761498218102,179.934061806734
3212,Shanghai NorthCh - Nagoya,SEA,PILOT_TO_PILOT,4,3212,489,5,6,Tosa,Kashino ,32.698064802796246,134.39179460037695,66.3980969893422,12.0,642.3761148090343,179.7340968195099
3213,Shanghai NorthCh - Nagoya,SEA,PILOT_TO_PILOT,4,3213,490,5,6,Tosa,Kashino ,32.699347444332595,134.39544703962997,66.3980969893422,12.0,642.5760797962586,179.53413183228565
3214,Shanghai NorthCh - Nagoya,SEA,PILOT_TO_PILOT,4,3214,491,5,6,Tosa,Kashino ,32.7006299800172,134.3990995838615,66.3980969893422,12.0,642.7760447834827,179.33416684506153
3215,Shanghai NorthCh - Nagoya,SEA,PILOT_TO_PILOT,4,3215,492,5,6,Tosa,Kashino ,32.7019124098418,134.40275223307108,66.3980969893422,12.0,642.9760097707069,179.1342018578373
3216,Shanghai NorthCh - Nagoya,SEA,PILOT_TO_PILOT,4,3216,493,5,6,Tosa,Kashino ,32.70319473379816,134.4064049872582,66.3980969893422,12.0,643.175974757931,178.93423687061318
3217,Shanghai NorthCh - Nagoya,SEA,PILOT_TO_PILOT,4,3217,494,5,6,Tosa,Kashino ,32.704476951878014,134.4100578464224,66.3980969893422,12.0,643.3759397451552,178.73427188338906
3218,Shanghai NorthCh - Nagoya,SEA,PILOT_TO_PILOT,4,3218,495,5,6,Tosa,Kashino ,32.70575906407312,134.4137108105632,66.3980969893422,12.0,643.5759047323794,178.53430689616482
3219,Shanghai NorthCh - Nagoya,SEA,PILOT_TO_PILOT,4,3219,496,5,6,Tosa,Kashino ,32.7070410703752,134.41736387968007,66.3980969893422,12.0,643.7758697196035,178.3343419089407
3220,Shanghai NorthCh - Nagoya,SEA,PILOT_TO_PILOT,4,3220,497,5,6,Tosa,Kashino ,32.70832297077602,134.42101705377254,66.3980969893422,12.0,643.9758347068278,178.13437692171647
3221,Shanghai NorthCh - Nagoya,SEA,PILOT_TO_PILOT,4,3221,498,5,6,Tosa,Kashino ,32.70960476526731,134.42467033284015,66.3980969893422,12.0,644.1757996940519,177.93441193449235
3222,Shanghai NorthCh - Nagoya,SEA,PILOT_TO_PILOT,4,3222,499,5,6,Tosa,Kashino ,32.71088645384083,134.42832371688243,66.3980969893422,12.0,644.3757646812761,177.7344469472681
3223,Shanghai NorthCh - Nagoya,SEA,PILOT_TO_PILOT,4,3223,500,5,6,Tosa,Kashino ,32.712168036488315,134.4319772058988,66.3980969893422,12.0,644.5757296685002,177.534481960044
3224,Shanghai NorthCh - Nagoya,SEA,PILOT_TO_PILOT,4,3224,501,5,6,Tosa,Kashino ,32.71344951320151,134.43563079988883,66.3980969893422,12.0,644.7756946557244,177.33451697281987
3225,Shanghai NorthCh - Nagoya,SEA,PILOT_TO_PILOT,4,3225,502,5,6,Tosa,Kashino ,32.71473088397217,134.43928449885198,66.3980969893422,12.0,644.9756596429486,177.13455198559564
3226,Shanghai NorthCh - Nagoya,SEA,PILOT_TO_PILOT,4,3226,503,5,6,Tosa,Kashino ,32.71601214879203,134.44293830278775,66.3980969893422,12.0,645.1756246301727,176.93458699837151
3227,Shanghai NorthCh - Nagoya,SEA,PILOT_TO_PILOT,4,3227,504,5,6,Tosa,Kashino ,32.717293307652845,134.4465922116957,66.3980969893422,12.0,645.3755896173969,176.73462201114728
3228,Shanghai NorthCh - Nagoya,SEA,PILOT_TO_PILOT,4,3228,505,5,6,Tosa,Kashino ,32.71857436054636,134.45024622557526,66.3980969893422,12.0,645.5755546046211,176.53465702392316
3229,Shanghai NorthCh - Nagoya,SEA,PILOT_TO_PILOT,4,3229,506,5,6,Tosa,Kashino ,32.71985530746431,134.45390034442593,66.3980969893422,12.0,645.7755195918453,176.33469203669893
3230,Shanghai NorthCh - Nagoya,SEA,PILOT_TO_PILOT,4,3230,507,5,6,Tosa,Kashino ,32.721136148398436,134.45755456824725,66.3980969893422,12.0,645.9754845790694,176.1347270494748
3231,Shanghai NorthCh - Nagoya,SEA,PILOT_TO_PILOT,4,3231,508,5,6,Tosa,Kashino ,32.72241688334051,134.46120889703863,66.3980969893422,12.0,646.1754495662935,175.93476206225068
3232,Shanghai NorthCh - Nagoya,SEA,PILOT_TO_PILOT,4,3232,509,5,6,Tosa,Kashino ,32.72369751228226,134.46486333079963,66.3980969893422,12.0,646.3754145535178,175.73479707502645
3233,Shanghai NorthCh - Nagoya,SEA,PILOT_TO_PILOT,4,3233,510,5,6,Tosa,Kashino ,32.72497803521542,134.4685178695297,66.3980969893422,12.0,646.5753795407419,175.53483208780233
3234,Shanghai NorthCh - Nagoya,SEA,PILOT_TO_PILOT,4,3234,511,5,6,Tosa,Kashino ,32.72625845213176,134.47217251322832,66.3980969893422,12.0,646.7753445279661,175.3348671005781
3235,Shanghai NorthCh - Nagoya,SEA,PILOT_TO_PILOT,4,3235,512,5,6,Tosa,Kashino ,32.727538763023006,134.47582726189498,66.3980969893422,12.0,646.9753095151902,175.13490211335397
3236,Shanghai NorthCh - Nagoya,SEA,PILOT_TO_PILOT,4,3236,513,5,6,Tosa,Kashino ,32.72881896788091,134.47948211552915,66.3980969893422,12.0,647.1752745024144,174.93493712612985
3237,Shanghai NorthCh - Nagoya,SEA,PILOT_TO_PILOT,4,3237,514,5,6,Tosa,Kashino ,32.73009906669722,134.48313707413038,66.3980969893422,12.0,647.3752394896386,174.73497213890562
3238,Shanghai NorthCh - Nagoya,SEA,PILOT_TO_PILOT,4,3238,515,5,6,Tosa,Kashino ,32.731379059463684,134.48679213769802,66.3980969893422,12.0,647.5752044768627,174.5350071516815
3239,Shanghai NorthCh - Nagoya,SEA,PILOT_TO_PILOT,4,3239,516,5,6,Tosa,Kashino ,32.732658946172045,134.49044730623163,66.3980969893422,12.0,647.775169464087,174.33504216445726
3240,Shanghai NorthCh - Nagoya,SEA,PILOT_TO_PILOT,4,3240,517,5,6,Tosa,Kashino ,32.73393872681404,134.49410257973062,66.3980969893422,12.0,647.9751344513111,174.13507717723314
3241,Shanghai NorthCh - Nagoya,SEA,PILOT_TO_PILOT,4,3241,518,5,6,Tosa,Kashino ,32.73521840138142,134.49775795819457,66.3980969893422,12.0,648.1750994385352,173.93511219000902
3242,Shanghai NorthCh - Nagoya,SEA,PILOT_TO_PILOT,4,3242,519,5,6,Tosa,Kashino ,32.73649796986593,134.50141344162282,66.3980969893422,12.0,648.3750644257594,173.7351472027848
3243,Shanghai NorthCh - Nagoya,SEA,PILOT_TO_PILOT,4,3243,520,5,6,Tosa,Kashino ,32.737777432259314,134.50506903001488,66.3980969893422,12.0,648.5750294129836,173.53518221556067
3244,Shanghai NorthCh - Nagoya,SEA,PILOT_TO_PILOT,4,3244,521,5,6,Tosa,Kashino ,32.73905678855333,134.50872472337022,66.3980969893422,12.0,648.7749944002078,173.33521722833643
3245,Shanghai NorthCh - Nagoya,SEA,PILOT_TO_PILOT,4,3245,522,5,6,Tosa,Kashino ,32.7403360387397,134.51238052168833,66.3980969893422,12.0,648.9749593874319,173.1352522411123
3246,Shanghai NorthCh - Nagoya,SEA,PILOT_TO_PILOT,4,3246,523,5,6,Tosa,Kashino ,32.74161518281019,134.5160364249686,66.3980969893422,12.0,649.1749243746561,172.93528725388808
3247,Shanghai NorthCh - Nagoya,SEA,PILOT_TO_PILOT,4,3247,524,5,6,Tosa,Kashino ,32.74289422075653,134.51969243321054,66.3980969893422,12.0,649.3748893618803,172.73532226666396
3248,Shanghai NorthCh - Nagoya,SEA,PILOT_TO_PILOT,4,3248,525,5,6,Tosa,Kashino ,32.74417315257049,134.5233485464136,66.3980969893422,12.0,649.5748543491044,172.53535727943984
3249,Shanghai NorthCh - Nagoya,SEA,PILOT_TO_PILOT,4,3249,526,5,6,Tosa,Kashino ,32.745451978243786,134.5270047645772,66.3980969893422,12.0,649.7748193363286,172.3353922922156
3250,Shanghai NorthCh - Nagoya,SEA,PILOT_TO_PILOT,4,3250,527,5,6,Tosa,Kashino ,32.74673069776818,134.53066108770085,66.3980969893422,12.0,649.9747843235527,172.13542730499148
3251,Shanghai NorthCh - Nagoya,SEA,PILOT_TO_PILOT,4,3251,528,5,6,Tosa,Kashino ,32.7480093111354,134.53431751578393,66.3980969893422,12.0,650.174749310777,171.93546231776725
3252,Shanghai NorthCh - Nagoya,SEA,PILOT_TO_PILOT,4,3252,529,5,6,Tosa,Kashino ,32.749287818337216,134.53797404882593,66.3980969893422,12.0,650.3747142980011,171.73549733054313
3253,Shanghai NorthCh - Nagoya,SEA,PILOT_TO_PILOT,4,3253,530,5,6,Tosa,Kashino ,32.75056621936536,134.5416306868263,66.3980969893422,12.0,650.5746792852253,171.5355323433189
3254,Shanghai NorthCh - Nagoya,SEA,PILOT_TO_PILOT,4,3254,531,5,6,Tosa,Kashino ,32.75184451421158,134.54528742978445,66.3980969893422,12.0,650.7746442724494,171.33556735609477
3255,Shanghai NorthCh - Nagoya,SEA,PILOT_TO_PILOT,4,3255,532,5,6,Tosa,Kashino ,32.75312270286762,134.54894427769983,66.3980969893422,12.0,650.9746092596736,171.13560236887065
3256,Shanghai NorthCh - Nagoya,SEA,PILOT_TO_PILOT,4,3256,533,5,6,Tosa,Kashino ,32.754400785325224,134.5526012305719,66.3980969893422,12.0,651.1745742468978,170.93563738164642
3257,Shanghai NorthCh - Nagoya,SEA,PILOT_TO_PILOT,4,3257,534,5,6,Tosa,Kashino ,32.75567876157614,134.55625828840007,66.3980969893422,12.0,651.3745392341219,170.7356723944223
3258,Shanghai NorthCh - Nagoya,SEA,PILOT_TO_PILOT,4,3258,535,5,6,Tosa,Kashino ,32.756956631612105,134.5599154511838,66.3980969893422,12.0,651.5745042213462,170.53570740719806
3259,Shanghai NorthCh - Nagoya,SEA,PILOT_TO_PILOT,4,3259,536,5,6,Tosa,Kashino ,32.75823439542489,134.56357271892247,66.3980969893422,12.0,651.7744692085703,170.33574241997394
3260,Shanghai NorthCh - Nagoya,SEA,PILOT_TO_PILOT,4,3260,537,5,6,Tosa,Kashino ,32.75951205300621,134.56723009161558,66.3980969893422,12.0,651.9744341957944,170.13577743274982
3261,Shanghai NorthCh - Nagoya,SEA,PILOT_TO_PILOT,4,3261,538,5,6,Tosa,Kashino ,32.76078960434782,134.5708875692625,66.3980969893422,12.0,652.1743991830186,169.93581244552558
3262,Shanghai NorthCh - Nagoya,SEA,PILOT_TO_PILOT,4,3262,539,5,6,Tosa,Kashino ,32.76206704944147,134.5745451518627,66.3980969893422,12.0,652.3743641702428,169.73584745830146
3263,Shanghai NorthCh - Nagoya,SEA,PILOT_TO_PILOT,4,3263,540,5,6,Tosa,Kashino ,32.7633443882789,134.5782028394156,66.3980969893422,12.0,652.574329157467,169.53588247107723
3264,Shanghai NorthCh - Nagoya,SEA,PILOT_TO_PILOT,4,3264,541,5,6,Tosa,Kashino ,32.76462162085188,134.58186063192062,66.3980969893422,12.0,652.7742941446911,169.3359174838531
3265,Shanghai NorthCh - Nagoya,SEA,PILOT_TO_PILOT,4,3265,542,5,6,Tosa,Kashino ,32.76589874715211,134.58551852937714,66.3980969893422,12.0,652.9742591319152,169.135952496629
3266,Shanghai NorthCh - Nagoya,SEA,PILOT_TO_PILOT,4,3266,543,5,6,Tosa,Kashino ,32.767175767171366,134.58917653178463,66.3980969893422,12.0,653.1742241191395,168.93598750940475
3267,Shanghai NorthCh - Nagoya,SEA,PILOT_TO_PILOT,4,3267,544,5,6,Tosa,Kashino ,32.76845268090139,134.59283463914244,66.3980969893422,12.0,653.3741891063636,168.73602252218063
3268,Shanghai NorthCh - Nagoya,SEA,PILOT_TO_PILOT,4,3268,545,5,6,Tosa,Kashino ,32.76972948833392,134.59649285145008,66.3980969893422,12.0,653.5741540935878,168.5360575349564
3269,Shanghai NorthCh - Nagoya,SEA,PILOT_TO_PILOT,4,3269,546,5,6,Tosa,Kashino ,32.771006189460714,134.60015116870687,66.3980969893422,12.0,653.7741190808119,168.33609254773228
3270,Shanghai NorthCh - Nagoya,SEA,PILOT_TO_PILOT,4,3270,547,5,6,Tosa,Kashino ,32.77228278427349,134.60380959091228,66.3980969893422,12.0,653.9740840680362,168.13612756050804
3271,Shanghai NorthCh - Nagoya,SEA,PILOT_TO_PILOT,4,3271,548,5,6,Tosa,Kashino ,32.77355927276403,134.6074681180657,66.3980969893422,12.0,654.1740490552603,167.93616257328392
3272,Shanghai NorthCh - Nagoya,SEA,PILOT_TO_PILOT,4,3272,549,5,6,Tosa,Kashino ,32.77483565492406,134.6111267501665,66.3980969893422,12.0,654.3740140424845,167.7361975860597
3273,Shanghai NorthCh - Nagoya,SEA,PILOT_TO_PILOT,4,3273,550,5,6,Tosa,Kashino ,32.77611193074532,134.61478548721414,66.3980969893422,12.0,654.5739790297087,167.53623259883557
3274,Shanghai NorthCh - Nagoya,SEA,PILOT_TO_PILOT,4,3274,551,5,6,Tosa,Kashino ,32.77738810021956,134.61844432920802,66.3980969893422,12.0,654.7739440169328,167.33626761161145
3275,Shanghai NorthCh - Nagoya,SEA,PILOT_TO_PILOT,4,3275,552,5,6,Tosa,Kashino ,32.77866416333854,134.6221032761475,66.3980969893422,12.0,654.973909004157,167.1363026243872
3276,Shanghai NorthCh - Nagoya,SEA,PILOT_TO_PILOT,4,3276,553,5,6,Tosa,Kashino ,32.77994012009399,134.62576232803198,66.3980969893422,12.0,655.1738739913811,166.9363376371631
3277,Shanghai NorthCh - Nagoya,SEA,PILOT_TO_PILOT,4,3277,554,5,6,Tosa,Kashino ,32.78121597047765,134.6294214848609,66.3980969893422,12.0,655.3738389786054,166.73637264993886
3278,Shanghai NorthCh - Nagoya,SEA,PILOT_TO_PILOT,4,3278,555,5,6,Tosa,Kashino ,32.78249171448128,134.6330807466336,66.3980969893422,12.0,655.5738039658295,166.53640766271474
3279,Shanghai NorthCh - Nagoya,SEA,PILOT_TO_PILOT,4,3279,556,5,6,Tosa,Kashino ,32.783767352096625,134.6367401133495,66.3980969893422,12.0,655.7737689530536,166.33644267549062
3280,Shanghai NorthCh - Nagoya,SEA,PILOT_TO_PILOT,4,3280,557,5,6,Tosa,Kashino ,32.78504288331541,134.64039958500803,66.3980969893422,12.0,655.9737339402778,166.13647768826638
3281,Shanghai NorthCh - Nagoya,SEA,PILOT_TO_PILOT,4,3281,558,5,6,Tosa,Kashino ,32.78631830812941,134.64405916160848,66.3980969893422,12.0,656.173698927502,165.93651270104226
3282,Shanghai NorthCh - Nagoya,SEA,PILOT_TO_PILOT,4,3282,559,5,6,Tosa,Kashino ,32.78759362653035,134.6477188431503,66.3980969893422,12.0,656.3736639147262,165.73654771381803
3283,Shanghai NorthCh - Nagoya,SEA,PILOT_TO_PILOT,4,3283,560,5,6,Tosa,Kashino ,32.788868838509984,134.65137862963286,66.3980969893422,12.0,656.5736289019503,165.5365827265939
3284,Shanghai NorthCh - Nagoya,SEA,PILOT_TO_PILOT,4,3284,561,5,6,Tosa,Kashino ,32.79014394406005,134.65503852105556,66.3980969893422,12.0,656.7735938891744,165.33661773936979
3285,Shanghai NorthCh - Nagoya,SEA,PILOT_TO_PILOT,4,3285,562,5,6,Tosa,Kashino ,32.791418943172296,134.65869851741778,66.3980969893422,12.0,656.9735588763987,165.13665275214555
3286,Shanghai NorthCh - Nagoya,SEA,PILOT_TO_PILOT,4,3286,563,5,6,Tosa,Kashino ,32.79269383583847,134.66235861871883,66.3980969893422,12.0,657.1735238636228,164.93668776492143
3287,Shanghai NorthCh - Nagoya,SEA,PILOT_TO_PILOT,4,3287,564,5,6,Tosa,Kashino ,32.79396862205032,134.66601882495817,66.3980969893422,12.0,657.373488850847,164.7367227776972
3288,Shanghai NorthCh - Nagoya,SEA,PILOT_TO_PILOT,4,3288,565,5,6,Tosa,Kashino ,32.79524330179959,134.66967913613513,66.3980969893422,12.0,657.5734538380711,164.53675779047308
3289,Shanghai NorthCh - Nagoya,SEA,PILOT_TO_PILOT,4,3289,566,5,6,Tosa,Kashino ,32.79651787507802,134.6733395522491,66.3980969893422,12.0,657.7734188252954,164.33679280324884
3290,Shanghai NorthCh - Nagoya,SEA,PILOT_TO_PILOT,4,3290,567,5,6,Tosa,Kashino ,32.797792341877354,134.67700007329944,66.3980969893422,12.0,657.9733838125195,164.13682781602472
3291,Shanghai NorthCh - Nagoya,SEA,PILOT_TO_PILOT,4,3291,568,5,6,Tosa,Kashino ,32.79906670218936,134.6806606992855,66.3980969893422,12.0,658.1733487997436,163.9368628288006
3292,Shanghai NorthCh - Nagoya,SEA,PILOT_TO_PILOT,4,3292,569,5,6,Tosa,Kashino ,32.80034095600574,134.68432143020667,66.3980969893422,12.0,658.3733137869679,163.73689784157636
3293,Shanghai NorthCh - Nagoya,SEA,PILOT_TO_PILOT,4,3293,570,5,6,Tosa,Kashino ,32.80161510331829,134.6879822660623,66.3980969893422,12.0,658.573278774192,163.53693285435224
3294,Shanghai NorthCh - Nagoya,SEA,PILOT_TO_PILOT,4,3294,571,5,6,Tosa,Kashino ,32.802889144118716,134.69164320685178,66.3980969893422,12.0,658.7732437614162,163.336967867128
3295,Shanghai NorthCh - Nagoya,SEA,PILOT_TO_PILOT,4,3295,572,5,6,Tosa,Kashino ,32.80416307839879,134.69530425257443,66.3980969893422,12.0,658.9732087486403,163.1370028799039
3296,Shanghai NorthCh - Nagoya,SEA,PILOT_TO_PILOT,4,3296,573,5,6,Tosa,Kashino ,32.805436906150234,134.6989654032296,66.3980969893422,12.0,659.1731737358646,162.93703789267965
3297,Shanghai NorthCh - Nagoya,SEA,PILOT_TO_PILOT,4,3297,574,5,6,Tosa,Kashino ,32.80671062736482,134.7026266588167,66.3980969893422,12.0,659.3731387230887,162.73707290545553
3298,Shanghai NorthCh - Nagoya,SEA,PILOT_TO_PILOT,4,3298,575,5,6,Tosa,Kashino ,32.80798424203427,134.70628801933503,66.3980969893422,12.0,659.5731037103128,162.5371079182314
3299,Shanghai NorthCh - Nagoya,SEA,PILOT_TO_PILOT,4,3299,576,5,6,Tosa,Kashino ,32.80925775015034,134.70994948478395,66.3980969893422,12.0,659.773068697537,162.33714293100718
3300,Shanghai NorthCh - Nagoya,SEA,PILOT_TO_PILOT,4,3300,577,5,6,Tosa,Kashino ,32.81053115170477,134.71361105516286,66.3980969893422,12.0,659.9730336847612,162.13717794378306
3301,Shanghai NorthCh - Nagoya,SEA,PILOT_TO_PILOT,4,3301,578,5,6,Tosa,Kashino ,32.81180444668931,134.71727273047102,66.3980969893422,12.0,660.1729986719854,161.93721295655882
3302,Shanghai NorthCh - Nagoya,SEA,PILOT_TO_PILOT,4,3302,579,5,6,Tosa,Kashino ,32.813077635095716,134.72093451070782,66.3980969893422,12.0,660.3729636592095,161.7372479693347
3303,Shanghai NorthCh - Nagoya,SEA,PILOT_TO_PILOT,4,3303,580,5,6,Tosa,Kashino ,32.81435071691571,134.72459639587262,66.3980969893422,12.0,660.5729286464336,161.53728298211058
3304,Shanghai NorthCh - Nagoya,SEA,PILOT_TO_PILOT,4,3304,581,5,6,Tosa,Kashino ,32.815623692141045,134.72825838596475,66.3980969893422,12.0,660.7728936336579,161.33731799488635
3305,Shanghai NorthCh - Nagoya,SEA,PILOT_TO_PILOT,4,3305,582,5,6,Tosa,Kashino ,32.81689656076349,134.73192048098352,66.3980969893422,12.0,660.972858620882,161.13735300766223
3306,Shanghai NorthCh - Nagoya,SEA,PILOT_TO_PILOT,4,3306,583,5,6,Tosa,Kashino ,32.81816932277477,134.73558268092827,66.3980969893422,12.0,661.1728236081062,160.937388020438
3307,Shanghai NorthCh - Nagoya,SEA,PILOT_TO_PILOT,4,3307,584,5,6,Tosa,Kashino ,32.81944197816662,134.7392449857984,66.3980969893422,12.0,661.3727885953303,160.73742303321387
3308,Shanghai NorthCh - Nagoya,SEA,PILOT_TO_PILOT,4,3308,585,5,6,Tosa,Kashino ,32.82071452693081,134.74290739559316,66.3980969893422,12.0,661.5727535825545,160.53745804598975
3309,Shanghai NorthCh - Nagoya,SEA,PILOT_TO_PILOT,4,3309,586,5,6,Tosa,Kashino ,32.82198696905907,134.74656991031193,66.3980969893422,12.0,661.7727185697787,160.33749305876552
3310,Shanghai NorthCh - Nagoya,SEA,PILOT_TO_PILOT,4,3310,587,5,6,Tosa,Kashino ,32.82325930454315,134.75023252995405,66.3980969893422,12.0,661.9726835570028,160.1375280715414
3311,Shanghai NorthCh - Nagoya,SEA,PILOT_TO_PILOT,4,3311,588,5,6,Tosa,Kashino ,32.824531533374795,134.75389525451874,66.3980969893422,12.0,662.1726485442271,159.93756308431716
3312,Shanghai NorthCh - Nagoya,SEA,PILOT_TO_PILOT,4,3312,589,5,6,Tosa,Kashino ,32.82580365554575,134.75755808400547,66.3980969893422,12.0,662.3726135314512,159.73759809709304
3313,Shanghai NorthCh - Nagoya,SEA,PILOT_TO_PILOT,4,3313,590,5,6,Tosa,Kashino ,32.82707567104776,134.76122101841347,66.3980969893422,12.0,662.5725785186754,159.5376331098688
3314,Shanghai NorthCh - Nagoya,SEA,PILOT_TO_PILOT,4,3314,591,5,6,Tosa,Kashino ,32.82834757987257,134.76488405774208,66.3980969893422,12.0,662.7725435058995,159.3376681226447
3315,Shanghai NorthCh - Nagoya,SEA,PILOT_TO_PILOT,4,3315,592,5,6,Tosa,Kashino ,32.829619382011934,134.76854720199063,66.3980969893422,12.0,662.9725084931238,159.13770313542045
3316,Shanghai NorthCh - Nagoya,SEA,PILOT_TO_PILOT,4,3316,593,5,6,Tosa,Kashino ,32.830891077457586,134.77221045115843,66.3980969893422,12.0,663.1724734803479,158.93773814819633
3317,Shanghai NorthCh - Nagoya,SEA,PILOT_TO_PILOT,4,3317,594,5,6,Tosa,Kashino ,32.83216266620129,134.7758738052448,66.3980969893422,12.0,663.372438467572,158.7377731609722
3318,Shanghai NorthCh - Nagoya,SEA,PILOT_TO_PILOT,4,3318,595,5,6,Tosa,Kashino ,32.83343414823476,134.77953726424903,66.3980969893422,12.0,663.5724034547962,158.53780817374798
3319,Shanghai NorthCh - Nagoya,SEA,PILOT_TO_PILOT,4,3319,596,5,6,Tosa,Kashino ,32.83470552354978,134.78320082817044,66.3980969893422,12.0,663.7723684420204,158.33784318652386
3320,Shanghai NorthCh - Nagoya,SEA,PILOT_TO_PILOT,4,3320,597,5,6,Tosa,Kashino ,32.83597679213806,134.78686449700834,66.3980969893422,12.0,663.9723334292446,158.13787819929962
3321,Shanghai NorthCh - Nagoya,SEA,PILOT_TO_PILOT,4,3321,598,5,6,Tosa,Kashino ,32.837247953991366,134.79052827076202,66.3980969893422,12.0,664.1722984164687,157.9379132120755
3322,Shanghai NorthCh - Nagoya,SEA,PILOT_TO_PILOT,4,3322,599,5,6,Tosa,Kashino ,32.83851900910145,134.79419214943084,66.3980969893422,12.0,664.3722634036928,157.73794822485138
3323,Shanghai NorthCh - Nagoya,SEA,PILOT_TO_PILOT,4,3323,600,5,6,Tosa,Kashino ,32.839789957460034,134.79785613301402,66.3980969893422,12.0,664.5722283909171,157.53798323762715
3324,Shanghai NorthCh - Nagoya,SEA,PILOT_TO_PILOT,4,3324,601,5,6,Tosa,Kashino ,32.84106079905888,134.80152022151094,66.3980969893422,12.0,664.7721933781412,157.33801825040302
3325,Shanghai NorthCh - Nagoya,SEA,PILOT_TO_PILOT,4,3325,602,5,6,Tosa,Kashino ,32.842331533889734,134.80518441492083,66.3980969893422,12.0,664.9721583653654,157.1380532631788
3326,Shanghai NorthCh - Nagoya,SEA,PILOT_TO_PILOT,4,3326,603,5,6,Tosa,Kashino ,32.84360216194433,134.80884871324304,66.3980969893422,12.0,665.1721233525896,156.93808827595467
3327,Shanghai NorthCh - Nagoya,SEA,PILOT_TO_PILOT,4,3327,604,5,6,Tosa,Kashino ,32.844872683214426,134.81251311647682,66.3980969893422,12.0,665.3720883398137,156.73812328873055
3328,Shanghai NorthCh - Nagoya,SEA,PILOT_TO_PILOT,4,3328,605,5,6,Tosa,Kashino ,32.84614309769177,134.81617762462147,66.3980969893422,12.0,665.5720533270379,156.53815830150631
3329,Shanghai NorthCh - Nagoya,SEA,PILOT_TO_PILOT,4,3329,606,5,6,Tosa,Kashino ,32.8474134053681,134.8198422376763,66.3980969893422,12.0,665.772018314262,156.3381933142822
3330,Shanghai NorthCh - Nagoya,SEA,PILOT_TO_PILOT,4,3330,607,5,6,Tosa,Kashino ,32.84868360623517,134.8235069556406,66.3980969893422,12.0,665.9719833014863,156.13822832705796
3331,Shanghai NorthCh - Nagoya,SEA,PILOT_TO_PILOT,4,3331,608,5,6,Tosa,Kashino ,32.84995370028471,134.82717177851362,66.3980969893422,12.0,666.1719482887104,155.93826333983384
3332,Shanghai NorthCh - Nagoya,SEA,PILOT_TO_PILOT,4,3332,609,5,6,Tosa,Kashino ,32.85122368750848,134.83083670629466,66.3980969893422,12.0,666.3719132759345,155.73829835260972
3333,Shanghai NorthCh - Nagoya,SEA,PILOT_TO_PILOT,4,3333,610,5,6,Tosa,Kashino ,32.852493567898215,134.834501738983,66.3980969893422,12.0,666.5718782631587,155.53833336538548
3334,Shanghai NorthCh - Nagoya,SEA,PILOT_TO_PILOT,4,3334,611,5,6,Tosa,Kashino ,32.853763341445664,134.83816687657793,66.3980969893422,12.0,666.7718432503829,155.33836837816136
3335,Shanghai NorthCh - Nagoya,SEA,PILOT_TO_PILOT,4,3335,612,5,6,Tosa,Kashino ,32.855033008142584,134.84183211907873,66.3980969893422,12.0,666.9718082376071,155.13840339093713
3336,Shanghai NorthCh - Nagoya,SEA,PILOT_TO_PILOT,4,3336,613,5,6,Tosa,Kashino ,32.85630256798072,134.84549746648463,66.3980969893422,12.0,667.1717732248312,154.938438403713
3337,Shanghai NorthCh - Nagoya,SEA,PILOT_TO_PILOT,4,3337,614,5,6,Tosa,Kashino ,32.85757202095179,134.84916291879497,66.3980969893422,12.0,667.3717382120554,154.73847341648877
3338,Shanghai NorthCh - Nagoya,SEA,PILOT_TO_PILOT,4,3338,615,5,6,Tosa,Kashino ,32.85884136704758,134.852828476009,66.3980969893422,12.0,667.5717031992796,154.53850842926465
3339,Shanghai NorthCh - Nagoya,SEA,PILOT_TO_PILOT,4,3339,616,5,6,Tosa,Kashino ,32.86011060625981,134.85649413812592,66.3980969893422,12.0,667.7716681865038,154.33854344204042
3340,Shanghai NorthCh - Nagoya,SEA,PILOT_TO_PILOT,4,3340,617,5,6,Tosa,Kashino ,32.86137973858023,134.8601599051451,66.3980969893422,12.0,667.9716331737279,154.1385784548163
3341,Shanghai NorthCh - Nagoya,SEA,PILOT_TO_PILOT,4,3341,618,5,6,Tosa,Kashino ,32.86264876400058,134.86382577706573,66.3980969893422,12.0,668.171598160952,153.93861346759218
3342,Shanghai NorthCh - Nagoya,SEA,PILOT_TO_PILOT,4,3342,619,5,6,Tosa,Kashino ,32.863917682512636,134.86749175388712,66.3980969893422,12.0,668.3715631481763,153.73864848036794
3343,Shanghai NorthCh - Nagoya,SEA,PILOT_TO_PILOT,4,3343,620,5,6,Tosa,Kashino ,32.86518649410811,134.8711578356085,66.3980969893422,12.0,668.5715281354004,153.53868349314382
3344,Shanghai NorthCh - Nagoya,SEA,PILOT_TO_PILOT,4,3344,621,5,6,Tosa,Kashino ,32.86645519877875,134.87482402222915,66.3980969893422,12.0,668.7714931226246,153.3387185059196
3345,Shanghai NorthCh - Nagoya,SEA,PILOT_TO_PILOT,4,3345,622,5,6,Tosa,Kashino ,32.86772379651632,134.8784903137483,66.3980969893422,12.0,668.9714581098488,153.13875351869547
3346,Shanghai NorthCh - Nagoya,SEA,PILOT_TO_PILOT,4,3346,623,5,6,Tosa,Kashino ,32.868992287312565,134.8821567101652,66.3980969893422,12.0,669.1714230970729,152.93878853147135
3347,Shanghai NorthCh - Nagoya,SEA,PILOT_TO_PILOT,4,3347,624,5,6,Tosa,Kashino ,32.87026067115921,134.88582321147916,66.3980969893422,12.0,669.3713880842971,152.7388235442471
3348,Shanghai NorthCh - Nagoya,SEA,PILOT_TO_PILOT,4,3348,625,5,6,Tosa,Kashino ,32.87152894804803,134.88948981768937,66.3980969893422,12.0,669.5713530715212,152.538858557023
3349,Shanghai NorthCh - Nagoya,SEA,PILOT_TO_PILOT,4,3349,626,5,6,Tosa,Kashino ,32.87279711797075,134.8931565287951,66.3980969893422,12.0,669.7713180587455,152.33889356979876
3350,Shanghai NorthCh - Nagoya,SEA,PILOT_TO_PILOT,4,3350,627,5,6,Tosa,Kashino ,32.87406518091912,134.89682334479556,66.3980969893422,12.0,669.9712830459696,152.13892858257464
3351,Shanghai NorthCh - Nagoya,SEA,PILOT_TO_PILOT,4,3351,628,5,6,Tosa,Kashino ,32.87533313688489,134.90049026569008,66.3980969893422,12.0,670.1712480331937,151.93896359535051
3352,Shanghai NorthCh - Nagoya,SEA,PILOT_TO_PILOT,4,3352,629,5,6,Tosa,Kashino ,32.8766009858598,134.90415729147784,66.3980969893422,12.0,670.3712130204179,151.73899860812628
3353,Shanghai NorthCh - Nagoya,SEA,PILOT_TO_PILOT,4,3353,630,5,6,Tosa,Kashino ,32.87786872783561,134.9078244221581,66.3980969893422,12.0,670.5711780076421,151.53903362090216
3354,Shanghai NorthCh - Nagoya,SEA,PILOT_TO_PILOT,4,3354,631,5,6,Tosa,Kashino ,32.87913636280405,134.91149165773007,66.3980969893422,12.0,670.7711429948663,151.33906863367793
3355,Shanghai NorthCh - Nagoya,SEA,PILOT_TO_PILOT,4,3355,632,5,6,Tosa,Kashino ,32.880403890756874,134.91515899819296,66.3980969893422,12.0,670.9711079820904,151.1391036464538
3356,Shanghai NorthCh - Nagoya,SEA,PILOT_TO_PILOT,4,3356,633,5,6,Tosa,Kashino ,32.88167131168582,134.9188264435461,66.3980969893422,12.0,671.1710729693147,150.93913865922957
3357,Shanghai NorthCh - Nagoya,SEA,PILOT_TO_PILOT,4,3357,634,5,6,Tosa,Kashino ,32.882938625582646,134.92249399378866,66.3980969893422,12.0,671.3710379565388,150.73917367200545
3358,Shanghai NorthCh - Nagoya,SEA,PILOT_TO_PILOT,4,3358,635,5,6,Tosa,Kashino ,32.88420583243911,134.92616164891987,66.3980969893422,12.0,671.5710029437629,150.53920868478133
3359,Shanghai NorthCh - Nagoya,SEA,PILOT_TO_PILOT,4,3359,636,5,6,Tosa,Kashino ,32.88547293224692,134.92982940893896,66.3980969893422,12.0,671.7709679309871,150.3392436975571
3360,Shanghai NorthCh - Nagoya,SEA,PILOT_TO_PILOT,4,3360,637,5,6,Tosa,Kashino ,32.886739924997855,134.93349727384515,66.3980969893422,12.0,671.9709329182112,150.13927871033297
3361,Shanghai NorthCh - Nagoya,SEA,PILOT_TO_PILOT,4,3361,638,5,6,Tosa,Kashino ,32.888006810683635,134.9371652436377,66.3980969893422,12.0,672.1708979054355,149.93931372310874
3362,Shanghai NorthCh - Nagoya,SEA,PILOT_TO_PILOT,4,3362,639,5,6,Tosa,Kashino ,32.88927358929603,134.9408333183158,66.3980969893422,12.0,672.3708628926596,149.73934873588462
3363,Shanghai NorthCh - Nagoya,SEA,PILOT_TO_PILOT,4,3363,640,5,6,Tosa,Kashino ,32.89054026082678,134.94450149787866,66.3980969893422,12.0,672.5708278798838,149.53938374866038
3364,Shanghai NorthCh - Nagoya,SEA,PILOT_TO_PILOT,4,3364,641,5,6,Tosa,Kashino ,32.89180682526762,134.94816978232552,66.3980969893422,12.0,672.770792867108,149.33941876143626
3365,Shanghai NorthCh - Nagoya,SEA,PILOT_TO_PILOT,4,3365,642,5,6,Tosa,Kashino ,32.89307328261032,134.95183817165557,66.3980969893422,12.0,672.9707578543321,149.13945377421214
3366,Shanghai NorthCh - Nagoya,SEA,PILOT_TO_PILOT,4,3366,643,5,6,Tosa,Kashino ,32.8943396328466,134.95550666586806,66.3980969893422,12.0,673.1707228415563,148.9394887869879
3367,Shanghai NorthCh - Nagoya,SEA,PILOT_TO_PILOT,4,3367,644,5,6,Tosa,Kashino ,32.89560587596822,134.95917526496217,66.3980969893422,12.0,673.3706878287804,148.7395237997638
3368,Shanghai NorthCh - Nagoya,SEA,PILOT_TO_PILOT,4,3368,645,5,6,Tosa,Kashino ,32.89687201196693,134.96284396893714,66.3980969893422,12.0,673.5706528160047,148.53955881253955
3369,Shanghai NorthCh - Nagoya,SEA,PILOT_TO_PILOT,4,3369,646,5,6,Tosa,Kashino ,32.89813804083445,134.96651277779213,66.3980969893422,12.0,673.7706178032288,148.33959382531543
3370,Shanghai NorthCh - Nagoya,SEA,PILOT_TO_PILOT,4,3370,647,5,6,Tosa,Kashino ,32.89940396256255,134.97018169152636,66.3980969893422,12.0,673.9705827904529,148.1396288380913
3371,Shanghai NorthCh - Nagoya,SEA,PILOT_TO_PILOT,4,3371,648,5,6,Tosa,Kashino ,32.900669777142994,134.97385071013903,66.3980969893422,12.0,674.1705477776771,147.93966385086708
3372,Shanghai NorthCh - Nagoya,SEA,PILOT_TO_PILOT,4,3372,649,5,6,Tosa,Kashino ,32.9019354845675,134.9775198336294,66.3980969893422,12.0,674.3705127649013,147.73969886364296
3373,Shanghai NorthCh - Nagoya,SEA,PILOT_TO_PILOT,4,3373,650,5,6,Tosa,Kashino ,32.90320108482782,134.9811890619966,66.3980969893422,12.0,674.5704777521255,147.53973387641872
3374,Shanghai NorthCh - Nagoya,SEA,PILOT_TO_PILOT,4,3374,651,5,6,Tosa,Kashino ,32.90446657791569,134.98485839523983,66.3980969893422,12.0,674.7704427393496,147.3397688891946
3375,Shanghai NorthCh - Nagoya,SEA,PILOT_TO_PILOT,4,3375,652,5,6,Tosa,Kashino ,32.90573196382289,134.98852783335832,66.3980969893422,12.0,674.9704077265737,147.13980390197048
3376,Shanghai NorthCh - Nagoya,SEA,PILOT_TO_PILOT,4,3376,653,5,6,Tosa,Kashino ,32.906997242541124,134.99219737635124,66.3980969893422,12.0,675.170372713798,146.93983891474625
3377,Shanghai NorthCh - Nagoya,SEA,PILOT_TO_PILOT,4,3377,654,5,6,Tosa,Kashino ,32.908262414062165,134.99586702421777,66.3980969893422,12.0,675.3703377010221,146.73987392752213
3378,Shanghai NorthCh - Nagoya,SEA,PILOT_TO_PILOT,4,3378,655,5,6,Tosa,Kashino ,32.90952747837777,134.99953677695711,66.3980969893422,12.0,675.5703026882463,146.5399089402979
3379,Shanghai NorthCh - Nagoya,SEA,PILOT_TO_PILOT,4,3379,656,5,6,Tosa,Kashino ,32.91079243547965,135.00320663456847,66.3980969893422,12.0,675.7702676754704,146.33994395307377
3380,Shanghai NorthCh - Nagoya,SEA,PILOT_TO_PILOT,4,3380,657,5,6,Tosa,Kashino ,32.91205728535958,135.00687659705102,66.3980969893422,12.0,675.9702326626946,146.13997896584965
3381,Shanghai NorthCh - Nagoya,SEA,PILOT_TO_PILOT,4,3381,658,5,6,Tosa,Kashino ,32.9133220280093,135.0105466644039,66.3980969893422,12.0,676.1701976499188,145.94001397862542
3382,Shanghai NorthCh - Nagoya,SEA,PILOT_TO_PILOT,4,3382,659,5,6,Tosa,Kashino ,32.91458666342054,135.01421683662633,66.3980969893422,12.0,676.370162637143,145.74004899140118
3383,Shanghai NorthCh - Nagoya,SEA,PILOT_TO_PILOT,4,3383,660,5,6,Tosa,Kashino ,32.915851191585084,135.01788711371748,66.3980969893422,12.0,676.5701276243672,145.54008400417706
3384,Shanghai NorthCh - Nagoya,SEA,PILOT_TO_PILOT,4,3384,661,5,6,Tosa,Kashino ,32.917115612494634,135.02155749567655,66.3980969893422,12.0,676.7700926115913,145.34011901695294
3385,Shanghai NorthCh - Nagoya,SEA,PILOT_TO_PILOT,4,3385,662,5,6,Tosa,Kashino ,32.91837992614098,135.02522798250268,66.3980969893422,12.0,676.9700575988155,145.1401540297287
3386,Shanghai NorthCh - Nagoya,SEA,PILOT_TO_PILOT,4,3386,663,5,6,Tosa,Kashino ,32.91964413251583,135.02889857419504,66.3980969893422,12.0,677.1700225860396,144.94018904250458
3387,Shanghai NorthCh - Nagoya,SEA,PILOT_TO_PILOT,4,3387,664,5,6,Tosa,Kashino ,32.92090823161095,135.03256927075282,66.3980969893422,12.0,677.3699875732639,144.74022405528035
3388,Shanghai NorthCh - Nagoya,SEA,PILOT_TO_PILOT,4,3388,665,5,6,Tosa,Kashino ,32.92217222341809,135.03624007217516,66.3980969893422,12.0,677.569952560488,144.54025906805623
3389,Shanghai NorthCh - Nagoya,SEA,PILOT_TO_PILOT,4,3389,666,5,6,Tosa,Kashino ,32.92343610792898,135.03991097846128,66.3980969893422,12.0,677.7699175477121,144.3402940808321
3390,Shanghai NorthCh - Nagoya,SEA,PILOT_TO_PILOT,4,3390,667,5,6,Tosa,Kashino ,32.92469988513539,135.04358198961026,66.3980969893422,12.0,677.9698825349363,144.14032909360787
3391,Shanghai NorthCh - Nagoya,SEA,PILOT_TO_PILOT,4,3391,668,5,6,Tosa,Kashino ,32.92596355502905,135.04725310562134,66.3980969893422,12.0,678.1698475221605,143.94036410638375
3392,Shanghai NorthCh - Nagoya,SEA,PILOT_TO_PILOT,4,3392,669,5,6,Tosa,Kashino ,32.9272271176017,135.05092432649366,66.3980969893422,12.0,678.3698125093847,143.74039911915952
3393,Shanghai NorthCh - Nagoya,SEA,PILOT_TO_PILOT,4,3393,670,5,6,Tosa,Kashino ,32.928490572845114,135.0545956522263,66.3980969893422,12.0,678.5697774966088,143.5404341319354
3394,Shanghai NorthCh - Nagoya,SEA,PILOT_TO_PILOT,4,3394,671,5,6,Tosa,Kashino ,32.929753920751025,135.05826708281856,66.3980969893422,12.0,678.7697424838329,143.34046914471128
3395,Shanghai NorthCh - Nagoya,SEA,PILOT_TO_PILOT,4,3395,672,5,6,Tosa,Kashino ,32.93101716131116,135.06193861826947,66.3980969893422,12.0,678.9697074710572,143.14050415748704
3396,Shanghai NorthCh - Nagoya,SEA,PILOT_TO_PILOT,4,3396,673,5,6,Tosa,Kashino ,32.932280294517305,135.06561025857823,66.3980969893422,12.0,679.1696724582813,142.94053917026292
3397,Shanghai NorthCh - Nagoya,SEA,PILOT_TO_PILOT,4,3397,674,5,6,Tosa,Kashino ,32.933543320361174,135.06928200374398,66.3980969893422,12.0,679.3696374455055,142.7405741830387
3398,Shanghai NorthCh - Nagoya,SEA,PILOT_TO_PILOT,4,3398,675,5,6,Tosa,Kashino ,32.93480623883452,135.07295385376585,66.3980969893422,12.0,679.5696024327297,142.54060919581457
3399,Shanghai NorthCh - Nagoya,SEA,PILOT_TO_PILOT,4,3399,676,5,6,Tosa,Kashino ,32.9360690499291,135.076625808643,66.3980969893422,12.0,679.7695674199538,142.34064420859045
3400,Shanghai NorthCh - Nagoya,SEA,PILOT_TO_PILOT,4,3400,677,5,6,Tosa,Kashino ,32.93733175363666,135.0802978683746,66.3980969893422,12.0,679.969532407178,142.1406792213662
3401,Shanghai NorthCh - Nagoya,SEA,PILOT_TO_PILOT,4,3401,678,5,6,Tosa,Kashino ,32.938594349948936,135.08397003295974,66.3980969893422,12.0,680.1694973944022,141.94071423414198
3402,Shanghai NorthCh - Nagoya,SEA,PILOT_TO_PILOT,4,3402,679,5,6,Tosa,Kashino ,32.93985683885769,135.0876423023976,66.3980969893422,12.0,680.3694623816264,141.74074924691786
3403,Shanghai NorthCh - Nagoya,SEA,PILOT_TO_PILOT,4,3403,680,5,6,Tosa,Kashino ,32.941119220354665,135.09131467668732,66.3980969893422,12.0,680.5694273688505,141.54078425969374
3404,Shanghai NorthCh - Nagoya,SEA,PILOT_TO_PILOT,4,3404,681,5,6,Tosa,Kashino ,32.942381494431594,135.09498715582797,66.3980969893422,12.0,680.7693923560747,141.3408192724695
3405,Shanghai NorthCh - Nagoya,SEA,PILOT_TO_PILOT,4,3405,682,5,6,Tosa,Kashino ,32.94364366108024,135.09865973981877,66.3980969893422,12.0,680.9693573432988,141.14085428524538
3406,Shanghai NorthCh - Nagoya,SEA,PILOT_TO_PILOT,4,3406,683,5,6,Tosa,Kashino ,32.94490572029234,135.10233242865874,66.3980969893422,12.0,681.1693223305231,140.94088929802115
3407,Shanghai NorthCh - Nagoya,SEA,PILOT_TO_PILOT,4,3407,684,5,6,Tosa,Kashino ,32.94616767205965,135.10600522234714,66.3980969893422,12.0,681.3692873177472,140.74092431079703
3408,Shanghai NorthCh - Nagoya,SEA,PILOT_TO_PILOT,4,3408,685,5,6,Tosa,Kashino ,32.947429516373916,135.109678120883,66.3980969893422,12.0,681.5692523049713,140.5409593235729
3409,Shanghai NorthCh - Nagoya,SEA,PILOT_TO_PILOT,4,3409,686,5,6,Tosa,Kashino ,32.94869125322687,135.11335112426548,66.3980969893422,12.0,681.7692172921955,140.34099433634867
3410,Shanghai NorthCh - Nagoya,SEA,PILOT_TO_PILOT,4,3410,687,5,6,Tosa,Kashino ,32.949952882610276,135.1170242324937,66.3980969893422,12.0,681.9691822794197,140.14102934912455
3411,Shanghai NorthCh - Nagoya,SEA,PILOT_TO_PILOT,4,3411,688,5,6,Tosa,Kashino ,32.95121440451589,135.12069744556675,66.3980969893422,12.0,682.1691472666439,139.94106436190032
3412,Shanghai NorthCh - Nagoya,SEA,PILOT_TO_PILOT,4,3412,689,5,6,Tosa,Kashino ,32.952475818935426,135.12437076348377,66.3980969893422,12.0,682.369112253868,139.7410993746762
3413,Shanghai NorthCh - Nagoya,SEA,PILOT_TO_PILOT,4,3413,690,5,6,Tosa,Kashino ,32.95373712586066,135.1280441862439,66.3980969893422,12.0,682.5690772410921,139.54113438745208
3414,Shanghai NorthCh - Nagoya,SEA,PILOT_TO_PILOT,4,3414,691,5,6,Tosa,Kashino ,32.954998325283334,135.13171771384623,66.3980969893422,12.0,682.7690422283164,139.34116940022784
3415,Shanghai NorthCh - Nagoya,SEA,PILOT_TO_PILOT,4,3415,692,5,6,Tosa,Kashino ,32.95625941719519,135.13539134628988,66.3980969893422,12.0,682.9690072155405,139.14120441300372
3416,Shanghai NorthCh - Nagoya,SEA,PILOT_TO_PILOT,4,3416,693,5,6,Tosa,Kashino ,32.95752040158797,135.1390650835739,66.3980969893422,12.0,683.1689722027647,138.9412394257795
3417,Shanghai NorthCh - Nagoya,SEA,PILOT_TO_PILOT,4,3417,694,5,6,Tosa,Kashino ,32.958781278453436,135.14273892569753,66.3980969893422,12.0,683.3689371899889,138.74127443855537
3418,Shanghai NorthCh - Nagoya,SEA,PILOT_TO_PILOT,4,3418,695,5,6,Tosa,Kashino ,32.960042047783325,135.14641287265974,66.3980969893422,12.0,683.568902177213,138.54130945133124
3419,Shanghai NorthCh - Nagoya,SEA,PILOT_TO_PILOT,4,3419,696,5,6,Tosa,Kashino ,32.96130270956938,135.15008692445966,66.3980969893422,12.0,683.7688671644372,138.341344464107
3420,Shanghai NorthCh - Nagoya,SEA,PILOT_TO_PILOT,4,3420,697,5,6,Tosa,Kashino ,32.96256326380336,135.15376108109646,66.3980969893422,12.0,683.9688321516613,138.1413794768829
3421,Shanghai NorthCh - Nagoya,SEA,PILOT_TO_PILOT,4,3421,698,5,6,Tosa,Kashino ,32.963823710477016,135.1574353425692,66.3980969893422,12.0,684.1687971388856,137.94141448965865
3422,Shanghai NorthCh - Nagoya,SEA,PILOT_TO_PILOT,4,3422,699,5,6,Tosa,Kashino ,32.96508404958208,135.16110970887695,66.3980969893422,12.0,684.3687621261097,137.74144950243453
3423,Shanghai NorthCh - Nagoya,SEA,PILOT_TO_PILOT,4,3423,700,5,6,Tosa,Kashino ,32.9663442811103,135.1647841800188,66.3980969893422,12.0,684.5687271133338,137.5414845152104
3424,Shanghai NorthCh - Nagoya,SEA,PILOT_TO_PILOT,4,3424,701,5,6,Tosa,Kashino ,32.967604405053436,135.16845875599392,66.3980969893422,12.0,684.768692100558,137.34151952798618
3425,Shanghai NorthCh - Nagoya,SEA,PILOT_TO_PILOT,4,3425,702,5,6,Tosa,Kashino ,32.96886442140323,135.17213343680132,66.3980969893422,12.0,684.9686570877823,137.14155454076194
3426,Shanghai NorthCh - Nagoya,SEA,PILOT_TO_PILOT,4,3426,703,5,6,Tosa,Kashino ,32.97012433015144,135.17580822244014,66.3980969893422,12.0,685.1686220750064,136.94158955353782
3427,Shanghai NorthCh - Nagoya,SEA,PILOT_TO_PILOT,4,3427,704,5,6,Tosa,Kashino ,32.97138413128979,135.17948311290942,66.3980969893422,12.0,685.3685870622305,136.7416245663137
3428,Shanghai NorthCh - Nagoya,SEA,PILOT_TO_PILOT,4,3428,705,5,6,Tosa,Kashino ,32.972643824810035,135.1831581082083,66.3980969893422,12.0,685.5685520494548,136.54165957908947
3429,Shanghai NorthCh - Nagoya,SEA,PILOT_TO_PILOT,4,3429,706,5,6,Tosa,Kashino ,32.97390341070393,135.18683320833577,66.3980969893422,12.0,685.7685170366789,136.34169459186535
3430,Shanghai NorthCh - Nagoya,SEA,PILOT_TO_PILOT,4,3430,707,5,6,Tosa,Kashino ,32.97516288896324,135.19050841329104,66.3980969893422,12.0,685.9684820239031,136.1417296046411
3431,Shanghai NorthCh - Nagoya,SEA,PILOT_TO_PILOT,4,3431,708,5,6,Tosa,Kashino ,32.976422259579685,135.19418372307305,66.3980969893422,12.0,686.1684470111272,135.941764617417
3432,Shanghai NorthCh - Nagoya,SEA,PILOT_TO_PILOT,4,3432,709,5,6,Tosa,Kashino ,32.97768152254502,135.19785913768098,66.3980969893422,12.0,686.3684119983513,135.74179963019287
3433,Shanghai NorthCh - Nagoya,SEA,PILOT_TO_PILOT,4,3433,710,5,6,Tosa,Kashino ,32.97894067785098,135.20153465711388,66.3980969893422,12.0,686.5683769855756,135.54183464296864
3434,Shanghai NorthCh - Nagoya,SEA,PILOT_TO_PILOT,4,3434,711,5,6,Tosa,Kashino ,32.98019972548934,135.2052102813708,66.3980969893422,12.0,686.7683419727997,135.34186965574452
3435,Shanghai NorthCh - Nagoya,SEA,PILOT_TO_PILOT,4,3435,712,5,6,Tosa,Kashino ,32.98145866545184,135.20888601045084,66.3980969893422,12.0,686.9683069600239,135.14190466852028
3436,Shanghai NorthCh - Nagoya,SEA,PILOT_TO_PILOT,4,3436,713,5,6,Tosa,Kashino ,32.98271749773021,135.21256184435302,66.3980969893422,12.0,687.1682719472481,134.94193968129616
3437,Shanghai NorthCh - Nagoya,SEA,PILOT_TO_PILOT,4,3437,714,5,6,Tosa,Kashino ,32.983976222316215,135.21623778307642,66.3980969893422,12.0,687.3682369344722,134.74197469407204
3438,Shanghai NorthCh - Nagoya,SEA,PILOT_TO_PILOT,4,3438,715,5,6,Tosa,Kashino ,32.98523483920161,135.21991382662014,66.3980969893422,12.0,687.5682019216964,134.5420097068478
3439,Shanghai NorthCh - Nagoya,SEA,PILOT_TO_PILOT,4,3439,716,5,6,Tosa,Kashino ,32.98649334837812,135.2235899749832,66.3980969893422,12.0,687.7681669089205,134.3420447196237
3440,Shanghai NorthCh - Nagoya,SEA,PILOT_TO_PILOT,4,3440,717,5,6,Tosa,Kashino ,32.98775174983751,135.2272662281647,66.3980969893422,12.0,687.9681318961448,134.14207973239945
3441,Shanghai NorthCh - Nagoya,SEA,PILOT_TO_PILOT,4,3441,718,5,6,Tosa,Kashino ,32.98901004357151,135.23094258616362,66.3980969893422,12.0,688.1680968833689,133.94211474517533
3442,Shanghai NorthCh - Nagoya,SEA,PILOT_TO_PILOT,4,3442,719,5,6,Tosa,Kashino ,32.99026822957188,135.2346190489791,66.3980969893422,12.0,688.368061870593,133.7421497579512
3443,Shanghai NorthCh - Nagoya,SEA,PILOT_TO_PILOT,4,3443,720,5,6,Tosa,Kashino ,32.99152630783038,135.23829561661017,66.3980969893422,12.0,688.5680268578172,133.54218477072698
3444,Shanghai NorthCh - Nagoya,SEA,PILOT_TO_PILOT,4,3444,721,5,6,Tosa,Kashino ,32.992784278338746,135.24197228905587,66.3980969893422,12.0,688.7679918450414,133.34221978350286
3445,Shanghai NorthCh - Nagoya,SEA,PILOT_TO_PILOT,4,3445,722,5,6,Tosa,Kashino ,32.99404214108872,135.24564906631522,66.3980969893422,12.0,688.9679568322656,133.14225479627862
3446,Shanghai NorthCh - Nagoya,SEA,PILOT_TO_PILOT,4,3446,723,5,6,Tosa,Kashino ,32.99529989607206,135.24932594838734,66.3980969893422,12.0,689.1679218194897,132.9422898090545
3447,Shanghai NorthCh - Nagoya,SEA,PILOT_TO_PILOT,4,3447,724,5,6,Tosa,Kashino ,32.99655754328051,135.2530029352712,66.3980969893422,12.0,689.3678868067138,132.74232482183038
3448,Shanghai NorthCh - Nagoya,SEA,PILOT_TO_PILOT,4,3448,725,5,6,Tosa,Kashino ,32.99781508270581,135.25668002696588,66.3980969893422,12.0,689.5678517939381,132.54235983460615
3449,Shanghai NorthCh - Nagoya,SEA,PILOT_TO_PILOT,4,3449,726,5,6,Tosa,Kashino ,32.99907251433973,135.26035722347044,66.3980969893422,12.0,689.7678167811623,132.3423948473819
3450,Shanghai NorthCh - Nagoya,SEA,PILOT_TO_PILOT,4,3450,727,5,6,Tosa,Kashino ,33.000329838174004,135.26403452478385,66.3980969893422,12.0,689.9677817683864,132.1424298601578
3451,Shanghai NorthCh - Nagoya,SEA,PILOT_TO_PILOT,4,3451,728,5,6,Tosa,Kashino ,33.00158705420038,135.2677119309052,66.3980969893422,12.0,690.1677467556106,131.94246487293367
3452,Shanghai NorthCh - Nagoya,SEA,PILOT_TO_PILOT,4,3452,729,5,6,Tosa,Kashino ,33.0028441624106,135.2713894418335,66.3980969893422,12.0,690.3677117428348,131.74249988570944
3453,Shanghai NorthCh - Nagoya,SEA,PILOT_TO_PILOT,4,3453,730,5,6,Tosa,Kashino ,33.004101162796424,135.2750670575678,66.3980969893422,12.0,690.5676767300589,131.54253489848531
3454,Shanghai NorthCh - Nagoya,SEA,PILOT_TO_PILOT,4,3454,731,5,6,Tosa,Kashino ,33.0053580553496,135.27874477810713,66.3980969893422,12.0,690.7676417172831,131.34256991126108
3455,Shanghai NorthCh - Nagoya,SEA,PILOT_TO_PILOT,4,3455,732,5,6,Tosa,Kashino ,33.00661484006187,135.28242260345053,66.3980969893422,12.0,690.9676067045073,131.14260492403696
3456,Shanghai NorthCh - Nagoya,SEA,PILOT_TO_PILOT,4,3456,733,5,6,Tosa,Kashino ,33.007871516924986,135.286100533597,66.3980969893422,12.0,691.1675716917314,130.94263993681284
3457,Shanghai NorthCh - Nagoya,SEA,PILOT_TO_PILOT,4,3457,734,5,6,Tosa,Kashino ,33.0091280859307,135.28977856854553,66.3980969893422,12.0,691.3675366789556,130.7426749495886
3458,Shanghai NorthCh - Nagoya,SEA,PILOT_TO_PILOT,4,3458,735,5,6,Tosa,Kashino ,33.01038454707076,135.29345670829522,66.3980969893422,12.0,691.5675016661797,130.54270996236448
3459,Shanghai NorthCh - Nagoya,SEA,PILOT_TO_PILOT,4,3459,736,5,6,Tosa,Kashino ,33.011640900336886,135.29713495284506,66.3980969893422,12.0,691.767466653404,130.34274497514025
3460,Shanghai NorthCh - Nagoya,SEA,PILOT_TO_PILOT,4,3460,737,5,6,Tosa,Kashino ,33.01289714572088,135.30081330219403,66.3980969893422,12.0,691.9674316406281,130.14277998791613
3461,Shanghai NorthCh - Nagoya,SEA,PILOT_TO_PILOT,4,3461,738,5,6,Tosa,Kashino ,33.01415328321444,135.30449175634118,66.3980969893422,12.0,692.1673966278522,129.942815000692
3462,Shanghai NorthCh - Nagoya,SEA,PILOT_TO_PILOT,4,3462,739,5,6,Tosa,Kashino ,33.015409312809346,135.30817031528554,66.3980969893422,12.0,692.3673616150764,129.74285001346777
3463,Shanghai NorthCh - Nagoya,SEA,PILOT_TO_PILOT,4,3463,740,5,6,Tosa,Kashino ,33.01666523449734,135.31184897902605,66.3980969893422,12.0,692.5673266023006,129.54288502624365
3464,Shanghai NorthCh - Nagoya,SEA,PILOT_TO_PILOT,4,3464,741,5,6,Tosa,Kashino ,33.01792104827016,135.3155277475618,66.3980969893422,12.0,692.7672915895248,129.34292003901942
3465,Shanghai NorthCh - Nagoya,SEA,PILOT_TO_PILOT,4,3465,742,5,6,Tosa,Kashino ,33.01917675411958,135.31920662089178,66.3980969893422,12.0,692.9672565767489,129.1429550517953
3466,Shanghai NorthCh - Nagoya,SEA,PILOT_TO_PILOT,4,3466,743,5,6,Tosa,Kashino ,33.02043235203731,135.32288559901494,66.3980969893422,12.0,693.167221563973,128.94299006457118
3467,Shanghai NorthCh - Nagoya,SEA,PILOT_TO_PILOT,4,3467,744,5,6,Tosa,Kashino ,33.02168784201513,135.32656468193034,66.3980969893422,12.0,693.3671865511973,128.74302507734694
3468,Shanghai NorthCh - Nagoya,SEA,PILOT_TO_PILOT,4,3468,745,5,6,Tosa,Kashino ,33.022943224044774,135.33024386963694,66.3980969893422,12.0,693.5671515384215,128.5430600901227
3469,Shanghai NorthCh - Nagoya,SEA,PILOT_TO_PILOT,4,3469,746,5,6,Tosa,Kashino ,33.024198498118004,135.33392316213377,66.3980969893422,12.0,693.7671165256456,128.3430951028986
3470,Shanghai NorthCh - Nagoya,SEA,PILOT_TO_PILOT,4,3470,747,5,6,Tosa,Kashino ,33.02545366422655,135.33760255941985,66.3980969893422,12.0,693.9670815128698,128.14313011567447
3471,Shanghai NorthCh - Nagoya,SEA,PILOT_TO_PILOT,4,3471,748,5,6,Tosa,Kashino ,33.02670872236218,135.3412820614941,66.3980969893422,12.0,694.167046500094,127.94316512845023
3472,Shanghai NorthCh - Nagoya,SEA,PILOT_TO_PILOT,4,3472,749,5,6,Tosa,Kashino ,33.027963672516634,135.34496166835558,66.3980969893422,12.0,694.3670114873181,127.74320014122611
3473,Shanghai NorthCh - Nagoya,SEA,PILOT_TO_PILOT,4,3473,750,5,6,Tosa,Kashino ,33.02921851468166,135.34864138000324,66.3980969893422,12.0,694.5669764745423,127.54323515400188
3474,Shanghai NorthCh - Nagoya,SEA,PILOT_TO_PILOT,4,3474,751,5,6,Tosa,Kashino ,33.030473248849006,135.35232119643607,66.3980969893422,12.0,694.7669414617665,127.34327016677776
3475,Shanghai NorthCh - Nagoya,SEA,PILOT_TO_PILOT,4,3475,752,5,6,Tosa,Kashino ,33.031727875010425,135.35600111765305,66.3980969893422,12.0,694.9669064489906,127.14330517955364
3476,Shanghai NorthCh - Nagoya,SEA,PILOT_TO_PILOT,4,3476,753,5,6,Tosa,Kashino ,33.03298239315765,135.35968114365323,66.3980969893422,12.0,695.1668714362148,126.9433401923294
3477,Shanghai NorthCh - Nagoya,SEA,PILOT_TO_PILOT,4,3477,754,5,6,Tosa,Kashino ,33.034236803282454,135.36336127443553,66.3980969893422,12.0,695.3668364234389,126.74337520510528
3478,Shanghai NorthCh - Nagoya,SEA,PILOT_TO_PILOT,4,3478,755,5,6,Tosa,Kashino ,33.035491105376586,135.36704150999893,66.3980969893422,12.0,695.5668014106632,126.54341021788105
3479,Shanghai NorthCh - Nagoya,SEA,PILOT_TO_PILOT,4,3479,756,5,6,Tosa,Kashino ,33.03674529943178,135.3707218503424,66.3980969893422,12.0,695.7667663978873,126.34344523065693
3480,Shanghai NorthCh - Nagoya,SEA,PILOT_TO_PILOT,4,3480,757,5,6,Tosa,Kashino ,33.03799938543979,135.37440229546493,66.3980969893422,12.0,695.9667313851114,126.1434802434328
3481,Shanghai NorthCh - Nagoya,SEA,PILOT_TO_PILOT,4,3481,758,5,6,Tosa,Kashino ,33.039253363392355,135.37808284536553,66.3980969893422,12.0,696.1666963723357,125.94351525620857
3482,Shanghai NorthCh - Nagoya,SEA,PILOT_TO_PILOT,4,3482,759,5,6,Tosa,Kashino ,33.04050723328125,135.38176350004312,66.3980969893422,12.0,696.3666613595598,125.74355026898445
3483,Shanghai NorthCh - Nagoya,SEA,PILOT_TO_PILOT,4,3483,760,5,6,Tosa,Kashino ,33.0417609950982,135.3854442594967,66.3980969893422,12.0,696.566626346784,125.54358528176022
3484,Shanghai NorthCh - Nagoya,SEA,PILOT_TO_PILOT,4,3484,761,5,6,Tosa,Kashino ,33.04301464883497,135.3891251237252,66.3980969893422,12.0,696.7665913340081,125.3436202945361
3485,Shanghai NorthCh - Nagoya,SEA,PILOT_TO_PILOT,4,3485,762,5,6,Tosa,Kashino ,33.0442681944833,135.39280609272762,66.3980969893422,12.0,696.9665563212322,125.14365530731197
3486,Shanghai NorthCh - Nagoya,SEA,PILOT_TO_PILOT,4,3486,763,5,6,Tosa,Kashino ,33.04552163203494,135.3964871665029,66.3980969893422,12.0,697.1665213084565,124.94369032008774
3487,Shanghai NorthCh - Nagoya,SEA,PILOT_TO_PILOT,4,3487,764,5,6,Tosa,Kashino ,33.04677496148165,135.40016834505005,66.3980969893422,12.0,697.3664862956806,124.74372533286362
3488,Shanghai NorthCh - Nagoya,SEA,PILOT_TO_PILOT,4,3488,765,5,6,Tosa,Kashino ,33.04802818281516,135.40384962836794,66.3980969893422,12.0,697.5664512829048,124.54376034563938
3489,Shanghai NorthCh - Nagoya,SEA,PILOT_TO_PILOT,4,3489,766,5,6,Tosa,Kashino ,33.049281296027246,135.4075310164556,66.3980969893422,12.0,697.766416270129,124.34379535841526
3490,Shanghai NorthCh - Nagoya,SEA,PILOT_TO_PILOT,4,3490,767,5,6,Tosa,Kashino ,33.05053430110963,135.41121250931198,66.3980969893422,12.0,697.9663812573531,124.14383037119114
3491,Shanghai NorthCh - Nagoya,SEA,PILOT_TO_PILOT,4,3491,768,5,6,Tosa,Kashino ,33.05178719805408,135.41489410693598,66.3980969893422,12.0,698.1663462445773,123.94386538396691
3492,Shanghai NorthCh - Nagoya,SEA,PILOT_TO_PILOT,4,3492,769,5,6,Tosa,Kashino ,33.05303998685233,135.4185758093266,66.3980969893422,12.0,698.3663112318015,123.74390039674267
3493,Shanghai NorthCh - Nagoya,SEA,PILOT_TO_PILOT,4,3493,770,5,6,Tosa,Kashino ,33.05429266749615,135.4222576164828,66.3980969893422,12.0,698.5662762190257,123.54393540951855
3494,Shanghai NorthCh - Nagoya,SEA,PILOT_TO_PILOT,4,3494,771,5,6,Tosa,Kashino ,33.05554523997728,135.42593952840346,66.3980969893422,12.0,698.7662412062498,123.34397042229443
3495,Shanghai NorthCh - Nagoya,SEA,PILOT_TO_PILOT,4,3495,772,5,6,Tosa,Kashino ,33.056797704287455,135.42962154508757,66.3980969893422,12.0,698.966206193474,123.1440054350702
3496,Shanghai NorthCh - Nagoya,SEA,PILOT_TO_PILOT,4,3496,773,5,6,Tosa,Kashino ,33.058050060418445,135.43330366653407,66.3980969893422,12.0,699.1661711806981,122.94404044784608
3497,Shanghai NorthCh - Nagoya,SEA,PILOT_TO_PILOT,4,3497,774,5,6,Tosa,Kashino ,33.059302308362,135.43698589274186,66.3980969893422,12.0,699.3661361679224,122.74407546062184
3498,Shanghai NorthCh - Nagoya,SEA,PILOT_TO_PILOT,4,3498,775,5,6,Tosa,Kashino ,33.060554448109855,135.44066822370993,66.3980969893422,12.0,699.5661011551465,122.54411047339772
3499,Shanghai NorthCh - Nagoya,SEA,PILOT_TO_PILOT,4,3499,776,5,6,Tosa,Kashino ,33.061806479653775,135.44435065943722,66.3980969893422,12.0,699.7660661423706,122.3441454861736
3500,Shanghai NorthCh - Nagoya,SEA,PILOT_TO_PILOT,4,3500,777,5,6,Tosa,Kashino ,33.0630584029855,135.4480331999226,66.3980969893422,12.0,699.9660311295949,122.14418049894937
3501,Shanghai NorthCh - Nagoya,SEA,PILOT_TO_PILOT,4,3501,778,5,6,Tosa,Kashino ,33.06431021809678,135.45171584516507,66.3980969893422,12.0,700.165996116819,121.94421551172525
3502,Shanghai NorthCh - Nagoya,SEA,PILOT_TO_PILOT,4,3502,779,5,6,Tosa,Kashino ,33.06556192497937,135.45539859516353,66.3980969893422,12.0,700.3659611040432,121.74425052450101
3503,Shanghai NorthCh - Nagoya,SEA,PILOT_TO_PILOT,4,3503,780,5,6,Tosa,Kashino ,33.06681352362502,135.45908144991685,66.3980969893422,12.0,700.5659260912673,121.54428553727689
3504,Shanghai NorthCh - Nagoya,SEA,PILOT_TO_PILOT,4,3504,781,5,6,Tosa,Kashino ,33.068065014025464,135.4627644094241,66.3980969893422,12.0,700.7658910784914,121.34432055005277
3505,Shanghai NorthCh - Nagoya,SEA,PILOT_TO_PILOT,4,3505,782,5,6,Tosa,Kashino ,33.069316396172475,135.46644747368404,66.3980969893422,12.0,700.9658560657157,121.14435556282854
3506,Shanghai NorthCh - Nagoya,SEA,PILOT_TO_PILOT,4,3506,783,5,6,Tosa,Kashino ,33.07056767005779,135.4701306426957,66.3980969893422,12.0,701.1658210529398,120.94439057560442
3507,Shanghai NorthCh - Nagoya,SEA,PILOT_TO_PILOT,4,3507,784,5,6,Tosa,Kashino ,33.07181883567317,135.47381391645794,66.3980969893422,12.0,701.365786040164,120.74442558838018
3508,Shanghai NorthCh - Nagoya,SEA,PILOT_TO_PILOT,4,3508,785,5,6,Tosa,Kashino ,33.073069893010356,135.4774972949697,66.3980969893422,12.0,701.5657510273882,120.54446060115606
3509,Shanghai NorthCh - Nagoya,SEA,PILOT_TO_PILOT,4,3509,786,5,6,Tosa,Kashino ,33.0743208420611,135.4811807782299,66.3980969893422,12.0,701.7657160146123,120.34449561393194
3510,Shanghai NorthCh - Nagoya,SEA,PILOT_TO_PILOT,4,3510,787,5,6,Tosa,Kashino ,33.075571682817156,135.48486436623745,66.3980969893422,12.0,701.9656810018365,120.1445306267077
3511,Shanghai NorthCh - Nagoya,SEA,PILOT_TO_PILOT,4,3511,788,5,6,Tosa,Kashino ,33.076822415270264,135.48854805899126,66.3980969893422,12.0,702.1656459890606,119.94456563948359
3512,Shanghai NorthCh - Nagoya,SEA,PILOT_TO_PILOT,4,3512,789,5,6,Tosa,Kashino ,33.07807303941219,135.4922318564902,66.3980969893422,12.0,702.3656109762849,119.74460065225935
3513,Shanghai NorthCh - Nagoya,SEA,PILOT_TO_PILOT,4,3513,790,5,6,Tosa,Kashino ,33.07932355523467,135.49591575873325,66.3980969893422,12.0,702.565575963509,119.54463566503523
3514,Shanghai NorthCh - Nagoya,SEA,PILOT_TO_PILOT,4,3514,791,5,6,Tosa,Kashino ,33.08057396272946,135.49959976571927,66.3980969893422,12.0,702.7655409507331,119.34467067781111
3515,Shanghai NorthCh - Nagoya,SEA,PILOT_TO_PILOT,4,3515,792,5,6,Tosa,Kashino ,33.081824261888315,135.50328387744713,66.3980969893422,12.0,702.9655059379573,119.14470569058687
3516,Shanghai NorthCh - Nagoya,SEA,PILOT_TO_PILOT,4,3516,793,5,6,Tosa,Kashino ,33.083074452702974,135.5069680939158,66.3980969893422,12.0,703.1654709251816,118.94474070336264
3517,Shanghai NorthCh - Nagoya,SEA,PILOT_TO_PILOT,4,3517,794,5,6,Tosa,Kashino ,33.084324535165194,135.51065241512413,66.3980969893422,12.0,703.3654359124057,118.74477571613852
3518,Shanghai NorthCh - Nagoya,SEA,PILOT_TO_PILOT,4,3518,795,5,6,Tosa,Kashino ,33.085574509266735,135.514336841071,66.3980969893422,12.0,703.5654008996298,118.5448107289144
3519,Shanghai NorthCh - Nagoya,SEA,PILOT_TO_PILOT,4,3519,796,5,6,Tosa,Kashino ,33.086824374999324,135.51802137175534,66.3980969893422,12.0,703.765365886854,118.34484574169016
3520,Shanghai NorthCh - Nagoya,SEA,PILOT_TO_PILOT,4,3520,797,5,6,Tosa,Kashino ,33.08807413235475,135.52170600717605,66.3980969893422,12.0,703.9653308740782,118.14488075446604
3521,Shanghai NorthCh - Nagoya,SEA,PILOT_TO_PILOT,4,3521,798,5,6,Tosa,Kashino ,33.089323781324715,135.52539074733198,66.3980969893422,12.0,704.1652958613024,117.94491576724181
3522,Shanghai NorthCh - Nagoya,SEA,PILOT_TO_PILOT,4,3522,799,5,6,Tosa,Kashino ,33.090573321901005,135.52907559222206,66.3980969893422,12.0,704.3652608485265,117.74495078001769
3523,Shanghai NorthCh - Nagoya,SEA,PILOT_TO_PILOT,4,3523,800,5,6,Tosa,Kashino ,33.091822754075366,135.53276054184514,66.3980969893422,12.0,704.5652258357507,117.54498579279357
3524,Shanghai NorthCh - Nagoya,SEA,PILOT_TO_PILOT,4,3524,801,5,6,Tosa,Kashino ,33.09307207783954,135.53644559620008,66.3980969893422,12.0,704.7651908229749,117.34502080556933
3525,Shanghai NorthCh - Nagoya,SEA,PILOT_TO_PILOT,4,3525,802,5,6,Tosa,Kashino ,33.094321293185274,135.54013075528584,66.3980969893422,12.0,704.965155810199,117.14505581834521
3526,Shanghai NorthCh - Nagoya,SEA,PILOT_TO_PILOT,4,3526,803,5,6,Tosa,Kashino ,33.09557040010434,135.54381601910123,66.3980969893422,12.0,705.1651207974232,116.94509083112098
3527,Shanghai NorthCh - Nagoya,SEA,PILOT_TO_PILOT,4,3527,804,5,6,Tosa,Kashino ,33.096819398588465,135.54750138764516,66.3980969893422,12.0,705.3650857846474,116.74512584389686
3528,Shanghai NorthCh - Nagoya,SEA,PILOT_TO_PILOT,4,3528,805,5,6,Tosa,Kashino ,33.09806828862941,135.5511868609165,66.3980969893422,12.0,705.5650507718715,116.54516085667274
3529,Shanghai NorthCh - Nagoya,SEA,PILOT_TO_PILOT,4,3529,806,5,6,Tosa,Kashino ,33.09931707021894,135.55487243891406,66.3980969893422,12.0,705.7650157590957,116.3451958694485
3530,Shanghai NorthCh - Nagoya,SEA,PILOT_TO_PILOT,4,3530,807,5,6,Tosa,Kashino ,33.100565743348774,135.55855812163682,66.3980969893422,12.0,705.9649807463198,116.14523088222438
3531,Shanghai NorthCh - Nagoya,SEA,PILOT_TO_PILOT,4,3531,808,5,6,Tosa,Kashino ,33.10181430801069,135.56224390908358,66.3980969893422,12.0,706.1649457335441,115.94526589500015
3532,Shanghai NorthCh - Nagoya,SEA,PILOT_TO_PILOT,4,3532,809,5,6,Tosa,Kashino ,33.10306276419643,135.56592980125322,66.3980969893422,12.0,706.3649107207682,115.74530090777603
3533,Shanghai NorthCh - Nagoya,SEA,PILOT_TO_PILOT,4,3533,810,5,6,Tosa,Kashino ,33.10431111189775,135.56961579814458,66.3980969893422,12.0,706.5648757079923,115.5453359205519
3534,Shanghai NorthCh - Nagoya,SEA,PILOT_TO_PILOT,4,3534,811,5,6,Tosa,Kashino ,33.10555935110639,135.57330189975656,66.3980969893422,12.0,706.7648406952165,115.34537093332767
3535,Shanghai NorthCh - Nagoya,SEA,PILOT_TO_PILOT,4,3535,812,5,6,Tosa,Kashino ,33.10680748181411,135.57698810608804,66.3980969893422,12.0,706.9648056824408,115.14540594610344
3536,Shanghai NorthCh - Nagoya,SEA,PILOT_TO_PILOT,4,3536,813,5,6,Tosa,Kashino ,33.108055504012654,135.5806744171378,66.3980969893422,12.0,707.1647706696649,114.94544095887932
3537,Shanghai NorthCh - Nagoya,SEA,PILOT_TO_PILOT,4,3537,814,5,6,Tosa,Kashino ,33.109303417693795,135.58436083290474,66.3980969893422,12.0,707.364735656889,114.7454759716552
3538,Shanghai NorthCh - Nagoya,SEA,PILOT_TO_PILOT,4,3538,815,5,6,Tosa,Kashino ,33.11055122284926,135.58804735338768,66.3980969893422,12.0,707.5647006441133,114.54551098443096
3539,Shanghai NorthCh - Nagoya,SEA,PILOT_TO_PILOT,4,3539,816,5,6,Tosa,Kashino ,33.11179891947081,135.59173397858552,66.3980969893422,12.0,707.7646656313374,114.34554599720684
3540,Shanghai NorthCh - Nagoya,SEA,PILOT_TO_PILOT,4,3540,817,5,6,Tosa,Kashino ,33.11304650755019,135.59542070849713,66.3980969893422,12.0,707.9646306185616,114.1455810099826
3541,Shanghai NorthCh - Nagoya,SEA,PILOT_TO_PILOT,4,3541,818,5,6,Tosa,Kashino ,33.114293987079165,135.59910754312125,66.3980969893422,12.0,708.1645956057857,113.94561602275849
3542,Shanghai NorthCh - Nagoya,SEA,PILOT_TO_PILOT,4,3542,819,5,6,Tosa,Kashino ,33.11554135804947,135.6027944824568,66.3980969893422,12.0,708.3645605930099,113.74565103553437
3543,Shanghai NorthCh - Nagoya,SEA,PILOT_TO_PILOT,4,3543,820,5,6,Tosa,Kashino ,33.116788620452866,135.60648152650265,66.3980969893422,12.0,708.5645255802341,113.54568604831013
3544,Shanghai NorthCh - Nagoya,SEA,PILOT_TO_PILOT,4,3544,821,5,6,Tosa,Kashino ,33.118035774281104,135.61016867525757,66.3980969893422,12.0,708.7644905674582,113.34572106108601
3545,Shanghai NorthCh - Nagoya,SEA,PILOT_TO_PILOT,4,3545,822,5,6,Tosa,Kashino ,33.11928281952594,135.61385592872045,66.3980969893422,12.0,708.9644555546824,113.14575607386178
3546,Shanghai NorthCh - Nagoya,SEA,PILOT_TO_PILOT,4,3546,823,5,6,Tosa,Kashino ,33.120529756179124,135.61754328689008,66.3980969893422,12.0,709.1644205419066,112.94579108663766
3547,Shanghai NorthCh - Nagoya,SEA,PILOT_TO_PILOT,4,3547,824,5,6,Tosa,Kashino ,33.12177658423239,135.62123074976532,66.3980969893422,12.0,709.3643855291307,112.74582609941353
3548,Shanghai NorthCh - Nagoya,SEA,PILOT_TO_PILOT,4,3548,825,5,6,Tosa,Kashino ,33.12302330367753,135.62491831734502,66.3980969893422,12.0,709.5643505163549,112.5458611121893
3549,Shanghai NorthCh - Nagoya,SEA,PILOT_TO_PILOT,4,3549,826,5,6,Tosa,Kashino ,33.12426991450625,135.62860598962797,66.3980969893422,12.0,709.764315503579,112.34589612496518
3550,Shanghai NorthCh - Nagoya,SEA,PILOT_TO_PILOT,4,3550,827,5,6,Tosa,Kashino ,33.12551641671032,135.63229376661306,66.3980969893422,12.0,709.9642804908033,112.14593113774094
3551,Shanghai NorthCh - Nagoya,SEA,PILOT_TO_PILOT,4,3551,828,5,6,Tosa,Kashino ,33.12676281028151,135.635981648299,66.3980969893422,12.0,710.1642454780274,111.94596615051682
3552,Shanghai NorthCh - Nagoya,SEA,PILOT_TO_PILOT,4,3552,829,5,6,Tosa,Kashino ,33.128009095211546,135.63966963468474,66.3980969893422,12.0,710.3642104652515,111.7460011632927
3553,Shanghai NorthCh - Nagoya,SEA,PILOT_TO_PILOT,4,3553,830,5,6,Tosa,Kashino ,33.12925527149219,135.64335772576908,66.3980969893422,12.0,710.5641754524758,111.54603617606847
3554,Shanghai NorthCh - Nagoya,SEA,PILOT_TO_PILOT,4,3554,831,5,6,Tosa,Kashino ,33.130501339115206,135.64704592155076,66.3980969893422,12.0,710.7641404396999,111.34607118884435
3555,Shanghai NorthCh - Nagoya,SEA,PILOT_TO_PILOT,4,3555,832,5,6,Tosa,Kashino ,33.13174729807232,135.65073422202863,66.3980969893422,12.0,710.9641054269241,111.14610620162011
3556,Shanghai NorthCh - Nagoya,SEA,PILOT_TO_PILOT,4,3556,833,5,6,Tosa,Kashino ,33.13299314835532,135.65442262720157,66.3980969893422,12.0,711.1640704141482,110.946141214396
3557,Shanghai NorthCh - Nagoya,SEA,PILOT_TO_PILOT,4,3557,834,5,6,Tosa,Kashino ,33.13423888995591,135.6581111370683,66.3980969893422,12.0,711.3640354013723,110.74617622717187
3558,Shanghai NorthCh - Nagoya,SEA,PILOT_TO_PILOT,4,3558,835,5,6,Tosa,Kashino ,33.135484522865895,135.66179975162765,66.3980969893422,12.0,711.5640003885966,110.54621123994764
3559,Shanghai NorthCh - Nagoya,SEA,PILOT_TO_PILOT,4,3559,836,5,6,Tosa,Kashino ,33.13673004707699,135.6654884708785,66.3980969893422,12.0,711.7639653758208,110.3462462527234
3560,Shanghai NorthCh - Nagoya,SEA,PILOT_TO_PILOT,4,3560,837,5,6,Tosa,Kashino ,33.13797546258095,135.66917729481963,66.3980969893422,12.0,711.9639303630449,110.14628126549928
3561,Shanghai NorthCh - Nagoya,SEA,PILOT_TO_PILOT,4,3561,838,5,6,Tosa,Kashino ,33.13922076936956,135.67286622344977,66.3980969893422,12.0,712.1638953502691,109.94631627827516
3562,Shanghai NorthCh - Nagoya,SEA,PILOT_TO_PILOT,4,3562,839,5,6,Tosa,Kashino ,33.14046596743453,135.67655525676778,66.3980969893422,12.0,712.3638603374933,109.74635129105093
3563,Shanghai NorthCh - Nagoya,SEA,PILOT_TO_PILOT,4,3563,840,5,6,Tosa,Kashino ,33.14171105676764,135.68024439477244,66.3980969893422,12.0,712.5638253247174,109.54638630382681
3564,Shanghai NorthCh - Nagoya,SEA,PILOT_TO_PILOT,4,3564,841,5,6,Tosa,Kashino ,33.14295603736063,135.6839336374626,66.3980969893422,12.0,712.7637903119416,109.34642131660257
3565,Shanghai NorthCh - Nagoya,SEA,PILOT_TO_PILOT,4,3565,842,5,6,Tosa,Kashino ,33.14420090920526,135.68762298483696,66.3980969893422,12.0,712.9637552991658,109.14645632937845
3566,Shanghai NorthCh - Nagoya,SEA,PILOT_TO_PILOT,4,3566,843,5,6,Tosa,Kashino ,33.145445672293285,135.69131243689444,66.3980969893422,12.0,713.1637202863899,108.94649134215433
3567,Shanghai NorthCh - Nagoya,SEA,PILOT_TO_PILOT,4,3567,844,5,6,Tosa,Kashino ,33.14669032661645,135.69500199363372,66.3980969893422,12.0,713.3636852736141,108.7465263549301
3568,Shanghai NorthCh - Nagoya,SEA,PILOT_TO_PILOT,4,3568,845,5,6,Tosa,Kashino ,33.1479348721665,135.69869165505364,66.3980969893422,12.0,713.5636502608382,108.54656136770598
3569,Shanghai NorthCh - Nagoya,SEA,PILOT_TO_PILOT,4,3569,846,5,6,Tosa,Kashino ,33.14917930893521,135.70238142115298,66.3980969893422,12.0,713.7636152480625,108.34659638048174
3570,Shanghai NorthCh - Nagoya,SEA,PILOT_TO_PILOT,4,3570,847,5,6,Tosa,Kashino ,33.15042363691431,135.70607129193053,66.3980969893422,12.0,713.9635802352866,108.14663139325762
3571,Shanghai NorthCh - Nagoya,SEA,PILOT_TO_PILOT,4,3571,848,5,6,Tosa,Kashino ,33.15166785609557,135.70976126738503,66.3980969893422,12.0,714.1635452225107,107.9466664060335
3572,Shanghai NorthCh - Nagoya,SEA,PILOT_TO_PILOT,4,3572,849,5,6,Tosa,Kashino ,33.15291196647074,135.71345134751533,66.3980969893422,12.0,714.363510209735,107.74670141880927
3573,Shanghai NorthCh - Nagoya,SEA,PILOT_TO_PILOT,4,3573,850,5,6,Tosa,Kashino ,33.154155968031574,135.71714153232017,66.3980969893422,12.0,714.5634751969591,107.54673643158515
3574,Shanghai NorthCh - Nagoya,SEA,PILOT_TO_PILOT,4,3574,851,5,6,Tosa,Kashino ,33.15539986076981,135.72083182179836,66.3980969893422,12.0,714.7634401841833,107.34677144436091
3575,Shanghai NorthCh - Nagoya,SEA,PILOT_TO_PILOT,4,3575,852,5,6,Tosa,Kashino ,33.15664364467721,135.7245222159486,66.3980969893422,12.0,714.9634051714074,107.14680645713679
3576,Shanghai NorthCh - Nagoya,SEA,PILOT_TO_PILOT,4,3576,853,5,6,Tosa,Kashino ,33.15788731974554,135.72821271476974,66.3980969893422,12.0,715.1633701586316,106.94684146991267
3577,Shanghai NorthCh - Nagoya,SEA,PILOT_TO_PILOT,4,3577,854,5,6,Tosa,Kashino ,33.15913088596653,135.7319033182605,66.3980969893422,12.0,715.3633351458558,106.74687648268844
3578,Shanghai NorthCh - Nagoya,SEA,PILOT_TO_PILOT,4,3578,855,5,6,Tosa,Kashino ,33.160374343331945,135.73559402641968,66.3980969893422,12.0,715.5633001330799,106.54691149546431
3579,Shanghai NorthCh - Nagoya,SEA,PILOT_TO_PILOT,4,3579,856,5,6,Tosa,Kashino ,33.16161769183355,135.739284839246,66.3980969893422,12.0,715.7632651203041,106.34694650824008
3580,Shanghai NorthCh - Nagoya,SEA,PILOT_TO_PILOT,4,3580,857,5,6,Tosa,Kashino ,33.16286093146308,135.74297575673833,66.3980969893422,12.0,715.9632301075283,106.14698152101596
3581,Shanghai NorthCh - Nagoya,SEA,PILOT_TO_PILOT,4,3581,858,5,6,Tosa,Kashino ,33.1641040622123,135.7466667788953,66.3980969893422,12.0,716.1631950947524,105.94701653379184
3582,Shanghai NorthCh - Nagoya,SEA,PILOT_TO_PILOT,4,3582,859,5,6,Tosa,Kashino ,33.165347084072955,135.75035790571573,66.3980969893422,12.0,716.3631600819766,105.7470515465676
3583,Shanghai NorthCh - Nagoya,SEA,PILOT_TO_PILOT,4,3583,860,5,6,Tosa,Kashino ,33.1665899970368,135.75404913719836,66.3980969893422,12.0,716.5631250692009,105.54708655934337
3584,Shanghai NorthCh - Nagoya,SEA,PILOT_TO_PILOT,4,3584,861,5,6,Tosa,Kashino ,33.1678328010956,135.75774047334204,66.3980969893422,12.0,716.763090056425,105.34712157211925
3585,Shanghai NorthCh - Nagoya,SEA,PILOT_TO_PILOT,4,3585,862,5,6,Tosa,Kashino ,33.16907549624109,135.76143191414536,66.3980969893422,12.0,716.9630550436491,105.14715658489513
3586,Shanghai NorthCh - Nagoya,SEA,PILOT_TO_PILOT,4,3586,863,5,6,Tosa,Kashino ,33.170318082465045,135.7651234596072,66.3980969893422,12.0,717.1630200308733,104.9471915976709
3587,Shanghai NorthCh - Nagoya,SEA,PILOT_TO_PILOT,4,3587,864,5,6,Tosa,Kashino ,33.17156055975921,135.76881510972623,66.3980969893422,12.0,717.3629850180974,104.74722661044677
3588,Shanghai NorthCh - Nagoya,SEA,PILOT_TO_PILOT,4,3588,865,5,6,Tosa,Kashino ,33.17280292811532,135.77250686450125,66.3980969893422,12.0,717.5629500053217,104.54726162322254
3589,Shanghai NorthCh - Nagoya,SEA,PILOT_TO_PILOT,4,3589,866,5,6,Tosa,Kashino ,33.17404518752514,135.776198723931,66.3980969893422,12.0,717.7629149925458,104.34729663599842
3590,Shanghai NorthCh - Nagoya,SEA,PILOT_TO_PILOT,4,3590,867,5,6,Tosa,Kashino ,33.175287337980436,135.77989068801418,66.3980969893422,12.0,717.9628799797699,104.1473316487743
3591,Shanghai NorthCh - Nagoya,SEA,PILOT_TO_PILOT,4,3591,868,5,6,Tosa,Kashino ,33.17652937947296,135.78358275674958,66.3980969893422,12.0,718.1628449669942,103.94736666155006
3592,Shanghai NorthCh - Nagoya,SEA,PILOT_TO_PILOT,4,3592,869,5,6,Tosa,Kashino ,33.17777131199444,135.7872749301359,66.3980969893422,12.0,718.3628099542183,103.74740167432594
3593,Shanghai NorthCh - Nagoya,SEA,PILOT_TO_PILOT,4,3593,870,5,6,Tosa,Kashino ,33.17901313553667,135.79096720817188,66.3980969893422,12.0,718.5627749414425,103.54743668710171
3594,Shanghai NorthCh - Nagoya,SEA,PILOT_TO_PILOT,4,3594,871,5,6,Tosa,Kashino ,33.18025485009139,135.7946595908563,66.3980969893422,12.0,718.7627399286666,103.34747169987759
3595,Shanghai NorthCh - Nagoya,SEA,PILOT_TO_PILOT,4,3595,872,5,6,Tosa,Kashino ,33.18149645565033,135.79835207818786,66.3980969893422,12.0,718.9627049158908,103.14750671265347
3596,Shanghai NorthCh - Nagoya,SEA,PILOT_TO_PILOT,4,3596,873,5,6,Tosa,Kashino ,33.18273795220527,135.80204467016526,66.3980969893422,12.0,719.162669903115,102.94754172542923
3597,Shanghai NorthCh - Nagoya,SEA,PILOT_TO_PILOT,4,3597,874,5,6,Tosa,Kashino ,33.18397933974796,135.80573736678724,66.3980969893422,12.0,719.3626348903391,102.74757673820511
3598,Shanghai NorthCh - Nagoya,SEA,PILOT_TO_PILOT,4,3598,875,5,6,Tosa,Kashino ,33.185220618270144,135.8094301680526,66.3980969893422,12.0,719.5625998775633,102.54761175098088
3599,Shanghai NorthCh - Nagoya,SEA,PILOT_TO_PILOT,4,3599,876,5,6,Tosa,Kashino ,33.186461787763584,135.81312307395993,66.3980969893422,12.0,719.7625648647875,102.34764676375676
3600,Shanghai NorthCh - Nagoya,SEA,PILOT_TO_PILOT,4,3600,877,5,6,Tosa,Kashino ,33.18770284822004,135.81681608450808,66.3980969893422,12.0,719.9625298520116,102.14768177653264
3601,Shanghai NorthCh - Nagoya,SEA,PILOT_TO_PILOT,4,3601,878,5,6,Tosa,Kashino ,33.188943799631254,135.82050919969572,66.3980969893422,12.0,720.1624948392358,101.9477167893084
3602,Shanghai NorthCh - Nagoya,SEA,PILOT_TO_PILOT,4,3602,879,5,6,Tosa,Kashino ,33.190184641988985,135.8242024195215,66.3980969893422,12.0,720.36245982646,101.74775180208417
3603,Shanghai NorthCh - Nagoya,SEA,PILOT_TO_PILOT,4,3603,880,5,6,Tosa,Kashino ,33.19142537528499,135.82789574398424,66.3980969893422,12.0,720.5624248136842,101.54778681486005
3604,Shanghai NorthCh - Nagoya,SEA,PILOT_TO_PILOT,4,3604,881,5,6,Tosa,Kashino ,33.19266599951103,135.8315891730826,66.3980969893422,12.0,720.7623898009083,101.34782182763593
3605,Shanghai NorthCh - Nagoya,SEA,PILOT_TO_PILOT,4,3605,882,5,6,Tosa,Kashino ,33.19390651465884,135.8352827068153,66.3980969893422,12.0,720.9623547881325,101.14785684041169
3606,Shanghai NorthCh - Nagoya,SEA,PILOT_TO_PILOT,4,3606,883,5,6,Tosa,Kashino ,33.1951469207202,135.83897634518104,66.3980969893422,12.0,721.1623197753567,100.94789185318757
3607,Shanghai NorthCh - Nagoya,SEA,PILOT_TO_PILOT,4,3607,884,5,6,Tosa,Kashino ,33.19638721768684,135.84267008817852,66.3980969893422,12.0,721.3622847625809,100.74792686596334
3608,Shanghai NorthCh - Nagoya,SEA,PILOT_TO_PILOT,4,3608,885,5,6,Tosa,Kashino ,33.19762740555052,135.8463639358065,66.3980969893422,12.0,721.562249749805,100.54796187873922
3609,Shanghai NorthCh - Nagoya,SEA,PILOT_TO_PILOT,4,3609,886,5,6,Tosa,Kashino ,33.198867484303015,135.85005788806362,66.3980969893422,12.0,721.7622147370291,100.3479968915151
3610,Shanghai NorthCh - Nagoya,SEA,PILOT_TO_PILOT,4,3610,887,5,6,Tosa,Kashino ,33.20010745393607,135.85375194494858,66.3980969893422,12.0,721.9621797242534,100.14803190429086
3611,Shanghai NorthCh - Nagoya,SEA,PILOT_TO_PILOT,4,3611,888,5,6,Tosa,Kashino ,33.20134731444142,135.8574461064601,66.3980969893422,12.0,722.1621447114775,99.94806691706674
3612,Shanghai NorthCh - Nagoya,SEA,PILOT_TO_PILOT,4,3612,889,5,6,Tosa,Kashino ,33.202587065810846,135.86114037259688,66.3980969893422,12.0,722.3621096987017,99.7481019298425
3613,Shanghai NorthCh - Nagoya,SEA,PILOT_TO_PILOT,4,3613,890,5,6,Tosa,Kashino ,33.20382670803609,135.8648347433576,66.3980969893422,12.0,722.5620746859258,99.54813694261838
3614,Shanghai NorthCh - Nagoya,SEA,PILOT_TO_PILOT,4,3614,891,5,6,Tosa,Kashino ,33.20506624110891,135.86852921874095,66.3980969893422,12.0,722.76203967315,99.34817195539426
3615,Shanghai NorthCh - Nagoya,SEA,PILOT_TO_PILOT,4,3615,892,5,6,Tosa,Kashino ,33.20630566502107,135.87222379874564,66.3980969893422,12.0,722.9620046603742,99.14820696817003
3616,Shanghai NorthCh - Nagoya,SEA,PILOT_TO_PILOT,4,3616,893,5,6,Tosa,Kashino ,33.2075449797643,135.87591848337033,66.3980969893422,12.0,723.1619696475983,98.94824198094591
3617,Shanghai NorthCh - Nagoya,SEA,PILOT_TO_PILOT,4,3617,894,5,6,Tosa,Kashino ,33.20878418533037,135.87961327261374,66.3980969893422,12.0,723.3619346348225,98.74827699372167
3618,Shanghai NorthCh - Nagoya,SEA,PILOT_TO_PILOT,4,3618,895,5,6,Tosa,Kashino ,33.21002328171105,135.8833081664745,66.3980969893422,12.0,723.5618996220467,98.54831200649755
3619,Shanghai NorthCh - Nagoya,SEA,PILOT_TO_PILOT,4,3619,896,5,6,Tosa,Kashino ,33.21126226889808,135.88700316495132,66.3980969893422,12.0,723.7618646092708,98.34834701927343
3620,Shanghai NorthCh - Nagoya,SEA,PILOT_TO_PILOT,4,3620,897,5,6,Tosa,Kashino ,33.21250114688322,135.8906982680429,66.3980969893422,12.0,723.961829596495,98.1483820320492
3621,Shanghai NorthCh - Nagoya,SEA,PILOT_TO_PILOT,4,3621,898,5,6,Tosa,Kashino ,33.21373991565821,135.89439347574788,66.3980969893422,12.0,724.1617945837191,97.94841704482508
3622,Shanghai NorthCh - Nagoya,SEA,PILOT_TO_PILOT,4,3622,899,5,6,Tosa,Kashino ,33.21497857521483,135.89808878806497,66.3980969893422,12.0,724.3617595709434,97.74845205760084
3623,Shanghai NorthCh - Nagoya,SEA,PILOT_TO_PILOT,4,3623,900,5,6,Tosa,Kashino ,33.21621712554482,135.9017842049928,66.3980969893422,12.0,724.5617245581675,97.54848707037672
3624,Shanghai NorthCh - Nagoya,SEA,PILOT_TO_PILOT,4,3624,901,5,6,Tosa,Kashino ,33.21745556663995,135.90547972653005,66.3980969893422,12.0,724.7616895453916,97.3485220831526
3625,Shanghai NorthCh - Nagoya,SEA,PILOT_TO_PILOT,4,3625,902,5,6,Tosa,Kashino ,33.218693898491956,135.9091753526754,66.3980969893422,12.0,724.9616545326159,97.14855709592837
3626,Shanghai NorthCh - Nagoya,SEA,PILOT_TO_PILOT,4,3626,903,5,6,Tosa,Kashino ,33.21993212109262,135.91287108342752,66.3980969893422,12.0,725.1616195198401,96.94859210870413
3627,Shanghai NorthCh - Nagoya,SEA,PILOT_TO_PILOT,4,3627,904,5,6,Tosa,Kashino ,33.22117023443366,135.91656691878507,66.3980969893422,12.0,725.3615845070642,96.74862712148001
3628,Shanghai NorthCh - Nagoya,SEA,PILOT_TO_PILOT,4,3628,905,5,6,Tosa,Kashino ,33.22240823850686,135.92026285874672,66.3980969893422,12.0,725.5615494942883,96.54866213425589
3629,Shanghai NorthCh - Nagoya,SEA,PILOT_TO_PILOT,4,3629,906,5,6,Tosa,Kashino ,33.22364613330396,135.92395890331107,66.3980969893422,12.0,725.7615144815126,96.34869714703166
3630,Shanghai NorthCh - Nagoya,SEA,PILOT_TO_PILOT,4,3630,907,5,6,Tosa,Kashino ,33.224883918816744,135.92765505247687,66.3980969893422,12.0,725.9614794687367,96.14873215980754
3631,Shanghai NorthCh - Nagoya,SEA,PILOT_TO_PILOT,4,3631,908,5,6,Tosa,Kashino ,33.226121595036936,135.9313513062427,66.3980969893422,12.0,726.1614444559609,95.9487671725833
3632,Shanghai NorthCh - Nagoya,SEA,PILOT_TO_PILOT,4,3632,909,5,6,Tosa,Kashino ,33.22735916195631,135.93504766460725,66.3980969893422,12.0,726.361409443185,95.74880218535918
3633,Shanghai NorthCh - Nagoya,SEA,PILOT_TO_PILOT,4,3633,910,5,6,Tosa,Kashino ,33.228596619566616,135.93874412756918,66.3980969893422,12.0,726.5613744304092,95.54883719813506
3634,Shanghai NorthCh - Nagoya,SEA,PILOT_TO_PILOT,4,3634,911,5,6,Tosa,Kashino ,33.22983396785961,135.94244069512712,66.3980969893422,12.0,726.7613394176334,95.34887221091083
3635,Shanghai NorthCh - Nagoya,SEA,PILOT_TO_PILOT,4,3635,912,5,6,Tosa,Kashino ,33.231071206827046,135.9461373672797,66.3980969893422,12.0,726.9613044048575,95.1489072236867
3636,Shanghai NorthCh - Nagoya,SEA,PILOT_TO_PILOT,4,3636,913,5,6,Tosa,Kashino ,33.2323083364607,135.9498341440256,66.3980969893422,12.0,727.1612693920817,94.94894223646247
3637,Shanghai NorthCh - Nagoya,SEA,PILOT_TO_PILOT,4,3637,914,5,6,Tosa,Kashino ,33.2335453567523,135.95353102536342,66.3980969893422,12.0,727.3612343793059,94.74897724923835
3638,Shanghai NorthCh - Nagoya,SEA,PILOT_TO_PILOT,4,3638,915,5,6,Tosa,Kashino ,33.23478226769362,135.95722801129182,66.3980969893422,12.0,727.56119936653,94.54901226201423
3639,Shanghai NorthCh - Nagoya,SEA,PILOT_TO_PILOT,4,3639,916,5,6,Tosa,Kashino ,33.236019069276416,135.96092510180944,66.3980969893422,12.0,727.7611643537542,94.34904727479
3640,Shanghai NorthCh - Nagoya,SEA,PILOT_TO_PILOT,4,3640,917,5,6,Tosa,Kashino ,33.23725576149243,135.9646222969149,66.3980969893422,12.0,727.9611293409783,94.14908228756588
3641,Shanghai NorthCh - Nagoya,SEA,PILOT_TO_PILOT,4,3641,918,5,6,Tosa,Kashino ,33.23849234433344,135.96831959660688,66.3980969893422,12.0,728.1610943282026,93.94911730034164
3642,Shanghai NorthCh - Nagoya,SEA,PILOT_TO_PILOT,4,3642,919,5,6,Tosa,Kashino ,33.239728817791175,135.97201700088397,66.3980969893422,12.0,728.3610593154267,93.74915231311752
3643,Shanghai NorthCh - Nagoya,SEA,PILOT_TO_PILOT,4,3643,920,5,6,Tosa,Kashino ,33.24096518185742,135.97571450974482,66.3980969893422,12.0,728.5610243026508,93.5491873258934
3644,Shanghai NorthCh - Nagoya,SEA,PILOT_TO_PILOT,4,3644,921,5,6,Tosa,Kashino ,33.24220143652392,135.97941212318804,66.3980969893422,12.0,728.760989289875,93.34922233866916
3645,Shanghai NorthCh - Nagoya,SEA,PILOT_TO_PILOT,4,3645,922,5,6,Tosa,Kashino ,33.24343758178243,135.98310984121224,66.3980969893422,12.0,728.9609542770992,93.14925735144504
3646,Shanghai NorthCh - Nagoya,SEA,PILOT_TO_PILOT,4,3646,923,5,6,Tosa,Kashino ,33.24467361762471,135.98680766381608,66.3980969893422,12.0,729.1609192643234,92.94929236422081
3647,Shanghai NorthCh - Nagoya,SEA,PILOT_TO_PILOT,4,3647,924,5,6,Tosa,Kashino ,33.245909544042526,135.99050559099814,66.3980969893422,12.0,729.3608842515475,92.74932737699669
3648,Shanghai NorthCh - Nagoya,SEA,PILOT_TO_PILOT,4,3648,925,5,6,Tosa,Kashino ,33.24714536102761,135.99420362275708,66.3980969893422,12.0,729.5608492387717,92.54936238977257
3649,Shanghai NorthCh - Nagoya,SEA,PILOT_TO_PILOT,4,3649,926,5,6,Tosa,Kashino ,33.248381068571746,135.9979017590915,66.3980969893422,12.0,729.7608142259959,92.34939740254833
3650,Shanghai NorthCh - Nagoya,SEA,PILOT_TO_PILOT,5,3650,0,6,7,Kashino ,Daio Sak,33.24961666666667,136.0016,39.101401902283385,12.0,729.9607792132201,92.1494324153241
3651,Shanghai NorthCh - Nagoya,SEA,PILOT_TO_PILOT,5,3651,1,6,7,Kashino ,Daio Sak,33.252199075539096,136.0041097210637,39.101401902283385,12.0,730.1605786121629,91.94963301638131
3652,Shanghai NorthCh - Nagoya,SEA,PILOT_TO_PILOT,5,3652,2,6,7,Kashino ,Daio Sak,33.254781433999256,136.00661959046823,39.101401902283385,12.0,730.3603780111058,91.74983361743841
3653,Shanghai NorthCh - Nagoya,SEA,PILOT_TO_PILOT,5,3653,3,6,7,Kashino ,Daio Sak,33.25736374203921,136.00912960823408,39.101401902283385,12.0,730.5601774100486,91.55003421849563
3654,Shanghai NorthCh - Nagoya,SEA,PILOT_TO_PILOT,5,3654,4,6,7,Kashino ,Daio Sak,33.25994599965103,136.01163977438165,39.101401902283385,12.0,730.7599768089914,91.35023481955284
3655,Shanghai NorthCh - Nagoya,SEA,PILOT_TO_PILOT,5,3655,5,6,7,Kashino ,Daio Sak,33.262528206826765,136.01415008893144,39.101401902283385,12.0,730.9597762079342,91.15043542061005
3656,Shanghai NorthCh - Nagoya,SEA,PILOT_TO_PILOT,5,3656,6,6,7,Kashino ,Daio Sak,33.265110363558485,136.01666055190393,39.101401902283385,12.0,731.1595756068771,90.95063602166715
3657,Shanghai NorthCh - Nagoya,SEA,PILOT_TO_PILOT,5,3657,7,6,7,Kashino ,Daio Sak,33.26769246983825,136.01917116331953,39.101401902283385,12.0,731.3593750058199,90.75083662272436
3658,Shanghai NorthCh - Nagoya,SEA,PILOT_TO_PILOT,5,3658,8,6,7,Kashino ,Daio Sak,33.27027452565812,136.02168192319874,39.101401902283385,12.0,731.5591744047626,90.55103722378158
3659,Shanghai NorthCh - Nagoya,SEA,PILOT_TO_PILOT,5,3659,9,6,7,Kashino ,Daio Sak,33.272856531010156,136.024192831562,39.101401902283385,12.0,731.7589738037054,90.35123782483879
3660,Shanghai NorthCh - Nagoya,SEA,PILOT_TO_PILOT,5,3660,10,6,7,Kashino ,Daio Sak,33.275438485886404,136.0267038884298,39.101401902283385,12.0,731.9587732026483,90.15143842589589
3661,Shanghai NorthCh - Nagoya,SEA,PILOT_TO_PILOT,5,3661,11,6,7,Kashino ,Daio Sak,33.27802039027892,136.02921509382261,39.101401902283385,12.0,732.1585726015911,89.9516390269531
3662,Shanghai NorthCh - Nagoya,SEA,PILOT_TO_PILOT,5,3662,12,6,7,Kashino ,Daio Sak,33.28060224417976,136.0317264477609,39.101401902283385,12.0,732.3583720005339,89.75183962801032
3663,Shanghai NorthCh - Nagoya,SEA,PILOT_TO_PILOT,5,3663,13,6,7,Kashino ,Daio Sak,33.28318404758099,136.0342379502651,39.101401902283385,12.0,732.5581713994767,89.55204022906753
3664,Shanghai NorthCh - Nagoya,SEA,PILOT_TO_PILOT,5,3664,14,6,7,Kashino ,Daio Sak,33.28576580047464,136.03674960135578,39.101401902283385,12.0,732.7579707984196,89.35224083012463
3665,Shanghai NorthCh - Nagoya,SEA,PILOT_TO_PILOT,5,3665,15,6,7,Kashino ,Daio Sak,33.288347502852766,136.03926140105332,39.101401902283385,12.0,732.9577701973624,89.15244143118184
3666,Shanghai NorthCh - Nagoya,SEA,PILOT_TO_PILOT,5,3666,16,6,7,Kashino ,Daio Sak,33.290929154707435,136.0417733493783,39.101401902283385,12.0,733.1575695963052,88.95264203223905
3667,Shanghai NorthCh - Nagoya,SEA,PILOT_TO_PILOT,5,3667,17,6,7,Kashino ,Daio Sak,33.29351075603067,136.04428544635113,39.101401902283385,12.0,733.357368995248,88.75284263329627
3668,Shanghai NorthCh - Nagoya,SEA,PILOT_TO_PILOT,5,3668,18,6,7,Kashino ,Daio Sak,33.296092306814536,136.0467976919923,39.101401902283385,12.0,733.5571683941909,88.55304323435337
3669,Shanghai NorthCh - Nagoya,SEA,PILOT_TO_PILOT,5,3669,19,6,7,Kashino ,Daio Sak,33.29867380705109,136.04931008632235,39.101401902283385,12.0,733.7569677931336,88.35324383541058
3670,Shanghai NorthCh - Nagoya,SEA,PILOT_TO_PILOT,5,3670,20,6,7,Kashino ,Daio Sak,33.301255256732325,136.0518226293617,39.101401902283385,12.0,733.9567671920764,88.1534444364678
3671,Shanghai NorthCh - Nagoya,SEA,PILOT_TO_PILOT,5,3671,21,6,7,Kashino ,Daio Sak,33.30383665585033,136.05433532113088,39.101401902283385,12.0,734.1565665910192,87.953645037525
3672,Shanghai NorthCh - Nagoya,SEA,PILOT_TO_PILOT,5,3672,22,6,7,Kashino ,Daio Sak,33.30641800439714,136.0568481616504,39.101401902283385,12.0,734.3563659899621,87.7538456385821
3673,Shanghai NorthCh - Nagoya,SEA,PILOT_TO_PILOT,5,3673,23,6,7,Kashino ,Daio Sak,33.30899930236479,136.05936115094076,39.101401902283385,12.0,734.5561653889049,87.55404623963932
3674,Shanghai NorthCh - Nagoya,SEA,PILOT_TO_PILOT,5,3674,24,6,7,Kashino ,Daio Sak,33.311580549745315,136.06187428902243,39.101401902283385,12.0,734.7559647878477,87.35424684069653
3675,Shanghai NorthCh - Nagoya,SEA,PILOT_TO_PILOT,5,3675,25,6,7,Kashino ,Daio Sak,33.314161746530765,136.0643875759159,39.101401902283385,12.0,734.9557641867905,87.15444744175375
3676,Shanghai NorthCh - Nagoya,SEA,PILOT_TO_PILOT,5,3676,26,6,7,Kashino ,Daio Sak,33.31674289271317,136.06690101164168,39.101401902283385,12.0,735.1555635857334,86.95464804281085
3677,Shanghai NorthCh - Nagoya,SEA,PILOT_TO_PILOT,5,3677,27,6,7,Kashino ,Daio Sak,33.31932398828456,136.06941459622027,39.101401902283385,12.0,735.3553629846762,86.75484864386806
3678,Shanghai NorthCh - Nagoya,SEA,PILOT_TO_PILOT,5,3678,28,6,7,Kashino ,Daio Sak,33.32190503323697,136.07192832967223,39.101401902283385,12.0,735.555162383619,86.55504924492527
3679,Shanghai NorthCh - Nagoya,SEA,PILOT_TO_PILOT,5,3679,29,6,7,Kashino ,Daio Sak,33.324486027562465,136.074442212018,39.101401902283385,12.0,735.7549617825617,86.35524984598248
3680,Shanghai NorthCh - Nagoya,SEA,PILOT_TO_PILOT,5,3680,30,6,7,Kashino ,Daio Sak,33.32706697125303,136.07695624327818,39.101401902283385,12.0,735.9547611815046,86.15545044703958
3681,Shanghai NorthCh - Nagoya,SEA,PILOT_TO_PILOT,5,3681,31,6,7,Kashino ,Daio Sak,33.32964786430072,136.07947042347317,39.101401902283385,12.0,736.1545605804474,85.9556510480968
3682,Shanghai NorthCh - Nagoya,SEA,PILOT_TO_PILOT,5,3682,32,6,7,Kashino ,Daio Sak,33.33222870669758,136.08198475262355,39.101401902283385,12.0,736.3543599793902,85.75585164915401
3683,Shanghai NorthCh - Nagoya,SEA,PILOT_TO_PILOT,5,3683,33,6,7,Kashino ,Daio Sak,33.33480949843562,136.08449923074983,39.101401902283385,12.0,736.554159378333,85.55605225021122
3684,Shanghai NorthCh - Nagoya,SEA,PILOT_TO_PILOT,5,3684,34,6,7,Kashino ,Daio Sak,33.33739023950686,136.08701385787256,39.101401902283385,12.0,736.7539587772759,85.35625285126832
3685,Shanghai NorthCh - Nagoya,SEA,PILOT_TO_PILOT,5,3685,35,6,7,Kashino ,Daio Sak,33.33997092990333,136.0895286340122,39.101401902283385,12.0,736.9537581762187,85.15645345232554
3686,Shanghai NorthCh - Nagoya,SEA,PILOT_TO_PILOT,5,3686,36,6,7,Kashino ,Daio Sak,33.34255156961707,136.09204355918934,39.101401902283385,12.0,737.1535575751615,84.95665405338275
3687,Shanghai NorthCh - Nagoya,SEA,PILOT_TO_PILOT,5,3687,37,6,7,Kashino ,Daio Sak,33.3451321586401,136.09455863342444,39.101401902283385,12.0,737.3533569741043,84.75685465443996
3688,Shanghai NorthCh - Nagoya,SEA,PILOT_TO_PILOT,5,3688,38,6,7,Kashino ,Daio Sak,33.347712696964436,136.0970738567381,39.101401902283385,12.0,737.5531563730472,84.55705525549706
3689,Shanghai NorthCh - Nagoya,SEA,PILOT_TO_PILOT,5,3689,39,6,7,Kashino ,Daio Sak,33.35029318458211,136.09958922915078,39.101401902283385,12.0,737.75295577199,84.35725585655427
3690,Shanghai NorthCh - Nagoya,SEA,PILOT_TO_PILOT,5,3690,40,6,7,Kashino ,Daio Sak,33.352873621485124,136.10210475068305,39.101401902283385,12.0,737.9527551709327,84.15745645761149
3691,Shanghai NorthCh - Nagoya,SEA,PILOT_TO_PILOT,5,3691,41,6,7,Kashino ,Daio Sak,33.35545400766551,136.10462042135543,39.101401902283385,12.0,738.1525545698755,83.9576570586687
3692,Shanghai NorthCh - Nagoya,SEA,PILOT_TO_PILOT,5,3692,42,6,7,Kashino ,Daio Sak,33.35803434311528,136.1071362411885,39.101401902283385,12.0,738.3523539688184,83.7578576597258
3693,Shanghai NorthCh - Nagoya,SEA,PILOT_TO_PILOT,5,3693,43,6,7,Kashino ,Daio Sak,33.360614627826465,136.10965221020274,39.101401902283385,12.0,738.5521533677612,83.55805826078301
3694,Shanghai NorthCh - Nagoya,SEA,PILOT_TO_PILOT,5,3694,44,6,7,Kashino ,Daio Sak,33.36319486179106,136.1121683284187,39.101401902283385,12.0,738.751952766704,83.35825886184023
3695,Shanghai NorthCh - Nagoya,SEA,PILOT_TO_PILOT,5,3695,45,6,7,Kashino ,Daio Sak,33.3657750450011,136.114684595857,39.101401902283385,12.0,738.9517521656469,83.15845946289733
3696,Shanghai NorthCh - Nagoya,SEA,PILOT_TO_PILOT,5,3696,46,6,7,Kashino ,Daio Sak,33.36835517744858,136.1172010125381,39.101401902283385,12.0,739.1515515645897,82.95866006395454
3697,Shanghai NorthCh - Nagoya,SEA,PILOT_TO_PILOT,5,3697,47,6,7,Kashino ,Daio Sak,33.370935259125524,136.11971757848255,39.101401902283385,12.0,739.3513509635325,82.75886066501175
3698,Shanghai NorthCh - Nagoya,SEA,PILOT_TO_PILOT,5,3698,48,6,7,Kashino ,Daio Sak,33.37351529002394,136.12223429371096,39.101401902283385,12.0,739.5511503624753,82.55906126606897
3699,Shanghai NorthCh - Nagoya,SEA,PILOT_TO_PILOT,5,3699,49,6,7,Kashino ,Daio Sak,33.376095270135835,136.1247511582438,39.101401902283385,12.0,739.7509497614182,82.35926186712607
3700,Shanghai NorthCh - Nagoya,SEA,PILOT_TO_PILOT,5,3700,50,6,7,Kashino ,Daio Sak,33.37867519945321,136.1272681721017,39.101401902283385,12.0,739.9507491603609,82.15946246818328
3701,Shanghai NorthCh - Nagoya,SEA,PILOT_TO_PILOT,5,3701,51,6,7,Kashino ,Daio Sak,33.3812550779681,136.1297853353052,39.101401902283385,12.0,740.1505485593037,81.95966306924049
3702,Shanghai NorthCh - Nagoya,SEA,PILOT_TO_PILOT,5,3702,52,6,7,Kashino ,Daio Sak,33.38383490567248,136.13230264787487,39.101401902283385,12.0,740.3503479582465,81.7598636702977
3703,Shanghai NorthCh - Nagoya,SEA,PILOT_TO_PILOT,5,3703,53,6,7,Kashino ,Daio Sak,33.38641468255837,136.1348201098312,39.101401902283385,12.0,740.5501473571894,81.5600642713548
3704,Shanghai NorthCh - Nagoya,SEA,PILOT_TO_PILOT,5,3704,54,6,7,Kashino ,Daio Sak,33.38899440861777,136.13733772119483,39.101401902283385,12.0,740.7499467561322,81.36026487241202
3705,Shanghai NorthCh - Nagoya,SEA,PILOT_TO_PILOT,5,3705,55,6,7,Kashino ,Daio Sak,33.39157408384268,136.13985548198627,39.101401902283385,12.0,740.949746155075,81.16046547346923
3706,Shanghai NorthCh - Nagoya,SEA,PILOT_TO_PILOT,5,3706,56,6,7,Kashino ,Daio Sak,33.394153708225105,136.14237339222612,39.101401902283385,12.0,741.1495455540178,80.96066607452644
3707,Shanghai NorthCh - Nagoya,SEA,PILOT_TO_PILOT,5,3707,57,6,7,Kashino ,Daio Sak,33.39673328175705,136.14489145193497,39.101401902283385,12.0,741.3493449529607,80.76086667558354
3708,Shanghai NorthCh - Nagoya,SEA,PILOT_TO_PILOT,5,3708,58,6,7,Kashino ,Daio Sak,33.3993128044305,136.14740966113334,39.101401902283385,12.0,741.5491443519035,80.56106727664076
3709,Shanghai NorthCh - Nagoya,SEA,PILOT_TO_PILOT,5,3709,59,6,7,Kashino ,Daio Sak,33.401892276237454,136.14992801984184,39.101401902283385,12.0,741.7489437508463,80.36126787769797
3710,Shanghai NorthCh - Nagoya,SEA,PILOT_TO_PILOT,5,3710,60,6,7,Kashino ,Daio Sak,33.40447169716993,136.15244652808101,39.101401902283385,12.0,741.948743149789,80.16146847875518
3711,Shanghai NorthCh - Nagoya,SEA,PILOT_TO_PILOT,5,3711,61,6,7,Kashino ,Daio Sak,33.407051067219896,136.15496518587148,39.101401902283385,12.0,742.1485425487319,79.96166907981228
3712,Shanghai NorthCh - Nagoya,SEA,PILOT_TO_PILOT,5,3712,62,6,7,Kashino ,Daio Sak,33.40963038637937,136.1574839932338,39.101401902283385,12.0,742.3483419476747,79.7618696808695
3713,Shanghai NorthCh - Nagoya,SEA,PILOT_TO_PILOT,5,3713,63,6,7,Kashino ,Daio Sak,33.41220965464033,136.16000295018853,39.101401902283385,12.0,742.5481413466175,79.56207028192671
3714,Shanghai NorthCh - Nagoya,SEA,PILOT_TO_PILOT,5,3714,64,6,7,Kashino ,Daio Sak,33.414788871994766,136.16252205675627,39.101401902283385,12.0,742.7479407455603,79.36227088298392
3715,Shanghai NorthCh - Nagoya,SEA,PILOT_TO_PILOT,5,3715,65,6,7,Kashino ,Daio Sak,33.41736803843467,136.16504131295767,39.101401902283385,12.0,742.9477401445032,79.16247148404102
3716,Shanghai NorthCh - Nagoya,SEA,PILOT_TO_PILOT,5,3716,66,6,7,Kashino ,Daio Sak,33.41994715395204,136.1675607188132,39.101401902283385,12.0,743.147539543446,78.96267208509823
3717,Shanghai NorthCh - Nagoya,SEA,PILOT_TO_PILOT,5,3717,67,6,7,Kashino ,Daio Sak,33.422526218538856,136.17008027434358,39.101401902283385,12.0,743.3473389423888,78.76287268615545
3718,Shanghai NorthCh - Nagoya,SEA,PILOT_TO_PILOT,5,3718,68,6,7,Kashino ,Daio Sak,33.42510523218711,136.1725999795693,39.101401902283385,12.0,743.5471383413316,78.56307328721266
3719,Shanghai NorthCh - Nagoya,SEA,PILOT_TO_PILOT,5,3719,69,6,7,Kashino ,Daio Sak,33.42768419488877,136.17511983451098,39.101401902283385,12.0,743.7469377402745,78.36327388826976
3720,Shanghai NorthCh - Nagoya,SEA,PILOT_TO_PILOT,5,3720,70,6,7,Kashino ,Daio Sak,33.43026310663585,136.17763983918925,39.101401902283385,12.0,743.9467371392172,78.16347448932697
3721,Shanghai NorthCh - Nagoya,SEA,PILOT_TO_PILOT,5,3721,71,6,7,Kashino ,Daio Sak,33.4328419674203,136.1801599936247,39.101401902283385,12.0,744.14653653816,77.96367509038419
3722,Shanghai NorthCh - Nagoya,SEA,PILOT_TO_PILOT,5,3722,72,6,7,Kashino ,Daio Sak,33.435420777234135,136.1826802978379,39.101401902283385,12.0,744.3463359371028,77.7638756914414
3723,Shanghai NorthCh - Nagoya,SEA,PILOT_TO_PILOT,5,3723,73,6,7,Kashino ,Daio Sak,33.43799953606931,136.18520075184946,39.101401902283385,12.0,744.5461353360457,77.5640762924985
3724,Shanghai NorthCh - Nagoya,SEA,PILOT_TO_PILOT,5,3724,74,6,7,Kashino ,Daio Sak,33.44057824391782,136.18772135568003,39.101401902283385,12.0,744.7459347349885,77.36427689355571
3725,Shanghai NorthCh - Nagoya,SEA,PILOT_TO_PILOT,5,3725,75,6,7,Kashino ,Daio Sak,33.44315690077164,136.19024210935018,39.101401902283385,12.0,744.9457341339313,77.16447749461292
3726,Shanghai NorthCh - Nagoya,SEA,PILOT_TO_PILOT,5,3726,76,6,7,Kashino ,Daio Sak,33.44573550662274,136.19276301288053,39.101401902283385,12.0,745.1455335328741,76.96467809567014
3727,Shanghai NorthCh - Nagoya,SEA,PILOT_TO_PILOT,5,3727,77,6,7,Kashino ,Daio Sak,33.4483140614631,136.1952840662917,39.101401902283385,12.0,745.345332931817,76.76487869672724
3728,Shanghai NorthCh - Nagoya,SEA,PILOT_TO_PILOT,5,3728,78,6,7,Kashino ,Daio Sak,33.4508925652847,136.1978052696043,39.101401902283385,12.0,745.5451323307598,76.56507929778445
3729,Shanghai NorthCh - Nagoya,SEA,PILOT_TO_PILOT,5,3729,79,6,7,Kashino ,Daio Sak,33.453471018079505,136.20032662283893,39.101401902283385,12.0,745.7449317297026,76.36527989884166
3730,Shanghai NorthCh - Nagoya,SEA,PILOT_TO_PILOT,5,3730,80,6,7,Kashino ,Daio Sak,33.45604941983949,136.20284812601625,39.101401902283385,12.0,745.9447311286453,76.16548049989888
3731,Shanghai NorthCh - Nagoya,SEA,PILOT_TO_PILOT,5,3731,81,6,7,Kashino ,Daio Sak,33.458627770556625,136.2053697791568,39.101401902283385,12.0,746.1445305275882,75.96568110095598
3732,Shanghai NorthCh - Nagoya,SEA,PILOT_TO_PILOT,5,3732,82,6,7,Kashino ,Daio Sak,33.46120607022288,136.2078915822813,39.101401902283385,12.0,746.344329926531,75.76588170201319
3733,Shanghai NorthCh - Nagoya,SEA,PILOT_TO_PILOT,5,3733,83,6,7,Kashino ,Daio Sak,33.46378431883023,136.2104135354103,39.101401902283385,12.0,746.5441293254738,75.5660823030704
3734,Shanghai NorthCh - Nagoya,SEA,PILOT_TO_PILOT,5,3734,84,6,7,Kashino ,Daio Sak,33.46636251637064,136.21293563856446,39.101401902283385,12.0,746.7439287244167,75.3662829041275
3735,Shanghai NorthCh - Nagoya,SEA,PILOT_TO_PILOT,5,3735,85,6,7,Kashino ,Daio Sak,33.46894066283606,136.21545789176446,39.101401902283385,12.0,746.9437281233595,75.16648350518471
3736,Shanghai NorthCh - Nagoya,SEA,PILOT_TO_PILOT,5,3736,86,6,7,Kashino ,Daio Sak,33.47151875821849,136.21798029503083,39.101401902283385,12.0,747.1435275223023,74.96668410624193
3737,Shanghai NorthCh - Nagoya,SEA,PILOT_TO_PILOT,5,3737,87,6,7,Kashino ,Daio Sak,33.474096802509855,136.22050284838426,39.101401902283385,12.0,747.3433269212451,74.76688470729914
3738,Shanghai NorthCh - Nagoya,SEA,PILOT_TO_PILOT,5,3738,88,6,7,Kashino ,Daio Sak,33.47667479570214,136.2230255518454,39.101401902283385,12.0,747.5431263201879,74.56708530835635
3739,Shanghai NorthCh - Nagoya,SEA,PILOT_TO_PILOT,5,3739,89,6,7,Kashino ,Daio Sak,33.479252737787306,136.22554840543486,39.101401902283385,12.0,747.7429257191308,74.36728590941345
3740,Shanghai NorthCh - Nagoya,SEA,PILOT_TO_PILOT,5,3740,90,6,7,Kashino ,Daio Sak,33.4818306287573,136.22807140917328,39.101401902283385,12.0,747.9427251180736,74.16748651047067
3741,Shanghai NorthCh - Nagoya,SEA,PILOT_TO_PILOT,5,3741,91,6,7,Kashino ,Daio Sak,33.484408468604094,136.2305945630813,39.101401902283385,12.0,748.1425245170163,73.96768711152788
3742,Shanghai NorthCh - Nagoya,SEA,PILOT_TO_PILOT,5,3742,92,6,7,Kashino ,Daio Sak,33.48698625731965,136.23311786717963,39.101401902283385,12.0,748.3423239159592,73.76788771258498
3743,Shanghai NorthCh - Nagoya,SEA,PILOT_TO_PILOT,5,3743,93,6,7,Kashino ,Daio Sak,33.4895639948959,136.23564132148883,39.101401902283385,12.0,748.542123314902,73.56808831364219
3744,Shanghai NorthCh - Nagoya,SEA,PILOT_TO_PILOT,5,3744,94,6,7,Kashino ,Daio Sak,33.492141681324824,136.23816492602955,39.101401902283385,12.0,748.7419227138448,73.3682889146994
3745,Shanghai NorthCh - Nagoya,SEA,PILOT_TO_PILOT,5,3745,95,6,7,Kashino ,Daio Sak,33.49471931659836,136.2406886808225,39.101401902283385,12.0,748.9417221127876,73.16848951575662
3746,Shanghai NorthCh - Nagoya,SEA,PILOT_TO_PILOT,5,3746,96,6,7,Kashino ,Daio Sak,33.49729690070848,136.24321258588833,39.101401902283385,12.0,749.1415215117305,72.96869011681372
3747,Shanghai NorthCh - Nagoya,SEA,PILOT_TO_PILOT,5,3747,97,6,7,Kashino ,Daio Sak,33.499874433647115,136.24573664124765,39.101401902283385,12.0,749.3413209106733,72.76889071787093
3748,Shanghai NorthCh - Nagoya,SEA,PILOT_TO_PILOT,5,3748,98,6,7,Kashino ,Daio Sak,33.502451915406226,136.24826084692114,39.101401902283385,12.0,749.5411203096161,72.56909131892814
3749,Shanghai NorthCh - Nagoya,SEA,PILOT_TO_PILOT,5,3749,99,6,7,Kashino ,Daio Sak,33.50502934597776,136.25078520292945,39.101401902283385,12.0,749.7409197085589,72.36929191998536
3750,Shanghai NorthCh - Nagoya,SEA,PILOT_TO_PILOT,5,3750,100,6,7,Kashino ,Daio Sak,33.50760672535366,136.2533097092933,39.101401902283385,12.0,749.9407191075018,72.16949252104246
3751,Shanghai NorthCh - Nagoya,SEA,PILOT_TO_PILOT,5,3751,101,6,7,Kashino ,Daio Sak,33.51018405352588,136.25583436603324,39.101401902283385,12.0,750.1405185064446,71.96969312209967
3752,Shanghai NorthCh - Nagoya,SEA,PILOT_TO_PILOT,5,3752,102,6,7,Kashino ,Daio Sak,33.51276133048638,136.25835917317002,39.101401902283385,12.0,750.3403179053873,71.76989372315688
3753,Shanghai NorthCh - Nagoya,SEA,PILOT_TO_PILOT,5,3753,103,6,7,Kashino ,Daio Sak,33.51533855622706,136.26088413072432,39.101401902283385,12.0,750.5401173043301,71.5700943242141
3754,Shanghai NorthCh - Nagoya,SEA,PILOT_TO_PILOT,5,3754,104,6,7,Kashino ,Daio Sak,33.5179157307399,136.26340923871675,39.101401902283385,12.0,750.739916703273,71.3702949252712
3755,Shanghai NorthCh - Nagoya,SEA,PILOT_TO_PILOT,5,3755,105,6,7,Kashino ,Daio Sak,33.520492854016844,136.26593449716802,39.101401902283385,12.0,750.9397161022158,71.17049552632841
3756,Shanghai NorthCh - Nagoya,SEA,PILOT_TO_PILOT,5,3756,106,6,7,Kashino ,Daio Sak,33.52306992604981,136.26845990609883,39.101401902283385,12.0,751.1395155011586,70.97069612738562
3757,Shanghai NorthCh - Nagoya,SEA,PILOT_TO_PILOT,5,3757,107,6,7,Kashino ,Daio Sak,33.525646946830754,136.27098546552978,39.101401902283385,12.0,751.3393149001014,70.77089672844284
3758,Shanghai NorthCh - Nagoya,SEA,PILOT_TO_PILOT,5,3758,108,6,7,Kashino ,Daio Sak,33.52822391635161,136.27351117548162,39.101401902283385,12.0,751.5391142990443,70.57109732949993
3759,Shanghai NorthCh - Nagoya,SEA,PILOT_TO_PILOT,5,3759,109,6,7,Kashino ,Daio Sak,33.53080083460431,136.276037035975,39.101401902283385,12.0,751.7389136979871,70.37129793055715
3760,Shanghai NorthCh - Nagoya,SEA,PILOT_TO_PILOT,5,3760,110,6,7,Kashino ,Daio Sak,33.53337770158079,136.2785630470306,39.101401902283385,12.0,751.9387130969299,70.17149853161436
3761,Shanghai NorthCh - Nagoya,SEA,PILOT_TO_PILOT,5,3761,111,6,7,Kashino ,Daio Sak,33.535954517273005,136.28108920866913,39.101401902283385,12.0,752.1385124958726,69.97169913267157
3762,Shanghai NorthCh - Nagoya,SEA,PILOT_TO_PILOT,5,3762,112,6,7,Kashino ,Daio Sak,33.53853128167285,136.28361552091124,39.101401902283385,12.0,752.3383118948155,69.77189973372867
3763,Shanghai NorthCh - Nagoya,SEA,PILOT_TO_PILOT,5,3763,113,6,7,Kashino ,Daio Sak,33.5411079947723,136.28614198377767,39.101401902283385,12.0,752.5381112937583,69.57210033478589
3764,Shanghai NorthCh - Nagoya,SEA,PILOT_TO_PILOT,5,3764,114,6,7,Kashino ,Daio Sak,33.54368465656325,136.28866859728905,39.101401902283385,12.0,752.7379106927011,69.3723009358431
3765,Shanghai NorthCh - Nagoya,SEA,PILOT_TO_PILOT,5,3765,115,6,7,Kashino ,Daio Sak,33.546261267037664,136.29119536146612,39.101401902283385,12.0,752.9377100916439,69.17250153690031
3766,Shanghai NorthCh - Nagoya,SEA,PILOT_TO_PILOT,5,3766,116,6,7,Kashino ,Daio Sak,33.54883782618744,136.2937222763296,39.101401902283385,12.0,753.1375094905868,68.97270213795741
3767,Shanghai NorthCh - Nagoya,SEA,PILOT_TO_PILOT,5,3767,117,6,7,Kashino ,Daio Sak,33.55141433400451,136.29624934190014,39.101401902283385,12.0,753.3373088895296,68.77290273901463
3768,Shanghai NorthCh - Nagoya,SEA,PILOT_TO_PILOT,5,3768,118,6,7,Kashino ,Daio Sak,33.55399079048081,136.29877655819843,39.101401902283385,12.0,753.5371082884724,68.57310334007184
3769,Shanghai NorthCh - Nagoya,SEA,PILOT_TO_PILOT,5,3769,119,6,7,Kashino ,Daio Sak,33.556567195608274,136.3013039252452,39.101401902283385,12.0,753.7369076874152,68.37330394112905
3770,Shanghai NorthCh - Nagoya,SEA,PILOT_TO_PILOT,5,3770,120,6,7,Kashino ,Daio Sak,33.5591435493788,136.3038314430612,39.101401902283385,12.0,753.9367070863581,68.17350454218615
3771,Shanghai NorthCh - Nagoya,SEA,PILOT_TO_PILOT,5,3771,121,6,7,Kashino ,Daio Sak,33.56171985178433,136.30635911166706,39.101401902283385,12.0,754.1365064853009,67.97370514324336
3772,Shanghai NorthCh - Nagoya,SEA,PILOT_TO_PILOT,5,3772,122,6,7,Kashino ,Daio Sak,33.56429610281679,136.30888693108352,39.101401902283385,12.0,754.3363058842436,67.77390574430058
3773,Shanghai NorthCh - Nagoya,SEA,PILOT_TO_PILOT,5,3773,123,6,7,Kashino ,Daio Sak,33.56687230246808,136.31141490133126,39.101401902283385,12.0,754.5361052831864,67.57410634535779
3774,Shanghai NorthCh - Nagoya,SEA,PILOT_TO_PILOT,5,3774,124,6,7,Kashino ,Daio Sak,33.56944845073012,136.31394302243106,39.101401902283385,12.0,754.7359046821293,67.37430694641489
3775,Shanghai NorthCh - Nagoya,SEA,PILOT_TO_PILOT,5,3775,125,6,7,Kashino ,Daio Sak,33.572024547594836,136.3164712944036,39.101401902283385,12.0,754.9357040810721,67.1745075474721
3776,Shanghai NorthCh - Nagoya,SEA,PILOT_TO_PILOT,5,3776,126,6,7,Kashino ,Daio Sak,33.57460059305416,136.31899971726958,39.101401902283385,12.0,755.1355034800149,66.97470814852932
3777,Shanghai NorthCh - Nagoya,SEA,PILOT_TO_PILOT,5,3777,127,6,7,Kashino ,Daio Sak,33.57717658709999,136.32152829104976,39.101401902283385,12.0,755.3353028789577,66.77490874958653
3778,Shanghai NorthCh - Nagoya,SEA,PILOT_TO_PILOT,5,3778,128,6,7,Kashino ,Daio Sak,33.57975252972423,136.32405701576485,39.101401902283385,12.0,755.5351022779006,66.57510935064363
3779,Shanghai NorthCh - Nagoya,SEA,PILOT_TO_PILOT,5,3779,129,6,7,Kashino ,Daio Sak,33.582328420918806,136.32658589143554,39.101401902283385,12.0,755.7349016768434,66.37530995170084
3780,Shanghai NorthCh - Nagoya,SEA,PILOT_TO_PILOT,5,3780,130,6,7,Kashino ,Daio Sak,33.584904260675636,136.32911491808258,39.101401902283385,12.0,755.9347010757862,66.17551055275806
3781,Shanghai NorthCh - Nagoya,SEA,PILOT_TO_PILOT,5,3781,131,6,7,Kashino ,Daio Sak,33.58748004898661,136.33164409572672,39.101401902283385,12.0,756.1345004747291,65.97571115381515
3782,Shanghai NorthCh - Nagoya,SEA,PILOT_TO_PILOT,5,3782,132,6,7,Kashino ,Daio Sak,33.59005578584366,136.33417342438867,39.101401902283385,12.0,756.3342998736719,65.77591175487237
3783,Shanghai NorthCh - Nagoya,SEA,PILOT_TO_PILOT,5,3783,133,6,7,Kashino ,Daio Sak,33.59263147123867,136.33670290408915,39.101401902283385,12.0,756.5340992726146,65.57611235592958
3784,Shanghai NorthCh - Nagoya,SEA,PILOT_TO_PILOT,5,3784,134,6,7,Kashino ,Daio Sak,33.595207105163574,136.33923253484892,39.101401902283385,12.0,756.7338986715574,65.3763129569868
3785,Shanghai NorthCh - Nagoya,SEA,PILOT_TO_PILOT,5,3785,135,6,7,Kashino ,Daio Sak,33.59778268761026,136.34176231668872,39.101401902283385,12.0,756.9336980705003,65.1765135580439
3786,Shanghai NorthCh - Nagoya,SEA,PILOT_TO_PILOT,5,3786,136,6,7,Kashino ,Daio Sak,33.60035821857063,136.34429224962926,39.101401902283385,12.0,757.1334974694431,64.9767141591011
3787,Shanghai NorthCh - Nagoya,SEA,PILOT_TO_PILOT,5,3787,137,6,7,Kashino ,Daio Sak,33.60293369803659,136.3468223336913,39.101401902283385,12.0,757.3332968683859,64.77691476015832
3788,Shanghai NorthCh - Nagoya,SEA,PILOT_TO_PILOT,5,3788,138,6,7,Kashino ,Daio Sak,33.60550912600004,136.3493525688956,39.101401902283385,12.0,757.5330962673287,64.57711536121553
3789,Shanghai NorthCh - Nagoya,SEA,PILOT_TO_PILOT,5,3789,139,6,7,Kashino ,Daio Sak,33.60808450245289,136.35188295526285,39.101401902283385,12.0,757.7328956662716,64.37731596227263
3790,Shanghai NorthCh - Nagoya,SEA,PILOT_TO_PILOT,5,3790,140,6,7,Kashino ,Daio Sak,33.61065982738703,136.35441349281388,39.101401902283385,12.0,757.9326950652144,64.17751656332985
3791,Shanghai NorthCh - Nagoya,SEA,PILOT_TO_PILOT,5,3791,141,6,7,Kashino ,Daio Sak,33.61323510079437,136.35694418156936,39.101401902283385,12.0,758.1324944641572,63.97771716438706
3792,Shanghai NorthCh - Nagoya,SEA,PILOT_TO_PILOT,5,3792,142,6,7,Kashino ,Daio Sak,33.615810322666796,136.3594750215501,39.101401902283385,12.0,758.3322938631,63.77791776544427
3793,Shanghai NorthCh - Nagoya,SEA,PILOT_TO_PILOT,5,3793,143,6,7,Kashino ,Daio Sak,33.618385492996204,136.36200601277685,39.101401902283385,12.0,758.5320932620428,63.57811836650137
3794,Shanghai NorthCh - Nagoya,SEA,PILOT_TO_PILOT,5,3794,144,6,7,Kashino ,Daio Sak,33.62096061177449,136.36453715527034,39.101401902283385,12.0,758.7318926609856,63.378318967558585
3795,Shanghai NorthCh - Nagoya,SEA,PILOT_TO_PILOT,5,3795,145,6,7,Kashino ,Daio Sak,33.62353567899355,136.36706844905132,39.101401902283385,12.0,758.9316920599284,63.1785195686158
3796,Shanghai NorthCh - Nagoya,SEA,PILOT_TO_PILOT,5,3796,146,6,7,Kashino ,Daio Sak,33.62611069464526,136.3695998941406,39.101401902283385,12.0,759.1314914588712,62.97872016967301
3797,Shanghai NorthCh - Nagoya,SEA,PILOT_TO_PILOT,5,3797,147,6,7,Kashino ,Daio Sak,33.62868565872154,136.37213149055893,39.101401902283385,12.0,759.3312908578141,62.77892077073011
3798,Shanghai NorthCh - Nagoya,SEA,PILOT_TO_PILOT,5,3798,148,6,7,Kashino ,Daio Sak,33.63126057121425,136.374663238327,39.101401902283385,12.0,759.5310902567569,62.57912137178732
3799,Shanghai NorthCh - Nagoya,SEA,PILOT_TO_PILOT,5,3799,149,6,7,Kashino ,Daio Sak,33.633835432115305,136.3771951374657,39.101401902283385,12.0,759.7308896556997,62.37932197284454
3800,Shanghai NorthCh - Nagoya,SEA,PILOT_TO_PILOT,5,3800,150,6,7,Kashino ,Daio Sak,33.63641024141656,136.3797271879957,39.101401902283385,12.0,759.9306890546425,62.17952257390175
3801,Shanghai NorthCh - Nagoya,SEA,PILOT_TO_PILOT,5,3801,151,6,7,Kashino ,Daio Sak,33.63898499910995,136.38225938993784,39.101401902283385,12.0,760.1304884535854,61.97972317495885
3802,Shanghai NorthCh - Nagoya,SEA,PILOT_TO_PILOT,5,3802,152,6,7,Kashino ,Daio Sak,33.641559705187305,136.38479174331286,39.101401902283385,12.0,760.3302878525282,61.77992377601606
3803,Shanghai NorthCh - Nagoya,SEA,PILOT_TO_PILOT,5,3803,153,6,7,Kashino ,Daio Sak,33.64413435964054,136.38732424814154,39.101401902283385,12.0,760.530087251471,61.580124377073275
3804,Shanghai NorthCh - Nagoya,SEA,PILOT_TO_PILOT,5,3804,154,6,7,Kashino ,Daio Sak,33.64670896246153,136.38985690444466,39.101401902283385,12.0,760.7298866504137,61.38032497813049
3805,Shanghai NorthCh - Nagoya,SEA,PILOT_TO_PILOT,5,3805,155,6,7,Kashino ,Daio Sak,33.64928351364216,136.392389712243,39.101401902283385,12.0,760.9296860493566,61.18052557918759
3806,Shanghai NorthCh - Nagoya,SEA,PILOT_TO_PILOT,5,3806,156,6,7,Kashino ,Daio Sak,33.651858013174305,136.3949226715573,39.101401902283385,12.0,761.1294854482994,60.9807261802448
3807,Shanghai NorthCh - Nagoya,SEA,PILOT_TO_PILOT,5,3807,157,6,7,Kashino ,Daio Sak,33.65443246104983,136.39745578240843,39.101401902283385,12.0,761.3292848472422,60.780926781302014
3808,Shanghai NorthCh - Nagoya,SEA,PILOT_TO_PILOT,5,3808,158,6,7,Kashino ,Daio Sak,33.65700685726063,136.39998904481715,39.101401902283385,12.0,761.529084246185,60.58112738235923
3809,Shanghai NorthCh - Nagoya,SEA,PILOT_TO_PILOT,5,3809,159,6,7,Kashino ,Daio Sak,33.65958120179859,136.40252245880419,39.101401902283385,12.0,761.7288836451279,60.38132798341633
3810,Shanghai NorthCh - Nagoya,SEA,PILOT_TO_PILOT,5,3810,160,6,7,Kashino ,Daio Sak,33.662155494655565,136.4050560243904,39.101401902283385,12.0,761.9286830440707,60.18152858447354
3811,Shanghai NorthCh - Nagoya,SEA,PILOT_TO_PILOT,5,3811,161,6,7,Kashino ,Daio Sak,33.66472973582344,136.40758974159658,39.101401902283385,12.0,762.1284824430135,59.98172918553075
3812,Shanghai NorthCh - Nagoya,SEA,PILOT_TO_PILOT,5,3812,162,6,7,Kashino ,Daio Sak,33.66730392529408,136.4101236104435,39.101401902283385,12.0,762.3282818419563,59.781929786587966
3813,Shanghai NorthCh - Nagoya,SEA,PILOT_TO_PILOT,5,3813,163,6,7,Kashino ,Daio Sak,33.66987806305936,136.41265763095197,39.101401902283385,12.0,762.5280812408992,59.582130387645066
3814,Shanghai NorthCh - Nagoya,SEA,PILOT_TO_PILOT,5,3814,164,6,7,Kashino ,Daio Sak,33.67245214911114,136.41519180314276,39.101401902283385,12.0,762.7278806398419,59.38233098870228
3815,Shanghai NorthCh - Nagoya,SEA,PILOT_TO_PILOT,5,3815,165,6,7,Kashino ,Daio Sak,33.675026183441304,136.4177261270367,39.101401902283385,12.0,762.9276800387847,59.18253158975949
3816,Shanghai NorthCh - Nagoya,SEA,PILOT_TO_PILOT,5,3816,166,6,7,Kashino ,Daio Sak,33.677600166041714,136.4202606026546,39.101401902283385,12.0,763.1274794377275,58.982732190816705
3817,Shanghai NorthCh - Nagoya,SEA,PILOT_TO_PILOT,5,3817,167,6,7,Kashino ,Daio Sak,33.68017409690424,136.42279523001727,39.101401902283385,12.0,763.3272788366704,58.782932791873804
3818,Shanghai NorthCh - Nagoya,SEA,PILOT_TO_PILOT,5,3818,168,6,7,Kashino ,Daio Sak,33.68274797602073,136.42533000914548,39.101401902283385,12.0,763.5270782356132,58.58313339293102
3819,Shanghai NorthCh - Nagoya,SEA,PILOT_TO_PILOT,5,3819,169,6,7,Kashino ,Daio Sak,33.68532180338307,136.4278649400601,39.101401902283385,12.0,763.726877634556,58.38333399398823
3820,Shanghai NorthCh - Nagoya,SEA,PILOT_TO_PILOT,5,3820,170,6,7,Kashino ,Daio Sak,33.6878955789831,136.43040002278187,39.101401902283385,12.0,763.9266770334989,58.18353459504533
3821,Shanghai NorthCh - Nagoya,SEA,PILOT_TO_PILOT,5,3821,171,6,7,Kashino ,Daio Sak,33.69046930281271,136.43293525733165,39.101401902283385,12.0,764.1264764324417,57.98373519610254
3822,Shanghai NorthCh - Nagoya,SEA,PILOT_TO_PILOT,5,3822,172,6,7,Kashino ,Daio Sak,33.69304297486373,136.4354706437303,39.101401902283385,12.0,764.3262758313845,57.78393579715976
3823,Shanghai NorthCh - Nagoya,SEA,PILOT_TO_PILOT,5,3823,173,6,7,Kashino ,Daio Sak,33.69561659512804,136.43800618199853,39.101401902283385,12.0,764.5260752303273,57.58413639821697
3824,Shanghai NorthCh - Nagoya,SEA,PILOT_TO_PILOT,5,3824,174,6,7,Kashino ,Daio Sak,33.698190163597495,136.44054187215727,39.101401902283385,12.0,764.72587462927,57.38433699927418
3825,Shanghai NorthCh - Nagoya,SEA,PILOT_TO_PILOT,5,3825,175,6,7,Kashino ,Daio Sak,33.70076368026393,136.44307771422726,39.101401902283385,12.0,764.9256740282129,57.18453760033128
3826,Shanghai NorthCh - Nagoya,SEA,PILOT_TO_PILOT,5,3826,176,6,7,Kashino ,Daio Sak,33.70333714511923,136.4456137082294,39.101401902283385,12.0,765.1254734271557,56.984738201388495
3827,Shanghai NorthCh - Nagoya,SEA,PILOT_TO_PILOT,5,3827,177,6,7,Kashino ,Daio Sak,33.70591055815523,136.44814985418446,39.101401902283385,12.0,765.3252728260985,56.78493880244571
3828,Shanghai NorthCh - Nagoya,SEA,PILOT_TO_PILOT,5,3828,178,6,7,Kashino ,Daio Sak,33.7084839193638,136.4506861521133,39.101401902283385,12.0,765.5250722250414,56.58513940350281
3829,Shanghai NorthCh - Nagoya,SEA,PILOT_TO_PILOT,5,3829,179,6,7,Kashino ,Daio Sak,33.71105722873676,136.4532226020367,39.101401902283385,12.0,765.7248716239842,56.38534000456002
3830,Shanghai NorthCh - Nagoya,SEA,PILOT_TO_PILOT,5,3830,180,6,7,Kashino ,Daio Sak,33.713630486266,136.45575920397562,39.101401902283385,12.0,765.924671022927,56.185540605617234
3831,Shanghai NorthCh - Nagoya,SEA,PILOT_TO_PILOT,5,3831,181,6,7,Kashino ,Daio Sak,33.71620369194334,136.45829595795075,39.101401902283385,12.0,766.1244704218698,55.98574120667445
3832,Shanghai NorthCh - Nagoya,SEA,PILOT_TO_PILOT,5,3832,182,6,7,Kashino ,Daio Sak,33.71877684576064,136.46083286398303,39.101401902283385,12.0,766.3242698208127,55.78594180773155
3833,Shanghai NorthCh - Nagoya,SEA,PILOT_TO_PILOT,5,3833,183,6,7,Kashino ,Daio Sak,33.72134994770973,136.46336992209328,39.101401902283385,12.0,766.5240692197555,55.58614240878876
3834,Shanghai NorthCh - Nagoya,SEA,PILOT_TO_PILOT,5,3834,184,6,7,Kashino ,Daio Sak,33.72392299778248,136.4659071323023,39.101401902283385,12.0,766.7238686186982,55.38634300984597
3835,Shanghai NorthCh - Nagoya,SEA,PILOT_TO_PILOT,5,3835,185,6,7,Kashino ,Daio Sak,33.72649599597073,136.46844449463097,39.101401902283385,12.0,766.923668017641,55.186543610903186
3836,Shanghai NorthCh - Nagoya,SEA,PILOT_TO_PILOT,5,3836,186,6,7,Kashino ,Daio Sak,33.7290689422663,136.47098200910014,39.101401902283385,12.0,767.1234674165839,54.986744211960286
3837,Shanghai NorthCh - Nagoya,SEA,PILOT_TO_PILOT,5,3837,187,6,7,Kashino ,Daio Sak,33.73164183666105,136.47351967573067,39.101401902283385,12.0,767.3232668155267,54.7869448130175
3838,Shanghai NorthCh - Nagoya,SEA,PILOT_TO_PILOT,5,3838,188,6,7,Kashino ,Daio Sak,33.734214679146824,136.47605749454337,39.101401902283385,12.0,767.5230662144695,54.58714541407471
3839,Shanghai NorthCh - Nagoya,SEA,PILOT_TO_PILOT,5,3839,189,6,7,Kashino ,Daio Sak,33.736787469715445,136.47859546555912,39.101401902283385,12.0,767.7228656134123,54.387346015131925
3840,Shanghai NorthCh - Nagoya,SEA,PILOT_TO_PILOT,5,3840,190,6,7,Kashino ,Daio Sak,33.73936020835877,136.4811335887988,39.101401902283385,12.0,767.9226650123552,54.187546616189024
3841,Shanghai NorthCh - Nagoya,SEA,PILOT_TO_PILOT,5,3841,191,6,7,Kashino ,Daio Sak,33.74193289506863,136.48367186428322,39.101401902283385,12.0,768.122464411298,53.98774721724624
3842,Shanghai NorthCh - Nagoya,SEA,PILOT_TO_PILOT,5,3842,192,6,7,Kashino ,Daio Sak,33.744505529836836,136.4862102920333,39.101401902283385,12.0,768.3222638102408,53.78794781830345
3843,Shanghai NorthCh - Nagoya,SEA,PILOT_TO_PILOT,5,3843,193,6,7,Kashino ,Daio Sak,33.74707811265527,136.48874887206983,39.101401902283385,12.0,768.5220632091836,53.588148419360664
3844,Shanghai NorthCh - Nagoya,SEA,PILOT_TO_PILOT,5,3844,194,6,7,Kashino ,Daio Sak,33.749650643515714,136.49128760441374,39.101401902283385,12.0,768.7218626081265,53.38834902041776
3845,Shanghai NorthCh - Nagoya,SEA,PILOT_TO_PILOT,5,3845,195,6,7,Kashino ,Daio Sak,33.75222312241003,136.49382648908588,39.101401902283385,12.0,768.9216620070692,53.18854962147498
3846,Shanghai NorthCh - Nagoya,SEA,PILOT_TO_PILOT,5,3846,196,6,7,Kashino ,Daio Sak,33.754795549330055,136.4963655261071,39.101401902283385,12.0,769.121461406012,52.98875022253219
3847,Shanghai NorthCh - Nagoya,SEA,PILOT_TO_PILOT,5,3847,197,6,7,Kashino ,Daio Sak,33.75736792426759,136.49890471549824,39.101401902283385,12.0,769.3212608049548,52.7889508235894
3848,Shanghai NorthCh - Nagoya,SEA,PILOT_TO_PILOT,5,3848,198,6,7,Kashino ,Daio Sak,33.75994024721447,136.50144405728025,39.101401902283385,12.0,769.5210602038977,52.5891514246465
3849,Shanghai NorthCh - Nagoya,SEA,PILOT_TO_PILOT,5,3849,199,6,7,Kashino ,Daio Sak,33.76251251816255,136.50398355147397,39.101401902283385,12.0,769.7208596028405,52.389352025703715
3850,Shanghai NorthCh - Nagoya,SEA,PILOT_TO_PILOT,5,3850,200,6,7,Kashino ,Daio Sak,33.765084737103635,136.5065231981003,39.101401902283385,12.0,769.9206590017833,52.18955262676093
3851,Shanghai NorthCh - Nagoya,SEA,PILOT_TO_PILOT,5,3851,201,6,7,Kashino ,Daio Sak,33.767656904029536,136.50906299718005,39.101401902283385,12.0,770.1204584007261,51.98975322781814
3852,Shanghai NorthCh - Nagoya,SEA,PILOT_TO_PILOT,5,3852,202,6,7,Kashino ,Daio Sak,33.77022901893211,136.5116029487342,39.101401902283385,12.0,770.320257799669,51.78995382887524
3853,Shanghai NorthCh - Nagoya,SEA,PILOT_TO_PILOT,5,3853,203,6,7,Kashino ,Daio Sak,33.772801081803145,136.51414305278354,39.101401902283385,12.0,770.5200571986118,51.590154429932454
3854,Shanghai NorthCh - Nagoya,SEA,PILOT_TO_PILOT,5,3854,204,6,7,Kashino ,Daio Sak,33.775373092634474,136.51668330934908,39.101401902283385,12.0,770.7198565975546,51.39035503098967
3855,Shanghai NorthCh - Nagoya,SEA,PILOT_TO_PILOT,5,3855,205,6,7,Kashino ,Daio Sak,33.77794505141791,136.51922371845157,39.101401902283385,12.0,770.9196559964973,51.19055563204688
3856,Shanghai NorthCh - Nagoya,SEA,PILOT_TO_PILOT,5,3856,206,6,7,Kashino ,Daio Sak,33.78051695814529,136.52176428011197,39.101401902283385,12.0,771.1194553954402,50.99075623310398
3857,Shanghai NorthCh - Nagoya,SEA,PILOT_TO_PILOT,5,3857,207,6,7,Kashino ,Daio Sak,33.78308881280843,136.52430499435116,39.101401902283385,12.0,771.319254794383,50.79095683416119
3858,Shanghai NorthCh - Nagoya,SEA,PILOT_TO_PILOT,5,3858,208,6,7,Kashino ,Daio Sak,33.78566061539912,136.52684586119005,39.101401902283385,12.0,771.5190541933258,50.591157435218406
3859,Shanghai NorthCh - Nagoya,SEA,PILOT_TO_PILOT,5,3859,209,6,7,Kashino ,Daio Sak,33.7882323659092,136.52938688064953,39.101401902283385,12.0,771.7188535922687,50.391358036275506
3860,Shanghai NorthCh - Nagoya,SEA,PILOT_TO_PILOT,5,3860,210,6,7,Kashino ,Daio Sak,33.790804064330466,136.53192805275052,39.101401902283385,12.0,771.9186529912115,50.19155863733272
3861,Shanghai NorthCh - Nagoya,SEA,PILOT_TO_PILOT,5,3861,211,6,7,Kashino ,Daio Sak,33.793375710654736,136.5344693775139,39.101401902283385,12.0,772.1184523901543,49.99175923838993
3862,Shanghai NorthCh - Nagoya,SEA,PILOT_TO_PILOT,5,3862,212,6,7,Kashino ,Daio Sak,33.79594730487383,136.53701085496056,39.101401902283385,12.0,772.3182517890971,49.791959839447145
3863,Shanghai NorthCh - Nagoya,SEA,PILOT_TO_PILOT,5,3863,213,6,7,Kashino ,Daio Sak,33.79851884697955,136.53955248511141,39.101401902283385,12.0,772.5180511880399,49.59216044050436
3864,Shanghai NorthCh - Nagoya,SEA,PILOT_TO_PILOT,5,3864,214,6,7,Kashino ,Daio Sak,33.80109033696369,136.5420942679874,39.101401902283385,12.0,772.7178505869828,49.39236104156146
3865,Shanghai NorthCh - Nagoya,SEA,PILOT_TO_PILOT,5,3865,215,6,7,Kashino ,Daio Sak,33.803661774818075,136.54463620360937,39.101401902283385,12.0,772.9176499859256,49.19256164261867
3866,Shanghai NorthCh - Nagoya,SEA,PILOT_TO_PILOT,5,3866,216,6,7,Kashino ,Daio Sak,33.80623316053452,136.5471782919983,39.101401902283385,12.0,773.1174493848683,48.992762243675884
3867,Shanghai NorthCh - Nagoya,SEA,PILOT_TO_PILOT,5,3867,217,6,7,Kashino ,Daio Sak,33.80880449410479,136.54972053317508,39.101401902283385,12.0,773.3172487838112,48.79296284473298
3868,Shanghai NorthCh - Nagoya,SEA,PILOT_TO_PILOT,5,3868,218,6,7,Kashino ,Daio Sak,33.81137577552073,136.55226292716063,39.101401902283385,12.0,773.517048182754,48.593163445790196
3869,Shanghai NorthCh - Nagoya,SEA,PILOT_TO_PILOT,5,3869,219,6,7,Kashino ,Daio Sak,33.813947004774136,136.55480547397585,39.101401902283385,12.0,773.7168475816968,48.39336404684741
3870,Shanghai NorthCh - Nagoya,SEA,PILOT_TO_PILOT,5,3870,220,6,7,Kashino ,Daio Sak,33.81651818185678,136.55734817364169,39.101401902283385,12.0,773.9166469806396,48.19356464790462
3871,Shanghai NorthCh - Nagoya,SEA,PILOT_TO_PILOT,5,3871,221,6,7,Kashino ,Daio Sak,33.81908930676049,136.55989102617906,39.101401902283385,12.0,774.1164463795825,47.99376524896172
3872,Shanghai NorthCh - Nagoya,SEA,PILOT_TO_PILOT,5,3872,222,6,7,Kashino ,Daio Sak,33.82166037947706,136.56243403160886,39.101401902283385,12.0,774.3162457785253,47.793965850018935
3873,Shanghai NorthCh - Nagoya,SEA,PILOT_TO_PILOT,5,3873,223,6,7,Kashino ,Daio Sak,33.82423139999827,136.5649771899521,39.101401902283385,12.0,774.5160451774681,47.59416645107615
3874,Shanghai NorthCh - Nagoya,SEA,PILOT_TO_PILOT,5,3874,224,6,7,Kashino ,Daio Sak,33.82680236831594,136.56752050122958,39.101401902283385,12.0,774.7158445764109,47.39436705213336
3875,Shanghai NorthCh - Nagoya,SEA,PILOT_TO_PILOT,5,3875,225,6,7,Kashino ,Daio Sak,33.82937328442184,136.57006396546234,39.101401902283385,12.0,774.9156439753538,47.19456765319046
3876,Shanghai NorthCh - Nagoya,SEA,PILOT_TO_PILOT,5,3876,226,6,7,Kashino ,Daio Sak,33.83194414830778,136.57260758267128,39.101401902283385,12.0,775.1154433742965,46.994768254247674
3877,Shanghai NorthCh - Nagoya,SEA,PILOT_TO_PILOT,5,3877,227,6,7,Kashino ,Daio Sak,33.83451495996555,136.57515135287733,39.101401902283385,12.0,775.3152427732393,46.79496885530489
3878,Shanghai NorthCh - Nagoya,SEA,PILOT_TO_PILOT,5,3878,228,6,7,Kashino ,Daio Sak,33.83708571938695,136.57769527610145,39.101401902283385,12.0,775.5150421721821,46.5951694563621
3879,Shanghai NorthCh - Nagoya,SEA,PILOT_TO_PILOT,5,3879,229,6,7,Kashino ,Daio Sak,33.83965642656374,136.58023935236457,39.101401902283385,12.0,775.714841571125,46.3953700574192
3880,Shanghai NorthCh - Nagoya,SEA,PILOT_TO_PILOT,5,3880,230,6,7,Kashino ,Daio Sak,33.842227081487735,136.5827835816876,39.101401902283385,12.0,775.9146409700678,46.19557065847641
3881,Shanghai NorthCh - Nagoya,SEA,PILOT_TO_PILOT,5,3881,231,6,7,Kashino ,Daio Sak,33.84479768415071,136.58532796409156,39.101401902283385,12.0,776.1144403690106,45.995771259533626
3882,Shanghai NorthCh - Nagoya,SEA,PILOT_TO_PILOT,5,3882,232,6,7,Kashino ,Daio Sak,33.847368234544454,136.58787249959732,39.101401902283385,12.0,776.3142397679534,45.79597186059084
3883,Shanghai NorthCh - Nagoya,SEA,PILOT_TO_PILOT,5,3883,233,6,7,Kashino ,Daio Sak,33.84993873266076,136.59041718822587,39.101401902283385,12.0,776.5140391668963,45.59617246164794
3884,Shanghai NorthCh - Nagoya,SEA,PILOT_TO_PILOT,5,3884,234,6,7,Kashino ,Daio Sak,33.852509178491395,136.59296202999815,39.101401902283385,12.0,776.7138385658391,45.39637306270515
3885,Shanghai NorthCh - Nagoya,SEA,PILOT_TO_PILOT,5,3885,235,6,7,Kashino ,Daio Sak,33.85507957202816,136.59550702493513,39.101401902283385,12.0,776.9136379647819,45.196573663762365
3886,Shanghai NorthCh - Nagoya,SEA,PILOT_TO_PILOT,5,3886,236,6,7,Kashino ,Daio Sak,33.85764991326282,136.59805217305777,39.101401902283385,12.0,777.1134373637246,44.99677426481958
3887,Shanghai NorthCh - Nagoya,SEA,PILOT_TO_PILOT,5,3887,237,6,7,Kashino ,Daio Sak,33.86022020218717,136.60059747438697,39.101401902283385,12.0,777.3132367626675,44.79697486587668
3888,Shanghai NorthCh - Nagoya,SEA,PILOT_TO_PILOT,5,3888,238,6,7,Kashino ,Daio Sak,33.86279043879297,136.60314292894378,39.101401902283385,12.0,777.5130361616103,44.59717546693389
3889,Shanghai NorthCh - Nagoya,SEA,PILOT_TO_PILOT,5,3889,239,6,7,Kashino ,Daio Sak,33.865360623072,136.60568853674908,39.101401902283385,12.0,777.7128355605531,44.397376067991104
3890,Shanghai NorthCh - Nagoya,SEA,PILOT_TO_PILOT,5,3890,240,6,7,Kashino ,Daio Sak,33.867930755016054,136.60823429782388,39.101401902283385,12.0,777.9126349594959,44.19757666904832
3891,Shanghai NorthCh - Nagoya,SEA,PILOT_TO_PILOT,5,3891,241,6,7,Kashino ,Daio Sak,33.8705008346169,136.61078021218916,39.101401902283385,12.0,778.1124343584388,43.997777270105416
3892,Shanghai NorthCh - Nagoya,SEA,PILOT_TO_PILOT,5,3892,242,6,7,Kashino ,Daio Sak,33.873070861866296,136.61332627986584,39.101401902283385,12.0,778.3122337573816,43.79797787116263
3893,Shanghai NorthCh - Nagoya,SEA,PILOT_TO_PILOT,5,3893,243,6,7,Kashino ,Daio Sak,33.87564083675602,136.6158725008749,39.101401902283385,12.0,778.5120331563244,43.59817847221984
3894,Shanghai NorthCh - Nagoya,SEA,PILOT_TO_PILOT,5,3894,244,6,7,Kashino ,Daio Sak,33.878210759277856,136.61841887523738,39.101401902283385,12.0,778.7118325552672,43.398379073277056
3895,Shanghai NorthCh - Nagoya,SEA,PILOT_TO_PILOT,5,3895,245,6,7,Kashino ,Daio Sak,33.88078062942356,136.62096540297418,39.101401902283385,12.0,778.9116319542101,43.198579674334155
3896,Shanghai NorthCh - Nagoya,SEA,PILOT_TO_PILOT,5,3896,246,6,7,Kashino ,Daio Sak,33.88335044718492,136.6235120841063,39.101401902283385,12.0,779.1114313531529,42.99878027539137
3897,Shanghai NorthCh - Nagoya,SEA,PILOT_TO_PILOT,5,3897,247,6,7,Kashino ,Daio Sak,33.88592021255368,136.62605891865476,39.101401902283385,12.0,779.3112307520956,42.79898087644858
3898,Shanghai NorthCh - Nagoya,SEA,PILOT_TO_PILOT,5,3898,248,6,7,Kashino ,Daio Sak,33.88848992552162,136.62860590664047,39.101401902283385,12.0,779.5110301510384,42.599181477505795
3899,Shanghai NorthCh - Nagoya,SEA,PILOT_TO_PILOT,5,3899,249,6,7,Kashino ,Daio Sak,33.891059586080495,136.63115304808446,39.101401902283385,12.0,779.7108295499813,42.399382078562894
3900,Shanghai NorthCh - Nagoya,SEA,PILOT_TO_PILOT,5,3900,250,6,7,Kashino ,Daio Sak,33.89362919422207,136.63370034300775,39.101401902283385,12.0,779.9106289489241,42.19958267962011
3901,Shanghai NorthCh - Nagoya,SEA,PILOT_TO_PILOT,5,3901,251,6,7,Kashino ,Daio Sak,33.896198749938115,136.63624779143123,39.101401902283385,12.0,780.1104283478669,41.99978328067732
3902,Shanghai NorthCh - Nagoya,SEA,PILOT_TO_PILOT,5,3902,252,6,7,Kashino ,Daio Sak,33.898768253220396,136.63879539337597,39.101401902283385,12.0,780.3102277468097,41.79998388173453
3903,Shanghai NorthCh - Nagoya,SEA,PILOT_TO_PILOT,5,3903,253,6,7,Kashino ,Daio Sak,33.90133770406065,136.64134314886297,39.101401902283385,12.0,780.5100271457526,41.60018448279163
3904,Shanghai NorthCh - Nagoya,SEA,PILOT_TO_PILOT,5,3904,254,6,7,Kashino ,Daio Sak,33.90390710245066,136.64389105791315,39.101401902283385,12.0,780.7098265446954,41.400385083848846
3905,Shanghai NorthCh - Nagoya,SEA,PILOT_TO_PILOT,5,3905,255,6,7,Kashino ,Daio Sak,33.90647644838217,136.6464391205476,39.101401902283385,12.0,780.9096259436382,41.20058568490606
3906,Shanghai NorthCh - Nagoya,SEA,PILOT_TO_PILOT,5,3906,256,6,7,Kashino ,Daio Sak,33.90904574184694,136.64898733678726,39.101401902283385,12.0,781.1094253425811,41.00078628596316
3907,Shanghai NorthCh - Nagoya,SEA,PILOT_TO_PILOT,5,3907,257,6,7,Kashino ,Daio Sak,33.91161498283671,136.6515357066531,39.101401902283385,12.0,781.3092247415238,40.80098688702037
3908,Shanghai NorthCh - Nagoya,SEA,PILOT_TO_PILOT,5,3908,258,6,7,Kashino ,Daio Sak,33.914184171343265,136.65408423016623,39.101401902283385,12.0,781.5090241404666,40.601187488077585
3909,Shanghai NorthCh - Nagoya,SEA,PILOT_TO_PILOT,5,3909,259,6,7,Kashino ,Daio Sak,33.916753307358334,136.65663290734756,39.101401902283385,12.0,781.7088235394094,40.4013880891348
3910,Shanghai NorthCh - Nagoya,SEA,PILOT_TO_PILOT,5,3910,260,6,7,Kashino ,Daio Sak,33.91932239087367,136.65918173821817,39.101401902283385,12.0,781.9086229383522,40.20158869019201
3911,Shanghai NorthCh - Nagoya,SEA,PILOT_TO_PILOT,5,3911,261,6,7,Kashino ,Daio Sak,33.92189142188103,136.661730722799,39.101401902283385,12.0,782.1084223372951,40.00178929124911
3912,Shanghai NorthCh - Nagoya,SEA,PILOT_TO_PILOT,5,3912,262,6,7,Kashino ,Daio Sak,33.924460400372155,136.6642798611111,39.101401902283385,12.0,782.3082217362379,39.801989892306324
3913,Shanghai NorthCh - Nagoya,SEA,PILOT_TO_PILOT,5,3913,263,6,7,Kashino ,Daio Sak,33.92702932633879,136.6668291531755,39.101401902283385,12.0,782.5080211351807,39.60219049336354
3914,Shanghai NorthCh - Nagoya,SEA,PILOT_TO_PILOT,5,3914,264,6,7,Kashino ,Daio Sak,33.929598199772705,136.6693785990132,39.101401902283385,12.0,782.7078205341236,39.402391094420636
3915,Shanghai NorthCh - Nagoya,SEA,PILOT_TO_PILOT,5,3915,265,6,7,Kashino ,Daio Sak,33.93216702066561,136.67192819864522,39.101401902283385,12.0,782.9076199330664,39.20259169547785
3916,Shanghai NorthCh - Nagoya,SEA,PILOT_TO_PILOT,5,3916,266,6,7,Kashino ,Daio Sak,33.93473578900927,136.67447795209256,39.101401902283385,12.0,783.1074193320092,39.00279229653506
3917,Shanghai NorthCh - Nagoya,SEA,PILOT_TO_PILOT,5,3917,267,6,7,Kashino ,Daio Sak,33.93730450479543,136.67702785937627,39.101401902283385,12.0,783.307218730952,38.802992897592276
3918,Shanghai NorthCh - Nagoya,SEA,PILOT_TO_PILOT,5,3918,268,6,7,Kashino ,Daio Sak,33.93987316801581,136.67957792051737,39.101401902283385,12.0,783.5070181298948,38.603193498649375
3919,Shanghai NorthCh - Nagoya,SEA,PILOT_TO_PILOT,5,3919,269,6,7,Kashino ,Daio Sak,33.94244177866218,136.6821281355369,39.101401902283385,12.0,783.7068175288376,38.40339409970659
3920,Shanghai NorthCh - Nagoya,SEA,PILOT_TO_PILOT,5,3920,270,6,7,Kashino ,Daio Sak,33.94501033672625,136.6846785044559,39.101401902283385,12.0,783.9066169277804,38.2035947007638
3921,Shanghai NorthCh - Nagoya,SEA,PILOT_TO_PILOT,5,3921,271,6,7,Kashino ,Daio Sak,33.947578842199775,136.68722902729533,39.101401902283385,12.0,784.1064163267232,38.003795301821015
3922,Shanghai NorthCh - Nagoya,SEA,PILOT_TO_PILOT,5,3922,272,6,7,Kashino ,Daio Sak,33.95014729507448,136.68977970407627,39.101401902283385,12.0,784.3062157256661,37.803995902878114
3923,Shanghai NorthCh - Nagoya,SEA,PILOT_TO_PILOT,5,3923,273,6,7,Kashino ,Daio Sak,33.95271569534211,136.6923305348198,39.101401902283385,12.0,784.5060151246089,37.60419650393533
3924,Shanghai NorthCh - Nagoya,SEA,PILOT_TO_PILOT,5,3924,274,6,7,Kashino ,Daio Sak,33.95528404299439,136.6948815195469,39.101401902283385,12.0,784.7058145235517,37.40439710499254
3925,Shanghai NorthCh - Nagoya,SEA,PILOT_TO_PILOT,5,3925,275,6,7,Kashino ,Daio Sak,33.957852338023066,136.69743265827864,39.101401902283385,12.0,784.9056139224945,37.20459770604975
3926,Shanghai NorthCh - Nagoya,SEA,PILOT_TO_PILOT,5,3926,276,6,7,Kashino ,Daio Sak,33.96042058041986,136.69998395103602,39.101401902283385,12.0,785.1054133214374,37.00479830710685
3927,Shanghai NorthCh - Nagoya,SEA,PILOT_TO_PILOT,5,3927,277,6,7,Kashino ,Daio Sak,33.96298877017648,136.7025353978402,39.101401902283385,12.0,785.3052127203802,36.804998908164066
3928,Shanghai NorthCh - Nagoya,SEA,PILOT_TO_PILOT,5,3928,278,6,7,Kashino ,Daio Sak,33.96555690728469,136.70508699871206,39.101401902283385,12.0,785.5050121193229,36.60519950922128
3929,Shanghai NorthCh - Nagoya,SEA,PILOT_TO_PILOT,5,3929,279,6,7,Kashino ,Daio Sak,33.968124991736204,136.70763875367277,39.101401902283385,12.0,785.7048115182657,36.40540011027849
3930,Shanghai NorthCh - Nagoya,SEA,PILOT_TO_PILOT,5,3930,280,6,7,Kashino ,Daio Sak,33.97069302352275,136.71019066274334,39.101401902283385,12.0,785.9046109172086,36.20560071133559
3931,Shanghai NorthCh - Nagoya,SEA,PILOT_TO_PILOT,5,3931,281,6,7,Kashino ,Daio Sak,33.973261002636036,136.71274272594485,39.101401902283385,12.0,786.1044103161514,36.005801312392805
3932,Shanghai NorthCh - Nagoya,SEA,PILOT_TO_PILOT,5,3932,282,6,7,Kashino ,Daio Sak,33.9758289290678,136.71529494329832,39.101401902283385,12.0,786.3042097150942,35.80600191345002
3933,Shanghai NorthCh - Nagoya,SEA,PILOT_TO_PILOT,5,3933,283,6,7,Kashino ,Daio Sak,33.97839680280978,136.7178473148248,39.101401902283385,12.0,786.504009114037,35.60620251450723
3934,Shanghai NorthCh - Nagoya,SEA,PILOT_TO_PILOT,5,3934,284,6,7,Kashino ,Daio Sak,33.98096462385367,136.72039984054544,39.101401902283385,12.0,786.7038085129799,35.40640311556433
3935,Shanghai NorthCh - Nagoya,SEA,PILOT_TO_PILOT,5,3935,285,6,7,Kashino ,Daio Sak,33.9835323921912,136.72295252048121,39.101401902283385,12.0,786.9036079119227,35.206603716621544
3936,Shanghai NorthCh - Nagoya,SEA,PILOT_TO_PILOT,5,3936,286,6,7,Kashino ,Daio Sak,33.986100107814096,136.7255053546532,39.101401902283385,12.0,787.1034073108655,35.00680431767876
3937,Shanghai NorthCh - Nagoya,SEA,PILOT_TO_PILOT,5,3937,287,6,7,Kashino ,Daio Sak,33.98866777071405,136.7280583430825,39.101401902283385,12.0,787.3032067098083,34.80700491873597
3938,Shanghai NorthCh - Nagoya,SEA,PILOT_TO_PILOT,5,3938,288,6,7,Kashino ,Daio Sak,33.99123538088282,136.73061148579012,39.101401902283385,12.0,787.5030061087512,34.60720551979307
3939,Shanghai NorthCh - Nagoya,SEA,PILOT_TO_PILOT,5,3939,289,6,7,Kashino ,Daio Sak,33.99380293831208,136.73316478279722,39.101401902283385,12.0,787.7028055076939,34.40740612085028
3940,Shanghai NorthCh - Nagoya,SEA,PILOT_TO_PILOT,5,3940,290,6,7,Kashino ,Daio Sak,33.996370442993566,136.73571823412482,39.101401902283385,12.0,787.9026049066367,34.207606721907496
3941,Shanghai NorthCh - Nagoya,SEA,PILOT_TO_PILOT,5,3941,291,6,7,Kashino ,Daio Sak,33.99893789491899,136.73827183979395,39.101401902283385,12.0,788.1024043055795,34.00780732296471
3942,Shanghai NorthCh - Nagoya,SEA,PILOT_TO_PILOT,5,3942,292,6,7,Kashino ,Daio Sak,34.00150529408004,136.7408255998258,39.101401902283385,12.0,788.3022037045224,33.80800792402181
3943,Shanghai NorthCh - Nagoya,SEA,PILOT_TO_PILOT,5,3943,293,6,7,Kashino ,Daio Sak,34.00407264046845,136.74337951424133,39.101401902283385,12.0,788.5020031034652,33.60820852507902
3944,Shanghai NorthCh - Nagoya,SEA,PILOT_TO_PILOT,5,3944,294,6,7,Kashino ,Daio Sak,34.006639934075935,136.74593358306174,39.101401902283385,12.0,788.701802502408,33.408409126136235
3945,Shanghai NorthCh - Nagoya,SEA,PILOT_TO_PILOT,5,3945,295,6,7,Kashino ,Daio Sak,34.00920717489418,136.74848780630802,39.101401902283385,12.0,788.9016019013509,33.208609727193334
3946,Shanghai NorthCh - Nagoya,SEA,PILOT_TO_PILOT,5,3946,296,6,7,Kashino ,Daio Sak,34.0117743629149,136.7510421840013,39.101401902283385,12.0,789.1014013002937,33.00881032825055
3947,Shanghai NorthCh - Nagoya,SEA,PILOT_TO_PILOT,5,3947,297,6,7,Kashino ,Daio Sak,34.014341498129795,136.7535967161627,39.101401902283385,12.0,789.3012006992365,32.80901092930776
3948,Shanghai NorthCh - Nagoya,SEA,PILOT_TO_PILOT,5,3948,298,6,7,Kashino ,Daio Sak,34.01690858053059,136.75615140281323,39.101401902283385,12.0,789.5010000981792,32.60921153036497
3949,Shanghai NorthCh - Nagoya,SEA,PILOT_TO_PILOT,5,3949,299,6,7,Kashino ,Daio Sak,34.01947561010894,136.75870624397402,39.101401902283385,12.0,789.700799497122,32.40941213142219
3950,Shanghai NorthCh - Nagoya,SEA,PILOT_TO_PILOT,5,3950,300,6,7,Kashino ,Daio Sak,34.0220425868566,136.7612612396662,39.101401902283385,12.0,789.9005988960649,32.209612732479286
3951,Shanghai NorthCh - Nagoya,SEA,PILOT_TO_PILOT,5,3951,301,6,7,Kashino ,Daio Sak,34.02460951076524,136.76381638991083,39.101401902283385,12.0,790.1003982950077,32.0098133335365
3952,Shanghai NorthCh - Nagoya,SEA,PILOT_TO_PILOT,5,3952,302,6,7,Kashino ,Daio Sak,34.027176381826564,136.76637169472903,39.101401902283385,12.0,790.3001976939505,31.810013934593712
3953,Shanghai NorthCh - Nagoya,SEA,PILOT_TO_PILOT,5,3953,303,6,7,Kashino ,Daio Sak,34.02974320003227,136.7689271541419,39.101401902283385,12.0,790.4999970928934,31.61021453565081
3954,Shanghai NorthCh - Nagoya,SEA,PILOT_TO_PILOT,5,3954,304,6,7,Kashino ,Daio Sak,34.03230996537404,136.7714827681705,39.101401902283385,12.0,790.6997964918362,31.410415136708025
3955,Shanghai NorthCh - Nagoya,SEA,PILOT_TO_PILOT,5,3955,305,6,7,Kashino ,Daio Sak,34.0348766778436,136.77403853683597,39.101401902283385,12.0,790.899595890779,31.210615737765238
3956,Shanghai NorthCh - Nagoya,SEA,PILOT_TO_PILOT,5,3956,306,6,7,Kashino ,Daio Sak,34.03744333743262,136.77659446015946,39.101401902283385,12.0,791.0993952897218,31.01081633882245
3957,Shanghai NorthCh - Nagoya,SEA,PILOT_TO_PILOT,5,3957,307,6,7,Kashino ,Daio Sak,34.0400099441328,136.779150538162,39.101401902283385,12.0,791.2991946886647,30.81101693987955
3958,Shanghai NorthCh - Nagoya,SEA,PILOT_TO_PILOT,5,3958,308,6,7,Kashino ,Daio Sak,34.042576497935826,136.78170677086476,39.101401902283385,12.0,791.4989940876075,30.611217540936764
3959,Shanghai NorthCh - Nagoya,SEA,PILOT_TO_PILOT,5,3959,309,6,7,Kashino ,Daio Sak,34.045142998833384,136.78426315828887,39.101401902283385,12.0,791.6987934865502,30.411418141993977
3960,Shanghai NorthCh - Nagoya,SEA,PILOT_TO_PILOT,5,3960,310,6,7,Kashino ,Daio Sak,34.04770944681718,136.78681970045537,39.101401902283385,12.0,791.898592885493,30.21161874305119
3961,Shanghai NorthCh - Nagoya,SEA,PILOT_TO_PILOT,5,3961,311,6,7,Kashino ,Daio Sak,34.05027584187887,136.78937639738544,39.101401902283385,12.0,792.0983922844359,30.01181934410829
3962,Shanghai NorthCh - Nagoya,SEA,PILOT_TO_PILOT,5,3962,312,6,7,Kashino ,Daio Sak,34.05284218401018,136.7919332491002,39.101401902283385,12.0,792.2981916833787,29.812019945165503
3963,Shanghai NorthCh - Nagoya,SEA,PILOT_TO_PILOT,5,3963,313,6,7,Kashino ,Daio Sak,34.05540847320276,136.79449025562073,39.101401902283385,12.0,792.4979910823215,29.612220546222716
3964,Shanghai NorthCh - Nagoya,SEA,PILOT_TO_PILOT,5,3964,314,6,7,Kashino ,Daio Sak,34.05797470944832,136.7970474169682,39.101401902283385,12.0,792.6977904812643,29.41242114727993
3965,Shanghai NorthCh - Nagoya,SEA,PILOT_TO_PILOT,5,3965,315,6,7,Kashino ,Daio Sak,34.060540892738516,136.79960473316373,39.101401902283385,12.0,792.8975898802072,29.21262174833703
3966,Shanghai NorthCh - Nagoya,SEA,PILOT_TO_PILOT,5,3966,316,6,7,Kashino ,Daio Sak,34.063107023065044,136.80216220422844,39.101401902283385,12.0,793.09738927915,29.01282234939424
3967,Shanghai NorthCh - Nagoya,SEA,PILOT_TO_PILOT,5,3967,317,6,7,Kashino ,Daio Sak,34.06567310041959,136.8047198301835,39.101401902283385,12.0,793.2971886780928,28.813022950451455
3968,Shanghai NorthCh - Nagoya,SEA,PILOT_TO_PILOT,5,3968,318,6,7,Kashino ,Daio Sak,34.06823912479382,136.80727761104995,39.101401902283385,12.0,793.4969880770356,28.613223551508668
3969,Shanghai NorthCh - Nagoya,SEA,PILOT_TO_PILOT,5,3969,319,6,7,Kashino ,Daio Sak,34.07080509617941,136.80983554684903,39.101401902283385,12.0,793.6967874759785,28.413424152565767
3970,Shanghai NorthCh - Nagoya,SEA,PILOT_TO_PILOT,5,3970,320,6,7,Kashino ,Daio Sak,34.073371014568046,136.81239363760184,39.101401902283385,12.0,793.8965868749212,28.21362475362298
3971,Shanghai NorthCh - Nagoya,SEA,PILOT_TO_PILOT,5,3971,321,6,7,Kashino ,Daio Sak,34.0759368799514,136.81495188332948,39.101401902283385,12.0,794.096386273864,28.013825354680193
3972,Shanghai NorthCh - Nagoya,SEA,PILOT_TO_PILOT,5,3972,322,6,7,Kashino ,Daio Sak,34.07850269232113,136.81751028405316,39.101401902283385,12.0,794.2961856728068,27.814025955737407
3973,Shanghai NorthCh - Nagoya,SEA,PILOT_TO_PILOT,5,3973,323,6,7,Kashino ,Daio Sak,34.081068451668926,136.820068839794,39.101401902283385,12.0,794.4959850717497,27.614226556794506
3974,Shanghai NorthCh - Nagoya,SEA,PILOT_TO_PILOT,5,3974,324,6,7,Kashino ,Daio Sak,34.08363415798646,136.82262755057315,39.101401902283385,12.0,794.6957844706925,27.41442715785172
3975,Shanghai NorthCh - Nagoya,SEA,PILOT_TO_PILOT,5,3975,325,6,7,Kashino ,Daio Sak,34.086199811265395,136.82518641641175,39.101401902283385,12.0,794.8955838696353,27.214627758908932
3976,Shanghai NorthCh - Nagoya,SEA,PILOT_TO_PILOT,5,3976,326,6,7,Kashino ,Daio Sak,34.088765411497384,136.82774543733095,39.101401902283385,12.0,795.0953832685781,27.014828359966145
3977,Shanghai NorthCh - Nagoya,SEA,PILOT_TO_PILOT,5,3977,327,6,7,Kashino ,Daio Sak,34.091330958674114,136.8303046133519,39.101401902283385,12.0,795.295182667521,26.815028961023245
3978,Shanghai NorthCh - Nagoya,SEA,PILOT_TO_PILOT,5,3978,328,6,7,Kashino ,Daio Sak,34.09389645278724,136.83286394449578,39.101401902283385,12.0,795.4949820664638,26.615229562080458
3979,Shanghai NorthCh - Nagoya,SEA,PILOT_TO_PILOT,5,3979,329,6,7,Kashino ,Daio Sak,34.09646189382845,136.83542343078375,39.101401902283385,12.0,795.6947814654065,26.41543016313767
3980,Shanghai NorthCh - Nagoya,SEA,PILOT_TO_PILOT,5,3980,330,6,7,Kashino ,Daio Sak,34.09902728178937,136.83798307223694,39.101401902283385,12.0,795.8945808643493,26.215630764194884
3981,Shanghai NorthCh - Nagoya,SEA,PILOT_TO_PILOT,5,3981,331,6,7,Kashino ,Daio Sak,34.101592616661684,136.84054286887655,39.101401902283385,12.0,796.0943802632922,26.015831365251984
3982,Shanghai NorthCh - Nagoya,SEA,PILOT_TO_PILOT,5,3982,332,6,7,Kashino ,Daio Sak,34.10415789843706,136.84310282072371,39.101401902283385,12.0,796.294179662235,25.816031966309197
3983,Shanghai NorthCh - Nagoya,SEA,PILOT_TO_PILOT,5,3983,333,6,7,Kashino ,Daio Sak,34.10672312710713,136.8456629277996,39.101401902283385,12.0,796.4939790611778,25.61623256736641
3984,Shanghai NorthCh - Nagoya,SEA,PILOT_TO_PILOT,5,3984,334,6,7,Kashino ,Daio Sak,34.10928830266358,136.8482231901254,39.101401902283385,12.0,796.6937784601207,25.41643316842351
3985,Shanghai NorthCh - Nagoya,SEA,PILOT_TO_PILOT,5,3985,335,6,7,Kashino ,Daio Sak,34.11185342509805,136.85078360772226,39.101401902283385,12.0,796.8935778590635,25.216633769480723
3986,Shanghai NorthCh - Nagoya,SEA,PILOT_TO_PILOT,5,3986,336,6,7,Kashino ,Daio Sak,34.1144184944022,136.8533441806114,39.101401902283385,12.0,797.0933772580063,25.016834370537936
3987,Shanghai NorthCh - Nagoya,SEA,PILOT_TO_PILOT,5,3987,337,6,7,Kashino ,Daio Sak,34.116983510567685,136.85590490881393,39.101401902283385,12.0,797.2931766569491,24.81703497159515
3988,Shanghai NorthCh - Nagoya,SEA,PILOT_TO_PILOT,5,3988,338,6,7,Kashino ,Daio Sak,34.119548473586164,136.85846579235107,39.101401902283385,12.0,797.4929760558919,24.617235572652362
3989,Shanghai NorthCh - Nagoya,SEA,PILOT_TO_PILOT,5,3989,339,6,7,Kashino ,Daio Sak,34.12211338344928,136.861026831244,39.101401902283385,12.0,797.6927754548348,24.41743617370946
3990,Shanghai NorthCh - Nagoya,SEA,PILOT_TO_PILOT,5,3990,340,6,7,Kashino ,Daio Sak,34.12467824014868,136.8635880255139,39.101401902283385,12.0,797.8925748537775,24.217636774766675
3991,Shanghai NorthCh - Nagoya,SEA,PILOT_TO_PILOT,5,3991,341,6,7,Kashino ,Daio Sak,34.12724304367603,136.86614937518195,39.101401902283385,12.0,798.0923742527203,24.017837375823888
3992,Shanghai NorthCh - Nagoya,SEA,PILOT_TO_PILOT,5,3992,342,6,7,Kashino ,Daio Sak,34.12980779402296,136.86871088026933,39.101401902283385,12.0,798.2921736516632,23.818037976880987
3993,Shanghai NorthCh - Nagoya,SEA,PILOT_TO_PILOT,5,3993,343,6,7,Kashino ,Daio Sak,34.13237249118112,136.8712725407972,39.101401902283385,12.0,798.491973050606,23.6182385779382
3994,Shanghai NorthCh - Nagoya,SEA,PILOT_TO_PILOT,5,3994,344,6,7,Kashino ,Daio Sak,34.13493713514217,136.87383435678686,39.101401902283385,12.0,798.6917724495488,23.418439178995413
3995,Shanghai NorthCh - Nagoya,SEA,PILOT_TO_PILOT,5,3995,345,6,7,Kashino ,Daio Sak,34.137501725897735,136.87639632825937,39.101401902283385,12.0,798.8915718484916,23.218639780052627
3996,Shanghai NorthCh - Nagoya,SEA,PILOT_TO_PILOT,5,3996,346,6,7,Kashino ,Daio Sak,34.140066263439465,136.87895845523605,39.101401902283385,12.0,799.0913712474344,23.01884038110984
3997,Shanghai NorthCh - Nagoya,SEA,PILOT_TO_PILOT,5,3997,347,6,7,Kashino ,Daio Sak,34.14263074775901,136.881520737738,39.101401902283385,12.0,799.2911706463773,22.81904098216694
3998,Shanghai NorthCh - Nagoya,SEA,PILOT_TO_PILOT,5,3998,348,6,7,Kashino ,Daio Sak,34.145195178848,136.88408317578646,39.101401902283385,12.0,799.4909700453201,22.619241583224152
3999,Shanghai NorthCh - Nagoya,SEA,PILOT_TO_PILOT,5,3999,349,6,7,Kashino ,Daio Sak,34.14775955669808,136.8866457694026,39.101401902283385,12.0,799.6907694442629,22.419442184281365
4000,Shanghai NorthCh - Nagoya,SEA,PILOT_TO_PILOT,5,4000,350,6,7,Kashino ,Daio Sak,34.15032388130088,136.88920851860766,39.101401902283385,12.0,799.8905688432058,22.219642785338465
4001,Shanghai NorthCh - Nagoya,SEA,PILOT_TO_PILOT,5,4001,351,6,7,Kashino ,Daio Sak,34.15288815264804,136.89177142342285,39.101401902283385,12.0,800.0903682421485,22.019843386395678
4002,Shanghai NorthCh - Nagoya,SEA,PILOT_TO_PILOT,5,4002,352,6,7,Kashino ,Daio Sak,34.1554523707312,136.8943344838694,39.101401902283385,12.0,800.2901676410913,21.82004398745289
4003,Shanghai NorthCh - Nagoya,SEA,PILOT_TO_PILOT,5,4003,353,6,7,Kashino ,Daio Sak,34.158016535542,136.89689769996846,39.101401902283385,12.0,800.4899670400341,21.620244588510104
4004,Shanghai NorthCh - Nagoya,SEA,PILOT_TO_PILOT,5,4004,354,6,7,Kashino ,Daio Sak,34.16058064707205,136.89946107174126,39.101401902283385,12.0,800.689766438977,21.420445189567204
4005,Shanghai NorthCh - Nagoya,SEA,PILOT_TO_PILOT,5,4005,355,6,7,Kashino ,Daio Sak,34.163144705313,136.90202459920906,39.101401902283385,12.0,800.8895658379198,21.220645790624417
4006,Shanghai NorthCh - Nagoya,SEA,PILOT_TO_PILOT,5,4006,356,6,7,Kashino ,Daio Sak,34.16570871025648,136.90458828239298,39.101401902283385,12.0,801.0893652368626,21.02084639168163
4007,Shanghai NorthCh - Nagoya,SEA,PILOT_TO_PILOT,5,4007,357,6,7,Kashino ,Daio Sak,34.1682726618941,136.90715212131437,39.101401902283385,12.0,801.2891646358054,20.821046992738843
4008,Shanghai NorthCh - Nagoya,SEA,PILOT_TO_PILOT,5,4008,358,6,7,Kashino ,Daio Sak,34.170836560217516,136.90971611599434,39.101401902283385,12.0,801.4889640347483,20.621247593795943
4009,Shanghai NorthCh - Nagoya,SEA,PILOT_TO_PILOT,5,4009,359,6,7,Kashino ,Daio Sak,34.17340040521834,136.9122802664542,39.101401902283385,12.0,801.6887634336911,20.421448194853156
4010,Shanghai NorthCh - Nagoya,SEA,PILOT_TO_PILOT,5,4010,360,6,7,Kashino ,Daio Sak,34.175964196888195,136.91484457271514,39.101401902283385,12.0,801.8885628326339,20.22164879591037
4011,Shanghai NorthCh - Nagoya,SEA,PILOT_TO_PILOT,5,4011,361,6,7,Kashino ,Daio Sak,34.17852793521869,136.91740903479834,39.101401902283385,12.0,802.0883622315766,20.021849396967582
4012,Shanghai NorthCh - Nagoya,SEA,PILOT_TO_PILOT,5,4012,362,6,7,Kashino ,Daio Sak,34.18109162020149,136.9199736527251,39.101401902283385,12.0,802.2881616305195,19.82204999802468
4013,Shanghai NorthCh - Nagoya,SEA,PILOT_TO_PILOT,5,4013,363,6,7,Kashino ,Daio Sak,34.18365525182818,136.9225384265166,39.101401902283385,12.0,802.4879610294623,19.622250599081895
4014,Shanghai NorthCh - Nagoya,SEA,PILOT_TO_PILOT,5,4014,364,6,7,Kashino ,Daio Sak,34.18621883009038,136.92510335619417,39.101401902283385,12.0,802.6877604284051,19.422451200139108
4015,Shanghai NorthCh - Nagoya,SEA,PILOT_TO_PILOT,5,4015,365,6,7,Kashino ,Daio Sak,34.18878235497974,136.92766844177893,39.101401902283385,12.0,802.8875598273479,19.22265180119632
4016,Shanghai NorthCh - Nagoya,SEA,PILOT_TO_PILOT,5,4016,366,6,7,Kashino ,Daio Sak,34.19134582648785,136.93023368329222,39.101401902283385,12.0,803.0873592262908,19.02285240225342
4017,Shanghai NorthCh - Nagoya,SEA,PILOT_TO_PILOT,5,4017,367,6,7,Kashino ,Daio Sak,34.193909244606324,136.9327990807552,39.101401902283385,12.0,803.2871586252336,18.823053003310633
4018,Shanghai NorthCh - Nagoya,SEA,PILOT_TO_PILOT,5,4018,368,6,7,Kashino ,Daio Sak,34.19647260932679,136.9353646341891,39.101401902283385,12.0,803.4869580241764,18.623253604367846
4019,Shanghai NorthCh - Nagoya,SEA,PILOT_TO_PILOT,5,4019,369,6,7,Kashino ,Daio Sak,34.19903592064086,136.93793034361528,39.101401902283385,12.0,803.6867574231192,18.42345420542506
4020,Shanghai NorthCh - Nagoya,SEA,PILOT_TO_PILOT,5,4020,370,6,7,Kashino ,Daio Sak,34.20159917854016,136.94049620905488,39.101401902283385,12.0,803.8865568220621,18.22365480648216
4021,Shanghai NorthCh - Nagoya,SEA,PILOT_TO_PILOT,5,4021,371,6,7,Kashino ,Daio Sak,34.20416238301626,136.94306223052922,39.101401902283385,12.0,804.0863562210048,18.023855407539372
4022,Shanghai NorthCh - Nagoya,SEA,PILOT_TO_PILOT,5,4022,372,6,7,Kashino ,Daio Sak,34.206725534060794,136.94562840805952,39.101401902283385,12.0,804.2861556199476,17.824056008596585
4023,Shanghai NorthCh - Nagoya,SEA,PILOT_TO_PILOT,5,4023,373,6,7,Kashino ,Daio Sak,34.209288631665395,136.948194741667,39.101401902283385,12.0,804.4859550188904,17.6242566096538
4024,Shanghai NorthCh - Nagoya,SEA,PILOT_TO_PILOT,5,4024,374,6,7,Kashino ,Daio Sak,34.211851675821634,136.950761231373,39.101401902283385,12.0,804.6857544178333,17.424457210710898
4025,Shanghai NorthCh - Nagoya,SEA,PILOT_TO_PILOT,5,4025,375,6,7,Kashino ,Daio Sak,34.21441466652113,136.95332787719872,39.101401902283385,12.0,804.8855538167761,17.22465781176811
4026,Shanghai NorthCh - Nagoya,SEA,PILOT_TO_PILOT,5,4026,376,6,7,Kashino ,Daio Sak,34.216977603755495,136.95589467916543,39.101401902283385,12.0,805.0853532157189,17.024858412825324
4027,Shanghai NorthCh - Nagoya,SEA,PILOT_TO_PILOT,5,4027,377,6,7,Kashino ,Daio Sak,34.21954048751631,136.9584616372944,39.101401902283385,12.0,805.2851526146617,16.825059013882537
4028,Shanghai NorthCh - Nagoya,SEA,PILOT_TO_PILOT,5,4028,378,6,7,Kashino ,Daio Sak,34.22210331779521,136.9610287516069,39.101401902283385,12.0,805.4849520136046,16.625259614939637
4029,Shanghai NorthCh - Nagoya,SEA,PILOT_TO_PILOT,5,4029,379,6,7,Kashino ,Daio Sak,34.224666094583775,136.96359602212416,39.101401902283385,12.0,805.6847514125474,16.42546021599685
4030,Shanghai NorthCh - Nagoya,SEA,PILOT_TO_PILOT,5,4030,380,6,7,Kashino ,Daio Sak,34.2272288178736,136.96616344886752,39.101401902283385,12.0,805.8845508114902,16.225660817054063
4031,Shanghai NorthCh - Nagoya,SEA,PILOT_TO_PILOT,5,4031,381,6,7,Kashino ,Daio Sak,34.22979148765629,136.96873103185823,39.101401902283385,12.0,806.0843502104331,16.025861418111162
4032,Shanghai NorthCh - Nagoya,SEA,PILOT_TO_PILOT,5,4032,382,6,7,Kashino ,Daio Sak,34.23235410392345,136.97129877111752,39.101401902283385,12.0,806.2841496093758,15.826062019168376
4033,Shanghai NorthCh - Nagoya,SEA,PILOT_TO_PILOT,6,4033,0,7,8,Daio Sak,Yoroi,34.23491666666666,136.97386666666668,27.045298041245417,12.0,806.4839490083186,15.626262620225589
4034,Shanghai NorthCh - Nagoya,SEA,PILOT_TO_PILOT,6,4034,1,7,8,Daio Sak,Yoroi,34.23786645688498,136.97568827373235,27.045298041245417,12.0,806.682801637965,15.427409990579235
4035,Shanghai NorthCh - Nagoya,SEA,PILOT_TO_PILOT,6,4035,2,7,8,Daio Sak,Yoroi,34.24081622016361,136.9775100084527,27.045298041245417,12.0,806.8816542676115,15.228557360932768
4036,Shanghai NorthCh - Nagoya,SEA,PILOT_TO_PILOT,6,4036,3,7,8,Daio Sak,Yoroi,34.243765956497676,136.97933187084956,27.045298041245417,12.0,807.0805068972578,15.029704731286415
4037,Shanghai NorthCh - Nagoya,SEA,PILOT_TO_PILOT,6,4037,4,7,8,Daio Sak,Yoroi,34.2467156658823,136.9811538609449,27.045298041245417,12.0,807.2793595269043,14.830852101639948
4038,Shanghai NorthCh - Nagoya,SEA,PILOT_TO_PILOT,6,4038,5,7,8,Daio Sak,Yoroi,34.24966534831263,136.9829759787606,27.045298041245417,12.0,807.4782121565506,14.631999471993595
4039,Shanghai NorthCh - Nagoya,SEA,PILOT_TO_PILOT,6,4039,6,7,8,Daio Sak,Yoroi,34.252615003783774,136.98479822431864,27.045298041245417,12.0,807.677064786197,14.433146842347242
4040,Shanghai NorthCh - Nagoya,SEA,PILOT_TO_PILOT,6,4040,7,7,8,Daio Sak,Yoroi,34.25556463229087,136.98662059764087,27.045298041245417,12.0,807.8759174158434,14.234294212700775
4041,Shanghai NorthCh - Nagoya,SEA,PILOT_TO_PILOT,6,4041,8,7,8,Daio Sak,Yoroi,34.25851423382905,136.9884430987493,27.045298041245417,12.0,808.0747700454898,14.035441583054421
4042,Shanghai NorthCh - Nagoya,SEA,PILOT_TO_PILOT,6,4042,9,7,8,Daio Sak,Yoroi,34.26146380839341,136.9902657276658,27.045298041245417,12.0,808.2736226751363,13.836588953407954
4043,Shanghai NorthCh - Nagoya,SEA,PILOT_TO_PILOT,6,4043,10,7,8,Daio Sak,Yoroi,34.26441335597911,136.9920884844123,27.045298041245417,12.0,808.4724753047826,13.637736323761601
4044,Shanghai NorthCh - Nagoya,SEA,PILOT_TO_PILOT,6,4044,11,7,8,Daio Sak,Yoroi,34.267362876581245,136.9939113690108,27.045298041245417,12.0,808.6713279344291,13.438883694115134
4045,Shanghai NorthCh - Nagoya,SEA,PILOT_TO_PILOT,6,4045,12,7,8,Daio Sak,Yoroi,34.27031237019496,136.9957343814832,27.045298041245417,12.0,808.8701805640754,13.24003106446878
4046,Shanghai NorthCh - Nagoya,SEA,PILOT_TO_PILOT,6,4046,13,7,8,Daio Sak,Yoroi,34.27326183681535,136.9975575218515,27.045298041245417,12.0,809.0690331937218,13.041178434822427
4047,Shanghai NorthCh - Nagoya,SEA,PILOT_TO_PILOT,6,4047,14,7,8,Daio Sak,Yoroi,34.27621127643755,136.9993807901376,27.045298041245417,12.0,809.2678858233683,12.84232580517596
4048,Shanghai NorthCh - Nagoya,SEA,PILOT_TO_PILOT,6,4048,15,7,8,Daio Sak,Yoroi,34.279160689056674,137.00120418636345,27.045298041245417,12.0,809.4667384530146,12.643473175529607
4049,Shanghai NorthCh - Nagoya,SEA,PILOT_TO_PILOT,6,4049,16,7,8,Daio Sak,Yoroi,34.282110074667834,137.00302771055104,27.045298041245417,12.0,809.6655910826611,12.44462054588314
4050,Shanghai NorthCh - Nagoya,SEA,PILOT_TO_PILOT,6,4050,17,7,8,Daio Sak,Yoroi,34.28505943326616,137.00485136272235,27.045298041245417,12.0,809.8644437123074,12.245767916236787
4051,Shanghai NorthCh - Nagoya,SEA,PILOT_TO_PILOT,6,4051,18,7,8,Daio Sak,Yoroi,34.288008764846765,137.0066751428993,27.045298041245417,12.0,810.0632963419538,12.046915286590433
4052,Shanghai NorthCh - Nagoya,SEA,PILOT_TO_PILOT,6,4052,19,7,8,Daio Sak,Yoroi,34.290958069404766,137.00849905110388,27.045298041245417,12.0,810.2621489716003,11.848062656943966
4053,Shanghai NorthCh - Nagoya,SEA,PILOT_TO_PILOT,6,4053,20,7,8,Daio Sak,Yoroi,34.29390734693526,137.01032308735807,27.045298041245417,12.0,810.4610016012466,11.649210027297613
4054,Shanghai NorthCh - Nagoya,SEA,PILOT_TO_PILOT,6,4054,21,7,8,Daio Sak,Yoroi,34.29685659743338,137.01214725168387,27.045298041245417,12.0,810.6598542308931,11.450357397651146
4055,Shanghai NorthCh - Nagoya,SEA,PILOT_TO_PILOT,6,4055,22,7,8,Daio Sak,Yoroi,34.299805820894235,137.0139715441032,27.045298041245417,12.0,810.8587068605394,11.251504768004793
4056,Shanghai NorthCh - Nagoya,SEA,PILOT_TO_PILOT,6,4056,23,7,8,Daio Sak,Yoroi,34.302755017312926,137.01579596463813,27.045298041245417,12.0,811.0575594901859,11.052652138358326
4057,Shanghai NorthCh - Nagoya,SEA,PILOT_TO_PILOT,6,4057,24,7,8,Daio Sak,Yoroi,34.305704186684565,137.0176205133106,27.045298041245417,12.0,811.2564121198322,10.853799508711973
4058,Shanghai NorthCh - Nagoya,SEA,PILOT_TO_PILOT,6,4058,25,7,8,Daio Sak,Yoroi,34.30865332900427,137.01944519014256,27.045298041245417,12.0,811.4552647494786,10.65494687906562
4059,Shanghai NorthCh - Nagoya,SEA,PILOT_TO_PILOT,6,4059,26,7,8,Daio Sak,Yoroi,34.31160244426716,137.0212699951561,27.045298041245417,12.0,811.6541173791251,10.456094249419152
4060,Shanghai NorthCh - Nagoya,SEA,PILOT_TO_PILOT,6,4060,27,7,8,Daio Sak,Yoroi,34.314551532468315,137.02309492837318,27.045298041245417,12.0,811.8529700087714,10.257241619772799
4061,Shanghai NorthCh - Nagoya,SEA,PILOT_TO_PILOT,6,4061,28,7,8,Daio Sak,Yoroi,34.31750059360285,137.02491998981577,27.045298041245417,12.0,812.0518226384179,10.058388990126332
4062,Shanghai NorthCh - Nagoya,SEA,PILOT_TO_PILOT,6,4062,29,7,8,Daio Sak,Yoroi,34.32044962766588,137.02674517950595,27.045298041245417,12.0,812.2506752680642,9.859536360479979
4063,Shanghai NorthCh - Nagoya,SEA,PILOT_TO_PILOT,6,4063,30,7,8,Daio Sak,Yoroi,34.32339863465251,137.02857049746567,27.045298041245417,12.0,812.4495278977106,9.660683730833625
4064,Shanghai NorthCh - Nagoya,SEA,PILOT_TO_PILOT,6,4064,31,7,8,Daio Sak,Yoroi,34.32634761455785,137.03039594371697,27.045298041245417,12.0,812.6483805273571,9.461831101187158
4065,Shanghai NorthCh - Nagoya,SEA,PILOT_TO_PILOT,6,4065,32,7,8,Daio Sak,Yoroi,34.32929656737697,137.03222151828186,27.045298041245417,12.0,812.8472331570034,9.262978471540805
4066,Shanghai NorthCh - Nagoya,SEA,PILOT_TO_PILOT,6,4066,33,7,8,Daio Sak,Yoroi,34.332245493105006,137.03404722118242,27.045298041245417,12.0,813.0460857866499,9.064125841894338
4067,Shanghai NorthCh - Nagoya,SEA,PILOT_TO_PILOT,6,4067,34,7,8,Daio Sak,Yoroi,34.33519439173705,137.0358730524406,27.045298041245417,12.0,813.2449384162962,8.865273212247985
4068,Shanghai NorthCh - Nagoya,SEA,PILOT_TO_PILOT,6,4068,35,7,8,Daio Sak,Yoroi,34.3381432632682,137.03769901207846,27.045298041245417,12.0,813.4437910459426,8.666420582601631
4069,Shanghai NorthCh - Nagoya,SEA,PILOT_TO_PILOT,6,4069,36,7,8,Daio Sak,Yoroi,34.341092107693555,137.03952510011803,27.045298041245417,12.0,813.642643675589,8.467567952955164
4070,Shanghai NorthCh - Nagoya,SEA,PILOT_TO_PILOT,6,4070,37,7,8,Daio Sak,Yoroi,34.344040925008215,137.04135131658137,27.045298041245417,12.0,813.8414963052354,8.268715323308811
4071,Shanghai NorthCh - Nagoya,SEA,PILOT_TO_PILOT,6,4071,38,7,8,Daio Sak,Yoroi,34.34698971520728,137.0431776614905,27.045298041245417,12.0,814.0403489348819,8.069862693662344
4072,Shanghai NorthCh - Nagoya,SEA,PILOT_TO_PILOT,6,4072,39,7,8,Daio Sak,Yoroi,34.34993847828583,137.04500413486747,27.045298041245417,12.0,814.2392015645282,7.871010064015991
4073,Shanghai NorthCh - Nagoya,SEA,PILOT_TO_PILOT,6,4073,40,7,8,Daio Sak,Yoroi,34.352887214238976,137.04683073673436,27.045298041245417,12.0,814.4380541941747,7.672157434369524
4074,Shanghai NorthCh - Nagoya,SEA,PILOT_TO_PILOT,6,4074,41,7,8,Daio Sak,Yoroi,34.35583592306182,137.04865746711317,27.045298041245417,12.0,814.636906823821,7.4733048047231705
4075,Shanghai NorthCh - Nagoya,SEA,PILOT_TO_PILOT,6,4075,42,7,8,Daio Sak,Yoroi,34.35878460474944,137.05048432602598,27.045298041245417,12.0,814.8357594534674,7.274452175076817
4076,Shanghai NorthCh - Nagoya,SEA,PILOT_TO_PILOT,6,4076,43,7,8,Daio Sak,Yoroi,34.36173325929693,137.0523113134949,27.045298041245417,12.0,815.0346120831139,7.07559954543035
4077,Shanghai NorthCh - Nagoya,SEA,PILOT_TO_PILOT,6,4077,44,7,8,Daio Sak,Yoroi,34.36468188669939,137.05413842954192,27.045298041245417,12.0,815.2334647127602,6.876746915783997
4078,Shanghai NorthCh - Nagoya,SEA,PILOT_TO_PILOT,6,4078,45,7,8,Daio Sak,Yoroi,34.36763048695192,137.05596567418917,27.045298041245417,12.0,815.4323173424067,6.67789428613753
4079,Shanghai NorthCh - Nagoya,SEA,PILOT_TO_PILOT,6,4079,46,7,8,Daio Sak,Yoroi,34.37057906004958,137.0577930474587,27.045298041245417,12.0,815.631169972053,6.479041656491177
4080,Shanghai NorthCh - Nagoya,SEA,PILOT_TO_PILOT,6,4080,47,7,8,Daio Sak,Yoroi,34.373527605987476,137.05962054937254,27.045298041245417,12.0,815.8300226016994,6.280189026844823
4081,Shanghai NorthCh - Nagoya,SEA,PILOT_TO_PILOT,6,4081,48,7,8,Daio Sak,Yoroi,34.3764761247607,137.06144817995283,27.045298041245417,12.0,816.0288752313459,6.081336397198356
4082,Shanghai NorthCh - Nagoya,SEA,PILOT_TO_PILOT,6,4082,49,7,8,Daio Sak,Yoroi,34.379424616364325,137.06327593922163,27.045298041245417,12.0,816.2277278609922,5.882483767552003
4083,Shanghai NorthCh - Nagoya,SEA,PILOT_TO_PILOT,6,4083,50,7,8,Daio Sak,Yoroi,34.382373080793464,137.06510382720106,27.045298041245417,12.0,816.4265804906387,5.683631137905536
4084,Shanghai NorthCh - Nagoya,SEA,PILOT_TO_PILOT,6,4084,51,7,8,Daio Sak,Yoroi,34.38532151804319,137.06693184391315,27.045298041245417,12.0,816.625433120285,5.484778508259183
4085,Shanghai NorthCh - Nagoya,SEA,PILOT_TO_PILOT,6,4085,52,7,8,Daio Sak,Yoroi,34.38826992810856,137.06875998938006,27.045298041245417,12.0,816.8242857499315,5.285925878612716
4086,Shanghai NorthCh - Nagoya,SEA,PILOT_TO_PILOT,6,4086,53,7,8,Daio Sak,Yoroi,34.391218310984705,137.07058826362388,27.045298041245417,12.0,817.0231383795779,5.087073248966362
4087,Shanghai NorthCh - Nagoya,SEA,PILOT_TO_PILOT,7,4087,0,8,9,Yoroi,IragoPlt,34.39416666666666,137.07241666666667,353.0501835201485,12.0,817.2219910092242,4.888220619320009
4088,Shanghai NorthCh - Nagoya,SEA,PILOT_TO_PILOT,7,4088,1,8,9,Yoroi,IragoPlt,34.39753405096769,137.0719192111,353.0501835201485,12.0,817.4256668683626,4.684544760181666
4089,Shanghai NorthCh - Nagoya,SEA,PILOT_TO_PILOT,7,4089,2,8,9,Yoroi,IragoPlt,34.400901433255264,137.07142171549822,353.0501835201485,12.0,817.6293427275009,4.480868901043323
4090,Shanghai NorthCh - Nagoya,SEA,PILOT_TO_PILOT,7,4090,3,8,9,Yoroi,IragoPlt,34.404268813528965,137.0709241798531,353.0501835201485,12.0,817.8330185866392,4.2771930419049795
4091,Shanghai NorthCh - Nagoya,SEA,PILOT_TO_PILOT,7,4091,4,8,9,Yoroi,IragoPlt,34.407636191788356,137.07042660415635,353.0501835201485,12.0,818.0366944457776,4.073517182766636
4092,Shanghai NorthCh - Nagoya,SEA,PILOT_TO_PILOT,7,4092,5,8,9,Yoroi,IragoPlt,34.41100356803305,137.0699289883998,353.0501835201485,12.0,818.2403703049159,3.869841323628293
4093,Shanghai NorthCh - Nagoya,SEA,PILOT_TO_PILOT,7,4093,6,8,9,Yoroi,IragoPlt,34.414370942262615,137.0694313325751,353.0501835201485,12.0,818.4440461640542,3.6661654644900636
4094,Shanghai NorthCh - Nagoya,SEA,PILOT_TO_PILOT,7,4094,7,8,9,Yoroi,IragoPlt,34.417738314476644,137.06893363667407,353.0501835201485,12.0,818.6477220231925,3.4624896053517205
4095,Shanghai NorthCh - Nagoya,SEA,PILOT_TO_PILOT,7,4095,8,8,9,Yoroi,IragoPlt,34.42110568467471,137.06843590068846,353.0501835201485,12.0,818.8513978823308,3.2588137462133773
4096,Shanghai NorthCh - Nagoya,SEA,PILOT_TO_PILOT,7,4096,9,8,9,Yoroi,IragoPlt,34.424473052856406,137.06793812460992,353.0501835201485,12.0,819.0550737414692,3.055137887075034
4097,Shanghai NorthCh - Nagoya,SEA,PILOT_TO_PILOT,7,4097,10,8,9,Yoroi,IragoPlt,34.4278404190213,137.06744030843026,353.0501835201485,12.0,819.2587496006075,2.851462027936691
4098,Shanghai NorthCh - Nagoya,SEA,PILOT_TO_PILOT,7,4098,11,8,9,Yoroi,IragoPlt,34.43120778316899,137.06694245214123,353.0501835201485,12.0,819.4624254597459,2.6477861687983477
4099,Shanghai NorthCh - Nagoya,SEA,PILOT_TO_PILOT,7,4099,12,8,9,Yoroi,IragoPlt,34.434575145299064,137.06644455573453,353.0501835201485,12.0,819.6661013188842,2.4441103096600045
4100,Shanghai NorthCh - Nagoya,SEA,PILOT_TO_PILOT,7,4100,13,8,9,Yoroi,IragoPlt,34.43794250541109,137.06594661920192,353.0501835201485,12.0,819.8697771780226,2.2404344505216613
4101,Shanghai NorthCh - Nagoya,SEA,PILOT_TO_PILOT,7,4101,14,8,9,Yoroi,IragoPlt,34.44130986350466,137.0654486425351,353.0501835201485,12.0,820.0734530371609,2.036758591383318
4102,Shanghai NorthCh - Nagoya,SEA,PILOT_TO_PILOT,7,4102,15,8,9,Yoroi,IragoPlt,34.444677219579354,137.06495062572586,353.0501835201485,12.0,820.2771288962992,1.833082732244975
4103,Shanghai NorthCh - Nagoya,SEA,PILOT_TO_PILOT,7,4103,16,8,9,Yoroi,IragoPlt,34.44804457363475,137.06445256876586,353.0501835201485,12.0,820.4808047554376,1.6294068731066318
4104,Shanghai NorthCh - Nagoya,SEA,PILOT_TO_PILOT,7,4104,17,8,9,Yoroi,IragoPlt,34.45141192567044,137.0639544716469,353.0501835201485,12.0,820.6844806145759,1.4257310139682886
4105,Shanghai NorthCh - Nagoya,SEA,PILOT_TO_PILOT,7,4105,18,8,9,Yoroi,IragoPlt,34.454779275686015,137.0634563343606,353.0501835201485,12.0,820.8881564737142,1.222055154830059
4106,Shanghai NorthCh - Nagoya,SEA,PILOT_TO_PILOT,7,4106,19,8,9,Yoroi,IragoPlt,34.458146623681024,137.0629581568988,353.0501835201485,12.0,821.0918323328525,1.018379295691716
4107,Shanghai NorthCh - Nagoya,SEA,PILOT_TO_PILOT,7,4107,20,8,9,Yoroi,IragoPlt,34.46151396965509,137.06245993925313,353.0501835201485,12.0,821.2955081919908,0.8147034365533727
4108,Shanghai NorthCh - Nagoya,SEA,PILOT_TO_PILOT,7,4108,21,8,9,Yoroi,IragoPlt,34.46488131360776,137.0619616814154,353.0501835201485,12.0,821.4991840511292,0.6110275774150296
4109,Shanghai NorthCh - Nagoya,SEA,PILOT_TO_PILOT,7,4109,22,8,9,Yoroi,IragoPlt,34.468248655538645,137.06146338337726,353.0501835201485,12.0,821.7028599102675,0.40735171827668637
4110,Shanghai NorthCh - Nagoya,SEA,PILOT_TO_PILOT,7,4110,23,8,9,Yoroi,IragoPlt,34.471615995447316,137.06096504513044,353.0501835201485,12.0,821.9065357694059,0.20367585913834318
4111,Shanghai NorthCh - Nagoya,SEA,PILOT_TO_PILOT,7,4111,24,8,9,Yoroi,IragoPlt,34.474983333333334,137.06046666666666,353.0501835201485,12.0,822.1102116285442,0.0
