sim_index,route_name,route_type,phase,leg_index,minute_from_start,leg_minute,from_wpt,to_wpt,from_name,to_name,lat_deg,lon_deg,cog_deg,sog_knots,distance_from_start_nm,distance_to_go_nm
0,Shanghai SouthCh - Nagoya,SEA,PILOT_TO_PILOT,0,0,0,1,2,PltStn,S8,31.041716666666666,122.20331666666667,91.31480879854962,12.0,0.0,843.4573065315501
1,Shanghai SouthCh - Nagoya,SEA,PILOT_TO_PILOT,0,1,1,1,2,PltStn,S8,31.041640789155164,122.20717227492338,91.31480879854962,12.0,0.1983933175386948,843.2589132140114
2,Shanghai SouthCh - Nagoya,SEA,PILOT_TO_PILOT,0,2,2,1,2,PltStn,S8,31.041564797012544,122.2110278770293,91.31480879854962,12.0,0.3967866350773896,843.0605198964727
3,Shanghai SouthCh - Nagoya,SEA,PILOT_TO_PILOT,0,3,3,1,2,PltStn,S8,31.041488690239355,122.2148834729752,91.31480879854962,12.0,0.5951799526160844,842.8621265789341
4,Shanghai SouthCh - Nagoya,SEA,PILOT_TO_PILOT,0,4,4,1,2,PltStn,S8,31.04141246883612,122.21873906275182,91.31480879854962,12.0,0.7935732701547792,842.6637332613954
5,Shanghai SouthCh - Nagoya,SEA,PILOT_TO_PILOT,0,5,5,1,2,PltStn,S8,31.04133613280336,122.22259464634992,91.31480879854962,12.0,0.991966587693474,842.4653399438566
6,Shanghai SouthCh - Nagoya,SEA,PILOT_TO_PILOT,0,6,6,1,2,PltStn,S8,31.041259682141614,122.22645022376021,91.31480879854962,12.0,1.1903599052321687,842.2669466263179
7,Shanghai SouthCh - Nagoya,SEA,PILOT_TO_PILOT,0,7,7,1,2,PltStn,S8,31.041183116851414,122.23030579497345,91.31480879854962,12.0,1.3887532227708637,842.0685533087792
8,Shanghai SouthCh - Nagoya,SEA,PILOT_TO_PILOT,0,8,8,1,2,PltStn,S8,31.041106436933287,122.23416135998039,91.31480879854962,12.0,1.5871465403095584,841.8701599912406
9,Shanghai SouthCh - Nagoya,SEA,PILOT_TO_PILOT,0,9,9,1,2,PltStn,S8,31.041029642387755,122.23801691877176,91.31480879854962,12.0,1.785539857848253,841.6717666737019
10,Shanghai SouthCh - Nagoya,SEA,PILOT_TO_PILOT,0,10,10,1,2,PltStn,S8,31.040952733215367,122.24187247133831,91.31480879854962,12.0,1.983933175386948,841.4733733561632
11,Shanghai SouthCh - Nagoya,SEA,PILOT_TO_PILOT,0,11,11,1,2,PltStn,S8,31.040875709416643,122.24572801767079,91.31480879854962,12.0,2.1823264929256427,841.2749800386244
12,Shanghai SouthCh - Nagoya,SEA,PILOT_TO_PILOT,0,12,12,1,2,PltStn,S8,31.040798570992123,122.24958355775993,91.31480879854962,12.0,2.3807198104643374,841.0765867210857
13,Shanghai SouthCh - Nagoya,SEA,PILOT_TO_PILOT,0,13,13,1,2,PltStn,S8,31.040721317942346,122.2534390915965,91.31480879854962,12.0,2.579113128003032,840.878193403547
14,Shanghai SouthCh - Nagoya,SEA,PILOT_TO_PILOT,0,14,14,1,2,PltStn,S8,31.040643950267846,122.25729461917125,91.31480879854962,12.0,2.7775064455417273,840.6798000860084
15,Shanghai SouthCh - Nagoya,SEA,PILOT_TO_PILOT,0,15,15,1,2,PltStn,S8,31.04056646796916,122.26115014047487,91.31480879854962,12.0,2.975899763080422,840.4814067684697
16,Shanghai SouthCh - Nagoya,SEA,PILOT_TO_PILOT,0,16,16,1,2,PltStn,S8,31.04048887104682,122.26500565549817,91.31480879854962,12.0,3.1742930806191167,840.283013450931
17,Shanghai SouthCh - Nagoya,SEA,PILOT_TO_PILOT,0,17,17,1,2,PltStn,S8,31.040411159501364,122.26886116423186,91.31480879854962,12.0,3.3726863981578115,840.0846201333923
18,Shanghai SouthCh - Nagoya,SEA,PILOT_TO_PILOT,1,18,0,2,3,S8,S1,31.040333333333336,122.27271666666668,103.13065326396759,12.0,3.571079715696506,839.8862268158535
19,Shanghai SouthCh - Nagoya,SEA,PILOT_TO_PILOT,1,19,1,2,3,S8,S1,31.039570724759777,122.27653191772819,103.13065326396759,12.0,3.772618315651109,839.684688215899
20,Shanghai SouthCh - Nagoya,SEA,PILOT_TO_PILOT,1,20,2,2,3,S8,S1,31.038808003948184,122.28034710766546,103.13065326396759,12.0,3.974156915605712,839.4831496159444
21,Shanghai SouthCh - Nagoya,SEA,PILOT_TO_PILOT,1,21,3,2,3,S8,S1,31.03804517090376,122.2841622364723,103.13065326396759,12.0,4.175695515560315,839.2816110159898
22,Shanghai SouthCh - Nagoya,SEA,PILOT_TO_PILOT,1,22,4,2,3,S8,S1,31.03728222563166,122.28797730414254,103.13065326396759,12.0,4.377234115514917,839.0800724160351
23,Shanghai SouthCh - Nagoya,SEA,PILOT_TO_PILOT,1,23,5,2,3,S8,S1,31.03651916813709,122.29179231067,103.13065326396759,12.0,4.57877271546952,838.8785338160806
24,Shanghai SouthCh - Nagoya,SEA,PILOT_TO_PILOT,1,24,6,2,3,S8,S1,31.035755998425202,122.29560725604856,103.13065326396759,12.0,4.780311315424123,838.676995216126
25,Shanghai SouthCh - Nagoya,SEA,PILOT_TO_PILOT,1,25,7,2,3,S8,S1,31.034992716501204,122.29942214027199,103.13065326396759,12.0,4.981849915378726,838.4754566161714
26,Shanghai SouthCh - Nagoya,SEA,PILOT_TO_PILOT,1,26,8,2,3,S8,S1,31.034229322370273,122.30323696333413,103.13065326396759,12.0,5.183388515333329,838.2739180162167
27,Shanghai SouthCh - Nagoya,SEA,PILOT_TO_PILOT,1,27,9,2,3,S8,S1,31.033465816037584,122.30705172522887,103.13065326396759,12.0,5.384927115287931,838.0723794162622
28,Shanghai SouthCh - Nagoya,SEA,PILOT_TO_PILOT,1,28,10,2,3,S8,S1,31.032702197508325,122.31086642595,103.13065326396759,12.0,5.586465715242534,837.8708408163076
29,Shanghai SouthCh - Nagoya,SEA,PILOT_TO_PILOT,1,29,11,2,3,S8,S1,31.031938466787672,122.31468106549137,103.13065326396759,12.0,5.788004315197137,837.669302216353
30,Shanghai SouthCh - Nagoya,SEA,PILOT_TO_PILOT,1,30,12,2,3,S8,S1,31.031174623880833,122.31849564384683,103.13065326396759,12.0,5.989542915151739,837.4677636163983
31,Shanghai SouthCh - Nagoya,SEA,PILOT_TO_PILOT,1,31,13,2,3,S8,S1,31.03041066879297,122.32231016101021,103.13065326396759,12.0,6.191081515106342,837.2662250164437
32,Shanghai SouthCh - Nagoya,SEA,PILOT_TO_PILOT,1,32,14,2,3,S8,S1,31.029646601529276,122.32612461697533,103.13065326396759,12.0,6.392620115060945,837.0646864164892
33,Shanghai SouthCh - Nagoya,SEA,PILOT_TO_PILOT,1,33,15,2,3,S8,S1,31.028882422094945,122.3299390117361,103.13065326396759,12.0,6.594158715015547,836.8631478165346
34,Shanghai SouthCh - Nagoya,SEA,PILOT_TO_PILOT,1,34,16,2,3,S8,S1,31.028118130495155,122.33375334528631,103.13065326396759,12.0,6.79569731497015,836.6616092165799
35,Shanghai SouthCh - Nagoya,SEA,PILOT_TO_PILOT,1,35,17,2,3,S8,S1,31.027353726735086,122.33756761761983,103.13065326396759,12.0,6.997235914924753,836.4600706166253
36,Shanghai SouthCh - Nagoya,SEA,PILOT_TO_PILOT,1,36,18,2,3,S8,S1,31.02658921081994,122.34138182873048,103.13065326396759,12.0,7.198774514879355,836.2585320166708
37,Shanghai SouthCh - Nagoya,SEA,PILOT_TO_PILOT,1,37,19,2,3,S8,S1,31.025824582754904,122.34519597861215,103.13065326396759,12.0,7.400313114833959,836.0569934167162
38,Shanghai SouthCh - Nagoya,SEA,PILOT_TO_PILOT,1,38,20,2,3,S8,S1,31.025059842545165,122.34901006725869,103.13065326396759,12.0,7.601851714788561,835.8554548167615
39,Shanghai SouthCh - Nagoya,SEA,PILOT_TO_PILOT,1,39,21,2,3,S8,S1,31.024294990195916,122.35282409466392,103.13065326396759,12.0,7.803390314743165,835.6539162168069
40,Shanghai SouthCh - Nagoya,SEA,PILOT_TO_PILOT,1,40,22,2,3,S8,S1,31.02353002571233,122.35663806082174,103.13065326396759,12.0,8.004928914697768,835.4523776168523
41,Shanghai SouthCh - Nagoya,SEA,PILOT_TO_PILOT,1,41,23,2,3,S8,S1,31.0227649490996,122.36045196572594,103.13065326396759,12.0,8.20646751465237,835.2508390168978
42,Shanghai SouthCh - Nagoya,SEA,PILOT_TO_PILOT,1,42,24,2,3,S8,S1,31.021999760362945,122.36426580937045,103.13065326396759,12.0,8.408006114606973,835.0493004169431
43,Shanghai SouthCh - Nagoya,SEA,PILOT_TO_PILOT,1,43,25,2,3,S8,S1,31.021234459507532,122.36807959174911,103.13065326396759,12.0,8.609544714561576,834.8477618169885
44,Shanghai SouthCh - Nagoya,SEA,PILOT_TO_PILOT,1,44,26,2,3,S8,S1,31.02046904653855,122.37189331285575,103.13065326396759,12.0,8.811083314516178,834.6462232170339
45,Shanghai SouthCh - Nagoya,SEA,PILOT_TO_PILOT,1,45,27,2,3,S8,S1,31.019703521461214,122.37570697268424,103.13065326396759,12.0,9.012621914470781,834.4446846170794
46,Shanghai SouthCh - Nagoya,SEA,PILOT_TO_PILOT,1,46,28,2,3,S8,S1,31.018937884280692,122.3795205712285,103.13065326396759,12.0,9.214160514425384,834.2431460171247
47,Shanghai SouthCh - Nagoya,SEA,PILOT_TO_PILOT,1,47,29,2,3,S8,S1,31.01817213500219,122.38333410848233,103.13065326396759,12.0,9.415699114379986,834.0416074171701
48,Shanghai SouthCh - Nagoya,SEA,PILOT_TO_PILOT,1,48,30,2,3,S8,S1,31.0174062736309,122.3871475844396,103.13065326396759,12.0,9.617237714334589,833.8400688172155
49,Shanghai SouthCh - Nagoya,SEA,PILOT_TO_PILOT,1,49,31,2,3,S8,S1,31.016640300172025,122.39096099909426,103.13065326396759,12.0,9.818776314289192,833.638530217261
50,Shanghai SouthCh - Nagoya,SEA,PILOT_TO_PILOT,1,50,32,2,3,S8,S1,31.01587421463074,122.39477435244008,103.13065326396759,12.0,10.020314914243794,833.4369916173063
51,Shanghai SouthCh - Nagoya,SEA,PILOT_TO_PILOT,1,51,33,2,3,S8,S1,31.01510801701226,122.398587644471,103.13065326396759,12.0,10.221853514198397,833.2354530173517
52,Shanghai SouthCh - Nagoya,SEA,PILOT_TO_PILOT,1,52,34,2,3,S8,S1,31.01434170732177,122.40240087518083,103.13065326396759,12.0,10.423392114153,833.0339144173971
53,Shanghai SouthCh - Nagoya,SEA,PILOT_TO_PILOT,1,53,35,2,3,S8,S1,31.013575285564468,122.4062140445635,103.13065326396759,12.0,10.624930714107602,832.8323758174425
54,Shanghai SouthCh - Nagoya,SEA,PILOT_TO_PILOT,1,54,36,2,3,S8,S1,31.012808751745556,122.41002715261288,103.13065326396759,12.0,10.826469314062205,832.6308372174879
55,Shanghai SouthCh - Nagoya,SEA,PILOT_TO_PILOT,1,55,37,2,3,S8,S1,31.012042105870226,122.41384019932285,103.13065326396759,12.0,11.02800791401681,832.4292986175333
56,Shanghai SouthCh - Nagoya,SEA,PILOT_TO_PILOT,1,56,38,2,3,S8,S1,31.011275347943684,122.41765318468725,103.13065326396759,12.0,11.229546513971412,832.2277600175787
57,Shanghai SouthCh - Nagoya,SEA,PILOT_TO_PILOT,1,57,39,2,3,S8,S1,31.010508477971115,122.4214661087,103.13065326396759,12.0,11.431085113926015,832.0262214176241
58,Shanghai SouthCh - Nagoya,SEA,PILOT_TO_PILOT,1,58,40,2,3,S8,S1,31.009741495957734,122.42527897135498,103.13065326396759,12.0,11.632623713880616,831.8246828176694
59,Shanghai SouthCh - Nagoya,SEA,PILOT_TO_PILOT,1,59,41,2,3,S8,S1,31.008974401908723,122.42909177264606,103.13065326396759,12.0,11.83416231383522,831.6231442177149
60,Shanghai SouthCh - Nagoya,SEA,PILOT_TO_PILOT,1,60,42,2,3,S8,S1,31.008207195829296,122.43290451256712,103.13065326396759,12.0,12.035700913789823,831.4216056177603
61,Shanghai SouthCh - Nagoya,SEA,PILOT_TO_PILOT,1,61,43,2,3,S8,S1,31.007439877724654,122.4367171911121,103.13065326396759,12.0,12.237239513744425,831.2200670178057
62,Shanghai SouthCh - Nagoya,SEA,PILOT_TO_PILOT,1,62,44,2,3,S8,S1,31.00667244759999,122.44052980827482,103.13065326396759,12.0,12.438778113699028,831.018528417851
63,Shanghai SouthCh - Nagoya,SEA,PILOT_TO_PILOT,1,63,45,2,3,S8,S1,31.005904905460515,122.44434236404918,103.13065326396759,12.0,12.64031671365363,830.8169898178965
64,Shanghai SouthCh - Nagoya,SEA,PILOT_TO_PILOT,1,64,46,2,3,S8,S1,31.005137251311414,122.4481548584291,103.13065326396759,12.0,12.841855313608233,830.6154512179419
65,Shanghai SouthCh - Nagoya,SEA,PILOT_TO_PILOT,1,65,47,2,3,S8,S1,31.00436948515791,122.45196729140848,103.13065326396759,12.0,13.043393913562836,830.4139126179873
66,Shanghai SouthCh - Nagoya,SEA,PILOT_TO_PILOT,1,66,48,2,3,S8,S1,31.003601607005198,122.4557796629812,103.13065326396759,12.0,13.244932513517439,830.2123740180326
67,Shanghai SouthCh - Nagoya,SEA,PILOT_TO_PILOT,1,67,49,2,3,S8,S1,31.002833616858478,122.45959197314114,103.13065326396759,12.0,13.446471113472041,830.010835418078
68,Shanghai SouthCh - Nagoya,SEA,PILOT_TO_PILOT,1,68,50,2,3,S8,S1,31.002065514722958,122.46340422188223,103.13065326396759,12.0,13.648009713426644,829.8092968181235
69,Shanghai SouthCh - Nagoya,SEA,PILOT_TO_PILOT,1,69,51,2,3,S8,S1,31.00129730060385,122.46721640919836,103.13065326396759,12.0,13.849548313381247,829.6077582181689
70,Shanghai SouthCh - Nagoya,SEA,PILOT_TO_PILOT,1,70,52,2,3,S8,S1,31.000528974506338,122.4710285350834,103.13065326396759,12.0,14.05108691333585,829.4062196182142
71,Shanghai SouthCh - Nagoya,SEA,PILOT_TO_PILOT,1,71,53,2,3,S8,S1,30.99976053643565,122.47484059953129,103.13065326396759,12.0,14.252625513290452,829.2046810182596
72,Shanghai SouthCh - Nagoya,SEA,PILOT_TO_PILOT,1,72,54,2,3,S8,S1,30.99899198639698,122.47865260253592,103.13065326396759,12.0,14.454164113245055,829.0031424183051
73,Shanghai SouthCh - Nagoya,SEA,PILOT_TO_PILOT,1,73,55,2,3,S8,S1,30.998223324395543,122.48246454409119,103.13065326396759,12.0,14.655702713199657,828.8016038183505
74,Shanghai SouthCh - Nagoya,SEA,PILOT_TO_PILOT,1,74,56,2,3,S8,S1,30.997454550436533,122.48627642419103,103.13065326396759,12.0,14.857241313154262,828.6000652183958
75,Shanghai SouthCh - Nagoya,SEA,PILOT_TO_PILOT,1,75,57,2,3,S8,S1,30.996685664525174,122.49008824282933,103.13065326396759,12.0,15.058779913108864,828.3985266184412
76,Shanghai SouthCh - Nagoya,SEA,PILOT_TO_PILOT,2,76,0,3,4,S1,TssOut,30.995916666666666,122.4939,107.50795328065988,12.0,15.260318513063467,828.1969880184866
77,Shanghai SouthCh - Nagoya,SEA,PILOT_TO_PILOT,2,77,1,3,4,S1,TssOut,30.994906471438394,122.49763560495178,107.50795328065988,12.0,15.461919769523771,827.9953867620263
78,Shanghai SouthCh - Nagoya,SEA,PILOT_TO_PILOT,2,78,2,3,4,S1,TssOut,30.99389616869889,122.50137113076677,107.50795328065988,12.0,15.663521025984073,827.793785505566
79,Shanghai SouthCh - Nagoya,SEA,PILOT_TO_PILOT,2,79,3,3,4,S1,TssOut,30.992885758454687,122.50510657744141,107.50795328065988,12.0,15.865122282444377,827.5921842491057
80,Shanghai SouthCh - Nagoya,SEA,PILOT_TO_PILOT,2,80,4,3,4,S1,TssOut,30.991875240712382,122.50884194497206,107.50795328065988,12.0,16.06672353890468,827.3905829926455
81,Shanghai SouthCh - Nagoya,SEA,PILOT_TO_PILOT,2,81,5,3,4,S1,TssOut,30.990864615478543,122.51257723335522,107.50795328065988,12.0,16.268324795364983,827.1889817361852
82,Shanghai SouthCh - Nagoya,SEA,PILOT_TO_PILOT,2,82,6,3,4,S1,TssOut,30.989853882759743,122.51631244258725,107.50795328065988,12.0,16.469926051825286,826.9873804797248
83,Shanghai SouthCh - Nagoya,SEA,PILOT_TO_PILOT,2,83,7,3,4,S1,TssOut,30.988843042562557,122.5200475726646,107.50795328065988,12.0,16.67152730828559,826.7857792232645
84,Shanghai SouthCh - Nagoya,SEA,PILOT_TO_PILOT,2,84,8,3,4,S1,TssOut,30.987832094893555,122.52378262358368,107.50795328065988,12.0,16.873128564745894,826.5841779668042
85,Shanghai SouthCh - Nagoya,SEA,PILOT_TO_PILOT,2,85,9,3,4,S1,TssOut,30.986821039759313,122.52751759534092,107.50795328065988,12.0,17.074729821206198,826.3825767103439
86,Shanghai SouthCh - Nagoya,SEA,PILOT_TO_PILOT,2,86,10,3,4,S1,TssOut,30.985809877166396,122.53125248793276,107.50795328065988,12.0,17.276331077666498,826.1809754538835
87,Shanghai SouthCh - Nagoya,SEA,PILOT_TO_PILOT,2,87,11,3,4,S1,TssOut,30.984798607121398,122.53498730135563,107.50795328065988,12.0,17.477932334126802,825.9793741974233
88,Shanghai SouthCh - Nagoya,SEA,PILOT_TO_PILOT,2,88,12,3,4,S1,TssOut,30.983787229630877,122.53872203560597,107.50795328065988,12.0,17.679533590587106,825.777772940963
89,Shanghai SouthCh - Nagoya,SEA,PILOT_TO_PILOT,2,89,13,3,4,S1,TssOut,30.98277574470141,122.5424566906802,107.50795328065988,12.0,17.88113484704741,825.5761716845027
90,Shanghai SouthCh - Nagoya,SEA,PILOT_TO_PILOT,2,90,14,3,4,S1,TssOut,30.98176415233958,122.54619126657474,107.50795328065988,12.0,18.082736103507713,825.3745704280424
91,Shanghai SouthCh - Nagoya,SEA,PILOT_TO_PILOT,2,91,15,3,4,S1,TssOut,30.980752452551958,122.54992576328607,107.50795328065988,12.0,18.284337359968013,825.172969171582
92,Shanghai SouthCh - Nagoya,SEA,PILOT_TO_PILOT,2,92,16,3,4,S1,TssOut,30.979740645345114,122.5536601808106,107.50795328065988,12.0,18.485938616428317,824.9713679151217
93,Shanghai SouthCh - Nagoya,SEA,PILOT_TO_PILOT,2,93,17,3,4,S1,TssOut,30.978728730725628,122.55739451914475,107.50795328065988,12.0,18.68753987288862,824.7697666586615
94,Shanghai SouthCh - Nagoya,SEA,PILOT_TO_PILOT,2,94,18,3,4,S1,TssOut,30.977716708700083,122.56112877828501,107.50795328065988,12.0,18.889141129348925,824.5681654022012
95,Shanghai SouthCh - Nagoya,SEA,PILOT_TO_PILOT,2,95,19,3,4,S1,TssOut,30.97670457927505,122.56486295822779,107.50795328065988,12.0,19.09074238580923,824.3665641457409
96,Shanghai SouthCh - Nagoya,SEA,PILOT_TO_PILOT,2,96,20,3,4,S1,TssOut,30.975692342457105,122.56859705896957,107.50795328065988,12.0,19.292343642269532,824.1649628892806
97,Shanghai SouthCh - Nagoya,SEA,PILOT_TO_PILOT,2,97,21,3,4,S1,TssOut,30.974679998252828,122.57233108050677,107.50795328065988,12.0,19.493944898729836,823.9633616328202
98,Shanghai SouthCh - Nagoya,SEA,PILOT_TO_PILOT,2,98,22,3,4,S1,TssOut,30.9736675466688,122.57606502283585,107.50795328065988,12.0,19.695546155190137,823.7617603763599
99,Shanghai SouthCh - Nagoya,SEA,PILOT_TO_PILOT,2,99,23,3,4,S1,TssOut,30.972654987711586,122.57979888595325,107.50795328065988,12.0,19.89714741165044,823.5601591198997
100,Shanghai SouthCh - Nagoya,SEA,PILOT_TO_PILOT,2,100,24,3,4,S1,TssOut,30.971642321387773,122.58353266985546,107.50795328065988,12.0,20.098748668110744,823.3585578634394
101,Shanghai SouthCh - Nagoya,SEA,PILOT_TO_PILOT,2,101,25,3,4,S1,TssOut,30.97062954770394,122.58726637453887,107.50795328065988,12.0,20.300349924571048,823.1569566069791
102,Shanghai SouthCh - Nagoya,SEA,PILOT_TO_PILOT,3,102,0,4,5,TssOut,BtwSaki,30.969616666666667,122.591,91.17211388047747,12.0,20.50195118103135,822.9553553505187
103,Shanghai SouthCh - Nagoya,SEA,PILOT_TO_PILOT,3,103,1,4,5,TssOut,BtwSaki,30.96954845709411,122.59488475135865,91.17211388047747,12.0,20.701984481776663,822.7553220497734
104,Shanghai SouthCh - Nagoya,SEA,PILOT_TO_PILOT,3,104,2,4,5,TssOut,BtwSaki,30.969480131306504,122.59876949716161,91.17211388047747,12.0,20.902017782521973,822.5552887490281
105,Shanghai SouthCh - Nagoya,SEA,PILOT_TO_PILOT,3,105,3,4,5,TssOut,BtwSaki,30.96941168930434,122.60265423739949,91.17211388047747,12.0,21.102051083267284,822.3552554482828
106,Shanghai SouthCh - Nagoya,SEA,PILOT_TO_PILOT,3,106,4,4,5,TssOut,BtwSaki,30.969343131088074,122.60653897206284,91.17211388047747,12.0,21.302084384012595,822.1552221475375
107,Shanghai SouthCh - Nagoya,SEA,PILOT_TO_PILOT,3,107,5,4,5,TssOut,BtwSaki,30.969274456658212,122.61042370114221,91.17211388047747,12.0,21.502117684757906,821.9551888467922
108,Shanghai SouthCh - Nagoya,SEA,PILOT_TO_PILOT,3,108,6,4,5,TssOut,BtwSaki,30.969205666015238,122.61430842462819,91.17211388047747,12.0,21.70215098550322,821.7551555460469
109,Shanghai SouthCh - Nagoya,SEA,PILOT_TO_PILOT,3,109,7,4,5,TssOut,BtwSaki,30.96913675915962,122.6181931425113,91.17211388047747,12.0,21.90218428624853,821.5551222453016
110,Shanghai SouthCh - Nagoya,SEA,PILOT_TO_PILOT,3,110,8,4,5,TssOut,BtwSaki,30.969067736091844,122.62207785478216,91.17211388047747,12.0,22.10221758699384,821.3550889445563
111,Shanghai SouthCh - Nagoya,SEA,PILOT_TO_PILOT,3,111,9,4,5,TssOut,BtwSaki,30.968998596812426,122.62596256143132,91.17211388047747,12.0,22.302250887739152,821.1550556438109
112,Shanghai SouthCh - Nagoya,SEA,PILOT_TO_PILOT,3,112,10,4,5,TssOut,BtwSaki,30.968929341321807,122.62984726244933,91.17211388047747,12.0,22.502284188484463,820.9550223430656
113,Shanghai SouthCh - Nagoya,SEA,PILOT_TO_PILOT,3,113,11,4,5,TssOut,BtwSaki,30.968859969620503,122.63373195782677,91.17211388047747,12.0,22.702317489229774,820.7549890423203
114,Shanghai SouthCh - Nagoya,SEA,PILOT_TO_PILOT,3,114,12,4,5,TssOut,BtwSaki,30.96879048170899,122.63761664755421,91.17211388047747,12.0,22.902350789975085,820.554955741575
115,Shanghai SouthCh - Nagoya,SEA,PILOT_TO_PILOT,3,115,13,4,5,TssOut,BtwSaki,30.96872087758776,122.6415013316222,91.17211388047747,12.0,23.102384090720395,820.3549224408297
116,Shanghai SouthCh - Nagoya,SEA,PILOT_TO_PILOT,3,116,14,4,5,TssOut,BtwSaki,30.9686511572573,122.64538601002133,91.17211388047747,12.0,23.302417391465706,820.1548891400844
117,Shanghai SouthCh - Nagoya,SEA,PILOT_TO_PILOT,3,117,15,4,5,TssOut,BtwSaki,30.968581320718116,122.64927068274214,91.17211388047747,12.0,23.502450692211017,819.9548558393391
118,Shanghai SouthCh - Nagoya,SEA,PILOT_TO_PILOT,3,118,16,4,5,TssOut,BtwSaki,30.968511367970663,122.65315534977523,91.17211388047747,12.0,23.70248399295633,819.7548225385938
119,Shanghai SouthCh - Nagoya,SEA,PILOT_TO_PILOT,3,119,17,4,5,TssOut,BtwSaki,30.968441299015474,122.65704001111114,91.17211388047747,12.0,23.902517293701642,819.5547892378485
120,Shanghai SouthCh - Nagoya,SEA,PILOT_TO_PILOT,3,120,18,4,5,TssOut,BtwSaki,30.96837111385302,122.66092466674046,91.17211388047747,12.0,24.102550594446953,819.3547559371032
121,Shanghai SouthCh - Nagoya,SEA,PILOT_TO_PILOT,3,121,19,4,5,TssOut,BtwSaki,30.96830081248379,122.66480931665372,91.17211388047747,12.0,24.302583895192264,819.1547226363579
122,Shanghai SouthCh - Nagoya,SEA,PILOT_TO_PILOT,3,122,20,4,5,TssOut,BtwSaki,30.9682303949083,122.66869396084155,91.17211388047747,12.0,24.502617195937574,818.9546893356126
123,Shanghai SouthCh - Nagoya,SEA,PILOT_TO_PILOT,3,123,21,4,5,TssOut,BtwSaki,30.96815986112701,122.67257859929445,91.17211388047747,12.0,24.702650496682885,818.7546560348673
124,Shanghai SouthCh - Nagoya,SEA,PILOT_TO_PILOT,3,124,22,4,5,TssOut,BtwSaki,30.968089211140455,122.67646323200303,91.17211388047747,12.0,24.902683797428196,818.554622734122
125,Shanghai SouthCh - Nagoya,SEA,PILOT_TO_PILOT,3,125,23,4,5,TssOut,BtwSaki,30.968018444949113,122.68034785895784,91.17211388047747,12.0,25.102717098173507,818.3545894333766
126,Shanghai SouthCh - Nagoya,SEA,PILOT_TO_PILOT,3,126,24,4,5,TssOut,BtwSaki,30.967947562553473,122.68423248014948,91.17211388047747,12.0,25.302750398918818,818.1545561326313
127,Shanghai SouthCh - Nagoya,SEA,PILOT_TO_PILOT,3,127,25,4,5,TssOut,BtwSaki,30.967876563954043,122.6881170955685,91.17211388047747,12.0,25.50278369966413,817.9545228318859
128,Shanghai SouthCh - Nagoya,SEA,PILOT_TO_PILOT,3,128,26,4,5,TssOut,BtwSaki,30.967805449151328,122.69200170520546,91.17211388047747,12.0,25.70281700040944,817.7544895311406
129,Shanghai SouthCh - Nagoya,SEA,PILOT_TO_PILOT,3,129,27,4,5,TssOut,BtwSaki,30.96773421814583,122.69588630905093,91.17211388047747,12.0,25.90285030115475,817.5544562303953
130,Shanghai SouthCh - Nagoya,SEA,PILOT_TO_PILOT,3,130,28,4,5,TssOut,BtwSaki,30.96766287093803,122.69977090709547,91.17211388047747,12.0,26.10288360190006,817.35442292965
131,Shanghai SouthCh - Nagoya,SEA,PILOT_TO_PILOT,3,131,29,4,5,TssOut,BtwSaki,30.967591407528445,122.70365549932968,91.17211388047747,12.0,26.302916902645375,817.1543896289047
132,Shanghai SouthCh - Nagoya,SEA,PILOT_TO_PILOT,3,132,30,4,5,TssOut,BtwSaki,30.96751982791757,122.70754008574411,91.17211388047747,12.0,26.502950203390686,816.9543563281594
133,Shanghai SouthCh - Nagoya,SEA,PILOT_TO_PILOT,3,133,31,4,5,TssOut,BtwSaki,30.967448132105908,122.71142466632935,91.17211388047747,12.0,26.702983504135997,816.7543230274141
134,Shanghai SouthCh - Nagoya,SEA,PILOT_TO_PILOT,3,134,32,4,5,TssOut,BtwSaki,30.967376320093983,122.71530924107594,91.17211388047747,12.0,26.903016804881307,816.5542897266688
135,Shanghai SouthCh - Nagoya,SEA,PILOT_TO_PILOT,3,135,33,4,5,TssOut,BtwSaki,30.967304391882276,122.71919380997444,91.17211388047747,12.0,27.103050105626618,816.3542564259235
136,Shanghai SouthCh - Nagoya,SEA,PILOT_TO_PILOT,3,136,34,4,5,TssOut,BtwSaki,30.967232347471295,122.72307837301548,91.17211388047747,12.0,27.30308340637193,816.1542231251782
137,Shanghai SouthCh - Nagoya,SEA,PILOT_TO_PILOT,3,137,35,4,5,TssOut,BtwSaki,30.967160186861555,122.7269629301896,91.17211388047747,12.0,27.50311670711724,815.9541898244329
138,Shanghai SouthCh - Nagoya,SEA,PILOT_TO_PILOT,3,138,36,4,5,TssOut,BtwSaki,30.96708791005357,122.73084748148734,91.17211388047747,12.0,27.703150007862554,815.7541565236876
139,Shanghai SouthCh - Nagoya,SEA,PILOT_TO_PILOT,3,139,37,4,5,TssOut,BtwSaki,30.967015517047823,122.73473202689931,91.17211388047747,12.0,27.903183308607865,815.5541232229423
140,Shanghai SouthCh - Nagoya,SEA,PILOT_TO_PILOT,3,140,38,4,5,TssOut,BtwSaki,30.966943007844858,122.73861656641606,91.17211388047747,12.0,28.103216609353176,815.354089922197
141,Shanghai SouthCh - Nagoya,SEA,PILOT_TO_PILOT,3,141,39,4,5,TssOut,BtwSaki,30.96687038244515,122.74250110002815,91.17211388047747,12.0,28.303249910098486,815.1540566214517
142,Shanghai SouthCh - Nagoya,SEA,PILOT_TO_PILOT,3,142,40,4,5,TssOut,BtwSaki,30.966797640849226,122.74638562772621,91.17211388047747,12.0,28.503283210843797,814.9540233207063
143,Shanghai SouthCh - Nagoya,SEA,PILOT_TO_PILOT,3,143,41,4,5,TssOut,BtwSaki,30.9667247830576,122.75027014950072,91.17211388047747,12.0,28.703316511589108,814.753990019961
144,Shanghai SouthCh - Nagoya,SEA,PILOT_TO_PILOT,3,144,42,4,5,TssOut,BtwSaki,30.966651809070786,122.75415466534236,91.17211388047747,12.0,28.90334981233442,814.5539567192156
145,Shanghai SouthCh - Nagoya,SEA,PILOT_TO_PILOT,3,145,43,4,5,TssOut,BtwSaki,30.966578718889288,122.75803917524162,91.17211388047747,12.0,29.10338311307973,814.3539234184703
146,Shanghai SouthCh - Nagoya,SEA,PILOT_TO_PILOT,3,146,44,4,5,TssOut,BtwSaki,30.966505512513624,122.76192367918908,91.17211388047747,12.0,29.30341641382504,814.153890117725
147,Shanghai SouthCh - Nagoya,SEA,PILOT_TO_PILOT,3,147,45,4,5,TssOut,BtwSaki,30.966432189944307,122.76580817717533,91.17211388047747,12.0,29.50344971457035,813.9538568169797
148,Shanghai SouthCh - Nagoya,SEA,PILOT_TO_PILOT,3,148,46,4,5,TssOut,BtwSaki,30.966358751181847,122.76969266919097,91.17211388047747,12.0,29.703483015315662,813.7538235162344
149,Shanghai SouthCh - Nagoya,SEA,PILOT_TO_PILOT,3,149,47,4,5,TssOut,BtwSaki,30.966285196226774,122.77357715522653,91.17211388047747,12.0,29.903516316060973,813.5537902154891
150,Shanghai SouthCh - Nagoya,SEA,PILOT_TO_PILOT,3,150,48,4,5,TssOut,BtwSaki,30.966211525079604,122.7774616352726,91.17211388047747,12.0,30.103549616806283,813.3537569147438
151,Shanghai SouthCh - Nagoya,SEA,PILOT_TO_PILOT,3,151,49,4,5,TssOut,BtwSaki,30.96613773774084,122.78134610931974,91.17211388047747,12.0,30.303582917551594,813.1537236139985
152,Shanghai SouthCh - Nagoya,SEA,PILOT_TO_PILOT,3,152,50,4,5,TssOut,BtwSaki,30.96606383421101,122.78523057735852,91.17211388047747,12.0,30.503616218296905,812.9536903132532
153,Shanghai SouthCh - Nagoya,SEA,PILOT_TO_PILOT,3,153,51,4,5,TssOut,BtwSaki,30.965989814490634,122.78911503937955,91.17211388047747,12.0,30.70364951904222,812.7536570125079
154,Shanghai SouthCh - Nagoya,SEA,PILOT_TO_PILOT,3,154,52,4,5,TssOut,BtwSaki,30.96591567858024,122.79299949537338,91.17211388047747,12.0,30.90368281978753,812.5536237117626
155,Shanghai SouthCh - Nagoya,SEA,PILOT_TO_PILOT,3,155,53,4,5,TssOut,BtwSaki,30.965841426480328,122.79688394533055,91.17211388047747,12.0,31.10371612053284,812.3535904110173
156,Shanghai SouthCh - Nagoya,SEA,PILOT_TO_PILOT,3,156,54,4,5,TssOut,BtwSaki,30.965767058191442,122.80076838924171,91.17211388047747,12.0,31.30374942127815,812.153557110272
157,Shanghai SouthCh - Nagoya,SEA,PILOT_TO_PILOT,3,157,55,4,5,TssOut,BtwSaki,30.96569257371409,122.80465282709736,91.17211388047747,12.0,31.503782722023463,811.9535238095266
158,Shanghai SouthCh - Nagoya,SEA,PILOT_TO_PILOT,3,158,56,4,5,TssOut,BtwSaki,30.965617973048808,122.80853725888811,91.17211388047747,12.0,31.703816022768773,811.7534905087813
159,Shanghai SouthCh - Nagoya,SEA,PILOT_TO_PILOT,3,159,57,4,5,TssOut,BtwSaki,30.965543256196103,122.81242168460452,91.17211388047747,12.0,31.903849323514088,811.553457208036
160,Shanghai SouthCh - Nagoya,SEA,PILOT_TO_PILOT,3,160,58,4,5,TssOut,BtwSaki,30.965468423156523,122.8163061042372,91.17211388047747,12.0,32.1038826242594,811.3534239072907
161,Shanghai SouthCh - Nagoya,SEA,PILOT_TO_PILOT,3,161,59,4,5,TssOut,BtwSaki,30.965393473930583,122.82019051777668,91.17211388047747,12.0,32.30391592500471,811.1533906065454
162,Shanghai SouthCh - Nagoya,SEA,PILOT_TO_PILOT,3,162,60,4,5,TssOut,BtwSaki,30.965318408518794,122.82407492521355,91.17211388047747,12.0,32.50394922575002,810.9533573058001
163,Shanghai SouthCh - Nagoya,SEA,PILOT_TO_PILOT,3,163,61,4,5,TssOut,BtwSaki,30.965243226921707,122.82795932653838,91.17211388047747,12.0,32.70398252649533,810.7533240050548
164,Shanghai SouthCh - Nagoya,SEA,PILOT_TO_PILOT,3,164,62,4,5,TssOut,BtwSaki,30.96516792913985,122.83184372174175,91.17211388047747,12.0,32.90401582724064,810.5532907043095
165,Shanghai SouthCh - Nagoya,SEA,PILOT_TO_PILOT,3,165,63,4,5,TssOut,BtwSaki,30.965092515173737,122.83572811081426,91.17211388047747,12.0,33.10404912798595,810.3532574035642
166,Shanghai SouthCh - Nagoya,SEA,PILOT_TO_PILOT,3,166,64,4,5,TssOut,BtwSaki,30.965016985023897,122.83961249374644,91.17211388047747,12.0,33.30408242873126,810.1532241028189
167,Shanghai SouthCh - Nagoya,SEA,PILOT_TO_PILOT,3,167,65,4,5,TssOut,BtwSaki,30.964941338690885,122.84349687052891,91.17211388047747,12.0,33.504115729476574,809.9531908020736
168,Shanghai SouthCh - Nagoya,SEA,PILOT_TO_PILOT,3,168,66,4,5,TssOut,BtwSaki,30.964865576175217,122.84738124115219,91.17211388047747,12.0,33.704149030221885,809.7531575013282
169,Shanghai SouthCh - Nagoya,SEA,PILOT_TO_PILOT,3,169,67,4,5,TssOut,BtwSaki,30.964789697477404,122.85126560560693,91.17211388047747,12.0,33.904182330967195,809.5531242005829
170,Shanghai SouthCh - Nagoya,SEA,PILOT_TO_PILOT,3,170,68,4,5,TssOut,BtwSaki,30.964713702598026,122.85514996388363,91.17211388047747,12.0,34.104215631712506,809.3530908998376
171,Shanghai SouthCh - Nagoya,SEA,PILOT_TO_PILOT,3,171,69,4,5,TssOut,BtwSaki,30.964637591537578,122.85903431597293,91.17211388047747,12.0,34.30424893245782,809.1530575990923
172,Shanghai SouthCh - Nagoya,SEA,PILOT_TO_PILOT,3,172,70,4,5,TssOut,BtwSaki,30.96456136429662,122.86291866186536,91.17211388047747,12.0,34.50428223320313,808.9530242983469
173,Shanghai SouthCh - Nagoya,SEA,PILOT_TO_PILOT,3,173,71,4,5,TssOut,BtwSaki,30.964485020875678,122.86680300155152,91.17211388047747,12.0,34.70431553394844,808.7529909976016
174,Shanghai SouthCh - Nagoya,SEA,PILOT_TO_PILOT,3,174,72,4,5,TssOut,BtwSaki,30.964408561275278,122.87068733502198,91.17211388047747,12.0,34.90434883469375,808.5529576968563
175,Shanghai SouthCh - Nagoya,SEA,PILOT_TO_PILOT,3,175,73,4,5,TssOut,BtwSaki,30.964331985495978,122.87457166226731,91.17211388047747,12.0,35.10438213543907,808.352924396111
176,Shanghai SouthCh - Nagoya,SEA,PILOT_TO_PILOT,3,176,74,4,5,TssOut,BtwSaki,30.964255293538297,122.87845598327812,91.17211388047747,12.0,35.30441543618437,808.1528910953657
177,Shanghai SouthCh - Nagoya,SEA,PILOT_TO_PILOT,3,177,75,4,5,TssOut,BtwSaki,30.964178485402783,122.88234029804495,91.17211388047747,12.0,35.50444873692969,807.9528577946204
178,Shanghai SouthCh - Nagoya,SEA,PILOT_TO_PILOT,3,178,76,4,5,TssOut,BtwSaki,30.96410156108998,122.88622460655839,91.17211388047747,12.0,35.70448203767499,807.7528244938751
179,Shanghai SouthCh - Nagoya,SEA,PILOT_TO_PILOT,3,179,77,4,5,TssOut,BtwSaki,30.96402452060042,122.89010890880901,91.17211388047747,12.0,35.90451533842031,807.5527911931298
180,Shanghai SouthCh - Nagoya,SEA,PILOT_TO_PILOT,3,180,78,4,5,TssOut,BtwSaki,30.96394736393465,122.89399320478739,91.17211388047747,12.0,36.10454863916562,807.3527578923845
181,Shanghai SouthCh - Nagoya,SEA,PILOT_TO_PILOT,3,181,79,4,5,TssOut,BtwSaki,30.963870091093217,122.89787749448413,91.17211388047747,12.0,36.30458193991093,807.1527245916392
182,Shanghai SouthCh - Nagoya,SEA,PILOT_TO_PILOT,3,182,80,4,5,TssOut,BtwSaki,30.963792702076653,122.90176177788979,91.17211388047747,12.0,36.50461524065624,806.9526912908939
183,Shanghai SouthCh - Nagoya,SEA,PILOT_TO_PILOT,3,183,81,4,5,TssOut,BtwSaki,30.96371519688551,122.90564605499497,91.17211388047747,12.0,36.70464854140155,806.7526579901486
184,Shanghai SouthCh - Nagoya,SEA,PILOT_TO_PILOT,3,184,82,4,5,TssOut,BtwSaki,30.963637575520334,122.90953032579021,91.17211388047747,12.0,36.904681842146864,806.5526246894033
185,Shanghai SouthCh - Nagoya,SEA,PILOT_TO_PILOT,3,185,83,4,5,TssOut,BtwSaki,30.963559837981656,122.91341459026609,91.17211388047747,12.0,37.104715142892175,806.352591388658
186,Shanghai SouthCh - Nagoya,SEA,PILOT_TO_PILOT,3,186,84,4,5,TssOut,BtwSaki,30.963481984270043,122.91729884841322,91.17211388047747,12.0,37.304748443637486,806.1525580879127
187,Shanghai SouthCh - Nagoya,SEA,PILOT_TO_PILOT,3,187,85,4,5,TssOut,BtwSaki,30.963404014386033,122.9211831002222,91.17211388047747,12.0,37.5047817443828,805.9525247871672
188,Shanghai SouthCh - Nagoya,SEA,PILOT_TO_PILOT,3,188,86,4,5,TssOut,BtwSaki,30.96332592833016,122.92506734568352,91.17211388047747,12.0,37.70481504512811,805.752491486422
189,Shanghai SouthCh - Nagoya,SEA,PILOT_TO_PILOT,3,189,87,4,5,TssOut,BtwSaki,30.963247726103006,122.92895158478787,91.17211388047747,12.0,37.90484834587342,805.5524581856766
190,Shanghai SouthCh - Nagoya,SEA,PILOT_TO_PILOT,3,190,88,4,5,TssOut,BtwSaki,30.963169407705088,122.93283581752573,91.17211388047747,12.0,38.10488164661873,805.3524248849313
191,Shanghai SouthCh - Nagoya,SEA,PILOT_TO_PILOT,3,191,89,4,5,TssOut,BtwSaki,30.963090973136975,122.93672004388773,91.17211388047747,12.0,38.30491494736404,805.152391584186
192,Shanghai SouthCh - Nagoya,SEA,PILOT_TO_PILOT,3,192,90,4,5,TssOut,BtwSaki,30.96301242239921,122.94060426386444,91.17211388047747,12.0,38.50494824810935,804.9523582834407
193,Shanghai SouthCh - Nagoya,SEA,PILOT_TO_PILOT,3,193,91,4,5,TssOut,BtwSaki,30.962933755492347,122.94448847744647,91.17211388047747,12.0,38.70498154885466,804.7523249826954
194,Shanghai SouthCh - Nagoya,SEA,PILOT_TO_PILOT,3,194,92,4,5,TssOut,BtwSaki,30.962854972416945,122.94837268462436,91.17211388047747,12.0,38.90501484959998,804.5522916819501
195,Shanghai SouthCh - Nagoya,SEA,PILOT_TO_PILOT,3,195,93,4,5,TssOut,BtwSaki,30.96277607317355,122.95225688538869,91.17211388047747,12.0,39.10504815034528,804.3522583812048
196,Shanghai SouthCh - Nagoya,SEA,PILOT_TO_PILOT,3,196,94,4,5,TssOut,BtwSaki,30.96269705776272,122.95614107973009,91.17211388047747,12.0,39.3050814510906,804.1522250804595
197,Shanghai SouthCh - Nagoya,SEA,PILOT_TO_PILOT,3,197,95,4,5,TssOut,BtwSaki,30.96261792618501,122.96002526763908,91.17211388047747,12.0,39.505114751835904,803.9521917797142
198,Shanghai SouthCh - Nagoya,SEA,PILOT_TO_PILOT,3,198,96,4,5,TssOut,BtwSaki,30.962538678440975,122.96390944910628,91.17211388047747,12.0,39.70514805258122,803.7521584789689
199,Shanghai SouthCh - Nagoya,SEA,PILOT_TO_PILOT,3,199,97,4,5,TssOut,BtwSaki,30.962459314531177,122.96779362412224,91.17211388047747,12.0,39.905181353326526,803.5521251782236
200,Shanghai SouthCh - Nagoya,SEA,PILOT_TO_PILOT,3,200,98,4,5,TssOut,BtwSaki,30.962379834456165,122.97167779267758,91.17211388047747,12.0,40.105214654071844,803.3520918774783
201,Shanghai SouthCh - Nagoya,SEA,PILOT_TO_PILOT,3,201,99,4,5,TssOut,BtwSaki,30.962300238216496,122.97556195476287,91.17211388047747,12.0,40.30524795481715,803.152058576733
202,Shanghai SouthCh - Nagoya,SEA,PILOT_TO_PILOT,3,202,100,4,5,TssOut,BtwSaki,30.96222052581275,122.97944611036867,91.17211388047747,12.0,40.505281255562466,802.9520252759876
203,Shanghai SouthCh - Nagoya,SEA,PILOT_TO_PILOT,3,203,101,4,5,TssOut,BtwSaki,30.962140697245463,122.98333025948557,91.17211388047747,12.0,40.70531455630777,802.7519919752424
204,Shanghai SouthCh - Nagoya,SEA,PILOT_TO_PILOT,3,204,102,4,5,TssOut,BtwSaki,30.96206075251521,122.98721440210416,91.17211388047747,12.0,40.90534785705309,802.551958674497
205,Shanghai SouthCh - Nagoya,SEA,PILOT_TO_PILOT,3,205,103,4,5,TssOut,BtwSaki,30.961980691622543,122.99109853821501,91.17211388047747,12.0,41.1053811577984,802.3519253737517
206,Shanghai SouthCh - Nagoya,SEA,PILOT_TO_PILOT,3,206,104,4,5,TssOut,BtwSaki,30.96190051456804,122.99498266780874,91.17211388047747,12.0,41.30541445854371,802.1518920730064
207,Shanghai SouthCh - Nagoya,SEA,PILOT_TO_PILOT,3,207,105,4,5,TssOut,BtwSaki,30.961820221352244,122.9988667908759,91.17211388047747,12.0,41.50544775928902,801.9518587722611
208,Shanghai SouthCh - Nagoya,SEA,PILOT_TO_PILOT,3,208,106,4,5,TssOut,BtwSaki,30.96173981197574,123.00275090740705,91.17211388047747,12.0,41.70548106003433,801.7518254715158
209,Shanghai SouthCh - Nagoya,SEA,PILOT_TO_PILOT,3,209,107,4,5,TssOut,BtwSaki,30.961659286439083,123.00663501739281,91.17211388047747,12.0,41.90551436077964,801.5517921707705
210,Shanghai SouthCh - Nagoya,SEA,PILOT_TO_PILOT,3,210,108,4,5,TssOut,BtwSaki,30.961578644742843,123.01051912082377,91.17211388047747,12.0,42.10554766152495,801.3517588700252
211,Shanghai SouthCh - Nagoya,SEA,PILOT_TO_PILOT,3,211,109,4,5,TssOut,BtwSaki,30.96149788688757,123.01440321769049,91.17211388047747,12.0,42.30558096227026,801.1517255692798
212,Shanghai SouthCh - Nagoya,SEA,PILOT_TO_PILOT,3,212,110,4,5,TssOut,BtwSaki,30.961417012873856,123.01828730798357,91.17211388047747,12.0,42.50561426301557,800.9516922685345
213,Shanghai SouthCh - Nagoya,SEA,PILOT_TO_PILOT,3,213,111,4,5,TssOut,BtwSaki,30.961336022702252,123.02217139169358,91.17211388047747,12.0,42.705647563760884,800.7516589677892
214,Shanghai SouthCh - Nagoya,SEA,PILOT_TO_PILOT,3,214,112,4,5,TssOut,BtwSaki,30.961254916373335,123.0260554688111,91.17211388047747,12.0,42.905680864506195,800.5516256670439
215,Shanghai SouthCh - Nagoya,SEA,PILOT_TO_PILOT,3,215,113,4,5,TssOut,BtwSaki,30.96117369388768,123.02993953932673,91.17211388047747,12.0,43.10571416525151,800.3515923662986
216,Shanghai SouthCh - Nagoya,SEA,PILOT_TO_PILOT,3,216,114,4,5,TssOut,BtwSaki,30.96109235524584,123.03382360323103,91.17211388047747,12.0,43.30574746599682,800.1515590655533
217,Shanghai SouthCh - Nagoya,SEA,PILOT_TO_PILOT,3,217,115,4,5,TssOut,BtwSaki,30.961010900448407,123.03770766051461,91.17211388047747,12.0,43.505780766742134,799.9515257648079
218,Shanghai SouthCh - Nagoya,SEA,PILOT_TO_PILOT,3,218,116,4,5,TssOut,BtwSaki,30.960929329495933,123.04159171116807,91.17211388047747,12.0,43.70581406748744,799.7514924640627
219,Shanghai SouthCh - Nagoya,SEA,PILOT_TO_PILOT,3,219,117,4,5,TssOut,BtwSaki,30.96084764238902,123.04547575518197,91.17211388047747,12.0,43.905847368232756,799.5514591633173
220,Shanghai SouthCh - Nagoya,SEA,PILOT_TO_PILOT,3,220,118,4,5,TssOut,BtwSaki,30.960765839128207,123.04935979254687,91.17211388047747,12.0,44.10588066897806,799.351425862572
221,Shanghai SouthCh - Nagoya,SEA,PILOT_TO_PILOT,3,221,119,4,5,TssOut,BtwSaki,30.9606839197141,123.05324382325341,91.17211388047747,12.0,44.30591396972338,799.1513925618267
222,Shanghai SouthCh - Nagoya,SEA,PILOT_TO_PILOT,3,222,120,4,5,TssOut,BtwSaki,30.960601884147255,123.05712784729212,91.17211388047747,12.0,44.50594727046868,798.9513592610814
223,Shanghai SouthCh - Nagoya,SEA,PILOT_TO_PILOT,3,223,121,4,5,TssOut,BtwSaki,30.960519732428263,123.06101186465362,91.17211388047747,12.0,44.705980571214,798.7513259603361
224,Shanghai SouthCh - Nagoya,SEA,PILOT_TO_PILOT,3,224,122,4,5,TssOut,BtwSaki,30.96043746455769,123.06489587532852,91.17211388047747,12.0,44.9060138719593,798.5512926595908
225,Shanghai SouthCh - Nagoya,SEA,PILOT_TO_PILOT,3,225,123,4,5,TssOut,BtwSaki,30.960355080536104,123.06877987930733,91.17211388047747,12.0,45.10604717270462,798.3512593588455
226,Shanghai SouthCh - Nagoya,SEA,PILOT_TO_PILOT,3,226,124,4,5,TssOut,BtwSaki,30.96027258036411,123.07266387658072,91.17211388047747,12.0,45.30608047344993,798.1512260581002
227,Shanghai SouthCh - Nagoya,SEA,PILOT_TO_PILOT,3,227,125,4,5,TssOut,BtwSaki,30.96018996404228,123.07654786713921,91.17211388047747,12.0,45.50611377419524,797.9511927573549
228,Shanghai SouthCh - Nagoya,SEA,PILOT_TO_PILOT,3,228,126,4,5,TssOut,BtwSaki,30.96010723157118,123.08043185097341,91.17211388047747,12.0,45.70614707494055,797.7511594566096
229,Shanghai SouthCh - Nagoya,SEA,PILOT_TO_PILOT,3,229,127,4,5,TssOut,BtwSaki,30.9600243829514,123.08431582807394,91.17211388047747,12.0,45.906180375685864,797.5511261558643
230,Shanghai SouthCh - Nagoya,SEA,PILOT_TO_PILOT,3,230,128,4,5,TssOut,BtwSaki,30.959941418183526,123.08819979843133,91.17211388047747,12.0,46.106213676431175,797.351092855119
231,Shanghai SouthCh - Nagoya,SEA,PILOT_TO_PILOT,3,231,129,4,5,TssOut,BtwSaki,30.959858337268145,123.09208376203621,91.17211388047747,12.0,46.306246977176485,797.1510595543737
232,Shanghai SouthCh - Nagoya,SEA,PILOT_TO_PILOT,3,232,130,4,5,TssOut,BtwSaki,30.959775140205824,123.09596771887915,91.17211388047747,12.0,46.506280277921796,796.9510262536284
233,Shanghai SouthCh - Nagoya,SEA,PILOT_TO_PILOT,3,233,131,4,5,TssOut,BtwSaki,30.95969182699716,123.09985166895075,91.17211388047747,12.0,46.70631357866711,796.750992952883
234,Shanghai SouthCh - Nagoya,SEA,PILOT_TO_PILOT,3,234,132,4,5,TssOut,BtwSaki,30.959608397642747,123.10373561224159,91.17211388047747,12.0,46.90634687941242,796.5509596521376
235,Shanghai SouthCh - Nagoya,SEA,PILOT_TO_PILOT,3,235,133,4,5,TssOut,BtwSaki,30.959524852143158,123.10761954874225,91.17211388047747,12.0,47.10638018015773,796.3509263513923
236,Shanghai SouthCh - Nagoya,SEA,PILOT_TO_PILOT,3,236,134,4,5,TssOut,BtwSaki,30.95944119049897,123.1115034784433,91.17211388047747,12.0,47.306413480903046,796.150893050647
237,Shanghai SouthCh - Nagoya,SEA,PILOT_TO_PILOT,3,237,135,4,5,TssOut,BtwSaki,30.95935741271079,123.11538740133537,91.17211388047747,12.0,47.50644678164835,795.9508597499017
238,Shanghai SouthCh - Nagoya,SEA,PILOT_TO_PILOT,3,238,136,4,5,TssOut,BtwSaki,30.959273518779202,123.11927131740904,91.17211388047747,12.0,47.70648008239367,795.7508264491564
239,Shanghai SouthCh - Nagoya,SEA,PILOT_TO_PILOT,3,239,137,4,5,TssOut,BtwSaki,30.9591895087048,123.12315522665489,91.17211388047747,12.0,47.90651338313897,795.5507931484111
240,Shanghai SouthCh - Nagoya,SEA,PILOT_TO_PILOT,3,240,138,4,5,TssOut,BtwSaki,30.959105382488154,123.12703912906349,91.17211388047747,12.0,48.10654668388429,795.3507598476658
241,Shanghai SouthCh - Nagoya,SEA,PILOT_TO_PILOT,3,241,139,4,5,TssOut,BtwSaki,30.95902114012988,123.13092302462547,91.17211388047747,12.0,48.30657998462959,795.1507265469205
242,Shanghai SouthCh - Nagoya,SEA,PILOT_TO_PILOT,3,242,140,4,5,TssOut,BtwSaki,30.958936781630555,123.13480691333139,91.17211388047747,12.0,48.50661328537491,794.9506932461752
243,Shanghai SouthCh - Nagoya,SEA,PILOT_TO_PILOT,3,243,141,4,5,TssOut,BtwSaki,30.95885230699078,123.13869079517184,91.17211388047747,12.0,48.706646586120215,794.7506599454299
244,Shanghai SouthCh - Nagoya,SEA,PILOT_TO_PILOT,3,244,142,4,5,TssOut,BtwSaki,30.958767716211145,123.1425746701374,91.17211388047747,12.0,48.90667988686553,794.5506266446846
245,Shanghai SouthCh - Nagoya,SEA,PILOT_TO_PILOT,3,245,143,4,5,TssOut,BtwSaki,30.95868300929223,123.1464585382187,91.17211388047747,12.0,49.106713187610836,794.3505933439393
246,Shanghai SouthCh - Nagoya,SEA,PILOT_TO_PILOT,3,246,144,4,5,TssOut,BtwSaki,30.958598186234667,123.1503423994063,91.17211388047747,12.0,49.306746488356154,794.150560043194
247,Shanghai SouthCh - Nagoya,SEA,PILOT_TO_PILOT,3,247,145,4,5,TssOut,BtwSaki,30.95851324703902,123.15422625369078,91.17211388047747,12.0,49.506779789101465,793.9505267424487
248,Shanghai SouthCh - Nagoya,SEA,PILOT_TO_PILOT,3,248,146,4,5,TssOut,BtwSaki,30.95842819170589,123.15811010106276,91.17211388047747,12.0,49.706813089846776,793.7504934417034
249,Shanghai SouthCh - Nagoya,SEA,PILOT_TO_PILOT,3,249,147,4,5,TssOut,BtwSaki,30.958343020235887,123.1619939415128,91.17211388047747,12.0,49.90684639059209,793.550460140958
250,Shanghai SouthCh - Nagoya,SEA,PILOT_TO_PILOT,3,250,148,4,5,TssOut,BtwSaki,30.9582577326296,123.16587777503153,91.17211388047747,12.0,50.1068796913374,793.3504268402127
251,Shanghai SouthCh - Nagoya,SEA,PILOT_TO_PILOT,3,251,149,4,5,TssOut,BtwSaki,30.95817232888763,123.16976160160952,91.17211388047747,12.0,50.30691299208271,793.1503935394674
252,Shanghai SouthCh - Nagoya,SEA,PILOT_TO_PILOT,3,252,150,4,5,TssOut,BtwSaki,30.958086809010574,123.17364542123735,91.17211388047747,12.0,50.50694629282802,792.950360238722
253,Shanghai SouthCh - Nagoya,SEA,PILOT_TO_PILOT,3,253,151,4,5,TssOut,BtwSaki,30.95800117299905,123.17752923390562,91.17211388047747,12.0,50.70697959357333,792.7503269379768
254,Shanghai SouthCh - Nagoya,SEA,PILOT_TO_PILOT,3,254,152,4,5,TssOut,BtwSaki,30.95791542085363,123.18141303960492,91.17211388047747,12.0,50.90701289431864,792.5502936372314
255,Shanghai SouthCh - Nagoya,SEA,PILOT_TO_PILOT,3,255,153,4,5,TssOut,BtwSaki,30.95782955257494,123.18529683832584,91.17211388047747,12.0,51.10704619506395,792.3502603364861
256,Shanghai SouthCh - Nagoya,SEA,PILOT_TO_PILOT,3,256,154,4,5,TssOut,BtwSaki,30.95774356816358,123.18918063005898,91.17211388047747,12.0,51.30707949580926,792.1502270357408
257,Shanghai SouthCh - Nagoya,SEA,PILOT_TO_PILOT,3,257,155,4,5,TssOut,BtwSaki,30.957657467620148,123.19306441479493,91.17211388047747,12.0,51.50711279655458,791.9501937349955
258,Shanghai SouthCh - Nagoya,SEA,PILOT_TO_PILOT,3,258,156,4,5,TssOut,BtwSaki,30.95757125094525,123.1969481925243,91.17211388047747,12.0,51.70714609729988,791.7501604342502
259,Shanghai SouthCh - Nagoya,SEA,PILOT_TO_PILOT,3,259,157,4,5,TssOut,BtwSaki,30.9574849181395,123.20083196323765,91.17211388047747,12.0,51.9071793980452,791.5501271335049
260,Shanghai SouthCh - Nagoya,SEA,PILOT_TO_PILOT,3,260,158,4,5,TssOut,BtwSaki,30.957398469203493,123.20471572692558,91.17211388047747,12.0,52.107212698790505,791.3500938327596
261,Shanghai SouthCh - Nagoya,SEA,PILOT_TO_PILOT,3,261,159,4,5,TssOut,BtwSaki,30.957311904137836,123.20859948357871,91.17211388047747,12.0,52.30724599953582,791.1500605320143
262,Shanghai SouthCh - Nagoya,SEA,PILOT_TO_PILOT,3,262,160,4,5,TssOut,BtwSaki,30.95722522294315,123.2124832331876,91.17211388047747,12.0,52.507279300281134,790.950027231269
263,Shanghai SouthCh - Nagoya,SEA,PILOT_TO_PILOT,3,263,161,4,5,TssOut,BtwSaki,30.957138425620034,123.21636697574286,91.17211388047747,12.0,52.707312601026445,790.7499939305237
264,Shanghai SouthCh - Nagoya,SEA,PILOT_TO_PILOT,3,264,162,4,5,TssOut,BtwSaki,30.957051512169098,123.22025071123507,91.17211388047747,12.0,52.907345901771755,790.5499606297783
265,Shanghai SouthCh - Nagoya,SEA,PILOT_TO_PILOT,3,265,163,4,5,TssOut,BtwSaki,30.95696448259096,123.22413443965482,91.17211388047747,12.0,53.107379202517066,790.349927329033
266,Shanghai SouthCh - Nagoya,SEA,PILOT_TO_PILOT,3,266,164,4,5,TssOut,BtwSaki,30.95687733688623,123.22801816099275,91.17211388047747,12.0,53.30741250326238,790.1498940282877
267,Shanghai SouthCh - Nagoya,SEA,PILOT_TO_PILOT,3,267,165,4,5,TssOut,BtwSaki,30.956790075055505,123.23190187523939,91.17211388047747,12.0,53.50744580400769,789.9498607275424
268,Shanghai SouthCh - Nagoya,SEA,PILOT_TO_PILOT,3,268,166,4,5,TssOut,BtwSaki,30.956702697099416,123.23578558238538,91.17211388047747,12.0,53.707479104753,789.7498274267971
269,Shanghai SouthCh - Nagoya,SEA,PILOT_TO_PILOT,3,269,167,4,5,TssOut,BtwSaki,30.956615203018572,123.2396692824213,91.17211388047747,12.0,53.90751240549831,789.5497941260518
270,Shanghai SouthCh - Nagoya,SEA,PILOT_TO_PILOT,3,270,168,4,5,TssOut,BtwSaki,30.95652759281359,123.24355297533775,91.17211388047747,12.0,54.10754570624362,789.3497608253065
271,Shanghai SouthCh - Nagoya,SEA,PILOT_TO_PILOT,3,271,169,4,5,TssOut,BtwSaki,30.95643986648508,123.24743666112532,91.17211388047747,12.0,54.30757900698893,789.1497275245612
272,Shanghai SouthCh - Nagoya,SEA,PILOT_TO_PILOT,3,272,170,4,5,TssOut,BtwSaki,30.956352024033663,123.25132033977461,91.17211388047747,12.0,54.50761230773424,788.9496942238159
273,Shanghai SouthCh - Nagoya,SEA,PILOT_TO_PILOT,3,273,171,4,5,TssOut,BtwSaki,30.956264065459944,123.25520401127619,91.17211388047747,12.0,54.70764560847955,788.7496609230706
274,Shanghai SouthCh - Nagoya,SEA,PILOT_TO_PILOT,3,274,172,4,5,TssOut,BtwSaki,30.956175990764557,123.25908767562068,91.17211388047747,12.0,54.90767890922486,788.5496276223253
275,Shanghai SouthCh - Nagoya,SEA,PILOT_TO_PILOT,3,275,173,4,5,TssOut,BtwSaki,30.956087799948122,123.2629713327987,91.17211388047747,12.0,55.107712209970174,788.34959432158
276,Shanghai SouthCh - Nagoya,SEA,PILOT_TO_PILOT,3,276,174,4,5,TssOut,BtwSaki,30.955999493011245,123.26685498280078,91.17211388047747,12.0,55.307745510715485,788.1495610208347
277,Shanghai SouthCh - Nagoya,SEA,PILOT_TO_PILOT,3,277,175,4,5,TssOut,BtwSaki,30.955911069954542,123.27073862561755,91.17211388047747,12.0,55.507778811460796,787.9495277200893
278,Shanghai SouthCh - Nagoya,SEA,PILOT_TO_PILOT,3,278,176,4,5,TssOut,BtwSaki,30.955822530778658,123.27462226123964,91.17211388047747,12.0,55.707812112206106,787.749494419344
279,Shanghai SouthCh - Nagoya,SEA,PILOT_TO_PILOT,3,279,177,4,5,TssOut,BtwSaki,30.955733875484203,123.27850588965761,91.17211388047747,12.0,55.90784541295142,787.5494611185986
280,Shanghai SouthCh - Nagoya,SEA,PILOT_TO_PILOT,3,280,178,4,5,TssOut,BtwSaki,30.95564510407179,123.28238951086206,91.17211388047747,12.0,56.10787871369673,787.3494278178533
281,Shanghai SouthCh - Nagoya,SEA,PILOT_TO_PILOT,3,281,179,4,5,TssOut,BtwSaki,30.95555621654206,123.2862731248436,91.17211388047747,12.0,56.30791201444204,787.149394517108
282,Shanghai SouthCh - Nagoya,SEA,PILOT_TO_PILOT,3,282,180,4,5,TssOut,BtwSaki,30.955467212895627,123.29015673159282,91.17211388047747,12.0,56.50794531518735,786.9493612163627
283,Shanghai SouthCh - Nagoya,SEA,PILOT_TO_PILOT,3,283,181,4,5,TssOut,BtwSaki,30.955378093133113,123.29404033110028,91.17211388047747,12.0,56.70797861593266,786.7493279156174
284,Shanghai SouthCh - Nagoya,SEA,PILOT_TO_PILOT,3,284,182,4,5,TssOut,BtwSaki,30.955288857255155,123.29792392335665,91.17211388047747,12.0,56.90801191667798,786.5492946148721
285,Shanghai SouthCh - Nagoya,SEA,PILOT_TO_PILOT,3,285,183,4,5,TssOut,BtwSaki,30.955199505262357,123.30180750835247,91.17211388047747,12.0,57.10804521742329,786.3492613141268
286,Shanghai SouthCh - Nagoya,SEA,PILOT_TO_PILOT,3,286,184,4,5,TssOut,BtwSaki,30.95511003715539,123.30569108607838,91.17211388047747,12.0,57.3080785181686,786.1492280133815
287,Shanghai SouthCh - Nagoya,SEA,PILOT_TO_PILOT,3,287,185,4,5,TssOut,BtwSaki,30.955020452934846,123.30957465652492,91.17211388047747,12.0,57.50811181891391,785.9491947126362
288,Shanghai SouthCh - Nagoya,SEA,PILOT_TO_PILOT,3,288,186,4,5,TssOut,BtwSaki,30.95493075260137,123.31345821968277,91.17211388047747,12.0,57.70814511965922,785.7491614118909
289,Shanghai SouthCh - Nagoya,SEA,PILOT_TO_PILOT,3,289,187,4,5,TssOut,BtwSaki,30.954840936155577,123.31734177554245,91.17211388047747,12.0,57.90817842040453,785.5491281111456
290,Shanghai SouthCh - Nagoya,SEA,PILOT_TO_PILOT,3,290,188,4,5,TssOut,BtwSaki,30.954751003598115,123.3212253240946,91.17211388047747,12.0,58.10821172114984,785.3490948104003
291,Shanghai SouthCh - Nagoya,SEA,PILOT_TO_PILOT,3,291,189,4,5,TssOut,BtwSaki,30.954660954929597,123.32510886532981,91.17211388047747,12.0,58.308245021895154,785.149061509655
292,Shanghai SouthCh - Nagoya,SEA,PILOT_TO_PILOT,3,292,190,4,5,TssOut,BtwSaki,30.954570790150683,123.32899239923869,91.17211388047747,12.0,58.508278322640464,784.9490282089097
293,Shanghai SouthCh - Nagoya,SEA,PILOT_TO_PILOT,3,293,191,4,5,TssOut,BtwSaki,30.95448050926198,123.33287592581182,91.17211388047747,12.0,58.708311623385775,784.7489949081644
294,Shanghai SouthCh - Nagoya,SEA,PILOT_TO_PILOT,3,294,192,4,5,TssOut,BtwSaki,30.954390112264136,123.33675944503982,91.17211388047747,12.0,58.908344924131086,784.548961607419
295,Shanghai SouthCh - Nagoya,SEA,PILOT_TO_PILOT,3,295,193,4,5,TssOut,BtwSaki,30.95429959915778,123.34064295691327,91.17211388047747,12.0,59.1083782248764,784.3489283066737
296,Shanghai SouthCh - Nagoya,SEA,PILOT_TO_PILOT,3,296,194,4,5,TssOut,BtwSaki,30.954208969943558,123.34452646142279,91.17211388047747,12.0,59.30841152562171,784.1488950059284
297,Shanghai SouthCh - Nagoya,SEA,PILOT_TO_PILOT,3,297,195,4,5,TssOut,BtwSaki,30.9541182246221,123.34840995855896,91.17211388047747,12.0,59.50844482636702,783.948861705183
298,Shanghai SouthCh - Nagoya,SEA,PILOT_TO_PILOT,3,298,196,4,5,TssOut,BtwSaki,30.954027363194044,123.35229344831238,91.17211388047747,12.0,59.70847812711233,783.7488284044377
299,Shanghai SouthCh - Nagoya,SEA,PILOT_TO_PILOT,3,299,197,4,5,TssOut,BtwSaki,30.953936385660022,123.35617693067368,91.17211388047747,12.0,59.90851142785764,783.5487951036924
300,Shanghai SouthCh - Nagoya,SEA,PILOT_TO_PILOT,3,300,198,4,5,TssOut,BtwSaki,30.953845292020677,123.36006040563343,91.17211388047747,12.0,60.10854472860295,783.3487618029471
301,Shanghai SouthCh - Nagoya,SEA,PILOT_TO_PILOT,3,301,199,4,5,TssOut,BtwSaki,30.953754082276653,123.36394387318227,91.17211388047747,12.0,60.30857802934826,783.1487285022018
302,Shanghai SouthCh - Nagoya,SEA,PILOT_TO_PILOT,3,302,200,4,5,TssOut,BtwSaki,30.95366275642859,123.36782733331073,91.17211388047747,12.0,60.50861133009357,782.9486952014565
303,Shanghai SouthCh - Nagoya,SEA,PILOT_TO_PILOT,3,303,201,4,5,TssOut,BtwSaki,30.953571314477127,123.37171078600949,91.17211388047747,12.0,60.70864463083888,782.7486619007112
304,Shanghai SouthCh - Nagoya,SEA,PILOT_TO_PILOT,3,304,202,4,5,TssOut,BtwSaki,30.953479756422908,123.37559423126909,91.17211388047747,12.0,60.908677931584194,782.5486285999659
305,Shanghai SouthCh - Nagoya,SEA,PILOT_TO_PILOT,3,305,203,4,5,TssOut,BtwSaki,30.953388082266574,123.37947766908016,91.17211388047747,12.0,61.10871123232951,782.3485952992206
306,Shanghai SouthCh - Nagoya,SEA,PILOT_TO_PILOT,3,306,204,4,5,TssOut,BtwSaki,30.95329629200877,123.38336109943332,91.17211388047747,12.0,61.30874453307482,782.1485619984753
307,Shanghai SouthCh - Nagoya,SEA,PILOT_TO_PILOT,3,307,205,4,5,TssOut,BtwSaki,30.953204385650135,123.38724452231916,91.17211388047747,12.0,61.50877783382013,781.94852869773
308,Shanghai SouthCh - Nagoya,SEA,PILOT_TO_PILOT,3,308,206,4,5,TssOut,BtwSaki,30.95311236319133,123.39112793772827,91.17211388047747,12.0,61.708811134565444,781.7484953969847
309,Shanghai SouthCh - Nagoya,SEA,PILOT_TO_PILOT,3,309,207,4,5,TssOut,BtwSaki,30.953020224632994,123.39501134565124,91.17211388047747,12.0,61.908844435310755,781.5484620962393
310,Shanghai SouthCh - Nagoya,SEA,PILOT_TO_PILOT,3,310,208,4,5,TssOut,BtwSaki,30.952927969975757,123.3988947460787,91.17211388047747,12.0,62.108877736056066,781.348428795494
311,Shanghai SouthCh - Nagoya,SEA,PILOT_TO_PILOT,3,311,209,4,5,TssOut,BtwSaki,30.952835599220304,123.40277813900126,91.17211388047747,12.0,62.308911036801376,781.1483954947487
312,Shanghai SouthCh - Nagoya,SEA,PILOT_TO_PILOT,3,312,210,4,5,TssOut,BtwSaki,30.952743112367244,123.40666152440949,91.17211388047747,12.0,62.50894433754669,780.9483621940034
313,Shanghai SouthCh - Nagoya,SEA,PILOT_TO_PILOT,3,313,211,4,5,TssOut,BtwSaki,30.952650509417253,123.41054490229402,91.17211388047747,12.0,62.708977638292,780.7483288932581
314,Shanghai SouthCh - Nagoya,SEA,PILOT_TO_PILOT,3,314,212,4,5,TssOut,BtwSaki,30.952557790370967,123.41442827264545,91.17211388047747,12.0,62.90901093903731,780.5482955925128
315,Shanghai SouthCh - Nagoya,SEA,PILOT_TO_PILOT,3,315,213,4,5,TssOut,BtwSaki,30.952464955229054,123.41831163545436,91.17211388047747,12.0,63.10904423978262,780.3482622917675
316,Shanghai SouthCh - Nagoya,SEA,PILOT_TO_PILOT,3,316,214,4,5,TssOut,BtwSaki,30.952372003992142,123.42219499071139,91.17211388047747,12.0,63.30907754052793,780.1482289910222
317,Shanghai SouthCh - Nagoya,SEA,PILOT_TO_PILOT,3,317,215,4,5,TssOut,BtwSaki,30.952278936660907,123.42607833840712,91.17211388047747,12.0,63.50911084127324,779.9481956902769
318,Shanghai SouthCh - Nagoya,SEA,PILOT_TO_PILOT,3,318,216,4,5,TssOut,BtwSaki,30.95218575323599,123.4299616785322,91.17211388047747,12.0,63.70914414201855,779.7481623895316
319,Shanghai SouthCh - Nagoya,SEA,PILOT_TO_PILOT,3,319,217,4,5,TssOut,BtwSaki,30.952092453718052,123.43384501107715,91.17211388047747,12.0,63.90917744276386,779.5481290887863
320,Shanghai SouthCh - Nagoya,SEA,PILOT_TO_PILOT,3,320,218,4,5,TssOut,BtwSaki,30.951999038107747,123.43772833603263,91.17211388047747,12.0,64.10921074350918,779.348095788041
321,Shanghai SouthCh - Nagoya,SEA,PILOT_TO_PILOT,3,321,219,4,5,TssOut,BtwSaki,30.951905506405712,123.44161165338924,91.17211388047747,12.0,64.30924404425448,779.1480624872956
322,Shanghai SouthCh - Nagoya,SEA,PILOT_TO_PILOT,3,322,220,4,5,TssOut,BtwSaki,30.951811858612643,123.4454949631376,91.17211388047747,12.0,64.50927734499979,778.9480291865503
323,Shanghai SouthCh - Nagoya,SEA,PILOT_TO_PILOT,3,323,221,4,5,TssOut,BtwSaki,30.951718094729166,123.4493782652683,91.17211388047747,12.0,64.7093106457451,778.747995885805
324,Shanghai SouthCh - Nagoya,SEA,PILOT_TO_PILOT,3,324,222,4,5,TssOut,BtwSaki,30.95162421475595,123.45326155977192,91.17211388047747,12.0,64.90934394649042,778.5479625850596
325,Shanghai SouthCh - Nagoya,SEA,PILOT_TO_PILOT,3,325,223,4,5,TssOut,BtwSaki,30.95153021869365,123.45714484663911,91.17211388047747,12.0,65.10937724723573,778.3479292843144
326,Shanghai SouthCh - Nagoya,SEA,PILOT_TO_PILOT,3,326,224,4,5,TssOut,BtwSaki,30.95143610654294,123.46102812586045,91.17211388047747,12.0,65.30941054798103,778.147895983569
327,Shanghai SouthCh - Nagoya,SEA,PILOT_TO_PILOT,3,327,225,4,5,TssOut,BtwSaki,30.951341878304458,123.46491139742658,91.17211388047747,12.0,65.50944384872636,777.9478626828237
328,Shanghai SouthCh - Nagoya,SEA,PILOT_TO_PILOT,3,328,226,4,5,TssOut,BtwSaki,30.951247533978894,123.46879466132805,91.17211388047747,12.0,65.70947714947167,777.7478293820784
329,Shanghai SouthCh - Nagoya,SEA,PILOT_TO_PILOT,3,329,227,4,5,TssOut,BtwSaki,30.951153073566886,123.4726779175555,91.17211388047747,12.0,65.90951045021697,777.5477960813331
330,Shanghai SouthCh - Nagoya,SEA,PILOT_TO_PILOT,3,330,228,4,5,TssOut,BtwSaki,30.951058497069113,123.47656116609956,91.17211388047747,12.0,66.10954375096229,777.3477627805878
331,Shanghai SouthCh - Nagoya,SEA,PILOT_TO_PILOT,3,331,229,4,5,TssOut,BtwSaki,30.950963804486225,123.48044440695078,91.17211388047747,12.0,66.3095770517076,777.1477294798425
332,Shanghai SouthCh - Nagoya,SEA,PILOT_TO_PILOT,3,332,230,4,5,TssOut,BtwSaki,30.950868995818897,123.48432764009982,91.17211388047747,12.0,66.50961035245291,776.9476961790972
333,Shanghai SouthCh - Nagoya,SEA,PILOT_TO_PILOT,3,333,231,4,5,TssOut,BtwSaki,30.950774071067805,123.48821086553727,91.17211388047747,12.0,66.70964365319821,776.7476628783519
334,Shanghai SouthCh - Nagoya,SEA,PILOT_TO_PILOT,3,334,232,4,5,TssOut,BtwSaki,30.95067903023359,123.49209408325373,91.17211388047747,12.0,66.90967695394353,776.5476295776066
335,Shanghai SouthCh - Nagoya,SEA,PILOT_TO_PILOT,3,335,233,4,5,TssOut,BtwSaki,30.950583873316944,123.49597729323982,91.17211388047747,12.0,67.10971025468885,776.3475962768613
336,Shanghai SouthCh - Nagoya,SEA,PILOT_TO_PILOT,3,336,234,4,5,TssOut,BtwSaki,30.95048860031852,123.49986049548613,91.17211388047747,12.0,67.30974355543415,776.147562976116
337,Shanghai SouthCh - Nagoya,SEA,PILOT_TO_PILOT,3,337,235,4,5,TssOut,BtwSaki,30.950393211238985,123.5037436899833,91.17211388047747,12.0,67.50977685617946,775.9475296753707
338,Shanghai SouthCh - Nagoya,SEA,PILOT_TO_PILOT,3,338,236,4,5,TssOut,BtwSaki,30.95029770607903,123.50762687672191,91.17211388047747,12.0,67.70981015692477,775.7474963746254
339,Shanghai SouthCh - Nagoya,SEA,PILOT_TO_PILOT,3,339,237,4,5,TssOut,BtwSaki,30.950202084839304,123.51151005569257,91.17211388047747,12.0,67.90984345767009,775.54746307388
340,Shanghai SouthCh - Nagoya,SEA,PILOT_TO_PILOT,3,340,238,4,5,TssOut,BtwSaki,30.950106347520485,123.51539322688592,91.17211388047747,12.0,68.1098767584154,775.3474297731348
341,Shanghai SouthCh - Nagoya,SEA,PILOT_TO_PILOT,3,341,239,4,5,TssOut,BtwSaki,30.95001049412325,123.51927639029252,91.17211388047747,12.0,68.3099100591607,775.1473964723893
342,Shanghai SouthCh - Nagoya,SEA,PILOT_TO_PILOT,3,342,240,4,5,TssOut,BtwSaki,30.94991452464827,123.52315954590303,91.17211388047747,12.0,68.50994335990602,774.947363171644
343,Shanghai SouthCh - Nagoya,SEA,PILOT_TO_PILOT,3,343,241,4,5,TssOut,BtwSaki,30.949818439096212,123.52704269370804,91.17211388047747,12.0,68.70997666065134,774.7473298708987
344,Shanghai SouthCh - Nagoya,SEA,PILOT_TO_PILOT,3,344,242,4,5,TssOut,BtwSaki,30.94972223746776,123.53092583369816,91.17211388047747,12.0,68.91000996139664,774.5472965701534
345,Shanghai SouthCh - Nagoya,SEA,PILOT_TO_PILOT,3,345,243,4,5,TssOut,BtwSaki,30.949625919763594,123.53480896586397,91.17211388047747,12.0,69.11004326214194,774.3472632694081
346,Shanghai SouthCh - Nagoya,SEA,PILOT_TO_PILOT,3,346,244,4,5,TssOut,BtwSaki,30.94952948598437,123.53869209019615,91.17211388047747,12.0,69.31007656288726,774.1472299686628
347,Shanghai SouthCh - Nagoya,SEA,PILOT_TO_PILOT,3,347,245,4,5,TssOut,BtwSaki,30.94943293613078,123.54257520668524,91.17211388047747,12.0,69.51010986363258,773.9471966679175
348,Shanghai SouthCh - Nagoya,SEA,PILOT_TO_PILOT,3,348,246,4,5,TssOut,BtwSaki,30.949336270203506,123.54645831532191,91.17211388047747,12.0,69.71014316437788,773.7471633671722
349,Shanghai SouthCh - Nagoya,SEA,PILOT_TO_PILOT,3,349,247,4,5,TssOut,BtwSaki,30.94923948820321,123.55034141609673,91.17211388047747,12.0,69.9101764651232,773.5471300664269
350,Shanghai SouthCh - Nagoya,SEA,PILOT_TO_PILOT,3,350,248,4,5,TssOut,BtwSaki,30.94914259013059,123.55422450900033,91.17211388047747,12.0,70.11020976586852,773.3470967656816
351,Shanghai SouthCh - Nagoya,SEA,PILOT_TO_PILOT,3,351,249,4,5,TssOut,BtwSaki,30.949045575986325,123.55810759402331,91.17211388047747,12.0,70.31024306661382,773.1470634649363
352,Shanghai SouthCh - Nagoya,SEA,PILOT_TO_PILOT,3,352,250,4,5,TssOut,BtwSaki,30.94894844577109,123.56199067115628,91.17211388047747,12.0,70.51027636735913,772.947030164191
353,Shanghai SouthCh - Nagoya,SEA,PILOT_TO_PILOT,3,353,251,4,5,TssOut,BtwSaki,30.948851199485556,123.56587374038986,91.17211388047747,12.0,70.71030966810444,772.7469968634457
354,Shanghai SouthCh - Nagoya,SEA,PILOT_TO_PILOT,3,354,252,4,5,TssOut,BtwSaki,30.948753837130422,123.56975680171469,91.17211388047747,12.0,70.91034296884976,772.5469635627003
355,Shanghai SouthCh - Nagoya,SEA,PILOT_TO_PILOT,3,355,253,4,5,TssOut,BtwSaki,30.948656358706373,123.57363985512134,91.17211388047747,12.0,71.11037626959506,772.3469302619551
356,Shanghai SouthCh - Nagoya,SEA,PILOT_TO_PILOT,3,356,254,4,5,TssOut,BtwSaki,30.948558764214088,123.57752290060044,91.17211388047747,12.0,71.31040957034037,772.1468969612097
357,Shanghai SouthCh - Nagoya,SEA,PILOT_TO_PILOT,3,357,255,4,5,TssOut,BtwSaki,30.94846105365424,123.5814059381426,91.17211388047747,12.0,71.51044287108569,771.9468636604644
358,Shanghai SouthCh - Nagoya,SEA,PILOT_TO_PILOT,3,358,256,4,5,TssOut,BtwSaki,30.948363227027535,123.58528896773844,91.17211388047747,12.0,71.710476171831,771.7468303597191
359,Shanghai SouthCh - Nagoya,SEA,PILOT_TO_PILOT,3,359,257,4,5,TssOut,BtwSaki,30.948265284334653,123.58917198937856,91.17211388047747,12.0,71.91050947257631,771.5467970589738
360,Shanghai SouthCh - Nagoya,SEA,PILOT_TO_PILOT,3,360,258,4,5,TssOut,BtwSaki,30.948167225576274,123.5930550030536,91.17211388047747,12.0,72.11054277332161,771.3467637582285
361,Shanghai SouthCh - Nagoya,SEA,PILOT_TO_PILOT,3,361,259,4,5,TssOut,BtwSaki,30.948069050753105,123.59693800875417,91.17211388047747,12.0,72.31057607406693,771.1467304574832
362,Shanghai SouthCh - Nagoya,SEA,PILOT_TO_PILOT,3,362,260,4,5,TssOut,BtwSaki,30.947970759865818,123.60082100647084,91.17211388047747,12.0,72.51060937481225,770.9466971567379
363,Shanghai SouthCh - Nagoya,SEA,PILOT_TO_PILOT,3,363,261,4,5,TssOut,BtwSaki,30.94787235291511,123.60470399619425,91.17211388047747,12.0,72.71064267555755,770.7466638559926
364,Shanghai SouthCh - Nagoya,SEA,PILOT_TO_PILOT,3,364,262,4,5,TssOut,BtwSaki,30.94777382990167,123.60858697791502,91.17211388047747,12.0,72.91067597630285,770.5466305552472
365,Shanghai SouthCh - Nagoya,SEA,PILOT_TO_PILOT,3,365,263,4,5,TssOut,BtwSaki,30.94767519082619,123.61246995162378,91.17211388047747,12.0,73.11070927704817,770.346597254502
366,Shanghai SouthCh - Nagoya,SEA,PILOT_TO_PILOT,3,366,264,4,5,TssOut,BtwSaki,30.947576435689374,123.61635291731115,91.17211388047747,12.0,73.31074257779349,770.1465639537566
367,Shanghai SouthCh - Nagoya,SEA,PILOT_TO_PILOT,3,367,265,4,5,TssOut,BtwSaki,30.947477564491894,123.6202358749677,91.17211388047747,12.0,73.5107758785388,769.9465306530113
368,Shanghai SouthCh - Nagoya,SEA,PILOT_TO_PILOT,3,368,266,4,5,TssOut,BtwSaki,30.947378577234453,123.62411882458406,91.17211388047747,12.0,73.7108091792841,769.746497352266
369,Shanghai SouthCh - Nagoya,SEA,PILOT_TO_PILOT,3,369,267,4,5,TssOut,BtwSaki,30.947279473917757,123.62800176615089,91.17211388047747,12.0,73.91084248002943,769.5464640515206
370,Shanghai SouthCh - Nagoya,SEA,PILOT_TO_PILOT,3,370,268,4,5,TssOut,BtwSaki,30.94718025454249,123.63188469965874,91.17211388047747,12.0,74.11087578077473,769.3464307507754
371,Shanghai SouthCh - Nagoya,SEA,PILOT_TO_PILOT,3,371,269,4,5,TssOut,BtwSaki,30.94708091910936,123.63576762509828,91.17211388047747,12.0,74.31090908152004,769.14639745003
372,Shanghai SouthCh - Nagoya,SEA,PILOT_TO_PILOT,3,372,270,4,5,TssOut,BtwSaki,30.94698146761904,123.6396505424601,91.17211388047747,12.0,74.51094238226536,768.9463641492847
373,Shanghai SouthCh - Nagoya,SEA,PILOT_TO_PILOT,3,373,271,4,5,TssOut,BtwSaki,30.946881900072253,123.64353345173484,91.17211388047747,12.0,74.71097568301067,768.7463308485394
374,Shanghai SouthCh - Nagoya,SEA,PILOT_TO_PILOT,3,374,272,4,5,TssOut,BtwSaki,30.946782216469696,123.64741635291308,91.17211388047747,12.0,74.91100898375598,768.5462975477941
375,Shanghai SouthCh - Nagoya,SEA,PILOT_TO_PILOT,3,375,273,4,5,TssOut,BtwSaki,30.94668241681206,123.65129924598546,91.17211388047747,12.0,75.11104228450128,768.3462642470488
376,Shanghai SouthCh - Nagoya,SEA,PILOT_TO_PILOT,3,376,274,4,5,TssOut,BtwSaki,30.946582501100046,123.65518213094259,91.17211388047747,12.0,75.3110755852466,768.1462309463035
377,Shanghai SouthCh - Nagoya,SEA,PILOT_TO_PILOT,3,377,275,4,5,TssOut,BtwSaki,30.946482469334363,123.6590650077751,91.17211388047747,12.0,75.51110888599192,767.9461976455582
378,Shanghai SouthCh - Nagoya,SEA,PILOT_TO_PILOT,3,378,276,4,5,TssOut,BtwSaki,30.946382321515703,123.66294787647358,91.17211388047747,12.0,75.71114218673722,767.7461643448129
379,Shanghai SouthCh - Nagoya,SEA,PILOT_TO_PILOT,3,379,277,4,5,TssOut,BtwSaki,30.946282057644783,123.66683073702869,91.17211388047747,12.0,75.91117548748252,767.5461310440676
380,Shanghai SouthCh - Nagoya,SEA,PILOT_TO_PILOT,3,380,278,4,5,TssOut,BtwSaki,30.946181677722297,123.67071358943102,91.17211388047747,12.0,76.11120878822784,767.3460977433223
381,Shanghai SouthCh - Nagoya,SEA,PILOT_TO_PILOT,3,381,279,4,5,TssOut,BtwSaki,30.946081181748944,123.6745964336712,91.17211388047747,12.0,76.31124208897316,767.146064442577
382,Shanghai SouthCh - Nagoya,SEA,PILOT_TO_PILOT,3,382,280,4,5,TssOut,BtwSaki,30.945980569725442,123.67847926973982,91.17211388047747,12.0,76.51127538971846,766.9460311418317
383,Shanghai SouthCh - Nagoya,SEA,PILOT_TO_PILOT,3,383,281,4,5,TssOut,BtwSaki,30.945879841652495,123.68236209762755,91.17211388047747,12.0,76.71130869046377,766.7459978410864
384,Shanghai SouthCh - Nagoya,SEA,PILOT_TO_PILOT,3,384,282,4,5,TssOut,BtwSaki,30.945778997530805,123.68624491732497,91.17211388047747,12.0,76.91134199120908,766.5459645403411
385,Shanghai SouthCh - Nagoya,SEA,PILOT_TO_PILOT,3,385,283,4,5,TssOut,BtwSaki,30.945678037361084,123.69012772882272,91.17211388047747,12.0,77.1113752919544,766.3459312395958
386,Shanghai SouthCh - Nagoya,SEA,PILOT_TO_PILOT,3,386,284,4,5,TssOut,BtwSaki,30.94557696114404,123.69401053211139,91.17211388047747,12.0,77.3114085926997,766.1458979388503
387,Shanghai SouthCh - Nagoya,SEA,PILOT_TO_PILOT,3,387,285,4,5,TssOut,BtwSaki,30.945475768880385,123.69789332718166,91.17211388047747,12.0,77.51144189344501,765.9458646381051
388,Shanghai SouthCh - Nagoya,SEA,PILOT_TO_PILOT,3,388,286,4,5,TssOut,BtwSaki,30.945374460570825,123.70177611402407,91.17211388047747,12.0,77.71147519419033,765.7458313373597
389,Shanghai SouthCh - Nagoya,SEA,PILOT_TO_PILOT,3,389,287,4,5,TssOut,BtwSaki,30.945273036216072,123.70565889262929,91.17211388047747,12.0,77.91150849493565,765.5457980366144
390,Shanghai SouthCh - Nagoya,SEA,PILOT_TO_PILOT,3,390,288,4,5,TssOut,BtwSaki,30.945171495816844,123.70954166298793,91.17211388047747,12.0,78.11154179568095,765.3457647358691
391,Shanghai SouthCh - Nagoya,SEA,PILOT_TO_PILOT,3,391,289,4,5,TssOut,BtwSaki,30.945069839373847,123.71342442509062,91.17211388047747,12.0,78.31157509642627,765.1457314351238
392,Shanghai SouthCh - Nagoya,SEA,PILOT_TO_PILOT,3,392,290,4,5,TssOut,BtwSaki,30.9449680668878,123.71730717892795,91.17211388047747,12.0,78.51160839717159,764.9456981343785
393,Shanghai SouthCh - Nagoya,SEA,PILOT_TO_PILOT,3,393,291,4,5,TssOut,BtwSaki,30.94486617835941,123.72118992449062,91.17211388047747,12.0,78.71164169791689,764.7456648336332
394,Shanghai SouthCh - Nagoya,SEA,PILOT_TO_PILOT,3,394,292,4,5,TssOut,BtwSaki,30.944764173789405,123.72507266176915,91.17211388047747,12.0,78.91167499866219,764.5456315328879
395,Shanghai SouthCh - Nagoya,SEA,PILOT_TO_PILOT,3,395,293,4,5,TssOut,BtwSaki,30.944662053178476,123.72895539075422,91.17211388047747,12.0,79.11170829940751,764.3455982321426
396,Shanghai SouthCh - Nagoya,SEA,PILOT_TO_PILOT,3,396,294,4,5,TssOut,BtwSaki,30.944559816527374,123.73283811143645,91.17211388047747,12.0,79.31174160015283,764.1455649313973
397,Shanghai SouthCh - Nagoya,SEA,PILOT_TO_PILOT,3,397,295,4,5,TssOut,BtwSaki,30.944457463836795,123.73672082380644,91.17211388047747,12.0,79.51177490089813,763.945531630652
398,Shanghai SouthCh - Nagoya,SEA,PILOT_TO_PILOT,3,398,296,4,5,TssOut,BtwSaki,30.944354995107457,123.74060352785483,91.17211388047747,12.0,79.71180820164344,763.7454983299067
399,Shanghai SouthCh - Nagoya,SEA,PILOT_TO_PILOT,3,399,297,4,5,TssOut,BtwSaki,30.9442524103401,123.74448622357222,91.17211388047747,12.0,79.91184150238875,763.5454650291614
400,Shanghai SouthCh - Nagoya,SEA,PILOT_TO_PILOT,3,400,298,4,5,TssOut,BtwSaki,30.944149709535417,123.74836891094928,91.17211388047747,12.0,80.11187480313407,763.3454317284161
401,Shanghai SouthCh - Nagoya,SEA,PILOT_TO_PILOT,3,401,299,4,5,TssOut,BtwSaki,30.944046892694146,123.7522515899766,91.17211388047747,12.0,80.31190810387938,763.1453984276707
402,Shanghai SouthCh - Nagoya,SEA,PILOT_TO_PILOT,3,402,300,4,5,TssOut,BtwSaki,30.943943959817,123.7561342606448,91.17211388047747,12.0,80.51194140462468,762.9453651269255
403,Shanghai SouthCh - Nagoya,SEA,PILOT_TO_PILOT,3,403,301,4,5,TssOut,BtwSaki,30.94384091090471,123.7600169229445,91.17211388047747,12.0,80.71197470537,762.7453318261801
404,Shanghai SouthCh - Nagoya,SEA,PILOT_TO_PILOT,3,404,302,4,5,TssOut,BtwSaki,30.943737745957996,123.76389957686635,91.17211388047747,12.0,80.91200800611531,762.5452985254348
405,Shanghai SouthCh - Nagoya,SEA,PILOT_TO_PILOT,3,405,303,4,5,TssOut,BtwSaki,30.94363446497758,123.76778222240094,91.17211388047747,12.0,81.11204130686062,762.3452652246895
406,Shanghai SouthCh - Nagoya,SEA,PILOT_TO_PILOT,3,406,304,4,5,TssOut,BtwSaki,30.943531067964187,123.77166485953893,91.17211388047747,12.0,81.31207460760592,762.1452319239442
407,Shanghai SouthCh - Nagoya,SEA,PILOT_TO_PILOT,3,407,305,4,5,TssOut,BtwSaki,30.943427554918543,123.7755474882709,91.17211388047747,12.0,81.51210790835124,761.9451986231988
408,Shanghai SouthCh - Nagoya,SEA,PILOT_TO_PILOT,3,408,306,4,5,TssOut,BtwSaki,30.943323925841383,123.77943010858755,91.17211388047747,12.0,81.71214120909656,761.7451653224535
409,Shanghai SouthCh - Nagoya,SEA,PILOT_TO_PILOT,3,409,307,4,5,TssOut,BtwSaki,30.943220180733423,123.78331272047943,91.17211388047747,12.0,81.91217450984186,761.5451320217082
410,Shanghai SouthCh - Nagoya,SEA,PILOT_TO_PILOT,3,410,308,4,5,TssOut,BtwSaki,30.943116319595394,123.78719532393717,91.17211388047747,12.0,82.11220781058717,761.3450987209629
411,Shanghai SouthCh - Nagoya,SEA,PILOT_TO_PILOT,3,411,309,4,5,TssOut,BtwSaki,30.94301234242803,123.79107791895144,91.17211388047747,12.0,82.31224111133248,761.1450654202176
412,Shanghai SouthCh - Nagoya,SEA,PILOT_TO_PILOT,3,412,310,4,5,TssOut,BtwSaki,30.942908249232055,123.79496050551286,91.17211388047747,12.0,82.5122744120778,760.9450321194723
413,Shanghai SouthCh - Nagoya,SEA,PILOT_TO_PILOT,3,413,311,4,5,TssOut,BtwSaki,30.942804040008205,123.79884308361201,91.17211388047747,12.0,82.7123077128231,760.744998818727
414,Shanghai SouthCh - Nagoya,SEA,PILOT_TO_PILOT,3,414,312,4,5,TssOut,BtwSaki,30.942699714757207,123.80272565323956,91.17211388047747,12.0,82.91234101356842,760.5449655179817
415,Shanghai SouthCh - Nagoya,SEA,PILOT_TO_PILOT,3,415,313,4,5,TssOut,BtwSaki,30.9425952734798,123.80660821438613,91.17211388047747,12.0,83.11237431431374,760.3449322172364
416,Shanghai SouthCh - Nagoya,SEA,PILOT_TO_PILOT,3,416,314,4,5,TssOut,BtwSaki,30.942490716176707,123.81049076704235,91.17211388047747,12.0,83.31240761505904,760.144898916491
417,Shanghai SouthCh - Nagoya,SEA,PILOT_TO_PILOT,3,417,315,4,5,TssOut,BtwSaki,30.94238604284867,123.8143733111988,91.17211388047747,12.0,83.51244091580435,759.9448656157458
418,Shanghai SouthCh - Nagoya,SEA,PILOT_TO_PILOT,3,418,316,4,5,TssOut,BtwSaki,30.942281253496425,123.81825584684617,91.17211388047747,12.0,83.71247421654967,759.7448323150004
419,Shanghai SouthCh - Nagoya,SEA,PILOT_TO_PILOT,3,419,317,4,5,TssOut,BtwSaki,30.942176348120697,123.82213837397505,91.17211388047747,12.0,83.91250751729498,759.5447990142551
420,Shanghai SouthCh - Nagoya,SEA,PILOT_TO_PILOT,3,420,318,4,5,TssOut,BtwSaki,30.942071326722235,123.8260208925761,91.17211388047747,12.0,84.11254081804029,759.3447657135098
421,Shanghai SouthCh - Nagoya,SEA,PILOT_TO_PILOT,3,421,319,4,5,TssOut,BtwSaki,30.94196618930177,123.82990340263991,91.17211388047747,12.0,84.31257411878559,759.1447324127645
422,Shanghai SouthCh - Nagoya,SEA,PILOT_TO_PILOT,3,422,320,4,5,TssOut,BtwSaki,30.941860935860046,123.83378590415711,91.17211388047747,12.0,84.51260741953092,758.9446991120192
423,Shanghai SouthCh - Nagoya,SEA,PILOT_TO_PILOT,3,423,321,4,5,TssOut,BtwSaki,30.94175556639779,123.83766839711835,91.17211388047747,12.0,84.71264072027623,758.7446658112739
424,Shanghai SouthCh - Nagoya,SEA,PILOT_TO_PILOT,3,424,322,4,5,TssOut,BtwSaki,30.941650080915746,123.84155088151427,91.17211388047747,12.0,84.91267402102153,758.5446325105286
425,Shanghai SouthCh - Nagoya,SEA,PILOT_TO_PILOT,3,425,323,4,5,TssOut,BtwSaki,30.94154447941466,123.84543335733547,91.17211388047747,12.0,85.11270732176683,758.3445992097833
426,Shanghai SouthCh - Nagoya,SEA,PILOT_TO_PILOT,3,426,324,4,5,TssOut,BtwSaki,30.941438761895274,123.84931582457259,91.17211388047747,12.0,85.31274062251217,758.144565909038
427,Shanghai SouthCh - Nagoya,SEA,PILOT_TO_PILOT,3,427,325,4,5,TssOut,BtwSaki,30.941332928358324,123.85319828321626,91.17211388047747,12.0,85.51277392325747,757.9445326082927
428,Shanghai SouthCh - Nagoya,SEA,PILOT_TO_PILOT,3,428,326,4,5,TssOut,BtwSaki,30.94122697880455,123.85708073325709,91.17211388047747,12.0,85.71280722400277,757.7444993075474
429,Shanghai SouthCh - Nagoya,SEA,PILOT_TO_PILOT,3,429,327,4,5,TssOut,BtwSaki,30.941120913234705,123.86096317468575,91.17211388047747,12.0,85.91284052474808,757.544466006802
430,Shanghai SouthCh - Nagoya,SEA,PILOT_TO_PILOT,3,430,328,4,5,TssOut,BtwSaki,30.94101473164953,123.86484560749284,91.17211388047747,12.0,86.11287382549341,757.3444327060568
431,Shanghai SouthCh - Nagoya,SEA,PILOT_TO_PILOT,3,431,329,4,5,TssOut,BtwSaki,30.940908434049767,123.868728031669,91.17211388047747,12.0,86.31290712623871,757.1443994053113
432,Shanghai SouthCh - Nagoya,SEA,PILOT_TO_PILOT,3,432,330,4,5,TssOut,BtwSaki,30.940802020436163,123.87261044720486,91.17211388047747,12.0,86.51294042698402,756.9443661045661
433,Shanghai SouthCh - Nagoya,SEA,PILOT_TO_PILOT,3,433,331,4,5,TssOut,BtwSaki,30.94069549080946,123.87649285409107,91.17211388047747,12.0,86.71297372772932,756.7443328038207
434,Shanghai SouthCh - Nagoya,SEA,PILOT_TO_PILOT,3,434,332,4,5,TssOut,BtwSaki,30.94058884517043,123.8803752523182,91.17211388047747,12.0,86.91300702847465,756.5442995030754
435,Shanghai SouthCh - Nagoya,SEA,PILOT_TO_PILOT,3,435,333,4,5,TssOut,BtwSaki,30.940482083519797,123.88425764187694,91.17211388047747,12.0,87.11304032921996,756.3442662023301
436,Shanghai SouthCh - Nagoya,SEA,PILOT_TO_PILOT,3,436,334,4,5,TssOut,BtwSaki,30.940375205858313,123.88814002275791,91.17211388047747,12.0,87.31307362996526,756.1442329015848
437,Shanghai SouthCh - Nagoya,SEA,PILOT_TO_PILOT,3,437,335,4,5,TssOut,BtwSaki,30.94026821218673,123.89202239495175,91.17211388047747,12.0,87.51310693071056,755.9441996008395
438,Shanghai SouthCh - Nagoya,SEA,PILOT_TO_PILOT,3,438,336,4,5,TssOut,BtwSaki,30.940161102505808,123.89590475844905,91.17211388047747,12.0,87.7131402314559,755.7441663000942
439,Shanghai SouthCh - Nagoya,SEA,PILOT_TO_PILOT,3,439,337,4,5,TssOut,BtwSaki,30.94005387681629,123.89978711324046,91.17211388047747,12.0,87.9131735322012,755.5441329993489
440,Shanghai SouthCh - Nagoya,SEA,PILOT_TO_PILOT,3,440,338,4,5,TssOut,BtwSaki,30.939946535118928,123.90366945931666,91.17211388047747,12.0,88.1132068329465,755.3440996986036
441,Shanghai SouthCh - Nagoya,SEA,PILOT_TO_PILOT,3,441,339,4,5,TssOut,BtwSaki,30.939839077414476,123.90755179666823,91.17211388047747,12.0,88.3132401336918,755.1440663978583
442,Shanghai SouthCh - Nagoya,SEA,PILOT_TO_PILOT,3,442,340,4,5,TssOut,BtwSaki,30.9397315037037,123.91143412528581,91.17211388047747,12.0,88.51327343443714,754.944033097113
443,Shanghai SouthCh - Nagoya,SEA,PILOT_TO_PILOT,3,443,341,4,5,TssOut,BtwSaki,30.93962381398734,123.91531644516006,91.17211388047747,12.0,88.71330673518244,754.7439997963677
444,Shanghai SouthCh - Nagoya,SEA,PILOT_TO_PILOT,3,444,342,4,5,TssOut,BtwSaki,30.93951600826615,123.91919875628156,91.17211388047747,12.0,88.91334003592775,754.5439664956224
445,Shanghai SouthCh - Nagoya,SEA,PILOT_TO_PILOT,3,445,343,4,5,TssOut,BtwSaki,30.93940808654091,123.923081058641,91.17211388047747,12.0,89.11337333667308,754.3439331948771
446,Shanghai SouthCh - Nagoya,SEA,PILOT_TO_PILOT,3,446,344,4,5,TssOut,BtwSaki,30.939300048812346,123.92696335222901,91.17211388047747,12.0,89.31340663741838,754.1438998941317
447,Shanghai SouthCh - Nagoya,SEA,PILOT_TO_PILOT,3,447,345,4,5,TssOut,BtwSaki,30.939191895081237,123.93084563703619,91.17211388047747,12.0,89.51343993816369,753.9438665933865
448,Shanghai SouthCh - Nagoya,SEA,PILOT_TO_PILOT,3,448,346,4,5,TssOut,BtwSaki,30.939083625348335,123.93472791305317,91.17211388047747,12.0,89.71347323890899,753.743833292641
449,Shanghai SouthCh - Nagoya,SEA,PILOT_TO_PILOT,3,449,347,4,5,TssOut,BtwSaki,30.938975239614404,123.93861018027063,91.17211388047747,12.0,89.91350653965432,753.5437999918958
450,Shanghai SouthCh - Nagoya,SEA,PILOT_TO_PILOT,3,450,348,4,5,TssOut,BtwSaki,30.93886673788021,123.94249243867918,91.17211388047747,12.0,90.11353984039962,753.3437666911504
451,Shanghai SouthCh - Nagoya,SEA,PILOT_TO_PILOT,3,451,349,4,5,TssOut,BtwSaki,30.9387581201465,123.94637468826946,91.17211388047747,12.0,90.31357314114493,753.1437333904051
452,Shanghai SouthCh - Nagoya,SEA,PILOT_TO_PILOT,3,452,350,4,5,TssOut,BtwSaki,30.938649386414042,123.95025692903208,91.17211388047747,12.0,90.51360644189023,752.9437000896598
453,Shanghai SouthCh - Nagoya,SEA,PILOT_TO_PILOT,3,453,351,4,5,TssOut,BtwSaki,30.93854053668359,123.9541391609577,91.17211388047747,12.0,90.71363974263556,752.7436667889145
454,Shanghai SouthCh - Nagoya,SEA,PILOT_TO_PILOT,3,454,352,4,5,TssOut,BtwSaki,30.93843157095593,123.95802138403698,91.17211388047747,12.0,90.91367304338087,752.5436334881692
455,Shanghai SouthCh - Nagoya,SEA,PILOT_TO_PILOT,3,455,353,4,5,TssOut,BtwSaki,30.938322489231812,123.96190359826049,91.17211388047747,12.0,91.11370634412617,752.3436001874239
456,Shanghai SouthCh - Nagoya,SEA,PILOT_TO_PILOT,3,456,354,4,5,TssOut,BtwSaki,30.938213291512007,123.96578580361894,91.17211388047747,12.0,91.31373964487148,752.1435668866786
457,Shanghai SouthCh - Nagoya,SEA,PILOT_TO_PILOT,3,457,355,4,5,TssOut,BtwSaki,30.938103977797265,123.9696680001029,91.17211388047747,12.0,91.51377294561681,751.9435335859333
458,Shanghai SouthCh - Nagoya,SEA,PILOT_TO_PILOT,3,458,356,4,5,TssOut,BtwSaki,30.937994548088383,123.97355018770307,91.17211388047747,12.0,91.71380624636211,751.743500285188
459,Shanghai SouthCh - Nagoya,SEA,PILOT_TO_PILOT,3,459,357,4,5,TssOut,BtwSaki,30.937885002386107,123.97743236641004,91.17211388047747,12.0,91.91383954710741,751.5434669844427
460,Shanghai SouthCh - Nagoya,SEA,PILOT_TO_PILOT,3,460,358,4,5,TssOut,BtwSaki,30.93777534069121,123.98131453621447,91.17211388047747,12.0,92.11387284785272,751.3434336836974
461,Shanghai SouthCh - Nagoya,SEA,PILOT_TO_PILOT,3,461,359,4,5,TssOut,BtwSaki,30.93766556300446,123.98519669710699,91.17211388047747,12.0,92.31390614859805,751.143400382952
462,Shanghai SouthCh - Nagoya,SEA,PILOT_TO_PILOT,3,462,360,4,5,TssOut,BtwSaki,30.937555669326642,123.98907884907825,91.17211388047747,12.0,92.51393944934335,750.9433670822068
463,Shanghai SouthCh - Nagoya,SEA,PILOT_TO_PILOT,3,463,361,4,5,TssOut,BtwSaki,30.93744565965851,123.99296099211887,91.17211388047747,12.0,92.71397275008866,750.7433337814614
464,Shanghai SouthCh - Nagoya,SEA,PILOT_TO_PILOT,3,464,362,4,5,TssOut,BtwSaki,30.937335534000837,123.99684312621947,91.17211388047747,12.0,92.91400605083396,750.5433004807162
465,Shanghai SouthCh - Nagoya,SEA,PILOT_TO_PILOT,3,465,363,4,5,TssOut,BtwSaki,30.93722529235441,124.00072525137075,91.17211388047747,12.0,93.1140393515793,750.3432671799708
466,Shanghai SouthCh - Nagoya,SEA,PILOT_TO_PILOT,3,466,364,4,5,TssOut,BtwSaki,30.937114934719986,124.0046073675633,91.17211388047747,12.0,93.3140726523246,750.1432338792255
467,Shanghai SouthCh - Nagoya,SEA,PILOT_TO_PILOT,3,467,365,4,5,TssOut,BtwSaki,30.93700446109834,124.00848947478777,91.17211388047747,12.0,93.5141059530699,749.9432005784802
468,Shanghai SouthCh - Nagoya,SEA,PILOT_TO_PILOT,3,468,366,4,5,TssOut,BtwSaki,30.936893871490266,124.0123715730348,91.17211388047747,12.0,93.71413925381523,749.7431672777349
469,Shanghai SouthCh - Nagoya,SEA,PILOT_TO_PILOT,3,469,367,4,5,TssOut,BtwSaki,30.93678316589652,124.01625366229503,91.17211388047747,12.0,93.91417255456054,749.5431339769896
470,Shanghai SouthCh - Nagoya,SEA,PILOT_TO_PILOT,3,470,368,4,5,TssOut,BtwSaki,30.93667234431789,124.0201357425591,91.17211388047747,12.0,94.11420585530584,749.3431006762443
471,Shanghai SouthCh - Nagoya,SEA,PILOT_TO_PILOT,3,471,369,4,5,TssOut,BtwSaki,30.936561406755157,124.0240178138177,91.17211388047747,12.0,94.31423915605114,749.143067375499
472,Shanghai SouthCh - Nagoya,SEA,PILOT_TO_PILOT,3,472,370,4,5,TssOut,BtwSaki,30.936450353209082,124.02789987606135,91.17211388047747,12.0,94.51427245679648,748.9430340747537
473,Shanghai SouthCh - Nagoya,SEA,PILOT_TO_PILOT,3,473,371,4,5,TssOut,BtwSaki,30.93633918368046,124.03178192928081,91.17211388047747,12.0,94.71430575754178,748.7430007740084
474,Shanghai SouthCh - Nagoya,SEA,PILOT_TO_PILOT,3,474,372,4,5,TssOut,BtwSaki,30.93622789817007,124.03566397346667,91.17211388047747,12.0,94.91433905828708,748.542967473263
475,Shanghai SouthCh - Nagoya,SEA,PILOT_TO_PILOT,3,475,373,4,5,TssOut,BtwSaki,30.936116496678682,124.03954600860956,91.17211388047747,12.0,95.11437235903239,748.3429341725177
476,Shanghai SouthCh - Nagoya,SEA,PILOT_TO_PILOT,3,476,374,4,5,TssOut,BtwSaki,30.936004979207087,124.04342803470014,91.17211388047747,12.0,95.31440565977772,748.1429008717723
477,Shanghai SouthCh - Nagoya,SEA,PILOT_TO_PILOT,3,477,375,4,5,TssOut,BtwSaki,30.935893345756067,124.04731005172904,91.17211388047747,12.0,95.51443896052302,747.9428675710271
478,Shanghai SouthCh - Nagoya,SEA,PILOT_TO_PILOT,3,478,376,4,5,TssOut,BtwSaki,30.9357815963264,124.05119205968693,91.17211388047747,12.0,95.71447226126833,747.7428342702817
479,Shanghai SouthCh - Nagoya,SEA,PILOT_TO_PILOT,3,479,377,4,5,TssOut,BtwSaki,30.935669730918885,124.05507405856443,91.17211388047747,12.0,95.91450556201363,747.5428009695365
480,Shanghai SouthCh - Nagoya,SEA,PILOT_TO_PILOT,3,480,378,4,5,TssOut,BtwSaki,30.93555774953428,124.05895604835216,91.17211388047747,12.0,96.11453886275896,747.3427676687911
481,Shanghai SouthCh - Nagoya,SEA,PILOT_TO_PILOT,3,481,379,4,5,TssOut,BtwSaki,30.9354456521734,124.0628380290408,91.17211388047747,12.0,96.31457216350427,747.1427343680458
482,Shanghai SouthCh - Nagoya,SEA,PILOT_TO_PILOT,3,482,380,4,5,TssOut,BtwSaki,30.93533343883701,124.066720000621,91.17211388047747,12.0,96.51460546424957,746.9427010673005
483,Shanghai SouthCh - Nagoya,SEA,PILOT_TO_PILOT,3,483,381,4,5,TssOut,BtwSaki,30.935221109525898,124.07060196308336,91.17211388047747,12.0,96.71463876499487,746.7426677665552
484,Shanghai SouthCh - Nagoya,SEA,PILOT_TO_PILOT,3,484,382,4,5,TssOut,BtwSaki,30.93510866424088,124.07448391641854,91.17211388047747,12.0,96.9146720657402,746.5426344658099
485,Shanghai SouthCh - Nagoya,SEA,PILOT_TO_PILOT,3,485,383,4,5,TssOut,BtwSaki,30.93499610298271,124.07836586061723,91.17211388047747,12.0,97.11470536648551,746.3426011650646
486,Shanghai SouthCh - Nagoya,SEA,PILOT_TO_PILOT,3,486,384,4,5,TssOut,BtwSaki,30.934883425752197,124.08224779567,91.17211388047747,12.0,97.31473866723081,746.1425678643193
487,Shanghai SouthCh - Nagoya,SEA,PILOT_TO_PILOT,3,487,385,4,5,TssOut,BtwSaki,30.93477063255013,124.08612972156756,91.17211388047747,12.0,97.51477196797615,745.942534563574
488,Shanghai SouthCh - Nagoya,SEA,PILOT_TO_PILOT,3,488,386,4,5,TssOut,BtwSaki,30.934657723377292,124.0900116383005,91.17211388047747,12.0,97.71480526872145,745.7425012628287
489,Shanghai SouthCh - Nagoya,SEA,PILOT_TO_PILOT,3,489,387,4,5,TssOut,BtwSaki,30.934544698234486,124.09389354585949,91.17211388047747,12.0,97.91483856946675,745.5424679620834
490,Shanghai SouthCh - Nagoya,SEA,PILOT_TO_PILOT,3,490,388,4,5,TssOut,BtwSaki,30.934431557122497,124.09777544423517,91.17211388047747,12.0,98.11487187021206,745.3424346613381
491,Shanghai SouthCh - Nagoya,SEA,PILOT_TO_PILOT,3,491,389,4,5,TssOut,BtwSaki,30.934318300042115,124.10165733341822,91.17211388047747,12.0,98.31490517095739,745.1424013605927
492,Shanghai SouthCh - Nagoya,SEA,PILOT_TO_PILOT,3,492,390,4,5,TssOut,BtwSaki,30.934204926994155,124.10553921339923,91.17211388047747,12.0,98.51493847170269,744.9423680598475
493,Shanghai SouthCh - Nagoya,SEA,PILOT_TO_PILOT,3,493,391,4,5,TssOut,BtwSaki,30.934091437979394,124.10942108416887,91.17211388047747,12.0,98.714971772448,744.742334759102
494,Shanghai SouthCh - Nagoya,SEA,PILOT_TO_PILOT,3,494,392,4,5,TssOut,BtwSaki,30.93397783299862,124.11330294571778,91.17211388047747,12.0,98.9150050731933,744.5423014583569
495,Shanghai SouthCh - Nagoya,SEA,PILOT_TO_PILOT,3,495,393,4,5,TssOut,BtwSaki,30.933864112052657,124.11718479803662,91.17211388047747,12.0,99.11503837393863,744.3422681576114
496,Shanghai SouthCh - Nagoya,SEA,PILOT_TO_PILOT,3,496,394,4,5,TssOut,BtwSaki,30.933750275142287,124.12106664111602,91.17211388047747,12.0,99.31507167468394,744.1422348568661
497,Shanghai SouthCh - Nagoya,SEA,PILOT_TO_PILOT,3,497,395,4,5,TssOut,BtwSaki,30.933636322268306,124.12494847494665,91.17211388047747,12.0,99.51510497542924,743.9422015561208
498,Shanghai SouthCh - Nagoya,SEA,PILOT_TO_PILOT,3,498,396,4,5,TssOut,BtwSaki,30.933522253431526,124.12883029951914,91.17211388047747,12.0,99.71513827617454,743.7421682553755
499,Shanghai SouthCh - Nagoya,SEA,PILOT_TO_PILOT,3,499,397,4,5,TssOut,BtwSaki,30.933408068632737,124.13271211482413,91.17211388047747,12.0,99.91517157691987,743.5421349546302
500,Shanghai SouthCh - Nagoya,SEA,PILOT_TO_PILOT,3,500,398,4,5,TssOut,BtwSaki,30.933293767872737,124.13659392085228,91.17211388047747,12.0,100.11520487766518,743.3421016538849
501,Shanghai SouthCh - Nagoya,SEA,PILOT_TO_PILOT,3,501,399,4,5,TssOut,BtwSaki,30.933179351152337,124.14047571759426,91.17211388047747,12.0,100.31523817841048,743.1420683531396
502,Shanghai SouthCh - Nagoya,SEA,PILOT_TO_PILOT,3,502,400,4,5,TssOut,BtwSaki,30.933064818472335,124.14435750504067,91.17211388047747,12.0,100.51527147915579,742.9420350523943
503,Shanghai SouthCh - Nagoya,SEA,PILOT_TO_PILOT,3,503,401,4,5,TssOut,BtwSaki,30.932950169833536,124.14823928318218,91.17211388047747,12.0,100.71530477990112,742.742001751649
504,Shanghai SouthCh - Nagoya,SEA,PILOT_TO_PILOT,3,504,402,4,5,TssOut,BtwSaki,30.93283540523674,124.15212105200948,91.17211388047747,12.0,100.91533808064642,742.5419684509037
505,Shanghai SouthCh - Nagoya,SEA,PILOT_TO_PILOT,3,505,403,4,5,TssOut,BtwSaki,30.93272052468276,124.15600281151313,91.17211388047747,12.0,101.11537138139172,742.3419351501584
506,Shanghai SouthCh - Nagoya,SEA,PILOT_TO_PILOT,3,506,404,4,5,TssOut,BtwSaki,30.9326055281724,124.15988456168385,91.17211388047747,12.0,101.31540468213703,742.1419018494131
507,Shanghai SouthCh - Nagoya,SEA,PILOT_TO_PILOT,3,507,405,4,5,TssOut,BtwSaki,30.932490415706464,124.16376630251227,91.17211388047747,12.0,101.51543798288236,741.9418685486678
508,Shanghai SouthCh - Nagoya,SEA,PILOT_TO_PILOT,3,508,406,4,5,TssOut,BtwSaki,30.93237518728576,124.16764803398904,91.17211388047747,12.0,101.71547128362766,741.7418352479224
509,Shanghai SouthCh - Nagoya,SEA,PILOT_TO_PILOT,3,509,407,4,5,TssOut,BtwSaki,30.932259842911098,124.17152975610479,91.17211388047747,12.0,101.91550458437297,741.5418019471772
510,Shanghai SouthCh - Nagoya,SEA,PILOT_TO_PILOT,3,510,408,4,5,TssOut,BtwSaki,30.932144382583274,124.17541146885023,91.17211388047747,12.0,102.1155378851183,741.3417686464318
511,Shanghai SouthCh - Nagoya,SEA,PILOT_TO_PILOT,3,511,409,4,5,TssOut,BtwSaki,30.93202880630313,124.17929317221594,91.17211388047747,12.0,102.3155711858636,741.1417353456865
512,Shanghai SouthCh - Nagoya,SEA,PILOT_TO_PILOT,3,512,410,4,5,TssOut,BtwSaki,30.931913114071445,124.18317486619262,91.17211388047747,12.0,102.51560448660891,740.9417020449412
513,Shanghai SouthCh - Nagoya,SEA,PILOT_TO_PILOT,3,513,411,4,5,TssOut,BtwSaki,30.93179730588905,124.18705655077085,91.17211388047747,12.0,102.71563778735421,740.7416687441959
514,Shanghai SouthCh - Nagoya,SEA,PILOT_TO_PILOT,3,514,412,4,5,TssOut,BtwSaki,30.931681381756746,124.19093822594137,91.17211388047747,12.0,102.91567108809954,740.5416354434506
515,Shanghai SouthCh - Nagoya,SEA,PILOT_TO_PILOT,3,515,413,4,5,TssOut,BtwSaki,30.931565341675345,124.19481989169479,91.17211388047747,12.0,103.11570438884485,740.3416021427053
516,Shanghai SouthCh - Nagoya,SEA,PILOT_TO_PILOT,3,516,414,4,5,TssOut,BtwSaki,30.931449185645675,124.19870154802177,91.17211388047747,12.0,103.31573768959015,740.14156884196
517,Shanghai SouthCh - Nagoya,SEA,PILOT_TO_PILOT,3,517,415,4,5,TssOut,BtwSaki,30.931332913668527,124.20258319491296,91.17211388047747,12.0,103.51577099033545,739.9415355412146
518,Shanghai SouthCh - Nagoya,SEA,PILOT_TO_PILOT,3,518,416,4,5,TssOut,BtwSaki,30.931216525744745,124.20646483235899,91.17211388047747,12.0,103.71580429108079,739.7415022404693
519,Shanghai SouthCh - Nagoya,SEA,PILOT_TO_PILOT,3,519,417,4,5,TssOut,BtwSaki,30.93110002187514,124.21034646035054,91.17211388047747,12.0,103.91583759182609,739.541468939724
520,Shanghai SouthCh - Nagoya,SEA,PILOT_TO_PILOT,3,520,418,4,5,TssOut,BtwSaki,30.930983402060498,124.21422807887825,91.17211388047747,12.0,104.1158708925714,739.3414356389787
521,Shanghai SouthCh - Nagoya,SEA,PILOT_TO_PILOT,3,521,419,4,5,TssOut,BtwSaki,30.93086666630167,124.2181096879328,91.17211388047747,12.0,104.3159041933167,739.1414023382334
522,Shanghai SouthCh - Nagoya,SEA,PILOT_TO_PILOT,3,522,420,4,5,TssOut,BtwSaki,30.930749814599473,124.2219912875048,91.17211388047747,12.0,104.51593749406203,738.9413690374881
523,Shanghai SouthCh - Nagoya,SEA,PILOT_TO_PILOT,3,523,421,4,5,TssOut,BtwSaki,30.930632846954712,124.22587287758493,91.17211388047747,12.0,104.71597079480733,738.7413357367427
524,Shanghai SouthCh - Nagoya,SEA,PILOT_TO_PILOT,3,524,422,4,5,TssOut,BtwSaki,30.930515763368216,124.22975445816384,91.17211388047747,12.0,104.91600409555264,738.5413024359975
525,Shanghai SouthCh - Nagoya,SEA,PILOT_TO_PILOT,3,525,423,4,5,TssOut,BtwSaki,30.930398563840807,124.2336360292322,91.17211388047747,12.0,105.11603739629794,738.3412691352521
526,Shanghai SouthCh - Nagoya,SEA,PILOT_TO_PILOT,3,526,424,4,5,TssOut,BtwSaki,30.930281248373294,124.23751759078064,91.17211388047747,12.0,105.31607069704327,738.1412358345068
527,Shanghai SouthCh - Nagoya,SEA,PILOT_TO_PILOT,3,527,425,4,5,TssOut,BtwSaki,30.930163816966523,124.24139914279979,91.17211388047747,12.0,105.51610399778858,737.9412025337615
528,Shanghai SouthCh - Nagoya,SEA,PILOT_TO_PILOT,3,528,426,4,5,TssOut,BtwSaki,30.9300462696213,124.24528068528038,91.17211388047747,12.0,105.71613729853388,737.7411692330162
529,Shanghai SouthCh - Nagoya,SEA,PILOT_TO_PILOT,3,529,427,4,5,TssOut,BtwSaki,30.92992860633846,124.249162218213,91.17211388047747,12.0,105.91617059927921,737.5411359322709
530,Shanghai SouthCh - Nagoya,SEA,PILOT_TO_PILOT,3,530,428,4,5,TssOut,BtwSaki,30.92981082711882,124.25304374158834,91.17211388047747,12.0,106.11620390002452,737.3411026315256
531,Shanghai SouthCh - Nagoya,SEA,PILOT_TO_PILOT,3,531,429,4,5,TssOut,BtwSaki,30.929692931963206,124.25692525539705,91.17211388047747,12.0,106.31623720076982,737.1410693307803
532,Shanghai SouthCh - Nagoya,SEA,PILOT_TO_PILOT,3,532,430,4,5,TssOut,BtwSaki,30.929574920872458,124.26080675962974,91.17211388047747,12.0,106.51627050151512,736.941036030035
533,Shanghai SouthCh - Nagoya,SEA,PILOT_TO_PILOT,3,533,431,4,5,TssOut,BtwSaki,30.929456793847386,124.26468825427717,91.17211388047747,12.0,106.71630380226046,736.7410027292897
534,Shanghai SouthCh - Nagoya,SEA,PILOT_TO_PILOT,3,534,432,4,5,TssOut,BtwSaki,30.929338550888833,124.26856973932988,91.17211388047747,12.0,106.91633710300576,736.5409694285444
535,Shanghai SouthCh - Nagoya,SEA,PILOT_TO_PILOT,3,535,433,4,5,TssOut,BtwSaki,30.929220191997615,124.27245121477861,91.17211388047747,12.0,107.11637040375106,736.3409361277991
536,Shanghai SouthCh - Nagoya,SEA,PILOT_TO_PILOT,3,536,434,4,5,TssOut,BtwSaki,30.92910171717457,124.27633268061398,91.17211388047747,12.0,107.31640370449637,736.1409028270538
537,Shanghai SouthCh - Nagoya,SEA,PILOT_TO_PILOT,3,537,435,4,5,TssOut,BtwSaki,30.92898312642053,124.28021413682663,91.17211388047747,12.0,107.5164370052417,735.9408695263085
538,Shanghai SouthCh - Nagoya,SEA,PILOT_TO_PILOT,3,538,436,4,5,TssOut,BtwSaki,30.92886441973633,124.28409558340728,91.17211388047747,12.0,107.716470305987,735.740836225563
539,Shanghai SouthCh - Nagoya,SEA,PILOT_TO_PILOT,3,539,437,4,5,TssOut,BtwSaki,30.928745597122795,124.28797702034652,91.17211388047747,12.0,107.9165036067323,735.5408029248179
540,Shanghai SouthCh - Nagoya,SEA,PILOT_TO_PILOT,3,540,438,4,5,TssOut,BtwSaki,30.928626658580765,124.29185844763505,91.17211388047747,12.0,108.11653690747761,735.3407696240724
541,Shanghai SouthCh - Nagoya,SEA,PILOT_TO_PILOT,3,541,439,4,5,TssOut,BtwSaki,30.92850760411107,124.29573986526351,91.17211388047747,12.0,108.31657020822294,735.1407363233271
542,Shanghai SouthCh - Nagoya,SEA,PILOT_TO_PILOT,3,542,440,4,5,TssOut,BtwSaki,30.92838843371453,124.29962127322258,91.17211388047747,12.0,108.51660350896825,734.9407030225818
543,Shanghai SouthCh - Nagoya,SEA,PILOT_TO_PILOT,3,543,441,4,5,TssOut,BtwSaki,30.928269147392008,124.30350267150288,91.17211388047747,12.0,108.71663680971355,734.7406697218365
544,Shanghai SouthCh - Nagoya,SEA,PILOT_TO_PILOT,3,544,442,4,5,TssOut,BtwSaki,30.928149745144328,124.30738406009512,91.17211388047747,12.0,108.91667011045885,734.5406364210912
545,Shanghai SouthCh - Nagoya,SEA,PILOT_TO_PILOT,3,545,443,4,5,TssOut,BtwSaki,30.92803022697233,124.31126543898992,91.17211388047747,12.0,109.11670341120418,734.3406031203459
546,Shanghai SouthCh - Nagoya,SEA,PILOT_TO_PILOT,3,546,444,4,5,TssOut,BtwSaki,30.927910592876845,124.31514680817797,91.17211388047747,12.0,109.31673671194949,734.1405698196006
547,Shanghai SouthCh - Nagoya,SEA,PILOT_TO_PILOT,3,547,445,4,5,TssOut,BtwSaki,30.927790842858727,124.31902816764992,91.17211388047747,12.0,109.51677001269479,733.9405365188553
548,Shanghai SouthCh - Nagoya,SEA,PILOT_TO_PILOT,3,548,446,4,5,TssOut,BtwSaki,30.927670976918797,124.32290951739638,91.17211388047747,12.0,109.7168033134401,733.74050321811
549,Shanghai SouthCh - Nagoya,SEA,PILOT_TO_PILOT,3,549,447,4,5,TssOut,BtwSaki,30.92755099505791,124.32679085740808,91.17211388047747,12.0,109.91683661418543,733.5404699173647
550,Shanghai SouthCh - Nagoya,SEA,PILOT_TO_PILOT,3,550,448,4,5,TssOut,BtwSaki,30.927430897276906,124.33067218767566,91.17211388047747,12.0,110.11686991493073,733.3404366166194
551,Shanghai SouthCh - Nagoya,SEA,PILOT_TO_PILOT,3,551,449,4,5,TssOut,BtwSaki,30.92731068357662,124.33455350818979,91.17211388047747,12.0,110.31690321567604,733.1404033158741
552,Shanghai SouthCh - Nagoya,SEA,PILOT_TO_PILOT,3,552,450,4,5,TssOut,BtwSaki,30.927190353957894,124.33843481894107,91.17211388047747,12.0,110.51693651642137,732.9403700151288
553,Shanghai SouthCh - Nagoya,SEA,PILOT_TO_PILOT,3,553,451,4,5,TssOut,BtwSaki,30.927069908421586,124.34231611992024,91.17211388047747,12.0,110.71696981716667,732.7403367143834
554,Shanghai SouthCh - Nagoya,SEA,PILOT_TO_PILOT,3,554,452,4,5,TssOut,BtwSaki,30.926949346968524,124.34619741111794,91.17211388047747,12.0,110.91700311791197,732.5403034136382
555,Shanghai SouthCh - Nagoya,SEA,PILOT_TO_PILOT,3,555,453,4,5,TssOut,BtwSaki,30.926828669599562,124.35007869252479,91.17211388047747,12.0,111.11703641865728,732.3402701128928
556,Shanghai SouthCh - Nagoya,SEA,PILOT_TO_PILOT,3,556,454,4,5,TssOut,BtwSaki,30.92670787631555,124.35395996413152,91.17211388047747,12.0,111.31706971940261,732.1402368121475
557,Shanghai SouthCh - Nagoya,SEA,PILOT_TO_PILOT,3,557,455,4,5,TssOut,BtwSaki,30.92658696711732,124.35784122592875,91.17211388047747,12.0,111.51710302014791,731.9402035114022
558,Shanghai SouthCh - Nagoya,SEA,PILOT_TO_PILOT,3,558,456,4,5,TssOut,BtwSaki,30.926465942005745,124.36172247790716,91.17211388047747,12.0,111.71713632089322,731.7401702106569
559,Shanghai SouthCh - Nagoya,SEA,PILOT_TO_PILOT,3,559,457,4,5,TssOut,BtwSaki,30.92634480098165,124.3656037200574,91.17211388047747,12.0,111.91716962163852,731.5401369099116
560,Shanghai SouthCh - Nagoya,SEA,PILOT_TO_PILOT,3,560,458,4,5,TssOut,BtwSaki,30.926223544045893,124.36948495237013,91.17211388047747,12.0,112.11720292238385,731.3401036091662
561,Shanghai SouthCh - Nagoya,SEA,PILOT_TO_PILOT,3,561,459,4,5,TssOut,BtwSaki,30.926102171199332,124.37336617483604,91.17211388047747,12.0,112.31723622312916,731.140070308421
562,Shanghai SouthCh - Nagoya,SEA,PILOT_TO_PILOT,3,562,460,4,5,TssOut,BtwSaki,30.925980682442805,124.37724738744576,91.17211388047747,12.0,112.51726952387446,730.9400370076756
563,Shanghai SouthCh - Nagoya,SEA,PILOT_TO_PILOT,3,563,461,4,5,TssOut,BtwSaki,30.92585907777718,124.38112859018996,91.17211388047747,12.0,112.71730282461976,730.7400037069303
564,Shanghai SouthCh - Nagoya,SEA,PILOT_TO_PILOT,3,564,462,4,5,TssOut,BtwSaki,30.925737357203285,124.38500978305935,91.17211388047747,12.0,112.9173361253651,730.539970406185
565,Shanghai SouthCh - Nagoya,SEA,PILOT_TO_PILOT,3,565,463,4,5,TssOut,BtwSaki,30.925615520722,124.38889096604454,91.17211388047747,12.0,113.1173694261104,730.3399371054397
566,Shanghai SouthCh - Nagoya,SEA,PILOT_TO_PILOT,3,566,464,4,5,TssOut,BtwSaki,30.92549356833416,124.39277213913623,91.17211388047747,12.0,113.3174027268557,730.1399038046944
567,Shanghai SouthCh - Nagoya,SEA,PILOT_TO_PILOT,3,567,465,4,5,TssOut,BtwSaki,30.925371500040633,124.39665330232508,91.17211388047747,12.0,113.51743602760101,729.9398705039491
568,Shanghai SouthCh - Nagoya,SEA,PILOT_TO_PILOT,3,568,466,4,5,TssOut,BtwSaki,30.92524931584227,124.40053445560173,91.17211388047747,12.0,113.71746932834634,729.7398372032037
569,Shanghai SouthCh - Nagoya,SEA,PILOT_TO_PILOT,3,569,467,4,5,TssOut,BtwSaki,30.925127015739932,124.40441559895686,91.17211388047747,12.0,113.91750262909164,729.5398039024585
570,Shanghai SouthCh - Nagoya,SEA,PILOT_TO_PILOT,3,570,468,4,5,TssOut,BtwSaki,30.92500459973446,124.40829673238116,91.17211388047747,12.0,114.11753592983695,729.3397706017131
571,Shanghai SouthCh - Nagoya,SEA,PILOT_TO_PILOT,3,571,469,4,5,TssOut,BtwSaki,30.92488206782673,124.41217785586527,91.17211388047747,12.0,114.31756923058225,729.1397373009679
572,Shanghai SouthCh - Nagoya,SEA,PILOT_TO_PILOT,3,572,470,4,5,TssOut,BtwSaki,30.924759420017605,124.41605896939987,91.17211388047747,12.0,114.51760253132758,728.9397040002225
573,Shanghai SouthCh - Nagoya,SEA,PILOT_TO_PILOT,3,573,471,4,5,TssOut,BtwSaki,30.924636656307925,124.41994007297562,91.17211388047747,12.0,114.71763583207289,728.7396706994772
574,Shanghai SouthCh - Nagoya,SEA,PILOT_TO_PILOT,3,574,472,4,5,TssOut,BtwSaki,30.92451377669857,124.4238211665832,91.17211388047747,12.0,114.91766913281819,728.5396373987319
575,Shanghai SouthCh - Nagoya,SEA,PILOT_TO_PILOT,3,575,473,4,5,TssOut,BtwSaki,30.92439078119039,124.42770225021324,91.17211388047747,12.0,115.11770243356352,728.3396040979866
576,Shanghai SouthCh - Nagoya,SEA,PILOT_TO_PILOT,3,576,474,4,5,TssOut,BtwSaki,30.92426766978425,124.43158332385644,91.17211388047747,12.0,115.31773573430883,728.1395707972413
577,Shanghai SouthCh - Nagoya,SEA,PILOT_TO_PILOT,3,577,475,4,5,TssOut,BtwSaki,30.924144442481015,124.43546438750349,91.17211388047747,12.0,115.51776903505413,727.939537496496
578,Shanghai SouthCh - Nagoya,SEA,PILOT_TO_PILOT,3,578,476,4,5,TssOut,BtwSaki,30.92402109928155,124.43934544114502,91.17211388047747,12.0,115.71780233579943,727.7395041957507
579,Shanghai SouthCh - Nagoya,SEA,PILOT_TO_PILOT,3,579,477,4,5,TssOut,BtwSaki,30.923897640186723,124.4432264847717,91.17211388047747,12.0,115.91783563654477,727.5394708950054
580,Shanghai SouthCh - Nagoya,SEA,PILOT_TO_PILOT,3,580,478,4,5,TssOut,BtwSaki,30.923774065197385,124.44710751837421,91.17211388047747,12.0,116.11786893729007,727.3394375942601
581,Shanghai SouthCh - Nagoya,SEA,PILOT_TO_PILOT,3,581,479,4,5,TssOut,BtwSaki,30.923650374314413,124.45098854194325,91.17211388047747,12.0,116.31790223803537,727.1394042935148
582,Shanghai SouthCh - Nagoya,SEA,PILOT_TO_PILOT,3,582,480,4,5,TssOut,BtwSaki,30.923526567538676,124.45486955546943,91.17211388047747,12.0,116.51793553878068,726.9393709927695
583,Shanghai SouthCh - Nagoya,SEA,PILOT_TO_PILOT,3,583,481,4,5,TssOut,BtwSaki,30.923402644871043,124.45875055894346,91.17211388047747,12.0,116.71796883952601,726.739337692024
584,Shanghai SouthCh - Nagoya,SEA,PILOT_TO_PILOT,3,584,482,4,5,TssOut,BtwSaki,30.923278606312383,124.462631552356,91.17211388047747,12.0,116.91800214027131,726.5393043912788
585,Shanghai SouthCh - Nagoya,SEA,PILOT_TO_PILOT,3,585,483,4,5,TssOut,BtwSaki,30.923154451863553,124.46651253569772,91.17211388047747,12.0,117.11803544101662,726.3392710905334
586,Shanghai SouthCh - Nagoya,SEA,PILOT_TO_PILOT,3,586,484,4,5,TssOut,BtwSaki,30.92303018152544,124.4703935089593,91.17211388047747,12.0,117.31806874176192,726.1392377897882
587,Shanghai SouthCh - Nagoya,SEA,PILOT_TO_PILOT,3,587,485,4,5,TssOut,BtwSaki,30.922905795298902,124.47427447213138,91.17211388047747,12.0,117.51810204250725,725.9392044890428
588,Shanghai SouthCh - Nagoya,SEA,PILOT_TO_PILOT,3,588,486,4,5,TssOut,BtwSaki,30.922781293184823,124.47815542520469,91.17211388047747,12.0,117.71813534325256,725.7391711882975
589,Shanghai SouthCh - Nagoya,SEA,PILOT_TO_PILOT,3,589,487,4,5,TssOut,BtwSaki,30.92265667518407,124.48203636816984,91.17211388047747,12.0,117.91816864399786,725.5391378875522
590,Shanghai SouthCh - Nagoya,SEA,PILOT_TO_PILOT,3,590,488,4,5,TssOut,BtwSaki,30.92253194129751,124.48591730101752,91.17211388047747,12.0,118.11820194474316,725.3391045868069
591,Shanghai SouthCh - Nagoya,SEA,PILOT_TO_PILOT,3,591,489,4,5,TssOut,BtwSaki,30.922407091526033,124.48979822373845,91.17211388047747,12.0,118.3182352454885,725.1390712860616
592,Shanghai SouthCh - Nagoya,SEA,PILOT_TO_PILOT,3,592,490,4,5,TssOut,BtwSaki,30.922282125870495,124.49367913632324,91.17211388047747,12.0,118.5182685462338,724.9390379853163
593,Shanghai SouthCh - Nagoya,SEA,PILOT_TO_PILOT,3,593,491,4,5,TssOut,BtwSaki,30.92215704433179,124.49756003876257,91.17211388047747,12.0,118.7183018469791,724.739004684571
594,Shanghai SouthCh - Nagoya,SEA,PILOT_TO_PILOT,3,594,492,4,5,TssOut,BtwSaki,30.922031846910787,124.50144093104717,91.17211388047747,12.0,118.91833514772443,724.5389713838257
595,Shanghai SouthCh - Nagoya,SEA,PILOT_TO_PILOT,3,595,493,4,5,TssOut,BtwSaki,30.921906533608364,124.50532181316764,91.17211388047747,12.0,119.11836844846974,724.3389380830804
596,Shanghai SouthCh - Nagoya,SEA,PILOT_TO_PILOT,3,596,494,4,5,TssOut,BtwSaki,30.921781104425406,124.5092026851147,91.17211388047747,12.0,119.31840174921504,724.1389047823351
597,Shanghai SouthCh - Nagoya,SEA,PILOT_TO_PILOT,3,597,495,4,5,TssOut,BtwSaki,30.92165555936278,124.51308354687899,91.17211388047747,12.0,119.51843504996035,723.9388714815898
598,Shanghai SouthCh - Nagoya,SEA,PILOT_TO_PILOT,3,598,496,4,5,TssOut,BtwSaki,30.921529898421376,124.51696439845124,91.17211388047747,12.0,119.71846835070568,723.7388381808444
599,Shanghai SouthCh - Nagoya,SEA,PILOT_TO_PILOT,3,599,497,4,5,TssOut,BtwSaki,30.921404121602066,124.52084523982207,91.17211388047747,12.0,119.91850165145098,723.5388048800992
600,Shanghai SouthCh - Nagoya,SEA,PILOT_TO_PILOT,3,600,498,4,5,TssOut,BtwSaki,30.92127822890574,124.52472607098217,91.17211388047747,12.0,120.11853495219628,723.3387715793538
601,Shanghai SouthCh - Nagoya,SEA,PILOT_TO_PILOT,3,601,499,4,5,TssOut,BtwSaki,30.921152220333287,124.52860689192221,91.17211388047747,12.0,120.31856825294159,723.1387382786086
602,Shanghai SouthCh - Nagoya,SEA,PILOT_TO_PILOT,3,602,500,4,5,TssOut,BtwSaki,30.921026095885573,124.5324877026329,91.17211388047747,12.0,120.51860155368692,722.9387049778632
603,Shanghai SouthCh - Nagoya,SEA,PILOT_TO_PILOT,3,603,501,4,5,TssOut,BtwSaki,30.920899855563487,124.53636850310488,91.17211388047747,12.0,120.71863485443222,722.7386716771178
604,Shanghai SouthCh - Nagoya,SEA,PILOT_TO_PILOT,3,604,502,4,5,TssOut,BtwSaki,30.920773499367925,124.54024929332883,91.17211388047747,12.0,120.91866815517753,722.5386383763725
605,Shanghai SouthCh - Nagoya,SEA,PILOT_TO_PILOT,3,605,503,4,5,TssOut,BtwSaki,30.92064702729977,124.54413007329543,91.17211388047747,12.0,121.11870145592283,722.3386050756272
606,Shanghai SouthCh - Nagoya,SEA,PILOT_TO_PILOT,3,606,504,4,5,TssOut,BtwSaki,30.92052043935989,124.5480108429954,91.17211388047747,12.0,121.31873475666816,722.1385717748819
607,Shanghai SouthCh - Nagoya,SEA,PILOT_TO_PILOT,3,607,505,4,5,TssOut,BtwSaki,30.92039373554919,124.55189160241933,91.17211388047747,12.0,121.51876805741347,721.9385384741366
608,Shanghai SouthCh - Nagoya,SEA,PILOT_TO_PILOT,3,608,506,4,5,TssOut,BtwSaki,30.92026691586857,124.55577235155796,91.17211388047747,12.0,121.71880135815877,721.7385051733913
609,Shanghai SouthCh - Nagoya,SEA,PILOT_TO_PILOT,3,609,507,4,5,TssOut,BtwSaki,30.920139980318886,124.55965309040197,91.17211388047747,12.0,121.91883465890407,721.538471872646
610,Shanghai SouthCh - Nagoya,SEA,PILOT_TO_PILOT,3,610,508,4,5,TssOut,BtwSaki,30.920012928901052,124.56353381894198,91.17211388047747,12.0,122.1188679596494,721.3384385719007
611,Shanghai SouthCh - Nagoya,SEA,PILOT_TO_PILOT,3,611,509,4,5,TssOut,BtwSaki,30.919885761615948,124.56741453716873,91.17211388047747,12.0,122.31890126039471,721.1384052711554
612,Shanghai SouthCh - Nagoya,SEA,PILOT_TO_PILOT,3,612,510,4,5,TssOut,BtwSaki,30.91975847846448,124.57129524507287,91.17211388047747,12.0,122.51893456114001,720.9383719704101
613,Shanghai SouthCh - Nagoya,SEA,PILOT_TO_PILOT,3,613,511,4,5,TssOut,BtwSaki,30.919631079447523,124.57517594264507,91.17211388047747,12.0,122.71896786188532,720.7383386696648
614,Shanghai SouthCh - Nagoya,SEA,PILOT_TO_PILOT,3,614,512,4,5,TssOut,BtwSaki,30.91950356456597,124.57905662987605,91.17211388047747,12.0,122.91900116263065,720.5383053689195
615,Shanghai SouthCh - Nagoya,SEA,PILOT_TO_PILOT,3,615,513,4,5,TssOut,BtwSaki,30.919375933820742,124.58293730675645,91.17211388047747,12.0,123.11903446337595,720.3382720681741
616,Shanghai SouthCh - Nagoya,SEA,PILOT_TO_PILOT,3,616,514,4,5,TssOut,BtwSaki,30.91924818721269,124.58681797327698,91.17211388047747,12.0,123.31906776412126,720.1382387674289
617,Shanghai SouthCh - Nagoya,SEA,PILOT_TO_PILOT,3,617,515,4,5,TssOut,BtwSaki,30.919120324742746,124.59069862942829,91.17211388047747,12.0,123.51910106486659,719.9382054666835
618,Shanghai SouthCh - Nagoya,SEA,PILOT_TO_PILOT,3,618,516,4,5,TssOut,BtwSaki,30.918992346411798,124.59457927520106,91.17211388047747,12.0,123.7191343656119,719.7381721659382
619,Shanghai SouthCh - Nagoya,SEA,PILOT_TO_PILOT,3,619,517,4,5,TssOut,BtwSaki,30.918864252220725,124.59845991058599,91.17211388047747,12.0,123.9191676663572,719.5381388651929
620,Shanghai SouthCh - Nagoya,SEA,PILOT_TO_PILOT,3,620,518,4,5,TssOut,BtwSaki,30.918736042170448,124.60234053557373,91.17211388047747,12.0,124.1192009671025,719.3381055644476
621,Shanghai SouthCh - Nagoya,SEA,PILOT_TO_PILOT,3,621,519,4,5,TssOut,BtwSaki,30.918607716261853,124.60622115015501,91.17211388047747,12.0,124.31923426784783,719.1380722637023
622,Shanghai SouthCh - Nagoya,SEA,PILOT_TO_PILOT,3,622,520,4,5,TssOut,BtwSaki,30.91847927449584,124.61010175432048,91.17211388047747,12.0,124.51926756859314,718.938038962957
623,Shanghai SouthCh - Nagoya,SEA,PILOT_TO_PILOT,3,623,521,4,5,TssOut,BtwSaki,30.918350716873316,124.61398234806083,91.17211388047747,12.0,124.71930086933844,718.7380056622117
624,Shanghai SouthCh - Nagoya,SEA,PILOT_TO_PILOT,3,624,522,4,5,TssOut,BtwSaki,30.918222043395172,124.61786293136672,91.17211388047747,12.0,124.91933417008374,718.5379723614664
625,Shanghai SouthCh - Nagoya,SEA,PILOT_TO_PILOT,3,625,523,4,5,TssOut,BtwSaki,30.91809325406232,124.62174350422886,91.17211388047747,12.0,125.11936747082908,718.337939060721
626,Shanghai SouthCh - Nagoya,SEA,PILOT_TO_PILOT,3,626,524,4,5,TssOut,BtwSaki,30.91796434887566,124.62562406663793,91.17211388047747,12.0,125.31940077157438,718.1379057599758
627,Shanghai SouthCh - Nagoya,SEA,PILOT_TO_PILOT,3,627,525,4,5,TssOut,BtwSaki,30.917835327836094,124.62950461858459,91.17211388047747,12.0,125.51943407231968,717.9378724592304
628,Shanghai SouthCh - Nagoya,SEA,PILOT_TO_PILOT,3,628,526,4,5,TssOut,BtwSaki,30.91770619094453,124.63338516005955,91.17211388047747,12.0,125.71946737306499,717.7378391584851
629,Shanghai SouthCh - Nagoya,SEA,PILOT_TO_PILOT,3,629,527,4,5,TssOut,BtwSaki,30.917576938201858,124.63726569105347,91.17211388047747,12.0,125.91950067381032,717.5378058577398
630,Shanghai SouthCh - Nagoya,SEA,PILOT_TO_PILOT,3,630,528,4,5,TssOut,BtwSaki,30.917447569609003,124.64114621155704,91.17211388047747,12.0,126.11953397455562,717.3377725569944
631,Shanghai SouthCh - Nagoya,SEA,PILOT_TO_PILOT,3,631,529,4,5,TssOut,BtwSaki,30.917318085166862,124.64502672156097,91.17211388047747,12.0,126.31956727530093,717.1377392562492
632,Shanghai SouthCh - Nagoya,SEA,PILOT_TO_PILOT,3,632,530,4,5,TssOut,BtwSaki,30.91718848487635,124.64890722105592,91.17211388047747,12.0,126.51960057604623,716.9377059555038
633,Shanghai SouthCh - Nagoya,SEA,PILOT_TO_PILOT,3,633,531,4,5,TssOut,BtwSaki,30.91705876873836,124.65278771003256,91.17211388047747,12.0,126.71963387679156,716.7376726547585
634,Shanghai SouthCh - Nagoya,SEA,PILOT_TO_PILOT,3,634,532,4,5,TssOut,BtwSaki,30.916928936753816,124.65666818848159,91.17211388047747,12.0,126.91966717753687,716.5376393540132
635,Shanghai SouthCh - Nagoya,SEA,PILOT_TO_PILOT,3,635,533,4,5,TssOut,BtwSaki,30.916798988923627,124.66054865639373,91.17211388047747,12.0,127.11970047828217,716.3376060532679
636,Shanghai SouthCh - Nagoya,SEA,PILOT_TO_PILOT,3,636,534,4,5,TssOut,BtwSaki,30.916668925248697,124.6644291137596,91.17211388047747,12.0,127.3197337790275,716.1375727525226
637,Shanghai SouthCh - Nagoya,SEA,PILOT_TO_PILOT,3,637,535,4,5,TssOut,BtwSaki,30.91653874572994,124.66830956056995,91.17211388047747,12.0,127.5197670797728,715.9375394517773
638,Shanghai SouthCh - Nagoya,SEA,PILOT_TO_PILOT,3,638,536,4,5,TssOut,BtwSaki,30.916408450368273,124.67218999681539,91.17211388047747,12.0,127.71980038051811,715.737506151032
639,Shanghai SouthCh - Nagoya,SEA,PILOT_TO_PILOT,3,639,537,4,5,TssOut,BtwSaki,30.9162780391646,124.67607042248667,91.17211388047747,12.0,127.91983368126341,715.5374728502867
640,Shanghai SouthCh - Nagoya,SEA,PILOT_TO_PILOT,3,640,538,4,5,TssOut,BtwSaki,30.916147512119842,124.67995083757445,91.17211388047747,12.0,128.11986698200874,715.3374395495414
641,Shanghai SouthCh - Nagoya,SEA,PILOT_TO_PILOT,3,641,539,4,5,TssOut,BtwSaki,30.91601686923491,124.68383124206946,91.17211388047747,12.0,128.31990028275405,715.1374062487961
642,Shanghai SouthCh - Nagoya,SEA,PILOT_TO_PILOT,3,642,540,4,5,TssOut,BtwSaki,30.915886110510723,124.68771163596233,91.17211388047747,12.0,128.51993358349935,714.9373729480508
643,Shanghai SouthCh - Nagoya,SEA,PILOT_TO_PILOT,3,643,541,4,5,TssOut,BtwSaki,30.91575523594819,124.69159201924374,91.17211388047747,12.0,128.71996688424466,714.7373396473055
644,Shanghai SouthCh - Nagoya,SEA,PILOT_TO_PILOT,3,644,542,4,5,TssOut,BtwSaki,30.915624245548244,124.69547239190443,91.17211388047747,12.0,128.92000018499,714.5373063465602
645,Shanghai SouthCh - Nagoya,SEA,PILOT_TO_PILOT,3,645,543,4,5,TssOut,BtwSaki,30.91549313931179,124.69935275393506,91.17211388047747,12.0,129.1200334857353,714.3372730458148
646,Shanghai SouthCh - Nagoya,SEA,PILOT_TO_PILOT,3,646,544,4,5,TssOut,BtwSaki,30.915361917239746,124.70323310532632,91.17211388047747,12.0,129.3200667864806,714.1372397450696
647,Shanghai SouthCh - Nagoya,SEA,PILOT_TO_PILOT,3,647,545,4,5,TssOut,BtwSaki,30.915230579333034,124.70711344606889,91.17211388047747,12.0,129.5201000872259,713.9372064443241
648,Shanghai SouthCh - Nagoya,SEA,PILOT_TO_PILOT,3,648,546,4,5,TssOut,BtwSaki,30.91509912559258,124.71099377615349,91.17211388047747,12.0,129.72013338797123,713.7371731435788
649,Shanghai SouthCh - Nagoya,SEA,PILOT_TO_PILOT,3,649,547,4,5,TssOut,BtwSaki,30.91496755601931,124.71487409557079,91.17211388047747,12.0,129.92016668871653,713.5371398428335
650,Shanghai SouthCh - Nagoya,SEA,PILOT_TO_PILOT,3,650,548,4,5,TssOut,BtwSaki,30.91483587061412,124.71875440431147,91.17211388047747,12.0,130.12019998946184,713.3371065420882
651,Shanghai SouthCh - Nagoya,SEA,PILOT_TO_PILOT,3,651,549,4,5,TssOut,BtwSaki,30.914704069377965,124.72263470236622,91.17211388047747,12.0,130.32023329020714,713.1370732413429
652,Shanghai SouthCh - Nagoya,SEA,PILOT_TO_PILOT,3,652,550,4,5,TssOut,BtwSaki,30.91457215231174,124.72651498972576,91.17211388047747,12.0,130.52026659095247,712.9370399405976
653,Shanghai SouthCh - Nagoya,SEA,PILOT_TO_PILOT,3,653,551,4,5,TssOut,BtwSaki,30.914440119416383,124.73039526638073,91.17211388047747,12.0,130.72029989169778,712.7370066398523
654,Shanghai SouthCh - Nagoya,SEA,PILOT_TO_PILOT,3,654,552,4,5,TssOut,BtwSaki,30.914307970692832,124.73427553232185,91.17211388047747,12.0,130.92033319244308,712.536973339107
655,Shanghai SouthCh - Nagoya,SEA,PILOT_TO_PILOT,3,655,553,4,5,TssOut,BtwSaki,30.914175706141997,124.73815578753982,91.17211388047747,12.0,131.12036649318838,712.3369400383617
656,Shanghai SouthCh - Nagoya,SEA,PILOT_TO_PILOT,3,656,554,4,5,TssOut,BtwSaki,30.9140433257648,124.74203603202533,91.17211388047747,12.0,131.32039979393372,712.1369067376164
657,Shanghai SouthCh - Nagoya,SEA,PILOT_TO_PILOT,3,657,555,4,5,TssOut,BtwSaki,30.913910829562184,124.74591626576904,91.17211388047747,12.0,131.52043309467902,711.9368734368711
658,Shanghai SouthCh - Nagoya,SEA,PILOT_TO_PILOT,3,658,556,4,5,TssOut,BtwSaki,30.913778217535068,124.74979648876167,91.17211388047747,12.0,131.72046639542432,711.7368401361258
659,Shanghai SouthCh - Nagoya,SEA,PILOT_TO_PILOT,3,659,557,4,5,TssOut,BtwSaki,30.913645489684384,124.75367670099392,91.17211388047747,12.0,131.92049969616966,711.5368068353805
660,Shanghai SouthCh - Nagoya,SEA,PILOT_TO_PILOT,3,660,558,4,5,TssOut,BtwSaki,30.913512646011053,124.75755690245647,91.17211388047747,12.0,132.12053299691496,711.3367735346351
661,Shanghai SouthCh - Nagoya,SEA,PILOT_TO_PILOT,3,661,559,4,5,TssOut,BtwSaki,30.91337968651603,124.76143709314,91.17211388047747,12.0,132.32056629766026,711.1367402338899
662,Shanghai SouthCh - Nagoya,SEA,PILOT_TO_PILOT,3,662,560,4,5,TssOut,BtwSaki,30.913246611200226,124.76531727303524,91.17211388047747,12.0,132.52059959840557,710.9367069331445
663,Shanghai SouthCh - Nagoya,SEA,PILOT_TO_PILOT,3,663,561,4,5,TssOut,BtwSaki,30.913113420064576,124.76919744213284,91.17211388047747,12.0,132.7206328991509,710.7366736323992
664,Shanghai SouthCh - Nagoya,SEA,PILOT_TO_PILOT,3,664,562,4,5,TssOut,BtwSaki,30.91298011311001,124.77307760042349,91.17211388047747,12.0,132.9206661998962,710.5366403316539
665,Shanghai SouthCh - Nagoya,SEA,PILOT_TO_PILOT,3,665,563,4,5,TssOut,BtwSaki,30.912846690337478,124.77695774789794,91.17211388047747,12.0,133.1206995006415,710.3366070309086
666,Shanghai SouthCh - Nagoya,SEA,PILOT_TO_PILOT,3,666,564,4,5,TssOut,BtwSaki,30.91271315174791,124.78083788454684,91.17211388047747,12.0,133.3207328013868,710.1365737301633
667,Shanghai SouthCh - Nagoya,SEA,PILOT_TO_PILOT,3,667,565,4,5,TssOut,BtwSaki,30.91257949734222,124.78471801036088,91.17211388047747,12.0,133.52076610213214,709.936540429418
668,Shanghai SouthCh - Nagoya,SEA,PILOT_TO_PILOT,3,668,566,4,5,TssOut,BtwSaki,30.912445727121373,124.78859812533078,91.17211388047747,12.0,133.72079940287745,709.7365071286727
669,Shanghai SouthCh - Nagoya,SEA,PILOT_TO_PILOT,3,669,567,4,5,TssOut,BtwSaki,30.912311841086293,124.79247822944723,91.17211388047747,12.0,133.92083270362275,709.5364738279274
670,Shanghai SouthCh - Nagoya,SEA,PILOT_TO_PILOT,3,670,568,4,5,TssOut,BtwSaki,30.912177839237913,124.79635832270094,91.17211388047747,12.0,134.12086600436805,709.336440527182
671,Shanghai SouthCh - Nagoya,SEA,PILOT_TO_PILOT,3,671,569,4,5,TssOut,BtwSaki,30.912043721577184,124.80023840508254,91.17211388047747,12.0,134.3208993051134,709.1364072264367
672,Shanghai SouthCh - Nagoya,SEA,PILOT_TO_PILOT,3,672,570,4,5,TssOut,BtwSaki,30.911909488105035,124.80411847658281,91.17211388047747,12.0,134.5209326058587,708.9363739256914
673,Shanghai SouthCh - Nagoya,SEA,PILOT_TO_PILOT,3,673,571,4,5,TssOut,BtwSaki,30.91177513882242,124.8079985371924,91.17211388047747,12.0,134.720965906604,708.7363406249461
674,Shanghai SouthCh - Nagoya,SEA,PILOT_TO_PILOT,3,674,572,4,5,TssOut,BtwSaki,30.911640673730265,124.811878586902,91.17211388047747,12.0,134.9209992073493,708.5363073242008
675,Shanghai SouthCh - Nagoya,SEA,PILOT_TO_PILOT,3,675,573,4,5,TssOut,BtwSaki,30.91150609282952,124.81575862570234,91.17211388047747,12.0,135.12103250809463,708.3362740234554
676,Shanghai SouthCh - Nagoya,SEA,PILOT_TO_PILOT,3,676,574,4,5,TssOut,BtwSaki,30.911371396121126,124.81963865358408,91.17211388047747,12.0,135.32106580883993,708.1362407227102
677,Shanghai SouthCh - Nagoya,SEA,PILOT_TO_PILOT,3,677,575,4,5,TssOut,BtwSaki,30.91123658360603,124.82351867053796,91.17211388047747,12.0,135.52109910958524,707.9362074219648
678,Shanghai SouthCh - Nagoya,SEA,PILOT_TO_PILOT,3,678,576,4,5,TssOut,BtwSaki,30.911101655285172,124.82739867655465,91.17211388047747,12.0,135.72113241033057,707.7361741212195
679,Shanghai SouthCh - Nagoya,SEA,PILOT_TO_PILOT,3,679,577,4,5,TssOut,BtwSaki,30.910966611159505,124.83127867162484,91.17211388047747,12.0,135.92116571107587,707.5361408204742
680,Shanghai SouthCh - Nagoya,SEA,PILOT_TO_PILOT,3,680,578,4,5,TssOut,BtwSaki,30.910831451229964,124.83515865573925,91.17211388047747,12.0,136.12119901182118,707.3361075197289
681,Shanghai SouthCh - Nagoya,SEA,PILOT_TO_PILOT,3,681,579,4,5,TssOut,BtwSaki,30.910696175497506,124.83903862888859,91.17211388047747,12.0,136.32123231256648,707.1360742189836
682,Shanghai SouthCh - Nagoya,SEA,PILOT_TO_PILOT,3,682,580,4,5,TssOut,BtwSaki,30.91056078396307,124.84291859106352,91.17211388047747,12.0,136.5212656133118,706.9360409182383
683,Shanghai SouthCh - Nagoya,SEA,PILOT_TO_PILOT,3,683,581,4,5,TssOut,BtwSaki,30.910425276627617,124.84679854225476,91.17211388047747,12.0,136.72129891405712,706.736007617493
684,Shanghai SouthCh - Nagoya,SEA,PILOT_TO_PILOT,3,684,582,4,5,TssOut,BtwSaki,30.91028965349208,124.85067848245302,91.17211388047747,12.0,136.92133221480242,706.5359743167477
685,Shanghai SouthCh - Nagoya,SEA,PILOT_TO_PILOT,3,685,583,4,5,TssOut,BtwSaki,30.910153914557423,124.854558411649,91.17211388047747,12.0,137.12136551554772,706.3359410160024
686,Shanghai SouthCh - Nagoya,SEA,PILOT_TO_PILOT,3,686,584,4,5,TssOut,BtwSaki,30.910018059824587,124.85843832983335,91.17211388047747,12.0,137.32139881629305,706.1359077152571
687,Shanghai SouthCh - Nagoya,SEA,PILOT_TO_PILOT,3,687,585,4,5,TssOut,BtwSaki,30.909882089294534,124.86231823699684,91.17211388047747,12.0,137.52143211703836,705.9358744145118
688,Shanghai SouthCh - Nagoya,SEA,PILOT_TO_PILOT,3,688,586,4,5,TssOut,BtwSaki,30.90974600296821,124.86619813313013,91.17211388047747,12.0,137.72146541778366,705.7358411137665
689,Shanghai SouthCh - Nagoya,SEA,PILOT_TO_PILOT,3,689,587,4,5,TssOut,BtwSaki,30.909609800846557,124.87007801822394,91.17211388047747,12.0,137.92149871852897,705.5358078130212
690,Shanghai SouthCh - Nagoya,SEA,PILOT_TO_PILOT,3,690,588,4,5,TssOut,BtwSaki,30.90947348293055,124.87395789226896,91.17211388047747,12.0,138.1215320192743,705.3357745122757
691,Shanghai SouthCh - Nagoya,SEA,PILOT_TO_PILOT,3,691,589,4,5,TssOut,BtwSaki,30.909337049221136,124.87783775525591,91.17211388047747,12.0,138.3215653200196,705.1357412115306
692,Shanghai SouthCh - Nagoya,SEA,PILOT_TO_PILOT,3,692,590,4,5,TssOut,BtwSaki,30.909200499719276,124.88171760717546,91.17211388047747,12.0,138.5215986207649,704.9357079107851
693,Shanghai SouthCh - Nagoya,SEA,PILOT_TO_PILOT,3,693,591,4,5,TssOut,BtwSaki,30.909063834425908,124.88559744801834,91.17211388047747,12.0,138.7216319215102,704.73567461004
694,Shanghai SouthCh - Nagoya,SEA,PILOT_TO_PILOT,3,694,592,4,5,TssOut,BtwSaki,30.908927053342016,124.88947727777526,91.17211388047747,12.0,138.92166522225554,704.5356413092945
695,Shanghai SouthCh - Nagoya,SEA,PILOT_TO_PILOT,3,695,593,4,5,TssOut,BtwSaki,30.90879015646853,124.89335709643687,91.17211388047747,12.0,139.12169852300084,704.3356080085492
696,Shanghai SouthCh - Nagoya,SEA,PILOT_TO_PILOT,3,696,594,4,5,TssOut,BtwSaki,30.90865314380643,124.89723690399394,91.17211388047747,12.0,139.32173182374615,704.1355747078039
697,Shanghai SouthCh - Nagoya,SEA,PILOT_TO_PILOT,3,697,595,4,5,TssOut,BtwSaki,30.908516015356675,124.90111670043713,91.17211388047747,12.0,139.52176512449145,703.9355414070586
698,Shanghai SouthCh - Nagoya,SEA,PILOT_TO_PILOT,3,698,596,4,5,TssOut,BtwSaki,30.908378771120212,124.90499648575717,91.17211388047747,12.0,139.72179842523678,703.7355081063133
699,Shanghai SouthCh - Nagoya,SEA,PILOT_TO_PILOT,3,699,597,4,5,TssOut,BtwSaki,30.90824141109801,124.90887625994475,91.17211388047747,12.0,139.9218317259821,703.535474805568
700,Shanghai SouthCh - Nagoya,SEA,PILOT_TO_PILOT,3,700,598,4,5,TssOut,BtwSaki,30.90810393529103,124.91275602299058,91.17211388047747,12.0,140.1218650267274,703.3354415048227
701,Shanghai SouthCh - Nagoya,SEA,PILOT_TO_PILOT,3,701,599,4,5,TssOut,BtwSaki,30.907966343700245,124.91663577488535,91.17211388047747,12.0,140.32189832747272,703.1354082040774
702,Shanghai SouthCh - Nagoya,SEA,PILOT_TO_PILOT,3,702,600,4,5,TssOut,BtwSaki,30.907828636326602,124.92051551561981,91.17211388047747,12.0,140.52193162821803,702.9353749033321
703,Shanghai SouthCh - Nagoya,SEA,PILOT_TO_PILOT,3,703,601,4,5,TssOut,BtwSaki,30.90769081317108,124.9243952451846,91.17211388047747,12.0,140.72196492896333,702.7353416025868
704,Shanghai SouthCh - Nagoya,SEA,PILOT_TO_PILOT,3,704,602,4,5,TssOut,BtwSaki,30.907552874234632,124.92827496357047,91.17211388047747,12.0,140.92199822970863,702.5353083018415
705,Shanghai SouthCh - Nagoya,SEA,PILOT_TO_PILOT,3,705,603,4,5,TssOut,BtwSaki,30.907414819518234,124.93215467076813,91.17211388047747,12.0,141.12203153045397,702.3352750010961
706,Shanghai SouthCh - Nagoya,SEA,PILOT_TO_PILOT,3,706,604,4,5,TssOut,BtwSaki,30.90727664902284,124.93603436676824,91.17211388047747,12.0,141.32206483119927,702.1352417003509
707,Shanghai SouthCh - Nagoya,SEA,PILOT_TO_PILOT,3,707,605,4,5,TssOut,BtwSaki,30.907138362749443,124.93991405156159,91.17211388047747,12.0,141.52209813194457,701.9352083996055
708,Shanghai SouthCh - Nagoya,SEA,PILOT_TO_PILOT,3,708,606,4,5,TssOut,BtwSaki,30.906999960698986,124.94379372513879,91.17211388047747,12.0,141.72213143268988,701.7351750988603
709,Shanghai SouthCh - Nagoya,SEA,PILOT_TO_PILOT,3,709,607,4,5,TssOut,BtwSaki,30.906861442872447,124.94767338749061,91.17211388047747,12.0,141.9221647334352,701.5351417981149
710,Shanghai SouthCh - Nagoya,SEA,PILOT_TO_PILOT,3,710,608,4,5,TssOut,BtwSaki,30.9067228092708,124.95155303860773,91.17211388047747,12.0,142.1221980341805,701.3351084973696
711,Shanghai SouthCh - Nagoya,SEA,PILOT_TO_PILOT,3,711,609,4,5,TssOut,BtwSaki,30.906584059895017,124.9554326784809,91.17211388047747,12.0,142.32223133492582,701.1350751966243
712,Shanghai SouthCh - Nagoya,SEA,PILOT_TO_PILOT,3,712,610,4,5,TssOut,BtwSaki,30.906445194746063,124.95931230710079,91.17211388047747,12.0,142.52226463567112,700.935041895879
713,Shanghai SouthCh - Nagoya,SEA,PILOT_TO_PILOT,3,713,611,4,5,TssOut,BtwSaki,30.90630621382491,124.9631919244581,91.17211388047747,12.0,142.72229793641645,700.7350085951336
714,Shanghai SouthCh - Nagoya,SEA,PILOT_TO_PILOT,3,714,612,4,5,TssOut,BtwSaki,30.906167117132533,124.96707153054358,91.17211388047747,12.0,142.92233123716176,700.5349752943883
715,Shanghai SouthCh - Nagoya,SEA,PILOT_TO_PILOT,3,715,613,4,5,TssOut,BtwSaki,30.906027904669934,124.97095112534791,91.17211388047747,12.0,143.12236453790706,700.334941993643
716,Shanghai SouthCh - Nagoya,SEA,PILOT_TO_PILOT,3,716,614,4,5,TssOut,BtwSaki,30.905888576438034,124.97483070886177,91.17211388047747,12.0,143.32239783865236,700.1349086928977
717,Shanghai SouthCh - Nagoya,SEA,PILOT_TO_PILOT,3,717,615,4,5,TssOut,BtwSaki,30.905749132437855,124.97871028107595,91.17211388047747,12.0,143.5224311393977,699.9348753921524
718,Shanghai SouthCh - Nagoya,SEA,PILOT_TO_PILOT,3,718,616,4,5,TssOut,BtwSaki,30.905609572670343,124.98258984198111,91.17211388047747,12.0,143.722464440143,699.7348420914071
719,Shanghai SouthCh - Nagoya,SEA,PILOT_TO_PILOT,3,719,617,4,5,TssOut,BtwSaki,30.9054698971365,124.98646939156795,91.17211388047747,12.0,143.9224977408883,699.5348087906618
720,Shanghai SouthCh - Nagoya,SEA,PILOT_TO_PILOT,3,720,618,4,5,TssOut,BtwSaki,30.905330105837283,124.9903489298272,91.17211388047747,12.0,144.1225310416336,699.3347754899165
721,Shanghai SouthCh - Nagoya,SEA,PILOT_TO_PILOT,3,721,619,4,5,TssOut,BtwSaki,30.90519019877368,124.9942284567496,91.17211388047747,12.0,144.32256434237894,699.1347421891712
722,Shanghai SouthCh - Nagoya,SEA,PILOT_TO_PILOT,3,722,620,4,5,TssOut,BtwSaki,30.90505017594668,124.9981079723258,91.17211388047747,12.0,144.52259764312424,698.9347088884258
723,Shanghai SouthCh - Nagoya,SEA,PILOT_TO_PILOT,3,723,621,4,5,TssOut,BtwSaki,30.90491003735726,125.00198747654656,91.17211388047747,12.0,144.72263094386955,698.7346755876806
724,Shanghai SouthCh - Nagoya,SEA,PILOT_TO_PILOT,3,724,622,4,5,TssOut,BtwSaki,30.90476978300639,125.00586696940256,91.17211388047747,12.0,144.92266424461488,698.5346422869352
725,Shanghai SouthCh - Nagoya,SEA,PILOT_TO_PILOT,3,725,623,4,5,TssOut,BtwSaki,30.904629412895055,125.00974645088453,91.17211388047747,12.0,145.12269754536018,698.3346089861899
726,Shanghai SouthCh - Nagoya,SEA,PILOT_TO_PILOT,3,726,624,4,5,TssOut,BtwSaki,30.904488927024246,125.01362592098319,91.17211388047747,12.0,145.3227308461055,698.1345756854446
727,Shanghai SouthCh - Nagoya,SEA,PILOT_TO_PILOT,3,727,625,4,5,TssOut,BtwSaki,30.904348325394945,125.01750537968924,91.17211388047747,12.0,145.5227641468508,697.9345423846993
728,Shanghai SouthCh - Nagoya,SEA,PILOT_TO_PILOT,3,728,626,4,5,TssOut,BtwSaki,30.904207608008132,125.02138482699338,91.17211388047747,12.0,145.72279744759612,697.734509083954
729,Shanghai SouthCh - Nagoya,SEA,PILOT_TO_PILOT,3,729,627,4,5,TssOut,BtwSaki,30.9040667748648,125.02526426288637,91.17211388047747,12.0,145.92283074834143,697.5344757832087
730,Shanghai SouthCh - Nagoya,SEA,PILOT_TO_PILOT,3,730,628,4,5,TssOut,BtwSaki,30.90392582596592,125.02914368735888,91.17211388047747,12.0,146.12286404908673,697.3344424824634
731,Shanghai SouthCh - Nagoya,SEA,PILOT_TO_PILOT,3,731,629,4,5,TssOut,BtwSaki,30.903784761312505,125.03302310040164,91.17211388047747,12.0,146.32289734983203,697.1344091817181
732,Shanghai SouthCh - Nagoya,SEA,PILOT_TO_PILOT,3,732,630,4,5,TssOut,BtwSaki,30.903643580905516,125.03690250200536,91.17211388047747,12.0,146.52293065057736,696.9343758809728
733,Shanghai SouthCh - Nagoya,SEA,PILOT_TO_PILOT,3,733,631,4,5,TssOut,BtwSaki,30.90350228474596,125.04078189216077,91.17211388047747,12.0,146.72296395132267,696.7343425802275
734,Shanghai SouthCh - Nagoya,SEA,PILOT_TO_PILOT,3,734,632,4,5,TssOut,BtwSaki,30.903360872834813,125.0446612708586,91.17211388047747,12.0,146.92299725206797,696.5343092794822
735,Shanghai SouthCh - Nagoya,SEA,PILOT_TO_PILOT,3,735,633,4,5,TssOut,BtwSaki,30.903219345173078,125.0485406380895,91.17211388047747,12.0,147.12303055281328,696.3342759787369
736,Shanghai SouthCh - Nagoya,SEA,PILOT_TO_PILOT,3,736,634,4,5,TssOut,BtwSaki,30.903077701761735,125.05241999384424,91.17211388047747,12.0,147.3230638535586,696.1342426779916
737,Shanghai SouthCh - Nagoya,SEA,PILOT_TO_PILOT,3,737,635,4,5,TssOut,BtwSaki,30.90293594260179,125.05629933811352,91.17211388047747,12.0,147.5230971543039,695.9342093772461
738,Shanghai SouthCh - Nagoya,SEA,PILOT_TO_PILOT,3,738,636,4,5,TssOut,BtwSaki,30.902794067694217,125.06017867088809,91.17211388047747,12.0,147.72313045504922,695.734176076501
739,Shanghai SouthCh - Nagoya,SEA,PILOT_TO_PILOT,3,739,637,4,5,TssOut,BtwSaki,30.902652077040027,125.06405799215861,91.17211388047747,12.0,147.92316375579452,695.5341427757555
740,Shanghai SouthCh - Nagoya,SEA,PILOT_TO_PILOT,3,740,638,4,5,TssOut,BtwSaki,30.9025099706402,125.06793730191582,91.17211388047747,12.0,148.12319705653985,695.3341094750102
741,Shanghai SouthCh - Nagoya,SEA,PILOT_TO_PILOT,3,741,639,4,5,TssOut,BtwSaki,30.90236774849574,125.07181660015046,91.17211388047747,12.0,148.32323035728515,695.1340761742649
742,Shanghai SouthCh - Nagoya,SEA,PILOT_TO_PILOT,3,742,640,4,5,TssOut,BtwSaki,30.902225410607638,125.0756958868532,91.17211388047747,12.0,148.5232636580305,694.9340428735196
743,Shanghai SouthCh - Nagoya,SEA,PILOT_TO_PILOT,3,743,641,4,5,TssOut,BtwSaki,30.9020829569769,125.07957516201482,91.17211388047747,12.0,148.7232969587758,694.7340095727743
744,Shanghai SouthCh - Nagoya,SEA,PILOT_TO_PILOT,3,744,642,4,5,TssOut,BtwSaki,30.90194038760451,125.083454425626,91.17211388047747,12.0,148.9233302595211,694.533976272029
745,Shanghai SouthCh - Nagoya,SEA,PILOT_TO_PILOT,3,745,643,4,5,TssOut,BtwSaki,30.90179770249148,125.08733367767748,91.17211388047747,12.0,149.1233635602664,694.3339429712837
746,Shanghai SouthCh - Nagoya,SEA,PILOT_TO_PILOT,3,746,644,4,5,TssOut,BtwSaki,30.901654901638793,125.09121291815994,91.17211388047747,12.0,149.32339686101173,694.1339096705384
747,Shanghai SouthCh - Nagoya,SEA,PILOT_TO_PILOT,3,747,645,4,5,TssOut,BtwSaki,30.901511985047467,125.09509214706412,91.17211388047747,12.0,149.52343016175703,693.9338763697931
748,Shanghai SouthCh - Nagoya,SEA,PILOT_TO_PILOT,3,748,646,4,5,TssOut,BtwSaki,30.901368952718485,125.09897136438076,91.17211388047747,12.0,149.72346346250234,693.7338430690478
749,Shanghai SouthCh - Nagoya,SEA,PILOT_TO_PILOT,3,749,647,4,5,TssOut,BtwSaki,30.901225804652857,125.10285057010059,91.17211388047747,12.0,149.92349676324764,693.5338097683025
750,Shanghai SouthCh - Nagoya,SEA,PILOT_TO_PILOT,3,750,648,4,5,TssOut,BtwSaki,30.901082540851597,125.10672976421428,91.17211388047747,12.0,150.12353006399297,693.3337764675571
751,Shanghai SouthCh - Nagoya,SEA,PILOT_TO_PILOT,3,751,649,4,5,TssOut,BtwSaki,30.900939161315687,125.11060894671257,91.17211388047747,12.0,150.32356336473828,693.1337431668119
752,Shanghai SouthCh - Nagoya,SEA,PILOT_TO_PILOT,3,752,650,4,5,TssOut,BtwSaki,30.90079566604615,125.11448811758622,91.17211388047747,12.0,150.52359666548358,692.9337098660665
753,Shanghai SouthCh - Nagoya,SEA,PILOT_TO_PILOT,3,753,651,4,5,TssOut,BtwSaki,30.900652055043967,125.1183672768259,91.17211388047747,12.0,150.72362996622888,692.7336765653213
754,Shanghai SouthCh - Nagoya,SEA,PILOT_TO_PILOT,3,754,652,4,5,TssOut,BtwSaki,30.900508328310167,125.12224642442233,91.17211388047747,12.0,150.92366326697422,692.5336432645759
755,Shanghai SouthCh - Nagoya,SEA,PILOT_TO_PILOT,3,755,653,4,5,TssOut,BtwSaki,30.900364485845753,125.12612556036628,91.17211388047747,12.0,151.12369656771952,692.3336099638306
756,Shanghai SouthCh - Nagoya,SEA,PILOT_TO_PILOT,3,756,654,4,5,TssOut,BtwSaki,30.900220527651715,125.13000468464843,91.17211388047747,12.0,151.32372986846482,692.1335766630853
757,Shanghai SouthCh - Nagoya,SEA,PILOT_TO_PILOT,3,757,655,4,5,TssOut,BtwSaki,30.90007645372907,125.13388379725956,91.17211388047747,12.0,151.52376316921013,691.93354336234
758,Shanghai SouthCh - Nagoya,SEA,PILOT_TO_PILOT,3,758,656,4,5,TssOut,BtwSaki,30.89993226407884,125.1377628981903,91.17211388047747,12.0,151.72379646995546,691.7335100615946
759,Shanghai SouthCh - Nagoya,SEA,PILOT_TO_PILOT,3,759,657,4,5,TssOut,BtwSaki,30.89978795870201,125.14164198743147,91.17211388047747,12.0,151.92382977070076,691.5334767608493
760,Shanghai SouthCh - Nagoya,SEA,PILOT_TO_PILOT,3,760,658,4,5,TssOut,BtwSaki,30.899643537599623,125.14552106497372,91.17211388047747,12.0,152.12386307144607,691.333443460104
761,Shanghai SouthCh - Nagoya,SEA,PILOT_TO_PILOT,3,761,659,4,5,TssOut,BtwSaki,30.89949900077266,125.14940013080782,91.17211388047747,12.0,152.32389637219137,691.1334101593587
762,Shanghai SouthCh - Nagoya,SEA,PILOT_TO_PILOT,3,762,660,4,5,TssOut,BtwSaki,30.89935434822214,125.15327918492449,91.17211388047747,12.0,152.5239296729367,690.9333768586134
763,Shanghai SouthCh - Nagoya,SEA,PILOT_TO_PILOT,3,763,661,4,5,TssOut,BtwSaki,30.899209579949083,125.15715822731441,91.17211388047747,12.0,152.723962973682,690.7333435578681
764,Shanghai SouthCh - Nagoya,SEA,PILOT_TO_PILOT,3,764,662,4,5,TssOut,BtwSaki,30.899064695954504,125.16103725796839,91.17211388047747,12.0,152.9239962744273,690.5333102571228
765,Shanghai SouthCh - Nagoya,SEA,PILOT_TO_PILOT,3,765,663,4,5,TssOut,BtwSaki,30.898919696239403,125.16491627687705,91.17211388047747,12.0,153.12402957517264,690.3332769563774
766,Shanghai SouthCh - Nagoya,SEA,PILOT_TO_PILOT,3,766,664,4,5,TssOut,BtwSaki,30.89877458080481,125.1687952840312,91.17211388047747,12.0,153.32406287591795,690.1332436556322
767,Shanghai SouthCh - Nagoya,SEA,PILOT_TO_PILOT,3,767,665,4,5,TssOut,BtwSaki,30.89862934965174,125.17267427942151,91.17211388047747,12.0,153.52409617666325,689.9332103548868
768,Shanghai SouthCh - Nagoya,SEA,PILOT_TO_PILOT,3,768,666,4,5,TssOut,BtwSaki,30.898484002781203,125.17655326303877,91.17211388047747,12.0,153.72412947740855,689.7331770541416
769,Shanghai SouthCh - Nagoya,SEA,PILOT_TO_PILOT,3,769,667,4,5,TssOut,BtwSaki,30.898338540194217,125.18043223487366,91.17211388047747,12.0,153.92416277815389,689.5331437533962
770,Shanghai SouthCh - Nagoya,SEA,PILOT_TO_PILOT,3,770,668,4,5,TssOut,BtwSaki,30.898192961891805,125.1843111949169,91.17211388047747,12.0,154.1241960788992,689.3331104526509
771,Shanghai SouthCh - Nagoya,SEA,PILOT_TO_PILOT,3,771,669,4,5,TssOut,BtwSaki,30.89804726787498,125.18819014315925,91.17211388047747,12.0,154.3242293796445,689.1330771519056
772,Shanghai SouthCh - Nagoya,SEA,PILOT_TO_PILOT,3,772,670,4,5,TssOut,BtwSaki,30.897901458144755,125.1920690795914,91.17211388047747,12.0,154.5242626803898,688.9330438511603
773,Shanghai SouthCh - Nagoya,SEA,PILOT_TO_PILOT,3,773,671,4,5,TssOut,BtwSaki,30.897755532702174,125.19594800420411,91.17211388047747,12.0,154.72429598113513,688.733010550415
774,Shanghai SouthCh - Nagoya,SEA,PILOT_TO_PILOT,3,774,672,4,5,TssOut,BtwSaki,30.89760949154825,125.19982691698813,91.17211388047747,12.0,154.92432928188043,688.5329772496697
775,Shanghai SouthCh - Nagoya,SEA,PILOT_TO_PILOT,3,775,673,4,5,TssOut,BtwSaki,30.897463334683987,125.20370581793414,91.17211388047747,12.0,155.12436258262574,688.3329439489244
776,Shanghai SouthCh - Nagoya,SEA,PILOT_TO_PILOT,3,776,674,4,5,TssOut,BtwSaki,30.89731706211043,125.20758470703286,91.17211388047747,12.0,155.32439588337104,688.1329106481791
777,Shanghai SouthCh - Nagoya,SEA,PILOT_TO_PILOT,3,777,675,4,5,TssOut,BtwSaki,30.89717067382859,125.21146358427508,91.17211388047747,12.0,155.52442918411637,687.9328773474338
778,Shanghai SouthCh - Nagoya,SEA,PILOT_TO_PILOT,3,778,676,4,5,TssOut,BtwSaki,30.8970241698395,125.21534244965147,91.17211388047747,12.0,155.72446248486168,687.7328440466885
779,Shanghai SouthCh - Nagoya,SEA,PILOT_TO_PILOT,3,779,677,4,5,TssOut,BtwSaki,30.896877550144193,125.21922130315278,91.17211388047747,12.0,155.92449578560698,687.5328107459432
780,Shanghai SouthCh - Nagoya,SEA,PILOT_TO_PILOT,3,780,678,4,5,TssOut,BtwSaki,30.89673081474367,125.22310014476979,91.17211388047747,12.0,156.12452908635228,687.3327774451978
781,Shanghai SouthCh - Nagoya,SEA,PILOT_TO_PILOT,3,781,679,4,5,TssOut,BtwSaki,30.896583963638975,125.22697897449316,91.17211388047747,12.0,156.32456238709761,687.1327441444525
782,Shanghai SouthCh - Nagoya,SEA,PILOT_TO_PILOT,3,782,680,4,5,TssOut,BtwSaki,30.896436996831138,125.23085779231366,91.17211388047747,12.0,156.52459568784292,686.9327108437071
783,Shanghai SouthCh - Nagoya,SEA,PILOT_TO_PILOT,3,783,681,4,5,TssOut,BtwSaki,30.896289914321187,125.23473659822197,91.17211388047747,12.0,156.72462898858822,686.7326775429619
784,Shanghai SouthCh - Nagoya,SEA,PILOT_TO_PILOT,3,784,682,4,5,TssOut,BtwSaki,30.896142716110134,125.2386153922089,91.17211388047747,12.0,156.92466228933353,686.5326442422165
785,Shanghai SouthCh - Nagoya,SEA,PILOT_TO_PILOT,3,785,683,4,5,TssOut,BtwSaki,30.895995402199034,125.24249417426515,91.17211388047747,12.0,157.12469559007886,686.3326109414712
786,Shanghai SouthCh - Nagoya,SEA,PILOT_TO_PILOT,3,786,684,4,5,TssOut,BtwSaki,30.895847972588903,125.24637294438142,91.17211388047747,12.0,157.32472889082416,686.1325776407259
787,Shanghai SouthCh - Nagoya,SEA,PILOT_TO_PILOT,3,787,685,4,5,TssOut,BtwSaki,30.89570042728078,125.25025170254847,91.17211388047747,12.0,157.52476219156947,685.9325443399806
788,Shanghai SouthCh - Nagoya,SEA,PILOT_TO_PILOT,3,788,686,4,5,TssOut,BtwSaki,30.895552766275696,125.25413044875704,91.17211388047747,12.0,157.7247954923148,685.7325110392353
789,Shanghai SouthCh - Nagoya,SEA,PILOT_TO_PILOT,3,789,687,4,5,TssOut,BtwSaki,30.89540498957468,125.25800918299785,91.17211388047747,12.0,157.9248287930601,685.53247773849
790,Shanghai SouthCh - Nagoya,SEA,PILOT_TO_PILOT,3,790,688,4,5,TssOut,BtwSaki,30.895257097178767,125.26188790526166,91.17211388047747,12.0,158.1248620938054,685.3324444377447
791,Shanghai SouthCh - Nagoya,SEA,PILOT_TO_PILOT,3,791,689,4,5,TssOut,BtwSaki,30.895109089089008,125.26576661553915,91.17211388047747,12.0,158.3248953945507,685.1324111369994
792,Shanghai SouthCh - Nagoya,SEA,PILOT_TO_PILOT,3,792,690,4,5,TssOut,BtwSaki,30.894960965306414,125.26964531382112,91.17211388047747,12.0,158.52492869529604,684.9323778362541
793,Shanghai SouthCh - Nagoya,SEA,PILOT_TO_PILOT,3,793,691,4,5,TssOut,BtwSaki,30.894812725832036,125.27352400009825,91.17211388047747,12.0,158.72496199604134,684.7323445355088
794,Shanghai SouthCh - Nagoya,SEA,PILOT_TO_PILOT,3,794,692,4,5,TssOut,BtwSaki,30.89466437066692,125.27740267436131,91.17211388047747,12.0,158.92499529678665,684.5323112347635
795,Shanghai SouthCh - Nagoya,SEA,PILOT_TO_PILOT,3,795,693,4,5,TssOut,BtwSaki,30.894515899812077,125.28128133660103,91.17211388047747,12.0,159.12502859753195,684.3322779340182
796,Shanghai SouthCh - Nagoya,SEA,PILOT_TO_PILOT,3,796,694,4,5,TssOut,BtwSaki,30.894367313268578,125.28515998680811,91.17211388047747,12.0,159.32506189827728,684.1322446332729
797,Shanghai SouthCh - Nagoya,SEA,PILOT_TO_PILOT,3,797,695,4,5,TssOut,BtwSaki,30.894218611037445,125.28903862497336,91.17211388047747,12.0,159.5250951990226,683.9322113325275
798,Shanghai SouthCh - Nagoya,SEA,PILOT_TO_PILOT,3,798,696,4,5,TssOut,BtwSaki,30.894069793119712,125.29291725108745,91.17211388047747,12.0,159.7251284997679,683.7321780317823
799,Shanghai SouthCh - Nagoya,SEA,PILOT_TO_PILOT,3,799,697,4,5,TssOut,BtwSaki,30.89392085951644,125.29679586514112,91.17211388047747,12.0,159.9251618005132,683.5321447310369
800,Shanghai SouthCh - Nagoya,SEA,PILOT_TO_PILOT,3,800,698,4,5,TssOut,BtwSaki,30.893771810228653,125.30067446712512,91.17211388047747,12.0,160.12519510125853,683.3321114302915
801,Shanghai SouthCh - Nagoya,SEA,PILOT_TO_PILOT,3,801,699,4,5,TssOut,BtwSaki,30.893622645257413,125.30455305703022,91.17211388047747,12.0,160.32522840200383,683.1320781295462
802,Shanghai SouthCh - Nagoya,SEA,PILOT_TO_PILOT,3,802,700,4,5,TssOut,BtwSaki,30.893473364603743,125.30843163484711,91.17211388047747,12.0,160.52526170274913,682.9320448288009
803,Shanghai SouthCh - Nagoya,SEA,PILOT_TO_PILOT,3,803,701,4,5,TssOut,BtwSaki,30.893323968268714,125.31231020056656,91.17211388047747,12.0,160.72529500349444,682.7320115280556
804,Shanghai SouthCh - Nagoya,SEA,PILOT_TO_PILOT,3,804,702,4,5,TssOut,BtwSaki,30.89317445625334,125.3161887541793,91.17211388047747,12.0,160.92532830423977,682.5319782273103
805,Shanghai SouthCh - Nagoya,SEA,PILOT_TO_PILOT,3,805,703,4,5,TssOut,BtwSaki,30.89302482855869,125.32006729567607,91.17211388047747,12.0,161.12536160498507,682.331944926565
806,Shanghai SouthCh - Nagoya,SEA,PILOT_TO_PILOT,3,806,704,4,5,TssOut,BtwSaki,30.892875085185807,125.32394582504759,91.17211388047747,12.0,161.32539490573038,682.1319116258197
807,Shanghai SouthCh - Nagoya,SEA,PILOT_TO_PILOT,3,807,705,4,5,TssOut,BtwSaki,30.892725226135724,125.32782434228461,91.17211388047747,12.0,161.5254282064757,681.9318783250744
808,Shanghai SouthCh - Nagoya,SEA,PILOT_TO_PILOT,3,808,706,4,5,TssOut,BtwSaki,30.892575251409518,125.33170284737791,91.17211388047747,12.0,161.725461507221,681.7318450243291
809,Shanghai SouthCh - Nagoya,SEA,PILOT_TO_PILOT,3,809,707,4,5,TssOut,BtwSaki,30.892425161008216,125.33558134031816,91.17211388047747,12.0,161.92549480796632,681.5318117235838
810,Shanghai SouthCh - Nagoya,SEA,PILOT_TO_PILOT,3,810,708,4,5,TssOut,BtwSaki,30.89227495493287,125.33945982109616,91.17211388047747,12.0,162.12552810871162,681.3317784228385
811,Shanghai SouthCh - Nagoya,SEA,PILOT_TO_PILOT,3,811,709,4,5,TssOut,BtwSaki,30.89212463318454,125.34333828970259,91.17211388047747,12.0,162.32556140945695,681.1317451220932
812,Shanghai SouthCh - Nagoya,SEA,PILOT_TO_PILOT,3,812,710,4,5,TssOut,BtwSaki,30.89197419576428,125.34721674612825,91.17211388047747,12.0,162.52559471020226,680.9317118213478
813,Shanghai SouthCh - Nagoya,SEA,PILOT_TO_PILOT,3,813,711,4,5,TssOut,BtwSaki,30.891823642673135,125.35109519036388,91.17211388047747,12.0,162.72562801094756,680.7316785206026
814,Shanghai SouthCh - Nagoya,SEA,PILOT_TO_PILOT,3,814,712,4,5,TssOut,BtwSaki,30.89167297391216,125.35497362240017,91.17211388047747,12.0,162.92566131169286,680.5316452198572
815,Shanghai SouthCh - Nagoya,SEA,PILOT_TO_PILOT,3,815,713,4,5,TssOut,BtwSaki,30.891522189482405,125.3588520422279,91.17211388047747,12.0,163.1256946124382,680.3316119191119
816,Shanghai SouthCh - Nagoya,SEA,PILOT_TO_PILOT,3,816,714,4,5,TssOut,BtwSaki,30.89137128938493,125.3627304498378,91.17211388047747,12.0,163.3257279131835,680.1315786183666
817,Shanghai SouthCh - Nagoya,SEA,PILOT_TO_PILOT,3,817,715,4,5,TssOut,BtwSaki,30.891220273620792,125.36660884522061,91.17211388047747,12.0,163.5257612139288,679.9315453176213
818,Shanghai SouthCh - Nagoya,SEA,PILOT_TO_PILOT,3,818,716,4,5,TssOut,BtwSaki,30.891069142191057,125.37048722836711,91.17211388047747,12.0,163.7257945146741,679.731512016876
819,Shanghai SouthCh - Nagoya,SEA,PILOT_TO_PILOT,3,819,717,4,5,TssOut,BtwSaki,30.89091789509676,125.374365599268,91.17211388047747,12.0,163.92582781541944,679.5314787161307
820,Shanghai SouthCh - Nagoya,SEA,PILOT_TO_PILOT,3,820,718,4,5,TssOut,BtwSaki,30.89076653233898,125.37824395791405,91.17211388047747,12.0,164.12586111616474,679.3314454153854
821,Shanghai SouthCh - Nagoya,SEA,PILOT_TO_PILOT,3,821,719,4,5,TssOut,BtwSaki,30.89061505391876,125.38212230429596,91.17211388047747,12.0,164.32589441691005,679.13141211464
822,Shanghai SouthCh - Nagoya,SEA,PILOT_TO_PILOT,3,822,720,4,5,TssOut,BtwSaki,30.89046345983717,125.38600063840454,91.17211388047747,12.0,164.52592771765535,678.9313788138948
823,Shanghai SouthCh - Nagoya,SEA,PILOT_TO_PILOT,3,823,721,4,5,TssOut,BtwSaki,30.890311750095275,125.38987896023049,91.17211388047747,12.0,164.72596101840068,678.7313455131494
824,Shanghai SouthCh - Nagoya,SEA,PILOT_TO_PILOT,3,824,722,4,5,TssOut,BtwSaki,30.890159924694125,125.39375726976458,91.17211388047747,12.0,164.92599431914599,678.5313122124041
825,Shanghai SouthCh - Nagoya,SEA,PILOT_TO_PILOT,3,825,723,4,5,TssOut,BtwSaki,30.890007983634785,125.39763556699754,91.17211388047747,12.0,165.1260276198913,678.3312789116588
826,Shanghai SouthCh - Nagoya,SEA,PILOT_TO_PILOT,3,826,724,4,5,TssOut,BtwSaki,30.889855926918322,125.40151385192011,91.17211388047747,12.0,165.3260609206366,678.1312456109135
827,Shanghai SouthCh - Nagoya,SEA,PILOT_TO_PILOT,3,827,725,4,5,TssOut,BtwSaki,30.8897037545458,125.40539212452305,91.17211388047747,12.0,165.52609422138192,677.9312123101681
828,Shanghai SouthCh - Nagoya,SEA,PILOT_TO_PILOT,3,828,726,4,5,TssOut,BtwSaki,30.889551466518284,125.4092703847971,91.17211388047747,12.0,165.72612752212723,677.7311790094229
829,Shanghai SouthCh - Nagoya,SEA,PILOT_TO_PILOT,3,829,727,4,5,TssOut,BtwSaki,30.889399062836834,125.413148632733,91.17211388047747,12.0,165.92616082287253,677.5311457086775
830,Shanghai SouthCh - Nagoya,SEA,PILOT_TO_PILOT,3,830,728,4,5,TssOut,BtwSaki,30.889246543502516,125.41702686832151,91.17211388047747,12.0,166.12619412361786,677.3311124079322
831,Shanghai SouthCh - Nagoya,SEA,PILOT_TO_PILOT,3,831,729,4,5,TssOut,BtwSaki,30.88909390851641,125.4209050915534,91.17211388047747,12.0,166.32622742436317,677.1310791071869
832,Shanghai SouthCh - Nagoya,SEA,PILOT_TO_PILOT,3,832,730,4,5,TssOut,BtwSaki,30.88894115787957,125.42478330241937,91.17211388047747,12.0,166.52626072510847,676.9310458064416
833,Shanghai SouthCh - Nagoya,SEA,PILOT_TO_PILOT,3,833,731,4,5,TssOut,BtwSaki,30.888788291593066,125.4286615009102,91.17211388047747,12.0,166.72629402585378,676.7310125056963
834,Shanghai SouthCh - Nagoya,SEA,PILOT_TO_PILOT,3,834,732,4,5,TssOut,BtwSaki,30.888635309657978,125.43253968701663,91.17211388047747,12.0,166.9263273265991,676.530979204951
835,Shanghai SouthCh - Nagoya,SEA,PILOT_TO_PILOT,3,835,733,4,5,TssOut,BtwSaki,30.888482212075374,125.4364178607294,91.17211388047747,12.0,167.1263606273444,676.3309459042057
836,Shanghai SouthCh - Nagoya,SEA,PILOT_TO_PILOT,3,836,734,4,5,TssOut,BtwSaki,30.888328998846312,125.44029602203926,91.17211388047747,12.0,167.32639392808971,676.1309126034604
837,Shanghai SouthCh - Nagoya,SEA,PILOT_TO_PILOT,3,837,735,4,5,TssOut,BtwSaki,30.888175669971883,125.444174170937,91.17211388047747,12.0,167.52642722883502,675.9308793027151
838,Shanghai SouthCh - Nagoya,SEA,PILOT_TO_PILOT,3,838,736,4,5,TssOut,BtwSaki,30.88802222545314,125.44805230741329,91.17211388047747,12.0,167.72646052958035,675.7308460019698
839,Shanghai SouthCh - Nagoya,SEA,PILOT_TO_PILOT,3,839,737,4,5,TssOut,BtwSaki,30.88786866529117,125.45193043145899,91.17211388047747,12.0,167.92649383032565,675.5308127012245
840,Shanghai SouthCh - Nagoya,SEA,PILOT_TO_PILOT,3,840,738,4,5,TssOut,BtwSaki,30.88771498948703,125.45580854306475,91.17211388047747,12.0,168.12652713107096,675.3307794004792
841,Shanghai SouthCh - Nagoya,SEA,PILOT_TO_PILOT,3,841,739,4,5,TssOut,BtwSaki,30.88756119804183,125.45968664222136,91.17211388047747,12.0,168.32656043181626,675.1307460997339
842,Shanghai SouthCh - Nagoya,SEA,PILOT_TO_PILOT,3,842,740,4,5,TssOut,BtwSaki,30.887407290956617,125.46356472891958,91.17211388047747,12.0,168.5265937325616,674.9307127989885
843,Shanghai SouthCh - Nagoya,SEA,PILOT_TO_PILOT,3,843,741,4,5,TssOut,BtwSaki,30.88725326823247,125.46744280315015,91.17211388047747,12.0,168.7266270333069,674.7306794982433
844,Shanghai SouthCh - Nagoya,SEA,PILOT_TO_PILOT,3,844,742,4,5,TssOut,BtwSaki,30.887099129870474,125.47132086490382,91.17211388047747,12.0,168.9266603340522,674.5306461974978
845,Shanghai SouthCh - Nagoya,SEA,PILOT_TO_PILOT,3,845,743,4,5,TssOut,BtwSaki,30.88694487587171,125.47519891417136,91.17211388047747,12.0,169.1266936347975,674.3306128967527
846,Shanghai SouthCh - Nagoya,SEA,PILOT_TO_PILOT,3,846,744,4,5,TssOut,BtwSaki,30.886790506237247,125.47907695094351,91.17211388047747,12.0,169.32672693554284,674.1305795960072
847,Shanghai SouthCh - Nagoya,SEA,PILOT_TO_PILOT,3,847,745,4,5,TssOut,BtwSaki,30.886636020968176,125.48295497521103,91.17211388047747,12.0,169.52676023628814,673.9305462952619
848,Shanghai SouthCh - Nagoya,SEA,PILOT_TO_PILOT,3,848,746,4,5,TssOut,BtwSaki,30.88648142006556,125.48683298696466,91.17211388047747,12.0,169.72679353703344,673.7305129945166
849,Shanghai SouthCh - Nagoya,SEA,PILOT_TO_PILOT,3,849,747,4,5,TssOut,BtwSaki,30.886326703530504,125.49071098619517,91.17211388047747,12.0,169.92682683777878,673.5304796937713
850,Shanghai SouthCh - Nagoya,SEA,PILOT_TO_PILOT,3,850,748,4,5,TssOut,BtwSaki,30.886171871364073,125.49458897289328,91.17211388047747,12.0,170.12686013852408,673.330446393026
851,Shanghai SouthCh - Nagoya,SEA,PILOT_TO_PILOT,3,851,749,4,5,TssOut,BtwSaki,30.886016923567354,125.49846694704979,91.17211388047747,12.0,170.32689343926938,673.1304130922807
852,Shanghai SouthCh - Nagoya,SEA,PILOT_TO_PILOT,3,852,750,4,5,TssOut,BtwSaki,30.885861860141436,125.50234490865545,91.17211388047747,12.0,170.5269267400147,672.9303797915354
853,Shanghai SouthCh - Nagoya,SEA,PILOT_TO_PILOT,3,853,751,4,5,TssOut,BtwSaki,30.885706681087395,125.50622285770098,91.17211388047747,12.0,170.72696004076002,672.7303464907901
854,Shanghai SouthCh - Nagoya,SEA,PILOT_TO_PILOT,3,854,752,4,5,TssOut,BtwSaki,30.88555138640633,125.51010079417716,91.17211388047747,12.0,170.92699334150532,672.5303131900448
855,Shanghai SouthCh - Nagoya,SEA,PILOT_TO_PILOT,3,855,753,4,5,TssOut,BtwSaki,30.88539597609932,125.51397871807475,91.17211388047747,12.0,171.12702664225063,672.3302798892995
856,Shanghai SouthCh - Nagoya,SEA,PILOT_TO_PILOT,3,856,754,4,5,TssOut,BtwSaki,30.885240450167448,125.5178566293845,91.17211388047747,12.0,171.32705994299593,672.1302465885542
857,Shanghai SouthCh - Nagoya,SEA,PILOT_TO_PILOT,3,857,755,4,5,TssOut,BtwSaki,30.8850848086118,125.52173452809716,91.17211388047747,12.0,171.52709324374126,671.9302132878088
858,Shanghai SouthCh - Nagoya,SEA,PILOT_TO_PILOT,3,858,756,4,5,TssOut,BtwSaki,30.88492905143348,125.5256124142035,91.17211388047747,12.0,171.72712654448657,671.7301799870636
859,Shanghai SouthCh - Nagoya,SEA,PILOT_TO_PILOT,3,859,757,4,5,TssOut,BtwSaki,30.884773178633555,125.52949028769427,91.17211388047747,12.0,171.92715984523187,671.5301466863182
860,Shanghai SouthCh - Nagoya,SEA,PILOT_TO_PILOT,3,860,758,4,5,TssOut,BtwSaki,30.884617190213135,125.53336814856021,91.17211388047747,12.0,172.12719314597717,671.330113385573
861,Shanghai SouthCh - Nagoya,SEA,PILOT_TO_PILOT,3,861,759,4,5,TssOut,BtwSaki,30.884461086173307,125.53724599679212,91.17211388047747,12.0,172.3272264467225,671.1300800848276
862,Shanghai SouthCh - Nagoya,SEA,PILOT_TO_PILOT,3,862,760,4,5,TssOut,BtwSaki,30.884304866515162,125.54112383238072,91.17211388047747,12.0,172.5272597474678,670.9300467840823
863,Shanghai SouthCh - Nagoya,SEA,PILOT_TO_PILOT,3,863,761,4,5,TssOut,BtwSaki,30.88414853123978,125.54500165531678,91.17211388047747,12.0,172.7272930482131,670.730013483337
864,Shanghai SouthCh - Nagoya,SEA,PILOT_TO_PILOT,3,864,762,4,5,TssOut,BtwSaki,30.883992080348268,125.54887946559109,91.17211388047747,12.0,172.92732634895842,670.5299801825917
865,Shanghai SouthCh - Nagoya,SEA,PILOT_TO_PILOT,3,865,763,4,5,TssOut,BtwSaki,30.883835513841717,125.55275726319438,91.17211388047747,12.0,173.12735964970375,670.3299468818464
866,Shanghai SouthCh - Nagoya,SEA,PILOT_TO_PILOT,3,866,764,4,5,TssOut,BtwSaki,30.883678831721227,125.55663504811737,91.17211388047747,12.0,173.32739295044905,670.129913581101
867,Shanghai SouthCh - Nagoya,SEA,PILOT_TO_PILOT,3,867,765,4,5,TssOut,BtwSaki,30.883522033987887,125.56051282035092,91.17211388047747,12.0,173.52742625119436,669.9298802803557
868,Shanghai SouthCh - Nagoya,SEA,PILOT_TO_PILOT,3,868,766,4,5,TssOut,BtwSaki,30.883365120642793,125.56439057988568,91.17211388047747,12.0,173.72745955193966,669.7298469796104
869,Shanghai SouthCh - Nagoya,SEA,PILOT_TO_PILOT,3,869,767,4,5,TssOut,BtwSaki,30.883208091687052,125.5682683267125,91.17211388047747,12.0,173.927492852685,669.5298136788651
870,Shanghai SouthCh - Nagoya,SEA,PILOT_TO_PILOT,3,870,768,4,5,TssOut,BtwSaki,30.88305094712175,125.57214606082209,91.17211388047747,12.0,174.1275261534303,669.3297803781198
871,Shanghai SouthCh - Nagoya,SEA,PILOT_TO_PILOT,3,871,769,4,5,TssOut,BtwSaki,30.882893686947995,125.57602378220524,91.17211388047747,12.0,174.3275594541756,669.1297470773745
872,Shanghai SouthCh - Nagoya,SEA,PILOT_TO_PILOT,3,872,770,4,5,TssOut,BtwSaki,30.882736311166873,125.57990149085268,91.17211388047747,12.0,174.52759275492093,668.9297137766291
873,Shanghai SouthCh - Nagoya,SEA,PILOT_TO_PILOT,3,873,771,4,5,TssOut,BtwSaki,30.88257881977951,125.58377918675521,91.17211388047747,12.0,174.72762605566624,668.7296804758839
874,Shanghai SouthCh - Nagoya,SEA,PILOT_TO_PILOT,3,874,772,4,5,TssOut,BtwSaki,30.88242121278699,125.58765686990358,91.17211388047747,12.0,174.92765935641154,668.5296471751385
875,Shanghai SouthCh - Nagoya,SEA,PILOT_TO_PILOT,3,875,773,4,5,TssOut,BtwSaki,30.88226349019041,125.59153454028852,91.17211388047747,12.0,175.12769265715684,668.3296138743933
876,Shanghai SouthCh - Nagoya,SEA,PILOT_TO_PILOT,3,876,774,4,5,TssOut,BtwSaki,30.882105651990894,125.59541219790086,91.17211388047747,12.0,175.32772595790217,668.1295805736479
877,Shanghai SouthCh - Nagoya,SEA,PILOT_TO_PILOT,3,877,775,4,5,TssOut,BtwSaki,30.881947698189524,125.59928984273128,91.17211388047747,12.0,175.52775925864748,667.9295472729026
878,Shanghai SouthCh - Nagoya,SEA,PILOT_TO_PILOT,3,878,776,4,5,TssOut,BtwSaki,30.88178962878741,125.60316747477061,91.17211388047747,12.0,175.72779255939278,667.7295139721573
879,Shanghai SouthCh - Nagoya,SEA,PILOT_TO_PILOT,3,879,777,4,5,TssOut,BtwSaki,30.88163144378566,125.6070450940096,91.17211388047747,12.0,175.92782586013809,667.529480671412
880,Shanghai SouthCh - Nagoya,SEA,PILOT_TO_PILOT,3,880,778,4,5,TssOut,BtwSaki,30.88147314318539,125.610922700439,91.17211388047747,12.0,176.12785916088342,667.3294473706667
881,Shanghai SouthCh - Nagoya,SEA,PILOT_TO_PILOT,3,881,779,4,5,TssOut,BtwSaki,30.881314726987696,125.61480029404957,91.17211388047747,12.0,176.32789246162872,667.1294140699214
882,Shanghai SouthCh - Nagoya,SEA,PILOT_TO_PILOT,3,882,780,4,5,TssOut,BtwSaki,30.881156195193693,125.61867787483213,91.17211388047747,12.0,176.52792576237402,666.9293807691761
883,Shanghai SouthCh - Nagoya,SEA,PILOT_TO_PILOT,3,883,781,4,5,TssOut,BtwSaki,30.880997547804476,125.62255544277738,91.17211388047747,12.0,176.72795906311933,666.7293474684308
884,Shanghai SouthCh - Nagoya,SEA,PILOT_TO_PILOT,3,884,782,4,5,TssOut,BtwSaki,30.880838784821165,125.62643299787612,91.17211388047747,12.0,176.92799236386466,666.5293141676855
885,Shanghai SouthCh - Nagoya,SEA,PILOT_TO_PILOT,3,885,783,4,5,TssOut,BtwSaki,30.880679906244872,125.63031054011907,91.17211388047747,12.0,177.12802566460996,666.3292808669402
886,Shanghai SouthCh - Nagoya,SEA,PILOT_TO_PILOT,3,886,784,4,5,TssOut,BtwSaki,30.880520912076708,125.63418806949707,91.17211388047747,12.0,177.32805896535527,666.1292475661949
887,Shanghai SouthCh - Nagoya,SEA,PILOT_TO_PILOT,3,887,785,4,5,TssOut,BtwSaki,30.880361802317775,125.63806558600086,91.17211388047747,12.0,177.52809226610057,665.9292142654496
888,Shanghai SouthCh - Nagoya,SEA,PILOT_TO_PILOT,3,888,786,4,5,TssOut,BtwSaki,30.880202576969193,125.64194308962118,91.17211388047747,12.0,177.7281255668459,665.7291809647043
889,Shanghai SouthCh - Nagoya,SEA,PILOT_TO_PILOT,3,889,787,4,5,TssOut,BtwSaki,30.880043236032073,125.64582058034883,91.17211388047747,12.0,177.9281588675912,665.5291476639588
890,Shanghai SouthCh - Nagoya,SEA,PILOT_TO_PILOT,3,890,788,4,5,TssOut,BtwSaki,30.87988377950753,125.64969805817455,91.17211388047747,12.0,178.1281921683365,665.3291143632136
891,Shanghai SouthCh - Nagoya,SEA,PILOT_TO_PILOT,3,891,789,4,5,TssOut,BtwSaki,30.87972420739669,125.65357552308915,91.17211388047747,12.0,178.32822546908181,665.1290810624682
892,Shanghai SouthCh - Nagoya,SEA,PILOT_TO_PILOT,3,892,790,4,5,TssOut,BtwSaki,30.879564519700658,125.65745297508339,91.17211388047747,12.0,178.52825876982715,664.9290477617229
893,Shanghai SouthCh - Nagoya,SEA,PILOT_TO_PILOT,3,893,791,4,5,TssOut,BtwSaki,30.879404716420538,125.66133041414798,91.17211388047747,12.0,178.72829207057245,664.7290144609776
894,Shanghai SouthCh - Nagoya,SEA,PILOT_TO_PILOT,3,894,792,4,5,TssOut,BtwSaki,30.87924479755747,125.66520784027374,91.17211388047747,12.0,178.92832537131775,664.5289811602323
895,Shanghai SouthCh - Nagoya,SEA,PILOT_TO_PILOT,3,895,793,4,5,TssOut,BtwSaki,30.879084763112562,125.66908525345144,91.17211388047747,12.0,179.1283586720631,664.328947859487
896,Shanghai SouthCh - Nagoya,SEA,PILOT_TO_PILOT,3,896,794,4,5,TssOut,BtwSaki,30.878924613086934,125.67296265367187,91.17211388047747,12.0,179.3283919728084,664.1289145587417
897,Shanghai SouthCh - Nagoya,SEA,PILOT_TO_PILOT,3,897,795,4,5,TssOut,BtwSaki,30.878764347481702,125.67684004092577,91.17211388047747,12.0,179.5284252735537,663.9288812579964
898,Shanghai SouthCh - Nagoya,SEA,PILOT_TO_PILOT,3,898,796,4,5,TssOut,BtwSaki,30.87860396629799,125.68071741520389,91.17211388047747,12.0,179.728458574299,663.7288479572511
899,Shanghai SouthCh - Nagoya,SEA,PILOT_TO_PILOT,3,899,797,4,5,TssOut,BtwSaki,30.878443469536926,125.68459477649705,91.17211388047747,12.0,179.92849187504433,663.5288146565058
900,Shanghai SouthCh - Nagoya,SEA,PILOT_TO_PILOT,3,900,798,4,5,TssOut,BtwSaki,30.878282857199626,125.68847212479602,91.17211388047747,12.0,180.12852517578963,663.3287813557605
901,Shanghai SouthCh - Nagoya,SEA,PILOT_TO_PILOT,3,901,799,4,5,TssOut,BtwSaki,30.878122129287206,125.69234946009153,91.17211388047747,12.0,180.32855847653494,663.1287480550152
902,Shanghai SouthCh - Nagoya,SEA,PILOT_TO_PILOT,3,902,800,4,5,TssOut,BtwSaki,30.8779612858008,125.69622678237435,91.17211388047747,12.0,180.52859177728024,662.9287147542699
903,Shanghai SouthCh - Nagoya,SEA,PILOT_TO_PILOT,3,903,801,4,5,TssOut,BtwSaki,30.87780032674153,125.70010409163531,91.17211388047747,12.0,180.72862507802557,662.7286814535246
904,Shanghai SouthCh - Nagoya,SEA,PILOT_TO_PILOT,3,904,802,4,5,TssOut,BtwSaki,30.877639252110523,125.70398138786517,91.17211388047747,12.0,180.92865837877088,662.5286481527792
905,Shanghai SouthCh - Nagoya,SEA,PILOT_TO_PILOT,3,905,803,4,5,TssOut,BtwSaki,30.877478061908903,125.70785867105467,91.17211388047747,12.0,181.12869167951618,662.328614852034
906,Shanghai SouthCh - Nagoya,SEA,PILOT_TO_PILOT,3,906,804,4,5,TssOut,BtwSaki,30.87731675613779,125.71173594119459,91.17211388047747,12.0,181.32872498026148,662.1285815512886
907,Shanghai SouthCh - Nagoya,SEA,PILOT_TO_PILOT,3,907,805,4,5,TssOut,BtwSaki,30.877155334798324,125.71561319827573,91.17211388047747,12.0,181.52875828100682,661.9285482505433
908,Shanghai SouthCh - Nagoya,SEA,PILOT_TO_PILOT,3,908,806,4,5,TssOut,BtwSaki,30.876993797891632,125.71949044228883,91.17211388047747,12.0,181.72879158175212,661.728514949798
909,Shanghai SouthCh - Nagoya,SEA,PILOT_TO_PILOT,3,909,807,4,5,TssOut,BtwSaki,30.876832145418835,125.7233676732247,91.17211388047747,12.0,181.92882488249742,661.5284816490527
910,Shanghai SouthCh - Nagoya,SEA,PILOT_TO_PILOT,3,910,808,4,5,TssOut,BtwSaki,30.876670377381064,125.72724489107411,91.17211388047747,12.0,182.12885818324273,661.3284483483073
911,Shanghai SouthCh - Nagoya,SEA,PILOT_TO_PILOT,3,911,809,4,5,TssOut,BtwSaki,30.876508493779458,125.73112209582783,91.17211388047747,12.0,182.32889148398806,661.128415047562
912,Shanghai SouthCh - Nagoya,SEA,PILOT_TO_PILOT,3,912,810,4,5,TssOut,BtwSaki,30.87634649461515,125.73499928747664,91.17211388047747,12.0,182.52892478473336,660.9283817468167
913,Shanghai SouthCh - Nagoya,SEA,PILOT_TO_PILOT,3,913,811,4,5,TssOut,BtwSaki,30.876184379889256,125.73887646601128,91.17211388047747,12.0,182.72895808547867,660.7283484460714
914,Shanghai SouthCh - Nagoya,SEA,PILOT_TO_PILOT,3,914,812,4,5,TssOut,BtwSaki,30.87602214960293,125.74275363142259,91.17211388047747,12.0,182.928991386224,660.5283151453261
915,Shanghai SouthCh - Nagoya,SEA,PILOT_TO_PILOT,3,915,813,4,5,TssOut,BtwSaki,30.8758598037573,125.74663078370129,91.17211388047747,12.0,183.1290246869693,660.3282818445808
916,Shanghai SouthCh - Nagoya,SEA,PILOT_TO_PILOT,3,916,814,4,5,TssOut,BtwSaki,30.875697342353483,125.75050792283818,91.17211388047747,12.0,183.3290579877146,660.1282485438355
917,Shanghai SouthCh - Nagoya,SEA,PILOT_TO_PILOT,3,917,815,4,5,TssOut,BtwSaki,30.87553476539264,125.75438504882406,91.17211388047747,12.0,183.5290912884599,659.9282152430902
918,Shanghai SouthCh - Nagoya,SEA,PILOT_TO_PILOT,3,918,816,4,5,TssOut,BtwSaki,30.875372072875898,125.7582621616497,91.17211388047747,12.0,183.72912458920524,659.7281819423449
919,Shanghai SouthCh - Nagoya,SEA,PILOT_TO_PILOT,3,919,817,4,5,TssOut,BtwSaki,30.875209264804383,125.76213926130585,91.17211388047747,12.0,183.92915788995055,659.5281486415995
920,Shanghai SouthCh - Nagoya,SEA,PILOT_TO_PILOT,3,920,818,4,5,TssOut,BtwSaki,30.875046341179257,125.7660163477833,91.17211388047747,12.0,184.12919119069585,659.3281153408543
921,Shanghai SouthCh - Nagoya,SEA,PILOT_TO_PILOT,3,921,819,4,5,TssOut,BtwSaki,30.87488330200164,125.76989342107287,91.17211388047747,12.0,184.32922449144115,659.1280820401089
922,Shanghai SouthCh - Nagoya,SEA,PILOT_TO_PILOT,3,922,820,4,5,TssOut,BtwSaki,30.874720147272672,125.77377048116529,91.17211388047747,12.0,184.52925779218648,658.9280487393636
923,Shanghai SouthCh - Nagoya,SEA,PILOT_TO_PILOT,3,923,821,4,5,TssOut,BtwSaki,30.874556876993502,125.77764752805139,91.17211388047747,12.0,184.7292910929318,658.7280154386183
924,Shanghai SouthCh - Nagoya,SEA,PILOT_TO_PILOT,3,924,822,4,5,TssOut,BtwSaki,30.874393491165264,125.78152456172187,91.17211388047747,12.0,184.9293243936771,658.527982137873
925,Shanghai SouthCh - Nagoya,SEA,PILOT_TO_PILOT,3,925,823,4,5,TssOut,BtwSaki,30.87422998978911,125.78540158216761,91.17211388047747,12.0,185.1293576944224,658.3279488371277
926,Shanghai SouthCh - Nagoya,SEA,PILOT_TO_PILOT,3,926,824,4,5,TssOut,BtwSaki,30.87406637286618,125.78927858937931,91.17211388047747,12.0,185.32939099516773,658.1279155363824
927,Shanghai SouthCh - Nagoya,SEA,PILOT_TO_PILOT,3,927,825,4,5,TssOut,BtwSaki,30.873902640397603,125.7931555833478,91.17211388047747,12.0,185.52942429591303,657.9278822356371
928,Shanghai SouthCh - Nagoya,SEA,PILOT_TO_PILOT,3,928,826,4,5,TssOut,BtwSaki,30.873738792384543,125.79703256406383,91.17211388047747,12.0,185.72945759665834,657.7278489348918
929,Shanghai SouthCh - Nagoya,SEA,PILOT_TO_PILOT,3,929,827,4,5,TssOut,BtwSaki,30.87357482882814,125.80090953151822,91.17211388047747,12.0,185.92949089740364,657.5278156341465
930,Shanghai SouthCh - Nagoya,SEA,PILOT_TO_PILOT,3,930,828,4,5,TssOut,BtwSaki,30.87341074972954,125.80478648570173,91.17211388047747,12.0,186.12952419814897,657.3277823334012
931,Shanghai SouthCh - Nagoya,SEA,PILOT_TO_PILOT,3,931,829,4,5,TssOut,BtwSaki,30.873246555089878,125.80866342660512,91.17211388047747,12.0,186.32955749889427,657.1277490326559
932,Shanghai SouthCh - Nagoya,SEA,PILOT_TO_PILOT,3,932,830,4,5,TssOut,BtwSaki,30.873082244910318,125.81254035421922,91.17211388047747,12.0,186.52959079963958,656.9277157319106
933,Shanghai SouthCh - Nagoya,SEA,PILOT_TO_PILOT,3,933,831,4,5,TssOut,BtwSaki,30.872917819191994,125.81641726853478,91.17211388047747,12.0,186.72962410038488,656.7276824311652
934,Shanghai SouthCh - Nagoya,SEA,PILOT_TO_PILOT,3,934,832,4,5,TssOut,BtwSaki,30.87275327793607,125.82029416954262,91.17211388047747,12.0,186.9296574011302,656.5276491304198
935,Shanghai SouthCh - Nagoya,SEA,PILOT_TO_PILOT,3,935,833,4,5,TssOut,BtwSaki,30.87258862114369,125.82417105723351,91.17211388047747,12.0,187.12969070187552,656.3276158296746
936,Shanghai SouthCh - Nagoya,SEA,PILOT_TO_PILOT,3,936,834,4,5,TssOut,BtwSaki,30.872423848815995,125.8280479315982,91.17211388047747,12.0,187.32972400262082,656.1275825289292
937,Shanghai SouthCh - Nagoya,SEA,PILOT_TO_PILOT,3,937,835,4,5,TssOut,BtwSaki,30.872258960954152,125.83192479262752,91.17211388047747,12.0,187.52975730336615,655.9275492281839
938,Shanghai SouthCh - Nagoya,SEA,PILOT_TO_PILOT,3,938,836,4,5,TssOut,BtwSaki,30.87209395755931,125.83580164031224,91.17211388047747,12.0,187.72979060411146,655.7275159274386
939,Shanghai SouthCh - Nagoya,SEA,PILOT_TO_PILOT,3,939,837,4,5,TssOut,BtwSaki,30.871928838632613,125.83967847464316,91.17211388047747,12.0,187.92982390485676,655.5274826266933
940,Shanghai SouthCh - Nagoya,SEA,PILOT_TO_PILOT,3,940,838,4,5,TssOut,BtwSaki,30.87176360417523,125.84355529561103,91.17211388047747,12.0,188.12985720560206,655.327449325948
941,Shanghai SouthCh - Nagoya,SEA,PILOT_TO_PILOT,3,941,839,4,5,TssOut,BtwSaki,30.8715982541883,125.84743210320667,91.17211388047747,12.0,188.3298905063474,655.1274160252027
942,Shanghai SouthCh - Nagoya,SEA,PILOT_TO_PILOT,3,942,840,4,5,TssOut,BtwSaki,30.871432788672987,125.85130889742088,91.17211388047747,12.0,188.5299238070927,654.9273827244574
943,Shanghai SouthCh - Nagoya,SEA,PILOT_TO_PILOT,3,943,841,4,5,TssOut,BtwSaki,30.87126720763045,125.85518567824441,91.17211388047747,12.0,188.729957107838,654.7273494237121
944,Shanghai SouthCh - Nagoya,SEA,PILOT_TO_PILOT,3,944,842,4,5,TssOut,BtwSaki,30.871101511061834,125.85906244566804,91.17211388047747,12.0,188.9299904085833,654.5273161229668
945,Shanghai SouthCh - Nagoya,SEA,PILOT_TO_PILOT,3,945,843,4,5,TssOut,BtwSaki,30.870935698968317,125.8629391996826,91.17211388047747,12.0,189.13002370932864,654.3272828222215
946,Shanghai SouthCh - Nagoya,SEA,PILOT_TO_PILOT,3,946,844,4,5,TssOut,BtwSaki,30.870769771351036,125.86681594027887,91.17211388047747,12.0,189.33005701007394,654.1272495214762
947,Shanghai SouthCh - Nagoya,SEA,PILOT_TO_PILOT,3,947,845,4,5,TssOut,BtwSaki,30.87060372821117,125.87069266744764,91.17211388047747,12.0,189.53009031081925,653.9272162207309
948,Shanghai SouthCh - Nagoya,SEA,PILOT_TO_PILOT,3,948,846,4,5,TssOut,BtwSaki,30.870437569549864,125.87456938117967,91.17211388047747,12.0,189.73012361156455,653.7271829199856
949,Shanghai SouthCh - Nagoya,SEA,PILOT_TO_PILOT,3,949,847,4,5,TssOut,BtwSaki,30.87027129536829,125.87844608146578,91.17211388047747,12.0,189.93015691230988,653.5271496192402
950,Shanghai SouthCh - Nagoya,SEA,PILOT_TO_PILOT,3,950,848,4,5,TssOut,BtwSaki,30.8701049056676,125.88232276829675,91.17211388047747,12.0,190.1301902130552,653.327116318495
951,Shanghai SouthCh - Nagoya,SEA,PILOT_TO_PILOT,3,951,849,4,5,TssOut,BtwSaki,30.86993840044897,125.88619944166336,91.17211388047747,12.0,190.3302235138005,653.1270830177496
952,Shanghai SouthCh - Nagoya,SEA,PILOT_TO_PILOT,3,952,850,4,5,TssOut,BtwSaki,30.869771779713552,125.89007610155643,91.17211388047747,12.0,190.5302568145458,652.9270497170044
953,Shanghai SouthCh - Nagoya,SEA,PILOT_TO_PILOT,3,953,851,4,5,TssOut,BtwSaki,30.869605043462514,125.89395274796672,91.17211388047747,12.0,190.73029011529113,652.727016416259
954,Shanghai SouthCh - Nagoya,SEA,PILOT_TO_PILOT,3,954,852,4,5,TssOut,BtwSaki,30.869438191697018,125.89782938088509,91.17211388047747,12.0,190.93032341603643,652.5269831155136
955,Shanghai SouthCh - Nagoya,SEA,PILOT_TO_PILOT,3,955,853,4,5,TssOut,BtwSaki,30.86927122441824,125.90170600030221,91.17211388047747,12.0,191.13035671678173,652.3269498147683
956,Shanghai SouthCh - Nagoya,SEA,PILOT_TO_PILOT,3,956,854,4,5,TssOut,BtwSaki,30.86910414162734,125.90558260620898,91.17211388047747,12.0,191.33039001752707,652.126916514023
957,Shanghai SouthCh - Nagoya,SEA,PILOT_TO_PILOT,3,957,855,4,5,TssOut,BtwSaki,30.86893694332549,125.90945919859615,91.17211388047747,12.0,191.53042331827237,651.9268832132777
958,Shanghai SouthCh - Nagoya,SEA,PILOT_TO_PILOT,3,958,856,4,5,TssOut,BtwSaki,30.86876962951385,125.91333577745452,91.17211388047747,12.0,191.73045661901767,651.7268499125324
959,Shanghai SouthCh - Nagoya,SEA,PILOT_TO_PILOT,3,959,857,4,5,TssOut,BtwSaki,30.868602200193592,125.91721234277489,91.17211388047747,12.0,191.93048991976298,651.5268166117871
960,Shanghai SouthCh - Nagoya,SEA,PILOT_TO_PILOT,3,960,858,4,5,TssOut,BtwSaki,30.868434655365885,125.92108889454803,91.17211388047747,12.0,192.1305232205083,651.3267833110418
961,Shanghai SouthCh - Nagoya,SEA,PILOT_TO_PILOT,3,961,859,4,5,TssOut,BtwSaki,30.86826699503191,125.92496543276476,91.17211388047747,12.0,192.3305565212536,651.1267500102965
962,Shanghai SouthCh - Nagoya,SEA,PILOT_TO_PILOT,3,962,860,4,5,TssOut,BtwSaki,30.86809921919282,125.92884195741587,91.17211388047747,12.0,192.53058982199892,650.9267167095512
963,Shanghai SouthCh - Nagoya,SEA,PILOT_TO_PILOT,3,963,861,4,5,TssOut,BtwSaki,30.86793132784981,125.93271846849213,91.17211388047747,12.0,192.73062312274422,650.7266834088059
964,Shanghai SouthCh - Nagoya,SEA,PILOT_TO_PILOT,3,964,862,4,5,TssOut,BtwSaki,30.867763321004038,125.93659496598437,91.17211388047747,12.0,192.93065642348955,650.5266501080605
965,Shanghai SouthCh - Nagoya,SEA,PILOT_TO_PILOT,3,965,863,4,5,TssOut,BtwSaki,30.867595198656684,125.94047144988339,91.17211388047747,12.0,193.13068972423486,650.3266168073153
966,Shanghai SouthCh - Nagoya,SEA,PILOT_TO_PILOT,3,966,864,4,5,TssOut,BtwSaki,30.867426960808917,125.94434792017995,91.17211388047747,12.0,193.33072302498016,650.1265835065699
967,Shanghai SouthCh - Nagoya,SEA,PILOT_TO_PILOT,3,967,865,4,5,TssOut,BtwSaki,30.86725860746191,125.9482243768649,91.17211388047747,12.0,193.53075632572546,649.9265502058247
968,Shanghai SouthCh - Nagoya,SEA,PILOT_TO_PILOT,3,968,866,4,5,TssOut,BtwSaki,30.867090138616852,125.95210081992897,91.17211388047747,12.0,193.7307896264708,649.7265169050793
969,Shanghai SouthCh - Nagoya,SEA,PILOT_TO_PILOT,3,969,867,4,5,TssOut,BtwSaki,30.86692155427491,125.95597724936302,91.17211388047747,12.0,193.9308229272161,649.526483604334
970,Shanghai SouthCh - Nagoya,SEA,PILOT_TO_PILOT,3,970,868,4,5,TssOut,BtwSaki,30.86675285443727,125.95985366515778,91.17211388047747,12.0,194.1308562279614,649.3264503035887
971,Shanghai SouthCh - Nagoya,SEA,PILOT_TO_PILOT,3,971,869,4,5,TssOut,BtwSaki,30.866584039105103,125.96373006730411,91.17211388047747,12.0,194.3308895287067,649.1264170028434
972,Shanghai SouthCh - Nagoya,SEA,PILOT_TO_PILOT,3,972,870,4,5,TssOut,BtwSaki,30.866415108279583,125.9676064557928,91.17211388047747,12.0,194.53092282945204,648.9263837020981
973,Shanghai SouthCh - Nagoya,SEA,PILOT_TO_PILOT,3,973,871,4,5,TssOut,BtwSaki,30.86624606196191,125.97148283061463,91.17211388047747,12.0,194.73095613019734,648.7263504013528
974,Shanghai SouthCh - Nagoya,SEA,PILOT_TO_PILOT,3,974,872,4,5,TssOut,BtwSaki,30.866076900153246,125.97535919176042,91.17211388047747,12.0,194.93098943094265,648.5263171006075
975,Shanghai SouthCh - Nagoya,SEA,PILOT_TO_PILOT,3,975,873,4,5,TssOut,BtwSaki,30.86590762285479,125.97923553922091,91.17211388047747,12.0,195.13102273168795,648.3262837998622
976,Shanghai SouthCh - Nagoya,SEA,PILOT_TO_PILOT,3,976,874,4,5,TssOut,BtwSaki,30.865738230067706,125.98311187298701,91.17211388047747,12.0,195.33105603243328,648.1262504991168
977,Shanghai SouthCh - Nagoya,SEA,PILOT_TO_PILOT,3,977,875,4,5,TssOut,BtwSaki,30.865568721793185,125.98698819304941,91.17211388047747,12.0,195.53108933317858,647.9262171983715
978,Shanghai SouthCh - Nagoya,SEA,PILOT_TO_PILOT,3,978,876,4,5,TssOut,BtwSaki,30.865399098032427,125.99086449939897,91.17211388047747,12.0,195.7311226339239,647.7261838976262
979,Shanghai SouthCh - Nagoya,SEA,PILOT_TO_PILOT,3,979,877,4,5,TssOut,BtwSaki,30.86522935878659,125.99474079202648,91.17211388047747,12.0,195.93115593466922,647.5261505968808
980,Shanghai SouthCh - Nagoya,SEA,PILOT_TO_PILOT,3,980,878,4,5,TssOut,BtwSaki,30.865059504056873,125.99861707092276,91.17211388047747,12.0,196.13118923541452,647.3261172961356
981,Shanghai SouthCh - Nagoya,SEA,PILOT_TO_PILOT,3,981,879,4,5,TssOut,BtwSaki,30.864889533844465,126.00249333607856,91.17211388047747,12.0,196.33122253615983,647.1260839953902
982,Shanghai SouthCh - Nagoya,SEA,PILOT_TO_PILOT,3,982,880,4,5,TssOut,BtwSaki,30.86471944815056,126.00636958748476,91.17211388047747,12.0,196.53125583690513,646.926050694645
983,Shanghai SouthCh - Nagoya,SEA,PILOT_TO_PILOT,3,983,881,4,5,TssOut,BtwSaki,30.864549246976328,126.01024582513206,91.17211388047747,12.0,196.73128913765046,646.7260173938996
984,Shanghai SouthCh - Nagoya,SEA,PILOT_TO_PILOT,3,984,882,4,5,TssOut,BtwSaki,30.864378930322967,126.01412204901136,91.17211388047747,12.0,196.93132243839577,646.5259840931543
985,Shanghai SouthCh - Nagoya,SEA,PILOT_TO_PILOT,3,985,883,4,5,TssOut,BtwSaki,30.864208498191672,126.01799825911345,91.17211388047747,12.0,197.13135573914107,646.325950792409
986,Shanghai SouthCh - Nagoya,SEA,PILOT_TO_PILOT,3,986,884,4,5,TssOut,BtwSaki,30.864037950583622,126.02187445542907,91.17211388047747,12.0,197.33138903988637,646.1259174916637
987,Shanghai SouthCh - Nagoya,SEA,PILOT_TO_PILOT,3,987,885,4,5,TssOut,BtwSaki,30.863867287500018,126.02575063794907,91.17211388047747,12.0,197.5314223406317,645.9258841909184
988,Shanghai SouthCh - Nagoya,SEA,PILOT_TO_PILOT,3,988,886,4,5,TssOut,BtwSaki,30.863696508942045,126.02962680666425,91.17211388047747,12.0,197.731455641377,645.7258508901731
989,Shanghai SouthCh - Nagoya,SEA,PILOT_TO_PILOT,3,989,887,4,5,TssOut,BtwSaki,30.863525614910913,126.03350296156545,91.17211388047747,12.0,197.93148894212231,645.5258175894278
990,Shanghai SouthCh - Nagoya,SEA,PILOT_TO_PILOT,3,990,888,4,5,TssOut,BtwSaki,30.86335460540779,126.03737910264341,91.17211388047747,12.0,198.13152224286762,645.3257842886825
991,Shanghai SouthCh - Nagoya,SEA,PILOT_TO_PILOT,3,991,889,4,5,TssOut,BtwSaki,30.86318348043389,126.04125522988896,91.17211388047747,12.0,198.33155554361295,645.1257509879372
992,Shanghai SouthCh - Nagoya,SEA,PILOT_TO_PILOT,3,992,890,4,5,TssOut,BtwSaki,30.863012239990404,126.04513134329295,91.17211388047747,12.0,198.53158884435825,644.9257176871919
993,Shanghai SouthCh - Nagoya,SEA,PILOT_TO_PILOT,3,993,891,4,5,TssOut,BtwSaki,30.862840884078523,126.04900744284612,91.17211388047747,12.0,198.73162214510356,644.7256843864466
994,Shanghai SouthCh - Nagoya,SEA,PILOT_TO_PILOT,3,994,892,4,5,TssOut,BtwSaki,30.862669412699447,126.05288352853931,91.17211388047747,12.0,198.93165544584886,644.5256510857013
995,Shanghai SouthCh - Nagoya,SEA,PILOT_TO_PILOT,3,995,893,4,5,TssOut,BtwSaki,30.86249782585437,126.05675960036334,91.17211388047747,12.0,199.1316887465942,644.325617784956
996,Shanghai SouthCh - Nagoya,SEA,PILOT_TO_PILOT,3,996,894,4,5,TssOut,BtwSaki,30.862326123544506,126.06063565830898,91.17211388047747,12.0,199.3317220473395,644.1255844842105
997,Shanghai SouthCh - Nagoya,SEA,PILOT_TO_PILOT,3,997,895,4,5,TssOut,BtwSaki,30.862154305771035,126.06451170236707,91.17211388047747,12.0,199.5317553480848,643.9255511834654
998,Shanghai SouthCh - Nagoya,SEA,PILOT_TO_PILOT,3,998,896,4,5,TssOut,BtwSaki,30.861982372535167,126.06838773252841,91.17211388047747,12.0,199.7317886488301,643.7255178827199
999,Shanghai SouthCh - Nagoya,SEA,PILOT_TO_PILOT,3,999,897,4,5,TssOut,BtwSaki,30.8618103238381,126.0722637487838,91.17211388047747,12.0,199.93182194957544,643.5254845819746
1000,Shanghai SouthCh - Nagoya,SEA,PILOT_TO_PILOT,3,1000,898,4,5,TssOut,BtwSaki,30.861638159681043,126.07613975112409,91.17211388047747,12.0,200.13185525032074,643.3254512812293
1001,Shanghai SouthCh - Nagoya,SEA,PILOT_TO_PILOT,3,1001,899,4,5,TssOut,BtwSaki,30.861465880065186,126.08001573954003,91.17211388047747,12.0,200.33188855106604,643.125417980484
1002,Shanghai SouthCh - Nagoya,SEA,PILOT_TO_PILOT,3,1002,900,4,5,TssOut,BtwSaki,30.861293484991734,126.08389171402247,91.17211388047747,12.0,200.53192185181138,642.9253846797387
1003,Shanghai SouthCh - Nagoya,SEA,PILOT_TO_PILOT,3,1003,901,4,5,TssOut,BtwSaki,30.8611209744619,126.0877676745622,91.17211388047747,12.0,200.73195515255668,642.7253513789934
1004,Shanghai SouthCh - Nagoya,SEA,PILOT_TO_PILOT,3,1004,902,4,5,TssOut,BtwSaki,30.860948348476892,126.09164362115007,91.17211388047747,12.0,200.93198845330198,642.5253180782481
1005,Shanghai SouthCh - Nagoya,SEA,PILOT_TO_PILOT,3,1005,903,4,5,TssOut,BtwSaki,30.860775607037898,126.09551955377684,91.17211388047747,12.0,201.1320217540473,642.3252847775028
1006,Shanghai SouthCh - Nagoya,SEA,PILOT_TO_PILOT,3,1006,904,4,5,TssOut,BtwSaki,30.860602750146146,126.09939547243336,91.17211388047747,12.0,201.33205505479262,642.1252514767575
1007,Shanghai SouthCh - Nagoya,SEA,PILOT_TO_PILOT,3,1007,905,4,5,TssOut,BtwSaki,30.86042977780283,126.1032713771104,91.17211388047747,12.0,201.53208835553792,641.9252181760122
1008,Shanghai SouthCh - Nagoya,SEA,PILOT_TO_PILOT,3,1008,906,4,5,TssOut,BtwSaki,30.860256690009145,126.10714726779882,91.17211388047747,12.0,201.73212165628323,641.7251848752669
1009,Shanghai SouthCh - Nagoya,SEA,PILOT_TO_PILOT,3,1009,907,4,5,TssOut,BtwSaki,30.86008348676633,126.11102314448938,91.17211388047747,12.0,201.93215495702853,641.5251515745216
1010,Shanghai SouthCh - Nagoya,SEA,PILOT_TO_PILOT,3,1010,908,4,5,TssOut,BtwSaki,30.85991016807558,126.11489900717297,91.17211388047747,12.0,202.13218825777386,641.3251182737763
1011,Shanghai SouthCh - Nagoya,SEA,PILOT_TO_PILOT,3,1011,909,4,5,TssOut,BtwSaki,30.859736733938096,126.11877485584033,91.17211388047747,12.0,202.33222155851917,641.1250849730309
1012,Shanghai SouthCh - Nagoya,SEA,PILOT_TO_PILOT,3,1012,910,4,5,TssOut,BtwSaki,30.859563184355107,126.12265069048233,91.17211388047747,12.0,202.53225485926447,640.9250516722857
1013,Shanghai SouthCh - Nagoya,SEA,PILOT_TO_PILOT,3,1013,911,4,5,TssOut,BtwSaki,30.859389519327816,126.12652651108974,91.17211388047747,12.0,202.73228816000977,640.7250183715403
1014,Shanghai SouthCh - Nagoya,SEA,PILOT_TO_PILOT,3,1014,912,4,5,TssOut,BtwSaki,30.85921573885743,126.13040231765338,91.17211388047747,12.0,202.9323214607551,640.524985070795
1015,Shanghai SouthCh - Nagoya,SEA,PILOT_TO_PILOT,3,1015,913,4,5,TssOut,BtwSaki,30.859041842945174,126.13427811016409,91.17211388047747,12.0,203.1323547615004,640.3249517700497
1016,Shanghai SouthCh - Nagoya,SEA,PILOT_TO_PILOT,3,1016,914,4,5,TssOut,BtwSaki,30.858867831592253,126.13815388861266,91.17211388047747,12.0,203.3323880622457,640.1249184693044
1017,Shanghai SouthCh - Nagoya,SEA,PILOT_TO_PILOT,3,1017,915,4,5,TssOut,BtwSaki,30.858693704799897,126.14202965298996,91.17211388047747,12.0,203.53242136299102,639.9248851685591
1018,Shanghai SouthCh - Nagoya,SEA,PILOT_TO_PILOT,3,1018,916,4,5,TssOut,BtwSaki,30.858519462569305,126.14590540328673,91.17211388047747,12.0,203.73245466373635,639.7248518678138
1019,Shanghai SouthCh - Nagoya,SEA,PILOT_TO_PILOT,3,1019,917,4,5,TssOut,BtwSaki,30.8583451049017,126.14978113949385,91.17211388047747,12.0,203.93248796448165,639.5248185670685
1020,Shanghai SouthCh - Nagoya,SEA,PILOT_TO_PILOT,3,1020,918,4,5,TssOut,BtwSaki,30.8581706317983,126.1536568616021,91.17211388047747,12.0,204.13252126522696,639.3247852663231
1021,Shanghai SouthCh - Nagoya,SEA,PILOT_TO_PILOT,3,1021,919,4,5,TssOut,BtwSaki,30.857996043260332,126.15753256960231,91.17211388047747,12.0,204.3325545659723,639.1247519655778
1022,Shanghai SouthCh - Nagoya,SEA,PILOT_TO_PILOT,3,1022,920,4,5,TssOut,BtwSaki,30.857821339288996,126.16140826348527,91.17211388047747,12.0,204.5325878667176,638.9247186648325
1023,Shanghai SouthCh - Nagoya,SEA,PILOT_TO_PILOT,3,1023,921,4,5,TssOut,BtwSaki,30.85764651988553,126.16528394324187,91.17211388047747,12.0,204.7326211674629,638.7246853640872
1024,Shanghai SouthCh - Nagoya,SEA,PILOT_TO_PILOT,3,1024,922,4,5,TssOut,BtwSaki,30.857471585051147,126.16915960886287,91.17211388047747,12.0,204.9326544682082,638.5246520633419
1025,Shanghai SouthCh - Nagoya,SEA,PILOT_TO_PILOT,3,1025,923,4,5,TssOut,BtwSaki,30.85729653478706,126.17303526033909,91.17211388047747,12.0,205.13268776895353,638.3246187625966
1026,Shanghai SouthCh - Nagoya,SEA,PILOT_TO_PILOT,3,1026,924,4,5,TssOut,BtwSaki,30.857121369094514,126.17691089766137,91.17211388047747,12.0,205.33272106969883,638.1245854618512
1027,Shanghai SouthCh - Nagoya,SEA,PILOT_TO_PILOT,3,1027,925,4,5,TssOut,BtwSaki,30.856946087974713,126.18078652082053,91.17211388047747,12.0,205.53275437044414,637.924552161106
1028,Shanghai SouthCh - Nagoya,SEA,PILOT_TO_PILOT,3,1028,926,4,5,TssOut,BtwSaki,30.85677069142889,126.18466212980736,91.17211388047747,12.0,205.73278767118944,637.7245188603606
1029,Shanghai SouthCh - Nagoya,SEA,PILOT_TO_PILOT,3,1029,927,4,5,TssOut,BtwSaki,30.85659517945826,126.18853772461273,91.17211388047747,12.0,205.93282097193477,637.5244855596153
1030,Shanghai SouthCh - Nagoya,SEA,PILOT_TO_PILOT,3,1030,928,4,5,TssOut,BtwSaki,30.856419552064057,126.19241330522742,91.17211388047747,12.0,206.13285427268008,637.32445225887
1031,Shanghai SouthCh - Nagoya,SEA,PILOT_TO_PILOT,3,1031,929,4,5,TssOut,BtwSaki,30.85624380924751,126.1962888716423,91.17211388047747,12.0,206.33288757342538,637.1244189581247
1032,Shanghai SouthCh - Nagoya,SEA,PILOT_TO_PILOT,3,1032,930,4,5,TssOut,BtwSaki,30.856067951009827,126.20016442384812,91.17211388047747,12.0,206.53292087417069,636.9243856573794
1033,Shanghai SouthCh - Nagoya,SEA,PILOT_TO_PILOT,3,1033,931,4,5,TssOut,BtwSaki,30.855891977352268,126.20403996183575,91.17211388047747,12.0,206.73295417491602,636.7243523566341
1034,Shanghai SouthCh - Nagoya,SEA,PILOT_TO_PILOT,3,1034,932,4,5,TssOut,BtwSaki,30.855715888276034,126.20791548559603,91.17211388047747,12.0,206.93298747566132,636.5243190558888
1035,Shanghai SouthCh - Nagoya,SEA,PILOT_TO_PILOT,3,1035,933,4,5,TssOut,BtwSaki,30.855539683782364,126.21179099511973,91.17211388047747,12.0,207.13302077640662,636.3242857551435
1036,Shanghai SouthCh - Nagoya,SEA,PILOT_TO_PILOT,3,1036,934,4,5,TssOut,BtwSaki,30.855363363872502,126.21566649039771,91.17211388047747,12.0,207.33305407715193,636.1242524543982
1037,Shanghai SouthCh - Nagoya,SEA,PILOT_TO_PILOT,3,1037,935,4,5,TssOut,BtwSaki,30.855186928547653,126.2195419714208,91.17211388047747,12.0,207.53308737789726,635.9242191536529
1038,Shanghai SouthCh - Nagoya,SEA,PILOT_TO_PILOT,3,1038,936,4,5,TssOut,BtwSaki,30.855010377809062,126.2234174381798,91.17211388047747,12.0,207.73312067864256,635.7241858529076
1039,Shanghai SouthCh - Nagoya,SEA,PILOT_TO_PILOT,3,1039,937,4,5,TssOut,BtwSaki,30.85483371165796,126.22729289066552,91.17211388047747,12.0,207.93315397938787,635.5241525521623
1040,Shanghai SouthCh - Nagoya,SEA,PILOT_TO_PILOT,3,1040,938,4,5,TssOut,BtwSaki,30.854656930095583,126.23116832886885,91.17211388047747,12.0,208.13318728013317,635.324119251417
1041,Shanghai SouthCh - Nagoya,SEA,PILOT_TO_PILOT,3,1041,939,4,5,TssOut,BtwSaki,30.854480033123174,126.23504375278056,91.17211388047747,12.0,208.3332205808785,635.1240859506715
1042,Shanghai SouthCh - Nagoya,SEA,PILOT_TO_PILOT,3,1042,940,4,5,TssOut,BtwSaki,30.854303020741956,126.23891916239147,91.17211388047747,12.0,208.5332538816238,634.9240526499264
1043,Shanghai SouthCh - Nagoya,SEA,PILOT_TO_PILOT,3,1043,941,4,5,TssOut,BtwSaki,30.854125892953153,126.24279455769246,91.17211388047747,12.0,208.7332871823691,634.7240193491809
1044,Shanghai SouthCh - Nagoya,SEA,PILOT_TO_PILOT,3,1044,942,4,5,TssOut,BtwSaki,30.85394864975803,126.2466699386743,91.17211388047747,12.0,208.93332048311444,634.5239860484356
1045,Shanghai SouthCh - Nagoya,SEA,PILOT_TO_PILOT,3,1045,943,4,5,TssOut,BtwSaki,30.853771291157805,126.25054530532786,91.17211388047747,12.0,209.13335378385975,634.3239527476903
1046,Shanghai SouthCh - Nagoya,SEA,PILOT_TO_PILOT,3,1046,944,4,5,TssOut,BtwSaki,30.853593817153723,126.25442065764396,91.17211388047747,12.0,209.33338708460505,634.123919446945
1047,Shanghai SouthCh - Nagoya,SEA,PILOT_TO_PILOT,3,1047,945,4,5,TssOut,BtwSaki,30.85341622774702,126.2582959956134,91.17211388047747,12.0,209.53342038535035,633.9238861461997
1048,Shanghai SouthCh - Nagoya,SEA,PILOT_TO_PILOT,3,1048,946,4,5,TssOut,BtwSaki,30.85323852293893,126.26217131922702,91.17211388047747,12.0,209.7334536860957,633.7238528454544
1049,Shanghai SouthCh - Nagoya,SEA,PILOT_TO_PILOT,3,1049,947,4,5,TssOut,BtwSaki,30.853060702730716,126.26604662847566,91.17211388047747,12.0,209.933486986841,633.5238195447091
1050,Shanghai SouthCh - Nagoya,SEA,PILOT_TO_PILOT,3,1050,948,4,5,TssOut,BtwSaki,30.8528827671236,126.26992192335017,91.17211388047747,12.0,210.1335202875863,633.3237862439638
1051,Shanghai SouthCh - Nagoya,SEA,PILOT_TO_PILOT,3,1051,949,4,5,TssOut,BtwSaki,30.852704716118822,126.27379720384133,91.17211388047747,12.0,210.3335535883316,633.1237529432185
1052,Shanghai SouthCh - Nagoya,SEA,PILOT_TO_PILOT,3,1052,950,4,5,TssOut,BtwSaki,30.852526549717634,126.27767246994,91.17211388047747,12.0,210.53358688907693,632.9237196424732
1053,Shanghai SouthCh - Nagoya,SEA,PILOT_TO_PILOT,3,1053,951,4,5,TssOut,BtwSaki,30.85234826792127,126.28154772163698,91.17211388047747,12.0,210.73362018982223,632.7236863417279
1054,Shanghai SouthCh - Nagoya,SEA,PILOT_TO_PILOT,3,1054,952,4,5,TssOut,BtwSaki,30.852169870730993,126.28542295892314,91.17211388047747,12.0,210.93365349056754,632.5236530409826
1055,Shanghai SouthCh - Nagoya,SEA,PILOT_TO_PILOT,3,1055,953,4,5,TssOut,BtwSaki,30.851991358148034,126.28929818178932,91.17211388047747,12.0,211.13368679131284,632.3236197402373
1056,Shanghai SouthCh - Nagoya,SEA,PILOT_TO_PILOT,3,1056,954,4,5,TssOut,BtwSaki,30.85181273017363,126.29317339022631,91.17211388047747,12.0,211.33372009205817,632.1235864394919
1057,Shanghai SouthCh - Nagoya,SEA,PILOT_TO_PILOT,3,1057,955,4,5,TssOut,BtwSaki,30.851633986809052,126.29704858422495,91.17211388047747,12.0,211.53375339280348,631.9235531387467
1058,Shanghai SouthCh - Nagoya,SEA,PILOT_TO_PILOT,3,1058,956,4,5,TssOut,BtwSaki,30.851455128055534,126.30092376377608,91.17211388047747,12.0,211.73378669354878,631.7235198380013
1059,Shanghai SouthCh - Nagoya,SEA,PILOT_TO_PILOT,3,1059,957,4,5,TssOut,BtwSaki,30.851276153914334,126.30479892887055,91.17211388047747,12.0,211.93381999429408,631.5234865372561
1060,Shanghai SouthCh - Nagoya,SEA,PILOT_TO_PILOT,3,1060,958,4,5,TssOut,BtwSaki,30.85109706438668,126.30867407949918,91.17211388047747,12.0,212.13385329503942,631.3234532365107
1061,Shanghai SouthCh - Nagoya,SEA,PILOT_TO_PILOT,3,1061,959,4,5,TssOut,BtwSaki,30.850917859473846,126.31254921565281,91.17211388047747,12.0,212.33388659578472,631.1234199357654
1062,Shanghai SouthCh - Nagoya,SEA,PILOT_TO_PILOT,3,1062,960,4,5,TssOut,BtwSaki,30.850738539177062,126.31642433732223,91.17211388047747,12.0,212.53391989653002,630.92338663502
1063,Shanghai SouthCh - Nagoya,SEA,PILOT_TO_PILOT,3,1063,961,4,5,TssOut,BtwSaki,30.850559103497595,126.32029944449833,91.17211388047747,12.0,212.73395319727535,630.7233533342747
1064,Shanghai SouthCh - Nagoya,SEA,PILOT_TO_PILOT,3,1064,962,4,5,TssOut,BtwSaki,30.85037955243669,126.32417453717194,91.17211388047747,12.0,212.93398649802066,630.5233200335294
1065,Shanghai SouthCh - Nagoya,SEA,PILOT_TO_PILOT,3,1065,963,4,5,TssOut,BtwSaki,30.85019988599561,126.32804961533387,91.17211388047747,12.0,213.13401979876596,630.3232867327841
1066,Shanghai SouthCh - Nagoya,SEA,PILOT_TO_PILOT,3,1066,964,4,5,TssOut,BtwSaki,30.850020104175595,126.33192467897494,91.17211388047747,12.0,213.33405309951127,630.1232534320388
1067,Shanghai SouthCh - Nagoya,SEA,PILOT_TO_PILOT,3,1067,965,4,5,TssOut,BtwSaki,30.84984020697791,126.33579972808604,91.17211388047747,12.0,213.5340864002566,629.9232201312935
1068,Shanghai SouthCh - Nagoya,SEA,PILOT_TO_PILOT,3,1068,966,4,5,TssOut,BtwSaki,30.84966019440381,126.33967476265799,91.17211388047747,12.0,213.7341197010019,629.7231868305482
1069,Shanghai SouthCh - Nagoya,SEA,PILOT_TO_PILOT,3,1069,967,4,5,TssOut,BtwSaki,30.849480066454543,126.3435497826816,91.17211388047747,12.0,213.9341530017472,629.5231535298029
1070,Shanghai SouthCh - Nagoya,SEA,PILOT_TO_PILOT,3,1070,968,4,5,TssOut,BtwSaki,30.84929982313137,126.3474247881477,91.17211388047747,12.0,214.1341863024925,629.3231202290576
1071,Shanghai SouthCh - Nagoya,SEA,PILOT_TO_PILOT,3,1071,969,4,5,TssOut,BtwSaki,30.84911946443556,126.35129977904718,91.17211388047747,12.0,214.33421960323784,629.1230869283122
1072,Shanghai SouthCh - Nagoya,SEA,PILOT_TO_PILOT,3,1072,970,4,5,TssOut,BtwSaki,30.848938990368357,126.35517475537083,91.17211388047747,12.0,214.53425290398314,628.923053627567
1073,Shanghai SouthCh - Nagoya,SEA,PILOT_TO_PILOT,3,1073,971,4,5,TssOut,BtwSaki,30.848758400931032,126.35904971710951,91.17211388047747,12.0,214.73428620472845,628.7230203268216
1074,Shanghai SouthCh - Nagoya,SEA,PILOT_TO_PILOT,3,1074,972,4,5,TssOut,BtwSaki,30.848577696124828,126.36292466425408,91.17211388047747,12.0,214.93431950547375,628.5229870260764
1075,Shanghai SouthCh - Nagoya,SEA,PILOT_TO_PILOT,3,1075,973,4,5,TssOut,BtwSaki,30.848396875951025,126.36679959679533,91.17211388047747,12.0,215.13435280621908,628.322953725331
1076,Shanghai SouthCh - Nagoya,SEA,PILOT_TO_PILOT,3,1076,974,4,5,TssOut,BtwSaki,30.848215940410878,126.37067451472412,91.17211388047747,12.0,215.3343861069644,628.1229204245857
1077,Shanghai SouthCh - Nagoya,SEA,PILOT_TO_PILOT,3,1077,975,4,5,TssOut,BtwSaki,30.84803488950565,126.37454941803132,91.17211388047747,12.0,215.5344194077097,627.9228871238404
1078,Shanghai SouthCh - Nagoya,SEA,PILOT_TO_PILOT,3,1078,976,4,5,TssOut,BtwSaki,30.847853723236607,126.37842430670771,91.17211388047747,12.0,215.734452708455,627.7228538230951
1079,Shanghai SouthCh - Nagoya,SEA,PILOT_TO_PILOT,3,1079,977,4,5,TssOut,BtwSaki,30.847672441605006,126.38229918074418,91.17211388047747,12.0,215.93448600920033,627.5228205223498
1080,Shanghai SouthCh - Nagoya,SEA,PILOT_TO_PILOT,3,1080,978,4,5,TssOut,BtwSaki,30.84749104461212,126.38617404013156,91.17211388047747,12.0,216.13451930994563,627.3227872216045
1081,Shanghai SouthCh - Nagoya,SEA,PILOT_TO_PILOT,3,1081,979,4,5,TssOut,BtwSaki,30.847309532259207,126.3900488848607,91.17211388047747,12.0,216.33455261069093,627.1227539208592
1082,Shanghai SouthCh - Nagoya,SEA,PILOT_TO_PILOT,3,1082,980,4,5,TssOut,BtwSaki,30.84712790454755,126.39392371492242,91.17211388047747,12.0,216.53458591143624,626.9227206201139
1083,Shanghai SouthCh - Nagoya,SEA,PILOT_TO_PILOT,3,1083,981,4,5,TssOut,BtwSaki,30.846946161478396,126.39779853030757,91.17211388047747,12.0,216.73461921218157,626.7226873193686
1084,Shanghai SouthCh - Nagoya,SEA,PILOT_TO_PILOT,3,1084,982,4,5,TssOut,BtwSaki,30.84676430305302,126.40167333100699,91.17211388047747,12.0,216.93465251292687,626.5226540186233
1085,Shanghai SouthCh - Nagoya,SEA,PILOT_TO_PILOT,3,1085,983,4,5,TssOut,BtwSaki,30.846582329272696,126.40554811701155,91.17211388047747,12.0,217.13468581367218,626.322620717878
1086,Shanghai SouthCh - Nagoya,SEA,PILOT_TO_PILOT,3,1086,984,4,5,TssOut,BtwSaki,30.84640024013869,126.40942288831205,91.17211388047747,12.0,217.3347191144175,626.1225874171325
1087,Shanghai SouthCh - Nagoya,SEA,PILOT_TO_PILOT,3,1087,985,4,5,TssOut,BtwSaki,30.84621803565227,126.41329764489937,91.17211388047747,12.0,217.5347524151628,625.9225541163873
1088,Shanghai SouthCh - Nagoya,SEA,PILOT_TO_PILOT,3,1088,986,4,5,TssOut,BtwSaki,30.84603571581472,126.41717238676434,91.17211388047747,12.0,217.73478571590812,625.7225208156419
1089,Shanghai SouthCh - Nagoya,SEA,PILOT_TO_PILOT,3,1089,987,4,5,TssOut,BtwSaki,30.845853280627296,126.42104711389781,91.17211388047747,12.0,217.93481901665342,625.5224875148967
1090,Shanghai SouthCh - Nagoya,SEA,PILOT_TO_PILOT,3,1090,988,4,5,TssOut,BtwSaki,30.845670730091282,126.42492182629061,91.17211388047747,12.0,218.13485231739875,625.3224542141513
1091,Shanghai SouthCh - Nagoya,SEA,PILOT_TO_PILOT,3,1091,989,4,5,TssOut,BtwSaki,30.84548806420795,126.42879652393363,91.17211388047747,12.0,218.33488561814406,625.122420913406
1092,Shanghai SouthCh - Nagoya,SEA,PILOT_TO_PILOT,3,1092,990,4,5,TssOut,BtwSaki,30.84530528297857,126.43267120681766,91.17211388047747,12.0,218.53491891888936,624.9223876126607
1093,Shanghai SouthCh - Nagoya,SEA,PILOT_TO_PILOT,3,1093,991,4,5,TssOut,BtwSaki,30.845122386404412,126.43654587493357,91.17211388047747,12.0,218.73495221963466,624.7223543119154
1094,Shanghai SouthCh - Nagoya,SEA,PILOT_TO_PILOT,3,1094,992,4,5,TssOut,BtwSaki,30.844939374486774,126.44042052827223,91.17211388047747,12.0,218.93498552038,624.5223210111701
1095,Shanghai SouthCh - Nagoya,SEA,PILOT_TO_PILOT,3,1095,993,4,5,TssOut,BtwSaki,30.84475624722691,126.44429516682443,91.17211388047747,12.0,219.1350188211253,624.3222877104248
1096,Shanghai SouthCh - Nagoya,SEA,PILOT_TO_PILOT,3,1096,994,4,5,TssOut,BtwSaki,30.844573004626103,126.44816979058108,91.17211388047747,12.0,219.3350521218706,624.1222544096795
1097,Shanghai SouthCh - Nagoya,SEA,PILOT_TO_PILOT,3,1097,995,4,5,TssOut,BtwSaki,30.84438964668565,126.452044399533,91.17211388047747,12.0,219.5350854226159,623.9222211089342
1098,Shanghai SouthCh - Nagoya,SEA,PILOT_TO_PILOT,3,1098,996,4,5,TssOut,BtwSaki,30.84420617340681,126.45591899367102,91.17211388047747,12.0,219.73511872336124,623.7221878081889
1099,Shanghai SouthCh - Nagoya,SEA,PILOT_TO_PILOT,3,1099,997,4,5,TssOut,BtwSaki,30.84402258479087,126.45979357298603,91.17211388047747,12.0,219.93515202410654,623.5221545074436
1100,Shanghai SouthCh - Nagoya,SEA,PILOT_TO_PILOT,3,1100,998,4,5,TssOut,BtwSaki,30.84383888083912,126.46366813746884,91.17211388047747,12.0,220.13518532485185,623.3221212066983
1101,Shanghai SouthCh - Nagoya,SEA,PILOT_TO_PILOT,3,1101,999,4,5,TssOut,BtwSaki,30.84365506155282,126.46754268711031,91.17211388047747,12.0,220.33521862559715,623.122087905953
1102,Shanghai SouthCh - Nagoya,SEA,PILOT_TO_PILOT,3,1102,1000,4,5,TssOut,BtwSaki,30.84347112693326,126.47141722190132,91.17211388047747,12.0,220.53525192634248,622.9220546052077
1103,Shanghai SouthCh - Nagoya,SEA,PILOT_TO_PILOT,3,1103,1001,4,5,TssOut,BtwSaki,30.843287076981735,126.4752917418327,91.17211388047747,12.0,220.7352852270878,622.7220213044623
1104,Shanghai SouthCh - Nagoya,SEA,PILOT_TO_PILOT,3,1104,1002,4,5,TssOut,BtwSaki,30.84310291169952,126.47916624689529,91.17211388047747,12.0,220.9353185278331,622.5219880037171
1105,Shanghai SouthCh - Nagoya,SEA,PILOT_TO_PILOT,3,1105,1003,4,5,TssOut,BtwSaki,30.842918631087908,126.48304073707996,91.17211388047747,12.0,221.13535182857842,622.3219547029717
1106,Shanghai SouthCh - Nagoya,SEA,PILOT_TO_PILOT,3,1106,1004,4,5,TssOut,BtwSaki,30.84273423514817,126.48691521237758,91.17211388047747,12.0,221.33538512932373,622.1219214022263
1107,Shanghai SouthCh - Nagoya,SEA,PILOT_TO_PILOT,3,1107,1005,4,5,TssOut,BtwSaki,30.842549723881604,126.49078967277894,91.17211388047747,12.0,221.53541843006903,621.921888101481
1108,Shanghai SouthCh - Nagoya,SEA,PILOT_TO_PILOT,3,1108,1006,4,5,TssOut,BtwSaki,30.842365097289495,126.49466411827494,91.17211388047747,12.0,221.73545173081433,621.7218548007357
1109,Shanghai SouthCh - Nagoya,SEA,PILOT_TO_PILOT,3,1109,1007,4,5,TssOut,BtwSaki,30.842180355373124,126.49853854885643,91.17211388047747,12.0,221.93548503155967,621.5218214999904
1110,Shanghai SouthCh - Nagoya,SEA,PILOT_TO_PILOT,3,1110,1008,4,5,TssOut,BtwSaki,30.84199549813379,126.50241296451424,91.17211388047747,12.0,222.13551833230497,621.3217881992451
1111,Shanghai SouthCh - Nagoya,SEA,PILOT_TO_PILOT,3,1111,1009,4,5,TssOut,BtwSaki,30.841810525572786,126.50628736523925,91.17211388047747,12.0,222.33555163305027,621.1217548984998
1112,Shanghai SouthCh - Nagoya,SEA,PILOT_TO_PILOT,3,1112,1010,4,5,TssOut,BtwSaki,30.84162543769138,126.51016175102231,91.17211388047747,12.0,222.53558493379558,620.9217215977545
1113,Shanghai SouthCh - Nagoya,SEA,PILOT_TO_PILOT,3,1113,1011,4,5,TssOut,BtwSaki,30.841440234490893,126.51403612185428,91.17211388047747,12.0,222.7356182345409,620.7216882970092
1114,Shanghai SouthCh - Nagoya,SEA,PILOT_TO_PILOT,3,1114,1012,4,5,TssOut,BtwSaki,30.84125491597259,126.51791047772598,91.17211388047747,12.0,222.9356515352862,620.5216549962639
1115,Shanghai SouthCh - Nagoya,SEA,PILOT_TO_PILOT,3,1115,1013,4,5,TssOut,BtwSaki,30.841069482137783,126.52178481862829,91.17211388047747,12.0,223.13568483603152,620.3216216955186
1116,Shanghai SouthCh - Nagoya,SEA,PILOT_TO_PILOT,3,1116,1014,4,5,TssOut,BtwSaki,30.84088393298777,126.52565914455207,91.17211388047747,12.0,223.33571813677682,620.1215883947733
1117,Shanghai SouthCh - Nagoya,SEA,PILOT_TO_PILOT,3,1117,1015,4,5,TssOut,BtwSaki,30.840698268523813,126.52953345548818,91.17211388047747,12.0,223.53575143752215,619.921555094028
1118,Shanghai SouthCh - Nagoya,SEA,PILOT_TO_PILOT,3,1118,1016,4,5,TssOut,BtwSaki,30.84051248874724,126.53340775142748,91.17211388047747,12.0,223.73578473826745,619.7215217932826
1119,Shanghai SouthCh - Nagoya,SEA,PILOT_TO_PILOT,3,1119,1017,4,5,TssOut,BtwSaki,30.84032659365933,126.5372820323608,91.17211388047747,12.0,223.93581803901276,619.5214884925374
1120,Shanghai SouthCh - Nagoya,SEA,PILOT_TO_PILOT,3,1120,1018,4,5,TssOut,BtwSaki,30.84014058326139,126.54115629827902,91.17211388047747,12.0,224.13585133975806,619.321455191792
1121,Shanghai SouthCh - Nagoya,SEA,PILOT_TO_PILOT,3,1121,1019,4,5,TssOut,BtwSaki,30.83995445755471,126.54503054917298,91.17211388047747,12.0,224.3358846405034,619.1214218910467
1122,Shanghai SouthCh - Nagoya,SEA,PILOT_TO_PILOT,3,1122,1020,4,5,TssOut,BtwSaki,30.83976821654059,126.54890478503357,91.17211388047747,12.0,224.5359179412487,618.9213885903014
1123,Shanghai SouthCh - Nagoya,SEA,PILOT_TO_PILOT,3,1123,1021,4,5,TssOut,BtwSaki,30.839581860220324,126.55277900585162,91.17211388047747,12.0,224.735951241994,618.7213552895561
1124,Shanghai SouthCh - Nagoya,SEA,PILOT_TO_PILOT,3,1124,1022,4,5,TssOut,BtwSaki,30.839395388595225,126.55665321161801,91.17211388047747,12.0,224.9359845427393,618.5213219888108
1125,Shanghai SouthCh - Nagoya,SEA,PILOT_TO_PILOT,3,1125,1023,4,5,TssOut,BtwSaki,30.839208801666583,126.56052740232359,91.17211388047747,12.0,225.13601784348464,618.3212886880655
1126,Shanghai SouthCh - Nagoya,SEA,PILOT_TO_PILOT,3,1126,1024,4,5,TssOut,BtwSaki,30.839022099435713,126.56440157795922,91.17211388047747,12.0,225.33605114422994,618.1212553873202
1127,Shanghai SouthCh - Nagoya,SEA,PILOT_TO_PILOT,3,1127,1025,4,5,TssOut,BtwSaki,30.838835281903897,126.56827573851575,91.17211388047747,12.0,225.53608444497524,617.9212220865749
1128,Shanghai SouthCh - Nagoya,SEA,PILOT_TO_PILOT,3,1128,1026,4,5,TssOut,BtwSaki,30.838648349072447,126.57214988398407,91.17211388047747,12.0,225.73611774572058,617.7211887858296
1129,Shanghai SouthCh - Nagoya,SEA,PILOT_TO_PILOT,3,1129,1027,4,5,TssOut,BtwSaki,30.838461300942672,126.576024014355,91.17211388047747,12.0,225.93615104646588,617.5211554850843
1130,Shanghai SouthCh - Nagoya,SEA,PILOT_TO_PILOT,3,1130,1028,4,5,TssOut,BtwSaki,30.83827413751587,126.57989812961945,91.17211388047747,12.0,226.13618434721118,617.321122184339
1131,Shanghai SouthCh - Nagoya,SEA,PILOT_TO_PILOT,3,1131,1029,4,5,TssOut,BtwSaki,30.838086858793353,126.58377222976824,91.17211388047747,12.0,226.3362176479565,617.1210888835936
1132,Shanghai SouthCh - Nagoya,SEA,PILOT_TO_PILOT,3,1132,1030,4,5,TssOut,BtwSaki,30.837899464776424,126.5876463147923,91.17211388047747,12.0,226.53625094870182,616.9210555828483
1133,Shanghai SouthCh - Nagoya,SEA,PILOT_TO_PILOT,3,1133,1031,4,5,TssOut,BtwSaki,30.83771195546638,126.59152038468238,91.17211388047747,12.0,226.73628424944712,616.7210222821029
1134,Shanghai SouthCh - Nagoya,SEA,PILOT_TO_PILOT,3,1134,1032,4,5,TssOut,BtwSaki,30.83752433086455,126.59539443942943,91.17211388047747,12.0,226.93631755019243,616.5209889813577
1135,Shanghai SouthCh - Nagoya,SEA,PILOT_TO_PILOT,3,1135,1033,4,5,TssOut,BtwSaki,30.83733659097222,126.5992684790243,91.17211388047747,12.0,227.13635085093773,616.3209556806123
1136,Shanghai SouthCh - Nagoya,SEA,PILOT_TO_PILOT,3,1136,1034,4,5,TssOut,BtwSaki,30.837148735790713,126.60314250345783,91.17211388047747,12.0,227.33638415168306,616.120922379867
1137,Shanghai SouthCh - Nagoya,SEA,PILOT_TO_PILOT,3,1137,1035,4,5,TssOut,BtwSaki,30.836960765321333,126.60701651272093,91.17211388047747,12.0,227.53641745242837,615.9208890791217
1138,Shanghai SouthCh - Nagoya,SEA,PILOT_TO_PILOT,3,1138,1036,4,5,TssOut,BtwSaki,30.836772679565403,126.61089050680441,91.17211388047747,12.0,227.73645075317367,615.7208557783764
1139,Shanghai SouthCh - Nagoya,SEA,PILOT_TO_PILOT,3,1139,1037,4,5,TssOut,BtwSaki,30.836584478524216,126.61476448569917,91.17211388047747,12.0,227.93648405391897,615.5208224776311
1140,Shanghai SouthCh - Nagoya,SEA,PILOT_TO_PILOT,3,1140,1038,4,5,TssOut,BtwSaki,30.836396162199097,126.61863844939609,91.17211388047747,12.0,228.1365173546643,615.3207891768858
1141,Shanghai SouthCh - Nagoya,SEA,PILOT_TO_PILOT,3,1141,1039,4,5,TssOut,BtwSaki,30.836207730591358,126.62251239788596,91.17211388047747,12.0,228.3365506554096,615.1207558761405
1142,Shanghai SouthCh - Nagoya,SEA,PILOT_TO_PILOT,3,1142,1040,4,5,TssOut,BtwSaki,30.836019183702316,126.62638633115975,91.17211388047747,12.0,228.5365839561549,614.9207225753952
1143,Shanghai SouthCh - Nagoya,SEA,PILOT_TO_PILOT,3,1143,1041,4,5,TssOut,BtwSaki,30.835830521533275,126.63026024920826,91.17211388047747,12.0,228.73661725690022,614.7206892746499
1144,Shanghai SouthCh - Nagoya,SEA,PILOT_TO_PILOT,3,1144,1042,4,5,TssOut,BtwSaki,30.835641744085564,126.6341341520224,91.17211388047747,12.0,228.93665055764555,614.5206559739046
1145,Shanghai SouthCh - Nagoya,SEA,PILOT_TO_PILOT,3,1145,1043,4,5,TssOut,BtwSaki,30.835452851360486,126.63800803959299,91.17211388047747,12.0,229.13668385839085,614.3206226731593
1146,Shanghai SouthCh - Nagoya,SEA,PILOT_TO_PILOT,3,1146,1044,4,5,TssOut,BtwSaki,30.83526384335937,126.64188191191094,91.17211388047747,12.0,229.33671715913616,614.120589372414
1147,Shanghai SouthCh - Nagoya,SEA,PILOT_TO_PILOT,3,1147,1045,4,5,TssOut,BtwSaki,30.835074720083526,126.6457557689671,91.17211388047747,12.0,229.53675045988146,613.9205560716687
1148,Shanghai SouthCh - Nagoya,SEA,PILOT_TO_PILOT,3,1148,1046,4,5,TssOut,BtwSaki,30.83488548153428,126.64962961075234,91.17211388047747,12.0,229.7367837606268,613.7205227709233
1149,Shanghai SouthCh - Nagoya,SEA,PILOT_TO_PILOT,3,1149,1047,4,5,TssOut,BtwSaki,30.834696127712938,126.65350343725751,91.17211388047747,12.0,229.9368170613721,613.5204894701781
1150,Shanghai SouthCh - Nagoya,SEA,PILOT_TO_PILOT,3,1150,1048,4,5,TssOut,BtwSaki,30.834506658620832,126.65737724847352,91.17211388047747,12.0,230.1368503621174,613.3204561694326
1151,Shanghai SouthCh - Nagoya,SEA,PILOT_TO_PILOT,3,1151,1049,4,5,TssOut,BtwSaki,30.834317074259292,126.66125104439125,91.17211388047747,12.0,230.33688366286273,613.1204228686873
1152,Shanghai SouthCh - Nagoya,SEA,PILOT_TO_PILOT,3,1152,1050,4,5,TssOut,BtwSaki,30.83412737462961,126.66512482500153,91.17211388047747,12.0,230.53691696360804,612.920389567942
1153,Shanghai SouthCh - Nagoya,SEA,PILOT_TO_PILOT,3,1153,1051,4,5,TssOut,BtwSaki,30.833937559733144,126.66899859029525,91.17211388047747,12.0,230.73695026435334,612.7203562671967
1154,Shanghai SouthCh - Nagoya,SEA,PILOT_TO_PILOT,3,1154,1052,4,5,TssOut,BtwSaki,30.833747629571192,126.67287234026327,91.17211388047747,12.0,230.93698356509864,612.5203229664514
1155,Shanghai SouthCh - Nagoya,SEA,PILOT_TO_PILOT,3,1155,1053,4,5,TssOut,BtwSaki,30.833557584145098,126.67674607489646,91.17211388047747,12.0,231.13701686584398,612.3202896657061
1156,Shanghai SouthCh - Nagoya,SEA,PILOT_TO_PILOT,3,1156,1054,4,5,TssOut,BtwSaki,30.83336742345616,126.68061979418572,91.17211388047747,12.0,231.33705016658928,612.1202563649608
1157,Shanghai SouthCh - Nagoya,SEA,PILOT_TO_PILOT,3,1157,1055,4,5,TssOut,BtwSaki,30.833177147505733,126.6844934981219,91.17211388047747,12.0,231.53708346733458,611.9202230642155
1158,Shanghai SouthCh - Nagoya,SEA,PILOT_TO_PILOT,3,1158,1056,4,5,TssOut,BtwSaki,30.83298675629513,126.6883671866959,91.17211388047747,12.0,231.7371167680799,611.7201897634702
1159,Shanghai SouthCh - Nagoya,SEA,PILOT_TO_PILOT,3,1159,1057,4,5,TssOut,BtwSaki,30.832796249825677,126.69224085989856,91.17211388047747,12.0,231.93715006882522,611.5201564627249
1160,Shanghai SouthCh - Nagoya,SEA,PILOT_TO_PILOT,3,1160,1058,4,5,TssOut,BtwSaki,30.832605628098705,126.69611451772077,91.17211388047747,12.0,232.13718336957052,611.3201231619796
1161,Shanghai SouthCh - Nagoya,SEA,PILOT_TO_PILOT,3,1161,1059,4,5,TssOut,BtwSaki,30.832414891115548,126.69998816015341,91.17211388047747,12.0,232.33721667031583,611.1200898612343
1162,Shanghai SouthCh - Nagoya,SEA,PILOT_TO_PILOT,3,1162,1060,4,5,TssOut,BtwSaki,30.83222403887753,126.70386178718736,91.17211388047747,12.0,232.53724997106113,610.920056560489
1163,Shanghai SouthCh - Nagoya,SEA,PILOT_TO_PILOT,3,1163,1061,4,5,TssOut,BtwSaki,30.83203307138598,126.70773539881347,91.17211388047747,12.0,232.73728327180646,610.7200232597436
1164,Shanghai SouthCh - Nagoya,SEA,PILOT_TO_PILOT,3,1164,1062,4,5,TssOut,BtwSaki,30.831841988642235,126.71160899502264,91.17211388047747,12.0,232.93731657255177,610.5199899589984
1165,Shanghai SouthCh - Nagoya,SEA,PILOT_TO_PILOT,3,1165,1063,4,5,TssOut,BtwSaki,30.831650790647615,126.71548257580574,91.17211388047747,12.0,233.13734987329707,610.319956658253
1166,Shanghai SouthCh - Nagoya,SEA,PILOT_TO_PILOT,3,1166,1064,4,5,TssOut,BtwSaki,30.831459477403474,126.71935614115365,91.17211388047747,12.0,233.33738317404237,610.1199233575078
1167,Shanghai SouthCh - Nagoya,SEA,PILOT_TO_PILOT,3,1167,1065,4,5,TssOut,BtwSaki,30.831268048911127,126.72322969105726,91.17211388047747,12.0,233.5374164747877,609.9198900567624
1168,Shanghai SouthCh - Nagoya,SEA,PILOT_TO_PILOT,3,1168,1066,4,5,TssOut,BtwSaki,30.831076505171918,126.7271032255074,91.17211388047747,12.0,233.737449775533,609.7198567560171
1169,Shanghai SouthCh - Nagoya,SEA,PILOT_TO_PILOT,3,1169,1067,4,5,TssOut,BtwSaki,30.830884846187185,126.730976744495,91.17211388047747,12.0,233.9374830762783,609.5198234552718
1170,Shanghai SouthCh - Nagoya,SEA,PILOT_TO_PILOT,3,1170,1068,4,5,TssOut,BtwSaki,30.83069307195825,126.73485024801093,91.17211388047747,12.0,234.13751637702364,609.3197901545265
1171,Shanghai SouthCh - Nagoya,SEA,PILOT_TO_PILOT,3,1171,1069,4,5,TssOut,BtwSaki,30.83050118248647,126.73872373604604,91.17211388047747,12.0,234.33754967776895,609.1197568537812
1172,Shanghai SouthCh - Nagoya,SEA,PILOT_TO_PILOT,3,1172,1070,4,5,TssOut,BtwSaki,30.830309177773152,126.74259720859122,91.17211388047747,12.0,234.53758297851425,608.9197235530359
1173,Shanghai SouthCh - Nagoya,SEA,PILOT_TO_PILOT,3,1173,1071,4,5,TssOut,BtwSaki,30.830117057819674,126.74647066563739,91.17211388047747,12.0,234.73761627925956,608.7196902522905
1174,Shanghai SouthCh - Nagoya,SEA,PILOT_TO_PILOT,3,1174,1072,4,5,TssOut,BtwSaki,30.829924822627348,126.7503441071754,91.17211388047747,12.0,234.9376495800049,608.5196569515452
1175,Shanghai SouthCh - Nagoya,SEA,PILOT_TO_PILOT,3,1175,1073,4,5,TssOut,BtwSaki,30.829732472197527,126.75421753319614,91.17211388047747,12.0,235.1376828807502,608.3196236507999
1176,Shanghai SouthCh - Nagoya,SEA,PILOT_TO_PILOT,3,1176,1074,4,5,TssOut,BtwSaki,30.82954000653154,126.75809094369045,91.17211388047747,12.0,235.3377161814955,608.1195903500546
1177,Shanghai SouthCh - Nagoya,SEA,PILOT_TO_PILOT,3,1177,1075,4,5,TssOut,BtwSaki,30.829347425630736,126.76196433864924,91.17211388047747,12.0,235.5377494822408,607.9195570493093
1178,Shanghai SouthCh - Nagoya,SEA,PILOT_TO_PILOT,3,1178,1076,4,5,TssOut,BtwSaki,30.82915472949646,126.76583771806342,91.17211388047747,12.0,235.73778278298613,607.7195237485639
1179,Shanghai SouthCh - Nagoya,SEA,PILOT_TO_PILOT,3,1179,1077,4,5,TssOut,BtwSaki,30.828961918130055,126.76971108192387,91.17211388047747,12.0,235.93781608373143,607.5194904478187
1180,Shanghai SouthCh - Nagoya,SEA,PILOT_TO_PILOT,3,1180,1078,4,5,TssOut,BtwSaki,30.828768991532858,126.77358443022142,91.17211388047747,12.0,236.13784938447674,607.3194571470733
1181,Shanghai SouthCh - Nagoya,SEA,PILOT_TO_PILOT,3,1181,1079,4,5,TssOut,BtwSaki,30.828575949706217,126.777457762947,91.17211388047747,12.0,236.33788268522204,607.1194238463281
1182,Shanghai SouthCh - Nagoya,SEA,PILOT_TO_PILOT,3,1182,1080,4,5,TssOut,BtwSaki,30.82838279265148,126.78133108009148,91.17211388047747,12.0,236.53791598596737,606.9193905455827
1183,Shanghai SouthCh - Nagoya,SEA,PILOT_TO_PILOT,3,1183,1081,4,5,TssOut,BtwSaki,30.82818952036999,126.78520438164574,91.17211388047747,12.0,236.73794928671268,606.7193572448374
1184,Shanghai SouthCh - Nagoya,SEA,PILOT_TO_PILOT,3,1184,1082,4,5,TssOut,BtwSaki,30.8279961328631,126.78907766760065,91.17211388047747,12.0,236.93798258745798,606.5193239440921
1185,Shanghai SouthCh - Nagoya,SEA,PILOT_TO_PILOT,3,1185,1083,4,5,TssOut,BtwSaki,30.82780263013215,126.79295093794717,91.17211388047747,12.0,237.13801588820328,606.3192906433468
1186,Shanghai SouthCh - Nagoya,SEA,PILOT_TO_PILOT,3,1186,1084,4,5,TssOut,BtwSaki,30.8276090121785,126.79682419267608,91.17211388047747,12.0,237.33804918894862,606.1192573426015
1187,Shanghai SouthCh - Nagoya,SEA,PILOT_TO_PILOT,3,1187,1085,4,5,TssOut,BtwSaki,30.827415279003485,126.80069743177835,91.17211388047747,12.0,237.53808248969392,605.9192240418562
1188,Shanghai SouthCh - Nagoya,SEA,PILOT_TO_PILOT,3,1188,1086,4,5,TssOut,BtwSaki,30.82722143060846,126.80457065524483,91.17211388047747,12.0,237.73811579043922,605.7191907411109
1189,Shanghai SouthCh - Nagoya,SEA,PILOT_TO_PILOT,3,1189,1087,4,5,TssOut,BtwSaki,30.827027466994792,126.80844386306642,91.17211388047747,12.0,237.93814909118453,605.5191574403656
1190,Shanghai SouthCh - Nagoya,SEA,PILOT_TO_PILOT,3,1190,1088,4,5,TssOut,BtwSaki,30.826833388163806,126.81231705523398,91.17211388047747,12.0,238.13818239192986,605.3191241396203
1191,Shanghai SouthCh - Nagoya,SEA,PILOT_TO_PILOT,3,1191,1089,4,5,TssOut,BtwSaki,30.826639194116883,126.81619023173842,91.17211388047747,12.0,238.33821569267516,605.119090838875
1192,Shanghai SouthCh - Nagoya,SEA,PILOT_TO_PILOT,3,1192,1090,4,5,TssOut,BtwSaki,30.826444884855345,126.82006339257062,91.17211388047747,12.0,238.53824899342047,604.9190575381297
1193,Shanghai SouthCh - Nagoya,SEA,PILOT_TO_PILOT,3,1193,1091,4,5,TssOut,BtwSaki,30.826250460380574,126.82393653772148,91.17211388047747,12.0,238.7382822941658,604.7190242373842
1194,Shanghai SouthCh - Nagoya,SEA,PILOT_TO_PILOT,3,1194,1092,4,5,TssOut,BtwSaki,30.82605592069391,126.8278096671819,91.17211388047747,12.0,238.9383155949111,604.518990936639
1195,Shanghai SouthCh - Nagoya,SEA,PILOT_TO_PILOT,3,1195,1093,4,5,TssOut,BtwSaki,30.82586126579672,126.83168278094274,91.17211388047747,12.0,239.1383488956564,604.3189576358936
1196,Shanghai SouthCh - Nagoya,SEA,PILOT_TO_PILOT,3,1196,1094,4,5,TssOut,BtwSaki,30.825666495690342,126.83555587899491,91.17211388047747,12.0,239.3383821964017,604.1189243351484
1197,Shanghai SouthCh - Nagoya,SEA,PILOT_TO_PILOT,3,1197,1095,4,5,TssOut,BtwSaki,30.825471610376155,126.83942896132929,91.17211388047747,12.0,239.53841549714704,603.918891034403
1198,Shanghai SouthCh - Nagoya,SEA,PILOT_TO_PILOT,3,1198,1096,4,5,TssOut,BtwSaki,30.82527660985551,126.84330202793677,91.17211388047747,12.0,239.73844879789235,603.7188577336577
1199,Shanghai SouthCh - Nagoya,SEA,PILOT_TO_PILOT,3,1199,1097,4,5,TssOut,BtwSaki,30.825081494129755,126.84717507880826,91.17211388047747,12.0,239.93848209863765,603.5188244329124
1200,Shanghai SouthCh - Nagoya,SEA,PILOT_TO_PILOT,3,1200,1098,4,5,TssOut,BtwSaki,30.824886263200256,126.85104811393464,91.17211388047747,12.0,240.13851539938295,603.3187911321671
1201,Shanghai SouthCh - Nagoya,SEA,PILOT_TO_PILOT,3,1201,1099,4,5,TssOut,BtwSaki,30.82469091706838,126.85492113330679,91.17211388047747,12.0,240.33854870012829,603.1187578314218
1202,Shanghai SouthCh - Nagoya,SEA,PILOT_TO_PILOT,3,1202,1100,4,5,TssOut,BtwSaki,30.824495455735484,126.85879413691562,91.17211388047747,12.0,240.5385820008736,602.9187245306765
1203,Shanghai SouthCh - Nagoya,SEA,PILOT_TO_PILOT,3,1203,1101,4,5,TssOut,BtwSaki,30.82429987920293,126.862667124752,91.17211388047747,12.0,240.7386153016189,602.7186912299312
1204,Shanghai SouthCh - Nagoya,SEA,PILOT_TO_PILOT,3,1204,1102,4,5,TssOut,BtwSaki,30.82410418747208,126.86654009680686,91.17211388047747,12.0,240.9386486023642,602.5186579291859
1205,Shanghai SouthCh - Nagoya,SEA,PILOT_TO_PILOT,3,1205,1103,4,5,TssOut,BtwSaki,30.823908380544307,126.87041305307106,91.17211388047747,12.0,241.13868190310953,602.3186246284406
1206,Shanghai SouthCh - Nagoya,SEA,PILOT_TO_PILOT,3,1206,1104,4,5,TssOut,BtwSaki,30.82371245842096,126.87428599353554,91.17211388047747,12.0,241.33871520385483,602.1185913276953
1207,Shanghai SouthCh - Nagoya,SEA,PILOT_TO_PILOT,3,1207,1105,4,5,TssOut,BtwSaki,30.823516421103406,126.87815891819113,91.17211388047747,12.0,241.53874850460014,601.91855802695
1208,Shanghai SouthCh - Nagoya,SEA,PILOT_TO_PILOT,3,1208,1106,4,5,TssOut,BtwSaki,30.82332026859303,126.88203182702878,91.17211388047747,12.0,241.73878180534544,601.7185247262047
1209,Shanghai SouthCh - Nagoya,SEA,PILOT_TO_PILOT,3,1209,1107,4,5,TssOut,BtwSaki,30.823124000891177,126.88590472003936,91.17211388047747,12.0,241.93881510609077,601.5184914254594
1210,Shanghai SouthCh - Nagoya,SEA,PILOT_TO_PILOT,3,1210,1108,4,5,TssOut,BtwSaki,30.822927617999223,126.88977759721378,91.17211388047747,12.0,242.13884840683608,601.318458124714
1211,Shanghai SouthCh - Nagoya,SEA,PILOT_TO_PILOT,3,1211,1109,4,5,TssOut,BtwSaki,30.822731119918533,126.89365045854291,91.17211388047747,12.0,242.33888170758138,601.1184248239688
1212,Shanghai SouthCh - Nagoya,SEA,PILOT_TO_PILOT,3,1212,1110,4,5,TssOut,BtwSaki,30.822534506650484,126.8975233040177,91.17211388047747,12.0,242.5389150083267,600.9183915232234
1213,Shanghai SouthCh - Nagoya,SEA,PILOT_TO_PILOT,3,1213,1111,4,5,TssOut,BtwSaki,30.82233777819644,126.90139613362899,91.17211388047747,12.0,242.73894830907201,600.7183582224781
1214,Shanghai SouthCh - Nagoya,SEA,PILOT_TO_PILOT,3,1214,1112,4,5,TssOut,BtwSaki,30.822140934557776,126.90526894736769,91.17211388047747,12.0,242.93898160981732,600.5183249217328
1215,Shanghai SouthCh - Nagoya,SEA,PILOT_TO_PILOT,3,1215,1113,4,5,TssOut,BtwSaki,30.821943975735866,126.90914174522473,91.17211388047747,12.0,243.13901491056262,600.3182916209875
1216,Shanghai SouthCh - Nagoya,SEA,PILOT_TO_PILOT,3,1216,1114,4,5,TssOut,BtwSaki,30.821746901732066,126.91301452719098,91.17211388047747,12.0,243.33904821130795,600.1182583202421
1217,Shanghai SouthCh - Nagoya,SEA,PILOT_TO_PILOT,3,1217,1115,4,5,TssOut,BtwSaki,30.821549712547768,126.91688729325735,91.17211388047747,12.0,243.53908151205326,599.9182250194968
1218,Shanghai SouthCh - Nagoya,SEA,PILOT_TO_PILOT,3,1218,1116,4,5,TssOut,BtwSaki,30.821352408184328,126.92076004341475,91.17211388047747,12.0,243.73911481279856,599.7181917187515
1219,Shanghai SouthCh - Nagoya,SEA,PILOT_TO_PILOT,3,1219,1117,4,5,TssOut,BtwSaki,30.821154988643148,126.92463277765405,91.17211388047747,12.0,243.93914811354387,599.5181584180062
1220,Shanghai SouthCh - Nagoya,SEA,PILOT_TO_PILOT,3,1220,1118,4,5,TssOut,BtwSaki,30.820957453925573,126.92850549596619,91.17211388047747,12.0,244.1391814142892,599.3181251172609
1221,Shanghai SouthCh - Nagoya,SEA,PILOT_TO_PILOT,3,1221,1119,4,5,TssOut,BtwSaki,30.820759804033,126.93237819834202,91.17211388047747,12.0,244.3392147150345,599.1180918165156
1222,Shanghai SouthCh - Nagoya,SEA,PILOT_TO_PILOT,3,1222,1120,4,5,TssOut,BtwSaki,30.820562038966788,126.9362508847725,91.17211388047747,12.0,244.5392480157798,598.9180585157703
1223,Shanghai SouthCh - Nagoya,SEA,PILOT_TO_PILOT,3,1223,1121,4,5,TssOut,BtwSaki,30.820364158728342,126.94012355524848,91.17211388047747,12.0,244.7392813165251,598.718025215025
1224,Shanghai SouthCh - Nagoya,SEA,PILOT_TO_PILOT,3,1224,1122,4,5,TssOut,BtwSaki,30.820166163319012,126.94399620976091,91.17211388047747,12.0,244.93931461727044,598.5179919142797
1225,Shanghai SouthCh - Nagoya,SEA,PILOT_TO_PILOT,3,1225,1123,4,5,TssOut,BtwSaki,30.819968052740204,126.94786884830066,91.17211388047747,12.0,245.13934791801574,598.3179586135343
1226,Shanghai SouthCh - Nagoya,SEA,PILOT_TO_PILOT,3,1226,1124,4,5,TssOut,BtwSaki,30.81976982699327,126.95174147085864,91.17211388047747,12.0,245.33938121876105,598.1179253127891
1227,Shanghai SouthCh - Nagoya,SEA,PILOT_TO_PILOT,3,1227,1125,4,5,TssOut,BtwSaki,30.819571486079617,126.95561407742576,91.17211388047747,12.0,245.53941451950635,597.9178920120437
1228,Shanghai SouthCh - Nagoya,SEA,PILOT_TO_PILOT,3,1228,1126,4,5,TssOut,BtwSaki,30.819373030000605,126.9594866679929,91.17211388047747,12.0,245.73944782025168,597.7178587112984
1229,Shanghai SouthCh - Nagoya,SEA,PILOT_TO_PILOT,3,1229,1127,4,5,TssOut,BtwSaki,30.819174458757622,126.96335924255102,91.17211388047747,12.0,245.939481120997,597.5178254105531
1230,Shanghai SouthCh - Nagoya,SEA,PILOT_TO_PILOT,3,1230,1128,4,5,TssOut,BtwSaki,30.81897577235206,126.96723180109097,91.17211388047747,12.0,246.1395144217423,597.3177921098078
1231,Shanghai SouthCh - Nagoya,SEA,PILOT_TO_PILOT,3,1231,1129,4,5,TssOut,BtwSaki,30.818776970785304,126.97110434360367,91.17211388047747,12.0,246.3395477224876,597.1177588090625
1232,Shanghai SouthCh - Nagoya,SEA,PILOT_TO_PILOT,3,1232,1130,4,5,TssOut,BtwSaki,30.818578054058733,126.97497687008004,91.17211388047747,12.0,246.53958102323293,596.9177255083172
1233,Shanghai SouthCh - Nagoya,SEA,PILOT_TO_PILOT,3,1233,1131,4,5,TssOut,BtwSaki,30.81837902217374,126.978849380511,91.17211388047747,12.0,246.73961432397823,596.7176922075719
1234,Shanghai SouthCh - Nagoya,SEA,PILOT_TO_PILOT,3,1234,1132,4,5,TssOut,BtwSaki,30.818179875131694,126.9827218748874,91.17211388047747,12.0,246.93964762472353,596.5176589068266
1235,Shanghai SouthCh - Nagoya,SEA,PILOT_TO_PILOT,3,1235,1133,4,5,TssOut,BtwSaki,30.817980612933994,126.98659435320022,91.17211388047747,12.0,247.13968092546887,596.3176256060813
1236,Shanghai SouthCh - Nagoya,SEA,PILOT_TO_PILOT,3,1236,1134,4,5,TssOut,BtwSaki,30.81778123558203,126.9904668154403,91.17211388047747,12.0,247.33971422621417,596.117592305336
1237,Shanghai SouthCh - Nagoya,SEA,PILOT_TO_PILOT,3,1237,1135,4,5,TssOut,BtwSaki,30.81758174307718,126.99433926159858,91.17211388047747,12.0,247.53974752695947,595.9175590045907
1238,Shanghai SouthCh - Nagoya,SEA,PILOT_TO_PILOT,3,1238,1136,4,5,TssOut,BtwSaki,30.81738213542085,126.99821169166597,91.17211388047747,12.0,247.73978082770478,595.7175257038454
1239,Shanghai SouthCh - Nagoya,SEA,PILOT_TO_PILOT,3,1239,1137,4,5,TssOut,BtwSaki,30.817182412614432,127.0020841056334,91.17211388047747,12.0,247.9398141284501,595.5174924031
1240,Shanghai SouthCh - Nagoya,SEA,PILOT_TO_PILOT,3,1240,1138,4,5,TssOut,BtwSaki,30.816982574659292,127.00595650349173,91.17211388047747,12.0,248.1398474291954,595.3174591023546
1241,Shanghai SouthCh - Nagoya,SEA,PILOT_TO_PILOT,3,1241,1139,4,5,TssOut,BtwSaki,30.81678262155684,127.0098288852319,91.17211388047747,12.0,248.33988072994072,595.1174258016094
1242,Shanghai SouthCh - Nagoya,SEA,PILOT_TO_PILOT,3,1242,1140,4,5,TssOut,BtwSaki,30.816582553308464,127.01370125084482,91.17211388047747,12.0,248.53991403068602,594.917392500864
1243,Shanghai SouthCh - Nagoya,SEA,PILOT_TO_PILOT,3,1243,1141,4,5,TssOut,BtwSaki,30.81638236991557,127.01757360032141,91.17211388047747,12.0,248.73994733143135,594.7173592001187
1244,Shanghai SouthCh - Nagoya,SEA,PILOT_TO_PILOT,3,1244,1142,4,5,TssOut,BtwSaki,30.81618207137953,127.02144593365254,91.17211388047747,12.0,248.93998063217666,594.5173258993734
1245,Shanghai SouthCh - Nagoya,SEA,PILOT_TO_PILOT,3,1245,1143,4,5,TssOut,BtwSaki,30.815981657701766,127.02531825082917,91.17211388047747,12.0,249.14001393292196,594.3172925986281
1246,Shanghai SouthCh - Nagoya,SEA,PILOT_TO_PILOT,3,1246,1144,4,5,TssOut,BtwSaki,30.815781128883646,127.02919055184218,91.17211388047747,12.0,249.34004723366726,594.1172592978828
1247,Shanghai SouthCh - Nagoya,SEA,PILOT_TO_PILOT,3,1247,1145,4,5,TssOut,BtwSaki,30.815580484926585,127.03306283668252,91.17211388047747,12.0,249.5400805344126,593.9172259971375
1248,Shanghai SouthCh - Nagoya,SEA,PILOT_TO_PILOT,3,1248,1146,4,5,TssOut,BtwSaki,30.81537972583198,127.03693510534107,91.17211388047747,12.0,249.7401138351579,593.7171926963922
1249,Shanghai SouthCh - Nagoya,SEA,PILOT_TO_PILOT,3,1249,1147,4,5,TssOut,BtwSaki,30.815178851601214,127.04080735780873,91.17211388047747,12.0,249.9401471359032,593.5171593956469
1250,Shanghai SouthCh - Nagoya,SEA,PILOT_TO_PILOT,3,1250,1148,4,5,TssOut,BtwSaki,30.814977862235704,127.04467959407646,91.17211388047747,12.0,250.1401804366485,593.3171260949016
1251,Shanghai SouthCh - Nagoya,SEA,PILOT_TO_PILOT,3,1251,1149,4,5,TssOut,BtwSaki,30.814776757736837,127.04855181413514,91.17211388047747,12.0,250.34021373739384,593.1170927941563
1252,Shanghai SouthCh - Nagoya,SEA,PILOT_TO_PILOT,3,1252,1150,4,5,TssOut,BtwSaki,30.81457553810602,127.05242401797571,91.17211388047747,12.0,250.54024703813914,592.917059493411
1253,Shanghai SouthCh - Nagoya,SEA,PILOT_TO_PILOT,3,1253,1151,4,5,TssOut,BtwSaki,30.81437420334466,127.05629620558904,91.17211388047747,12.0,250.74028033888445,592.7170261926657
1254,Shanghai SouthCh - Nagoya,SEA,PILOT_TO_PILOT,3,1254,1152,4,5,TssOut,BtwSaki,30.814172753454148,127.06016837696609,91.17211388047747,12.0,250.94031363962978,592.5169928919204
1255,Shanghai SouthCh - Nagoya,SEA,PILOT_TO_PILOT,3,1255,1153,4,5,TssOut,BtwSaki,30.813971188435893,127.06404053209776,91.17211388047747,12.0,251.14034694037508,592.316959591175
1256,Shanghai SouthCh - Nagoya,SEA,PILOT_TO_PILOT,3,1256,1154,4,5,TssOut,BtwSaki,30.81376950829129,127.067912670975,91.17211388047747,12.0,251.34038024112039,592.1169262904298
1257,Shanghai SouthCh - Nagoya,SEA,PILOT_TO_PILOT,3,1257,1155,4,5,TssOut,BtwSaki,30.81356771302176,127.07178479358869,91.17211388047747,12.0,251.5404135418657,591.9168929896844
1258,Shanghai SouthCh - Nagoya,SEA,PILOT_TO_PILOT,3,1258,1156,4,5,TssOut,BtwSaki,30.813365802628695,127.07565689992974,91.17211388047747,12.0,251.74044684261102,591.716859688939
1259,Shanghai SouthCh - Nagoya,SEA,PILOT_TO_PILOT,3,1259,1157,4,5,TssOut,BtwSaki,30.813163777113505,127.07952898998907,91.17211388047747,12.0,251.94048014335633,591.5168263881937
1260,Shanghai SouthCh - Nagoya,SEA,PILOT_TO_PILOT,3,1260,1158,4,5,TssOut,BtwSaki,30.8129616364776,127.08340106375762,91.17211388047747,12.0,252.14051344410163,591.3167930874484
1261,Shanghai SouthCh - Nagoya,SEA,PILOT_TO_PILOT,3,1261,1159,4,5,TssOut,BtwSaki,30.81275938072238,127.08727312122632,91.17211388047747,12.0,252.34054674484693,591.1167597867031
1262,Shanghai SouthCh - Nagoya,SEA,PILOT_TO_PILOT,3,1262,1160,4,5,TssOut,BtwSaki,30.81255700984926,127.09114516238606,91.17211388047747,12.0,252.54058004559226,590.9167264859578
1263,Shanghai SouthCh - Nagoya,SEA,PILOT_TO_PILOT,3,1263,1161,4,5,TssOut,BtwSaki,30.81235452385965,127.09501718722775,91.17211388047747,12.0,252.74061334633757,590.7166931852125
1264,Shanghai SouthCh - Nagoya,SEA,PILOT_TO_PILOT,3,1264,1162,4,5,TssOut,BtwSaki,30.812151922754957,127.09888919574234,91.17211388047747,12.0,252.94064664708287,590.5166598844672
1265,Shanghai SouthCh - Nagoya,SEA,PILOT_TO_PILOT,3,1265,1163,4,5,TssOut,BtwSaki,30.811949206536585,127.10276118792076,91.17211388047747,12.0,253.14067994782818,590.3166265837219
1266,Shanghai SouthCh - Nagoya,SEA,PILOT_TO_PILOT,3,1266,1164,4,5,TssOut,BtwSaki,30.81174637520596,127.10663316375391,91.17211388047747,12.0,253.3407132485735,590.1165932829766
1267,Shanghai SouthCh - Nagoya,SEA,PILOT_TO_PILOT,3,1267,1165,4,5,TssOut,BtwSaki,30.811543428764487,127.1105051232327,91.17211388047747,12.0,253.5407465493188,589.9165599822313
1268,Shanghai SouthCh - Nagoya,SEA,PILOT_TO_PILOT,3,1268,1166,4,5,TssOut,BtwSaki,30.811340367213585,127.11437706634806,91.17211388047747,12.0,253.74077985006411,589.716526681486
1269,Shanghai SouthCh - Nagoya,SEA,PILOT_TO_PILOT,3,1269,1167,4,5,TssOut,BtwSaki,30.811137190554653,127.11824899309093,91.17211388047747,12.0,253.94081315080942,589.5164933807407
1270,Shanghai SouthCh - Nagoya,SEA,PILOT_TO_PILOT,3,1270,1168,4,5,TssOut,BtwSaki,30.810933898789123,127.12212090345223,91.17211388047747,12.0,254.14084645155475,589.3164600799953
1271,Shanghai SouthCh - Nagoya,SEA,PILOT_TO_PILOT,3,1271,1169,4,5,TssOut,BtwSaki,30.8107304919184,127.12599279742285,91.17211388047747,12.0,254.34087975230005,589.1164267792501
1272,Shanghai SouthCh - Nagoya,SEA,PILOT_TO_PILOT,3,1272,1170,4,5,TssOut,BtwSaki,30.8105269699439,127.12986467499375,91.17211388047747,12.0,254.54091305304536,588.9163934785047
1273,Shanghai SouthCh - Nagoya,SEA,PILOT_TO_PILOT,3,1273,1171,4,5,TssOut,BtwSaki,30.810323332867043,127.13373653615587,91.17211388047747,12.0,254.74094635379066,588.7163601777595
1274,Shanghai SouthCh - Nagoya,SEA,PILOT_TO_PILOT,3,1274,1172,4,5,TssOut,BtwSaki,30.810119580689253,127.13760838090009,91.17211388047747,12.0,254.940979654536,588.5163268770141
1275,Shanghai SouthCh - Nagoya,SEA,PILOT_TO_PILOT,3,1275,1173,4,5,TssOut,BtwSaki,30.80991571341194,127.14148020921735,91.17211388047747,12.0,255.1410129552813,588.3162935762688
1276,Shanghai SouthCh - Nagoya,SEA,PILOT_TO_PILOT,3,1276,1174,4,5,TssOut,BtwSaki,30.80971173103651,127.14535202109855,91.17211388047747,12.0,255.3410462560266,588.1162602755235
1277,Shanghai SouthCh - Nagoya,SEA,PILOT_TO_PILOT,3,1277,1175,4,5,TssOut,BtwSaki,30.809507633564415,127.14922381653469,91.17211388047747,12.0,255.54107955677193,587.9162269747782
1278,Shanghai SouthCh - Nagoya,SEA,PILOT_TO_PILOT,3,1278,1176,4,5,TssOut,BtwSaki,30.80930342099706,127.15309559551663,91.17211388047747,12.0,255.74111285751724,587.7161936740329
1279,Shanghai SouthCh - Nagoya,SEA,PILOT_TO_PILOT,3,1279,1177,4,5,TssOut,BtwSaki,30.80909909333587,127.15696735803535,91.17211388047747,12.0,255.94114615826254,587.5161603732876
1280,Shanghai SouthCh - Nagoya,SEA,PILOT_TO_PILOT,3,1280,1178,4,5,TssOut,BtwSaki,30.808894650582257,127.1608391040817,91.17211388047747,12.0,256.14117945900784,587.3161270725423
1281,Shanghai SouthCh - Nagoya,SEA,PILOT_TO_PILOT,3,1281,1179,4,5,TssOut,BtwSaki,30.808690092737663,127.1647108336467,91.17211388047747,12.0,256.34121275975315,587.116093771797
1282,Shanghai SouthCh - Nagoya,SEA,PILOT_TO_PILOT,3,1282,1180,4,5,TssOut,BtwSaki,30.80848541980348,127.16858254672121,91.17211388047747,12.0,256.54124606049845,586.9160604710517
1283,Shanghai SouthCh - Nagoya,SEA,PILOT_TO_PILOT,3,1283,1181,4,5,TssOut,BtwSaki,30.808280631781173,127.17245424329619,91.17211388047747,12.0,256.74127936124376,586.7160271703063
1284,Shanghai SouthCh - Nagoya,SEA,PILOT_TO_PILOT,3,1284,1182,4,5,TssOut,BtwSaki,30.80807572867214,127.17632592336255,91.17211388047747,12.0,256.94131266198906,586.515993869561
1285,Shanghai SouthCh - Nagoya,SEA,PILOT_TO_PILOT,3,1285,1183,4,5,TssOut,BtwSaki,30.807870710477825,127.18019758691123,91.17211388047747,12.0,257.1413459627344,586.3159605688156
1286,Shanghai SouthCh - Nagoya,SEA,PILOT_TO_PILOT,3,1286,1184,4,5,TssOut,BtwSaki,30.807665577199636,127.18406923393319,91.17211388047747,12.0,257.3413792634797,586.1159272680704
1287,Shanghai SouthCh - Nagoya,SEA,PILOT_TO_PILOT,3,1287,1185,4,5,TssOut,BtwSaki,30.80746032883901,127.18794086441932,91.17211388047747,12.0,257.541412564225,585.915893967325
1288,Shanghai SouthCh - Nagoya,SEA,PILOT_TO_PILOT,3,1288,1186,4,5,TssOut,BtwSaki,30.807254965397387,127.19181247836056,91.17211388047747,12.0,257.74144586497033,585.7158606665798
1289,Shanghai SouthCh - Nagoya,SEA,PILOT_TO_PILOT,3,1289,1187,4,5,TssOut,BtwSaki,30.807049486876185,127.19568407574785,91.17211388047747,12.0,257.94147916571563,585.5158273658344
1290,Shanghai SouthCh - Nagoya,SEA,PILOT_TO_PILOT,3,1290,1188,4,5,TssOut,BtwSaki,30.80684389327683,127.1995556565721,91.17211388047747,12.0,258.14151246646094,585.3157940650892
1291,Shanghai SouthCh - Nagoya,SEA,PILOT_TO_PILOT,3,1291,1189,4,5,TssOut,BtwSaki,30.80663818460076,127.2034272208243,91.17211388047747,12.0,258.34154576720624,585.1157607643438
1292,Shanghai SouthCh - Nagoya,SEA,PILOT_TO_PILOT,3,1292,1190,4,5,TssOut,BtwSaki,30.80643236084941,127.20729876849532,91.17211388047747,12.0,258.54157906795155,584.9157274635986
1293,Shanghai SouthCh - Nagoya,SEA,PILOT_TO_PILOT,3,1293,1191,4,5,TssOut,BtwSaki,30.806226422024213,127.21117029957611,91.17211388047747,12.0,258.7416123686969,584.7156941628532
1294,Shanghai SouthCh - Nagoya,SEA,PILOT_TO_PILOT,3,1294,1192,4,5,TssOut,BtwSaki,30.80602036812659,127.21504181405764,91.17211388047747,12.0,258.9416456694422,584.5156608621079
1295,Shanghai SouthCh - Nagoya,SEA,PILOT_TO_PILOT,3,1295,1193,4,5,TssOut,BtwSaki,30.805814199157993,127.21891331193079,91.17211388047747,12.0,259.1416789701875,584.3156275613626
1296,Shanghai SouthCh - Nagoya,SEA,PILOT_TO_PILOT,3,1296,1194,4,5,TssOut,BtwSaki,30.805607915119847,127.22278479318653,91.17211388047747,12.0,259.3417122709328,584.1155942606173
1297,Shanghai SouthCh - Nagoya,SEA,PILOT_TO_PILOT,3,1297,1195,4,5,TssOut,BtwSaki,30.805401516013575,127.22665625781579,91.17211388047747,12.0,259.5417455716781,583.915560959872
1298,Shanghai SouthCh - Nagoya,SEA,PILOT_TO_PILOT,3,1298,1196,4,5,TssOut,BtwSaki,30.805195001840637,127.23052770580951,91.17211388047747,12.0,259.7417788724234,583.7155276591267
1299,Shanghai SouthCh - Nagoya,SEA,PILOT_TO_PILOT,3,1299,1197,4,5,TssOut,BtwSaki,30.804988372602473,127.23439913715859,91.17211388047747,12.0,259.9418121731687,583.5154943583814
1300,Shanghai SouthCh - Nagoya,SEA,PILOT_TO_PILOT,3,1300,1198,4,5,TssOut,BtwSaki,30.804781628300496,127.23827055185403,91.17211388047747,12.0,260.1418454739141,583.315461057636
1301,Shanghai SouthCh - Nagoya,SEA,PILOT_TO_PILOT,3,1301,1199,4,5,TssOut,BtwSaki,30.804574768936153,127.24214194988672,91.17211388047747,12.0,260.3418787746594,583.1154277568908
1302,Shanghai SouthCh - Nagoya,SEA,PILOT_TO_PILOT,3,1302,1200,4,5,TssOut,BtwSaki,30.804367794510902,127.24601333124761,91.17211388047747,12.0,260.5419120754047,582.9153944561453
1303,Shanghai SouthCh - Nagoya,SEA,PILOT_TO_PILOT,3,1303,1201,4,5,TssOut,BtwSaki,30.804160705026163,127.24988469592762,91.17211388047747,12.0,260.74194537615,582.7153611554002
1304,Shanghai SouthCh - Nagoya,SEA,PILOT_TO_PILOT,3,1304,1202,4,5,TssOut,BtwSaki,30.803953500483388,127.25375604391772,91.17211388047747,12.0,260.9419786768953,582.5153278546547
1305,Shanghai SouthCh - Nagoya,SEA,PILOT_TO_PILOT,3,1305,1203,4,5,TssOut,BtwSaki,30.803746180884012,127.25762737520884,91.17211388047747,12.0,261.1420119776406,582.3152945539096
1306,Shanghai SouthCh - Nagoya,SEA,PILOT_TO_PILOT,3,1306,1204,4,5,TssOut,BtwSaki,30.80353874622949,127.26149868979192,91.17211388047747,12.0,261.3420452783859,582.1152612531641
1307,Shanghai SouthCh - Nagoya,SEA,PILOT_TO_PILOT,3,1307,1205,4,5,TssOut,BtwSaki,30.803331196521253,127.2653699876579,91.17211388047747,12.0,261.5420785791312,581.915227952419
1308,Shanghai SouthCh - Nagoya,SEA,PILOT_TO_PILOT,3,1308,1206,4,5,TssOut,BtwSaki,30.803123531760747,127.26924126879773,91.17211388047747,12.0,261.7421118798766,581.7151946516735
1309,Shanghai SouthCh - Nagoya,SEA,PILOT_TO_PILOT,3,1309,1207,4,5,TssOut,BtwSaki,30.80291575194942,127.27311253320232,91.17211388047747,12.0,261.9421451806219,581.5151613509282
1310,Shanghai SouthCh - Nagoya,SEA,PILOT_TO_PILOT,3,1310,1208,4,5,TssOut,BtwSaki,30.802707857088727,127.27698378086261,91.17211388047747,12.0,262.1421784813672,581.3151280501829
1311,Shanghai SouthCh - Nagoya,SEA,PILOT_TO_PILOT,3,1311,1209,4,5,TssOut,BtwSaki,30.802499847180098,127.28085501176957,91.17211388047747,12.0,262.3422117821125,581.1150947494376
1312,Shanghai SouthCh - Nagoya,SEA,PILOT_TO_PILOT,3,1312,1210,4,5,TssOut,BtwSaki,30.802291722225,127.28472622591414,91.17211388047747,12.0,262.5422450828578,580.9150614486923
1313,Shanghai SouthCh - Nagoya,SEA,PILOT_TO_PILOT,3,1313,1211,4,5,TssOut,BtwSaki,30.80208348222486,127.28859742328727,91.17211388047747,12.0,262.7422783836031,580.715028147947
1314,Shanghai SouthCh - Nagoya,SEA,PILOT_TO_PILOT,3,1314,1212,4,5,TssOut,BtwSaki,30.801875127181134,127.2924686038799,91.17211388047747,12.0,262.9423116843484,580.5149948472017
1315,Shanghai SouthCh - Nagoya,SEA,PILOT_TO_PILOT,3,1315,1213,4,5,TssOut,BtwSaki,30.80166665709529,127.29633976768292,91.17211388047747,12.0,263.1423449850937,580.3149615464564
1316,Shanghai SouthCh - Nagoya,SEA,PILOT_TO_PILOT,3,1316,1214,4,5,TssOut,BtwSaki,30.801458071968753,127.30021091468734,91.17211388047747,12.0,263.34237828583906,580.1149282457111
1317,Shanghai SouthCh - Nagoya,SEA,PILOT_TO_PILOT,3,1317,1215,4,5,TssOut,BtwSaki,30.80124937180299,127.30408204488407,91.17211388047747,12.0,263.54241158658436,579.9148949449657
1318,Shanghai SouthCh - Nagoya,SEA,PILOT_TO_PILOT,3,1318,1216,4,5,TssOut,BtwSaki,30.801040556599443,127.30795315826408,91.17211388047747,12.0,263.74244488732967,579.7148616442205
1319,Shanghai SouthCh - Nagoya,SEA,PILOT_TO_PILOT,3,1319,1217,4,5,TssOut,BtwSaki,30.80083162635958,127.31182425481829,91.17211388047747,12.0,263.942478188075,579.5148283434751
1320,Shanghai SouthCh - Nagoya,SEA,PILOT_TO_PILOT,3,1320,1218,4,5,TssOut,BtwSaki,30.800622581084838,127.31569533453768,91.17211388047747,12.0,264.1425114888203,579.3147950427299
1321,Shanghai SouthCh - Nagoya,SEA,PILOT_TO_PILOT,3,1321,1219,4,5,TssOut,BtwSaki,30.800413420776696,127.31956639741314,91.17211388047747,12.0,264.3425447895656,579.1147617419845
1322,Shanghai SouthCh - Nagoya,SEA,PILOT_TO_PILOT,3,1322,1220,4,5,TssOut,BtwSaki,30.800204145436567,127.32343744343568,91.17211388047747,12.0,264.5425780903109,578.9147284412393
1323,Shanghai SouthCh - Nagoya,SEA,PILOT_TO_PILOT,3,1323,1221,4,5,TssOut,BtwSaki,30.799994755065953,127.32730847259621,91.17211388047747,12.0,264.74261139105624,578.7146951404939
1324,Shanghai SouthCh - Nagoya,SEA,PILOT_TO_PILOT,3,1324,1222,4,5,TssOut,BtwSaki,30.79978524966628,127.33117948488568,91.17211388047747,12.0,264.94264469180155,578.5146618397486
1325,Shanghai SouthCh - Nagoya,SEA,PILOT_TO_PILOT,3,1325,1223,4,5,TssOut,BtwSaki,30.799575629239026,127.3350504802951,91.17211388047747,12.0,265.14267799254685,578.3146285390033
1326,Shanghai SouthCh - Nagoya,SEA,PILOT_TO_PILOT,3,1326,1224,4,5,TssOut,BtwSaki,30.799365893785634,127.33892145881529,91.17211388047747,12.0,265.34271129329215,578.114595238258
1327,Shanghai SouthCh - Nagoya,SEA,PILOT_TO_PILOT,3,1327,1225,4,5,TssOut,BtwSaki,30.79915604330758,127.3427924204373,91.17211388047747,12.0,265.54274459403746,577.9145619375126
1328,Shanghai SouthCh - Nagoya,SEA,PILOT_TO_PILOT,3,1328,1226,4,5,TssOut,BtwSaki,30.798946077806303,127.34666336515205,91.17211388047747,12.0,265.74277789478276,577.7145286367673
1329,Shanghai SouthCh - Nagoya,SEA,PILOT_TO_PILOT,3,1329,1227,4,5,TssOut,BtwSaki,30.798735997283284,127.35053429295053,91.17211388047747,12.0,265.94281119552807,577.514495336022
1330,Shanghai SouthCh - Nagoya,SEA,PILOT_TO_PILOT,3,1330,1228,4,5,TssOut,BtwSaki,30.798525801739974,127.35440520382362,91.17211388047747,12.0,266.14284449627337,577.3144620352767
1331,Shanghai SouthCh - Nagoya,SEA,PILOT_TO_PILOT,3,1331,1229,4,5,TssOut,BtwSaki,30.798315491177828,127.3582760977623,91.17211388047747,12.0,266.34287779701873,577.1144287345314
1332,Shanghai SouthCh - Nagoya,SEA,PILOT_TO_PILOT,3,1332,1230,4,5,TssOut,BtwSaki,30.79810506559832,127.36214697475755,91.17211388047747,12.0,266.54291109776403,576.914395433786
1333,Shanghai SouthCh - Nagoya,SEA,PILOT_TO_PILOT,3,1333,1231,4,5,TssOut,BtwSaki,30.797894525002928,127.3660178348003,91.17211388047747,12.0,266.74294439850934,576.7143621330408
1334,Shanghai SouthCh - Nagoya,SEA,PILOT_TO_PILOT,3,1334,1232,4,5,TssOut,BtwSaki,30.797683869393087,127.36988867788149,91.17211388047747,12.0,266.94297769925464,576.5143288322954
1335,Shanghai SouthCh - Nagoya,SEA,PILOT_TO_PILOT,3,1335,1233,4,5,TssOut,BtwSaki,30.797473098770283,127.37375950399209,91.17211388047747,12.0,267.14301099999994,576.3142955315502
1336,Shanghai SouthCh - Nagoya,SEA,PILOT_TO_PILOT,3,1336,1234,4,5,TssOut,BtwSaki,30.79726221313596,127.37763031312305,91.17211388047747,12.0,267.34304430074525,576.1142622308048
1337,Shanghai SouthCh - Nagoya,SEA,PILOT_TO_PILOT,3,1337,1235,4,5,TssOut,BtwSaki,30.797051212491617,127.38150110526531,91.17211388047747,12.0,267.54307760149055,575.9142289300596
1338,Shanghai SouthCh - Nagoya,SEA,PILOT_TO_PILOT,3,1338,1236,4,5,TssOut,BtwSaki,30.796840096838707,127.38537188040986,91.17211388047747,12.0,267.74311090223586,575.7141956293142
1339,Shanghai SouthCh - Nagoya,SEA,PILOT_TO_PILOT,3,1339,1237,4,5,TssOut,BtwSaki,30.796628866178693,127.38924263854761,91.17211388047747,12.0,267.9431442029812,575.5141623285689
1340,Shanghai SouthCh - Nagoya,SEA,PILOT_TO_PILOT,3,1340,1238,4,5,TssOut,BtwSaki,30.79641752051305,127.39311337966954,91.17211388047747,12.0,268.1431775037265,575.3141290278236
1341,Shanghai SouthCh - Nagoya,SEA,PILOT_TO_PILOT,3,1341,1239,4,5,TssOut,BtwSaki,30.796206059843254,127.39698410376661,91.17211388047747,12.0,268.3432108044718,575.1140957270783
1342,Shanghai SouthCh - Nagoya,SEA,PILOT_TO_PILOT,3,1342,1240,4,5,TssOut,BtwSaki,30.795994484170755,127.40085481082978,91.17211388047747,12.0,268.5432441052171,574.914062426333
1343,Shanghai SouthCh - Nagoya,SEA,PILOT_TO_PILOT,3,1343,1241,4,5,TssOut,BtwSaki,30.795782793497047,127.40472550084998,91.17211388047747,12.0,268.74327740596243,574.7140291255877
1344,Shanghai SouthCh - Nagoya,SEA,PILOT_TO_PILOT,3,1344,1242,4,5,TssOut,BtwSaki,30.795570987823602,127.40859617381818,91.17211388047747,12.0,268.94331070670773,574.5139958248424
1345,Shanghai SouthCh - Nagoya,SEA,PILOT_TO_PILOT,3,1345,1243,4,5,TssOut,BtwSaki,30.795359067151878,127.41246682972536,91.17211388047747,12.0,269.14334400745304,574.3139625240971
1346,Shanghai SouthCh - Nagoya,SEA,PILOT_TO_PILOT,3,1346,1244,4,5,TssOut,BtwSaki,30.795147031483364,127.41633746856245,91.17211388047747,12.0,269.3433773081984,574.1139292233518
1347,Shanghai SouthCh - Nagoya,SEA,PILOT_TO_PILOT,3,1347,1245,4,5,TssOut,BtwSaki,30.79493488081953,127.42020809032044,91.17211388047747,12.0,269.5434106089437,573.9138959226063
1348,Shanghai SouthCh - Nagoya,SEA,PILOT_TO_PILOT,3,1348,1246,4,5,TssOut,BtwSaki,30.794722615161845,127.42407869499023,91.17211388047747,12.0,269.743443909689,573.7138626218612
1349,Shanghai SouthCh - Nagoya,SEA,PILOT_TO_PILOT,3,1349,1247,4,5,TssOut,BtwSaki,30.79451023451179,127.42794928256284,91.17211388047747,12.0,269.9434772104343,573.5138293211157
1350,Shanghai SouthCh - Nagoya,SEA,PILOT_TO_PILOT,3,1350,1248,4,5,TssOut,BtwSaki,30.794297738870846,127.43181985302922,91.17211388047747,12.0,270.1435105111796,573.3137960203705
1351,Shanghai SouthCh - Nagoya,SEA,PILOT_TO_PILOT,3,1351,1249,4,5,TssOut,BtwSaki,30.794085128240486,127.4356904063803,91.17211388047747,12.0,270.3435438119249,573.1137627196251
1352,Shanghai SouthCh - Nagoya,SEA,PILOT_TO_PILOT,3,1352,1250,4,5,TssOut,BtwSaki,30.793872402622192,127.43956094260705,91.17211388047747,12.0,270.5435771126702,572.9137294188799
1353,Shanghai SouthCh - Nagoya,SEA,PILOT_TO_PILOT,3,1353,1251,4,5,TssOut,BtwSaki,30.79365956201745,127.44343146170048,91.17211388047747,12.0,270.7436104134155,572.7136961181345
1354,Shanghai SouthCh - Nagoya,SEA,PILOT_TO_PILOT,3,1354,1252,4,5,TssOut,BtwSaki,30.79344660642773,127.44730196365146,91.17211388047747,12.0,270.9436437141609,572.5136628173892
1355,Shanghai SouthCh - Nagoya,SEA,PILOT_TO_PILOT,3,1355,1253,4,5,TssOut,BtwSaki,30.793233535854505,127.45117244845105,91.17211388047747,12.0,271.1436770149062,572.3136295166439
1356,Shanghai SouthCh - Nagoya,SEA,PILOT_TO_PILOT,3,1356,1254,4,5,TssOut,BtwSaki,30.793020350299276,127.45504291609012,91.17211388047747,12.0,271.3437103156515,572.1135962158986
1357,Shanghai SouthCh - Nagoya,SEA,PILOT_TO_PILOT,3,1357,1255,4,5,TssOut,BtwSaki,30.792807049763525,127.45891336655973,91.17211388047747,12.0,271.5437436163968,571.9135629151533
1358,Shanghai SouthCh - Nagoya,SEA,PILOT_TO_PILOT,3,1358,1256,4,5,TssOut,BtwSaki,30.79259363424872,127.46278379985077,91.17211388047747,12.0,271.7437769171421,571.713529614408
1359,Shanghai SouthCh - Nagoya,SEA,PILOT_TO_PILOT,3,1359,1257,4,5,TssOut,BtwSaki,30.79238010375636,127.46665421595425,91.17211388047747,12.0,271.9438102178874,571.5134963136627
1360,Shanghai SouthCh - Nagoya,SEA,PILOT_TO_PILOT,3,1360,1258,4,5,TssOut,BtwSaki,30.79216645828792,127.4705246148611,91.17211388047747,12.0,272.1438435186327,571.3134630129174
1361,Shanghai SouthCh - Nagoya,SEA,PILOT_TO_PILOT,3,1361,1259,4,5,TssOut,BtwSaki,30.7919526978449,127.47439499656231,91.17211388047747,12.0,272.34387681937807,571.1134297121721
1362,Shanghai SouthCh - Nagoya,SEA,PILOT_TO_PILOT,3,1362,1260,4,5,TssOut,BtwSaki,30.791738822428766,127.47826536104883,91.17211388047747,12.0,272.54391012012337,570.9133964114267
1363,Shanghai SouthCh - Nagoya,SEA,PILOT_TO_PILOT,3,1363,1261,4,5,TssOut,BtwSaki,30.791524832041013,127.48213570831165,91.17211388047747,12.0,272.7439434208687,570.7133631106815
1364,Shanghai SouthCh - Nagoya,SEA,PILOT_TO_PILOT,3,1364,1262,4,5,TssOut,BtwSaki,30.791310726683143,127.48600603834169,91.17211388047747,12.0,272.943976721614,570.5133298099361
1365,Shanghai SouthCh - Nagoya,SEA,PILOT_TO_PILOT,3,1365,1263,4,5,TssOut,BtwSaki,30.791096506356627,127.48987635112995,91.17211388047747,12.0,273.1440100223593,570.3132965091909
1366,Shanghai SouthCh - Nagoya,SEA,PILOT_TO_PILOT,3,1366,1264,4,5,TssOut,BtwSaki,30.790882171062968,127.49374664666742,91.17211388047747,12.0,273.3440433231046,570.1132632084455
1367,Shanghai SouthCh - Nagoya,SEA,PILOT_TO_PILOT,3,1367,1265,4,5,TssOut,BtwSaki,30.79066772080364,127.49761692494502,91.17211388047747,12.0,273.5440766238499,569.9132299077003
1368,Shanghai SouthCh - Nagoya,SEA,PILOT_TO_PILOT,3,1368,1266,4,5,TssOut,BtwSaki,30.790453155580156,127.50148718595374,91.17211388047747,12.0,273.7441099245952,569.7131966069549
1369,Shanghai SouthCh - Nagoya,SEA,PILOT_TO_PILOT,3,1369,1267,4,5,TssOut,BtwSaki,30.79023847539399,127.50535742968457,91.17211388047747,12.0,273.94414322534055,569.5131633062095
1370,Shanghai SouthCh - Nagoya,SEA,PILOT_TO_PILOT,3,1370,1268,4,5,TssOut,BtwSaki,30.790023680246648,127.50922765612843,91.17211388047747,12.0,274.14417652608586,569.3131300054642
1371,Shanghai SouthCh - Nagoya,SEA,PILOT_TO_PILOT,3,1371,1269,4,5,TssOut,BtwSaki,30.789808770139622,127.51309786527632,91.17211388047747,12.0,274.34420982683116,569.1130967047189
1372,Shanghai SouthCh - Nagoya,SEA,PILOT_TO_PILOT,3,1372,1270,4,5,TssOut,BtwSaki,30.78959374507439,127.51696805711926,91.17211388047747,12.0,274.54424312757646,568.9130634039736
1373,Shanghai SouthCh - Nagoya,SEA,PILOT_TO_PILOT,3,1373,1271,4,5,TssOut,BtwSaki,30.789378605052466,127.52083823164813,91.17211388047747,12.0,274.74427642832177,568.7130301032283
1374,Shanghai SouthCh - Nagoya,SEA,PILOT_TO_PILOT,3,1374,1272,4,5,TssOut,BtwSaki,30.789163350075338,127.52470838885395,91.17211388047747,12.0,274.9443097290671,568.512996802483
1375,Shanghai SouthCh - Nagoya,SEA,PILOT_TO_PILOT,3,1375,1273,4,5,TssOut,BtwSaki,30.788947980144503,127.52857852872768,91.17211388047747,12.0,275.1443430298124,568.3129635017377
1376,Shanghai SouthCh - Nagoya,SEA,PILOT_TO_PILOT,3,1376,1274,4,5,TssOut,BtwSaki,30.788732495261463,127.53244865126031,91.17211388047747,12.0,275.3443763305577,568.1129302009924
1377,Shanghai SouthCh - Nagoya,SEA,PILOT_TO_PILOT,3,1377,1275,4,5,TssOut,BtwSaki,30.788516895427712,127.5363187564428,91.17211388047747,12.0,275.54440963130304,567.912896900247
1378,Shanghai SouthCh - Nagoya,SEA,PILOT_TO_PILOT,3,1378,1276,4,5,TssOut,BtwSaki,30.788301180644755,127.54018884426611,91.17211388047747,12.0,275.74444293204834,567.7128635995018
1379,Shanghai SouthCh - Nagoya,SEA,PILOT_TO_PILOT,3,1379,1277,4,5,TssOut,BtwSaki,30.78808535091408,127.54405891472126,91.17211388047747,12.0,275.94447623279365,567.5128302987564
1380,Shanghai SouthCh - Nagoya,SEA,PILOT_TO_PILOT,3,1380,1278,4,5,TssOut,BtwSaki,30.787869406237196,127.54792896779915,91.17211388047747,12.0,276.14450953353895,567.3127969980112
1381,Shanghai SouthCh - Nagoya,SEA,PILOT_TO_PILOT,3,1381,1279,4,5,TssOut,BtwSaki,30.787653346615603,127.55179900349081,91.17211388047747,12.0,276.34454283428425,567.1127636972658
1382,Shanghai SouthCh - Nagoya,SEA,PILOT_TO_PILOT,3,1382,1280,4,5,TssOut,BtwSaki,30.787437172050808,127.55566902178724,91.17211388047747,12.0,276.5445761350296,566.9127303965205
1383,Shanghai SouthCh - Nagoya,SEA,PILOT_TO_PILOT,3,1383,1281,4,5,TssOut,BtwSaki,30.787220882544307,127.55953902267936,91.17211388047747,12.0,276.7446094357749,566.7126970957752
1384,Shanghai SouthCh - Nagoya,SEA,PILOT_TO_PILOT,3,1384,1282,4,5,TssOut,BtwSaki,30.78700447809761,127.56340900615814,91.17211388047747,12.0,276.9446427365202,566.5126637950299
1385,Shanghai SouthCh - Nagoya,SEA,PILOT_TO_PILOT,3,1385,1283,4,5,TssOut,BtwSaki,30.786787958712218,127.56727897221461,91.17211388047747,12.0,277.1446760372655,566.3126304942846
1386,Shanghai SouthCh - Nagoya,SEA,PILOT_TO_PILOT,3,1386,1284,4,5,TssOut,BtwSaki,30.786571324389634,127.5711489208397,91.17211388047747,12.0,277.34470933801083,566.1125971935393
1387,Shanghai SouthCh - Nagoya,SEA,PILOT_TO_PILOT,3,1387,1285,4,5,TssOut,BtwSaki,30.786354575131362,127.57501885202441,91.17211388047747,12.0,277.54474263875613,565.912563892794
1388,Shanghai SouthCh - Nagoya,SEA,PILOT_TO_PILOT,3,1388,1286,4,5,TssOut,BtwSaki,30.786137710938924,127.57888876575971,91.17211388047747,12.0,277.74477593950144,565.7125305920487
1389,Shanghai SouthCh - Nagoya,SEA,PILOT_TO_PILOT,3,1389,1287,4,5,TssOut,BtwSaki,30.785920731813807,127.5827586620366,91.17211388047747,12.0,277.94480924024674,565.5124972913034
1390,Shanghai SouthCh - Nagoya,SEA,PILOT_TO_PILOT,3,1390,1288,4,5,TssOut,BtwSaki,30.785703637757535,127.58662854084605,91.17211388047747,12.0,278.1448425409921,565.312463990558
1391,Shanghai SouthCh - Nagoya,SEA,PILOT_TO_PILOT,3,1391,1289,4,5,TssOut,BtwSaki,30.785486428771613,127.59049840217901,91.17211388047747,12.0,278.3448758417374,565.1124306898128
1392,Shanghai SouthCh - Nagoya,SEA,PILOT_TO_PILOT,3,1392,1290,4,5,TssOut,BtwSaki,30.785269104857544,127.5943682460265,91.17211388047747,12.0,278.5449091424827,564.9123973890673
1393,Shanghai SouthCh - Nagoya,SEA,PILOT_TO_PILOT,3,1393,1291,4,5,TssOut,BtwSaki,30.785051666016855,127.59823807237949,91.17211388047747,12.0,278.744942443228,564.7123640883221
1394,Shanghai SouthCh - Nagoya,SEA,PILOT_TO_PILOT,3,1394,1292,4,5,TssOut,BtwSaki,30.784834112251033,127.60210788122892,91.17211388047747,12.0,278.9449757439733,564.5123307875767
1395,Shanghai SouthCh - Nagoya,SEA,PILOT_TO_PILOT,3,1395,1293,4,5,TssOut,BtwSaki,30.78461644356162,127.60597767256584,91.17211388047747,12.0,279.1450090447186,564.3122974868315
1396,Shanghai SouthCh - Nagoya,SEA,PILOT_TO_PILOT,3,1396,1294,4,5,TssOut,BtwSaki,30.784398659950103,127.60984744638118,91.17211388047747,12.0,279.3450423454639,564.1122641860861
1397,Shanghai SouthCh - Nagoya,SEA,PILOT_TO_PILOT,3,1397,1295,4,5,TssOut,BtwSaki,30.784180761418018,127.61371720266595,91.17211388047747,12.0,279.5450756462092,563.9122308853409
1398,Shanghai SouthCh - Nagoya,SEA,PILOT_TO_PILOT,3,1398,1296,4,5,TssOut,BtwSaki,30.783962747966864,127.61758694141113,91.17211388047747,12.0,279.7451089469546,563.7121975845955
1399,Shanghai SouthCh - Nagoya,SEA,PILOT_TO_PILOT,3,1399,1297,4,5,TssOut,BtwSaki,30.78374461959816,127.62145666260768,91.17211388047747,12.0,279.9451422476999,563.5121642838502
1400,Shanghai SouthCh - Nagoya,SEA,PILOT_TO_PILOT,3,1400,1298,4,5,TssOut,BtwSaki,30.783526376313425,127.62532636624664,91.17211388047747,12.0,280.1451755484452,563.3121309831049
1401,Shanghai SouthCh - Nagoya,SEA,PILOT_TO_PILOT,3,1401,1299,4,5,TssOut,BtwSaki,30.78330801811417,127.62919605231893,91.17211388047747,12.0,280.3452088491905,563.1120976823596
1402,Shanghai SouthCh - Nagoya,SEA,PILOT_TO_PILOT,3,1402,1300,4,5,TssOut,BtwSaki,30.783089545001925,127.63306572081555,91.17211388047747,12.0,280.5452421499358,562.9120643816143
1403,Shanghai SouthCh - Nagoya,SEA,PILOT_TO_PILOT,3,1403,1301,4,5,TssOut,BtwSaki,30.782870956978186,127.63693537172752,91.17211388047747,12.0,280.7452754506811,562.712031080869
1404,Shanghai SouthCh - Nagoya,SEA,PILOT_TO_PILOT,3,1404,1302,4,5,TssOut,BtwSaki,30.7826522540445,127.64080500504579,91.17211388047747,12.0,280.9453087514264,562.5119977801237
1405,Shanghai SouthCh - Nagoya,SEA,PILOT_TO_PILOT,3,1405,1303,4,5,TssOut,BtwSaki,30.78243343620238,127.64467462076138,91.17211388047747,12.0,281.14534205217177,562.3119644793783
1406,Shanghai SouthCh - Nagoya,SEA,PILOT_TO_PILOT,3,1406,1304,4,5,TssOut,BtwSaki,30.78221450345333,127.64854421886523,91.17211388047747,12.0,281.3453753529171,562.1119311786331
1407,Shanghai SouthCh - Nagoya,SEA,PILOT_TO_PILOT,3,1407,1305,4,5,TssOut,BtwSaki,30.78199545579888,127.65241379934838,91.17211388047747,12.0,281.5454086536624,561.9118978778877
1408,Shanghai SouthCh - Nagoya,SEA,PILOT_TO_PILOT,3,1408,1306,4,5,TssOut,BtwSaki,30.781776293240565,127.65628336220178,91.17211388047747,12.0,281.7454419544077,561.7118645771425
1409,Shanghai SouthCh - Nagoya,SEA,PILOT_TO_PILOT,3,1409,1307,4,5,TssOut,BtwSaki,30.7815570157799,127.66015290741642,91.17211388047747,12.0,281.945475255153,561.5118312763971
1410,Shanghai SouthCh - Nagoya,SEA,PILOT_TO_PILOT,3,1410,1308,4,5,TssOut,BtwSaki,30.781337623418406,127.66402243498332,91.17211388047747,12.0,282.1455085558983,561.3117979756519
1411,Shanghai SouthCh - Nagoya,SEA,PILOT_TO_PILOT,3,1411,1309,4,5,TssOut,BtwSaki,30.781118116157604,127.66789194489344,91.17211388047747,12.0,282.3455418566436,561.1117646749065
1412,Shanghai SouthCh - Nagoya,SEA,PILOT_TO_PILOT,3,1412,1310,4,5,TssOut,BtwSaki,30.78089849399903,127.67176143713776,91.17211388047747,12.0,282.5455751573889,560.9117313741613
1413,Shanghai SouthCh - Nagoya,SEA,PILOT_TO_PILOT,3,1413,1311,4,5,TssOut,BtwSaki,30.780678756944212,127.67563091170732,91.17211388047747,12.0,282.74560845813426,560.7116980734158
1414,Shanghai SouthCh - Nagoya,SEA,PILOT_TO_PILOT,3,1414,1312,4,5,TssOut,BtwSaki,30.78045890499466,127.67950036859307,91.17211388047747,12.0,282.94564175887956,560.5116647726705
1415,Shanghai SouthCh - Nagoya,SEA,PILOT_TO_PILOT,3,1415,1313,4,5,TssOut,BtwSaki,30.780238938151918,127.68336980778602,91.17211388047747,12.0,283.14567505962486,560.3116314719252
1416,Shanghai SouthCh - Nagoya,SEA,PILOT_TO_PILOT,3,1416,1314,4,5,TssOut,BtwSaki,30.78001885641751,127.68723922927715,91.17211388047747,12.0,283.34570836037017,560.1115981711799
1417,Shanghai SouthCh - Nagoya,SEA,PILOT_TO_PILOT,3,1417,1315,4,5,TssOut,BtwSaki,30.779798659792966,127.69110863305742,91.17211388047747,12.0,283.54574166111547,559.9115648704346
1418,Shanghai SouthCh - Nagoya,SEA,PILOT_TO_PILOT,3,1418,1316,4,5,TssOut,BtwSaki,30.779578348279806,127.69497801911791,91.17211388047747,12.0,283.7457749618608,559.7115315696893
1419,Shanghai SouthCh - Nagoya,SEA,PILOT_TO_PILOT,3,1419,1317,4,5,TssOut,BtwSaki,30.77935792187958,127.69884738744953,91.17211388047747,12.0,283.9458082626061,559.511498268944
1420,Shanghai SouthCh - Nagoya,SEA,PILOT_TO_PILOT,3,1420,1318,4,5,TssOut,BtwSaki,30.77913738059381,127.70271673804334,91.17211388047747,12.0,284.1458415633514,559.3114649681987
1421,Shanghai SouthCh - Nagoya,SEA,PILOT_TO_PILOT,3,1421,1319,4,5,TssOut,BtwSaki,30.77891672442402,127.70658607089027,91.17211388047747,12.0,284.34587486409674,559.1114316674534
1422,Shanghai SouthCh - Nagoya,SEA,PILOT_TO_PILOT,3,1422,1320,4,5,TssOut,BtwSaki,30.778695953371766,127.71045538598133,91.17211388047747,12.0,284.54590816484205,558.911398366708
1423,Shanghai SouthCh - Nagoya,SEA,PILOT_TO_PILOT,3,1423,1321,4,5,TssOut,BtwSaki,30.77847506743856,127.71432468330757,91.17211388047747,12.0,284.74594146558735,558.7113650659628
1424,Shanghai SouthCh - Nagoya,SEA,PILOT_TO_PILOT,3,1424,1322,4,5,TssOut,BtwSaki,30.778254066625944,127.71819396285993,91.17211388047747,12.0,284.94597476633265,558.5113317652174
1425,Shanghai SouthCh - Nagoya,SEA,PILOT_TO_PILOT,3,1425,1323,4,5,TssOut,BtwSaki,30.77803295093546,127.72206322462944,91.17211388047747,12.0,285.14600806707796,558.3112984644722
1426,Shanghai SouthCh - Nagoya,SEA,PILOT_TO_PILOT,3,1426,1324,4,5,TssOut,BtwSaki,30.777811720368643,127.72593246860704,91.17211388047747,12.0,285.34604136782326,558.1112651637268
1427,Shanghai SouthCh - Nagoya,SEA,PILOT_TO_PILOT,3,1427,1325,4,5,TssOut,BtwSaki,30.777590374927016,127.72980169478379,91.17211388047747,12.0,285.54607466856856,557.9112318629816
1428,Shanghai SouthCh - Nagoya,SEA,PILOT_TO_PILOT,3,1428,1326,4,5,TssOut,BtwSaki,30.777368914612136,127.73367090315067,91.17211388047747,12.0,285.7461079693139,557.7111985622362
1429,Shanghai SouthCh - Nagoya,SEA,PILOT_TO_PILOT,3,1429,1327,4,5,TssOut,BtwSaki,30.777147339425536,127.73754009369867,91.17211388047747,12.0,285.94614127005923,557.5111652614909
1430,Shanghai SouthCh - Nagoya,SEA,PILOT_TO_PILOT,3,1430,1328,4,5,TssOut,BtwSaki,30.77692564936874,127.74140926641877,91.17211388047747,12.0,286.14617457080453,557.3111319607456
1431,Shanghai SouthCh - Nagoya,SEA,PILOT_TO_PILOT,3,1431,1329,4,5,TssOut,BtwSaki,30.776703844443315,127.74527842130202,91.17211388047747,12.0,286.34620787154984,557.1110986600003
1432,Shanghai SouthCh - Nagoya,SEA,PILOT_TO_PILOT,3,1432,1330,4,5,TssOut,BtwSaki,30.776481924650792,127.74914755833939,91.17211388047747,12.0,286.54624117229514,556.911065359255
1433,Shanghai SouthCh - Nagoya,SEA,PILOT_TO_PILOT,3,1433,1331,4,5,TssOut,BtwSaki,30.7762598899927,127.75301667752184,91.17211388047747,12.0,286.74627447304044,556.7110320585097
1434,Shanghai SouthCh - Nagoya,SEA,PILOT_TO_PILOT,3,1434,1332,4,5,TssOut,BtwSaki,30.776037740470596,127.75688577884046,91.17211388047747,12.0,286.94630777378575,556.5109987577644
1435,Shanghai SouthCh - Nagoya,SEA,PILOT_TO_PILOT,3,1435,1333,4,5,TssOut,BtwSaki,30.775815476086013,127.76075486228618,91.17211388047747,12.0,287.14634107453105,556.310965457019
1436,Shanghai SouthCh - Nagoya,SEA,PILOT_TO_PILOT,3,1436,1334,4,5,TssOut,BtwSaki,30.77559309684051,127.76462392785001,91.17211388047747,12.0,287.3463743752764,556.1109321562737
1437,Shanghai SouthCh - Nagoya,SEA,PILOT_TO_PILOT,3,1437,1335,4,5,TssOut,BtwSaki,30.775370602735613,127.768492975523,91.17211388047747,12.0,287.5464076760217,555.9108988555283
1438,Shanghai SouthCh - Nagoya,SEA,PILOT_TO_PILOT,3,1438,1336,4,5,TssOut,BtwSaki,30.775147993772887,127.7723620052961,91.17211388047747,12.0,287.746440976767,555.7108655547831
1439,Shanghai SouthCh - Nagoya,SEA,PILOT_TO_PILOT,3,1439,1337,4,5,TssOut,BtwSaki,30.77492526995387,127.77623101716031,91.17211388047747,12.0,287.9464742775123,555.5108322540377
1440,Shanghai SouthCh - Nagoya,SEA,PILOT_TO_PILOT,3,1440,1338,4,5,TssOut,BtwSaki,30.774702431280097,127.78010001110668,91.17211388047747,12.0,288.1465075782576,555.3107989532925
1441,Shanghai SouthCh - Nagoya,SEA,PILOT_TO_PILOT,3,1441,1339,4,5,TssOut,BtwSaki,30.774479477753143,127.78396898712619,91.17211388047747,12.0,288.34654087900293,555.1107656525471
1442,Shanghai SouthCh - Nagoya,SEA,PILOT_TO_PILOT,3,1442,1340,4,5,TssOut,BtwSaki,30.774256409374534,127.78783794520984,91.17211388047747,12.0,288.54657417974823,554.9107323518019
1443,Shanghai SouthCh - Nagoya,SEA,PILOT_TO_PILOT,3,1443,1341,4,5,TssOut,BtwSaki,30.774033226145836,127.79170688534866,91.17211388047747,12.0,288.74660748049354,554.7106990510565
1444,Shanghai SouthCh - Nagoya,SEA,PILOT_TO_PILOT,3,1444,1342,4,5,TssOut,BtwSaki,30.773809928068584,127.79557580753362,91.17211388047747,12.0,288.9466407812389,554.5106657503112
1445,Shanghai SouthCh - Nagoya,SEA,PILOT_TO_PILOT,3,1445,1343,4,5,TssOut,BtwSaki,30.77358651514434,127.79944471175573,91.17211388047747,12.0,289.1466740819842,554.3106324495659
1446,Shanghai SouthCh - Nagoya,SEA,PILOT_TO_PILOT,3,1446,1344,4,5,TssOut,BtwSaki,30.77336298737465,127.80331359800601,91.17211388047747,12.0,289.3467073827295,554.1105991488206
1447,Shanghai SouthCh - Nagoya,SEA,PILOT_TO_PILOT,3,1447,1345,4,5,TssOut,BtwSaki,30.773139344761066,127.80718246627549,91.17211388047747,12.0,289.5467406834748,553.9105658480753
1448,Shanghai SouthCh - Nagoya,SEA,PILOT_TO_PILOT,3,1448,1346,4,5,TssOut,BtwSaki,30.77291558730516,127.81105131655514,91.17211388047747,12.0,289.7467739842201,553.71053254733
1449,Shanghai SouthCh - Nagoya,SEA,PILOT_TO_PILOT,3,1449,1347,4,5,TssOut,BtwSaki,30.772691715008463,127.81492014883597,91.17211388047747,12.0,289.9468072849654,553.5104992465847
1450,Shanghai SouthCh - Nagoya,SEA,PILOT_TO_PILOT,3,1450,1348,4,5,TssOut,BtwSaki,30.77246772787253,127.81878896310901,91.17211388047747,12.0,290.1468405857107,553.3104659458394
1451,Shanghai SouthCh - Nagoya,SEA,PILOT_TO_PILOT,3,1451,1349,4,5,TssOut,BtwSaki,30.772243625898934,127.82265775936526,91.17211388047747,12.0,290.3468738864561,553.1104326450941
1452,Shanghai SouthCh - Nagoya,SEA,PILOT_TO_PILOT,3,1452,1350,4,5,TssOut,BtwSaki,30.77201940908922,127.82652653759571,91.17211388047747,12.0,290.5469071872014,552.9103993443487
1453,Shanghai SouthCh - Nagoya,SEA,PILOT_TO_PILOT,3,1453,1351,4,5,TssOut,BtwSaki,30.771795077444953,127.83039529779138,91.17211388047747,12.0,290.7469404879467,552.7103660436035
1454,Shanghai SouthCh - Nagoya,SEA,PILOT_TO_PILOT,3,1454,1352,4,5,TssOut,BtwSaki,30.771570630967688,127.83426403994335,91.17211388047747,12.0,290.946973788692,552.510332742858
1455,Shanghai SouthCh - Nagoya,SEA,PILOT_TO_PILOT,3,1455,1353,4,5,TssOut,BtwSaki,30.771346069658968,127.83813276404251,91.17211388047747,12.0,291.1470070894373,552.3102994421129
1456,Shanghai SouthCh - Nagoya,SEA,PILOT_TO_PILOT,3,1456,1354,4,5,TssOut,BtwSaki,30.771121393520385,127.84200147007996,91.17211388047747,12.0,291.3470403901826,552.1102661413674
1457,Shanghai SouthCh - Nagoya,SEA,PILOT_TO_PILOT,3,1457,1355,4,5,TssOut,BtwSaki,30.770896602553478,127.84587015804667,91.17211388047747,12.0,291.5470736909279,551.9102328406223
1458,Shanghai SouthCh - Nagoya,SEA,PILOT_TO_PILOT,3,1458,1356,4,5,TssOut,BtwSaki,30.770671696759816,127.84973882793366,91.17211388047747,12.0,291.7471069916732,551.7101995398768
1459,Shanghai SouthCh - Nagoya,SEA,PILOT_TO_PILOT,3,1459,1357,4,5,TssOut,BtwSaki,30.77044667614095,127.85360747973196,91.17211388047747,12.0,291.94714029241857,551.5101662391315
1460,Shanghai SouthCh - Nagoya,SEA,PILOT_TO_PILOT,3,1460,1358,4,5,TssOut,BtwSaki,30.770221540698458,127.85747611343261,91.17211388047747,12.0,292.14717359316387,551.3101329383862
1461,Shanghai SouthCh - Nagoya,SEA,PILOT_TO_PILOT,3,1461,1359,4,5,TssOut,BtwSaki,30.769996290433888,127.86134472902656,91.17211388047747,12.0,292.3472068939092,551.1100996376409
1462,Shanghai SouthCh - Nagoya,SEA,PILOT_TO_PILOT,3,1462,1360,4,5,TssOut,BtwSaki,30.769770925348812,127.86521332650481,91.17211388047747,12.0,292.5472401946545,550.9100663368956
1463,Shanghai SouthCh - Nagoya,SEA,PILOT_TO_PILOT,3,1463,1361,4,5,TssOut,BtwSaki,30.76954544544481,127.86908190585848,91.17211388047747,12.0,292.7472734953998,550.7100330361503
1464,Shanghai SouthCh - Nagoya,SEA,PILOT_TO_PILOT,3,1464,1362,4,5,TssOut,BtwSaki,30.769319850723416,127.87295046707847,91.17211388047747,12.0,292.9473067961451,550.509999735405
1465,Shanghai SouthCh - Nagoya,SEA,PILOT_TO_PILOT,3,1465,1363,4,5,TssOut,BtwSaki,30.769094141186226,127.8768190101559,91.17211388047747,12.0,293.1473400968904,550.3099664346597
1466,Shanghai SouthCh - Nagoya,SEA,PILOT_TO_PILOT,3,1466,1364,4,5,TssOut,BtwSaki,30.7688683168348,127.88068753508169,91.17211388047747,12.0,293.3473733976357,550.1099331339144
1467,Shanghai SouthCh - Nagoya,SEA,PILOT_TO_PILOT,3,1467,1365,4,5,TssOut,BtwSaki,30.768642377670684,127.88455604184692,91.17211388047747,12.0,293.54740669838105,549.909899833169
1468,Shanghai SouthCh - Nagoya,SEA,PILOT_TO_PILOT,3,1468,1366,4,5,TssOut,BtwSaki,30.768416323695487,127.88842453044259,91.17211388047747,12.0,293.74743999912636,549.7098665324238
1469,Shanghai SouthCh - Nagoya,SEA,PILOT_TO_PILOT,3,1469,1367,4,5,TssOut,BtwSaki,30.768190154910748,127.89229300085974,91.17211388047747,12.0,293.94747329987166,549.5098332316784
1470,Shanghai SouthCh - Nagoya,SEA,PILOT_TO_PILOT,3,1470,1368,4,5,TssOut,BtwSaki,30.76796387131805,127.89616145308935,91.17211388047747,12.0,294.14750660061696,549.3097999309332
1471,Shanghai SouthCh - Nagoya,SEA,PILOT_TO_PILOT,3,1471,1369,4,5,TssOut,BtwSaki,30.767737472918956,127.90002988712244,91.17211388047747,12.0,294.34753990136227,549.1097666301878
1472,Shanghai SouthCh - Nagoya,SEA,PILOT_TO_PILOT,3,1472,1370,4,5,TssOut,BtwSaki,30.767510959715043,127.90389830295005,91.17211388047747,12.0,294.54757320210757,548.9097333294426
1473,Shanghai SouthCh - Nagoya,SEA,PILOT_TO_PILOT,3,1473,1371,4,5,TssOut,BtwSaki,30.767284331707895,127.9077667005632,91.17211388047747,12.0,294.7476065028529,548.7097000286972
1474,Shanghai SouthCh - Nagoya,SEA,PILOT_TO_PILOT,3,1474,1372,4,5,TssOut,BtwSaki,30.767057588899075,127.91163507995292,91.17211388047747,12.0,294.94763980359824,548.5096667279519
1475,Shanghai SouthCh - Nagoya,SEA,PILOT_TO_PILOT,3,1475,1373,4,5,TssOut,BtwSaki,30.76683073129016,127.91550344111022,91.17211388047747,12.0,295.14767310434354,548.3096334272066
1476,Shanghai SouthCh - Nagoya,SEA,PILOT_TO_PILOT,3,1476,1374,4,5,TssOut,BtwSaki,30.766603758882717,127.91937178402611,91.17211388047747,12.0,295.34770640508884,548.1096001264613
1477,Shanghai SouthCh - Nagoya,SEA,PILOT_TO_PILOT,3,1477,1375,4,5,TssOut,BtwSaki,30.766376671678326,127.9232401086916,91.17211388047747,12.0,295.54773970583415,547.909566825716
1478,Shanghai SouthCh - Nagoya,SEA,PILOT_TO_PILOT,3,1478,1376,4,5,TssOut,BtwSaki,30.766149469678567,127.92710841509775,91.17211388047747,12.0,295.74777300657945,547.7095335249707
1479,Shanghai SouthCh - Nagoya,SEA,PILOT_TO_PILOT,3,1479,1377,4,5,TssOut,BtwSaki,30.76592215288502,127.93097670323557,91.17211388047747,12.0,295.94780630732475,547.5095002242253
1480,Shanghai SouthCh - Nagoya,SEA,PILOT_TO_PILOT,3,1480,1378,4,5,TssOut,BtwSaki,30.76569472129926,127.93484497309608,91.17211388047747,12.0,296.14783960807006,547.30946692348
1481,Shanghai SouthCh - Nagoya,SEA,PILOT_TO_PILOT,3,1481,1379,4,5,TssOut,BtwSaki,30.765467174922865,127.93871322467032,91.17211388047747,12.0,296.34787290881536,547.1094336227347
1482,Shanghai SouthCh - Nagoya,SEA,PILOT_TO_PILOT,3,1482,1380,4,5,TssOut,BtwSaki,30.765239513757425,127.94258145794927,91.17211388047747,12.0,296.5479062095607,546.9094003219893
1483,Shanghai SouthCh - Nagoya,SEA,PILOT_TO_PILOT,3,1483,1381,4,5,TssOut,BtwSaki,30.765011737804503,127.946449672924,91.17211388047747,12.0,296.747939510306,546.7093670212441
1484,Shanghai SouthCh - Nagoya,SEA,PILOT_TO_PILOT,3,1484,1382,4,5,TssOut,BtwSaki,30.764783847065694,127.95031786958552,91.17211388047747,12.0,296.94797281105133,546.5093337204987
1485,Shanghai SouthCh - Nagoya,SEA,PILOT_TO_PILOT,3,1485,1383,4,5,TssOut,BtwSaki,30.764555841542574,127.95418604792485,91.17211388047747,12.0,297.14800611179663,546.3093004197535
1486,Shanghai SouthCh - Nagoya,SEA,PILOT_TO_PILOT,3,1486,1384,4,5,TssOut,BtwSaki,30.764327721236732,127.95805420793303,91.17211388047747,12.0,297.34803941254194,546.1092671190081
1487,Shanghai SouthCh - Nagoya,SEA,PILOT_TO_PILOT,3,1487,1385,4,5,TssOut,BtwSaki,30.764099486149743,127.96192234960107,91.17211388047747,12.0,297.54807271328724,545.9092338182629
1488,Shanghai SouthCh - Nagoya,SEA,PILOT_TO_PILOT,3,1488,1386,4,5,TssOut,BtwSaki,30.763871136283196,127.96579047292,91.17211388047747,12.0,297.74810601403254,545.7092005175175
1489,Shanghai SouthCh - Nagoya,SEA,PILOT_TO_PILOT,3,1489,1387,4,5,TssOut,BtwSaki,30.76364267163868,127.96965857788088,91.17211388047747,12.0,297.9481393147779,545.5091672167722
1490,Shanghai SouthCh - Nagoya,SEA,PILOT_TO_PILOT,3,1490,1388,4,5,TssOut,BtwSaki,30.76341409221778,127.97352666447472,91.17211388047747,12.0,298.1481726155232,545.3091339160269
1491,Shanghai SouthCh - Nagoya,SEA,PILOT_TO_PILOT,3,1491,1389,4,5,TssOut,BtwSaki,30.76318539802208,127.97739473269253,91.17211388047747,12.0,298.3482059162685,545.1091006152816
1492,Shanghai SouthCh - Nagoya,SEA,PILOT_TO_PILOT,3,1492,1390,4,5,TssOut,BtwSaki,30.762956589053164,127.98126278252533,91.17211388047747,12.0,298.5482392170138,544.9090673145363
1493,Shanghai SouthCh - Nagoya,SEA,PILOT_TO_PILOT,3,1493,1391,4,5,TssOut,BtwSaki,30.762727665312635,127.9851308139642,91.17211388047747,12.0,298.7482725177591,544.709034013791
1494,Shanghai SouthCh - Nagoya,SEA,PILOT_TO_PILOT,3,1494,1392,4,5,TssOut,BtwSaki,30.762498626802063,127.98899882700016,91.17211388047747,12.0,298.9483058185044,544.5090007130457
1495,Shanghai SouthCh - Nagoya,SEA,PILOT_TO_PILOT,3,1495,1393,4,5,TssOut,BtwSaki,30.76226947352305,127.99286682162418,91.17211388047747,12.0,299.1483391192497,544.3089674123004
1496,Shanghai SouthCh - Nagoya,SEA,PILOT_TO_PILOT,3,1496,1394,4,5,TssOut,BtwSaki,30.76204020547719,127.99673479782737,91.17211388047747,12.0,299.34837241999503,544.1089341115551
1497,Shanghai SouthCh - Nagoya,SEA,PILOT_TO_PILOT,3,1497,1395,4,5,TssOut,BtwSaki,30.761810822666067,128.00060275560074,91.17211388047747,12.0,299.5484057207404,543.9089008108097
1498,Shanghai SouthCh - Nagoya,SEA,PILOT_TO_PILOT,3,1498,1396,4,5,TssOut,BtwSaki,30.761581325091267,128.0044706949353,91.17211388047747,12.0,299.7484390214857,543.7088675100645
1499,Shanghai SouthCh - Nagoya,SEA,PILOT_TO_PILOT,3,1499,1397,4,5,TssOut,BtwSaki,30.761351712754397,128.00833861582208,91.17211388047747,12.0,299.948472322231,543.508834209319
1500,Shanghai SouthCh - Nagoya,SEA,PILOT_TO_PILOT,3,1500,1398,4,5,TssOut,BtwSaki,30.761121985657045,128.01220651825213,91.17211388047747,12.0,300.1485056229763,543.3088009085739
1501,Shanghai SouthCh - Nagoya,SEA,PILOT_TO_PILOT,3,1501,1399,4,5,TssOut,BtwSaki,30.760892143800806,128.0160744022165,91.17211388047747,12.0,300.3485389237216,543.1087676078284
1502,Shanghai SouthCh - Nagoya,SEA,PILOT_TO_PILOT,3,1502,1400,4,5,TssOut,BtwSaki,30.760662187187275,128.01994226770623,91.17211388047747,12.0,300.5485722244669,542.9087343070833
1503,Shanghai SouthCh - Nagoya,SEA,PILOT_TO_PILOT,3,1503,1401,4,5,TssOut,BtwSaki,30.760432115818052,128.0238101147123,91.17211388047747,12.0,300.7486055252122,542.7087010063378
1504,Shanghai SouthCh - Nagoya,SEA,PILOT_TO_PILOT,3,1504,1402,4,5,TssOut,BtwSaki,30.760201929694734,128.02767794322577,91.17211388047747,12.0,300.9486388259575,542.5086677055926
1505,Shanghai SouthCh - Nagoya,SEA,PILOT_TO_PILOT,3,1505,1403,4,5,TssOut,BtwSaki,30.75997162881891,128.03154575323768,91.17211388047747,12.0,301.1486721267029,542.3086344048472
1506,Shanghai SouthCh - Nagoya,SEA,PILOT_TO_PILOT,3,1506,1404,4,5,TssOut,BtwSaki,30.759741213192182,128.0354135447391,91.17211388047747,12.0,301.3487054274482,542.1086011041019
1507,Shanghai SouthCh - Nagoya,SEA,PILOT_TO_PILOT,3,1507,1405,4,5,TssOut,BtwSaki,30.75951068281616,128.03928131772102,91.17211388047747,12.0,301.5487387281935,541.9085678033566
1508,Shanghai SouthCh - Nagoya,SEA,PILOT_TO_PILOT,3,1508,1406,4,5,TssOut,BtwSaki,30.75928003769242,128.04314907217454,91.17211388047747,12.0,301.7487720289388,541.7085345026113
1509,Shanghai SouthCh - Nagoya,SEA,PILOT_TO_PILOT,3,1509,1407,4,5,TssOut,BtwSaki,30.75904927782259,128.04701680809063,91.17211388047747,12.0,301.9488053296841,541.508501201866
1510,Shanghai SouthCh - Nagoya,SEA,PILOT_TO_PILOT,3,1510,1408,4,5,TssOut,BtwSaki,30.758818403208252,128.05088452546033,91.17211388047747,12.0,302.1488386304294,541.3084679011207
1511,Shanghai SouthCh - Nagoya,SEA,PILOT_TO_PILOT,3,1511,1409,4,5,TssOut,BtwSaki,30.75858741385102,128.05475222427475,91.17211388047747,12.0,302.3488719311747,541.1084346003754
1512,Shanghai SouthCh - Nagoya,SEA,PILOT_TO_PILOT,3,1512,1410,4,5,TssOut,BtwSaki,30.7583563097525,128.05861990452485,91.17211388047747,12.0,302.54890523192006,540.90840129963
1513,Shanghai SouthCh - Nagoya,SEA,PILOT_TO_PILOT,3,1513,1411,4,5,TssOut,BtwSaki,30.758125090914284,128.06248756620172,91.17211388047747,12.0,302.74893853266536,540.7083679988848
1514,Shanghai SouthCh - Nagoya,SEA,PILOT_TO_PILOT,3,1514,1412,4,5,TssOut,BtwSaki,30.75789375733797,128.06635520929638,91.17211388047747,12.0,302.94897183341067,540.5083346981394
1515,Shanghai SouthCh - Nagoya,SEA,PILOT_TO_PILOT,3,1515,1413,4,5,TssOut,BtwSaki,30.7576623090252,128.07022283379987,91.17211388047747,12.0,303.14900513415597,540.3083013973942
1516,Shanghai SouthCh - Nagoya,SEA,PILOT_TO_PILOT,3,1516,1414,4,5,TssOut,BtwSaki,30.75743074597754,128.07409043970324,91.17211388047747,12.0,303.3490384349013,540.1082680966488
1517,Shanghai SouthCh - Nagoya,SEA,PILOT_TO_PILOT,3,1517,1415,4,5,TssOut,BtwSaki,30.757199068196616,128.07795802699755,91.17211388047747,12.0,303.5490717356466,539.9082347959036
1518,Shanghai SouthCh - Nagoya,SEA,PILOT_TO_PILOT,3,1518,1416,4,5,TssOut,BtwSaki,30.756967275684037,128.08182559567385,91.17211388047747,12.0,303.7491050363919,539.7082014951582
1519,Shanghai SouthCh - Nagoya,SEA,PILOT_TO_PILOT,3,1519,1417,4,5,TssOut,BtwSaki,30.7567353684414,128.0856931457231,91.17211388047747,12.0,303.9491383371372,539.508168194413
1520,Shanghai SouthCh - Nagoya,SEA,PILOT_TO_PILOT,3,1520,1418,4,5,TssOut,BtwSaki,30.756503346470325,128.0895606771364,91.17211388047747,12.0,304.14917163788255,539.3081348936676
1521,Shanghai SouthCh - Nagoya,SEA,PILOT_TO_PILOT,3,1521,1419,4,5,TssOut,BtwSaki,30.756271209772418,128.09342818990484,91.17211388047747,12.0,304.34920493862785,539.1081015929223
1522,Shanghai SouthCh - Nagoya,SEA,PILOT_TO_PILOT,3,1522,1420,4,5,TssOut,BtwSaki,30.75603895834929,128.09729568401943,91.17211388047747,12.0,304.54923823937315,538.908068292177
1523,Shanghai SouthCh - Nagoya,SEA,PILOT_TO_PILOT,3,1523,1421,4,5,TssOut,BtwSaki,30.75580659220256,128.10116315947116,91.17211388047747,12.0,304.74927154011846,538.7080349914316
1524,Shanghai SouthCh - Nagoya,SEA,PILOT_TO_PILOT,3,1524,1422,4,5,TssOut,BtwSaki,30.75557411133382,128.10503061625113,91.17211388047747,12.0,304.94930484086376,538.5080016906863
1525,Shanghai SouthCh - Nagoya,SEA,PILOT_TO_PILOT,3,1525,1423,4,5,TssOut,BtwSaki,30.755341515744703,128.1088980543504,91.17211388047747,12.0,305.14933814160906,538.307968389941
1526,Shanghai SouthCh - Nagoya,SEA,PILOT_TO_PILOT,3,1526,1424,4,5,TssOut,BtwSaki,30.755108805436826,128.11276547376,91.17211388047747,12.0,305.34937144235437,538.1079350891957
1527,Shanghai SouthCh - Nagoya,SEA,PILOT_TO_PILOT,3,1527,1425,4,5,TssOut,BtwSaki,30.754875980411793,128.11663287447095,91.17211388047747,12.0,305.54940474309967,537.9079017884504
1528,Shanghai SouthCh - Nagoya,SEA,PILOT_TO_PILOT,3,1528,1426,4,5,TssOut,BtwSaki,30.754643040671212,128.12050025647432,91.17211388047747,12.0,305.74943804384503,537.7078684877051
1529,Shanghai SouthCh - Nagoya,SEA,PILOT_TO_PILOT,3,1529,1427,4,5,TssOut,BtwSaki,30.754409986216714,128.12436761976116,91.17211388047747,12.0,305.94947134459034,537.5078351869597
1530,Shanghai SouthCh - Nagoya,SEA,PILOT_TO_PILOT,3,1530,1428,4,5,TssOut,BtwSaki,30.754176817049913,128.12823496432256,91.17211388047747,12.0,306.14950464533564,537.3078018862145
1531,Shanghai SouthCh - Nagoya,SEA,PILOT_TO_PILOT,3,1531,1429,4,5,TssOut,BtwSaki,30.753943533172425,128.1321022901495,91.17211388047747,12.0,306.34953794608094,537.1077685854691
1532,Shanghai SouthCh - Nagoya,SEA,PILOT_TO_PILOT,3,1532,1430,4,5,TssOut,BtwSaki,30.753710134585866,128.13596959723307,91.17211388047747,12.0,306.54957124682625,536.9077352847239
1533,Shanghai SouthCh - Nagoya,SEA,PILOT_TO_PILOT,3,1533,1431,4,5,TssOut,BtwSaki,30.75347662129186,128.13983688556428,91.17211388047747,12.0,306.74960454757155,536.7077019839785
1534,Shanghai SouthCh - Nagoya,SEA,PILOT_TO_PILOT,3,1534,1432,4,5,TssOut,BtwSaki,30.75324299329202,128.14370415513426,91.17211388047747,12.0,306.94963784831685,536.5076686832333
1535,Shanghai SouthCh - Nagoya,SEA,PILOT_TO_PILOT,3,1535,1433,4,5,TssOut,BtwSaki,30.753009250587976,128.147571405934,91.17211388047747,12.0,307.1496711490622,536.3076353824879
1536,Shanghai SouthCh - Nagoya,SEA,PILOT_TO_PILOT,3,1536,1434,4,5,TssOut,BtwSaki,30.75277539318135,128.15143863795456,91.17211388047747,12.0,307.3497044498075,536.1076020817426
1537,Shanghai SouthCh - Nagoya,SEA,PILOT_TO_PILOT,3,1537,1435,4,5,TssOut,BtwSaki,30.752541421073754,128.15530585118697,91.17211388047747,12.0,307.5497377505528,535.9075687809973
1538,Shanghai SouthCh - Nagoya,SEA,PILOT_TO_PILOT,3,1538,1436,4,5,TssOut,BtwSaki,30.75230733426682,128.15917304562234,91.17211388047747,12.0,307.7497710512981,535.707535480252
1539,Shanghai SouthCh - Nagoya,SEA,PILOT_TO_PILOT,3,1539,1437,4,5,TssOut,BtwSaki,30.752073132762167,128.1630402212517,91.17211388047747,12.0,307.94980435204343,535.5075021795067
1540,Shanghai SouthCh - Nagoya,SEA,PILOT_TO_PILOT,3,1540,1438,4,5,TssOut,BtwSaki,30.751838816561424,128.16690737806607,91.17211388047747,12.0,308.14983765278873,535.3074688787614
1541,Shanghai SouthCh - Nagoya,SEA,PILOT_TO_PILOT,3,1541,1439,4,5,TssOut,BtwSaki,30.751604385666205,128.17077451605658,91.17211388047747,12.0,308.34987095353404,535.1074355780161
1542,Shanghai SouthCh - Nagoya,SEA,PILOT_TO_PILOT,3,1542,1440,4,5,TssOut,BtwSaki,30.751369840078162,128.1746416352142,91.17211388047747,12.0,308.54990425427934,534.9074022772708
1543,Shanghai SouthCh - Nagoya,SEA,PILOT_TO_PILOT,3,1543,1441,4,5,TssOut,BtwSaki,30.751135179798904,128.17850873553004,91.17211388047747,12.0,308.7499375550247,534.7073689765255
1544,Shanghai SouthCh - Nagoya,SEA,PILOT_TO_PILOT,3,1544,1442,4,5,TssOut,BtwSaki,30.750900404830062,128.18237581699512,91.17211388047747,12.0,308.94997085577,534.50733567578
1545,Shanghai SouthCh - Nagoya,SEA,PILOT_TO_PILOT,3,1545,1443,4,5,TssOut,BtwSaki,30.750665515173257,128.18624287960054,91.17211388047747,12.0,309.1500041565153,534.3073023750349
1546,Shanghai SouthCh - Nagoya,SEA,PILOT_TO_PILOT,3,1546,1444,4,5,TssOut,BtwSaki,30.750430510830125,128.19010992333736,91.17211388047747,12.0,309.3500374572606,534.1072690742894
1547,Shanghai SouthCh - Nagoya,SEA,PILOT_TO_PILOT,3,1547,1445,4,5,TssOut,BtwSaki,30.750195391802304,128.1939769481966,91.17211388047747,12.0,309.5500707580059,533.9072357735442
1548,Shanghai SouthCh - Nagoya,SEA,PILOT_TO_PILOT,3,1548,1446,4,5,TssOut,BtwSaki,30.74996015809141,128.19784395416931,91.17211388047747,12.0,309.7501040587512,533.7072024727988
1549,Shanghai SouthCh - Nagoya,SEA,PILOT_TO_PILOT,3,1549,1447,4,5,TssOut,BtwSaki,30.749724809699096,128.2017109412466,91.17211388047747,12.0,309.9501373594965,533.5071691720536
1550,Shanghai SouthCh - Nagoya,SEA,PILOT_TO_PILOT,3,1550,1448,4,5,TssOut,BtwSaki,30.74948934662697,128.20557790941947,91.17211388047747,12.0,310.1501706602418,533.3071358713082
1551,Shanghai SouthCh - Nagoya,SEA,PILOT_TO_PILOT,3,1551,1449,4,5,TssOut,BtwSaki,30.749253768876677,128.20944485867903,91.17211388047747,12.0,310.3502039609872,533.1071025705629
1552,Shanghai SouthCh - Nagoya,SEA,PILOT_TO_PILOT,3,1552,1450,4,5,TssOut,BtwSaki,30.749018076449854,128.21331178901633,91.17211388047747,12.0,310.5502372617325,532.9070692698176
1553,Shanghai SouthCh - Nagoya,SEA,PILOT_TO_PILOT,3,1553,1451,4,5,TssOut,BtwSaki,30.74878226934813,128.2171787004224,91.17211388047747,12.0,310.7502705624778,532.7070359690723
1554,Shanghai SouthCh - Nagoya,SEA,PILOT_TO_PILOT,3,1554,1452,4,5,TssOut,BtwSaki,30.748546347573136,128.22104559288834,91.17211388047747,12.0,310.9503038632231,532.507002668327
1555,Shanghai SouthCh - Nagoya,SEA,PILOT_TO_PILOT,3,1555,1453,4,5,TssOut,BtwSaki,30.748310311126527,128.22491246640521,91.17211388047747,12.0,311.1503371639684,532.3069693675817
1556,Shanghai SouthCh - Nagoya,SEA,PILOT_TO_PILOT,3,1556,1454,4,5,TssOut,BtwSaki,30.748074160009928,128.22877932096404,91.17211388047747,12.0,311.3503704647137,532.1069360668364
1557,Shanghai SouthCh - Nagoya,SEA,PILOT_TO_PILOT,3,1557,1455,4,5,TssOut,BtwSaki,30.74783789422497,128.2326461565559,91.17211388047747,12.0,311.550403765459,531.9069027660911
1558,Shanghai SouthCh - Nagoya,SEA,PILOT_TO_PILOT,3,1558,1456,4,5,TssOut,BtwSaki,30.747601513773304,128.2365129731719,91.17211388047747,12.0,311.75043706620437,531.7068694653458
1559,Shanghai SouthCh - Nagoya,SEA,PILOT_TO_PILOT,3,1559,1457,4,5,TssOut,BtwSaki,30.747365018656563,128.24037977080303,91.17211388047747,12.0,311.9504703669497,531.5068361646004
1560,Shanghai SouthCh - Nagoya,SEA,PILOT_TO_PILOT,3,1560,1458,4,5,TssOut,BtwSaki,30.747128408876385,128.24424654944042,91.17211388047747,12.0,312.150503667695,531.3068028638552
1561,Shanghai SouthCh - Nagoya,SEA,PILOT_TO_PILOT,3,1561,1459,4,5,TssOut,BtwSaki,30.746891684434427,128.2481133090751,91.17211388047747,12.0,312.3505369684403,531.1067695631098
1562,Shanghai SouthCh - Nagoya,SEA,PILOT_TO_PILOT,3,1562,1460,4,5,TssOut,BtwSaki,30.746654845332305,128.25198004969818,91.17211388047747,12.0,312.5505702691856,530.9067362623646
1563,Shanghai SouthCh - Nagoya,SEA,PILOT_TO_PILOT,3,1563,1461,4,5,TssOut,BtwSaki,30.746417891571685,128.25584677130067,91.17211388047747,12.0,312.7506035699309,530.7067029616192
1564,Shanghai SouthCh - Nagoya,SEA,PILOT_TO_PILOT,3,1564,1462,4,5,TssOut,BtwSaki,30.746180823154205,128.25971347387363,91.17211388047747,12.0,312.9506368706762,530.506669660874
1565,Shanghai SouthCh - Nagoya,SEA,PILOT_TO_PILOT,3,1565,1463,4,5,TssOut,BtwSaki,30.745943640081485,128.2635801574082,91.17211388047747,12.0,313.1506701714215,530.3066363601286
1566,Shanghai SouthCh - Nagoya,SEA,PILOT_TO_PILOT,3,1566,1464,4,5,TssOut,BtwSaki,30.745706342355206,128.26744682189536,91.17211388047747,12.0,313.35070347216686,530.1066030593832
1567,Shanghai SouthCh - Nagoya,SEA,PILOT_TO_PILOT,3,1567,1465,4,5,TssOut,BtwSaki,30.745468929976997,128.27131346732625,91.17211388047747,12.0,313.55073677291216,529.9065697586379
1568,Shanghai SouthCh - Nagoya,SEA,PILOT_TO_PILOT,3,1568,1466,4,5,TssOut,BtwSaki,30.745231402948505,128.27518009369192,91.17211388047747,12.0,313.75077007365746,529.7065364578926
1569,Shanghai SouthCh - Nagoya,SEA,PILOT_TO_PILOT,3,1569,1467,4,5,TssOut,BtwSaki,30.744993761271367,128.27904670098343,91.17211388047747,12.0,313.95080337440277,529.5065031571473
1570,Shanghai SouthCh - Nagoya,SEA,PILOT_TO_PILOT,3,1570,1468,4,5,TssOut,BtwSaki,30.74475600494725,128.28291328919184,91.17211388047747,12.0,314.15083667514807,529.306469856402
1571,Shanghai SouthCh - Nagoya,SEA,PILOT_TO_PILOT,3,1571,1469,4,5,TssOut,BtwSaki,30.744518133977785,128.28677985830822,91.17211388047747,12.0,314.3508699758934,529.1064365556567
1572,Shanghai SouthCh - Nagoya,SEA,PILOT_TO_PILOT,3,1572,1470,4,5,TssOut,BtwSaki,30.744280148364638,128.29064640832368,91.17211388047747,12.0,314.5509032766387,528.9064032549114
1573,Shanghai SouthCh - Nagoya,SEA,PILOT_TO_PILOT,3,1573,1471,4,5,TssOut,BtwSaki,30.744042048109456,128.29451293922924,91.17211388047747,12.0,314.750936577384,528.7063699541661
1574,Shanghai SouthCh - Nagoya,SEA,PILOT_TO_PILOT,3,1574,1472,4,5,TssOut,BtwSaki,30.743803833213875,128.298379451016,91.17211388047747,12.0,314.95096987812934,528.5063366534207
1575,Shanghai SouthCh - Nagoya,SEA,PILOT_TO_PILOT,3,1575,1473,4,5,TssOut,BtwSaki,30.743565503679555,128.30224594367505,91.17211388047747,12.0,315.15100317887465,528.3063033526755
1576,Shanghai SouthCh - Nagoya,SEA,PILOT_TO_PILOT,3,1576,1474,4,5,TssOut,BtwSaki,30.74332705950816,128.30611241719737,91.17211388047747,12.0,315.35103647961995,528.1062700519301
1577,Shanghai SouthCh - Nagoya,SEA,PILOT_TO_PILOT,3,1577,1475,4,5,TssOut,BtwSaki,30.743088500701333,128.3099788715742,91.17211388047747,12.0,315.55106978036525,527.9062367511849
1578,Shanghai SouthCh - Nagoya,SEA,PILOT_TO_PILOT,3,1578,1476,4,5,TssOut,BtwSaki,30.742849827260724,128.31384530679645,91.17211388047747,12.0,315.75110308111056,527.7062034504395
1579,Shanghai SouthCh - Nagoya,SEA,PILOT_TO_PILOT,3,1579,1477,4,5,TssOut,BtwSaki,30.742611039188006,128.3177117228553,91.17211388047747,12.0,315.95113638185586,527.5061701496943
1580,Shanghai SouthCh - Nagoya,SEA,PILOT_TO_PILOT,3,1580,1478,4,5,TssOut,BtwSaki,30.742372136484814,128.3215781197418,91.17211388047747,12.0,316.15116968260116,527.3061368489489
1581,Shanghai SouthCh - Nagoya,SEA,PILOT_TO_PILOT,3,1581,1479,4,5,TssOut,BtwSaki,30.742133119152804,128.32544449744697,91.17211388047747,12.0,316.3512029833465,527.1061035482036
1582,Shanghai SouthCh - Nagoya,SEA,PILOT_TO_PILOT,3,1582,1480,4,5,TssOut,BtwSaki,30.74189398719365,128.32931085596198,91.17211388047747,12.0,316.55123628409183,526.9060702474583
1583,Shanghai SouthCh - Nagoya,SEA,PILOT_TO_PILOT,3,1583,1481,4,5,TssOut,BtwSaki,30.741654740609004,128.3331771952778,91.17211388047747,12.0,316.75126958483713,526.706036946713
1584,Shanghai SouthCh - Nagoya,SEA,PILOT_TO_PILOT,3,1584,1482,4,5,TssOut,BtwSaki,30.741415379400518,128.33704351538563,91.17211388047747,12.0,316.95130288558244,526.5060036459677
1585,Shanghai SouthCh - Nagoya,SEA,PILOT_TO_PILOT,3,1585,1483,4,5,TssOut,BtwSaki,30.74117590356986,128.34090981627645,91.17211388047747,12.0,317.15133618632774,526.3059703452224
1586,Shanghai SouthCh - Nagoya,SEA,PILOT_TO_PILOT,3,1586,1484,4,5,TssOut,BtwSaki,30.740936313118688,128.34477609794138,91.17211388047747,12.0,317.35136948707304,526.1059370444771
1587,Shanghai SouthCh - Nagoya,SEA,PILOT_TO_PILOT,3,1587,1485,4,5,TssOut,BtwSaki,30.740696608048655,128.34864236037149,91.17211388047747,12.0,317.55140278781835,525.9059037437318
1588,Shanghai SouthCh - Nagoya,SEA,PILOT_TO_PILOT,3,1588,1486,4,5,TssOut,BtwSaki,30.740456788361435,128.35250860355785,91.17211388047747,12.0,317.75143608856365,525.7058704429865
1589,Shanghai SouthCh - Nagoya,SEA,PILOT_TO_PILOT,3,1589,1487,4,5,TssOut,BtwSaki,30.74021685405868,128.35637482749155,91.17211388047747,12.0,317.951469389309,525.505837142241
1590,Shanghai SouthCh - Nagoya,SEA,PILOT_TO_PILOT,3,1590,1488,4,5,TssOut,BtwSaki,30.739976805142053,128.36024103216366,91.17211388047747,12.0,318.1515026900543,525.3058038414958
1591,Shanghai SouthCh - Nagoya,SEA,PILOT_TO_PILOT,3,1591,1489,4,5,TssOut,BtwSaki,30.739736641613234,128.3641072175653,91.17211388047747,12.0,318.3515359907996,525.1057705407504
1592,Shanghai SouthCh - Nagoya,SEA,PILOT_TO_PILOT,3,1592,1490,4,5,TssOut,BtwSaki,30.739496363473872,128.3679733836875,91.17211388047747,12.0,318.5515692915449,524.9057372400052
1593,Shanghai SouthCh - Nagoya,SEA,PILOT_TO_PILOT,3,1593,1491,4,5,TssOut,BtwSaki,30.73925597072564,128.37183953052138,91.17211388047747,12.0,318.7516025922902,524.7057039392598
1594,Shanghai SouthCh - Nagoya,SEA,PILOT_TO_PILOT,3,1594,1492,4,5,TssOut,BtwSaki,30.739015463370205,128.375705658058,91.17211388047747,12.0,318.95163589303553,524.5056706385146
1595,Shanghai SouthCh - Nagoya,SEA,PILOT_TO_PILOT,3,1595,1493,4,5,TssOut,BtwSaki,30.738774841409228,128.37957176628845,91.17211388047747,12.0,319.15166919378083,524.3056373377692
1596,Shanghai SouthCh - Nagoya,SEA,PILOT_TO_PILOT,3,1596,1494,4,5,TssOut,BtwSaki,30.738534104844376,128.38343785520382,91.17211388047747,12.0,319.3517024945262,524.1056040370239
1597,Shanghai SouthCh - Nagoya,SEA,PILOT_TO_PILOT,3,1597,1495,4,5,TssOut,BtwSaki,30.738293253677334,128.3873039247952,91.17211388047747,12.0,319.5517357952715,523.9055707362786
1598,Shanghai SouthCh - Nagoya,SEA,PILOT_TO_PILOT,3,1598,1496,4,5,TssOut,BtwSaki,30.73805228790975,128.39116997505366,91.17211388047747,12.0,319.7517690960168,523.7055374355333
1599,Shanghai SouthCh - Nagoya,SEA,PILOT_TO_PILOT,3,1599,1497,4,5,TssOut,BtwSaki,30.737811207543317,128.39503600597027,91.17211388047747,12.0,319.9518023967621,523.505504134788
1600,Shanghai SouthCh - Nagoya,SEA,PILOT_TO_PILOT,3,1600,1498,4,5,TssOut,BtwSaki,30.737570012579678,128.39890201753613,91.17211388047747,12.0,320.1518356975074,523.3054708340427
1601,Shanghai SouthCh - Nagoya,SEA,PILOT_TO_PILOT,3,1601,1499,4,5,TssOut,BtwSaki,30.737328703020523,128.40276800974237,91.17211388047747,12.0,320.3518689982527,523.1054375332974
1602,Shanghai SouthCh - Nagoya,SEA,PILOT_TO_PILOT,3,1602,1500,4,5,TssOut,BtwSaki,30.737087278867527,128.40663398258,91.17211388047747,12.0,320.551902298998,522.9054042325521
1603,Shanghai SouthCh - Nagoya,SEA,PILOT_TO_PILOT,3,1603,1501,4,5,TssOut,BtwSaki,30.73684574012235,128.41049993604017,91.17211388047747,12.0,320.7519355997433,522.7053709318068
1604,Shanghai SouthCh - Nagoya,SEA,PILOT_TO_PILOT,3,1604,1502,4,5,TssOut,BtwSaki,30.73660408678668,128.41436587011393,91.17211388047747,12.0,320.9519689004887,522.5053376310614
1605,Shanghai SouthCh - Nagoya,SEA,PILOT_TO_PILOT,3,1605,1503,4,5,TssOut,BtwSaki,30.73636231886219,128.41823178479237,91.17211388047747,12.0,321.152002201234,522.3053043303162
1606,Shanghai SouthCh - Nagoya,SEA,PILOT_TO_PILOT,3,1606,1504,4,5,TssOut,BtwSaki,30.736120436350543,128.4220976800666,91.17211388047747,12.0,321.3520355019793,522.1052710295708
1607,Shanghai SouthCh - Nagoya,SEA,PILOT_TO_PILOT,3,1607,1505,4,5,TssOut,BtwSaki,30.735878439253437,128.42596355592772,91.17211388047747,12.0,321.5520688027246,521.9052377288256
1608,Shanghai SouthCh - Nagoya,SEA,PILOT_TO_PILOT,3,1608,1506,4,5,TssOut,BtwSaki,30.735636327572525,128.4298294123668,91.17211388047747,12.0,321.7521021034699,521.7052044280802
1609,Shanghai SouthCh - Nagoya,SEA,PILOT_TO_PILOT,3,1609,1507,4,5,TssOut,BtwSaki,30.735394101309506,128.43369524937492,91.17211388047747,12.0,321.9521354042152,521.505171127335
1610,Shanghai SouthCh - Nagoya,SEA,PILOT_TO_PILOT,3,1610,1508,4,5,TssOut,BtwSaki,30.73515176046604,128.43756106694318,91.17211388047747,12.0,322.1521687049605,521.3051378265895
1611,Shanghai SouthCh - Nagoya,SEA,PILOT_TO_PILOT,3,1611,1509,4,5,TssOut,BtwSaki,30.734909305043832,128.44142686506265,91.17211388047747,12.0,322.3522020057058,521.1051045258444
1612,Shanghai SouthCh - Nagoya,SEA,PILOT_TO_PILOT,3,1612,1510,4,5,TssOut,BtwSaki,30.734666735044524,128.44529264372446,91.17211388047747,12.0,322.55223530645117,520.9050712250989
1613,Shanghai SouthCh - Nagoya,SEA,PILOT_TO_PILOT,3,1613,1511,4,5,TssOut,BtwSaki,30.734424050469833,128.4491584029197,91.17211388047747,12.0,322.75226860719647,520.7050379243536
1614,Shanghai SouthCh - Nagoya,SEA,PILOT_TO_PILOT,3,1614,1512,4,5,TssOut,BtwSaki,30.734181251321427,128.45302414263946,91.17211388047747,12.0,322.9523019079418,520.5050046236083
1615,Shanghai SouthCh - Nagoya,SEA,PILOT_TO_PILOT,3,1615,1513,4,5,TssOut,BtwSaki,30.73393833760099,128.45688986287482,91.17211388047747,12.0,323.1523352086871,520.304971322863
1616,Shanghai SouthCh - Nagoya,SEA,PILOT_TO_PILOT,3,1616,1514,4,5,TssOut,BtwSaki,30.733695309310193,128.46075556361686,91.17211388047747,12.0,323.3523685094324,520.1049380221177
1617,Shanghai SouthCh - Nagoya,SEA,PILOT_TO_PILOT,3,1617,1515,4,5,TssOut,BtwSaki,30.733452166450736,128.46462124485672,91.17211388047747,12.0,323.5524018101777,519.9049047213724
1618,Shanghai SouthCh - Nagoya,SEA,PILOT_TO_PILOT,3,1618,1516,4,5,TssOut,BtwSaki,30.733208909024306,128.46848690658544,91.17211388047747,12.0,323.752435110923,519.7048714206271
1619,Shanghai SouthCh - Nagoya,SEA,PILOT_TO_PILOT,3,1619,1517,4,5,TssOut,BtwSaki,30.732965537032577,128.4723525487942,91.17211388047747,12.0,323.95246841166835,519.5048381198817
1620,Shanghai SouthCh - Nagoya,SEA,PILOT_TO_PILOT,3,1620,1518,4,5,TssOut,BtwSaki,30.73272205047724,128.476218171474,91.17211388047747,12.0,324.15250171241365,519.3048048191365
1621,Shanghai SouthCh - Nagoya,SEA,PILOT_TO_PILOT,3,1621,1519,4,5,TssOut,BtwSaki,30.732478449359984,128.48008377461596,91.17211388047747,12.0,324.35253501315896,519.1047715183911
1622,Shanghai SouthCh - Nagoya,SEA,PILOT_TO_PILOT,3,1622,1520,4,5,TssOut,BtwSaki,30.732234733682493,128.48394935821122,91.17211388047747,12.0,324.55256831390426,518.9047382176459
1623,Shanghai SouthCh - Nagoya,SEA,PILOT_TO_PILOT,3,1623,1521,4,5,TssOut,BtwSaki,30.731990903446466,128.4878149222509,91.17211388047747,12.0,324.75260161464956,518.7047049169005
1624,Shanghai SouthCh - Nagoya,SEA,PILOT_TO_PILOT,3,1624,1522,4,5,TssOut,BtwSaki,30.731746958653567,128.49168046672602,91.17211388047747,12.0,324.95263491539487,518.5046716161553
1625,Shanghai SouthCh - Nagoya,SEA,PILOT_TO_PILOT,3,1625,1523,4,5,TssOut,BtwSaki,30.731502899305525,128.4955459916277,91.17211388047747,12.0,325.15266821614017,518.3046383154099
1626,Shanghai SouthCh - Nagoya,SEA,PILOT_TO_PILOT,3,1626,1524,4,5,TssOut,BtwSaki,30.731258725404,128.49941149694706,91.17211388047747,12.0,325.3527015168855,518.1046050146647
1627,Shanghai SouthCh - Nagoya,SEA,PILOT_TO_PILOT,3,1627,1525,4,5,TssOut,BtwSaki,30.731014436950694,128.5032769826752,91.17211388047747,12.0,325.55273481763084,517.9045717139193
1628,Shanghai SouthCh - Nagoya,SEA,PILOT_TO_PILOT,3,1628,1526,4,5,TssOut,BtwSaki,30.73077003394731,128.5071424488032,91.17211388047747,12.0,325.75276811837614,517.704538413174
1629,Shanghai SouthCh - Nagoya,SEA,PILOT_TO_PILOT,3,1629,1527,4,5,TssOut,BtwSaki,30.73052551639552,128.5110078953222,91.17211388047747,12.0,325.95280141912144,517.5045051124287
1630,Shanghai SouthCh - Nagoya,SEA,PILOT_TO_PILOT,3,1630,1528,4,5,TssOut,BtwSaki,30.73028088429703,128.51487332222328,91.17211388047747,12.0,326.15283471986675,517.3044718116834
1631,Shanghai SouthCh - Nagoya,SEA,PILOT_TO_PILOT,3,1631,1529,4,5,TssOut,BtwSaki,30.730036137653535,128.5187387294975,91.17211388047747,12.0,326.35286802061205,517.104438510938
1632,Shanghai SouthCh - Nagoya,SEA,PILOT_TO_PILOT,3,1632,1530,4,5,TssOut,BtwSaki,30.72979127646673,128.52260411713604,91.17211388047747,12.0,326.55290132135735,516.9044052101927
1633,Shanghai SouthCh - Nagoya,SEA,PILOT_TO_PILOT,3,1633,1531,4,5,TssOut,BtwSaki,30.72954630073831,128.52646948512995,91.17211388047747,12.0,326.75293462210266,516.7043719094474
1634,Shanghai SouthCh - Nagoya,SEA,PILOT_TO_PILOT,3,1634,1532,4,5,TssOut,BtwSaki,30.72930121046998,128.53033483347036,91.17211388047747,12.0,326.95296792284796,516.5043386087021
1635,Shanghai SouthCh - Nagoya,SEA,PILOT_TO_PILOT,3,1635,1533,4,5,TssOut,BtwSaki,30.72905600566342,128.53420016214835,91.17211388047747,12.0,327.1530012235933,516.3043053079568
1636,Shanghai SouthCh - Nagoya,SEA,PILOT_TO_PILOT,3,1636,1534,4,5,TssOut,BtwSaki,30.728810686320355,128.53806547115505,91.17211388047747,12.0,327.3530345243386,516.1042720072114
1637,Shanghai SouthCh - Nagoya,SEA,PILOT_TO_PILOT,3,1637,1535,4,5,TssOut,BtwSaki,30.72856525244246,128.5419307604816,91.17211388047747,12.0,327.55306782508393,515.9042387064662
1638,Shanghai SouthCh - Nagoya,SEA,PILOT_TO_PILOT,3,1638,1536,4,5,TssOut,BtwSaki,30.728319704031442,128.545796030119,91.17211388047747,12.0,327.75310112582923,515.7042054057208
1639,Shanghai SouthCh - Nagoya,SEA,PILOT_TO_PILOT,3,1639,1537,4,5,TssOut,BtwSaki,30.728074041089016,128.54966128005842,91.17211388047747,12.0,327.95313442657454,515.5041721049756
1640,Shanghai SouthCh - Nagoya,SEA,PILOT_TO_PILOT,3,1640,1538,4,5,TssOut,BtwSaki,30.72782826361686,128.553526510291,91.17211388047747,12.0,328.15316772731984,515.3041388042302
1641,Shanghai SouthCh - Nagoya,SEA,PILOT_TO_PILOT,3,1641,1539,4,5,TssOut,BtwSaki,30.7275823716167,128.5573917208078,91.17211388047747,12.0,328.35320102806514,515.104105503485
1642,Shanghai SouthCh - Nagoya,SEA,PILOT_TO_PILOT,3,1642,1540,4,5,TssOut,BtwSaki,30.727336365090228,128.5612569115999,91.17211388047747,12.0,328.5532343288105,514.9040722027396
1643,Shanghai SouthCh - Nagoya,SEA,PILOT_TO_PILOT,3,1643,1541,4,5,TssOut,BtwSaki,30.727090244039143,128.56512208265852,91.17211388047747,12.0,328.7532676295558,514.7040389019943
1644,Shanghai SouthCh - Nagoya,SEA,PILOT_TO_PILOT,3,1644,1542,4,5,TssOut,BtwSaki,30.726844008465154,128.5689872339747,91.17211388047747,12.0,328.9533009303011,514.504005601249
1645,Shanghai SouthCh - Nagoya,SEA,PILOT_TO_PILOT,3,1645,1543,4,5,TssOut,BtwSaki,30.72659765836998,128.5728523655395,91.17211388047747,12.0,329.1533342310464,514.3039723005037
1646,Shanghai SouthCh - Nagoya,SEA,PILOT_TO_PILOT,3,1646,1544,4,5,TssOut,BtwSaki,30.72635119375531,128.5767174773441,91.17211388047747,12.0,329.3533675317917,514.1039389997584
1647,Shanghai SouthCh - Nagoya,SEA,PILOT_TO_PILOT,3,1647,1545,4,5,TssOut,BtwSaki,30.72610461462285,128.5805825693796,91.17211388047747,12.0,329.553400832537,513.9039056990131
1648,Shanghai SouthCh - Nagoya,SEA,PILOT_TO_PILOT,3,1648,1546,4,5,TssOut,BtwSaki,30.725857920974317,128.5844476416371,91.17211388047747,12.0,329.7534341332823,513.7038723982678
1649,Shanghai SouthCh - Nagoya,SEA,PILOT_TO_PILOT,3,1649,1547,4,5,TssOut,BtwSaki,30.72561111281142,128.5883126941077,91.17211388047747,12.0,329.95346743402763,513.5038390975225
1650,Shanghai SouthCh - Nagoya,SEA,PILOT_TO_PILOT,3,1650,1548,4,5,TssOut,BtwSaki,30.725364190135874,128.59217772678258,91.17211388047747,12.0,330.153500734773,513.3038057967772
1651,Shanghai SouthCh - Nagoya,SEA,PILOT_TO_PILOT,3,1651,1549,4,5,TssOut,BtwSaki,30.725117152949373,128.59604273965277,91.17211388047747,12.0,330.3535340355183,513.1037724960318
1652,Shanghai SouthCh - Nagoya,SEA,PILOT_TO_PILOT,3,1652,1550,4,5,TssOut,BtwSaki,30.724870001253645,128.5999077327094,91.17211388047747,12.0,330.5535673362636,512.9037391952866
1653,Shanghai SouthCh - Nagoya,SEA,PILOT_TO_PILOT,3,1653,1551,4,5,TssOut,BtwSaki,30.72462273505039,128.6037727059436,91.17211388047747,12.0,330.7536006370089,512.7037058945411
1654,Shanghai SouthCh - Nagoya,SEA,PILOT_TO_PILOT,3,1654,1552,4,5,TssOut,BtwSaki,30.724375354341316,128.6076376593465,91.17211388047747,12.0,330.9536339377542,512.503672593796
1655,Shanghai SouthCh - Nagoya,SEA,PILOT_TO_PILOT,3,1655,1553,4,5,TssOut,BtwSaki,30.72412785912815,128.6115025929092,91.17211388047747,12.0,331.1536672384995,512.3036392930505
1656,Shanghai SouthCh - Nagoya,SEA,PILOT_TO_PILOT,3,1656,1554,4,5,TssOut,BtwSaki,30.723880249412606,128.61536750662285,91.17211388047747,12.0,331.3537005392448,512.1036059923053
1657,Shanghai SouthCh - Nagoya,SEA,PILOT_TO_PILOT,3,1657,1555,4,5,TssOut,BtwSaki,30.723632525196383,128.61923240047847,91.17211388047747,12.0,331.5537338399901,511.90357269156
1658,Shanghai SouthCh - Nagoya,SEA,PILOT_TO_PILOT,3,1658,1556,4,5,TssOut,BtwSaki,30.72338468648121,128.62309727446728,91.17211388047747,12.0,331.7537671407355,511.7035393908146
1659,Shanghai SouthCh - Nagoya,SEA,PILOT_TO_PILOT,3,1659,1557,4,5,TssOut,BtwSaki,30.723136733268802,128.62696212858035,91.17211388047747,12.0,331.9538004414808,511.5035060900693
1660,Shanghai SouthCh - Nagoya,SEA,PILOT_TO_PILOT,3,1660,1558,4,5,TssOut,BtwSaki,30.722888665560873,128.63082696280878,91.17211388047747,12.0,332.1538337422261,511.303472789324
1661,Shanghai SouthCh - Nagoya,SEA,PILOT_TO_PILOT,3,1661,1559,4,5,TssOut,BtwSaki,30.72264048335914,128.63469177714373,91.17211388047747,12.0,332.3538670429714,511.1034394885787
1662,Shanghai SouthCh - Nagoya,SEA,PILOT_TO_PILOT,3,1662,1560,4,5,TssOut,BtwSaki,30.72239218666532,128.63855657157634,91.17211388047747,12.0,332.5539003437167,510.9034061878334
1663,Shanghai SouthCh - Nagoya,SEA,PILOT_TO_PILOT,3,1663,1561,4,5,TssOut,BtwSaki,30.722143775481147,128.64242134609765,91.17211388047747,12.0,332.753933644462,510.7033728870881
1664,Shanghai SouthCh - Nagoya,SEA,PILOT_TO_PILOT,3,1664,1562,4,5,TssOut,BtwSaki,30.72189524980833,128.64628610069883,91.17211388047747,12.0,332.9539669452073,510.5033395863428
1665,Shanghai SouthCh - Nagoya,SEA,PILOT_TO_PILOT,3,1665,1563,4,5,TssOut,BtwSaki,30.72164660964859,128.65015083537102,91.17211388047747,12.0,333.15400024595266,510.30330628559744
1666,Shanghai SouthCh - Nagoya,SEA,PILOT_TO_PILOT,3,1666,1564,4,5,TssOut,BtwSaki,30.721397855003648,128.6540155501053,91.17211388047747,12.0,333.35403354669796,510.10327298485214
1667,Shanghai SouthCh - Nagoya,SEA,PILOT_TO_PILOT,3,1667,1565,4,5,TssOut,BtwSaki,30.721148985875217,128.65788024489282,91.17211388047747,12.0,333.55406684744327,509.90323968410684
1668,Shanghai SouthCh - Nagoya,SEA,PILOT_TO_PILOT,3,1668,1566,4,5,TssOut,BtwSaki,30.720900002265044,128.66174491972467,91.17211388047747,12.0,333.75410014818857,509.70320638336153
1669,Shanghai SouthCh - Nagoya,SEA,PILOT_TO_PILOT,3,1669,1567,4,5,TssOut,BtwSaki,30.72065090417484,128.66560957459203,91.17211388047747,12.0,333.9541334489339,509.50317308261623
1670,Shanghai SouthCh - Nagoya,SEA,PILOT_TO_PILOT,3,1670,1568,4,5,TssOut,BtwSaki,30.72040169160633,128.66947420948594,91.17211388047747,12.0,334.1541667496792,509.3031397818709
1671,Shanghai SouthCh - Nagoya,SEA,PILOT_TO_PILOT,3,1671,1569,4,5,TssOut,BtwSaki,30.720152364561233,128.67333882439758,91.17211388047747,12.0,334.3542000504245,509.1031064811256
1672,Shanghai SouthCh - Nagoya,SEA,PILOT_TO_PILOT,3,1672,1570,4,5,TssOut,BtwSaki,30.719902923041293,128.6772034193181,91.17211388047747,12.0,334.5542333511698,508.9030731803803
1673,Shanghai SouthCh - Nagoya,SEA,PILOT_TO_PILOT,3,1673,1571,4,5,TssOut,BtwSaki,30.719653367048217,128.6810679942386,91.17211388047747,12.0,334.75426665191515,508.70303987963496
1674,Shanghai SouthCh - Nagoya,SEA,PILOT_TO_PILOT,3,1674,1572,4,5,TssOut,BtwSaki,30.719403696583743,128.68493254915015,91.17211388047747,12.0,334.95429995266045,508.50300657888965
1675,Shanghai SouthCh - Nagoya,SEA,PILOT_TO_PILOT,3,1675,1573,4,5,TssOut,BtwSaki,30.719153911649595,128.68879708404393,91.17211388047747,12.0,335.15433325340575,508.30297327814435
1676,Shanghai SouthCh - Nagoya,SEA,PILOT_TO_PILOT,3,1676,1574,4,5,TssOut,BtwSaki,30.718904012247517,128.6926615989111,91.17211388047747,12.0,335.35436655415106,508.10293997739905
1677,Shanghai SouthCh - Nagoya,SEA,PILOT_TO_PILOT,3,1677,1575,4,5,TssOut,BtwSaki,30.71865399837922,128.69652609374268,91.17211388047747,12.0,335.55439985489636,507.90290667665374
1678,Shanghai SouthCh - Nagoya,SEA,PILOT_TO_PILOT,3,1678,1576,4,5,TssOut,BtwSaki,30.71840387004645,128.7003905685299,91.17211388047747,12.0,335.75443315564166,507.70287337590844
1679,Shanghai SouthCh - Nagoya,SEA,PILOT_TO_PILOT,3,1679,1577,4,5,TssOut,BtwSaki,30.718153627250924,128.7042550232639,91.17211388047747,12.0,335.95446645638697,507.50284007516314
1680,Shanghai SouthCh - Nagoya,SEA,PILOT_TO_PILOT,3,1680,1578,4,5,TssOut,BtwSaki,30.717903269994387,128.70811945793574,91.17211388047747,12.0,336.15449975713227,507.30280677441783
1681,Shanghai SouthCh - Nagoya,SEA,PILOT_TO_PILOT,3,1681,1579,4,5,TssOut,BtwSaki,30.71765279827857,128.71198387253654,91.17211388047747,12.0,336.35453305787763,507.10277347367247
1682,Shanghai SouthCh - Nagoya,SEA,PILOT_TO_PILOT,3,1682,1580,4,5,TssOut,BtwSaki,30.71740221210521,128.71584826705748,91.17211388047747,12.0,336.55456635862294,506.90274017292717
1683,Shanghai SouthCh - Nagoya,SEA,PILOT_TO_PILOT,3,1683,1581,4,5,TssOut,BtwSaki,30.717151511476022,128.7197126414897,91.17211388047747,12.0,336.75459965936824,506.70270687218186
1684,Shanghai SouthCh - Nagoya,SEA,PILOT_TO_PILOT,3,1684,1582,4,5,TssOut,BtwSaki,30.716900696392763,128.7235769958243,91.17211388047747,12.0,336.95463296011354,506.50267357143656
1685,Shanghai SouthCh - Nagoya,SEA,PILOT_TO_PILOT,3,1685,1583,4,5,TssOut,BtwSaki,30.71664976685717,128.72744133005241,91.17211388047747,12.0,337.15466626085885,506.30264027069126
1686,Shanghai SouthCh - Nagoya,SEA,PILOT_TO_PILOT,3,1686,1584,4,5,TssOut,BtwSaki,30.716398722870963,128.73130564416516,91.17211388047747,12.0,337.35469956160415,506.10260696994595
1687,Shanghai SouthCh - Nagoya,SEA,PILOT_TO_PILOT,3,1687,1585,4,5,TssOut,BtwSaki,30.716147564435886,128.7351699381537,91.17211388047747,12.0,337.55473286234945,505.90257366920065
1688,Shanghai SouthCh - Nagoya,SEA,PILOT_TO_PILOT,3,1688,1586,4,5,TssOut,BtwSaki,30.71589629155369,128.73903421200916,91.17211388047747,12.0,337.7547661630948,505.7025403684553
1689,Shanghai SouthCh - Nagoya,SEA,PILOT_TO_PILOT,3,1689,1587,4,5,TssOut,BtwSaki,30.715644904226103,128.74289846572265,91.17211388047747,12.0,337.9547994638401,505.50250706771
1690,Shanghai SouthCh - Nagoya,SEA,PILOT_TO_PILOT,3,1690,1588,4,5,TssOut,BtwSaki,30.715393402454865,128.74676269928534,91.17211388047747,12.0,338.1548327645854,505.3024737669647
1691,Shanghai SouthCh - Nagoya,SEA,PILOT_TO_PILOT,3,1691,1589,4,5,TssOut,BtwSaki,30.71514178624172,128.75062691268838,91.17211388047747,12.0,338.3548660653307,505.1024404662194
1692,Shanghai SouthCh - Nagoya,SEA,PILOT_TO_PILOT,3,1692,1590,4,5,TssOut,BtwSaki,30.714890055588413,128.75449110592285,91.17211388047747,12.0,338.55489936607603,504.9024071654741
1693,Shanghai SouthCh - Nagoya,SEA,PILOT_TO_PILOT,3,1693,1591,4,5,TssOut,BtwSaki,30.714638210496677,128.75835527897993,91.17211388047747,12.0,338.75493266682133,504.70237386472877
1694,Shanghai SouthCh - Nagoya,SEA,PILOT_TO_PILOT,3,1694,1592,4,5,TssOut,BtwSaki,30.71438625096827,128.76221943185072,91.17211388047747,12.0,338.95496596756664,504.50234056398347
1695,Shanghai SouthCh - Nagoya,SEA,PILOT_TO_PILOT,3,1695,1593,4,5,TssOut,BtwSaki,30.71413417700492,128.76608356452638,91.17211388047747,12.0,339.15499926831194,504.30230726323816
1696,Shanghai SouthCh - Nagoya,SEA,PILOT_TO_PILOT,3,1696,1594,4,5,TssOut,BtwSaki,30.713881988608378,128.76994767699807,91.17211388047747,12.0,339.3550325690573,504.1022739624928
1697,Shanghai SouthCh - Nagoya,SEA,PILOT_TO_PILOT,3,1697,1595,4,5,TssOut,BtwSaki,30.71362968578039,128.77381176925687,91.17211388047747,12.0,339.5550658698026,503.9022406617475
1698,Shanghai SouthCh - Nagoya,SEA,PILOT_TO_PILOT,3,1698,1596,4,5,TssOut,BtwSaki,30.7133772685227,128.77767584129396,91.17211388047747,12.0,339.7550991705479,503.7022073610022
1699,Shanghai SouthCh - Nagoya,SEA,PILOT_TO_PILOT,3,1699,1597,4,5,TssOut,BtwSaki,30.71312473683706,128.78153989310047,91.17211388047747,12.0,339.9551324712932,503.5021740602569
1700,Shanghai SouthCh - Nagoya,SEA,PILOT_TO_PILOT,3,1700,1598,4,5,TssOut,BtwSaki,30.71287209072522,128.78540392466758,91.17211388047747,12.0,340.1551657720385,503.3021407595116
1701,Shanghai SouthCh - Nagoya,SEA,PILOT_TO_PILOT,3,1701,1599,4,5,TssOut,BtwSaki,30.712619330188918,128.78926793598637,91.17211388047747,12.0,340.3551990727838,503.1021074587663
1702,Shanghai SouthCh - Nagoya,SEA,PILOT_TO_PILOT,3,1702,1600,4,5,TssOut,BtwSaki,30.712366455229912,128.793131927048,91.17211388047747,12.0,340.5552323735291,502.902074158021
1703,Shanghai SouthCh - Nagoya,SEA,PILOT_TO_PILOT,3,1703,1601,4,5,TssOut,BtwSaki,30.712113465849935,128.7969958978436,91.17211388047747,12.0,340.7552656742745,502.7020408572756
1704,Shanghai SouthCh - Nagoya,SEA,PILOT_TO_PILOT,3,1704,1602,4,5,TssOut,BtwSaki,30.711860362050775,128.80085984836435,91.17211388047747,12.0,340.9552989750198,502.5020075565303
1705,Shanghai SouthCh - Nagoya,SEA,PILOT_TO_PILOT,3,1705,1603,4,5,TssOut,BtwSaki,30.71160714383414,128.80472377860136,91.17211388047747,12.0,341.1553322757651,502.301974255785
1706,Shanghai SouthCh - Nagoya,SEA,PILOT_TO_PILOT,3,1706,1604,4,5,TssOut,BtwSaki,30.71135381120181,128.8085876885458,91.17211388047747,12.0,341.3553655765104,502.1019409550397
1707,Shanghai SouthCh - Nagoya,SEA,PILOT_TO_PILOT,3,1707,1605,4,5,TssOut,BtwSaki,30.711100364155538,128.8124515781888,91.17211388047747,12.0,341.5553988772557,501.9019076542944
1708,Shanghai SouthCh - Nagoya,SEA,PILOT_TO_PILOT,3,1708,1606,4,5,TssOut,BtwSaki,30.710846802697066,128.8163154475215,91.17211388047747,12.0,341.755432178001,501.7018743535491
1709,Shanghai SouthCh - Nagoya,SEA,PILOT_TO_PILOT,3,1709,1607,4,5,TssOut,BtwSaki,30.71059312682815,128.82017929653503,91.17211388047747,12.0,341.9554654787463,501.5018410528038
1710,Shanghai SouthCh - Nagoya,SEA,PILOT_TO_PILOT,3,1710,1608,4,5,TssOut,BtwSaki,30.710339336550554,128.82404312522058,91.17211388047747,12.0,342.1554987794916,501.3018077520585
1711,Shanghai SouthCh - Nagoya,SEA,PILOT_TO_PILOT,3,1711,1609,4,5,TssOut,BtwSaki,30.710085431866016,128.82790693356927,91.17211388047747,12.0,342.35553208023697,501.10177445131313
1712,Shanghai SouthCh - Nagoya,SEA,PILOT_TO_PILOT,3,1712,1610,4,5,TssOut,BtwSaki,30.709831412776335,128.83177072157227,91.17211388047747,12.0,342.5555653809823,500.90174115056783
1713,Shanghai SouthCh - Nagoya,SEA,PILOT_TO_PILOT,3,1713,1611,4,5,TssOut,BtwSaki,30.70957727928322,128.83563448922067,91.17211388047747,12.0,342.7555986817276,500.7017078498225
1714,Shanghai SouthCh - Nagoya,SEA,PILOT_TO_PILOT,3,1714,1612,4,5,TssOut,BtwSaki,30.709323031388447,128.83949823650568,91.17211388047747,12.0,342.9556319824729,500.5016745490772
1715,Shanghai SouthCh - Nagoya,SEA,PILOT_TO_PILOT,3,1715,1613,4,5,TssOut,BtwSaki,30.70906866909378,128.8433619634184,91.17211388047747,12.0,343.1556652832182,500.3016412483319
1716,Shanghai SouthCh - Nagoya,SEA,PILOT_TO_PILOT,3,1716,1614,4,5,TssOut,BtwSaki,30.708814192400986,128.84722566995,91.17211388047747,12.0,343.3556985839635,500.1016079475866
1717,Shanghai SouthCh - Nagoya,SEA,PILOT_TO_PILOT,3,1717,1615,4,5,TssOut,BtwSaki,30.7085596013118,128.85108935609165,91.17211388047747,12.0,343.5557318847088,499.9015746468413
1718,Shanghai SouthCh - Nagoya,SEA,PILOT_TO_PILOT,3,1718,1616,4,5,TssOut,BtwSaki,30.708304895828018,128.85495302183446,91.17211388047747,12.0,343.7557651854541,499.701541346096
1719,Shanghai SouthCh - Nagoya,SEA,PILOT_TO_PILOT,3,1719,1617,4,5,TssOut,BtwSaki,30.708050075951377,128.8588166671696,91.17211388047747,12.0,343.95579848619946,499.50150804535065
1720,Shanghai SouthCh - Nagoya,SEA,PILOT_TO_PILOT,3,1720,1618,4,5,TssOut,BtwSaki,30.707795141683643,128.86268029208827,91.17211388047747,12.0,344.15583178694476,499.30147474460534
1721,Shanghai SouthCh - Nagoya,SEA,PILOT_TO_PILOT,3,1721,1619,4,5,TssOut,BtwSaki,30.707540093026584,128.86654389658153,91.17211388047747,12.0,344.35586508769006,499.10144144386004
1722,Shanghai SouthCh - Nagoya,SEA,PILOT_TO_PILOT,3,1722,1620,4,5,TssOut,BtwSaki,30.707284929981967,128.8704074806406,91.17211388047747,12.0,344.55589838843537,498.90140814311474
1723,Shanghai SouthCh - Nagoya,SEA,PILOT_TO_PILOT,3,1723,1621,4,5,TssOut,BtwSaki,30.70702965255156,128.87427104425663,91.17211388047747,12.0,344.75593168918067,498.70137484236943
1724,Shanghai SouthCh - Nagoya,SEA,PILOT_TO_PILOT,3,1724,1622,4,5,TssOut,BtwSaki,30.706774260737124,128.8781345874207,91.17211388047747,12.0,344.955964989926,498.50134154162413
1725,Shanghai SouthCh - Nagoya,SEA,PILOT_TO_PILOT,3,1725,1623,4,5,TssOut,BtwSaki,30.70651875454042,128.88199811012404,91.17211388047747,12.0,345.1559982906713,498.3013082408788
1726,Shanghai SouthCh - Nagoya,SEA,PILOT_TO_PILOT,3,1726,1624,4,5,TssOut,BtwSaki,30.706263133963226,128.88586161235781,91.17211388047747,12.0,345.35603159141664,498.10127494013346
1727,Shanghai SouthCh - Nagoya,SEA,PILOT_TO_PILOT,3,1727,1625,4,5,TssOut,BtwSaki,30.706007399007305,128.88972509411312,91.17211388047747,12.0,345.55606489216194,497.90124163938816
1728,Shanghai SouthCh - Nagoya,SEA,PILOT_TO_PILOT,3,1728,1626,4,5,TssOut,BtwSaki,30.705751549674424,128.89358855538114,91.17211388047747,12.0,345.75609819290725,497.70120833864286
1729,Shanghai SouthCh - Nagoya,SEA,PILOT_TO_PILOT,3,1729,1627,4,5,TssOut,BtwSaki,30.705495585966357,128.89745199615305,91.17211388047747,12.0,345.95613149365255,497.50117503789755
1730,Shanghai SouthCh - Nagoya,SEA,PILOT_TO_PILOT,3,1730,1628,4,5,TssOut,BtwSaki,30.70523950788488,128.90131541641998,91.17211388047747,12.0,346.15616479439785,497.30114173715225
1731,Shanghai SouthCh - Nagoya,SEA,PILOT_TO_PILOT,3,1731,1629,4,5,TssOut,BtwSaki,30.704983315431754,128.9051788161731,91.17211388047747,12.0,346.35619809514316,497.10110843640695
1732,Shanghai SouthCh - Nagoya,SEA,PILOT_TO_PILOT,3,1732,1630,4,5,TssOut,BtwSaki,30.704727008608764,128.90904219540354,91.17211388047747,12.0,346.55623139588846,496.90107513566164
1733,Shanghai SouthCh - Nagoya,SEA,PILOT_TO_PILOT,3,1733,1631,4,5,TssOut,BtwSaki,30.704470587417664,128.91290555410248,91.17211388047747,12.0,346.75626469663376,496.70104183491634
1734,Shanghai SouthCh - Nagoya,SEA,PILOT_TO_PILOT,3,1734,1632,4,5,TssOut,BtwSaki,30.704214051860244,128.9167688922611,91.17211388047747,12.0,346.9562979973791,496.501008534171
1735,Shanghai SouthCh - Nagoya,SEA,PILOT_TO_PILOT,3,1735,1633,4,5,TssOut,BtwSaki,30.703957401938275,128.92063220987055,91.17211388047747,12.0,347.1563312981244,496.3009752334257
1736,Shanghai SouthCh - Nagoya,SEA,PILOT_TO_PILOT,3,1736,1634,4,5,TssOut,BtwSaki,30.703700637653515,128.92449550692194,91.17211388047747,12.0,347.35636459886973,496.10094193268037
1737,Shanghai SouthCh - Nagoya,SEA,PILOT_TO_PILOT,3,1737,1635,4,5,TssOut,BtwSaki,30.703443759007772,128.92835878340654,91.17211388047747,12.0,347.55639789961504,495.90090863193507
1738,Shanghai SouthCh - Nagoya,SEA,PILOT_TO_PILOT,3,1738,1636,4,5,TssOut,BtwSaki,30.703186766002805,128.9322220393154,91.17211388047747,12.0,347.75643120036034,495.70087533118976
1739,Shanghai SouthCh - Nagoya,SEA,PILOT_TO_PILOT,3,1739,1637,4,5,TssOut,BtwSaki,30.702929658640397,128.93608527463974,91.17211388047747,12.0,347.95646450110564,495.50084203044446
1740,Shanghai SouthCh - Nagoya,SEA,PILOT_TO_PILOT,3,1740,1638,4,5,TssOut,BtwSaki,30.70267243692231,128.9399484893707,91.17211388047747,12.0,348.15649780185095,495.30080872969916
1741,Shanghai SouthCh - Nagoya,SEA,PILOT_TO_PILOT,3,1741,1639,4,5,TssOut,BtwSaki,30.702415100850345,128.94381168349943,91.17211388047747,12.0,348.35653110259625,495.10077542895385
1742,Shanghai SouthCh - Nagoya,SEA,PILOT_TO_PILOT,3,1742,1640,4,5,TssOut,BtwSaki,30.702157650426265,128.94767485701715,91.17211388047747,12.0,348.5565644033416,494.9007421282085
1743,Shanghai SouthCh - Nagoya,SEA,PILOT_TO_PILOT,3,1743,1641,4,5,TssOut,BtwSaki,30.70190008565186,128.95153800991497,91.17211388047747,12.0,348.7565977040869,494.7007088274632
1744,Shanghai SouthCh - Nagoya,SEA,PILOT_TO_PILOT,3,1744,1642,4,5,TssOut,BtwSaki,30.701642406528908,128.95540114218412,91.17211388047747,12.0,348.9566310048322,494.5006755267179
1745,Shanghai SouthCh - Nagoya,SEA,PILOT_TO_PILOT,3,1745,1643,4,5,TssOut,BtwSaki,30.701384613059194,128.95926425381566,91.17211388047747,12.0,349.1566643055775,494.3006422259726
1746,Shanghai SouthCh - Nagoya,SEA,PILOT_TO_PILOT,3,1746,1644,4,5,TssOut,BtwSaki,30.7011267052445,128.96312734480085,91.17211388047747,12.0,349.3566976063228,494.1006089252273
1747,Shanghai SouthCh - Nagoya,SEA,PILOT_TO_PILOT,3,1747,1645,4,5,TssOut,BtwSaki,30.70086868308661,128.9669904151308,91.17211388047747,12.0,349.55673090706813,493.900575624482
1748,Shanghai SouthCh - Nagoya,SEA,PILOT_TO_PILOT,3,1748,1646,4,5,TssOut,BtwSaki,30.700610546587296,128.97085346479673,91.17211388047747,12.0,349.75676420781343,493.70054232373667
1749,Shanghai SouthCh - Nagoya,SEA,PILOT_TO_PILOT,3,1749,1647,4,5,TssOut,BtwSaki,30.700352295748377,128.97471649378974,91.17211388047747,12.0,349.9567975085588,493.5005090229913
1750,Shanghai SouthCh - Nagoya,SEA,PILOT_TO_PILOT,3,1750,1648,4,5,TssOut,BtwSaki,30.700093930571605,128.97857950210107,91.17211388047747,12.0,350.1568308093041,493.300475722246
1751,Shanghai SouthCh - Nagoya,SEA,PILOT_TO_PILOT,3,1751,1649,4,5,TssOut,BtwSaki,30.699835451058778,128.98244248972185,91.17211388047747,12.0,350.3568641100494,493.1004424215007
1752,Shanghai SouthCh - Nagoya,SEA,PILOT_TO_PILOT,3,1752,1650,4,5,TssOut,BtwSaki,30.69957685721168,128.98630545664324,91.17211388047747,12.0,350.5568974107947,492.9004091207554
1753,Shanghai SouthCh - Nagoya,SEA,PILOT_TO_PILOT,3,1753,1651,4,5,TssOut,BtwSaki,30.69931814903211,128.99016840285643,91.17211388047747,12.0,350.75693071154,492.7003758200101
1754,Shanghai SouthCh - Nagoya,SEA,PILOT_TO_PILOT,3,1754,1652,4,5,TssOut,BtwSaki,30.699059326521848,128.99403132835258,91.17211388047747,12.0,350.9569640122853,492.5003425192648
1755,Shanghai SouthCh - Nagoya,SEA,PILOT_TO_PILOT,3,1755,1653,4,5,TssOut,BtwSaki,30.698800389682685,128.99789423312285,91.17211388047747,12.0,351.1569973130306,492.3003092185195
1756,Shanghai SouthCh - Nagoya,SEA,PILOT_TO_PILOT,3,1756,1654,4,5,TssOut,BtwSaki,30.69854133851641,129.00175711715843,91.17211388047747,12.0,351.3570306137759,492.1002759177742
1757,Shanghai SouthCh - Nagoya,SEA,PILOT_TO_PILOT,3,1757,1655,4,5,TssOut,BtwSaki,30.698282173024822,129.00561998045052,91.17211388047747,12.0,351.5570639145213,491.9002426170288
1758,Shanghai SouthCh - Nagoya,SEA,PILOT_TO_PILOT,3,1758,1656,4,5,TssOut,BtwSaki,30.698022893209703,129.00948282299026,91.17211388047747,12.0,351.7570972152666,491.7002093162835
1759,Shanghai SouthCh - Nagoya,SEA,PILOT_TO_PILOT,3,1759,1657,4,5,TssOut,BtwSaki,30.697763499072853,129.0133456447688,91.17211388047747,12.0,351.9571305160119,491.5001760155382
1760,Shanghai SouthCh - Nagoya,SEA,PILOT_TO_PILOT,3,1760,1658,4,5,TssOut,BtwSaki,30.697503990616063,129.01720844577736,91.17211388047747,12.0,352.1571638167572,491.3001427147929
1761,Shanghai SouthCh - Nagoya,SEA,PILOT_TO_PILOT,3,1761,1659,4,5,TssOut,BtwSaki,30.697244367841126,129.02107122600708,91.17211388047747,12.0,352.3571971175025,491.1001094140476
1762,Shanghai SouthCh - Nagoya,SEA,PILOT_TO_PILOT,3,1762,1660,4,5,TssOut,BtwSaki,30.69698463074984,129.02493398544917,91.17211388047747,12.0,352.5572304182478,490.9000761133023
1763,Shanghai SouthCh - Nagoya,SEA,PILOT_TO_PILOT,3,1763,1661,4,5,TssOut,BtwSaki,30.696724779344002,129.02879672409475,91.17211388047747,12.0,352.7572637189931,490.700042812557
1764,Shanghai SouthCh - Nagoya,SEA,PILOT_TO_PILOT,3,1764,1662,4,5,TssOut,BtwSaki,30.696464813625397,129.03265944193507,91.17211388047747,12.0,352.9572970197384,490.5000095118117
1765,Shanghai SouthCh - Nagoya,SEA,PILOT_TO_PILOT,3,1765,1663,4,5,TssOut,BtwSaki,30.696204733595835,129.03652213896123,91.17211388047747,12.0,353.15733032048377,490.29997621106634
1766,Shanghai SouthCh - Nagoya,SEA,PILOT_TO_PILOT,3,1766,1664,4,5,TssOut,BtwSaki,30.695944539257123,129.04038481516446,91.17211388047747,12.0,353.35736362122907,490.09994291032103
1767,Shanghai SouthCh - Nagoya,SEA,PILOT_TO_PILOT,3,1767,1665,4,5,TssOut,BtwSaki,30.69568423061104,129.04424747053594,91.17211388047747,12.0,353.5573969219744,489.89990960957573
1768,Shanghai SouthCh - Nagoya,SEA,PILOT_TO_PILOT,3,1768,1666,4,5,TssOut,BtwSaki,30.695423807659388,129.04811010506683,91.17211388047747,12.0,353.7574302227197,489.6998763088304
1769,Shanghai SouthCh - Nagoya,SEA,PILOT_TO_PILOT,3,1769,1667,4,5,TssOut,BtwSaki,30.695163270403977,129.0519727187483,91.17211388047747,12.0,353.957463523465,489.4998430080851
1770,Shanghai SouthCh - Nagoya,SEA,PILOT_TO_PILOT,3,1770,1668,4,5,TssOut,BtwSaki,30.694902618846605,129.0558353115715,91.17211388047747,12.0,354.1574968242103,489.2998097073398
1771,Shanghai SouthCh - Nagoya,SEA,PILOT_TO_PILOT,3,1771,1669,4,5,TssOut,BtwSaki,30.694641852989065,129.05969788352772,91.17211388047747,12.0,354.3575301249556,489.0997764065945
1772,Shanghai SouthCh - Nagoya,SEA,PILOT_TO_PILOT,3,1772,1670,4,5,TssOut,BtwSaki,30.69438097283318,129.06356043460804,91.17211388047747,12.0,354.55756342570095,488.89974310584915
1773,Shanghai SouthCh - Nagoya,SEA,PILOT_TO_PILOT,3,1773,1671,4,5,TssOut,BtwSaki,30.694119978380733,129.06742296480368,91.17211388047747,12.0,354.75759672644625,488.69970980510385
1774,Shanghai SouthCh - Nagoya,SEA,PILOT_TO_PILOT,3,1774,1672,4,5,TssOut,BtwSaki,30.69385886963354,129.0712854741058,91.17211388047747,12.0,354.95763002719156,488.49967650435855
1775,Shanghai SouthCh - Nagoya,SEA,PILOT_TO_PILOT,3,1775,1673,4,5,TssOut,BtwSaki,30.6935976465934,129.0751479625056,91.17211388047747,12.0,355.15766332793686,488.29964320361324
1776,Shanghai SouthCh - Nagoya,SEA,PILOT_TO_PILOT,3,1776,1674,4,5,TssOut,BtwSaki,30.693336309262122,129.07901042999427,91.17211388047747,12.0,355.35769662868216,488.09960990286794
1777,Shanghai SouthCh - Nagoya,SEA,PILOT_TO_PILOT,3,1777,1675,4,5,TssOut,BtwSaki,30.69307485764151,129.08287287656296,91.17211388047747,12.0,355.55772992942747,487.89957660212264
1778,Shanghai SouthCh - Nagoya,SEA,PILOT_TO_PILOT,3,1778,1676,4,5,TssOut,BtwSaki,30.69281329173338,129.0867353022029,91.17211388047747,12.0,355.75776323017277,487.69954330137733
1779,Shanghai SouthCh - Nagoya,SEA,PILOT_TO_PILOT,3,1779,1677,4,5,TssOut,BtwSaki,30.692551611539532,129.09059770690524,91.17211388047747,12.0,355.9577965309181,487.49951000063203
1780,Shanghai SouthCh - Nagoya,SEA,PILOT_TO_PILOT,3,1780,1678,4,5,TssOut,BtwSaki,30.692289817061766,129.0944600906612,91.17211388047747,12.0,356.15782983166343,487.29947669988667
1781,Shanghai SouthCh - Nagoya,SEA,PILOT_TO_PILOT,3,1781,1679,4,5,TssOut,BtwSaki,30.692027908301913,129.09832245346192,91.17211388047747,12.0,356.35786313240874,487.09944339914136
1782,Shanghai SouthCh - Nagoya,SEA,PILOT_TO_PILOT,3,1782,1680,4,5,TssOut,BtwSaki,30.691765885261766,129.1021847952986,91.17211388047747,12.0,356.55789643315404,486.89941009839606
1783,Shanghai SouthCh - Nagoya,SEA,PILOT_TO_PILOT,3,1783,1681,4,5,TssOut,BtwSaki,30.691503747943145,129.10604711616247,91.17211388047747,12.0,356.75792973389935,486.69937679765076
1784,Shanghai SouthCh - Nagoya,SEA,PILOT_TO_PILOT,3,1784,1682,4,5,TssOut,BtwSaki,30.691241496347857,129.10990941604467,91.17211388047747,12.0,356.95796303464465,486.49934349690545
1785,Shanghai SouthCh - Nagoya,SEA,PILOT_TO_PILOT,3,1785,1683,4,5,TssOut,BtwSaki,30.69097913047771,129.1137716949364,91.17211388047747,12.0,357.15799633538995,486.29931019616015
1786,Shanghai SouthCh - Nagoya,SEA,PILOT_TO_PILOT,3,1786,1684,4,5,TssOut,BtwSaki,30.690716650334537,129.11763395282887,91.17211388047747,12.0,357.35802963613526,486.09927689541485
1787,Shanghai SouthCh - Nagoya,SEA,PILOT_TO_PILOT,3,1787,1685,4,5,TssOut,BtwSaki,30.690454055920124,129.12149618971324,91.17211388047747,12.0,357.55806293688056,485.89924359466954
1788,Shanghai SouthCh - Nagoya,SEA,PILOT_TO_PILOT,3,1788,1686,4,5,TssOut,BtwSaki,30.69019134723631,129.1253584055807,91.17211388047747,12.0,357.7580962376259,485.6992102939242
1789,Shanghai SouthCh - Nagoya,SEA,PILOT_TO_PILOT,3,1789,1687,4,5,TssOut,BtwSaki,30.6899285242849,129.12922060042246,91.17211388047747,12.0,357.9581295383712,485.4991769931789
1790,Shanghai SouthCh - Nagoya,SEA,PILOT_TO_PILOT,3,1790,1688,4,5,TssOut,BtwSaki,30.689665587067715,129.1330827742297,91.17211388047747,12.0,358.1581628391165,485.2991436924336
1791,Shanghai SouthCh - Nagoya,SEA,PILOT_TO_PILOT,3,1791,1689,4,5,TssOut,BtwSaki,30.689402535586567,129.1369449269936,91.17211388047747,12.0,358.35819613986183,485.09911039168827
1792,Shanghai SouthCh - Nagoya,SEA,PILOT_TO_PILOT,3,1792,1690,4,5,TssOut,BtwSaki,30.689139369843282,129.14080705870543,91.17211388047747,12.0,358.55822944060714,484.89907709094297
1793,Shanghai SouthCh - Nagoya,SEA,PILOT_TO_PILOT,3,1793,1691,4,5,TssOut,BtwSaki,30.68887608983966,129.14466916935626,91.17211388047747,12.0,358.75826274135244,484.69904379019766
1794,Shanghai SouthCh - Nagoya,SEA,PILOT_TO_PILOT,3,1794,1692,4,5,TssOut,BtwSaki,30.68861269557754,129.14853125893734,91.17211388047747,12.0,358.95829604209774,484.49901048945236
1795,Shanghai SouthCh - Nagoya,SEA,PILOT_TO_PILOT,3,1795,1693,4,5,TssOut,BtwSaki,30.68834918705873,129.1523933274399,91.17211388047747,12.0,359.1583293428431,484.298977188707
1796,Shanghai SouthCh - Nagoya,SEA,PILOT_TO_PILOT,3,1796,1694,4,5,TssOut,BtwSaki,30.688085564285057,129.1562553748551,91.17211388047747,12.0,359.3583626435884,484.0989438879617
1797,Shanghai SouthCh - Nagoya,SEA,PILOT_TO_PILOT,3,1797,1695,4,5,TssOut,BtwSaki,30.687821827258343,129.16011740117412,91.17211388047747,12.0,359.5583959443337,483.8989105872164
1798,Shanghai SouthCh - Nagoya,SEA,PILOT_TO_PILOT,3,1798,1696,4,5,TssOut,BtwSaki,30.68755797598042,129.16397940638817,91.17211388047747,12.0,359.758429245079,483.6988772864711
1799,Shanghai SouthCh - Nagoya,SEA,PILOT_TO_PILOT,3,1799,1697,4,5,TssOut,BtwSaki,30.68729401045309,129.16784139048846,91.17211388047747,12.0,359.9584625458243,483.4988439857258
1800,Shanghai SouthCh - Nagoya,SEA,PILOT_TO_PILOT,3,1800,1698,4,5,TssOut,BtwSaki,30.687029930678193,129.17170335346617,91.17211388047747,12.0,360.1584958465696,483.2988106849805
1801,Shanghai SouthCh - Nagoya,SEA,PILOT_TO_PILOT,3,1801,1699,4,5,TssOut,BtwSaki,30.686765736657552,129.1755652953125,91.17211388047747,12.0,360.3585291473149,483.0987773842352
1802,Shanghai SouthCh - Nagoya,SEA,PILOT_TO_PILOT,3,1802,1700,4,5,TssOut,BtwSaki,30.686501428392987,129.17942721601867,91.17211388047747,12.0,360.55856244806023,482.8987440834899
1803,Shanghai SouthCh - Nagoya,SEA,PILOT_TO_PILOT,3,1803,1701,4,5,TssOut,BtwSaki,30.686237005886316,129.18328911557586,91.17211388047747,12.0,360.7585957488056,482.6987107827445
1804,Shanghai SouthCh - Nagoya,SEA,PILOT_TO_PILOT,3,1804,1702,4,5,TssOut,BtwSaki,30.685972469139386,129.18715099397525,91.17211388047747,12.0,360.9586290495509,482.4986774819992
1805,Shanghai SouthCh - Nagoya,SEA,PILOT_TO_PILOT,3,1805,1703,4,5,TssOut,BtwSaki,30.68570781815401,129.19101285120806,91.17211388047747,12.0,361.1586623502962,482.2986441812539
1806,Shanghai SouthCh - Nagoya,SEA,PILOT_TO_PILOT,3,1806,1704,4,5,TssOut,BtwSaki,30.685443052932033,129.1948746872655,91.17211388047747,12.0,361.3586956510415,482.0986108805086
1807,Shanghai SouthCh - Nagoya,SEA,PILOT_TO_PILOT,3,1807,1705,4,5,TssOut,BtwSaki,30.68517817347526,129.19873650213876,91.17211388047747,12.0,361.5587289517868,481.8985775797633
1808,Shanghai SouthCh - Nagoya,SEA,PILOT_TO_PILOT,3,1808,1706,4,5,TssOut,BtwSaki,30.684913179785546,129.20259829581903,91.17211388047747,12.0,361.7587622525321,481.698544279018
1809,Shanghai SouthCh - Nagoya,SEA,PILOT_TO_PILOT,3,1809,1707,4,5,TssOut,BtwSaki,30.684648071864704,129.20646006829756,91.17211388047747,12.0,361.9587955532774,481.4985109782727
1810,Shanghai SouthCh - Nagoya,SEA,PILOT_TO_PILOT,3,1810,1708,4,5,TssOut,BtwSaki,30.68438284971457,129.21032181956545,91.17211388047747,12.0,362.1588288540228,481.29847767752733
1811,Shanghai SouthCh - Nagoya,SEA,PILOT_TO_PILOT,3,1811,1709,4,5,TssOut,BtwSaki,30.684117513336986,129.21418354961403,91.17211388047747,12.0,362.3588621547681,481.098444376782
1812,Shanghai SouthCh - Nagoya,SEA,PILOT_TO_PILOT,3,1812,1710,4,5,TssOut,BtwSaki,30.68385206273377,129.21804525843442,91.17211388047747,12.0,362.5588954555134,480.8984110760367
1813,Shanghai SouthCh - Nagoya,SEA,PILOT_TO_PILOT,3,1813,1711,4,5,TssOut,BtwSaki,30.683586497906763,129.22190694601787,91.17211388047747,12.0,362.7589287562587,480.6983777752914
1814,Shanghai SouthCh - Nagoya,SEA,PILOT_TO_PILOT,3,1814,1712,4,5,TssOut,BtwSaki,30.68332081885781,129.22576861235552,91.17211388047747,12.0,362.958962057004,480.4983444745461
1815,Shanghai SouthCh - Nagoya,SEA,PILOT_TO_PILOT,3,1815,1713,4,5,TssOut,BtwSaki,30.683055025588725,129.22963025743863,91.17211388047747,12.0,363.1589953577493,480.2983111738008
1816,Shanghai SouthCh - Nagoya,SEA,PILOT_TO_PILOT,3,1816,1714,4,5,TssOut,BtwSaki,30.682789118101365,129.2334918812584,91.17211388047747,12.0,363.3590286584946,480.0982778730555
1817,Shanghai SouthCh - Nagoya,SEA,PILOT_TO_PILOT,3,1817,1715,4,5,TssOut,BtwSaki,30.68252309639755,129.23735348380606,91.17211388047747,12.0,363.5590619592399,479.8982445723102
1818,Shanghai SouthCh - Nagoya,SEA,PILOT_TO_PILOT,3,1818,1716,4,5,TssOut,BtwSaki,30.682256960479126,129.24121506507277,91.17211388047747,12.0,363.75909525998526,479.69821127156484
1819,Shanghai SouthCh - Nagoya,SEA,PILOT_TO_PILOT,3,1819,1717,4,5,TssOut,BtwSaki,30.681990710347925,129.24507662504976,91.17211388047747,12.0,363.95912856073056,479.49817797081954
1820,Shanghai SouthCh - Nagoya,SEA,PILOT_TO_PILOT,3,1820,1718,4,5,TssOut,BtwSaki,30.68172434600581,129.2489381637282,91.17211388047747,12.0,364.15916186147587,479.29814467007424
1821,Shanghai SouthCh - Nagoya,SEA,PILOT_TO_PILOT,3,1821,1719,4,5,TssOut,BtwSaki,30.68145786745459,129.25279968109936,91.17211388047747,12.0,364.35919516222117,479.09811136932893
1822,Shanghai SouthCh - Nagoya,SEA,PILOT_TO_PILOT,3,1822,1720,4,5,TssOut,BtwSaki,30.68119127469612,129.25666117715443,91.17211388047747,12.0,364.5592284629665,478.89807806858363
1823,Shanghai SouthCh - Nagoya,SEA,PILOT_TO_PILOT,3,1823,1721,4,5,TssOut,BtwSaki,30.680924567732237,129.2605226518846,91.17211388047747,12.0,364.7592617637118,478.6980447678383
1824,Shanghai SouthCh - Nagoya,SEA,PILOT_TO_PILOT,3,1824,1722,4,5,TssOut,BtwSaki,30.680657746564798,129.26438410528112,91.17211388047747,12.0,364.9592950644571,478.498011467093
1825,Shanghai SouthCh - Nagoya,SEA,PILOT_TO_PILOT,3,1825,1723,4,5,TssOut,BtwSaki,30.680390811195622,129.2682455373352,91.17211388047747,12.0,365.1593283652024,478.2979781663477
1826,Shanghai SouthCh - Nagoya,SEA,PILOT_TO_PILOT,3,1826,1724,4,5,TssOut,BtwSaki,30.680123761626568,129.27210694803796,91.17211388047747,12.0,365.35936166594774,478.09794486560236
1827,Shanghai SouthCh - Nagoya,SEA,PILOT_TO_PILOT,3,1827,1725,4,5,TssOut,BtwSaki,30.679856597859477,129.2759683373807,91.17211388047747,12.0,365.55939496669305,477.89791156485705
1828,Shanghai SouthCh - Nagoya,SEA,PILOT_TO_PILOT,3,1828,1726,4,5,TssOut,BtwSaki,30.6795893198962,129.27982970535464,91.17211388047747,12.0,365.75942826743835,477.69787826411175
1829,Shanghai SouthCh - Nagoya,SEA,PILOT_TO_PILOT,3,1829,1727,4,5,TssOut,BtwSaki,30.67932192773857,129.28369105195097,91.17211388047747,12.0,365.95946156818366,477.49784496336645
1830,Shanghai SouthCh - Nagoya,SEA,PILOT_TO_PILOT,3,1830,1728,4,5,TssOut,BtwSaki,30.67905442138845,129.28755237716086,91.17211388047747,12.0,366.15949486892896,477.29781166262114
1831,Shanghai SouthCh - Nagoya,SEA,PILOT_TO_PILOT,3,1831,1729,4,5,TssOut,BtwSaki,30.67878680084767,129.2914136809756,91.17211388047747,12.0,366.35952816967426,477.09777836187584
1832,Shanghai SouthCh - Nagoya,SEA,PILOT_TO_PILOT,3,1832,1730,4,5,TssOut,BtwSaki,30.6785190661181,129.29527496338636,91.17211388047747,12.0,366.55956147041957,476.89774506113054
1833,Shanghai SouthCh - Nagoya,SEA,PILOT_TO_PILOT,3,1833,1731,4,5,TssOut,BtwSaki,30.678251217201566,129.29913622438437,91.17211388047747,12.0,366.7595947711649,476.6977117603852
1834,Shanghai SouthCh - Nagoya,SEA,PILOT_TO_PILOT,3,1834,1732,4,5,TssOut,BtwSaki,30.677983254099935,129.30299746396085,91.17211388047747,12.0,366.95962807191023,476.49767845963987
1835,Shanghai SouthCh - Nagoya,SEA,PILOT_TO_PILOT,3,1835,1733,4,5,TssOut,BtwSaki,30.677715176815042,129.30685868210702,91.17211388047747,12.0,367.15966137265553,476.29764515889457
1836,Shanghai SouthCh - Nagoya,SEA,PILOT_TO_PILOT,3,1836,1734,4,5,TssOut,BtwSaki,30.677446985348762,129.3107198788141,91.17211388047747,12.0,367.35969467340084,476.09761185814926
1837,Shanghai SouthCh - Nagoya,SEA,PILOT_TO_PILOT,3,1837,1735,4,5,TssOut,BtwSaki,30.67717867970292,129.31458105407327,91.17211388047747,12.0,367.55972797414614,475.89757855740396
1838,Shanghai SouthCh - Nagoya,SEA,PILOT_TO_PILOT,3,1838,1736,4,5,TssOut,BtwSaki,30.676910259879392,129.3184422078758,91.17211388047747,12.0,367.75976127489145,475.69754525665866
1839,Shanghai SouthCh - Nagoya,SEA,PILOT_TO_PILOT,3,1839,1737,4,5,TssOut,BtwSaki,30.676641725880014,129.32230334021287,91.17211388047747,12.0,367.95979457563675,475.49751195591335
1840,Shanghai SouthCh - Nagoya,SEA,PILOT_TO_PILOT,3,1840,1738,4,5,TssOut,BtwSaki,30.676373077706646,129.32616445107573,91.17211388047747,12.0,368.15982787638205,475.29747865516805
1841,Shanghai SouthCh - Nagoya,SEA,PILOT_TO_PILOT,3,1841,1739,4,5,TssOut,BtwSaki,30.67610431536114,129.33002554045558,91.17211388047747,12.0,368.3598611771274,475.0974453544227
1842,Shanghai SouthCh - Nagoya,SEA,PILOT_TO_PILOT,3,1842,1740,4,5,TssOut,BtwSaki,30.675835438845365,129.33388660834365,91.17211388047747,12.0,368.5598944778727,474.8974120536774
1843,Shanghai SouthCh - Nagoya,SEA,PILOT_TO_PILOT,3,1843,1741,4,5,TssOut,BtwSaki,30.675566448161163,129.33774765473115,91.17211388047747,12.0,368.759927778618,474.6973787529321
1844,Shanghai SouthCh - Nagoya,SEA,PILOT_TO_PILOT,3,1844,1742,4,5,TssOut,BtwSaki,30.6752973433104,129.34160867960935,91.17211388047747,12.0,368.9599610793633,474.4973454521868
1845,Shanghai SouthCh - Nagoya,SEA,PILOT_TO_PILOT,3,1845,1743,4,5,TssOut,BtwSaki,30.675028124294936,129.3454696829694,91.17211388047747,12.0,369.1599943801086,474.2973121514415
1846,Shanghai SouthCh - Nagoya,SEA,PILOT_TO_PILOT,3,1846,1744,4,5,TssOut,BtwSaki,30.67475879111662,129.34933066480258,91.17211388047747,12.0,369.36002768085393,474.09727885069617
1847,Shanghai SouthCh - Nagoya,SEA,PILOT_TO_PILOT,3,1847,1745,4,5,TssOut,BtwSaki,30.674489343777324,129.3531916251001,91.17211388047747,12.0,369.56006098159924,473.89724554995087
1848,Shanghai SouthCh - Nagoya,SEA,PILOT_TO_PILOT,3,1848,1746,4,5,TssOut,BtwSaki,30.67421978227889,129.3570525638532,91.17211388047747,12.0,369.76009428234454,473.69721224920556
1849,Shanghai SouthCh - Nagoya,SEA,PILOT_TO_PILOT,3,1849,1747,4,5,TssOut,BtwSaki,30.6739501066232,129.36091348105305,91.17211388047747,12.0,369.9601275830899,473.4971789484602
1850,Shanghai SouthCh - Nagoya,SEA,PILOT_TO_PILOT,3,1850,1748,4,5,TssOut,BtwSaki,30.673680316812103,129.3647743766909,91.17211388047747,12.0,370.1601608838352,473.2971456477149
1851,Shanghai SouthCh - Nagoya,SEA,PILOT_TO_PILOT,3,1851,1749,4,5,TssOut,BtwSaki,30.67341041284747,129.368635250758,91.17211388047747,12.0,370.3601941845805,473.0971123469696
1852,Shanghai SouthCh - Nagoya,SEA,PILOT_TO_PILOT,3,1852,1750,4,5,TssOut,BtwSaki,30.67314039473115,129.37249610324557,91.17211388047747,12.0,370.5602274853258,472.8970790462243
1853,Shanghai SouthCh - Nagoya,SEA,PILOT_TO_PILOT,3,1853,1751,4,5,TssOut,BtwSaki,30.67287026246503,129.37635693414484,91.17211388047747,12.0,370.7602607860711,472.697045745479
1854,Shanghai SouthCh - Nagoya,SEA,PILOT_TO_PILOT,3,1854,1752,4,5,TssOut,BtwSaki,30.67260001605095,129.38021774344705,91.17211388047747,12.0,370.9602940868164,472.4970124447337
1855,Shanghai SouthCh - Nagoya,SEA,PILOT_TO_PILOT,3,1855,1753,4,5,TssOut,BtwSaki,30.6723296554908,129.3840785311434,91.17211388047747,12.0,371.1603273875617,472.2969791439884
1856,Shanghai SouthCh - Nagoya,SEA,PILOT_TO_PILOT,3,1856,1754,4,5,TssOut,BtwSaki,30.672059180786416,129.3879392972251,91.17211388047747,12.0,371.3603606883071,472.096945843243
1857,Shanghai SouthCh - Nagoya,SEA,PILOT_TO_PILOT,3,1857,1755,4,5,TssOut,BtwSaki,30.671788591939695,129.39180004168344,91.17211388047747,12.0,371.5603939890524,471.8969125424977
1858,Shanghai SouthCh - Nagoya,SEA,PILOT_TO_PILOT,3,1858,1756,4,5,TssOut,BtwSaki,30.671517888952497,129.39566076450964,91.17211388047747,12.0,371.7604272897977,471.6968792417524
1859,Shanghai SouthCh - Nagoya,SEA,PILOT_TO_PILOT,3,1859,1757,4,5,TssOut,BtwSaki,30.671247071826684,129.39952146569487,91.17211388047747,12.0,371.960460590543,471.4968459410071
1860,Shanghai SouthCh - Nagoya,SEA,PILOT_TO_PILOT,3,1860,1758,4,5,TssOut,BtwSaki,30.67097614056413,129.4033821452304,91.17211388047747,12.0,372.1604938912883,471.2968126402618
1861,Shanghai SouthCh - Nagoya,SEA,PILOT_TO_PILOT,3,1861,1759,4,5,TssOut,BtwSaki,30.670705095166703,129.40724280310752,91.17211388047747,12.0,372.3605271920336,471.0967793395165
1862,Shanghai SouthCh - Nagoya,SEA,PILOT_TO_PILOT,3,1862,1760,4,5,TssOut,BtwSaki,30.67043393563627,129.41110343931737,91.17211388047747,12.0,372.5605604927789,470.8967460387712
1863,Shanghai SouthCh - Nagoya,SEA,PILOT_TO_PILOT,3,1863,1761,4,5,TssOut,BtwSaki,30.670162661974715,129.41496405385124,91.17211388047747,12.0,372.7605937935242,470.6967127380259
1864,Shanghai SouthCh - Nagoya,SEA,PILOT_TO_PILOT,3,1864,1762,4,5,TssOut,BtwSaki,30.669891274183904,129.41882464670036,91.17211388047747,12.0,372.96062709426957,470.49667943728053
1865,Shanghai SouthCh - Nagoya,SEA,PILOT_TO_PILOT,3,1865,1763,4,5,TssOut,BtwSaki,30.66961977226571,129.42268521785593,91.17211388047747,12.0,373.1606603950149,470.29664613653523
1866,Shanghai SouthCh - Nagoya,SEA,PILOT_TO_PILOT,3,1866,1764,4,5,TssOut,BtwSaki,30.669348156221993,129.42654576730922,91.17211388047747,12.0,373.3606936957602,470.0966128357899
1867,Shanghai SouthCh - Nagoya,SEA,PILOT_TO_PILOT,3,1867,1765,4,5,TssOut,BtwSaki,30.669076426054655,129.43040629505145,91.17211388047747,12.0,373.5607269965055,469.8965795350446
1868,Shanghai SouthCh - Nagoya,SEA,PILOT_TO_PILOT,3,1868,1766,4,5,TssOut,BtwSaki,30.66880458176556,129.43426680107387,91.17211388047747,12.0,373.7607602972508,469.6965462342993
1869,Shanghai SouthCh - Nagoya,SEA,PILOT_TO_PILOT,3,1869,1767,4,5,TssOut,BtwSaki,30.668532623356572,129.43812728536773,91.17211388047747,12.0,373.9607935979961,469.496512933554
1870,Shanghai SouthCh - Nagoya,SEA,PILOT_TO_PILOT,3,1870,1768,4,5,TssOut,BtwSaki,30.66826055082959,129.4419877479242,91.17211388047747,12.0,374.1608268987414,469.2964796328087
1871,Shanghai SouthCh - Nagoya,SEA,PILOT_TO_PILOT,3,1871,1769,4,5,TssOut,BtwSaki,30.667988364186478,129.4458481887346,91.17211388047747,12.0,374.3608601994867,469.0964463320634
1872,Shanghai SouthCh - Nagoya,SEA,PILOT_TO_PILOT,3,1872,1770,4,5,TssOut,BtwSaki,30.66771606342911,129.44970860779014,91.17211388047747,12.0,374.56089350023205,468.89641303131805
1873,Shanghai SouthCh - Nagoya,SEA,PILOT_TO_PILOT,3,1873,1771,4,5,TssOut,BtwSaki,30.667443648559377,129.45356900508202,91.17211388047747,12.0,374.76092680097736,468.69637973057274
1874,Shanghai SouthCh - Nagoya,SEA,PILOT_TO_PILOT,3,1874,1772,4,5,TssOut,BtwSaki,30.66717111957916,129.45742938060152,91.17211388047747,12.0,374.96096010172266,468.49634642982744
1875,Shanghai SouthCh - Nagoya,SEA,PILOT_TO_PILOT,3,1875,1773,4,5,TssOut,BtwSaki,30.66689847649032,129.4612897343399,91.17211388047747,12.0,375.16099340246797,468.29631312908214
1876,Shanghai SouthCh - Nagoya,SEA,PILOT_TO_PILOT,3,1876,1774,4,5,TssOut,BtwSaki,30.66662571929477,129.46515006628837,91.17211388047747,12.0,375.36102670321327,468.09627982833683
1877,Shanghai SouthCh - Nagoya,SEA,PILOT_TO_PILOT,3,1877,1775,4,5,TssOut,BtwSaki,30.66635284799436,129.46901037643818,91.17211388047747,12.0,375.5610600039586,467.89624652759153
1878,Shanghai SouthCh - Nagoya,SEA,PILOT_TO_PILOT,3,1878,1776,4,5,TssOut,BtwSaki,30.666079862590994,129.47287066478057,91.17211388047747,12.0,375.7610933047039,467.6962132268462
1879,Shanghai SouthCh - Nagoya,SEA,PILOT_TO_PILOT,3,1879,1777,4,5,TssOut,BtwSaki,30.66580676308656,129.4767309313068,91.17211388047747,12.0,375.96112660544924,467.49617992610087
1880,Shanghai SouthCh - Nagoya,SEA,PILOT_TO_PILOT,3,1880,1778,4,5,TssOut,BtwSaki,30.665533549482927,129.4805911760081,91.17211388047747,12.0,376.16115990619454,467.29614662535556
1881,Shanghai SouthCh - Nagoya,SEA,PILOT_TO_PILOT,3,1881,1779,4,5,TssOut,BtwSaki,30.665260221781978,129.48445139887568,91.17211388047747,12.0,376.36119320693984,467.09611332461026
1882,Shanghai SouthCh - Nagoya,SEA,PILOT_TO_PILOT,3,1882,1780,4,5,TssOut,BtwSaki,30.66498677998562,129.48831159990084,91.17211388047747,12.0,376.56122650768515,466.89608002386495
1883,Shanghai SouthCh - Nagoya,SEA,PILOT_TO_PILOT,3,1883,1781,4,5,TssOut,BtwSaki,30.664713224095724,129.4921717790748,91.17211388047747,12.0,376.76125980843045,466.69604672311965
1884,Shanghai SouthCh - Nagoya,SEA,PILOT_TO_PILOT,3,1884,1782,4,5,TssOut,BtwSaki,30.66443955411418,129.49603193638882,91.17211388047747,12.0,376.96129310917576,466.49601342237435
1885,Shanghai SouthCh - Nagoya,SEA,PILOT_TO_PILOT,3,1885,1783,4,5,TssOut,BtwSaki,30.664165770042874,129.49989207183413,91.17211388047747,12.0,377.16132640992106,466.29598012162904
1886,Shanghai SouthCh - Nagoya,SEA,PILOT_TO_PILOT,3,1886,1784,4,5,TssOut,BtwSaki,30.663891871883703,129.50375218540196,91.17211388047747,12.0,377.36135971066636,466.09594682088374
1887,Shanghai SouthCh - Nagoya,SEA,PILOT_TO_PILOT,3,1887,1785,4,5,TssOut,BtwSaki,30.66361785963855,129.5076122770836,91.17211388047747,12.0,377.5613930114117,465.8959135201384
1888,Shanghai SouthCh - Nagoya,SEA,PILOT_TO_PILOT,3,1888,1786,4,5,TssOut,BtwSaki,30.66334373330931,129.51147234687033,91.17211388047747,12.0,377.761426312157,465.6958802193931
1889,Shanghai SouthCh - Nagoya,SEA,PILOT_TO_PILOT,3,1889,1787,4,5,TssOut,BtwSaki,30.66306949289788,129.5153323947533,91.17211388047747,12.0,377.96145961290233,465.49584691864777
1890,Shanghai SouthCh - Nagoya,SEA,PILOT_TO_PILOT,3,1890,1788,4,5,TssOut,BtwSaki,30.662795138406135,129.5191924207238,91.17211388047747,12.0,378.16149291364763,465.29581361790247
1891,Shanghai SouthCh - Nagoya,SEA,PILOT_TO_PILOT,3,1891,1789,4,5,TssOut,BtwSaki,30.662520669835985,129.52305242477314,91.17211388047747,12.0,378.36152621439294,465.09578031715716
1892,Shanghai SouthCh - Nagoya,SEA,PILOT_TO_PILOT,3,1892,1790,4,5,TssOut,BtwSaki,30.662246087189303,129.5269124068925,91.17211388047747,12.0,378.56155951513824,464.89574701641186
1893,Shanghai SouthCh - Nagoya,SEA,PILOT_TO_PILOT,3,1893,1791,4,5,TssOut,BtwSaki,30.66197139046801,129.53077236707315,91.17211388047747,12.0,378.76159281588355,464.69571371566656
1894,Shanghai SouthCh - Nagoya,SEA,PILOT_TO_PILOT,3,1894,1792,4,5,TssOut,BtwSaki,30.661696579673986,129.53463230530636,91.17211388047747,12.0,378.96162611662885,464.49568041492125
1895,Shanghai SouthCh - Nagoya,SEA,PILOT_TO_PILOT,3,1895,1793,4,5,TssOut,BtwSaki,30.66142165480913,129.53849222158334,91.17211388047747,12.0,379.1616594173742,464.2956471141759
1896,Shanghai SouthCh - Nagoya,SEA,PILOT_TO_PILOT,3,1896,1794,4,5,TssOut,BtwSaki,30.661146615875335,129.5423521158954,91.17211388047747,12.0,379.3616927181195,464.0956138134306
1897,Shanghai SouthCh - Nagoya,SEA,PILOT_TO_PILOT,3,1897,1795,4,5,TssOut,BtwSaki,30.660871462874503,129.54621198823375,91.17211388047747,12.0,379.5617260188648,463.8955805126853
1898,Shanghai SouthCh - Nagoya,SEA,PILOT_TO_PILOT,3,1898,1796,4,5,TssOut,BtwSaki,30.66059619580853,129.55007183858964,91.17211388047747,12.0,379.7617593196101,463.69554721194
1899,Shanghai SouthCh - Nagoya,SEA,PILOT_TO_PILOT,3,1899,1797,4,5,TssOut,BtwSaki,30.660320814679324,129.55393166695438,91.17211388047747,12.0,379.9617926203554,463.4955139111947
1900,Shanghai SouthCh - Nagoya,SEA,PILOT_TO_PILOT,3,1900,1798,4,5,TssOut,BtwSaki,30.660045319488773,129.55779147331918,91.17211388047747,12.0,380.16182592110073,463.2954806104494
1901,Shanghai SouthCh - Nagoya,SEA,PILOT_TO_PILOT,3,1901,1799,4,5,TssOut,BtwSaki,30.659769710238773,129.56165125767532,91.17211388047747,12.0,380.36185922184603,463.09544730970407
1902,Shanghai SouthCh - Nagoya,SEA,PILOT_TO_PILOT,3,1902,1800,4,5,TssOut,BtwSaki,30.65949398693124,129.56551102001401,91.17211388047747,12.0,380.5618925225914,462.8954140089587
1903,Shanghai SouthCh - Nagoya,SEA,PILOT_TO_PILOT,3,1903,1801,4,5,TssOut,BtwSaki,30.659218149568073,129.5693707603266,91.17211388047747,12.0,380.7619258233367,462.6953807082134
1904,Shanghai SouthCh - Nagoya,SEA,PILOT_TO_PILOT,3,1904,1802,4,5,TssOut,BtwSaki,30.658942198151163,129.57323047860424,91.17211388047747,12.0,380.961959124082,462.4953474074681
1905,Shanghai SouthCh - Nagoya,SEA,PILOT_TO_PILOT,3,1905,1803,4,5,TssOut,BtwSaki,30.658666132682423,129.57709017483828,91.17211388047747,12.0,381.1619924248273,462.2953141067228
1906,Shanghai SouthCh - Nagoya,SEA,PILOT_TO_PILOT,3,1906,1804,4,5,TssOut,BtwSaki,30.65838995316376,129.5809498490199,91.17211388047747,12.0,381.3620257255726,462.0952808059775
1907,Shanghai SouthCh - Nagoya,SEA,PILOT_TO_PILOT,3,1907,1805,4,5,TssOut,BtwSaki,30.65811365959707,129.58480950114046,91.17211388047747,12.0,381.5620590263179,461.8952475052322
1908,Shanghai SouthCh - Nagoya,SEA,PILOT_TO_PILOT,3,1908,1806,4,5,TssOut,BtwSaki,30.657837251984265,129.5886691311911,91.17211388047747,12.0,381.7620923270632,461.6952142044869
1909,Shanghai SouthCh - Nagoya,SEA,PILOT_TO_PILOT,3,1909,1807,4,5,TssOut,BtwSaki,30.65756073032726,129.59252873916316,91.17211388047747,12.0,381.9621256278085,461.4951809037416
1910,Shanghai SouthCh - Nagoya,SEA,PILOT_TO_PILOT,3,1910,1808,4,5,TssOut,BtwSaki,30.657284094627933,129.59638832504788,91.17211388047747,12.0,382.1621589285539,461.2951476029962
1911,Shanghai SouthCh - Nagoya,SEA,PILOT_TO_PILOT,3,1911,1809,4,5,TssOut,BtwSaki,30.65700734488822,129.60024788883655,91.17211388047747,12.0,382.3621922292992,461.0951143022509
1912,Shanghai SouthCh - Nagoya,SEA,PILOT_TO_PILOT,3,1912,1810,4,5,TssOut,BtwSaki,30.65673048111003,129.60410743052037,91.17211388047747,12.0,382.5622255300445,460.8950810015056
1913,Shanghai SouthCh - Nagoya,SEA,PILOT_TO_PILOT,3,1913,1811,4,5,TssOut,BtwSaki,30.656453503295257,129.60796695009066,91.17211388047747,12.0,382.7622588307898,460.6950477007603
1914,Shanghai SouthCh - Nagoya,SEA,PILOT_TO_PILOT,3,1914,1812,4,5,TssOut,BtwSaki,30.656176411445824,129.61182644753868,91.17211388047747,12.0,382.9622921315351,460.495014400015
1915,Shanghai SouthCh - Nagoya,SEA,PILOT_TO_PILOT,3,1915,1813,4,5,TssOut,BtwSaki,30.65589920556363,129.61568592285568,91.17211388047747,12.0,383.1623254322804,460.2949810992697
1916,Shanghai SouthCh - Nagoya,SEA,PILOT_TO_PILOT,3,1916,1814,4,5,TssOut,BtwSaki,30.655621885650593,129.61954537603293,91.17211388047747,12.0,383.3623587330257,460.0949477985244
1917,Shanghai SouthCh - Nagoya,SEA,PILOT_TO_PILOT,3,1917,1815,4,5,TssOut,BtwSaki,30.65534445170863,129.62340480706166,91.17211388047747,12.0,383.56239203377106,459.89491449777904
1918,Shanghai SouthCh - Nagoya,SEA,PILOT_TO_PILOT,3,1918,1816,4,5,TssOut,BtwSaki,30.65506690373964,129.6272642159332,91.17211388047747,12.0,383.76242533451637,459.69488119703374
1919,Shanghai SouthCh - Nagoya,SEA,PILOT_TO_PILOT,3,1919,1817,4,5,TssOut,BtwSaki,30.654789241745565,129.63112360263878,91.17211388047747,12.0,383.96245863526167,459.49484789628843
1920,Shanghai SouthCh - Nagoya,SEA,PILOT_TO_PILOT,3,1920,1818,4,5,TssOut,BtwSaki,30.654511465728294,129.63498296716966,91.17211388047747,12.0,384.162491936007,459.29481459554313
1921,Shanghai SouthCh - Nagoya,SEA,PILOT_TO_PILOT,3,1921,1819,4,5,TssOut,BtwSaki,30.654233575689744,129.63884230951714,91.17211388047747,12.0,384.3625252367523,459.0947812947978
1922,Shanghai SouthCh - Nagoya,SEA,PILOT_TO_PILOT,3,1922,1820,4,5,TssOut,BtwSaki,30.653955571631847,129.6427016296725,91.17211388047747,12.0,384.5625585374976,458.8947479940525
1923,Shanghai SouthCh - Nagoya,SEA,PILOT_TO_PILOT,3,1923,1821,4,5,TssOut,BtwSaki,30.65367745355651,129.64656092762695,91.17211388047747,12.0,384.7625918382429,458.6947146933072
1924,Shanghai SouthCh - Nagoya,SEA,PILOT_TO_PILOT,3,1924,1822,4,5,TssOut,BtwSaki,30.65339922146564,129.6504202033718,91.17211388047747,12.0,384.9626251389882,458.4946813925619
1925,Shanghai SouthCh - Nagoya,SEA,PILOT_TO_PILOT,3,1925,1823,4,5,TssOut,BtwSaki,30.653120875361168,129.6542794568983,91.17211388047747,12.0,385.16265843973355,458.29464809181655
1926,Shanghai SouthCh - Nagoya,SEA,PILOT_TO_PILOT,3,1926,1824,4,5,TssOut,BtwSaki,30.652842415245033,129.65813868819777,91.17211388047747,12.0,385.36269174047885,458.09461479107125
1927,Shanghai SouthCh - Nagoya,SEA,PILOT_TO_PILOT,3,1927,1825,4,5,TssOut,BtwSaki,30.652563841119125,129.66199789726141,91.17211388047747,12.0,385.56272504122416,457.89458149032595
1928,Shanghai SouthCh - Nagoya,SEA,PILOT_TO_PILOT,3,1928,1826,4,5,TssOut,BtwSaki,30.652285152985364,129.66585708408053,91.17211388047747,12.0,385.76275834196946,457.69454818958064
1929,Shanghai SouthCh - Nagoya,SEA,PILOT_TO_PILOT,3,1929,1827,4,5,TssOut,BtwSaki,30.652006350845696,129.6697162486464,91.17211388047747,12.0,385.96279164271476,457.49451488883534
1930,Shanghai SouthCh - Nagoya,SEA,PILOT_TO_PILOT,3,1930,1828,4,5,TssOut,BtwSaki,30.651727434702025,129.67357539095033,91.17211388047747,12.0,386.16282494346007,457.29448158809004
1931,Shanghai SouthCh - Nagoya,SEA,PILOT_TO_PILOT,3,1931,1829,4,5,TssOut,BtwSaki,30.651448404556277,129.67743451098355,91.17211388047747,12.0,386.36285824420537,457.09444828734473
1932,Shanghai SouthCh - Nagoya,SEA,PILOT_TO_PILOT,3,1932,1830,4,5,TssOut,BtwSaki,30.651169260410377,129.68129360873735,91.17211388047747,12.0,386.5628915449507,456.89441498659943
1933,Shanghai SouthCh - Nagoya,SEA,PILOT_TO_PILOT,3,1933,1831,4,5,TssOut,BtwSaki,30.65089000226625,129.685152684203,91.17211388047747,12.0,386.76292484569603,456.69438168585407
1934,Shanghai SouthCh - Nagoya,SEA,PILOT_TO_PILOT,3,1934,1832,4,5,TssOut,BtwSaki,30.65061063012583,129.68901173737177,91.17211388047747,12.0,386.96295814644134,456.49434838510876
1935,Shanghai SouthCh - Nagoya,SEA,PILOT_TO_PILOT,3,1935,1833,4,5,TssOut,BtwSaki,30.650331143991025,129.69287076823494,91.17211388047747,12.0,387.16299144718664,456.29431508436346
1936,Shanghai SouthCh - Nagoya,SEA,PILOT_TO_PILOT,3,1936,1834,4,5,TssOut,BtwSaki,30.650051543863782,129.6967297767838,91.17211388047747,12.0,387.36302474793195,456.09428178361816
1937,Shanghai SouthCh - Nagoya,SEA,PILOT_TO_PILOT,3,1937,1835,4,5,TssOut,BtwSaki,30.649771829746005,129.70058876300962,91.17211388047747,12.0,387.56305804867725,455.89424848287285
1938,Shanghai SouthCh - Nagoya,SEA,PILOT_TO_PILOT,3,1938,1836,4,5,TssOut,BtwSaki,30.64949200163965,129.70444772690368,91.17211388047747,12.0,387.76309134942255,455.69421518212755
1939,Shanghai SouthCh - Nagoya,SEA,PILOT_TO_PILOT,3,1939,1837,4,5,TssOut,BtwSaki,30.649212059546613,129.70830666845728,91.17211388047747,12.0,387.96312465016786,455.49418188138225
1940,Shanghai SouthCh - Nagoya,SEA,PILOT_TO_PILOT,3,1940,1838,4,5,TssOut,BtwSaki,30.64893200346886,129.71216558766167,91.17211388047747,12.0,388.1631579509132,455.2941485806369
1941,Shanghai SouthCh - Nagoya,SEA,PILOT_TO_PILOT,3,1941,1839,4,5,TssOut,BtwSaki,30.648651833408305,129.71602448450815,91.17211388047747,12.0,388.3631912516585,455.0941152798916
1942,Shanghai SouthCh - Nagoya,SEA,PILOT_TO_PILOT,3,1942,1840,4,5,TssOut,BtwSaki,30.64837154936687,129.71988335898797,91.17211388047747,12.0,388.5632245524038,454.8940819791463
1943,Shanghai SouthCh - Nagoya,SEA,PILOT_TO_PILOT,3,1943,1841,4,5,TssOut,BtwSaki,30.648091151346502,129.72374221109246,91.17211388047747,12.0,388.7632578531491,454.694048678401
1944,Shanghai SouthCh - Nagoya,SEA,PILOT_TO_PILOT,3,1944,1842,4,5,TssOut,BtwSaki,30.64781063934912,129.72760104081286,91.17211388047747,12.0,388.96329115389443,454.49401537765567
1945,Shanghai SouthCh - Nagoya,SEA,PILOT_TO_PILOT,3,1945,1843,4,5,TssOut,BtwSaki,30.64753001337667,129.73145984814047,91.17211388047747,12.0,389.16332445463973,454.29398207691037
1946,Shanghai SouthCh - Nagoya,SEA,PILOT_TO_PILOT,3,1946,1844,4,5,TssOut,BtwSaki,30.647249273431086,129.73531863306656,91.17211388047747,12.0,389.36335775538504,454.09394877616506
1947,Shanghai SouthCh - Nagoya,SEA,PILOT_TO_PILOT,3,1947,1845,4,5,TssOut,BtwSaki,30.646968419514288,129.73917739558246,91.17211388047747,12.0,389.56339105613034,453.89391547541976
1948,Shanghai SouthCh - Nagoya,SEA,PILOT_TO_PILOT,3,1948,1846,4,5,TssOut,BtwSaki,30.646687451628235,129.7430361356794,91.17211388047747,12.0,389.7634243568757,453.6938821746744
1949,Shanghai SouthCh - Nagoya,SEA,PILOT_TO_PILOT,3,1949,1847,4,5,TssOut,BtwSaki,30.646406369774844,129.7468948533487,91.17211388047747,12.0,389.963457657621,453.4938488739291
1950,Shanghai SouthCh - Nagoya,SEA,PILOT_TO_PILOT,3,1950,1848,4,5,TssOut,BtwSaki,30.646125173956072,129.75075354858163,91.17211388047747,12.0,390.1634909583663,453.2938155731838
1951,Shanghai SouthCh - Nagoya,SEA,PILOT_TO_PILOT,3,1951,1849,4,5,TssOut,BtwSaki,30.645843864173834,129.75461222136946,91.17211388047747,12.0,390.3635242591116,453.0937822724385
1952,Shanghai SouthCh - Nagoya,SEA,PILOT_TO_PILOT,3,1952,1850,4,5,TssOut,BtwSaki,30.64556244043008,129.75847087170354,91.17211388047747,12.0,390.5635575598569,452.8937489716932
1953,Shanghai SouthCh - Nagoya,SEA,PILOT_TO_PILOT,3,1953,1851,4,5,TssOut,BtwSaki,30.64528090272675,129.7623294995751,91.17211388047747,12.0,390.7635908606022,452.6937156709479
1954,Shanghai SouthCh - Nagoya,SEA,PILOT_TO_PILOT,3,1954,1852,4,5,TssOut,BtwSaki,30.64499925106579,129.76618810497544,91.17211388047747,12.0,390.9636241613475,452.4936823702026
1955,Shanghai SouthCh - Nagoya,SEA,PILOT_TO_PILOT,3,1955,1853,4,5,TssOut,BtwSaki,30.64471748544913,129.77004668789584,91.17211388047747,12.0,391.16365746209283,452.2936490694573
1956,Shanghai SouthCh - Nagoya,SEA,PILOT_TO_PILOT,3,1956,1854,4,5,TssOut,BtwSaki,30.644435605878726,129.77390524832762,91.17211388047747,12.0,391.3636907628382,452.0936157687119
1957,Shanghai SouthCh - Nagoya,SEA,PILOT_TO_PILOT,3,1957,1855,4,5,TssOut,BtwSaki,30.644153612356497,129.77776378626206,91.17211388047747,12.0,391.5637240635835,451.8935824679666
1958,Shanghai SouthCh - Nagoya,SEA,PILOT_TO_PILOT,3,1958,1856,4,5,TssOut,BtwSaki,30.643871504884416,129.78162230169045,91.17211388047747,12.0,391.7637573643288,451.6935491672213
1959,Shanghai SouthCh - Nagoya,SEA,PILOT_TO_PILOT,3,1959,1857,4,5,TssOut,BtwSaki,30.64358928346441,129.78548079460404,91.17211388047747,12.0,391.9637906650741,451.493515866476
1960,Shanghai SouthCh - Nagoya,SEA,PILOT_TO_PILOT,3,1960,1858,4,5,TssOut,BtwSaki,30.643306948098417,129.78933926499417,91.17211388047747,12.0,392.1638239658194,451.2934825657307
1961,Shanghai SouthCh - Nagoya,SEA,PILOT_TO_PILOT,3,1961,1859,4,5,TssOut,BtwSaki,30.643024498788407,129.79319771285216,91.17211388047747,12.0,392.3638572665647,451.0934492649854
1962,Shanghai SouthCh - Nagoya,SEA,PILOT_TO_PILOT,3,1962,1860,4,5,TssOut,BtwSaki,30.6427419355363,129.79705613816924,91.17211388047747,12.0,392.56389056731,450.8934159642401
1963,Shanghai SouthCh - Nagoya,SEA,PILOT_TO_PILOT,3,1963,1861,4,5,TssOut,BtwSaki,30.642459258344065,129.80091454093673,91.17211388047747,12.0,392.7639238680554,450.69338266349473
1964,Shanghai SouthCh - Nagoya,SEA,PILOT_TO_PILOT,3,1964,1862,4,5,TssOut,BtwSaki,30.64217646721363,129.80477292114594,91.17211388047747,12.0,392.9639571688007,450.4933493627494
1965,Shanghai SouthCh - Nagoya,SEA,PILOT_TO_PILOT,3,1965,1863,4,5,TssOut,BtwSaki,30.641893562146954,129.80863127878814,91.17211388047747,12.0,393.163990469546,450.2933160620041
1966,Shanghai SouthCh - Nagoya,SEA,PILOT_TO_PILOT,3,1966,1864,4,5,TssOut,BtwSaki,30.64161054314599,129.8124896138546,91.17211388047747,12.0,393.3640237702913,450.0932827612588
1967,Shanghai SouthCh - Nagoya,SEA,PILOT_TO_PILOT,3,1967,1865,4,5,TssOut,BtwSaki,30.641327410212686,129.8163479263367,91.17211388047747,12.0,393.5640570710366,449.8932494605135
1968,Shanghai SouthCh - Nagoya,SEA,PILOT_TO_PILOT,3,1968,1866,4,5,TssOut,BtwSaki,30.64104416334899,129.82020621622567,91.17211388047747,12.0,393.7640903717819,449.6932161597682
1969,Shanghai SouthCh - Nagoya,SEA,PILOT_TO_PILOT,3,1969,1867,4,5,TssOut,BtwSaki,30.640760802556855,129.82406448351284,91.17211388047747,12.0,393.9641236725272,449.4931828590229
1970,Shanghai SouthCh - Nagoya,SEA,PILOT_TO_PILOT,3,1970,1868,4,5,TssOut,BtwSaki,30.64047732783823,129.8279227281895,91.17211388047747,12.0,394.1641569732725,449.2931495582776
1971,Shanghai SouthCh - Nagoya,SEA,PILOT_TO_PILOT,3,1971,1869,4,5,TssOut,BtwSaki,30.64019373919507,129.83178095024692,91.17211388047747,12.0,394.36419027401786,449.09311625753224
1972,Shanghai SouthCh - Nagoya,SEA,PILOT_TO_PILOT,3,1972,1870,4,5,TssOut,BtwSaki,30.639910036629338,129.83563914967644,91.17211388047747,12.0,394.56422357476316,448.89308295678694
1973,Shanghai SouthCh - Nagoya,SEA,PILOT_TO_PILOT,3,1973,1871,4,5,TssOut,BtwSaki,30.639626220142976,129.83949732646934,91.17211388047747,12.0,394.76425687550847,448.69304965604164
1974,Shanghai SouthCh - Nagoya,SEA,PILOT_TO_PILOT,3,1974,1872,4,5,TssOut,BtwSaki,30.63934228973795,129.84335548061696,91.17211388047747,12.0,394.96429017625377,448.49301635529633
1975,Shanghai SouthCh - Nagoya,SEA,PILOT_TO_PILOT,3,1975,1873,4,5,TssOut,BtwSaki,30.639058245416205,129.84721361211052,91.17211388047747,12.0,395.1643234769991,448.29298305455103
1976,Shanghai SouthCh - Nagoya,SEA,PILOT_TO_PILOT,3,1976,1874,4,5,TssOut,BtwSaki,30.638774087179705,129.8510717209414,91.17211388047747,12.0,395.3643567777444,448.0929497538057
1977,Shanghai SouthCh - Nagoya,SEA,PILOT_TO_PILOT,3,1977,1875,4,5,TssOut,BtwSaki,30.6384898150304,129.85492980710086,91.17211388047747,12.0,395.5643900784897,447.8929164530604
1978,Shanghai SouthCh - Nagoya,SEA,PILOT_TO_PILOT,3,1978,1876,4,5,TssOut,BtwSaki,30.63820542897027,129.85878787058022,91.17211388047747,12.0,395.764423379235,447.6928831523151
1979,Shanghai SouthCh - Nagoya,SEA,PILOT_TO_PILOT,3,1979,1877,4,5,TssOut,BtwSaki,30.637920929001254,129.86264591137075,91.17211388047747,12.0,395.96445667998034,447.49284985156976
1980,Shanghai SouthCh - Nagoya,SEA,PILOT_TO_PILOT,3,1980,1878,4,5,TssOut,BtwSaki,30.637636315125313,129.86650392946382,91.17211388047747,12.0,396.16448998072565,447.29281655082445
1981,Shanghai SouthCh - Nagoya,SEA,PILOT_TO_PILOT,3,1981,1879,4,5,TssOut,BtwSaki,30.637351587344405,129.8703619248507,91.17211388047747,12.0,396.36452328147095,447.09278325007915
1982,Shanghai SouthCh - Nagoya,SEA,PILOT_TO_PILOT,3,1982,1880,4,5,TssOut,BtwSaki,30.6370667456605,129.87421989752266,91.17211388047747,12.0,396.56455658221626,446.89274994933385
1983,Shanghai SouthCh - Nagoya,SEA,PILOT_TO_PILOT,3,1983,1881,4,5,TssOut,BtwSaki,30.636781790075574,129.87807784747108,91.17211388047747,12.0,396.76458988296156,446.69271664858854
1984,Shanghai SouthCh - Nagoya,SEA,PILOT_TO_PILOT,3,1984,1882,4,5,TssOut,BtwSaki,30.636496720591566,129.8819357746872,91.17211388047747,12.0,396.96462318370686,446.49268334784324
1985,Shanghai SouthCh - Nagoya,SEA,PILOT_TO_PILOT,3,1985,1883,4,5,TssOut,BtwSaki,30.636211537210446,129.8857936791624,91.17211388047747,12.0,397.16465648445217,446.29265004709794
1986,Shanghai SouthCh - Nagoya,SEA,PILOT_TO_PILOT,3,1986,1884,4,5,TssOut,BtwSaki,30.63592623993419,129.8896515608879,91.17211388047747,12.0,397.3646897851975,446.0926167463526
1987,Shanghai SouthCh - Nagoya,SEA,PILOT_TO_PILOT,3,1987,1885,4,5,TssOut,BtwSaki,30.635640828764735,129.89350941985506,91.17211388047747,12.0,397.56472308594283,445.8925834456073
1988,Shanghai SouthCh - Nagoya,SEA,PILOT_TO_PILOT,3,1988,1886,4,5,TssOut,BtwSaki,30.635355303704074,129.8973672560552,91.17211388047747,12.0,397.76475638668813,445.69255014486197
1989,Shanghai SouthCh - Nagoya,SEA,PILOT_TO_PILOT,3,1989,1887,4,5,TssOut,BtwSaki,30.635069664754166,129.9012250694796,91.17211388047747,12.0,397.96478968743344,445.49251684411666
1990,Shanghai SouthCh - Nagoya,SEA,PILOT_TO_PILOT,3,1990,1888,4,5,TssOut,BtwSaki,30.634783911916983,129.9050828601196,91.17211388047747,12.0,398.16482298817874,445.29248354337136
1991,Shanghai SouthCh - Nagoya,SEA,PILOT_TO_PILOT,3,1991,1889,4,5,TssOut,BtwSaki,30.634498045194483,129.9089406279665,91.17211388047747,12.0,398.36485628892405,445.09245024262606
1992,Shanghai SouthCh - Nagoya,SEA,PILOT_TO_PILOT,3,1992,1890,4,5,TssOut,BtwSaki,30.63421206458865,129.91279837301158,91.17211388047747,12.0,398.56488958966935,444.89241694188075
1993,Shanghai SouthCh - Nagoya,SEA,PILOT_TO_PILOT,3,1993,1891,4,5,TssOut,BtwSaki,30.63392597010143,129.9166560952462,91.17211388047747,12.0,398.76492289041465,444.69238364113545
1994,Shanghai SouthCh - Nagoya,SEA,PILOT_TO_PILOT,3,1994,1892,4,5,TssOut,BtwSaki,30.63363976173481,129.92051379466164,91.17211388047747,12.0,398.96495619116,444.4923503403901
1995,Shanghai SouthCh - Nagoya,SEA,PILOT_TO_PILOT,3,1995,1893,4,5,TssOut,BtwSaki,30.633353439490755,129.92437147124923,91.17211388047747,12.0,399.1649894919053,444.2923170396448
1996,Shanghai SouthCh - Nagoya,SEA,PILOT_TO_PILOT,3,1996,1894,4,5,TssOut,BtwSaki,30.633067003371252,129.9282291250003,91.17211388047747,12.0,399.3650227926506,444.0922837388995
1997,Shanghai SouthCh - Nagoya,SEA,PILOT_TO_PILOT,3,1997,1895,4,5,TssOut,BtwSaki,30.632780453378253,129.93208675590614,91.17211388047747,12.0,399.5650560933959,443.8922504381542
1998,Shanghai SouthCh - Nagoya,SEA,PILOT_TO_PILOT,3,1998,1896,4,5,TssOut,BtwSaki,30.632493789513752,129.93594436395807,91.17211388047747,12.0,399.7650893941412,443.6922171374089
1999,Shanghai SouthCh - Nagoya,SEA,PILOT_TO_PILOT,3,1999,1897,4,5,TssOut,BtwSaki,30.632207011779702,129.93980194914744,91.17211388047747,12.0,399.96512269488653,443.49218383666357
2000,Shanghai SouthCh - Nagoya,SEA,PILOT_TO_PILOT,3,2000,1898,4,5,TssOut,BtwSaki,30.631920120178084,129.94365951146548,91.17211388047747,12.0,400.16515599563184,443.29215053591827
2001,Shanghai SouthCh - Nagoya,SEA,PILOT_TO_PILOT,3,2001,1899,4,5,TssOut,BtwSaki,30.63163311471088,129.9475170509036,91.17211388047747,12.0,400.3651892963772,443.0921172351729
2002,Shanghai SouthCh - Nagoya,SEA,PILOT_TO_PILOT,3,2002,1900,4,5,TssOut,BtwSaki,30.631345995380066,129.95137456745306,91.17211388047747,12.0,400.5652225971225,442.8920839344276
2003,Shanghai SouthCh - Nagoya,SEA,PILOT_TO_PILOT,3,2003,1901,4,5,TssOut,BtwSaki,30.63105876218762,129.95523206110522,91.17211388047747,12.0,400.7652558978678,442.6920506336823
2004,Shanghai SouthCh - Nagoya,SEA,PILOT_TO_PILOT,3,2004,1902,4,5,TssOut,BtwSaki,30.630771415135516,129.95908953185136,91.17211388047747,12.0,400.9652891986131,442.492017332937
2005,Shanghai SouthCh - Nagoya,SEA,PILOT_TO_PILOT,3,2005,1903,4,5,TssOut,BtwSaki,30.63048395422573,129.96294697968284,91.17211388047747,12.0,401.1653224993584,442.2919840321917
2006,Shanghai SouthCh - Nagoya,SEA,PILOT_TO_PILOT,3,2006,1904,4,5,TssOut,BtwSaki,30.630196379460244,129.96680440459096,91.17211388047747,12.0,401.3653558001037,442.0919507314464
2007,Shanghai SouthCh - Nagoya,SEA,PILOT_TO_PILOT,3,2007,1905,4,5,TssOut,BtwSaki,30.629908690841052,129.97066180656705,91.17211388047747,12.0,401.565389100849,441.8919174307011
2008,Shanghai SouthCh - Nagoya,SEA,PILOT_TO_PILOT,3,2008,1906,4,5,TssOut,BtwSaki,30.629620888370106,129.9745191856024,91.17211388047747,12.0,401.7654224015943,441.6918841299558
2009,Shanghai SouthCh - Nagoya,SEA,PILOT_TO_PILOT,3,2009,1907,4,5,TssOut,BtwSaki,30.62933297204941,129.9783765416884,91.17211388047747,12.0,401.9654557023397,441.4918508292104
2010,Shanghai SouthCh - Nagoya,SEA,PILOT_TO_PILOT,3,2010,1908,4,5,TssOut,BtwSaki,30.62904494188094,129.98223387481627,91.17211388047747,12.0,402.165489003085,441.2918175284651
2011,Shanghai SouthCh - Nagoya,SEA,PILOT_TO_PILOT,3,2011,1909,4,5,TssOut,BtwSaki,30.62875679786669,129.98609118497745,91.17211388047747,12.0,402.3655223038303,441.0917842277198
2012,Shanghai SouthCh - Nagoya,SEA,PILOT_TO_PILOT,3,2012,1910,4,5,TssOut,BtwSaki,30.62846854000862,129.98994847216318,91.17211388047747,12.0,402.5655556045756,440.8917509269745
2013,Shanghai SouthCh - Nagoya,SEA,PILOT_TO_PILOT,3,2013,1911,4,5,TssOut,BtwSaki,30.628180168308727,129.99380573636483,91.17211388047747,12.0,402.7655889053209,440.6917176262292
2014,Shanghai SouthCh - Nagoya,SEA,PILOT_TO_PILOT,3,2014,1912,4,5,TssOut,BtwSaki,30.627891682769008,129.9976629775737,91.17211388047747,12.0,402.9656222060662,440.4916843254839
2015,Shanghai SouthCh - Nagoya,SEA,PILOT_TO_PILOT,3,2015,1913,4,5,TssOut,BtwSaki,30.62760308339144,130.00152019578113,91.17211388047747,12.0,403.1656555068115,440.2916510247386
2016,Shanghai SouthCh - Nagoya,SEA,PILOT_TO_PILOT,3,2016,1914,4,5,TssOut,BtwSaki,30.627314370177995,130.00537739097842,91.17211388047747,12.0,403.3656888075568,440.0916177239933
2017,Shanghai SouthCh - Nagoya,SEA,PILOT_TO_PILOT,3,2017,1915,4,5,TssOut,BtwSaki,30.627025543130678,130.00923456315695,91.17211388047747,12.0,403.56572210830217,439.89158442324793
2018,Shanghai SouthCh - Nagoya,SEA,PILOT_TO_PILOT,3,2018,1916,4,5,TssOut,BtwSaki,30.62673660225148,130.01309171230804,91.17211388047747,12.0,403.7657554090475,439.69155112250263
2019,Shanghai SouthCh - Nagoya,SEA,PILOT_TO_PILOT,3,2019,1917,4,5,TssOut,BtwSaki,30.626447547542387,130.01694883842296,91.17211388047747,12.0,403.9657887097928,439.4915178217573
2020,Shanghai SouthCh - Nagoya,SEA,PILOT_TO_PILOT,3,2020,1918,4,5,TssOut,BtwSaki,30.626158379005375,130.0208059414931,91.17211388047747,12.0,404.1658220105381,439.291484521012
2021,Shanghai SouthCh - Nagoya,SEA,PILOT_TO_PILOT,3,2021,1919,4,5,TssOut,BtwSaki,30.62586909664245,130.02466302150972,91.17211388047747,12.0,404.3658553112834,439.0914512202667
2022,Shanghai SouthCh - Nagoya,SEA,PILOT_TO_PILOT,3,2022,1920,4,5,TssOut,BtwSaki,30.625579700455596,130.02852007846425,91.17211388047747,12.0,404.5658886120287,438.8914179195214
2023,Shanghai SouthCh - Nagoya,SEA,PILOT_TO_PILOT,3,2023,1921,4,5,TssOut,BtwSaki,30.625290190446815,130.03237711234797,91.17211388047747,12.0,404.765921912774,438.6913846187761
2024,Shanghai SouthCh - Nagoya,SEA,PILOT_TO_PILOT,3,2024,1922,4,5,TssOut,BtwSaki,30.625000566618098,130.03623412315218,91.17211388047747,12.0,404.96595521351935,438.49135131803075
2025,Shanghai SouthCh - Nagoya,SEA,PILOT_TO_PILOT,3,2025,1923,4,5,TssOut,BtwSaki,30.624710828971427,130.0400911108683,91.17211388047747,12.0,405.16598851426465,438.29131801728545
2026,Shanghai SouthCh - Nagoya,SEA,PILOT_TO_PILOT,3,2026,1924,4,5,TssOut,BtwSaki,30.6244209775088,130.04394807548755,91.17211388047747,12.0,405.36602181500996,438.09128471654014
2027,Shanghai SouthCh - Nagoya,SEA,PILOT_TO_PILOT,3,2027,1925,4,5,TssOut,BtwSaki,30.62413101223222,130.04780501700137,91.17211388047747,12.0,405.56605511575526,437.89125141579484
2028,Shanghai SouthCh - Nagoya,SEA,PILOT_TO_PILOT,3,2028,1926,4,5,TssOut,BtwSaki,30.62384093314368,130.051661935401,91.17211388047747,12.0,405.76608841650057,437.69121811504954
2029,Shanghai SouthCh - Nagoya,SEA,PILOT_TO_PILOT,3,2029,1927,4,5,TssOut,BtwSaki,30.62355074024517,130.05551883067784,91.17211388047747,12.0,405.96612171724587,437.49118481430423
2030,Shanghai SouthCh - Nagoya,SEA,PILOT_TO_PILOT,3,2030,1928,4,5,TssOut,BtwSaki,30.623260433538686,130.05937570282322,91.17211388047747,12.0,406.1661550179912,437.29115151355893
2031,Shanghai SouthCh - Nagoya,SEA,PILOT_TO_PILOT,3,2031,1929,4,5,TssOut,BtwSaki,30.622970013026247,130.06323255182846,91.17211388047747,12.0,406.3661883187365,437.0911182128136
2032,Shanghai SouthCh - Nagoya,SEA,PILOT_TO_PILOT,3,2032,1930,4,5,TssOut,BtwSaki,30.62267947870983,130.0670893776849,91.17211388047747,12.0,406.56622161948184,436.89108491206827
2033,Shanghai SouthCh - Nagoya,SEA,PILOT_TO_PILOT,3,2033,1931,4,5,TssOut,BtwSaki,30.62238883059144,130.07094618038386,91.17211388047747,12.0,406.76625492022714,436.69105161132296
2034,Shanghai SouthCh - Nagoya,SEA,PILOT_TO_PILOT,3,2034,1932,4,5,TssOut,BtwSaki,30.622098068673083,130.07480295991672,91.17211388047747,12.0,406.96628822097244,436.49101831057766
2035,Shanghai SouthCh - Nagoya,SEA,PILOT_TO_PILOT,3,2035,1933,4,5,TssOut,BtwSaki,30.62180719295676,130.07865971627479,91.17211388047747,12.0,407.16632152171775,436.29098500983235
2036,Shanghai SouthCh - Nagoya,SEA,PILOT_TO_PILOT,3,2036,1934,4,5,TssOut,BtwSaki,30.621516203444465,130.08251644944943,91.17211388047747,12.0,407.36635482246305,436.09095170908705
2037,Shanghai SouthCh - Nagoya,SEA,PILOT_TO_PILOT,3,2037,1935,4,5,TssOut,BtwSaki,30.62122510013821,130.08637315943196,91.17211388047747,12.0,407.56638812320836,435.89091840834175
2038,Shanghai SouthCh - Nagoya,SEA,PILOT_TO_PILOT,3,2038,1936,4,5,TssOut,BtwSaki,30.62093388303999,130.0902298462137,91.17211388047747,12.0,407.76642142395366,435.69088510759644
2039,Shanghai SouthCh - Nagoya,SEA,PILOT_TO_PILOT,3,2039,1937,4,5,TssOut,BtwSaki,30.62064255215181,130.09408650978605,91.17211388047747,12.0,407.96645472469896,435.49085180685114
2040,Shanghai SouthCh - Nagoya,SEA,PILOT_TO_PILOT,3,2040,1938,4,5,TssOut,BtwSaki,30.62035110747568,130.0979431501403,91.17211388047747,12.0,408.1664880254443,435.2908185061058
2041,Shanghai SouthCh - Nagoya,SEA,PILOT_TO_PILOT,3,2041,1939,4,5,TssOut,BtwSaki,30.62005954901361,130.1017997672678,91.17211388047747,12.0,408.3665213261896,435.0907852053605
2042,Shanghai SouthCh - Nagoya,SEA,PILOT_TO_PILOT,3,2042,1940,4,5,TssOut,BtwSaki,30.619767876767593,130.10565636115996,91.17211388047747,12.0,408.56655462693493,434.8907519046152
2043,Shanghai SouthCh - Nagoya,SEA,PILOT_TO_PILOT,3,2043,1941,4,5,TssOut,BtwSaki,30.61947609073964,130.109512931808,91.17211388047747,12.0,408.76658792768023,434.69071860386987
2044,Shanghai SouthCh - Nagoya,SEA,PILOT_TO_PILOT,3,2044,1942,4,5,TssOut,BtwSaki,30.619184190931758,130.11336947920339,91.17211388047747,12.0,408.96662122842554,434.49068530312456
2045,Shanghai SouthCh - Nagoya,SEA,PILOT_TO_PILOT,3,2045,1943,4,5,TssOut,BtwSaki,30.618892177345966,130.11722600333738,91.17211388047747,12.0,409.16665452917084,434.29065200237926
2046,Shanghai SouthCh - Nagoya,SEA,PILOT_TO_PILOT,3,2046,1944,4,5,TssOut,BtwSaki,30.618600049984263,130.1210825042014,91.17211388047747,12.0,409.36668782991615,434.09061870163396
2047,Shanghai SouthCh - Nagoya,SEA,PILOT_TO_PILOT,3,2047,1945,4,5,TssOut,BtwSaki,30.618307808848677,130.12493898178673,91.17211388047747,12.0,409.5667211306615,433.8905854008886
2048,Shanghai SouthCh - Nagoya,SEA,PILOT_TO_PILOT,3,2048,1946,4,5,TssOut,BtwSaki,30.618015453941194,130.12879543608474,91.17211388047747,12.0,409.7667544314068,433.6905521001433
2049,Shanghai SouthCh - Nagoya,SEA,PILOT_TO_PILOT,3,2049,1947,4,5,TssOut,BtwSaki,30.61772298526383,130.1326518670868,91.17211388047747,12.0,409.9667877321521,433.490518799398
2050,Shanghai SouthCh - Nagoya,SEA,PILOT_TO_PILOT,3,2050,1948,4,5,TssOut,BtwSaki,30.617430402818613,130.1365082747842,91.17211388047747,12.0,410.1668210328974,433.2904854986527
2051,Shanghai SouthCh - Nagoya,SEA,PILOT_TO_PILOT,3,2051,1949,4,5,TssOut,BtwSaki,30.617137706607544,130.14036465916834,91.17211388047747,12.0,410.3668543336427,433.0904521979074
2052,Shanghai SouthCh - Nagoya,SEA,PILOT_TO_PILOT,3,2052,1950,4,5,TssOut,BtwSaki,30.61684489663264,130.14422102023056,91.17211388047747,12.0,410.566887634388,432.8904188971621
2053,Shanghai SouthCh - Nagoya,SEA,PILOT_TO_PILOT,3,2053,1951,4,5,TssOut,BtwSaki,30.616551972895913,130.1480773579622,91.17211388047747,12.0,410.7669209351333,432.6903855964168
2054,Shanghai SouthCh - Nagoya,SEA,PILOT_TO_PILOT,3,2054,1952,4,5,TssOut,BtwSaki,30.616258935399372,130.15193367235463,91.17211388047747,12.0,410.96695423587863,432.49035229567147
2055,Shanghai SouthCh - Nagoya,SEA,PILOT_TO_PILOT,3,2055,1953,4,5,TssOut,BtwSaki,30.615965784145054,130.15578996339917,91.17211388047747,12.0,411.166987536624,432.2903189949261
2056,Shanghai SouthCh - Nagoya,SEA,PILOT_TO_PILOT,3,2056,1954,4,5,TssOut,BtwSaki,30.615672519134957,130.15964623108718,91.17211388047747,12.0,411.3670208373693,432.0902856941808
2057,Shanghai SouthCh - Nagoya,SEA,PILOT_TO_PILOT,3,2057,1955,4,5,TssOut,BtwSaki,30.61537914037111,130.16350247541004,91.17211388047747,12.0,411.5670541381146,431.8902523934355
2058,Shanghai SouthCh - Nagoya,SEA,PILOT_TO_PILOT,3,2058,1956,4,5,TssOut,BtwSaki,30.615085647855526,130.1673586963591,91.17211388047747,12.0,411.7670874388599,431.6902190926902
2059,Shanghai SouthCh - Nagoya,SEA,PILOT_TO_PILOT,3,2059,1957,4,5,TssOut,BtwSaki,30.61479204159022,130.17121489392568,91.17211388047747,12.0,411.9671207396052,431.4901857919449
2060,Shanghai SouthCh - Nagoya,SEA,PILOT_TO_PILOT,3,2060,1958,4,5,TssOut,BtwSaki,30.614498321577216,130.17507106810118,91.17211388047747,12.0,412.1671540403505,431.2901524911996
2061,Shanghai SouthCh - Nagoya,SEA,PILOT_TO_PILOT,3,2061,1959,4,5,TssOut,BtwSaki,30.614204487818547,130.1789272188769,91.17211388047747,12.0,412.3671873410958,431.0901191904543
2062,Shanghai SouthCh - Nagoya,SEA,PILOT_TO_PILOT,3,2062,1960,4,5,TssOut,BtwSaki,30.613910540316205,130.18278334624424,91.17211388047747,12.0,412.5672206418411,430.890085889709
2063,Shanghai SouthCh - Nagoya,SEA,PILOT_TO_PILOT,3,2063,1961,4,5,TssOut,BtwSaki,30.613616479072228,130.18663945019455,91.17211388047747,12.0,412.7672539425865,430.6900525889636
2064,Shanghai SouthCh - Nagoya,SEA,PILOT_TO_PILOT,3,2064,1962,4,5,TssOut,BtwSaki,30.61332230408866,130.19049553071918,91.17211388047747,12.0,412.9672872433318,430.4900192882183
2065,Shanghai SouthCh - Nagoya,SEA,PILOT_TO_PILOT,3,2065,1963,4,5,TssOut,BtwSaki,30.613028015367487,130.19435158780948,91.17211388047747,12.0,413.1673205440771,430.289985987473
2066,Shanghai SouthCh - Nagoya,SEA,PILOT_TO_PILOT,3,2066,1964,4,5,TssOut,BtwSaki,30.61273361291076,130.19820762145682,91.17211388047747,12.0,413.3673538448224,430.0899526867277
2067,Shanghai SouthCh - Nagoya,SEA,PILOT_TO_PILOT,3,2067,1965,4,5,TssOut,BtwSaki,30.612439096720482,130.20206363165258,91.17211388047747,12.0,413.5673871455677,429.8899193859824
2068,Shanghai SouthCh - Nagoya,SEA,PILOT_TO_PILOT,3,2068,1966,4,5,TssOut,BtwSaki,30.612144466798703,130.20591961838807,91.17211388047747,12.0,413.767420446313,429.6898860852371
2069,Shanghai SouthCh - Nagoya,SEA,PILOT_TO_PILOT,3,2069,1967,4,5,TssOut,BtwSaki,30.611849723147433,130.20977558165467,91.17211388047747,12.0,413.9674537470583,429.4898527844918
2070,Shanghai SouthCh - Nagoya,SEA,PILOT_TO_PILOT,3,2070,1968,4,5,TssOut,BtwSaki,30.611554865768706,130.21363152144377,91.17211388047747,12.0,414.16748704780366,429.28981948374644
2071,Shanghai SouthCh - Nagoya,SEA,PILOT_TO_PILOT,3,2071,1969,4,5,TssOut,BtwSaki,30.611259894664553,130.21748743774668,91.17211388047747,12.0,414.36752034854896,429.08978618300114
2072,Shanghai SouthCh - Nagoya,SEA,PILOT_TO_PILOT,3,2072,1970,4,5,TssOut,BtwSaki,30.610964809836993,130.22134333055482,91.17211388047747,12.0,414.56755364929427,428.88975288225583
2073,Shanghai SouthCh - Nagoya,SEA,PILOT_TO_PILOT,3,2073,1971,4,5,TssOut,BtwSaki,30.610669611288053,130.22519919985953,91.17211388047747,12.0,414.7675869500396,428.68971958151053
2074,Shanghai SouthCh - Nagoya,SEA,PILOT_TO_PILOT,3,2074,1972,4,5,TssOut,BtwSaki,30.610374299019778,130.22905504565216,91.17211388047747,12.0,414.9676202507849,428.4896862807652
2075,Shanghai SouthCh - Nagoya,SEA,PILOT_TO_PILOT,3,2075,1973,4,5,TssOut,BtwSaki,30.610078873034197,130.2329108679241,91.17211388047747,12.0,415.1676535515302,428.2896529800199
2076,Shanghai SouthCh - Nagoya,SEA,PILOT_TO_PILOT,4,2076,0,5,6,BtwSaki,ToiMisaki,30.609783333333336,130.23676666666665,58.81953173895249,12.0,415.3676868522755,428.0896196792746
2077,Shanghai SouthCh - Nagoya,SEA,PILOT_TO_PILOT,4,2077,1,5,6,BtwSaki,ToiMisaki,30.611508827297634,130.24007977378244,58.81953173895249,12.0,415.56779286885927,427.88951366269083
2078,Shanghai SouthCh - Nagoya,SEA,PILOT_TO_PILOT,4,2078,2,5,6,BtwSaki,ToiMisaki,30.613234237299345,130.24339299896633,58.81953173895249,12.0,415.767898885443,427.6894076461071
2079,Shanghai SouthCh - Nagoya,SEA,PILOT_TO_PILOT,4,2079,3,5,6,BtwSaki,ToiMisaki,30.614959563329727,130.2467063422249,58.81953173895249,12.0,415.9680049020268,427.4893016295233
2080,Shanghai SouthCh - Nagoya,SEA,PILOT_TO_PILOT,4,2080,4,5,6,BtwSaki,ToiMisaki,30.616684805379982,130.25001980356475,58.81953173895249,12.0,416.1681109186106,427.2891956129395
2081,Shanghai SouthCh - Nagoya,SEA,PILOT_TO_PILOT,4,2081,5,5,6,BtwSaki,ToiMisaki,30.61840996344137,130.25333338299242,58.81953173895249,12.0,416.3682169351943,427.0890895963558
2082,Shanghai SouthCh - Nagoya,SEA,PILOT_TO_PILOT,4,2082,6,5,6,BtwSaki,ToiMisaki,30.62013503750513,130.25664708051454,58.81953173895249,12.0,416.5683229517781,426.888983579772
2083,Shanghai SouthCh - Nagoya,SEA,PILOT_TO_PILOT,4,2083,7,5,6,BtwSaki,ToiMisaki,30.621860027562487,130.2599608961376,58.81953173895249,12.0,416.7684289683619,426.6888775631882
2084,Shanghai SouthCh - Nagoya,SEA,PILOT_TO_PILOT,4,2084,8,5,6,BtwSaki,ToiMisaki,30.62358493360468,130.26327482986824,58.81953173895249,12.0,416.9685349849456,426.4887715466045
2085,Shanghai SouthCh - Nagoya,SEA,PILOT_TO_PILOT,4,2085,9,5,6,BtwSaki,ToiMisaki,30.625309755622947,130.266588881713,58.81953173895249,12.0,417.1686410015294,426.2886655300207
2086,Shanghai SouthCh - Nagoya,SEA,PILOT_TO_PILOT,4,2086,10,5,6,BtwSaki,ToiMisaki,30.627034493608523,130.26990305167843,58.81953173895249,12.0,417.3687470181132,426.0885595134369
2087,Shanghai SouthCh - Nagoya,SEA,PILOT_TO_PILOT,4,2087,11,5,6,BtwSaki,ToiMisaki,30.628759147552636,130.27321733977115,58.81953173895249,12.0,417.56885303469693,425.8884534968532
2088,Shanghai SouthCh - Nagoya,SEA,PILOT_TO_PILOT,4,2088,12,5,6,BtwSaki,ToiMisaki,30.630483717446527,130.27653174599763,58.81953173895249,12.0,417.7689590512807,425.6883474802694
2089,Shanghai SouthCh - Nagoya,SEA,PILOT_TO_PILOT,4,2089,13,5,6,BtwSaki,ToiMisaki,30.632208203281426,130.27984627036452,58.81953173895249,12.0,417.9690650678645,425.4882414636856
2090,Shanghai SouthCh - Nagoya,SEA,PILOT_TO_PILOT,4,2090,14,5,6,BtwSaki,ToiMisaki,30.63393260504856,130.28316091287834,58.81953173895249,12.0,418.16917108444824,425.28813544710187
2091,Shanghai SouthCh - Nagoya,SEA,PILOT_TO_PILOT,4,2091,15,5,6,BtwSaki,ToiMisaki,30.63565692273916,130.28647567354568,58.81953173895249,12.0,418.369277101032,425.0880294305181
2092,Shanghai SouthCh - Nagoya,SEA,PILOT_TO_PILOT,4,2092,16,5,6,BtwSaki,ToiMisaki,30.637381156344475,130.2897905523731,58.81953173895249,12.0,418.5693831176158,424.8879234139343
2093,Shanghai SouthCh - Nagoya,SEA,PILOT_TO_PILOT,4,2093,17,5,6,BtwSaki,ToiMisaki,30.639105305855715,130.2931055493671,58.81953173895249,12.0,418.76948913419955,424.68781739735056
2094,Shanghai SouthCh - Nagoya,SEA,PILOT_TO_PILOT,4,2094,18,5,6,BtwSaki,ToiMisaki,30.64082937126413,130.29642066453434,58.81953173895249,12.0,418.96959515078333,424.48771138076677
2095,Shanghai SouthCh - Nagoya,SEA,PILOT_TO_PILOT,4,2095,19,5,6,BtwSaki,ToiMisaki,30.64255335256093,130.29973589788128,58.81953173895249,12.0,419.1697011673671,424.287605364183
2096,Shanghai SouthCh - Nagoya,SEA,PILOT_TO_PILOT,4,2096,20,5,6,BtwSaki,ToiMisaki,30.644277249737364,130.3030512494145,58.81953173895249,12.0,419.36980718395085,424.08749934759925
2097,Shanghai SouthCh - Nagoya,SEA,PILOT_TO_PILOT,4,2097,21,5,6,BtwSaki,ToiMisaki,30.64600106278464,130.30636671914064,58.81953173895249,12.0,419.56991320053464,423.88739333101546
2098,Shanghai SouthCh - Nagoya,SEA,PILOT_TO_PILOT,4,2098,22,5,6,BtwSaki,ToiMisaki,30.647724791694007,130.3096823070661,58.81953173895249,12.0,419.77001921711843,423.68728731443167
2099,Shanghai SouthCh - Nagoya,SEA,PILOT_TO_PILOT,4,2099,23,5,6,BtwSaki,ToiMisaki,30.64944843645668,130.31299801319759,58.81953173895249,12.0,419.97012523370216,423.48718129784794
2100,Shanghai SouthCh - Nagoya,SEA,PILOT_TO_PILOT,4,2100,24,5,6,BtwSaki,ToiMisaki,30.651171997063887,130.31631383754157,58.81953173895249,12.0,420.17023125028595,423.28707528126415
2101,Shanghai SouthCh - Nagoya,SEA,PILOT_TO_PILOT,4,2101,25,5,6,BtwSaki,ToiMisaki,30.65289547350687,130.31962978010458,58.81953173895249,12.0,420.37033726686974,423.08696926468036
2102,Shanghai SouthCh - Nagoya,SEA,PILOT_TO_PILOT,4,2102,26,5,6,BtwSaki,ToiMisaki,30.654618865776843,130.32294584089325,58.81953173895249,12.0,420.57044328345347,422.88686324809663
2103,Shanghai SouthCh - Nagoya,SEA,PILOT_TO_PILOT,4,2103,27,5,6,BtwSaki,ToiMisaki,30.656342173865024,130.32626201991405,58.81953173895249,12.0,420.77054930003726,422.68675723151284
2104,Shanghai SouthCh - Nagoya,SEA,PILOT_TO_PILOT,4,2104,28,5,6,BtwSaki,ToiMisaki,30.658065397762652,130.32957831717357,58.81953173895249,12.0,420.97065531662105,422.48665121492905
2105,Shanghai SouthCh - Nagoya,SEA,PILOT_TO_PILOT,4,2105,29,5,6,BtwSaki,ToiMisaki,30.659788537460955,130.33289473267834,58.81953173895249,12.0,421.1707613332048,422.2865451983453
2106,Shanghai SouthCh - Nagoya,SEA,PILOT_TO_PILOT,4,2106,30,5,6,BtwSaki,ToiMisaki,30.661511592951136,130.33621126643487,58.81953173895249,12.0,421.37086734978857,422.08643918176153
2107,Shanghai SouthCh - Nagoya,SEA,PILOT_TO_PILOT,4,2107,31,5,6,BtwSaki,ToiMisaki,30.66323456422445,130.3395279184498,58.81953173895249,12.0,421.57097336637236,421.88633316517775
2108,Shanghai SouthCh - Nagoya,SEA,PILOT_TO_PILOT,4,2108,32,5,6,BtwSaki,ToiMisaki,30.664957451272087,130.34284468872957,58.81953173895249,12.0,421.7710793829561,421.686227148594
2109,Shanghai SouthCh - Nagoya,SEA,PILOT_TO_PILOT,4,2109,33,5,6,BtwSaki,ToiMisaki,30.666680254085293,130.34616157728078,58.81953173895249,12.0,421.9711853995399,421.4861211320102
2110,Shanghai SouthCh - Nagoya,SEA,PILOT_TO_PILOT,4,2110,34,5,6,BtwSaki,ToiMisaki,30.668402972655286,130.34947858410996,58.81953173895249,12.0,422.17129141612367,421.28601511542644
2111,Shanghai SouthCh - Nagoya,SEA,PILOT_TO_PILOT,4,2111,35,5,6,BtwSaki,ToiMisaki,30.670125606973283,130.35279570922367,58.81953173895249,12.0,422.3713974327074,421.0859090988427
2112,Shanghai SouthCh - Nagoya,SEA,PILOT_TO_PILOT,4,2112,36,5,6,BtwSaki,ToiMisaki,30.671848157030517,130.3561129526284,58.81953173895249,12.0,422.5715034492912,420.8858030822589
2113,Shanghai SouthCh - Nagoya,SEA,PILOT_TO_PILOT,4,2113,37,5,6,BtwSaki,ToiMisaki,30.673570622818186,130.35943031433072,58.81953173895249,12.0,422.771609465875,420.68569706567513
2114,Shanghai SouthCh - Nagoya,SEA,PILOT_TO_PILOT,4,2114,38,5,6,BtwSaki,ToiMisaki,30.675293004327546,130.36274779433714,58.81953173895249,12.0,422.9717154824587,420.4855910490914
2115,Shanghai SouthCh - Nagoya,SEA,PILOT_TO_PILOT,4,2115,39,5,6,BtwSaki,ToiMisaki,30.67701530154978,130.36606539265426,58.81953173895249,12.0,423.1718214990425,420.2854850325076
2116,Shanghai SouthCh - Nagoya,SEA,PILOT_TO_PILOT,4,2116,40,5,6,BtwSaki,ToiMisaki,30.678737514476126,130.36938310928852,58.81953173895249,12.0,423.3719275156263,420.0853790159238
2117,Shanghai SouthCh - Nagoya,SEA,PILOT_TO_PILOT,4,2117,41,5,6,BtwSaki,ToiMisaki,30.68045964309781,130.37270094424653,58.81953173895249,12.0,423.57203353221007,419.88527299934003
2118,Shanghai SouthCh - Nagoya,SEA,PILOT_TO_PILOT,4,2118,42,5,6,BtwSaki,ToiMisaki,30.682181687406022,130.3760188975348,58.81953173895249,12.0,423.7721395487938,419.6851669827563
2119,Shanghai SouthCh - Nagoya,SEA,PILOT_TO_PILOT,4,2119,43,5,6,BtwSaki,ToiMisaki,30.68390364739202,130.37933696915985,58.81953173895249,12.0,423.9722455653776,419.4850609661725
2120,Shanghai SouthCh - Nagoya,SEA,PILOT_TO_PILOT,4,2120,44,5,6,BtwSaki,ToiMisaki,30.685625523046998,130.38265515912818,58.81953173895249,12.0,424.1723515819614,419.2849549495887
2121,Shanghai SouthCh - Nagoya,SEA,PILOT_TO_PILOT,4,2121,45,5,6,BtwSaki,ToiMisaki,30.687347314362164,130.38597346744638,58.81953173895249,12.0,424.3724575985451,419.084848933005
2122,Shanghai SouthCh - Nagoya,SEA,PILOT_TO_PILOT,4,2122,46,5,6,BtwSaki,ToiMisaki,30.689069021328756,130.38929189412096,58.81953173895249,12.0,424.5725636151289,418.8847429164212
2123,Shanghai SouthCh - Nagoya,SEA,PILOT_TO_PILOT,4,2123,47,5,6,BtwSaki,ToiMisaki,30.690790643937984,130.39261043915843,58.81953173895249,12.0,424.7726696317127,418.6846368998374
2124,Shanghai SouthCh - Nagoya,SEA,PILOT_TO_PILOT,4,2124,48,5,6,BtwSaki,ToiMisaki,30.692512182181048,130.39592910256533,58.81953173895249,12.0,424.9727756482964,418.4845308832537
2125,Shanghai SouthCh - Nagoya,SEA,PILOT_TO_PILOT,4,2125,49,5,6,BtwSaki,ToiMisaki,30.694233636049184,130.39924788434814,58.81953173895249,12.0,425.1728816648802,418.2844248666699
2126,Shanghai SouthCh - Nagoya,SEA,PILOT_TO_PILOT,4,2126,50,5,6,BtwSaki,ToiMisaki,30.695955005533595,130.40256678451345,58.81953173895249,12.0,425.372987681464,418.0843188500861
2127,Shanghai SouthCh - Nagoya,SEA,PILOT_TO_PILOT,4,2127,51,5,6,BtwSaki,ToiMisaki,30.697676290625495,130.40588580306775,58.81953173895249,12.0,425.5730936980477,417.8842128335024
2128,Shanghai SouthCh - Nagoya,SEA,PILOT_TO_PILOT,4,2128,52,5,6,BtwSaki,ToiMisaki,30.69939749131611,130.40920494001756,58.81953173895249,12.0,425.7731997146315,417.6841068169186
2129,Shanghai SouthCh - Nagoya,SEA,PILOT_TO_PILOT,4,2129,53,5,6,BtwSaki,ToiMisaki,30.701118607596626,130.4125241953694,58.81953173895249,12.0,425.9733057312153,417.4840008003348
2130,Shanghai SouthCh - Nagoya,SEA,PILOT_TO_PILOT,4,2130,54,5,6,BtwSaki,ToiMisaki,30.702839639458276,130.41584356912978,58.81953173895249,12.0,426.17341174779904,417.28389478375107
2131,Shanghai SouthCh - Nagoya,SEA,PILOT_TO_PILOT,4,2131,55,5,6,BtwSaki,ToiMisaki,30.70456058689228,130.41916306130526,58.81953173895249,12.0,426.3735177643828,417.0837887671673
2132,Shanghai SouthCh - Nagoya,SEA,PILOT_TO_PILOT,4,2132,56,5,6,BtwSaki,ToiMisaki,30.706281449889836,130.4224826719023,58.81953173895249,12.0,426.5736237809666,416.8836827505835
2133,Shanghai SouthCh - Nagoya,SEA,PILOT_TO_PILOT,4,2133,57,5,6,BtwSaki,ToiMisaki,30.708002228442147,130.4258024009274,58.81953173895249,12.0,426.77372979755035,416.68357673399976
2134,Shanghai SouthCh - Nagoya,SEA,PILOT_TO_PILOT,4,2134,58,5,6,BtwSaki,ToiMisaki,30.709722922540436,130.42912224838716,58.81953173895249,12.0,426.97383581413413,416.48347071741597
2135,Shanghai SouthCh - Nagoya,SEA,PILOT_TO_PILOT,4,2135,59,5,6,BtwSaki,ToiMisaki,30.711443532175917,130.43244221428805,58.81953173895249,12.0,427.1739418307179,416.2833647008322
2136,Shanghai SouthCh - Nagoya,SEA,PILOT_TO_PILOT,4,2136,60,5,6,BtwSaki,ToiMisaki,30.71316405733978,130.43576229863658,58.81953173895249,12.0,427.37404784730165,416.08325868424845
2137,Shanghai SouthCh - Nagoya,SEA,PILOT_TO_PILOT,4,2137,61,5,6,BtwSaki,ToiMisaki,30.714884498023252,130.4390825014392,58.81953173895249,12.0,427.57415386388544,415.88315266766466
2138,Shanghai SouthCh - Nagoya,SEA,PILOT_TO_PILOT,4,2138,62,5,6,BtwSaki,ToiMisaki,30.716604854217547,130.44240282270255,58.81953173895249,12.0,427.77425988046923,415.6830466510809
2139,Shanghai SouthCh - Nagoya,SEA,PILOT_TO_PILOT,4,2139,63,5,6,BtwSaki,ToiMisaki,30.718325125913857,130.44572326243306,58.81953173895249,12.0,427.97436589705296,415.48294063449714
2140,Shanghai SouthCh - Nagoya,SEA,PILOT_TO_PILOT,4,2140,64,5,6,BtwSaki,ToiMisaki,30.720045313103387,130.4490438206372,58.81953173895249,12.0,428.17447191363675,415.28283461791335
2141,Shanghai SouthCh - Nagoya,SEA,PILOT_TO_PILOT,4,2141,65,5,6,BtwSaki,ToiMisaki,30.72176541577736,130.45236449732155,58.81953173895249,12.0,428.37457793022054,415.08272860132956
2142,Shanghai SouthCh - Nagoya,SEA,PILOT_TO_PILOT,4,2142,66,5,6,BtwSaki,ToiMisaki,30.723485433926975,130.45568529249257,58.81953173895249,12.0,428.57468394680427,414.88262258474583
2143,Shanghai SouthCh - Nagoya,SEA,PILOT_TO_PILOT,4,2143,67,5,6,BtwSaki,ToiMisaki,30.72520536754343,130.4590062061568,58.81953173895249,12.0,428.77478996338806,414.68251656816204
2144,Shanghai SouthCh - Nagoya,SEA,PILOT_TO_PILOT,4,2144,68,5,6,BtwSaki,ToiMisaki,30.726925216617936,130.4623272383207,58.81953173895249,12.0,428.97489597997185,414.48241055157825
2145,Shanghai SouthCh - Nagoya,SEA,PILOT_TO_PILOT,4,2145,69,5,6,BtwSaki,ToiMisaki,30.72864498114171,130.46564838899081,58.81953173895249,12.0,429.1750019965556,414.2823045349945
2146,Shanghai SouthCh - Nagoya,SEA,PILOT_TO_PILOT,4,2146,70,5,6,BtwSaki,ToiMisaki,30.73036466110594,130.46896965817362,58.81953173895249,12.0,429.37510801313937,414.08219851841073
2147,Shanghai SouthCh - Nagoya,SEA,PILOT_TO_PILOT,4,2147,71,5,6,BtwSaki,ToiMisaki,30.732084256501835,130.47229104587564,58.81953173895249,12.0,429.57521402972316,413.88209250182695
2148,Shanghai SouthCh - Nagoya,SEA,PILOT_TO_PILOT,4,2148,72,5,6,BtwSaki,ToiMisaki,30.7338037673206,130.47561255210334,58.81953173895249,12.0,429.7753200463069,413.6819864852432
2149,Shanghai SouthCh - Nagoya,SEA,PILOT_TO_PILOT,4,2149,73,5,6,BtwSaki,ToiMisaki,30.735523193553433,130.47893417686322,58.81953173895249,12.0,429.9754260628907,413.4818804686594
2150,Shanghai SouthCh - Nagoya,SEA,PILOT_TO_PILOT,4,2150,74,5,6,BtwSaki,ToiMisaki,30.737242535191555,130.48225592016178,58.81953173895249,12.0,430.17553207947446,413.28177445207564
2151,Shanghai SouthCh - Nagoya,SEA,PILOT_TO_PILOT,4,2151,75,5,6,BtwSaki,ToiMisaki,30.738961792226146,130.48557778200555,58.81953173895249,12.0,430.3756380960582,413.0816684354919
2152,Shanghai SouthCh - Nagoya,SEA,PILOT_TO_PILOT,4,2152,76,5,6,BtwSaki,ToiMisaki,30.740680964648412,130.488899762401,58.81953173895249,12.0,430.575744112642,412.8815624189081
2153,Shanghai SouthCh - Nagoya,SEA,PILOT_TO_PILOT,4,2153,77,5,6,BtwSaki,ToiMisaki,30.742400052449568,130.49222186135458,58.81953173895249,12.0,430.7758501292258,412.68145640232433
2154,Shanghai SouthCh - Nagoya,SEA,PILOT_TO_PILOT,4,2154,78,5,6,BtwSaki,ToiMisaki,30.74411905562079,130.49554407887285,58.81953173895249,12.0,430.9759561458095,412.4813503857406
2155,Shanghai SouthCh - Nagoya,SEA,PILOT_TO_PILOT,4,2155,79,5,6,BtwSaki,ToiMisaki,30.745837974153307,130.4988664149623,58.81953173895249,12.0,431.1760621623933,412.2812443691568
2156,Shanghai SouthCh - Nagoya,SEA,PILOT_TO_PILOT,4,2156,80,5,6,BtwSaki,ToiMisaki,30.747556808038293,130.50218886962935,58.81953173895249,12.0,431.3761681789771,412.081138352573
2157,Shanghai SouthCh - Nagoya,SEA,PILOT_TO_PILOT,4,2157,81,5,6,BtwSaki,ToiMisaki,30.74927555726697,130.50551144288053,58.81953173895249,12.0,431.5762741955608,411.8810323359893
2158,Shanghai SouthCh - Nagoya,SEA,PILOT_TO_PILOT,4,2158,82,5,6,BtwSaki,ToiMisaki,30.75099422183051,130.50883413472235,58.81953173895249,12.0,431.7763802121446,411.6809263194055
2159,Shanghai SouthCh - Nagoya,SEA,PILOT_TO_PILOT,4,2159,83,5,6,BtwSaki,ToiMisaki,30.752712801720122,130.51215694516125,58.81953173895249,12.0,431.9764862287284,411.4808203028217
2160,Shanghai SouthCh - Nagoya,SEA,PILOT_TO_PILOT,4,2160,84,5,6,BtwSaki,ToiMisaki,30.75443129692702,130.51547987420375,58.81953173895249,12.0,432.1765922453121,411.280714286238
2161,Shanghai SouthCh - Nagoya,SEA,PILOT_TO_PILOT,4,2161,85,5,6,BtwSaki,ToiMisaki,30.75614970744238,130.51880292185635,58.81953173895249,12.0,432.3766982618959,411.0806082696542
2162,Shanghai SouthCh - Nagoya,SEA,PILOT_TO_PILOT,4,2162,86,5,6,BtwSaki,ToiMisaki,30.757868033257413,130.52212608812548,58.81953173895249,12.0,432.5768042784797,410.8805022530704
2163,Shanghai SouthCh - Nagoya,SEA,PILOT_TO_PILOT,4,2163,87,5,6,BtwSaki,ToiMisaki,30.759586274363304,130.52544937301764,58.81953173895249,12.0,432.77691029506343,410.6803962364867
2164,Shanghai SouthCh - Nagoya,SEA,PILOT_TO_PILOT,4,2164,88,5,6,BtwSaki,ToiMisaki,30.761304430751245,130.5287727765393,58.81953173895249,12.0,432.9770163116472,410.4802902199029
2165,Shanghai SouthCh - Nagoya,SEA,PILOT_TO_PILOT,4,2165,89,5,6,BtwSaki,ToiMisaki,30.76302250241245,130.532096298697,58.81953173895249,12.0,433.177122328231,410.2801842033191
2166,Shanghai SouthCh - Nagoya,SEA,PILOT_TO_PILOT,4,2166,90,5,6,BtwSaki,ToiMisaki,30.76474048933809,130.5354199394972,58.81953173895249,12.0,433.37722834481474,410.08007818673536
2167,Shanghai SouthCh - Nagoya,SEA,PILOT_TO_PILOT,4,2167,91,5,6,BtwSaki,ToiMisaki,30.766458391519382,130.53874369894626,58.81953173895249,12.0,433.5773343613985,409.8799721701516
2168,Shanghai SouthCh - Nagoya,SEA,PILOT_TO_PILOT,4,2168,92,5,6,BtwSaki,ToiMisaki,30.76817620894751,130.54206757705083,58.81953173895249,12.0,433.7774403779823,409.6798661535678
2169,Shanghai SouthCh - Nagoya,SEA,PILOT_TO_PILOT,4,2169,93,5,6,BtwSaki,ToiMisaki,30.76989394161365,130.54539157381728,58.81953173895249,12.0,433.97754639456605,409.47976013698405
2170,Shanghai SouthCh - Nagoya,SEA,PILOT_TO_PILOT,4,2170,94,5,6,BtwSaki,ToiMisaki,30.77161158950902,130.5487156892521,58.81953173895249,12.0,434.17765241114984,409.27965412040027
2171,Shanghai SouthCh - Nagoya,SEA,PILOT_TO_PILOT,4,2171,95,5,6,BtwSaki,ToiMisaki,30.77332915262481,130.55203992336178,58.81953173895249,12.0,434.3777584277336,409.0795481038165
2172,Shanghai SouthCh - Nagoya,SEA,PILOT_TO_PILOT,4,2172,96,5,6,BtwSaki,ToiMisaki,30.775046630952183,130.55536427615277,58.81953173895249,12.0,434.57786444431736,408.87944208723275
2173,Shanghai SouthCh - Nagoya,SEA,PILOT_TO_PILOT,4,2173,97,5,6,BtwSaki,ToiMisaki,30.776764024482375,130.55868874763155,58.81953173895249,12.0,434.77797046090114,408.67933607064896
2174,Shanghai SouthCh - Nagoya,SEA,PILOT_TO_PILOT,4,2174,98,5,6,BtwSaki,ToiMisaki,30.778481333206535,130.56201333780461,58.81953173895249,12.0,434.97807647748493,408.47923005406517
2175,Shanghai SouthCh - Nagoya,SEA,PILOT_TO_PILOT,4,2175,99,5,6,BtwSaki,ToiMisaki,30.78019855711588,130.5653380466784,58.81953173895249,12.0,435.17818249406866,408.27912403748144
2176,Shanghai SouthCh - Nagoya,SEA,PILOT_TO_PILOT,4,2176,100,5,6,BtwSaki,ToiMisaki,30.78191569620158,130.5686628742594,58.81953173895249,12.0,435.37828851065245,408.07901802089765
2177,Shanghai SouthCh - Nagoya,SEA,PILOT_TO_PILOT,4,2177,101,5,6,BtwSaki,ToiMisaki,30.78363275045483,130.57198782055403,58.81953173895249,12.0,435.57839452723624,407.87891200431386
2178,Shanghai SouthCh - Nagoya,SEA,PILOT_TO_PILOT,4,2178,102,5,6,BtwSaki,ToiMisaki,30.785349719866836,130.5753128855688,58.81953173895249,12.0,435.77850054382,407.67880598773013
2179,Shanghai SouthCh - Nagoya,SEA,PILOT_TO_PILOT,4,2179,103,5,6,BtwSaki,ToiMisaki,30.787066604428766,130.57863806931013,58.81953173895249,12.0,435.97860656040376,407.47869997114634
2180,Shanghai SouthCh - Nagoya,SEA,PILOT_TO_PILOT,4,2180,104,5,6,BtwSaki,ToiMisaki,30.788783404131813,130.58196337178458,58.81953173895249,12.0,436.17871257698755,407.27859395456255
2181,Shanghai SouthCh - Nagoya,SEA,PILOT_TO_PILOT,4,2181,105,5,6,BtwSaki,ToiMisaki,30.79050011896717,130.5852887929985,58.81953173895249,12.0,436.3788185935713,407.0784879379788
2182,Shanghai SouthCh - Nagoya,SEA,PILOT_TO_PILOT,4,2182,106,5,6,BtwSaki,ToiMisaki,30.79221674892601,130.5886143329584,58.81953173895249,12.0,436.57892461015507,406.87838192139503
2183,Shanghai SouthCh - Nagoya,SEA,PILOT_TO_PILOT,4,2183,107,5,6,BtwSaki,ToiMisaki,30.793933293999526,130.59193999167076,58.81953173895249,12.0,436.77903062673886,406.67827590481124
2184,Shanghai SouthCh - Nagoya,SEA,PILOT_TO_PILOT,4,2184,108,5,6,BtwSaki,ToiMisaki,30.79564975417891,130.59526576914197,58.81953173895249,12.0,436.9791366433226,406.4781698882275
2185,Shanghai SouthCh - Nagoya,SEA,PILOT_TO_PILOT,4,2185,109,5,6,BtwSaki,ToiMisaki,30.79736612945534,130.59859166537856,58.81953173895249,12.0,437.1792426599064,406.2780638716437
2186,Shanghai SouthCh - Nagoya,SEA,PILOT_TO_PILOT,4,2186,110,5,6,BtwSaki,ToiMisaki,30.79908241982,130.60191768038698,58.81953173895249,12.0,437.37934867649017,406.07795785505994
2187,Shanghai SouthCh - Nagoya,SEA,PILOT_TO_PILOT,4,2187,111,5,6,BtwSaki,ToiMisaki,30.80079862526408,130.6052438141736,58.81953173895249,12.0,437.5794546930739,405.8778518384762
2188,Shanghai SouthCh - Nagoya,SEA,PILOT_TO_PILOT,4,2188,112,5,6,BtwSaki,ToiMisaki,30.802514745778762,130.60857006674496,58.81953173895249,12.0,437.7795607096577,405.6777458218924
2189,Shanghai SouthCh - Nagoya,SEA,PILOT_TO_PILOT,4,2189,113,5,6,BtwSaki,ToiMisaki,30.804230781355223,130.6118964381075,58.81953173895249,12.0,437.9796667262415,405.4776398053086
2190,Shanghai SouthCh - Nagoya,SEA,PILOT_TO_PILOT,4,2190,114,5,6,BtwSaki,ToiMisaki,30.805946731984648,130.61522292826766,58.81953173895249,12.0,438.1797727428252,405.2775337887249
2191,Shanghai SouthCh - Nagoya,SEA,PILOT_TO_PILOT,4,2191,115,5,6,BtwSaki,ToiMisaki,30.80766259765822,130.61854953723187,58.81953173895249,12.0,438.379878759409,405.0774277721411
2192,Shanghai SouthCh - Nagoya,SEA,PILOT_TO_PILOT,4,2192,116,5,6,BtwSaki,ToiMisaki,30.809378378367118,130.6218762650066,58.81953173895249,12.0,438.5799847759928,404.8773217555573
2193,Shanghai SouthCh - Nagoya,SEA,PILOT_TO_PILOT,4,2193,117,5,6,BtwSaki,ToiMisaki,30.811094074102527,130.6252031115983,58.81953173895249,12.0,438.7800907925765,404.6772157389736
2194,Shanghai SouthCh - Nagoya,SEA,PILOT_TO_PILOT,4,2194,118,5,6,BtwSaki,ToiMisaki,30.81280968485564,130.6285300770134,58.81953173895249,12.0,438.9801968091603,404.4771097223898
2195,Shanghai SouthCh - Nagoya,SEA,PILOT_TO_PILOT,4,2195,119,5,6,BtwSaki,ToiMisaki,30.814525210617614,130.63185716125838,58.81953173895249,12.0,439.1803028257441,404.277003705806
2196,Shanghai SouthCh - Nagoya,SEA,PILOT_TO_PILOT,4,2196,120,5,6,BtwSaki,ToiMisaki,30.81624065137963,130.63518436433964,58.81953173895249,12.0,439.3804088423278,404.0768976892223
2197,Shanghai SouthCh - Nagoya,SEA,PILOT_TO_PILOT,4,2197,121,5,6,BtwSaki,ToiMisaki,30.817956007132885,130.63851168626363,58.81953173895249,12.0,439.5805148589116,403.8767916726385
2198,Shanghai SouthCh - Nagoya,SEA,PILOT_TO_PILOT,4,2198,122,5,6,BtwSaki,ToiMisaki,30.819671277868544,130.64183912703683,58.81953173895249,12.0,439.7806208754954,403.6766856560547
2199,Shanghai SouthCh - Nagoya,SEA,PILOT_TO_PILOT,4,2199,123,5,6,BtwSaki,ToiMisaki,30.821386463577785,130.64516668666565,58.81953173895249,12.0,439.98072689207913,403.47657963947097
2200,Shanghai SouthCh - Nagoya,SEA,PILOT_TO_PILOT,4,2200,124,5,6,BtwSaki,ToiMisaki,30.823101564251793,130.64849436515655,58.81953173895249,12.0,440.1808329086629,403.2764736228872
2201,Shanghai SouthCh - Nagoya,SEA,PILOT_TO_PILOT,4,2201,125,5,6,BtwSaki,ToiMisaki,30.824816579881745,130.65182216251594,58.81953173895249,12.0,440.3809389252467,403.0763676063034
2202,Shanghai SouthCh - Nagoya,SEA,PILOT_TO_PILOT,4,2202,126,5,6,BtwSaki,ToiMisaki,30.8265315104588,130.65515007875027,58.81953173895249,12.0,440.58104494183044,402.87626158971966
2203,Shanghai SouthCh - Nagoya,SEA,PILOT_TO_PILOT,4,2203,127,5,6,BtwSaki,ToiMisaki,30.828246355974162,130.65847811386598,58.81953173895249,12.0,440.78115095841423,402.6761555731359
2204,Shanghai SouthCh - Nagoya,SEA,PILOT_TO_PILOT,4,2204,128,5,6,BtwSaki,ToiMisaki,30.829961116418996,130.6618062678695,58.81953173895249,12.0,440.981256974998,402.4760495565521
2205,Shanghai SouthCh - Nagoya,SEA,PILOT_TO_PILOT,4,2205,129,5,6,BtwSaki,ToiMisaki,30.831675791784463,130.66513454076727,58.81953173895249,12.0,441.18136299158175,402.27594353996835
2206,Shanghai SouthCh - Nagoya,SEA,PILOT_TO_PILOT,4,2206,130,5,6,BtwSaki,ToiMisaki,30.833390382061744,130.66846293256575,58.81953173895249,12.0,441.38146900816554,402.07583752338456
2207,Shanghai SouthCh - Nagoya,SEA,PILOT_TO_PILOT,4,2207,131,5,6,BtwSaki,ToiMisaki,30.835104887242025,130.67179144327133,58.81953173895249,12.0,441.5815750247493,401.8757315068008
2208,Shanghai SouthCh - Nagoya,SEA,PILOT_TO_PILOT,4,2208,132,5,6,BtwSaki,ToiMisaki,30.83681930731647,130.67512007289045,58.81953173895249,12.0,441.78168104133306,401.67562549021704
2209,Shanghai SouthCh - Nagoya,SEA,PILOT_TO_PILOT,4,2209,133,5,6,BtwSaki,ToiMisaki,30.838533642276253,130.67844882142953,58.81953173895249,12.0,441.98178705791685,401.47551947363326
2210,Shanghai SouthCh - Nagoya,SEA,PILOT_TO_PILOT,4,2210,134,5,6,BtwSaki,ToiMisaki,30.840247892112554,130.68177768889504,58.81953173895249,12.0,442.18189307450064,401.27541345704947
2211,Shanghai SouthCh - Nagoya,SEA,PILOT_TO_PILOT,4,2211,135,5,6,BtwSaki,ToiMisaki,30.84196205681653,130.68510667529335,58.81953173895249,12.0,442.38199909108437,401.07530744046574
2212,Shanghai SouthCh - Nagoya,SEA,PILOT_TO_PILOT,4,2212,136,5,6,BtwSaki,ToiMisaki,30.84367613637936,130.68843578063095,58.81953173895249,12.0,442.58210510766816,400.87520142388195
2213,Shanghai SouthCh - Nagoya,SEA,PILOT_TO_PILOT,4,2213,137,5,6,BtwSaki,ToiMisaki,30.845390130792225,130.6917650049142,58.81953173895249,12.0,442.78221112425194,400.67509540729816
2214,Shanghai SouthCh - Nagoya,SEA,PILOT_TO_PILOT,4,2214,138,5,6,BtwSaki,ToiMisaki,30.847104040046283,130.69509434814958,58.81953173895249,12.0,442.9823171408357,400.4749893907144
2215,Shanghai SouthCh - Nagoya,SEA,PILOT_TO_PILOT,4,2215,139,5,6,BtwSaki,ToiMisaki,30.848817864132712,130.69842381034346,58.81953173895249,12.0,443.18242315741946,400.27488337413064
2216,Shanghai SouthCh - Nagoya,SEA,PILOT_TO_PILOT,4,2216,140,5,6,BtwSaki,ToiMisaki,30.850531603042672,130.7017533915023,58.81953173895249,12.0,443.38252917400325,400.07477735754685
2217,Shanghai SouthCh - Nagoya,SEA,PILOT_TO_PILOT,4,2217,141,5,6,BtwSaki,ToiMisaki,30.85224525676733,130.70508309163253,58.81953173895249,12.0,443.582635190587,399.8746713409631
2218,Shanghai SouthCh - Nagoya,SEA,PILOT_TO_PILOT,4,2218,142,5,6,BtwSaki,ToiMisaki,30.85395882529787,130.70841291074052,58.81953173895249,12.0,443.7827412071708,399.67456532437933
2219,Shanghai SouthCh - Nagoya,SEA,PILOT_TO_PILOT,4,2219,143,5,6,BtwSaki,ToiMisaki,30.85567230862544,130.71174284883276,58.81953173895249,12.0,443.98284722375456,399.47445930779554
2220,Shanghai SouthCh - Nagoya,SEA,PILOT_TO_PILOT,4,2220,144,5,6,BtwSaki,ToiMisaki,30.85738570674124,130.71507290591558,58.81953173895249,12.0,444.18295324033835,399.27435329121175
2221,Shanghai SouthCh - Nagoya,SEA,PILOT_TO_PILOT,4,2221,145,5,6,BtwSaki,ToiMisaki,30.85909901963641,130.71840308199543,58.81953173895249,12.0,444.3830592569221,399.074247274628
2222,Shanghai SouthCh - Nagoya,SEA,PILOT_TO_PILOT,4,2222,146,5,6,BtwSaki,ToiMisaki,30.860812247302114,130.72173337707878,58.81953173895249,12.0,444.58316527350587,398.87414125804423
2223,Shanghai SouthCh - Nagoya,SEA,PILOT_TO_PILOT,4,2223,147,5,6,BtwSaki,ToiMisaki,30.86252538972954,130.72506379117198,58.81953173895249,12.0,444.78327129008966,398.67403524146044
2224,Shanghai SouthCh - Nagoya,SEA,PILOT_TO_PILOT,4,2224,148,5,6,BtwSaki,ToiMisaki,30.86423844690983,130.72839432428145,58.81953173895249,12.0,444.9833773066734,398.4739292248767
2225,Shanghai SouthCh - Nagoya,SEA,PILOT_TO_PILOT,4,2225,149,5,6,BtwSaki,ToiMisaki,30.865951418834168,130.73172497641363,58.81953173895249,12.0,445.1834833232572,398.2738232082929
2226,Shanghai SouthCh - Nagoya,SEA,PILOT_TO_PILOT,4,2226,150,5,6,BtwSaki,ToiMisaki,30.867664305493708,130.7350557475749,58.81953173895249,12.0,445.38358933984097,398.07371719170914
2227,Shanghai SouthCh - Nagoya,SEA,PILOT_TO_PILOT,4,2227,151,5,6,BtwSaki,ToiMisaki,30.869377106879618,130.7383866377717,58.81953173895249,12.0,445.5836953564247,397.8736111751254
2228,Shanghai SouthCh - Nagoya,SEA,PILOT_TO_PILOT,4,2228,152,5,6,BtwSaki,ToiMisaki,30.871089822983066,130.74171764701038,58.81953173895249,12.0,445.7838013730085,397.6735051585416
2229,Shanghai SouthCh - Nagoya,SEA,PILOT_TO_PILOT,4,2229,153,5,6,BtwSaki,ToiMisaki,30.8728024537952,130.7450487752974,58.81953173895249,12.0,445.9839073895923,397.4733991419578
2230,Shanghai SouthCh - Nagoya,SEA,PILOT_TO_PILOT,4,2230,154,5,6,BtwSaki,ToiMisaki,30.874514999307195,130.74838002263917,58.81953173895249,12.0,446.184013406176,397.2732931253741
2231,Shanghai SouthCh - Nagoya,SEA,PILOT_TO_PILOT,4,2231,155,5,6,BtwSaki,ToiMisaki,30.876227459510215,130.75171138904204,58.81953173895249,12.0,446.3841194227598,397.0731871087903
2232,Shanghai SouthCh - Nagoya,SEA,PILOT_TO_PILOT,4,2232,156,5,6,BtwSaki,ToiMisaki,30.877939834395416,130.7550428745125,58.81953173895249,12.0,446.5842254393436,396.8730810922065
2233,Shanghai SouthCh - Nagoya,SEA,PILOT_TO_PILOT,4,2233,157,5,6,BtwSaki,ToiMisaki,30.879652123953957,130.75837447905687,58.81953173895249,12.0,446.7843314559273,396.6729750756228
2234,Shanghai SouthCh - Nagoya,SEA,PILOT_TO_PILOT,4,2234,158,5,6,BtwSaki,ToiMisaki,30.881364328176996,130.76170620268158,58.81953173895249,12.0,446.9844374725111,396.472869059039
2235,Shanghai SouthCh - Nagoya,SEA,PILOT_TO_PILOT,4,2235,159,5,6,BtwSaki,ToiMisaki,30.883076447055707,130.76503804539303,58.81953173895249,12.0,447.1845434890949,396.2727630424552
2236,Shanghai SouthCh - Nagoya,SEA,PILOT_TO_PILOT,4,2236,160,5,6,BtwSaki,ToiMisaki,30.884788480581253,130.76837000719763,58.81953173895249,12.0,447.3846495056786,396.0726570258715
2237,Shanghai SouthCh - Nagoya,SEA,PILOT_TO_PILOT,4,2237,161,5,6,BtwSaki,ToiMisaki,30.88650042874477,130.77170208810176,58.81953173895249,12.0,447.5847555222624,395.8725510092877
2238,Shanghai SouthCh - Nagoya,SEA,PILOT_TO_PILOT,4,2238,162,5,6,BtwSaki,ToiMisaki,30.888212291537418,130.77503428811184,58.81953173895249,12.0,447.7848615388462,395.6724449927039
2239,Shanghai SouthCh - Nagoya,SEA,PILOT_TO_PILOT,4,2239,163,5,6,BtwSaki,ToiMisaki,30.889924068950386,130.77836660723423,58.81953173895249,12.0,447.98496755542993,395.47233897612017
2240,Shanghai SouthCh - Nagoya,SEA,PILOT_TO_PILOT,4,2240,164,5,6,BtwSaki,ToiMisaki,30.8916357609748,130.78169904547536,58.81953173895249,12.0,448.1850735720137,395.2722329595364
2241,Shanghai SouthCh - Nagoya,SEA,PILOT_TO_PILOT,4,2241,165,5,6,BtwSaki,ToiMisaki,30.893347367601834,130.78503160284157,58.81953173895249,12.0,448.3851795885975,395.0721269429526
2242,Shanghai SouthCh - Nagoya,SEA,PILOT_TO_PILOT,4,2242,166,5,6,BtwSaki,ToiMisaki,30.89505888882264,130.7883642793393,58.81953173895249,12.0,448.58528560518124,394.87202092636886
2243,Shanghai SouthCh - Nagoya,SEA,PILOT_TO_PILOT,4,2243,167,5,6,BtwSaki,ToiMisaki,30.89677032462837,130.79169707497496,58.81953173895249,12.0,448.78539162176503,394.6719149097851
2244,Shanghai SouthCh - Nagoya,SEA,PILOT_TO_PILOT,4,2244,168,5,6,BtwSaki,ToiMisaki,30.898481675010174,130.79502998975488,58.81953173895249,12.0,448.9854976383488,394.4718088932013
2245,Shanghai SouthCh - Nagoya,SEA,PILOT_TO_PILOT,4,2245,169,5,6,BtwSaki,ToiMisaki,30.90019293995923,130.79836302368548,58.81953173895249,12.0,449.18560365493255,394.27170287661755
2246,Shanghai SouthCh - Nagoya,SEA,PILOT_TO_PILOT,4,2246,170,5,6,BtwSaki,ToiMisaki,30.901904119466675,130.80169617677313,58.81953173895249,12.0,449.38570967151634,394.07159686003376
2247,Shanghai SouthCh - Nagoya,SEA,PILOT_TO_PILOT,4,2247,171,5,6,BtwSaki,ToiMisaki,30.90361521352367,130.80502944902426,58.81953173895249,12.0,449.5858156881001,393.87149084345
2248,Shanghai SouthCh - Nagoya,SEA,PILOT_TO_PILOT,4,2248,172,5,6,BtwSaki,ToiMisaki,30.905326222121367,130.8083628404452,58.81953173895249,12.0,449.78592170468386,393.67138482686624
2249,Shanghai SouthCh - Nagoya,SEA,PILOT_TO_PILOT,4,2249,173,5,6,BtwSaki,ToiMisaki,30.907037145250907,130.81169635104237,58.81953173895249,12.0,449.98602772126765,393.47127881028246
2250,Shanghai SouthCh - Nagoya,SEA,PILOT_TO_PILOT,4,2250,174,5,6,BtwSaki,ToiMisaki,30.908747982903467,130.81502998082212,58.81953173895249,12.0,450.18613373785143,393.27117279369867
2251,Shanghai SouthCh - Nagoya,SEA,PILOT_TO_PILOT,4,2251,175,5,6,BtwSaki,ToiMisaki,30.910458735070176,130.81836372979086,58.81953173895249,12.0,450.38623975443517,393.07106677711494
2252,Shanghai SouthCh - Nagoya,SEA,PILOT_TO_PILOT,4,2252,176,5,6,BtwSaki,ToiMisaki,30.912169401742204,130.82169759795497,58.81953173895249,12.0,450.58634577101896,392.87096076053115
2253,Shanghai SouthCh - Nagoya,SEA,PILOT_TO_PILOT,4,2253,177,5,6,BtwSaki,ToiMisaki,30.913879982910686,130.8250315853208,58.81953173895249,12.0,450.78645178760274,392.67085474394736
2254,Shanghai SouthCh - Nagoya,SEA,PILOT_TO_PILOT,4,2254,178,5,6,BtwSaki,ToiMisaki,30.915590478566795,130.82836569189476,58.81953173895249,12.0,450.9865578041865,392.4707487273636
2255,Shanghai SouthCh - Nagoya,SEA,PILOT_TO_PILOT,4,2255,179,5,6,BtwSaki,ToiMisaki,30.91730088870166,130.83169991768324,58.81953173895249,12.0,451.18666382077026,392.27064271077984
2256,Shanghai SouthCh - Nagoya,SEA,PILOT_TO_PILOT,4,2256,180,5,6,BtwSaki,ToiMisaki,30.919011213306437,130.83503426269255,58.81953173895249,12.0,451.38676983735405,392.07053669419605
2257,Shanghai SouthCh - Nagoya,SEA,PILOT_TO_PILOT,4,2257,181,5,6,BtwSaki,ToiMisaki,30.920721452372277,130.83836872692913,58.81953173895249,12.0,451.5868758539378,391.8704306776123
2258,Shanghai SouthCh - Nagoya,SEA,PILOT_TO_PILOT,4,2258,182,5,6,BtwSaki,ToiMisaki,30.922431605890328,130.8417033103993,58.81953173895249,12.0,451.7869818705216,391.67032466102853
2259,Shanghai SouthCh - Nagoya,SEA,PILOT_TO_PILOT,4,2259,183,5,6,BtwSaki,ToiMisaki,30.924141673851732,130.84503801310947,58.81953173895249,12.0,451.98708788710536,391.47021864444474
2260,Shanghai SouthCh - Nagoya,SEA,PILOT_TO_PILOT,4,2260,184,5,6,BtwSaki,ToiMisaki,30.92585165624764,130.84837283506602,58.81953173895249,12.0,452.1871939036891,391.270112627861
2261,Shanghai SouthCh - Nagoya,SEA,PILOT_TO_PILOT,4,2261,185,5,6,BtwSaki,ToiMisaki,30.92756155306922,130.85170777627528,58.81953173895249,12.0,452.3872999202729,391.0700066112772
2262,Shanghai SouthCh - Nagoya,SEA,PILOT_TO_PILOT,4,2262,186,5,6,BtwSaki,ToiMisaki,30.92927136430759,130.85504283674365,58.81953173895249,12.0,452.58740593685667,390.86990059469343
2263,Shanghai SouthCh - Nagoya,SEA,PILOT_TO_PILOT,4,2263,187,5,6,BtwSaki,ToiMisaki,30.930981089953914,130.85837801647747,58.81953173895249,12.0,452.7875119534404,390.6697945781097
2264,Shanghai SouthCh - Nagoya,SEA,PILOT_TO_PILOT,4,2264,188,5,6,BtwSaki,ToiMisaki,30.93269072999931,130.86171331548312,58.81953173895249,12.0,452.9876179700242,390.4696885615259
2265,Shanghai SouthCh - Nagoya,SEA,PILOT_TO_PILOT,4,2265,189,5,6,BtwSaki,ToiMisaki,30.934400284434968,130.86504873376697,58.81953173895249,12.0,453.187723986608,390.2695825449421
2266,Shanghai SouthCh - Nagoya,SEA,PILOT_TO_PILOT,4,2266,190,5,6,BtwSaki,ToiMisaki,30.936109753252012,130.86838427133537,58.81953173895249,12.0,453.3878300031917,390.0694765283584
2267,Shanghai SouthCh - Nagoya,SEA,PILOT_TO_PILOT,4,2267,191,5,6,BtwSaki,ToiMisaki,30.937819136441558,130.87171992819472,58.81953173895249,12.0,453.5879360197755,389.8693705117746
2268,Shanghai SouthCh - Nagoya,SEA,PILOT_TO_PILOT,4,2268,192,5,6,BtwSaki,ToiMisaki,30.939528433994802,130.87505570435133,58.81953173895249,12.0,453.7880420363593,389.6692644951908
2269,Shanghai SouthCh - Nagoya,SEA,PILOT_TO_PILOT,4,2269,193,5,6,BtwSaki,ToiMisaki,30.94123764590285,130.87839159981164,58.81953173895249,12.0,453.988148052943,389.4691584786071
2270,Shanghai SouthCh - Nagoya,SEA,PILOT_TO_PILOT,4,2270,194,5,6,BtwSaki,ToiMisaki,30.942946772156844,130.88172761458188,58.81953173895249,12.0,454.1882540695268,389.2690524620233
2271,Shanghai SouthCh - Nagoya,SEA,PILOT_TO_PILOT,4,2271,195,5,6,BtwSaki,ToiMisaki,30.944655812747957,130.88506374866853,58.81953173895249,12.0,454.3883600861106,389.0689464454395
2272,Shanghai SouthCh - Nagoya,SEA,PILOT_TO_PILOT,4,2272,196,5,6,BtwSaki,ToiMisaki,30.946364767667298,130.88840000207787,58.81953173895249,12.0,454.5884661026943,388.8688404288558
2273,Shanghai SouthCh - Nagoya,SEA,PILOT_TO_PILOT,4,2273,197,5,6,BtwSaki,ToiMisaki,30.948073636906027,130.8917363748163,58.81953173895249,12.0,454.7885721192781,388.668734412272
2274,Shanghai SouthCh - Nagoya,SEA,PILOT_TO_PILOT,4,2274,198,5,6,BtwSaki,ToiMisaki,30.949782420455275,130.89507286689016,58.81953173895249,12.0,454.9886781358619,388.4686283956882
2275,Shanghai SouthCh - Nagoya,SEA,PILOT_TO_PILOT,4,2275,199,5,6,BtwSaki,ToiMisaki,30.951491118306198,130.8984094783058,58.81953173895249,12.0,455.18878415244563,388.26852237910447
2276,Shanghai SouthCh - Nagoya,SEA,PILOT_TO_PILOT,4,2276,200,5,6,BtwSaki,ToiMisaki,30.953199730449914,130.9017462090696,58.81953173895249,12.0,455.3888901690294,388.0684163625207
2277,Shanghai SouthCh - Nagoya,SEA,PILOT_TO_PILOT,4,2277,201,5,6,BtwSaki,ToiMisaki,30.954908256877577,130.90508305918783,58.81953173895249,12.0,455.5889961856132,387.8683103459369
2278,Shanghai SouthCh - Nagoya,SEA,PILOT_TO_PILOT,4,2278,202,5,6,BtwSaki,ToiMisaki,30.956616697580326,130.9084200286669,58.81953173895249,12.0,455.78910220219694,387.66820432935316
2279,Shanghai SouthCh - Nagoya,SEA,PILOT_TO_PILOT,4,2279,203,5,6,BtwSaki,ToiMisaki,30.95832505254929,130.9117571175132,58.81953173895249,12.0,455.98920821878073,387.46809831276937
2280,Shanghai SouthCh - Nagoya,SEA,PILOT_TO_PILOT,4,2280,204,5,6,BtwSaki,ToiMisaki,30.960033321775615,130.915094325733,58.81953173895249,12.0,456.1893142353645,387.2679922961856
2281,Shanghai SouthCh - Nagoya,SEA,PILOT_TO_PILOT,4,2281,205,5,6,BtwSaki,ToiMisaki,30.961741505250433,130.9184316533327,58.81953173895249,12.0,456.38942025194825,387.06788627960185
2282,Shanghai SouthCh - Nagoya,SEA,PILOT_TO_PILOT,4,2282,206,5,6,BtwSaki,ToiMisaki,30.96344960296489,130.9217691003186,58.81953173895249,12.0,456.58952626853204,386.86778026301806
2283,Shanghai SouthCh - Nagoya,SEA,PILOT_TO_PILOT,4,2283,207,5,6,BtwSaki,ToiMisaki,30.965157614910108,130.92510666669713,58.81953173895249,12.0,456.78963228511583,386.6676742464343
2284,Shanghai SouthCh - Nagoya,SEA,PILOT_TO_PILOT,4,2284,208,5,6,BtwSaki,ToiMisaki,30.966865541077244,130.9284443524745,58.81953173895249,12.0,456.9897383016996,386.4675682298505
2285,Shanghai SouthCh - Nagoya,SEA,PILOT_TO_PILOT,4,2285,209,5,6,BtwSaki,ToiMisaki,30.96857338145741,130.93178215765715,58.81953173895249,12.0,457.18984431828335,386.26746221326675
2286,Shanghai SouthCh - Nagoya,SEA,PILOT_TO_PILOT,4,2286,210,5,6,BtwSaki,ToiMisaki,30.970281136041756,130.93512008225136,58.81953173895249,12.0,457.38995033486714,386.06735619668297
2287,Shanghai SouthCh - Nagoya,SEA,PILOT_TO_PILOT,4,2287,211,5,6,BtwSaki,ToiMisaki,30.97198880482141,130.93845812626355,58.81953173895249,12.0,457.5900563514509,385.8672501800992
2288,Shanghai SouthCh - Nagoya,SEA,PILOT_TO_PILOT,4,2288,212,5,6,BtwSaki,ToiMisaki,30.973696387787506,130.9417962897,58.81953173895249,12.0,457.79016236803466,385.66714416351545
2289,Shanghai SouthCh - Nagoya,SEA,PILOT_TO_PILOT,4,2289,213,5,6,BtwSaki,ToiMisaki,30.97540388493118,130.94513457256704,58.81953173895249,12.0,457.99026838461845,385.46703814693166
2290,Shanghai SouthCh - Nagoya,SEA,PILOT_TO_PILOT,4,2290,214,5,6,BtwSaki,ToiMisaki,30.977111296243564,130.948472974871,58.81953173895249,12.0,458.19037440120223,385.26693213034787
2291,Shanghai SouthCh - Nagoya,SEA,PILOT_TO_PILOT,4,2291,215,5,6,BtwSaki,ToiMisaki,30.978818621715792,130.9518114966183,58.81953173895249,12.0,458.39048041778597,385.06682611376414
2292,Shanghai SouthCh - Nagoya,SEA,PILOT_TO_PILOT,4,2292,216,5,6,BtwSaki,ToiMisaki,30.980525861338986,130.95515013781517,58.81953173895249,12.0,458.59058643436975,384.86672009718035
2293,Shanghai SouthCh - Nagoya,SEA,PILOT_TO_PILOT,4,2293,217,5,6,BtwSaki,ToiMisaki,30.98223301510429,130.958488898468,58.81953173895249,12.0,458.79069245095354,384.66661408059656
2294,Shanghai SouthCh - Nagoya,SEA,PILOT_TO_PILOT,4,2294,218,5,6,BtwSaki,ToiMisaki,30.983940083002835,130.96182777858306,58.81953173895249,12.0,458.9907984675373,384.4665080640128
2295,Shanghai SouthCh - Nagoya,SEA,PILOT_TO_PILOT,4,2295,219,5,6,BtwSaki,ToiMisaki,30.98564706502575,130.96516677816678,58.81953173895249,12.0,459.19090448412106,384.26640204742904
2296,Shanghai SouthCh - Nagoya,SEA,PILOT_TO_PILOT,4,2296,220,5,6,BtwSaki,ToiMisaki,30.987353961164157,130.9685058972254,58.81953173895249,12.0,459.39101050070485,384.06629603084525
2297,Shanghai SouthCh - Nagoya,SEA,PILOT_TO_PILOT,4,2297,221,5,6,BtwSaki,ToiMisaki,30.989060771409193,130.9718451357653,58.81953173895249,12.0,459.5911165172886,383.8661900142615
2298,Shanghai SouthCh - Nagoya,SEA,PILOT_TO_PILOT,4,2298,222,5,6,BtwSaki,ToiMisaki,30.99076749575198,130.97518449379277,58.81953173895249,12.0,459.79122253387237,383.66608399767773
2299,Shanghai SouthCh - Nagoya,SEA,PILOT_TO_PILOT,4,2299,223,5,6,BtwSaki,ToiMisaki,30.992474134183656,130.97852397131416,58.81953173895249,12.0,459.99132855045616,383.46597798109394
2300,Shanghai SouthCh - Nagoya,SEA,PILOT_TO_PILOT,4,2300,224,5,6,BtwSaki,ToiMisaki,30.994180686695337,130.9818635683358,58.81953173895249,12.0,460.1914345670399,383.2658719645102
2301,Shanghai SouthCh - Nagoya,SEA,PILOT_TO_PILOT,4,2301,225,5,6,BtwSaki,ToiMisaki,30.995887153278172,130.98520328486399,58.81953173895249,12.0,460.3915405836237,383.0657659479264
2302,Shanghai SouthCh - Nagoya,SEA,PILOT_TO_PILOT,4,2302,226,5,6,BtwSaki,ToiMisaki,30.99759353392326,130.98854312090506,58.81953173895249,12.0,460.59164660020747,382.86565993134263
2303,Shanghai SouthCh - Nagoya,SEA,PILOT_TO_PILOT,4,2303,227,5,6,BtwSaki,ToiMisaki,30.99929982862175,130.99188307646534,58.81953173895249,12.0,460.7917526167912,382.6655539147589
2304,Shanghai SouthCh - Nagoya,SEA,PILOT_TO_PILOT,4,2304,228,5,6,BtwSaki,ToiMisaki,31.001006037364757,130.9952231515511,58.81953173895249,12.0,460.991858633375,382.4654478981751
2305,Shanghai SouthCh - Nagoya,SEA,PILOT_TO_PILOT,4,2305,229,5,6,BtwSaki,ToiMisaki,31.002712160143407,130.99856334616874,58.81953173895249,12.0,461.1919646499588,382.2653418815913
2306,Shanghai SouthCh - Nagoya,SEA,PILOT_TO_PILOT,4,2306,230,5,6,BtwSaki,ToiMisaki,31.004418196948833,131.0019036603245,58.81953173895249,12.0,461.3920706665425,382.0652358650076
2307,Shanghai SouthCh - Nagoya,SEA,PILOT_TO_PILOT,4,2307,231,5,6,BtwSaki,ToiMisaki,31.006124147772148,131.00524409402476,58.81953173895249,12.0,461.5921766831263,381.8651298484238
2308,Shanghai SouthCh - Nagoya,SEA,PILOT_TO_PILOT,4,2308,232,5,6,BtwSaki,ToiMisaki,31.00783001260448,131.00858464727582,58.81953173895249,12.0,461.7922826997101,381.66502383184
2309,Shanghai SouthCh - Nagoya,SEA,PILOT_TO_PILOT,4,2309,233,5,6,BtwSaki,ToiMisaki,31.009535791436953,131.01192532008395,58.81953173895249,12.0,461.9923887162938,381.4649178152563
2310,Shanghai SouthCh - Nagoya,SEA,PILOT_TO_PILOT,4,2310,234,5,6,BtwSaki,ToiMisaki,31.011241484260697,131.01526611245552,58.81953173895249,12.0,462.1924947328776,381.2648117986725
2311,Shanghai SouthCh - Nagoya,SEA,PILOT_TO_PILOT,4,2311,235,5,6,BtwSaki,ToiMisaki,31.012947091066824,131.0186070243968,58.81953173895249,12.0,462.3926007494614,381.0647057820887
2312,Shanghai SouthCh - Nagoya,SEA,PILOT_TO_PILOT,4,2312,236,5,6,BtwSaki,ToiMisaki,31.01465261184646,131.0219480559141,58.81953173895249,12.0,462.5927067660451,380.864599765505
2313,Shanghai SouthCh - Nagoya,SEA,PILOT_TO_PILOT,4,2313,237,5,6,BtwSaki,ToiMisaki,31.016358046590735,131.02528920701374,58.81953173895249,12.0,462.7928127826289,380.6644937489212
2314,Shanghai SouthCh - Nagoya,SEA,PILOT_TO_PILOT,4,2314,238,5,6,BtwSaki,ToiMisaki,31.01806339529076,131.02863047770205,58.81953173895249,12.0,462.9929187992127,380.4643877323374
2315,Shanghai SouthCh - Nagoya,SEA,PILOT_TO_PILOT,4,2315,239,5,6,BtwSaki,ToiMisaki,31.019768657937643,131.03197186798528,58.81953173895249,12.0,463.19302481579643,380.26428171575367
2316,Shanghai SouthCh - Nagoya,SEA,PILOT_TO_PILOT,4,2316,240,5,6,BtwSaki,ToiMisaki,31.02147383452254,131.0353133778698,58.81953173895249,12.0,463.3931308323802,380.0641756991699
2317,Shanghai SouthCh - Nagoya,SEA,PILOT_TO_PILOT,4,2317,241,5,6,BtwSaki,ToiMisaki,31.02317892503654,131.03865500736188,58.81953173895249,12.0,463.593236848964,379.8640696825861
2318,Shanghai SouthCh - Nagoya,SEA,PILOT_TO_PILOT,4,2318,242,5,6,BtwSaki,ToiMisaki,31.02488392947078,131.04199675646782,58.81953173895249,12.0,463.79334286554774,379.66396366600236
2319,Shanghai SouthCh - Nagoya,SEA,PILOT_TO_PILOT,4,2319,243,5,6,BtwSaki,ToiMisaki,31.026588847816363,131.04533862519395,58.81953173895249,12.0,463.99344888213153,379.46385764941857
2320,Shanghai SouthCh - Nagoya,SEA,PILOT_TO_PILOT,4,2320,244,5,6,BtwSaki,ToiMisaki,31.02829368006441,131.04868061354654,58.81953173895249,12.0,464.1935548987153,379.2637516328348
2321,Shanghai SouthCh - Nagoya,SEA,PILOT_TO_PILOT,4,2321,245,5,6,BtwSaki,ToiMisaki,31.029998426206053,131.05202272153187,58.81953173895249,12.0,464.39366091529905,379.06364561625105
2322,Shanghai SouthCh - Nagoya,SEA,PILOT_TO_PILOT,4,2322,246,5,6,BtwSaki,ToiMisaki,31.0317030862324,131.05536494915629,58.81953173895249,12.0,464.59376693188284,378.86353959966726
2323,Shanghai SouthCh - Nagoya,SEA,PILOT_TO_PILOT,4,2323,247,5,6,BtwSaki,ToiMisaki,31.033407660134564,131.0587072964261,58.81953173895249,12.0,464.7938729484666,378.6634335830835
2324,Shanghai SouthCh - Nagoya,SEA,PILOT_TO_PILOT,4,2324,248,5,6,BtwSaki,ToiMisaki,31.035112147903668,131.06204976334752,58.81953173895249,12.0,464.99397896505036,378.46332756649974
2325,Shanghai SouthCh - Nagoya,SEA,PILOT_TO_PILOT,4,2325,249,5,6,BtwSaki,ToiMisaki,31.036816549530815,131.06539234992692,58.81953173895249,12.0,465.19408498163415,378.26322154991595
2326,Shanghai SouthCh - Nagoya,SEA,PILOT_TO_PILOT,4,2326,250,5,6,BtwSaki,ToiMisaki,31.03852086500714,131.06873505617057,58.81953173895249,12.0,465.39419099821794,378.06311553333217
2327,Shanghai SouthCh - Nagoya,SEA,PILOT_TO_PILOT,4,2327,251,5,6,BtwSaki,ToiMisaki,31.040225094323734,131.07207788208473,58.81953173895249,12.0,465.59429701480167,377.86300951674843
2328,Shanghai SouthCh - Nagoya,SEA,PILOT_TO_PILOT,4,2328,252,5,6,BtwSaki,ToiMisaki,31.04192923747173,131.07542082767577,58.81953173895249,12.0,465.79440303138546,377.66290350016465
2329,Shanghai SouthCh - Nagoya,SEA,PILOT_TO_PILOT,4,2329,253,5,6,BtwSaki,ToiMisaki,31.043633294442245,131.0787638929499,58.81953173895249,12.0,465.99450904796925,377.46279748358086
2330,Shanghai SouthCh - Nagoya,SEA,PILOT_TO_PILOT,4,2330,254,5,6,BtwSaki,ToiMisaki,31.045337265226372,131.08210707791343,58.81953173895249,12.0,466.194615064553,377.2626914669971
2331,Shanghai SouthCh - Nagoya,SEA,PILOT_TO_PILOT,4,2331,255,5,6,BtwSaki,ToiMisaki,31.047041149815247,131.08545038257267,58.81953173895249,12.0,466.39472108113677,377.06258545041334
2332,Shanghai SouthCh - Nagoya,SEA,PILOT_TO_PILOT,4,2332,256,5,6,BtwSaki,ToiMisaki,31.048744948199957,131.08879380693386,58.81953173895249,12.0,466.59482709772055,376.86247943382955
2333,Shanghai SouthCh - Nagoya,SEA,PILOT_TO_PILOT,4,2333,257,5,6,BtwSaki,ToiMisaki,31.050448660371632,131.09213735100334,58.81953173895249,12.0,466.7949331143043,376.6623734172458
2334,Shanghai SouthCh - Nagoya,SEA,PILOT_TO_PILOT,4,2334,258,5,6,BtwSaki,ToiMisaki,31.052152286321384,131.0954810147874,58.81953173895249,12.0,466.9950391308881,376.46226740066203
2335,Shanghai SouthCh - Nagoya,SEA,PILOT_TO_PILOT,4,2335,259,5,6,BtwSaki,ToiMisaki,31.05385582604031,131.09882479829224,58.81953173895249,12.0,467.19514514747186,376.26216138407824
2336,Shanghai SouthCh - Nagoya,SEA,PILOT_TO_PILOT,4,2336,260,5,6,BtwSaki,ToiMisaki,31.055559279519528,131.10216870152425,58.81953173895249,12.0,467.3952511640556,376.0620553674945
2337,Shanghai SouthCh - Nagoya,SEA,PILOT_TO_PILOT,4,2337,261,5,6,BtwSaki,ToiMisaki,31.05726264675015,131.1055127244896,58.81953173895249,12.0,467.5953571806394,375.8619493509107
2338,Shanghai SouthCh - Nagoya,SEA,PILOT_TO_PILOT,4,2338,262,5,6,BtwSaki,ToiMisaki,31.05896592772328,131.10885686719467,58.81953173895249,12.0,467.79546319722317,375.66184333432693
2339,Shanghai SouthCh - Nagoya,SEA,PILOT_TO_PILOT,4,2339,263,5,6,BtwSaki,ToiMisaki,31.060669122430035,131.11220112964565,58.81953173895249,12.0,467.9955692138069,375.4617373177432
2340,Shanghai SouthCh - Nagoya,SEA,PILOT_TO_PILOT,4,2340,264,5,6,BtwSaki,ToiMisaki,31.062372230861513,131.1155455118489,58.81953173895249,12.0,468.1956752303907,375.2616313011594
2341,Shanghai SouthCh - Nagoya,SEA,PILOT_TO_PILOT,4,2341,265,5,6,BtwSaki,ToiMisaki,31.064075253008834,131.11889001381064,58.81953173895249,12.0,468.3957812469745,375.0615252845756
2342,Shanghai SouthCh - Nagoya,SEA,PILOT_TO_PILOT,4,2342,266,5,6,BtwSaki,ToiMisaki,31.0657781888631,131.12223463553713,58.81953173895249,12.0,468.5958872635582,374.8614192679919
2343,Shanghai SouthCh - Nagoya,SEA,PILOT_TO_PILOT,4,2343,267,5,6,BtwSaki,ToiMisaki,31.067481038415423,131.12557937703468,58.81953173895249,12.0,468.795993280142,374.6613132514081
2344,Shanghai SouthCh - Nagoya,SEA,PILOT_TO_PILOT,4,2344,268,5,6,BtwSaki,ToiMisaki,31.069183801656877,131.12892423830957,58.81953173895249,12.0,468.9960992967258,374.4612072348243
2345,Shanghai SouthCh - Nagoya,SEA,PILOT_TO_PILOT,4,2345,269,5,6,BtwSaki,ToiMisaki,31.070886478578615,131.13226921936806,58.81953173895249,12.0,469.1962053133095,374.2611012182406
2346,Shanghai SouthCh - Nagoya,SEA,PILOT_TO_PILOT,4,2346,270,5,6,BtwSaki,ToiMisaki,31.072589069171716,131.13561432021638,58.81953173895249,12.0,469.3963113298933,374.0609952016568
2347,Shanghai SouthCh - Nagoya,SEA,PILOT_TO_PILOT,4,2347,271,5,6,BtwSaki,ToiMisaki,31.07429157342728,131.13895954086087,58.81953173895249,12.0,469.5964173464771,373.860889185073
2348,Shanghai SouthCh - Nagoya,SEA,PILOT_TO_PILOT,4,2348,272,5,6,BtwSaki,ToiMisaki,31.075993991336436,131.14230488130772,58.81953173895249,12.0,469.7965233630608,373.6607831684893
2349,Shanghai SouthCh - Nagoya,SEA,PILOT_TO_PILOT,4,2349,273,5,6,BtwSaki,ToiMisaki,31.07769632289027,131.14565034156323,58.81953173895249,12.0,469.9966293796446,373.4606771519055
2350,Shanghai SouthCh - Nagoya,SEA,PILOT_TO_PILOT,4,2350,274,5,6,BtwSaki,ToiMisaki,31.07939856807988,131.1489959216337,58.81953173895249,12.0,470.1967353962284,373.2605711353217
2351,Shanghai SouthCh - Nagoya,SEA,PILOT_TO_PILOT,4,2351,275,5,6,BtwSaki,ToiMisaki,31.081100726896388,131.15234162152535,58.81953173895249,12.0,470.39684141281214,373.06046511873797
2352,Shanghai SouthCh - Nagoya,SEA,PILOT_TO_PILOT,4,2352,276,5,6,BtwSaki,ToiMisaki,31.08280279933088,131.15568744124445,58.81953173895249,12.0,470.5969474293959,372.8603591021542
2353,Shanghai SouthCh - Nagoya,SEA,PILOT_TO_PILOT,4,2353,277,5,6,BtwSaki,ToiMisaki,31.08450478537446,131.15903338079727,58.81953173895249,12.0,470.7970534459797,372.6602530855704
2354,Shanghai SouthCh - Nagoya,SEA,PILOT_TO_PILOT,4,2354,278,5,6,BtwSaki,ToiMisaki,31.086206685018247,131.16237944019008,58.81953173895249,12.0,470.99715946256345,372.46014706898666
2355,Shanghai SouthCh - Nagoya,SEA,PILOT_TO_PILOT,4,2355,279,5,6,BtwSaki,ToiMisaki,31.087908498253316,131.1657256194291,58.81953173895249,12.0,471.19726547914723,372.26004105240287
2356,Shanghai SouthCh - Nagoya,SEA,PILOT_TO_PILOT,4,2356,280,5,6,BtwSaki,ToiMisaki,31.089610225070786,131.16907191852064,58.81953173895249,12.0,471.397371495731,372.0599350358191
2357,Shanghai SouthCh - Nagoya,SEA,PILOT_TO_PILOT,4,2357,281,5,6,BtwSaki,ToiMisaki,31.091311865461744,131.1724183374709,58.81953173895249,12.0,471.59747751231475,371.85982901923535
2358,Shanghai SouthCh - Nagoya,SEA,PILOT_TO_PILOT,4,2358,282,5,6,BtwSaki,ToiMisaki,31.093013419417296,131.17576487628617,58.81953173895249,12.0,471.79758352889854,371.65972300265156
2359,Shanghai SouthCh - Nagoya,SEA,PILOT_TO_PILOT,4,2359,283,5,6,BtwSaki,ToiMisaki,31.094714886928543,131.17911153497272,58.81953173895249,12.0,471.99768954548233,371.4596169860678
2360,Shanghai SouthCh - Nagoya,SEA,PILOT_TO_PILOT,4,2360,284,5,6,BtwSaki,ToiMisaki,31.096416267986587,131.18245831353676,58.81953173895249,12.0,472.19779556206606,371.25951096948404
2361,Shanghai SouthCh - Nagoya,SEA,PILOT_TO_PILOT,4,2361,285,5,6,BtwSaki,ToiMisaki,31.098117562582512,131.18580521198453,58.81953173895249,12.0,472.39790157864985,371.05940495290025
2362,Shanghai SouthCh - Nagoya,SEA,PILOT_TO_PILOT,4,2362,286,5,6,BtwSaki,ToiMisaki,31.099818770707436,131.18915223032235,58.81953173895249,12.0,472.59800759523364,370.85929893631646
2363,Shanghai SouthCh - Nagoya,SEA,PILOT_TO_PILOT,4,2363,287,5,6,BtwSaki,ToiMisaki,31.10151989235243,131.19249936855644,58.81953173895249,12.0,472.79811361181737,370.65919291973273
2364,Shanghai SouthCh - Nagoya,SEA,PILOT_TO_PILOT,4,2364,288,5,6,BtwSaki,ToiMisaki,31.103220927508605,131.195846626693,58.81953173895249,12.0,472.99821962840116,370.45908690314894
2365,Shanghai SouthCh - Nagoya,SEA,PILOT_TO_PILOT,4,2365,289,5,6,BtwSaki,ToiMisaki,31.104921876167072,131.19919400473833,58.81953173895249,12.0,473.19832564498495,370.25898088656515
2366,Shanghai SouthCh - Nagoya,SEA,PILOT_TO_PILOT,4,2366,290,5,6,BtwSaki,ToiMisaki,31.1066227383189,131.20254150269866,58.81953173895249,12.0,473.3984316615687,370.0588748699814
2367,Shanghai SouthCh - Nagoya,SEA,PILOT_TO_PILOT,4,2367,291,5,6,BtwSaki,ToiMisaki,31.108323513955195,131.20588912058025,58.81953173895249,12.0,473.59853767815247,369.85876885339763
2368,Shanghai SouthCh - Nagoya,SEA,PILOT_TO_PILOT,4,2368,292,5,6,BtwSaki,ToiMisaki,31.11002420306706,131.20923685838932,58.81953173895249,12.0,473.79864369473626,369.65866283681385
2369,Shanghai SouthCh - Nagoya,SEA,PILOT_TO_PILOT,4,2369,293,5,6,BtwSaki,ToiMisaki,31.111724805645565,131.2125847161321,58.81953173895249,12.0,473.99874971132,369.4585568202301
2370,Shanghai SouthCh - Nagoya,SEA,PILOT_TO_PILOT,4,2370,294,5,6,BtwSaki,ToiMisaki,31.113425321681838,131.21593269381486,58.81953173895249,12.0,474.1988557279038,369.2584508036463
2371,Shanghai SouthCh - Nagoya,SEA,PILOT_TO_PILOT,4,2371,295,5,6,BtwSaki,ToiMisaki,31.11512575116695,131.21928079144385,58.81953173895249,12.0,474.39896174448756,369.05834478706254
2372,Shanghai SouthCh - Nagoya,SEA,PILOT_TO_PILOT,4,2372,296,5,6,BtwSaki,ToiMisaki,31.116826094091984,131.22262900902527,58.81953173895249,12.0,474.5990677610713,368.8582387704788
2373,Shanghai SouthCh - Nagoya,SEA,PILOT_TO_PILOT,4,2373,297,5,6,BtwSaki,ToiMisaki,31.11852635044806,131.22597734656537,58.81953173895249,12.0,474.7991737776551,368.658132753895
2374,Shanghai SouthCh - Nagoya,SEA,PILOT_TO_PILOT,4,2374,298,5,6,BtwSaki,ToiMisaki,31.120226520226243,131.22932580407038,58.81953173895249,12.0,474.9992797942389,368.45802673731123
2375,Shanghai SouthCh - Nagoya,SEA,PILOT_TO_PILOT,4,2375,299,5,6,BtwSaki,ToiMisaki,31.121926603417652,131.2326743815466,58.81953173895249,12.0,475.1993858108226,368.2579207207275
2376,Shanghai SouthCh - Nagoya,SEA,PILOT_TO_PILOT,4,2376,300,5,6,BtwSaki,ToiMisaki,31.123626600013342,131.23602307900015,58.81953173895249,12.0,475.3994918274064,368.0578147041437
2377,Shanghai SouthCh - Nagoya,SEA,PILOT_TO_PILOT,4,2377,301,5,6,BtwSaki,ToiMisaki,31.125326510004438,131.23937189643735,58.81953173895249,12.0,475.5995978439902,367.8577086875599
2378,Shanghai SouthCh - Nagoya,SEA,PILOT_TO_PILOT,4,2378,302,5,6,BtwSaki,ToiMisaki,31.12702633338201,131.24272083386438,58.81953173895249,12.0,475.7997038605739,367.6576026709762
2379,Shanghai SouthCh - Nagoya,SEA,PILOT_TO_PILOT,4,2379,303,5,6,BtwSaki,ToiMisaki,31.12872607013715,131.2460698912875,58.81953173895249,12.0,475.9998098771577,367.4574966543924
2380,Shanghai SouthCh - Nagoya,SEA,PILOT_TO_PILOT,4,2380,304,5,6,BtwSaki,ToiMisaki,31.13042572026095,131.24941906871294,58.81953173895249,12.0,476.1999158937415,367.2573906378086
2381,Shanghai SouthCh - Nagoya,SEA,PILOT_TO_PILOT,4,2381,305,5,6,BtwSaki,ToiMisaki,31.1321252837445,131.2527683661469,58.81953173895249,12.0,476.4000219103252,367.0572846212249
2382,Shanghai SouthCh - Nagoya,SEA,PILOT_TO_PILOT,4,2382,306,5,6,BtwSaki,ToiMisaki,31.133824760578875,131.25611778359564,58.81953173895249,12.0,476.600127926909,366.8571786046411
2383,Shanghai SouthCh - Nagoya,SEA,PILOT_TO_PILOT,4,2383,307,5,6,BtwSaki,ToiMisaki,31.135524150755177,131.25946732106536,58.81953173895249,12.0,476.8002339434928,366.6570725880573
2384,Shanghai SouthCh - Nagoya,SEA,PILOT_TO_PILOT,4,2384,308,5,6,BtwSaki,ToiMisaki,31.137223454264493,131.26281697856228,58.81953173895249,12.0,477.00033996007653,366.4569665714736
2385,Shanghai SouthCh - Nagoya,SEA,PILOT_TO_PILOT,4,2385,309,5,6,BtwSaki,ToiMisaki,31.138922671097895,131.26616675609267,58.81953173895249,12.0,477.2004459766603,366.2568605548898
2386,Shanghai SouthCh - Nagoya,SEA,PILOT_TO_PILOT,4,2386,310,5,6,BtwSaki,ToiMisaki,31.14062180124648,131.2695166536627,58.81953173895249,12.0,477.4005519932441,366.056754538306
2387,Shanghai SouthCh - Nagoya,SEA,PILOT_TO_PILOT,4,2387,311,5,6,BtwSaki,ToiMisaki,31.142320844701334,131.2728666712786,58.81953173895249,12.0,477.60065800982784,365.85664852172226
2388,Shanghai SouthCh - Nagoya,SEA,PILOT_TO_PILOT,4,2388,312,5,6,BtwSaki,ToiMisaki,31.14401980145353,131.27621680894657,58.81953173895249,12.0,477.8007640264116,365.6565425051385
2389,Shanghai SouthCh - Nagoya,SEA,PILOT_TO_PILOT,4,2389,313,5,6,BtwSaki,ToiMisaki,31.145718671494173,131.27956706667288,58.81953173895249,12.0,478.0008700429954,365.4564364885547
2390,Shanghai SouthCh - Nagoya,SEA,PILOT_TO_PILOT,4,2390,314,5,6,BtwSaki,ToiMisaki,31.14741745481433,131.28291744446372,58.81953173895249,12.0,478.20097605957915,365.25633047197095
2391,Shanghai SouthCh - Nagoya,SEA,PILOT_TO_PILOT,4,2391,315,5,6,BtwSaki,ToiMisaki,31.14911615140509,131.2862679423253,58.81953173895249,12.0,478.40108207616294,365.05622445538717
2392,Shanghai SouthCh - Nagoya,SEA,PILOT_TO_PILOT,4,2392,316,5,6,BtwSaki,ToiMisaki,31.15081476125753,131.28961856026385,58.81953173895249,12.0,478.6011880927467,364.8561184388034
2393,Shanghai SouthCh - Nagoya,SEA,PILOT_TO_PILOT,4,2393,317,5,6,BtwSaki,ToiMisaki,31.152513284362737,131.29296929828556,58.81953173895249,12.0,478.80129410933046,364.65601242221965
2394,Shanghai SouthCh - Nagoya,SEA,PILOT_TO_PILOT,4,2394,318,5,6,BtwSaki,ToiMisaki,31.154211720711796,131.29632015639666,58.81953173895249,12.0,479.00140012591424,364.45590640563586
2395,Shanghai SouthCh - Nagoya,SEA,PILOT_TO_PILOT,4,2395,319,5,6,BtwSaki,ToiMisaki,31.155910070295786,131.29967113460333,58.81953173895249,12.0,479.20150614249803,364.25580038905207
2396,Shanghai SouthCh - Nagoya,SEA,PILOT_TO_PILOT,4,2396,320,5,6,BtwSaki,ToiMisaki,31.157608333105784,131.30302223291184,58.81953173895249,12.0,479.40161215908176,364.05569437246834
2397,Shanghai SouthCh - Nagoya,SEA,PILOT_TO_PILOT,4,2397,321,5,6,BtwSaki,ToiMisaki,31.159306509132875,131.30637345132834,58.81953173895249,12.0,479.60171817566555,363.85558835588455
2398,Shanghai SouthCh - Nagoya,SEA,PILOT_TO_PILOT,4,2398,322,5,6,BtwSaki,ToiMisaki,31.161004598368148,131.30972478985905,58.81953173895249,12.0,479.80182419224934,363.65548233930076
2399,Shanghai SouthCh - Nagoya,SEA,PILOT_TO_PILOT,4,2399,323,5,6,BtwSaki,ToiMisaki,31.162702600802657,131.31307624851019,58.81953173895249,12.0,480.0019302088331,363.45537632271703
2400,Shanghai SouthCh - Nagoya,SEA,PILOT_TO_PILOT,4,2400,324,5,6,BtwSaki,ToiMisaki,31.1644005164275,131.31642782728795,58.81953173895249,12.0,480.20203622541686,363.25527030613324
2401,Shanghai SouthCh - Nagoya,SEA,PILOT_TO_PILOT,4,2401,325,5,6,BtwSaki,ToiMisaki,31.166098345233745,131.31977952619854,58.81953173895249,12.0,480.40214224200065,363.05516428954945
2402,Shanghai SouthCh - Nagoya,SEA,PILOT_TO_PILOT,4,2402,326,5,6,BtwSaki,ToiMisaki,31.167796087212484,131.32313134524816,58.81953173895249,12.0,480.6022482585844,362.8550582729657
2403,Shanghai SouthCh - Nagoya,SEA,PILOT_TO_PILOT,4,2403,327,5,6,BtwSaki,ToiMisaki,31.169493742354785,131.32648328444301,58.81953173895249,12.0,480.80235427516817,362.65495225638193
2404,Shanghai SouthCh - Nagoya,SEA,PILOT_TO_PILOT,4,2404,328,5,6,BtwSaki,ToiMisaki,31.171191310651725,131.3298353437893,58.81953173895249,12.0,481.00246029175196,362.45484623979814
2405,Shanghai SouthCh - Nagoya,SEA,PILOT_TO_PILOT,4,2405,329,5,6,BtwSaki,ToiMisaki,31.172888792094387,131.33318752329322,58.81953173895249,12.0,481.2025663083357,362.2547402232144
2406,Shanghai SouthCh - Nagoya,SEA,PILOT_TO_PILOT,4,2406,330,5,6,BtwSaki,ToiMisaki,31.17458618667384,131.33653982296096,58.81953173895249,12.0,481.4026723249195,362.0546342066306
2407,Shanghai SouthCh - Nagoya,SEA,PILOT_TO_PILOT,4,2407,331,5,6,BtwSaki,ToiMisaki,31.176283494381156,131.33989224279873,58.81953173895249,12.0,481.60277834150327,361.85452819004684
2408,Shanghai SouthCh - Nagoya,SEA,PILOT_TO_PILOT,4,2408,332,5,6,BtwSaki,ToiMisaki,31.177980715207422,131.34324478281275,58.81953173895249,12.0,481.802884358087,361.6544221734631
2409,Shanghai SouthCh - Nagoya,SEA,PILOT_TO_PILOT,4,2409,333,5,6,BtwSaki,ToiMisaki,31.1796778491437,131.34659744300913,58.81953173895249,12.0,482.0029903746708,361.4543161568793
2410,Shanghai SouthCh - Nagoya,SEA,PILOT_TO_PILOT,4,2410,334,5,6,BtwSaki,ToiMisaki,31.181374896181076,131.34995022339413,58.81953173895249,12.0,482.2030963912546,361.2542101402955
2411,Shanghai SouthCh - Nagoya,SEA,PILOT_TO_PILOT,4,2411,335,5,6,BtwSaki,ToiMisaki,31.183071856310615,131.35330312397392,58.81953173895249,12.0,482.4032024078383,361.0541041237118
2412,Shanghai SouthCh - Nagoya,SEA,PILOT_TO_PILOT,4,2412,336,5,6,BtwSaki,ToiMisaki,31.184768729523395,131.3566561447547,58.81953173895249,12.0,482.6033084244221,360.853998107128
2413,Shanghai SouthCh - Nagoya,SEA,PILOT_TO_PILOT,4,2413,337,5,6,BtwSaki,ToiMisaki,31.186465515810493,131.36000928574265,58.81953173895249,12.0,482.8034144410059,360.6538920905442
2414,Shanghai SouthCh - Nagoya,SEA,PILOT_TO_PILOT,4,2414,338,5,6,BtwSaki,ToiMisaki,31.188162215162958,131.36336254694396,58.81953173895249,12.0,483.0035204575896,360.4537860739605
2415,Shanghai SouthCh - Nagoya,SEA,PILOT_TO_PILOT,4,2415,339,5,6,BtwSaki,ToiMisaki,31.189858827571886,131.3667159283648,58.81953173895249,12.0,483.2036264741734,360.2536800573767
2416,Shanghai SouthCh - Nagoya,SEA,PILOT_TO_PILOT,4,2416,340,5,6,BtwSaki,ToiMisaki,31.191555353028335,131.3700694300114,58.81953173895249,12.0,483.4037324907572,360.0535740407929
2417,Shanghai SouthCh - Nagoya,SEA,PILOT_TO_PILOT,4,2417,341,5,6,BtwSaki,ToiMisaki,31.19325179152339,131.3734230518899,58.81953173895249,12.0,483.6038385073409,359.8534680242092
2418,Shanghai SouthCh - Nagoya,SEA,PILOT_TO_PILOT,4,2418,342,5,6,BtwSaki,ToiMisaki,31.19494814304811,131.3767767940065,58.81953173895249,12.0,483.8039445239247,359.6533620076254
2419,Shanghai SouthCh - Nagoya,SEA,PILOT_TO_PILOT,4,2419,343,5,6,BtwSaki,ToiMisaki,31.196644407593563,131.38013065636733,58.81953173895249,12.0,484.0040505405085,359.4532559910416
2420,Shanghai SouthCh - Nagoya,SEA,PILOT_TO_PILOT,4,2420,344,5,6,BtwSaki,ToiMisaki,31.198340585150824,131.38348463897864,58.81953173895249,12.0,484.20415655709223,359.25314997445787
2421,Shanghai SouthCh - Nagoya,SEA,PILOT_TO_PILOT,4,2421,345,5,6,BtwSaki,ToiMisaki,31.20003667571096,131.38683874184662,58.81953173895249,12.0,484.404262573676,359.0530439578741
2422,Shanghai SouthCh - Nagoya,SEA,PILOT_TO_PILOT,4,2422,346,5,6,BtwSaki,ToiMisaki,31.201732679265035,131.3901929649774,58.81953173895249,12.0,484.6043685902598,358.8529379412903
2423,Shanghai SouthCh - Nagoya,SEA,PILOT_TO_PILOT,4,2423,347,5,6,BtwSaki,ToiMisaki,31.20342859580412,131.39354730837715,58.81953173895249,12.0,484.8044746068436,358.6528319247065
2424,Shanghai SouthCh - Nagoya,SEA,PILOT_TO_PILOT,4,2424,348,5,6,BtwSaki,ToiMisaki,31.205124425319287,131.39690177205208,58.81953173895249,12.0,485.00458062342733,358.4527259081228
2425,Shanghai SouthCh - Nagoya,SEA,PILOT_TO_PILOT,4,2425,349,5,6,BtwSaki,ToiMisaki,31.206820167801595,131.40025635600833,58.81953173895249,12.0,485.2046866400111,358.252619891539
2426,Shanghai SouthCh - Nagoya,SEA,PILOT_TO_PILOT,4,2426,350,5,6,BtwSaki,ToiMisaki,31.208515823242113,131.4036110602521,58.81953173895249,12.0,485.4047926565949,358.0525138749552
2427,Shanghai SouthCh - Nagoya,SEA,PILOT_TO_PILOT,4,2427,351,5,6,BtwSaki,ToiMisaki,31.21021139163191,131.40696588478954,58.81953173895249,12.0,485.60489867317864,357.85240785837146
2428,Shanghai SouthCh - Nagoya,SEA,PILOT_TO_PILOT,4,2428,352,5,6,BtwSaki,ToiMisaki,31.21190687296204,131.41032082962687,58.81953173895249,12.0,485.8050046897624,357.6523018417877
2429,Shanghai SouthCh - Nagoya,SEA,PILOT_TO_PILOT,4,2429,353,5,6,BtwSaki,ToiMisaki,31.213602267223582,131.41367589477017,58.81953173895249,12.0,486.0051107063462,357.4521958252039
2430,Shanghai SouthCh - Nagoya,SEA,PILOT_TO_PILOT,4,2430,354,5,6,BtwSaki,ToiMisaki,31.2152975744076,131.41703108022568,58.81953173895249,12.0,486.20521672292995,357.25208980862016
2431,Shanghai SouthCh - Nagoya,SEA,PILOT_TO_PILOT,4,2431,355,5,6,BtwSaki,ToiMisaki,31.21699279450515,131.42038638599954,58.81953173895249,12.0,486.40532273951374,357.05198379203637
2432,Shanghai SouthCh - Nagoya,SEA,PILOT_TO_PILOT,4,2432,356,5,6,BtwSaki,ToiMisaki,31.21868792750729,131.42374181209792,58.81953173895249,12.0,486.6054287560975,356.8518777754526
2433,Shanghai SouthCh - Nagoya,SEA,PILOT_TO_PILOT,4,2433,357,5,6,BtwSaki,ToiMisaki,31.22038297340509,131.427097358527,58.81953173895249,12.0,486.80553477268126,356.65177175886885
2434,Shanghai SouthCh - Nagoya,SEA,PILOT_TO_PILOT,4,2434,358,5,6,BtwSaki,ToiMisaki,31.222077932189624,131.4304530252929,58.81953173895249,12.0,487.00564078926504,356.45166574228506
2435,Shanghai SouthCh - Nagoya,SEA,PILOT_TO_PILOT,4,2435,359,5,6,BtwSaki,ToiMisaki,31.223772803851936,131.43380881240182,58.81953173895249,12.0,487.20574680584883,356.25155972570127
2436,Shanghai SouthCh - Nagoya,SEA,PILOT_TO_PILOT,4,2436,360,5,6,BtwSaki,ToiMisaki,31.225467588383086,131.4371647198599,58.81953173895249,12.0,487.40585282243256,356.05145370911754
2437,Shanghai SouthCh - Nagoya,SEA,PILOT_TO_PILOT,4,2437,361,5,6,BtwSaki,ToiMisaki,31.22716228577416,131.4405207476733,58.81953173895249,12.0,487.60595883901635,355.85134769253375
2438,Shanghai SouthCh - Nagoya,SEA,PILOT_TO_PILOT,4,2438,362,5,6,BtwSaki,ToiMisaki,31.228856896016186,131.4438768958482,58.81953173895249,12.0,487.80606485560014,355.65124167594996
2439,Shanghai SouthCh - Nagoya,SEA,PILOT_TO_PILOT,4,2439,363,5,6,BtwSaki,ToiMisaki,31.230551419100255,131.44723316439075,58.81953173895249,12.0,488.0061708721839,355.45113565936623
2440,Shanghai SouthCh - Nagoya,SEA,PILOT_TO_PILOT,4,2440,364,5,6,BtwSaki,ToiMisaki,31.232245855017396,131.45058955330708,58.81953173895249,12.0,488.20627688876766,355.25102964278244
2441,Shanghai SouthCh - Nagoya,SEA,PILOT_TO_PILOT,4,2441,365,5,6,BtwSaki,ToiMisaki,31.233940203758685,131.45394606260336,58.81953173895249,12.0,488.40638290535145,355.05092362619865
2442,Shanghai SouthCh - Nagoya,SEA,PILOT_TO_PILOT,4,2442,366,5,6,BtwSaki,ToiMisaki,31.23563446531518,131.45730269228574,58.81953173895249,12.0,488.6064889219352,354.8508176096149
2443,Shanghai SouthCh - Nagoya,SEA,PILOT_TO_PILOT,4,2443,367,5,6,BtwSaki,ToiMisaki,31.237328639677944,131.46065944236037,58.81953173895249,12.0,488.80659493851897,354.65071159303113
2444,Shanghai SouthCh - Nagoya,SEA,PILOT_TO_PILOT,4,2444,368,5,6,BtwSaki,ToiMisaki,31.23902272683802,131.46401631283342,58.81953173895249,12.0,489.00670095510276,354.45060557644734
2445,Shanghai SouthCh - Nagoya,SEA,PILOT_TO_PILOT,4,2445,369,5,6,BtwSaki,ToiMisaki,31.240716726786474,131.467373303711,58.81953173895249,12.0,489.20680697168655,354.25049955986356
2446,Shanghai SouthCh - Nagoya,SEA,PILOT_TO_PILOT,4,2446,370,5,6,BtwSaki,ToiMisaki,31.242410639514357,131.4707304149993,58.81953173895249,12.0,489.4069129882703,354.0503935432798
2447,Shanghai SouthCh - Nagoya,SEA,PILOT_TO_PILOT,4,2447,371,5,6,BtwSaki,ToiMisaki,31.244104465012732,131.47408764670448,58.81953173895249,12.0,489.60701900485407,353.85028752669604
2448,Shanghai SouthCh - Nagoya,SEA,PILOT_TO_PILOT,4,2448,372,5,6,BtwSaki,ToiMisaki,31.245798203272656,131.4774449988326,58.81953173895249,12.0,489.80712502143786,353.65018151011225
2449,Shanghai SouthCh - Nagoya,SEA,PILOT_TO_PILOT,4,2449,373,5,6,BtwSaki,ToiMisaki,31.247491854285173,131.4808024713899,58.81953173895249,12.0,490.0072310380216,353.4500754935285
2450,Shanghai SouthCh - Nagoya,SEA,PILOT_TO_PILOT,4,2450,374,5,6,BtwSaki,ToiMisaki,31.24918541804135,131.48416006438245,58.81953173895249,12.0,490.2073370546054,353.2499694769447
2451,Shanghai SouthCh - Nagoya,SEA,PILOT_TO_PILOT,4,2451,375,5,6,BtwSaki,ToiMisaki,31.25087889453223,131.4875177778164,58.81953173895249,12.0,490.40744307118916,353.04986346036094
2452,Shanghai SouthCh - Nagoya,SEA,PILOT_TO_PILOT,4,2452,376,5,6,BtwSaki,ToiMisaki,31.25257228374887,131.49087561169796,58.81953173895249,12.0,490.6075490877729,352.8497574437772
2453,Shanghai SouthCh - Nagoya,SEA,PILOT_TO_PILOT,4,2453,377,5,6,BtwSaki,ToiMisaki,31.25426558568233,131.4942335660332,58.81953173895249,12.0,490.8076551043567,352.6496514271934
2454,Shanghai SouthCh - Nagoya,SEA,PILOT_TO_PILOT,4,2454,378,5,6,BtwSaki,ToiMisaki,31.25595880032366,131.4975916408283,58.81953173895249,12.0,491.0077611209405,352.44954541060963
2455,Shanghai SouthCh - Nagoya,SEA,PILOT_TO_PILOT,4,2455,379,5,6,BtwSaki,ToiMisaki,31.2576519276639,131.50094983608932,58.81953173895249,12.0,491.2078671375242,352.2494393940259
2456,Shanghai SouthCh - Nagoya,SEA,PILOT_TO_PILOT,4,2456,380,5,6,BtwSaki,ToiMisaki,31.259344967694123,131.5043081518225,58.81953173895249,12.0,491.407973154108,352.0493333774421
2457,Shanghai SouthCh - Nagoya,SEA,PILOT_TO_PILOT,4,2457,381,5,6,BtwSaki,ToiMisaki,31.261037920405357,131.5076665880339,58.81953173895249,12.0,491.6080791706918,351.8492273608583
2458,Shanghai SouthCh - Nagoya,SEA,PILOT_TO_PILOT,4,2458,382,5,6,BtwSaki,ToiMisaki,31.26273078578867,131.51102514472973,58.81953173895249,12.0,491.8081851872755,351.6491213442746
2459,Shanghai SouthCh - Nagoya,SEA,PILOT_TO_PILOT,4,2459,383,5,6,BtwSaki,ToiMisaki,31.264423563835106,131.51438382191606,58.81953173895249,12.0,492.0082912038593,351.4490153276908
2460,Shanghai SouthCh - Nagoya,SEA,PILOT_TO_PILOT,4,2460,384,5,6,BtwSaki,ToiMisaki,31.266116254535714,131.51774261959898,58.81953173895249,12.0,492.2083972204431,351.248909311107
2461,Shanghai SouthCh - Nagoya,SEA,PILOT_TO_PILOT,4,2461,385,5,6,BtwSaki,ToiMisaki,31.267808857881548,131.52110153778472,58.81953173895249,12.0,492.4085032370268,351.0488032945233
2462,Shanghai SouthCh - Nagoya,SEA,PILOT_TO_PILOT,4,2462,386,5,6,BtwSaki,ToiMisaki,31.26950137386365,131.52446057647933,58.81953173895249,12.0,492.6086092536106,350.8486972779395
2463,Shanghai SouthCh - Nagoya,SEA,PILOT_TO_PILOT,4,2463,387,5,6,BtwSaki,ToiMisaki,31.27119380247307,131.52781973568898,58.81953173895249,12.0,492.8087152701944,350.6485912613557
2464,Shanghai SouthCh - Nagoya,SEA,PILOT_TO_PILOT,4,2464,388,5,6,BtwSaki,ToiMisaki,31.27288614370086,131.53117901541978,58.81953173895249,12.0,493.00882128677813,350.448485244772
2465,Shanghai SouthCh - Nagoya,SEA,PILOT_TO_PILOT,4,2465,389,5,6,BtwSaki,ToiMisaki,31.274578397538058,131.53453841567784,58.81953173895249,12.0,493.2089273033619,350.2483792281882
2466,Shanghai SouthCh - Nagoya,SEA,PILOT_TO_PILOT,4,2466,390,5,6,BtwSaki,ToiMisaki,31.276270563975725,131.5378979364693,58.81953173895249,12.0,493.4090333199457,350.0482732116044
2467,Shanghai SouthCh - Nagoya,SEA,PILOT_TO_PILOT,4,2467,391,5,6,BtwSaki,ToiMisaki,31.27796264300489,131.5412575778003,58.81953173895249,12.0,493.60913933652944,349.84816719502066
2468,Shanghai SouthCh - Nagoya,SEA,PILOT_TO_PILOT,4,2468,392,5,6,BtwSaki,ToiMisaki,31.279654634616616,131.54461733967696,58.81953173895249,12.0,493.8092453531132,349.6480611784369
2469,Shanghai SouthCh - Nagoya,SEA,PILOT_TO_PILOT,4,2469,393,5,6,BtwSaki,ToiMisaki,31.28134653880194,131.54797722210535,58.81953173895249,12.0,494.009351369697,349.4479551618531
2470,Shanghai SouthCh - Nagoya,SEA,PILOT_TO_PILOT,4,2470,394,5,6,BtwSaki,ToiMisaki,31.283038355551895,131.55133722509163,58.81953173895249,12.0,494.20945738628075,349.24784914526936
2471,Shanghai SouthCh - Nagoya,SEA,PILOT_TO_PILOT,4,2471,395,5,6,BtwSaki,ToiMisaki,31.28473008485755,131.55469734864187,58.81953173895249,12.0,494.40956340286453,349.04774312868557
2472,Shanghai SouthCh - Nagoya,SEA,PILOT_TO_PILOT,4,2472,396,5,6,BtwSaki,ToiMisaki,31.286421726709943,131.55805759276225,58.81953173895249,12.0,494.6096694194483,348.8476371121018
2473,Shanghai SouthCh - Nagoya,SEA,PILOT_TO_PILOT,4,2473,397,5,6,BtwSaki,ToiMisaki,31.288113281100095,131.56141795745887,58.81953173895249,12.0,494.80977543603206,348.64753109551805
2474,Shanghai SouthCh - Nagoya,SEA,PILOT_TO_PILOT,4,2474,398,5,6,BtwSaki,ToiMisaki,31.28980474801908,131.5647784427378,58.81953173895249,12.0,495.00988145261584,348.44742507893426
2475,Shanghai SouthCh - Nagoya,SEA,PILOT_TO_PILOT,4,2475,399,5,6,BtwSaki,ToiMisaki,31.29149612745792,131.5681390486052,58.81953173895249,12.0,495.20998746919963,348.24731906235047
2476,Shanghai SouthCh - Nagoya,SEA,PILOT_TO_PILOT,4,2476,400,5,6,BtwSaki,ToiMisaki,31.293187419407655,131.57149977506717,58.81953173895249,12.0,495.41009348578336,348.04721304576674
2477,Shanghai SouthCh - Nagoya,SEA,PILOT_TO_PILOT,4,2477,401,5,6,BtwSaki,ToiMisaki,31.29487862385934,131.5748606221298,58.81953173895249,12.0,495.61019950236715,347.84710702918295
2478,Shanghai SouthCh - Nagoya,SEA,PILOT_TO_PILOT,4,2478,402,5,6,BtwSaki,ToiMisaki,31.29656974080401,131.57822158979917,58.81953173895249,12.0,495.81030551895094,347.64700101259916
2479,Shanghai SouthCh - Nagoya,SEA,PILOT_TO_PILOT,4,2479,403,5,6,BtwSaki,ToiMisaki,31.29826077023271,131.58158267808147,58.81953173895249,12.0,496.0104115355347,347.44689499601543
2480,Shanghai SouthCh - Nagoya,SEA,PILOT_TO_PILOT,4,2480,404,5,6,BtwSaki,ToiMisaki,31.299951712136462,131.58494388698276,58.81953173895249,12.0,496.21051755211846,347.24678897943164
2481,Shanghai SouthCh - Nagoya,SEA,PILOT_TO_PILOT,4,2481,405,5,6,BtwSaki,ToiMisaki,31.301642566506327,131.5883052165091,58.81953173895249,12.0,496.41062356870225,347.04668296284785
2482,Shanghai SouthCh - Nagoya,SEA,PILOT_TO_PILOT,5,2482,0,6,7,ToiMisaki,Tosa,31.30333333333334,131.5916666666667,48.89906075232415,12.0,496.610729585286,346.8465769462641
2483,Shanghai SouthCh - Nagoya,SEA,PILOT_TO_PILOT,5,2483,1,6,7,ToiMisaki,Tosa,31.305520849766417,131.5946015059771,48.89906075232415,12.0,496.8105226607056,346.6467838708445
2484,Shanghai SouthCh - Nagoya,SEA,PILOT_TO_PILOT,5,2484,2,6,7,ToiMisaki,Tosa,31.307708299457037,131.59753648157346,48.89906075232415,12.0,497.01031573612516,346.44699079542494
2485,Shanghai SouthCh - Nagoya,SEA,PILOT_TO_PILOT,5,2485,3,6,7,ToiMisaki,Tosa,31.309895682396355,131.60047159346965,48.89906075232415,12.0,497.2101088115448,346.2471977200053
2486,Shanghai SouthCh - Nagoya,SEA,PILOT_TO_PILOT,5,2486,4,6,7,ToiMisaki,Tosa,31.312082998575523,131.6034068416796,48.89906075232415,12.0,497.4099018869644,346.0474046445857
2487,Shanghai SouthCh - Nagoya,SEA,PILOT_TO_PILOT,5,2487,5,6,7,ToiMisaki,Tosa,31.314270247985704,131.60634222621724,48.89906075232415,12.0,497.609694962384,345.8476115691661
2488,Shanghai SouthCh - Nagoya,SEA,PILOT_TO_PILOT,5,2488,6,6,7,ToiMisaki,Tosa,31.31645743061807,131.60927774709634,48.89906075232415,12.0,497.8094880378036,345.6478184937465
2489,Shanghai SouthCh - Nagoya,SEA,PILOT_TO_PILOT,5,2489,7,6,7,ToiMisaki,Tosa,31.31864454646375,131.6122134043309,48.89906075232415,12.0,498.0092811132232,345.4480254183269
2490,Shanghai SouthCh - Nagoya,SEA,PILOT_TO_PILOT,5,2490,8,6,7,ToiMisaki,Tosa,31.320831595513926,131.61514919793473,48.89906075232415,12.0,498.20907418864283,345.2482323429073
2491,Shanghai SouthCh - Nagoya,SEA,PILOT_TO_PILOT,5,2491,9,6,7,ToiMisaki,Tosa,31.32301857775974,131.61808512792177,48.89906075232415,12.0,498.4088672640624,345.0484392674877
2492,Shanghai SouthCh - Nagoya,SEA,PILOT_TO_PILOT,5,2492,10,6,7,ToiMisaki,Tosa,31.32520549319235,131.62102119430594,48.89906075232415,12.0,498.608660339482,344.8486461920681
2493,Shanghai SouthCh - Nagoya,SEA,PILOT_TO_PILOT,5,2493,11,6,7,ToiMisaki,Tosa,31.327392341802906,131.6239573971011,48.89906075232415,12.0,498.80845341490163,344.64885311664847
2494,Shanghai SouthCh - Nagoya,SEA,PILOT_TO_PILOT,5,2494,12,6,7,ToiMisaki,Tosa,31.329579123582565,131.6268937363211,48.89906075232415,12.0,499.00824649032126,344.44906004122885
2495,Shanghai SouthCh - Nagoya,SEA,PILOT_TO_PILOT,5,2495,13,6,7,ToiMisaki,Tosa,31.33176583852247,131.62983021197988,48.89906075232415,12.0,499.2080395657408,344.2492669658093
2496,Shanghai SouthCh - Nagoya,SEA,PILOT_TO_PILOT,5,2496,14,6,7,ToiMisaki,Tosa,31.333952486613786,131.63276682409136,48.89906075232415,12.0,499.40783264116044,344.04947389038966
2497,Shanghai SouthCh - Nagoya,SEA,PILOT_TO_PILOT,5,2497,15,6,7,ToiMisaki,Tosa,31.336139067847647,131.63570357266943,48.89906075232415,12.0,499.60762571658006,343.84968081497004
2498,Shanghai SouthCh - Nagoya,SEA,PILOT_TO_PILOT,5,2498,16,6,7,ToiMisaki,Tosa,31.338325582215198,131.6386404577279,48.89906075232415,12.0,499.8074187919996,343.6498877395505
2499,Shanghai SouthCh - Nagoya,SEA,PILOT_TO_PILOT,5,2499,17,6,7,ToiMisaki,Tosa,31.3405120297076,131.64157747928073,48.89906075232415,12.0,500.00721186741924,343.45009466413086
2500,Shanghai SouthCh - Nagoya,SEA,PILOT_TO_PILOT,5,2500,18,6,7,ToiMisaki,Tosa,31.342698410315997,131.6445146373418,48.89906075232415,12.0,500.20700494283886,343.25030158871124
2501,Shanghai SouthCh - Nagoya,SEA,PILOT_TO_PILOT,5,2501,19,6,7,ToiMisaki,Tosa,31.344884724031534,131.64745193192505,48.89906075232415,12.0,500.4067980182585,343.0505085132916
2502,Shanghai SouthCh - Nagoya,SEA,PILOT_TO_PILOT,5,2502,20,6,7,ToiMisaki,Tosa,31.347070970845355,131.6503893630443,48.89906075232415,12.0,500.60659109367805,342.85071543787205
2503,Shanghai SouthCh - Nagoya,SEA,PILOT_TO_PILOT,5,2503,21,6,7,ToiMisaki,Tosa,31.349257150748603,131.6533269307135,48.89906075232415,12.0,500.80638416909767,342.65092236245243
2504,Shanghai SouthCh - Nagoya,SEA,PILOT_TO_PILOT,5,2504,22,6,7,ToiMisaki,Tosa,31.351443263732417,131.65626463494652,48.89906075232415,12.0,501.0061772445173,342.4511292870328
2505,Shanghai SouthCh - Nagoya,SEA,PILOT_TO_PILOT,5,2505,23,6,7,ToiMisaki,Tosa,31.353629309787937,131.6592024757573,48.89906075232415,12.0,501.20597031993685,342.25133621161325
2506,Shanghai SouthCh - Nagoya,SEA,PILOT_TO_PILOT,5,2506,24,6,7,ToiMisaki,Tosa,31.355815288906307,131.66214045315965,48.89906075232415,12.0,501.4057633953565,342.05154313619363
2507,Shanghai SouthCh - Nagoya,SEA,PILOT_TO_PILOT,5,2507,25,6,7,ToiMisaki,Tosa,31.35800120107868,131.66507856716754,48.89906075232415,12.0,501.6055564707761,341.851750060774
2508,Shanghai SouthCh - Nagoya,SEA,PILOT_TO_PILOT,5,2508,26,6,7,ToiMisaki,Tosa,31.360187046296176,131.66801681779486,48.89906075232415,12.0,501.8053495461957,341.6519569853544
2509,Shanghai SouthCh - Nagoya,SEA,PILOT_TO_PILOT,5,2509,27,6,7,ToiMisaki,Tosa,31.36237282454994,131.67095520505546,48.89906075232415,12.0,502.0051426216153,341.4521639099348
2510,Shanghai SouthCh - Nagoya,SEA,PILOT_TO_PILOT,5,2510,28,6,7,ToiMisaki,Tosa,31.36455853583111,131.6738937289633,48.89906075232415,12.0,502.2049356970349,341.2523708345152
2511,Shanghai SouthCh - Nagoya,SEA,PILOT_TO_PILOT,5,2511,29,6,7,ToiMisaki,Tosa,31.366744180130826,131.67683238953222,48.89906075232415,12.0,502.4047287724545,341.0525777590956
2512,Shanghai SouthCh - Nagoya,SEA,PILOT_TO_PILOT,5,2512,30,6,7,ToiMisaki,Tosa,31.368929757440213,131.67977118677612,48.89906075232415,12.0,502.6045218478741,340.852784683676
2513,Shanghai SouthCh - Nagoya,SEA,PILOT_TO_PILOT,5,2513,31,6,7,ToiMisaki,Tosa,31.37111526775041,131.68271012070898,48.89906075232415,12.0,502.8043149232937,340.6529916082564
2514,Shanghai SouthCh - Nagoya,SEA,PILOT_TO_PILOT,5,2514,32,6,7,ToiMisaki,Tosa,31.37330071105256,131.68564919134462,48.89906075232415,12.0,503.0041079987133,340.4531985328368
2515,Shanghai SouthCh - Nagoya,SEA,PILOT_TO_PILOT,5,2515,33,6,7,ToiMisaki,Tosa,31.375486087337773,131.68858839869694,48.89906075232415,12.0,503.20390107413294,340.25340545741716
2516,Shanghai SouthCh - Nagoya,SEA,PILOT_TO_PILOT,5,2516,34,6,7,ToiMisaki,Tosa,31.377671396597215,131.69152774277987,48.89906075232415,12.0,503.4036941495525,340.0536123819976
2517,Shanghai SouthCh - Nagoya,SEA,PILOT_TO_PILOT,5,2517,35,6,7,ToiMisaki,Tosa,31.379856638821977,131.6944672236073,48.89906075232415,12.0,503.6034872249721,339.853819306578
2518,Shanghai SouthCh - Nagoya,SEA,PILOT_TO_PILOT,5,2518,36,6,7,ToiMisaki,Tosa,31.382041814003212,131.69740684119316,48.89906075232415,12.0,503.80328030039175,339.65402623115835
2519,Shanghai SouthCh - Nagoya,SEA,PILOT_TO_PILOT,5,2519,37,6,7,ToiMisaki,Tosa,31.384226922132044,131.70034659555125,48.89906075232415,12.0,504.0030733758113,339.4542331557388
2520,Shanghai SouthCh - Nagoya,SEA,PILOT_TO_PILOT,5,2520,38,6,7,ToiMisaki,Tosa,31.3864119631996,131.7032864866956,48.89906075232415,12.0,504.20286645123093,339.25444008031917
2521,Shanghai SouthCh - Nagoya,SEA,PILOT_TO_PILOT,5,2521,39,6,7,ToiMisaki,Tosa,31.388596937197008,131.70622651464,48.89906075232415,12.0,504.40265952665055,339.05464700489955
2522,Shanghai SouthCh - Nagoya,SEA,PILOT_TO_PILOT,5,2522,40,6,7,ToiMisaki,Tosa,31.39078184411538,131.70916667939844,48.89906075232415,12.0,504.6024526020702,338.85485392947993
2523,Shanghai SouthCh - Nagoya,SEA,PILOT_TO_PILOT,5,2523,41,6,7,ToiMisaki,Tosa,31.392966683945865,131.71210698098474,48.89906075232415,12.0,504.80224567748974,338.65506085406037
2524,Shanghai SouthCh - Nagoya,SEA,PILOT_TO_PILOT,5,2524,42,6,7,ToiMisaki,Tosa,31.39515145667958,131.71504741941283,48.89906075232415,12.0,505.00203875290936,338.45526777864075
2525,Shanghai SouthCh - Nagoya,SEA,PILOT_TO_PILOT,5,2525,43,6,7,ToiMisaki,Tosa,31.39733616230763,131.71798799469664,48.89906075232415,12.0,505.201831828329,338.2554747032211
2526,Shanghai SouthCh - Nagoya,SEA,PILOT_TO_PILOT,5,2526,44,6,7,ToiMisaki,Tosa,31.39952080082116,131.72092870685006,48.89906075232415,12.0,505.40162490374854,338.05568162780156
2527,Shanghai SouthCh - Nagoya,SEA,PILOT_TO_PILOT,5,2527,45,6,7,ToiMisaki,Tosa,31.401705372211275,131.723869555887,48.89906075232415,12.0,505.60141797916816,337.85588855238194
2528,Shanghai SouthCh - Nagoya,SEA,PILOT_TO_PILOT,5,2528,46,6,7,ToiMisaki,Tosa,31.4038898764691,131.72681054182132,48.89906075232415,12.0,505.8012110545878,337.6560954769623
2529,Shanghai SouthCh - Nagoya,SEA,PILOT_TO_PILOT,5,2529,47,6,7,ToiMisaki,Tosa,31.406074313585762,131.72975166466696,48.89906075232415,12.0,506.0010041300074,337.4563024015427
2530,Shanghai SouthCh - Nagoya,SEA,PILOT_TO_PILOT,5,2530,48,6,7,ToiMisaki,Tosa,31.408258683552365,131.7326929244378,48.89906075232415,12.0,506.20079720542697,337.25650932612314
2531,Shanghai SouthCh - Nagoya,SEA,PILOT_TO_PILOT,5,2531,49,6,7,ToiMisaki,Tosa,31.410442986360035,131.73563432114776,48.89906075232415,12.0,506.4005902808466,337.0567162507035
2532,Shanghai SouthCh - Nagoya,SEA,PILOT_TO_PILOT,5,2532,50,6,7,ToiMisaki,Tosa,31.41262722199989,131.73857585481073,48.89906075232415,12.0,506.6003833562662,336.8569231752839
2533,Shanghai SouthCh - Nagoya,SEA,PILOT_TO_PILOT,5,2533,51,6,7,ToiMisaki,Tosa,31.414811390463036,131.74151752544063,48.89906075232415,12.0,506.80017643168577,336.65713009986433
2534,Shanghai SouthCh - Nagoya,SEA,PILOT_TO_PILOT,5,2534,52,6,7,ToiMisaki,Tosa,31.416995491740597,131.7444593330513,48.89906075232415,12.0,506.9999695071054,336.4573370244447
2535,Shanghai SouthCh - Nagoya,SEA,PILOT_TO_PILOT,5,2535,53,6,7,ToiMisaki,Tosa,31.419179525823687,131.74740127765676,48.89906075232415,12.0,507.199762582525,336.2575439490251
2536,Shanghai SouthCh - Nagoya,SEA,PILOT_TO_PILOT,5,2536,54,6,7,ToiMisaki,Tosa,31.421363492703403,131.75034335927086,48.89906075232415,12.0,507.39955565794463,336.05775087360547
2537,Shanghai SouthCh - Nagoya,SEA,PILOT_TO_PILOT,5,2537,55,6,7,ToiMisaki,Tosa,31.42354739237088,131.75328557790746,48.89906075232415,12.0,507.5993487333642,335.8579577981859
2538,Shanghai SouthCh - Nagoya,SEA,PILOT_TO_PILOT,5,2538,56,6,7,ToiMisaki,Tosa,31.42573122481721,131.75622793358053,48.89906075232415,12.0,507.7991418087838,335.6581647227663
2539,Shanghai SouthCh - Nagoya,SEA,PILOT_TO_PILOT,5,2539,57,6,7,ToiMisaki,Tosa,31.427914990033514,131.7591704263039,48.89906075232415,12.0,507.99893488420344,335.45837164734667
2540,Shanghai SouthCh - Nagoya,SEA,PILOT_TO_PILOT,5,2540,58,6,7,ToiMisaki,Tosa,31.430098688010887,131.76211305609155,48.89906075232415,12.0,508.198727959623,335.2585785719271
2541,Shanghai SouthCh - Nagoya,SEA,PILOT_TO_PILOT,5,2541,59,6,7,ToiMisaki,Tosa,31.43228231874045,131.76505582295735,48.89906075232415,12.0,508.3985210350426,335.0587854965075
2542,Shanghai SouthCh - Nagoya,SEA,PILOT_TO_PILOT,5,2542,60,6,7,ToiMisaki,Tosa,31.434465882213306,131.7679987269152,48.89906075232415,12.0,508.59831411046224,334.85899242108786
2543,Shanghai SouthCh - Nagoya,SEA,PILOT_TO_PILOT,5,2543,61,6,7,ToiMisaki,Tosa,31.43664937842056,131.77094176797905,48.89906075232415,12.0,508.79810718588186,334.65919934566824
2544,Shanghai SouthCh - Nagoya,SEA,PILOT_TO_PILOT,5,2544,62,6,7,ToiMisaki,Tosa,31.43883280735332,131.77388494616275,48.89906075232415,12.0,508.9979002613014,334.4594062702487
2545,Shanghai SouthCh - Nagoya,SEA,PILOT_TO_PILOT,5,2545,63,6,7,ToiMisaki,Tosa,31.44101616900268,131.7768282614802,48.89906075232415,12.0,509.19769333672104,334.25961319482906
2546,Shanghai SouthCh - Nagoya,SEA,PILOT_TO_PILOT,5,2546,64,6,7,ToiMisaki,Tosa,31.443199463359758,131.7797717139454,48.89906075232415,12.0,509.39748641214067,334.05982011940944
2547,Shanghai SouthCh - Nagoya,SEA,PILOT_TO_PILOT,5,2547,65,6,7,ToiMisaki,Tosa,31.44538269041565,131.78271530357216,48.89906075232415,12.0,509.59727948756023,333.8600270439899
2548,Shanghai SouthCh - Nagoya,SEA,PILOT_TO_PILOT,5,2548,66,6,7,ToiMisaki,Tosa,31.447565850161453,131.7856590303744,48.89906075232415,12.0,509.79707256297985,333.66023396857025
2549,Shanghai SouthCh - Nagoya,SEA,PILOT_TO_PILOT,5,2549,67,6,7,ToiMisaki,Tosa,31.44974894258827,131.78860289436608,48.89906075232415,12.0,509.99686563839947,333.46044089315063
2550,Shanghai SouthCh - Nagoya,SEA,PILOT_TO_PILOT,5,2550,68,6,7,ToiMisaki,Tosa,31.451931967687187,131.79154689556105,48.89906075232415,12.0,510.1966587138191,333.260647817731
2551,Shanghai SouthCh - Nagoya,SEA,PILOT_TO_PILOT,5,2551,69,6,7,ToiMisaki,Tosa,31.454114925449332,131.79449103397326,48.89906075232415,12.0,510.39645178923865,333.06085474231145
2552,Shanghai SouthCh - Nagoya,SEA,PILOT_TO_PILOT,5,2552,70,6,7,ToiMisaki,Tosa,31.45629781586578,131.7974353096166,48.89906075232415,12.0,510.5962448646583,332.8610616668918
2553,Shanghai SouthCh - Nagoya,SEA,PILOT_TO_PILOT,5,2553,71,6,7,ToiMisaki,Tosa,31.458480638927632,131.80037972250494,48.89906075232415,12.0,510.7960379400779,332.6612685914722
2554,Shanghai SouthCh - Nagoya,SEA,PILOT_TO_PILOT,5,2554,72,6,7,ToiMisaki,Tosa,31.46066339462599,131.80332427265228,48.89906075232415,12.0,510.99583101549746,332.46147551605264
2555,Shanghai SouthCh - Nagoya,SEA,PILOT_TO_PILOT,5,2555,73,6,7,ToiMisaki,Tosa,31.46284608295194,131.80626896007246,48.89906075232415,12.0,511.1956240909171,332.261682440633
2556,Shanghai SouthCh - Nagoya,SEA,PILOT_TO_PILOT,5,2556,74,6,7,ToiMisaki,Tosa,31.465028703896575,131.8092137847794,48.89906075232415,12.0,511.3954171663367,332.0618893652134
2557,Shanghai SouthCh - Nagoya,SEA,PILOT_TO_PILOT,5,2557,75,6,7,ToiMisaki,Tosa,31.467211257450995,131.81215874678702,48.89906075232415,12.0,511.5952102417563,331.8620962897938
2558,Shanghai SouthCh - Nagoya,SEA,PILOT_TO_PILOT,5,2558,76,6,7,ToiMisaki,Tosa,31.469393743606293,131.81510384610922,48.89906075232415,12.0,511.7950033171759,331.6623032143742
2559,Shanghai SouthCh - Nagoya,SEA,PILOT_TO_PILOT,5,2559,77,6,7,ToiMisaki,Tosa,31.471576162353543,131.8180490827599,48.89906075232415,12.0,511.9947963925955,331.4625101389546
2560,Shanghai SouthCh - Nagoya,SEA,PILOT_TO_PILOT,5,2560,78,6,7,ToiMisaki,Tosa,31.473758513683855,131.820994456753,48.89906075232415,12.0,512.1945894680151,331.262717063535
2561,Shanghai SouthCh - Nagoya,SEA,PILOT_TO_PILOT,5,2561,79,6,7,ToiMisaki,Tosa,31.47594079758831,131.82393996810242,48.89906075232415,12.0,512.3943825434347,331.06292398811536
2562,Shanghai SouthCh - Nagoya,SEA,PILOT_TO_PILOT,5,2562,80,6,7,ToiMisaki,Tosa,31.478123014057992,131.82688561682207,48.89906075232415,12.0,512.5941756188544,330.86313091269574
2563,Shanghai SouthCh - Nagoya,SEA,PILOT_TO_PILOT,5,2563,81,6,7,ToiMisaki,Tosa,31.480305163083997,131.82983140292583,48.89906075232415,12.0,512.7939686942739,330.66333783727623
2564,Shanghai SouthCh - Nagoya,SEA,PILOT_TO_PILOT,5,2564,82,6,7,ToiMisaki,Tosa,31.482487244657396,131.83277732642767,48.89906075232415,12.0,512.9937617696935,330.4635447618566
2565,Shanghai SouthCh - Nagoya,SEA,PILOT_TO_PILOT,5,2565,83,6,7,ToiMisaki,Tosa,31.484669258769287,131.83572338734143,48.89906075232415,12.0,513.1935548451131,330.263751686437
2566,Shanghai SouthCh - Nagoya,SEA,PILOT_TO_PILOT,5,2566,84,6,7,ToiMisaki,Tosa,31.486851205410755,131.8386695856811,48.89906075232415,12.0,513.3933479205327,330.06395861101737
2567,Shanghai SouthCh - Nagoya,SEA,PILOT_TO_PILOT,5,2567,85,6,7,ToiMisaki,Tosa,31.489033084572878,131.84161592146052,48.89906075232415,12.0,513.5931409959524,329.86416553559775
2568,Shanghai SouthCh - Nagoya,SEA,PILOT_TO_PILOT,5,2568,86,6,7,ToiMisaki,Tosa,31.491214896246735,131.84456239469364,48.89906075232415,12.0,513.792934071372,329.66437246017813
2569,Shanghai SouthCh - Nagoya,SEA,PILOT_TO_PILOT,5,2569,87,6,7,ToiMisaki,Tosa,31.493396640423413,131.8475090053944,48.89906075232415,12.0,513.9927271467916,329.4645793847585
2570,Shanghai SouthCh - Nagoya,SEA,PILOT_TO_PILOT,5,2570,88,6,7,ToiMisaki,Tosa,31.495578317093987,131.85045575357663,48.89906075232415,12.0,514.1925202222111,329.264786309339
2571,Shanghai SouthCh - Nagoya,SEA,PILOT_TO_PILOT,5,2571,89,6,7,ToiMisaki,Tosa,31.497759926249543,131.8534026392543,48.89906075232415,12.0,514.3923132976307,329.0649932339194
2572,Shanghai SouthCh - Nagoya,SEA,PILOT_TO_PILOT,5,2572,90,6,7,ToiMisaki,Tosa,31.49994146788116,131.85634966244132,48.89906075232415,12.0,514.5921063730503,328.86520015849976
2573,Shanghai SouthCh - Nagoya,SEA,PILOT_TO_PILOT,5,2573,91,6,7,ToiMisaki,Tosa,31.502122941979906,131.85929682315162,48.89906075232415,12.0,514.79189944847,328.66540708308014
2574,Shanghai SouthCh - Nagoya,SEA,PILOT_TO_PILOT,5,2574,92,6,7,ToiMisaki,Tosa,31.504304348536863,131.86224412139907,48.89906075232415,12.0,514.9916925238896,328.4656140076605
2575,Shanghai SouthCh - Nagoya,SEA,PILOT_TO_PILOT,5,2575,93,6,7,ToiMisaki,Tosa,31.506485687543112,131.86519155719762,48.89906075232415,12.0,515.1914855993092,328.2658209322409
2576,Shanghai SouthCh - Nagoya,SEA,PILOT_TO_PILOT,5,2576,94,6,7,ToiMisaki,Tosa,31.508666958989725,131.86813913056116,48.89906075232415,12.0,515.3912786747288,328.0660278568213
2577,Shanghai SouthCh - Nagoya,SEA,PILOT_TO_PILOT,5,2577,95,6,7,ToiMisaki,Tosa,31.51084816286777,131.8710868415036,48.89906075232415,12.0,515.5910717501483,327.8662347814018
2578,Shanghai SouthCh - Nagoya,SEA,PILOT_TO_PILOT,5,2578,96,6,7,ToiMisaki,Tosa,31.513029299168316,131.8740346900389,48.89906075232415,12.0,515.790864825568,327.66644170598215
2579,Shanghai SouthCh - Nagoya,SEA,PILOT_TO_PILOT,5,2579,97,6,7,ToiMisaki,Tosa,31.515210367882446,131.87698267618092,48.89906075232415,12.0,515.9906579009876,327.46664863056253
2580,Shanghai SouthCh - Nagoya,SEA,PILOT_TO_PILOT,5,2580,98,6,7,ToiMisaki,Tosa,31.51739136900123,131.8799307999436,48.89906075232415,12.0,516.1904509764072,327.2668555551429
2581,Shanghai SouthCh - Nagoya,SEA,PILOT_TO_PILOT,5,2581,99,6,7,ToiMisaki,Tosa,31.519572302515733,131.88287906134087,48.89906075232415,12.0,516.3902440518268,327.0670624797233
2582,Shanghai SouthCh - Nagoya,SEA,PILOT_TO_PILOT,5,2582,100,6,7,ToiMisaki,Tosa,31.52175316841703,131.8858274603866,48.89906075232415,12.0,516.5900371272464,326.86726940430367
2583,Shanghai SouthCh - Nagoya,SEA,PILOT_TO_PILOT,5,2583,101,6,7,ToiMisaki,Tosa,31.52393396669617,131.88877599709474,48.89906075232415,12.0,516.789830202666,326.66747632888405
2584,Shanghai SouthCh - Nagoya,SEA,PILOT_TO_PILOT,5,2584,102,6,7,ToiMisaki,Tosa,31.526114697344248,131.8917246714792,48.89906075232415,12.0,516.9896232780856,326.46768325346454
2585,Shanghai SouthCh - Nagoya,SEA,PILOT_TO_PILOT,5,2585,103,6,7,ToiMisaki,Tosa,31.52829536035231,131.89467348355393,48.89906075232415,12.0,517.1894163535052,326.2678901780449
2586,Shanghai SouthCh - Nagoya,SEA,PILOT_TO_PILOT,5,2586,104,6,7,ToiMisaki,Tosa,31.530475955711434,131.89762243333277,48.89906075232415,12.0,517.3892094289248,326.0680971026253
2587,Shanghai SouthCh - Nagoya,SEA,PILOT_TO_PILOT,5,2587,105,6,7,ToiMisaki,Tosa,31.532656483412676,131.9005715208297,48.89906075232415,12.0,517.5890025043444,325.8683040272057
2588,Shanghai SouthCh - Nagoya,SEA,PILOT_TO_PILOT,5,2588,106,6,7,ToiMisaki,Tosa,31.534836943447093,131.90352074605858,48.89906075232415,12.0,517.788795579764,325.66851095178606
2589,Shanghai SouthCh - Nagoya,SEA,PILOT_TO_PILOT,5,2589,107,6,7,ToiMisaki,Tosa,31.537017335805764,131.90647010903342,48.89906075232415,12.0,517.9885886551837,325.46871787636644
2590,Shanghai SouthCh - Nagoya,SEA,PILOT_TO_PILOT,5,2590,108,6,7,ToiMisaki,Tosa,31.53919766047974,131.90941960976804,48.89906075232415,12.0,518.1883817306033,325.2689248009468
2591,Shanghai SouthCh - Nagoya,SEA,PILOT_TO_PILOT,5,2591,109,6,7,ToiMisaki,Tosa,31.54137791746008,131.9123692482764,48.89906075232415,12.0,518.3881748060228,325.0691317255273
2592,Shanghai SouthCh - Nagoya,SEA,PILOT_TO_PILOT,5,2592,110,6,7,ToiMisaki,Tosa,31.54355810673786,131.91531902457243,48.89906075232415,12.0,518.5879678814424,324.8693386501077
2593,Shanghai SouthCh - Nagoya,SEA,PILOT_TO_PILOT,5,2593,111,6,7,ToiMisaki,Tosa,31.54573822830411,131.91826893867002,48.89906075232415,12.0,518.787760956862,324.6695455746881
2594,Shanghai SouthCh - Nagoya,SEA,PILOT_TO_PILOT,5,2594,112,6,7,ToiMisaki,Tosa,31.547918282149908,131.92121899058313,48.89906075232415,12.0,518.9875540322817,324.46975249926845
2595,Shanghai SouthCh - Nagoya,SEA,PILOT_TO_PILOT,5,2595,113,6,7,ToiMisaki,Tosa,31.550098268266304,131.92416918032563,48.89906075232415,12.0,519.1873471077013,324.26995942384883
2596,Shanghai SouthCh - Nagoya,SEA,PILOT_TO_PILOT,5,2596,114,6,7,ToiMisaki,Tosa,31.552278186644354,131.92711950791144,48.89906075232415,12.0,519.3871401831209,324.0701663484292
2597,Shanghai SouthCh - Nagoya,SEA,PILOT_TO_PILOT,5,2597,115,6,7,ToiMisaki,Tosa,31.55445803727512,131.93006997335453,48.89906075232415,12.0,519.5869332585405,323.8703732730096
2598,Shanghai SouthCh - Nagoya,SEA,PILOT_TO_PILOT,5,2598,116,6,7,ToiMisaki,Tosa,31.55663782014965,131.93302057666878,48.89906075232415,12.0,519.78672633396,323.6705801975901
2599,Shanghai SouthCh - Nagoya,SEA,PILOT_TO_PILOT,5,2599,117,6,7,ToiMisaki,Tosa,31.55881753525899,131.9359713178681,48.89906075232415,12.0,519.9865194093796,323.47078712217046
2600,Shanghai SouthCh - Nagoya,SEA,PILOT_TO_PILOT,5,2600,118,6,7,ToiMisaki,Tosa,31.5609971825942,131.93892219696644,48.89906075232415,12.0,520.1863124847993,323.27099404675084
2601,Shanghai SouthCh - Nagoya,SEA,PILOT_TO_PILOT,5,2601,119,6,7,ToiMisaki,Tosa,31.563176762146334,131.94187321397774,48.89906075232415,12.0,520.3861055602189,323.0712009713312
2602,Shanghai SouthCh - Nagoya,SEA,PILOT_TO_PILOT,5,2602,120,6,7,ToiMisaki,Tosa,31.56535627390642,131.94482436891585,48.89906075232415,12.0,520.5858986356385,322.8714078959116
2603,Shanghai SouthCh - Nagoya,SEA,PILOT_TO_PILOT,5,2603,121,6,7,ToiMisaki,Tosa,31.567535717865535,131.9477756617947,48.89906075232415,12.0,520.7856917110581,322.671614820492
2604,Shanghai SouthCh - Nagoya,SEA,PILOT_TO_PILOT,5,2604,122,6,7,ToiMisaki,Tosa,31.56971509401472,131.95072709262828,48.89906075232415,12.0,520.9854847864777,322.47182174507236
2605,Shanghai SouthCh - Nagoya,SEA,PILOT_TO_PILOT,5,2605,123,6,7,ToiMisaki,Tosa,31.57189440234502,131.95367866143047,48.89906075232415,12.0,521.1852778618972,322.27202866965285
2606,Shanghai SouthCh - Nagoya,SEA,PILOT_TO_PILOT,5,2606,124,6,7,ToiMisaki,Tosa,31.574073642847473,131.95663036821517,48.89906075232415,12.0,521.3850709373169,322.07223559423323
2607,Shanghai SouthCh - Nagoya,SEA,PILOT_TO_PILOT,5,2607,125,6,7,ToiMisaki,Tosa,31.576252815513136,131.95958221299634,48.89906075232415,12.0,521.5848640127365,321.8724425188136
2608,Shanghai SouthCh - Nagoya,SEA,PILOT_TO_PILOT,5,2608,126,6,7,ToiMisaki,Tosa,31.578431920333042,131.96253419578787,48.89906075232415,12.0,521.7846570881561,321.672649443394
2609,Shanghai SouthCh - Nagoya,SEA,PILOT_TO_PILOT,5,2609,127,6,7,ToiMisaki,Tosa,31.58061095729824,131.96548631660374,48.89906075232415,12.0,521.9844501635757,321.4728563679744
2610,Shanghai SouthCh - Nagoya,SEA,PILOT_TO_PILOT,5,2610,128,6,7,ToiMisaki,Tosa,31.582789926399773,131.96843857545778,48.89906075232415,12.0,522.1842432389954,321.27306329255475
2611,Shanghai SouthCh - Nagoya,SEA,PILOT_TO_PILOT,5,2611,129,6,7,ToiMisaki,Tosa,31.584968827628682,131.97139097236393,48.89906075232415,12.0,522.384036314415,321.07327021713513
2612,Shanghai SouthCh - Nagoya,SEA,PILOT_TO_PILOT,5,2612,130,6,7,ToiMisaki,Tosa,31.587147660976015,131.97434350733621,48.89906075232415,12.0,522.5838293898345,320.8734771417156
2613,Shanghai SouthCh - Nagoya,SEA,PILOT_TO_PILOT,5,2613,131,6,7,ToiMisaki,Tosa,31.589326426432795,131.97729618038844,48.89906075232415,12.0,522.7836224652541,320.673684066296
2614,Shanghai SouthCh - Nagoya,SEA,PILOT_TO_PILOT,5,2614,132,6,7,ToiMisaki,Tosa,31.591505123990075,131.98024899153458,48.89906075232415,12.0,522.9834155406737,320.4738909908764
2615,Shanghai SouthCh - Nagoya,SEA,PILOT_TO_PILOT,5,2615,133,6,7,ToiMisaki,Tosa,31.593683753638878,131.98320194078855,48.89906075232415,12.0,523.1832086160933,320.27409791545676
2616,Shanghai SouthCh - Nagoya,SEA,PILOT_TO_PILOT,5,2616,134,6,7,ToiMisaki,Tosa,31.59586231537025,131.9861550281643,48.89906075232415,12.0,523.383001691513,320.07430484003714
2617,Shanghai SouthCh - Nagoya,SEA,PILOT_TO_PILOT,5,2617,135,6,7,ToiMisaki,Tosa,31.598040809175238,131.98910825367568,48.89906075232415,12.0,523.5827947669326,319.8745117646175
2618,Shanghai SouthCh - Nagoya,SEA,PILOT_TO_PILOT,5,2618,136,6,7,ToiMisaki,Tosa,31.600219235044854,131.99206161733673,48.89906075232415,12.0,523.7825878423522,319.6747186891979
2619,Shanghai SouthCh - Nagoya,SEA,PILOT_TO_PILOT,5,2619,137,6,7,ToiMisaki,Tosa,31.602397592970146,131.99501511916125,48.89906075232415,12.0,523.9823809177717,319.4749256137784
2620,Shanghai SouthCh - Nagoya,SEA,PILOT_TO_PILOT,5,2620,138,6,7,ToiMisaki,Tosa,31.60457588294215,131.99796875916323,48.89906075232415,12.0,524.1821739931913,319.2751325383588
2621,Shanghai SouthCh - Nagoya,SEA,PILOT_TO_PILOT,5,2621,139,6,7,ToiMisaki,Tosa,31.606754104951886,132.00092253735662,48.89906075232415,12.0,524.381967068611,319.07533946293916
2622,Shanghai SouthCh - Nagoya,SEA,PILOT_TO_PILOT,5,2622,140,6,7,ToiMisaki,Tosa,31.608932258990386,132.00387645375525,48.89906075232415,12.0,524.5817601440306,318.87554638751953
2623,Shanghai SouthCh - Nagoya,SEA,PILOT_TO_PILOT,5,2623,141,6,7,ToiMisaki,Tosa,31.611110345048683,132.00683050837313,48.89906075232415,12.0,524.7815532194502,318.6757533120999
2624,Shanghai SouthCh - Nagoya,SEA,PILOT_TO_PILOT,5,2624,142,6,7,ToiMisaki,Tosa,31.613288363117814,132.0097847012242,48.89906075232415,12.0,524.9813462948698,318.4759602366803
2625,Shanghai SouthCh - Nagoya,SEA,PILOT_TO_PILOT,5,2625,143,6,7,ToiMisaki,Tosa,31.61546631318879,132.0127390323223,48.89906075232415,12.0,525.1811393702894,318.2761671612607
2626,Shanghai SouthCh - Nagoya,SEA,PILOT_TO_PILOT,5,2626,144,6,7,ToiMisaki,Tosa,31.617644195252662,132.01569350168143,48.89906075232415,12.0,525.3809324457089,318.07637408584117
2627,Shanghai SouthCh - Nagoya,SEA,PILOT_TO_PILOT,5,2627,145,6,7,ToiMisaki,Tosa,31.61982200930044,132.01864810931548,48.89906075232415,12.0,525.5807255211286,317.87658101042155
2628,Shanghai SouthCh - Nagoya,SEA,PILOT_TO_PILOT,5,2628,146,6,7,ToiMisaki,Tosa,31.62199975532314,132.0216028552384,48.89906075232415,12.0,525.7805185965482,317.6767879350019
2629,Shanghai SouthCh - Nagoya,SEA,PILOT_TO_PILOT,5,2629,147,6,7,ToiMisaki,Tosa,31.62417743331181,132.02455773946406,48.89906075232415,12.0,525.9803116719678,317.4769948595823
2630,Shanghai SouthCh - Nagoya,SEA,PILOT_TO_PILOT,5,2630,148,6,7,ToiMisaki,Tosa,31.62635504325746,132.02751276200644,48.89906075232415,12.0,526.1801047473874,317.2772017841627
2631,Shanghai SouthCh - Nagoya,SEA,PILOT_TO_PILOT,5,2631,149,6,7,ToiMisaki,Tosa,31.628532585151106,132.03046792287947,48.89906075232415,12.0,526.379897822807,317.07740870874306
2632,Shanghai SouthCh - Nagoya,SEA,PILOT_TO_PILOT,5,2632,150,6,7,ToiMisaki,Tosa,31.630710058983787,132.03342322209704,48.89906075232415,12.0,526.5796908982267,316.87761563332344
2633,Shanghai SouthCh - Nagoya,SEA,PILOT_TO_PILOT,5,2633,151,6,7,ToiMisaki,Tosa,31.632887464746506,132.03637865967312,48.89906075232415,12.0,526.7794839736462,316.67782255790394
2634,Shanghai SouthCh - Nagoya,SEA,PILOT_TO_PILOT,5,2634,152,6,7,ToiMisaki,Tosa,31.6350648024303,132.03933423562162,48.89906075232415,12.0,526.9792770490658,316.4780294824843
2635,Shanghai SouthCh - Nagoya,SEA,PILOT_TO_PILOT,5,2635,153,6,7,ToiMisaki,Tosa,31.63724207202617,132.04228994995646,48.89906075232415,12.0,527.1790701244854,316.2782364070647
2636,Shanghai SouthCh - Nagoya,SEA,PILOT_TO_PILOT,5,2636,154,6,7,ToiMisaki,Tosa,31.639419273525142,132.04524580269154,48.89906075232415,12.0,527.378863199905,316.0784433316451
2637,Shanghai SouthCh - Nagoya,SEA,PILOT_TO_PILOT,5,2637,155,6,7,ToiMisaki,Tosa,31.64159640691823,132.04820179384083,48.89906075232415,12.0,527.5786562753246,315.87865025622546
2638,Shanghai SouthCh - Nagoya,SEA,PILOT_TO_PILOT,5,2638,156,6,7,ToiMisaki,Tosa,31.643773472196457,132.0511579234183,48.89906075232415,12.0,527.7784493507443,315.67885718080584
2639,Shanghai SouthCh - Nagoya,SEA,PILOT_TO_PILOT,5,2639,157,6,7,ToiMisaki,Tosa,31.645950469350822,132.05411419143778,48.89906075232415,12.0,527.9782424261639,315.4790641053862
2640,Shanghai SouthCh - Nagoya,SEA,PILOT_TO_PILOT,5,2640,158,6,7,ToiMisaki,Tosa,31.64812739837235,132.05707059791325,48.89906075232415,12.0,528.1780355015834,315.2792710299667
2641,Shanghai SouthCh - Nagoya,SEA,PILOT_TO_PILOT,5,2641,159,6,7,ToiMisaki,Tosa,31.65030425925206,132.06002714285864,48.89906075232415,12.0,528.377828577003,315.0794779545471
2642,Shanghai SouthCh - Nagoya,SEA,PILOT_TO_PILOT,5,2642,160,6,7,ToiMisaki,Tosa,31.652481051980953,132.0629838262879,48.89906075232415,12.0,528.5776216524226,314.87968487912747
2643,Shanghai SouthCh - Nagoya,SEA,PILOT_TO_PILOT,5,2643,161,6,7,ToiMisaki,Tosa,31.654657776550046,132.06594064821488,48.89906075232415,12.0,528.7774147278423,314.67989180370785
2644,Shanghai SouthCh - Nagoya,SEA,PILOT_TO_PILOT,5,2644,162,6,7,ToiMisaki,Tosa,31.656834432950344,132.0688976086536,48.89906075232415,12.0,528.9772078032619,314.4800987282882
2645,Shanghai SouthCh - Nagoya,SEA,PILOT_TO_PILOT,5,2645,163,6,7,ToiMisaki,Tosa,31.659011021172862,132.07185470761797,48.89906075232415,12.0,529.1770008786815,314.2803056528686
2646,Shanghai SouthCh - Nagoya,SEA,PILOT_TO_PILOT,5,2646,164,6,7,ToiMisaki,Tosa,31.661187541208598,132.0748119451219,48.89906075232415,12.0,529.3767939541011,314.080512577449
2647,Shanghai SouthCh - Nagoya,SEA,PILOT_TO_PILOT,5,2647,165,6,7,ToiMisaki,Tosa,31.663363993048577,132.0777693211793,48.89906075232415,12.0,529.5765870295206,313.8807195020295
2648,Shanghai SouthCh - Nagoya,SEA,PILOT_TO_PILOT,5,2648,166,6,7,ToiMisaki,Tosa,31.66554037668378,132.08072683580414,48.89906075232415,12.0,529.7763801049402,313.68092642660986
2649,Shanghai SouthCh - Nagoya,SEA,PILOT_TO_PILOT,5,2649,167,6,7,ToiMisaki,Tosa,31.66771669210524,132.08368448901035,48.89906075232415,12.0,529.9761731803599,313.48113335119024
2650,Shanghai SouthCh - Nagoya,SEA,PILOT_TO_PILOT,5,2650,168,6,7,ToiMisaki,Tosa,31.669892939303928,132.08664228081182,48.89906075232415,12.0,530.1759662557795,313.2813402757706
2651,Shanghai SouthCh - Nagoya,SEA,PILOT_TO_PILOT,5,2651,169,6,7,ToiMisaki,Tosa,31.67206911827088,132.08960021122252,48.89906075232415,12.0,530.3757593311991,313.081547200351
2652,Shanghai SouthCh - Nagoya,SEA,PILOT_TO_PILOT,5,2652,170,6,7,ToiMisaki,Tosa,31.67424522899708,132.09255828025638,48.89906075232415,12.0,530.5755524066187,312.8817541249314
2653,Shanghai SouthCh - Nagoya,SEA,PILOT_TO_PILOT,5,2653,171,6,7,ToiMisaki,Tosa,31.676421271473533,132.0955164879273,48.89906075232415,12.0,530.7753454820383,312.68196104951176
2654,Shanghai SouthCh - Nagoya,SEA,PILOT_TO_PILOT,5,2654,172,6,7,ToiMisaki,Tosa,31.678597245691247,132.09847483424926,48.89906075232415,12.0,530.975138557458,312.48216797409214
2655,Shanghai SouthCh - Nagoya,SEA,PILOT_TO_PILOT,5,2655,173,6,7,ToiMisaki,Tosa,31.680773151641212,132.10143331923615,48.89906075232415,12.0,531.1749316328775,312.28237489867263
2656,Shanghai SouthCh - Nagoya,SEA,PILOT_TO_PILOT,5,2656,174,6,7,ToiMisaki,Tosa,31.682948989314433,132.10439194290197,48.89906075232415,12.0,531.3747247082971,312.082581823253
2657,Shanghai SouthCh - Nagoya,SEA,PILOT_TO_PILOT,5,2657,175,6,7,ToiMisaki,Tosa,31.6851247587019,132.10735070526053,48.89906075232415,12.0,531.5745177837167,311.8827887478334
2658,Shanghai SouthCh - Nagoya,SEA,PILOT_TO_PILOT,5,2658,176,6,7,ToiMisaki,Tosa,31.687300459794596,132.11030960632587,48.89906075232415,12.0,531.7743108591363,311.68299567241377
2659,Shanghai SouthCh - Nagoya,SEA,PILOT_TO_PILOT,5,2659,177,6,7,ToiMisaki,Tosa,31.689476092583565,132.1132686461119,48.89906075232415,12.0,531.974103934556,311.48320259699415
2660,Shanghai SouthCh - Nagoya,SEA,PILOT_TO_PILOT,5,2660,178,6,7,ToiMisaki,Tosa,31.69165165705975,132.11622782463252,48.89906075232415,12.0,532.1738970099756,311.2834095215745
2661,Shanghai SouthCh - Nagoya,SEA,PILOT_TO_PILOT,5,2661,179,6,7,ToiMisaki,Tosa,31.693827153214176,132.11918714190168,48.89906075232415,12.0,532.3736900853951,311.083616446155
2662,Shanghai SouthCh - Nagoya,SEA,PILOT_TO_PILOT,5,2662,180,6,7,ToiMisaki,Tosa,31.696002581037817,132.12214659793335,48.89906075232415,12.0,532.5734831608147,310.8838233707354
2663,Shanghai SouthCh - Nagoya,SEA,PILOT_TO_PILOT,5,2663,181,6,7,ToiMisaki,Tosa,31.698177940521678,132.12510619274138,48.89906075232415,12.0,532.7732762362343,310.6840302953158
2664,Shanghai SouthCh - Nagoya,SEA,PILOT_TO_PILOT,5,2664,182,6,7,ToiMisaki,Tosa,31.70035323165674,132.12806592633981,48.89906075232415,12.0,532.973069311654,310.48423721989616
2665,Shanghai SouthCh - Nagoya,SEA,PILOT_TO_PILOT,5,2665,183,6,7,ToiMisaki,Tosa,31.702528454434002,132.1310257987425,48.89906075232415,12.0,533.1728623870736,310.28444414447654
2666,Shanghai SouthCh - Nagoya,SEA,PILOT_TO_PILOT,5,2666,184,6,7,ToiMisaki,Tosa,31.704703608844444,132.13398580996343,48.89906075232415,12.0,533.3726554624932,310.0846510690569
2667,Shanghai SouthCh - Nagoya,SEA,PILOT_TO_PILOT,5,2667,185,6,7,ToiMisaki,Tosa,31.706878694879066,132.1369459600165,48.89906075232415,12.0,533.5724485379128,309.8848579936373
2668,Shanghai SouthCh - Nagoya,SEA,PILOT_TO_PILOT,5,2668,186,6,7,ToiMisaki,Tosa,31.709053712528846,132.13990624891565,48.89906075232415,12.0,533.7722416133324,309.6850649182177
2669,Shanghai SouthCh - Nagoya,SEA,PILOT_TO_PILOT,5,2669,187,6,7,ToiMisaki,Tosa,31.711228661784762,132.1428666766748,48.89906075232415,12.0,533.9720346887519,309.48527184279817
2670,Shanghai SouthCh - Nagoya,SEA,PILOT_TO_PILOT,5,2670,188,6,7,ToiMisaki,Tosa,31.713403542637828,132.14582724330793,48.89906075232415,12.0,534.1718277641716,309.28547876737855
2671,Shanghai SouthCh - Nagoya,SEA,PILOT_TO_PILOT,5,2671,189,6,7,ToiMisaki,Tosa,31.715578355078996,132.14878794882893,48.89906075232415,12.0,534.3716208395912,309.08568569195893
2672,Shanghai SouthCh - Nagoya,SEA,PILOT_TO_PILOT,5,2672,190,6,7,ToiMisaki,Tosa,31.717753099099273,132.1517487932518,48.89906075232415,12.0,534.5714139150108,308.8858926165393
2673,Shanghai SouthCh - Nagoya,SEA,PILOT_TO_PILOT,5,2673,191,6,7,ToiMisaki,Tosa,31.71992777468961,132.1547097765904,48.89906075232415,12.0,534.7712069904304,308.6860995411197
2674,Shanghai SouthCh - Nagoya,SEA,PILOT_TO_PILOT,5,2674,192,6,7,ToiMisaki,Tosa,31.72210238184103,132.15767089885873,48.89906075232415,12.0,534.97100006585,308.48630646570007
2675,Shanghai SouthCh - Nagoya,SEA,PILOT_TO_PILOT,5,2675,193,6,7,ToiMisaki,Tosa,31.724276920544472,132.1606321600707,48.89906075232415,12.0,535.1707931412695,308.28651339028056
2676,Shanghai SouthCh - Nagoya,SEA,PILOT_TO_PILOT,5,2676,194,6,7,ToiMisaki,Tosa,31.726451390790956,132.1635935602402,48.89906075232415,12.0,535.3705862166892,308.08672031486094
2677,Shanghai SouthCh - Nagoya,SEA,PILOT_TO_PILOT,5,2677,195,6,7,ToiMisaki,Tosa,31.728625792571428,132.16655509938124,48.89906075232415,12.0,535.5703792921088,307.8869272394413
2678,Shanghai SouthCh - Nagoya,SEA,PILOT_TO_PILOT,5,2678,196,6,7,ToiMisaki,Tosa,31.73080012587687,132.16951677750774,48.89906075232415,12.0,535.7701723675284,307.6871341640217
2679,Shanghai SouthCh - Nagoya,SEA,PILOT_TO_PILOT,5,2679,197,6,7,ToiMisaki,Tosa,31.732974390698278,132.1724785946336,48.89906075232415,12.0,535.969965442948,307.4873410886021
2680,Shanghai SouthCh - Nagoya,SEA,PILOT_TO_PILOT,5,2680,198,6,7,ToiMisaki,Tosa,31.735148587026604,132.1754405507728,48.89906075232415,12.0,536.1697585183676,307.28754801318246
2681,Shanghai SouthCh - Nagoya,SEA,PILOT_TO_PILOT,5,2681,199,6,7,ToiMisaki,Tosa,31.73732271485285,132.17840264593926,48.89906075232415,12.0,536.3695515937873,307.08775493776284
2682,Shanghai SouthCh - Nagoya,SEA,PILOT_TO_PILOT,5,2682,200,6,7,ToiMisaki,Tosa,31.739496774167964,132.18136488014693,48.89906075232415,12.0,536.5693446692069,306.8879618623432
2683,Shanghai SouthCh - Nagoya,SEA,PILOT_TO_PILOT,5,2683,201,6,7,ToiMisaki,Tosa,31.741670764962926,132.18432725340975,48.89906075232415,12.0,536.7691377446264,306.6881687869237
2684,Shanghai SouthCh - Nagoya,SEA,PILOT_TO_PILOT,5,2684,202,6,7,ToiMisaki,Tosa,31.743844687228716,132.1872897657416,48.89906075232415,12.0,536.968930820046,306.4883757115041
2685,Shanghai SouthCh - Nagoya,SEA,PILOT_TO_PILOT,5,2685,203,6,7,ToiMisaki,Tosa,31.746018540956292,132.1902524171565,48.89906075232415,12.0,537.1687238954656,306.28858263608447
2686,Shanghai SouthCh - Nagoya,SEA,PILOT_TO_PILOT,5,2686,204,6,7,ToiMisaki,Tosa,31.748192326136632,132.19321520766835,48.89906075232415,12.0,537.3685169708853,306.08878956066485
2687,Shanghai SouthCh - Nagoya,SEA,PILOT_TO_PILOT,5,2687,205,6,7,ToiMisaki,Tosa,31.750366042760714,132.19617813729107,48.89906075232415,12.0,537.5683100463049,305.88899648524523
2688,Shanghai SouthCh - Nagoya,SEA,PILOT_TO_PILOT,5,2688,206,6,7,ToiMisaki,Tosa,31.752539690819486,132.19914120603866,48.89906075232415,12.0,537.7681031217245,305.6892034098256
2689,Shanghai SouthCh - Nagoya,SEA,PILOT_TO_PILOT,5,2689,207,6,7,ToiMisaki,Tosa,31.754713270303924,132.202104413925,48.89906075232415,12.0,537.967896197144,305.4894103344061
2690,Shanghai SouthCh - Nagoya,SEA,PILOT_TO_PILOT,5,2690,208,6,7,ToiMisaki,Tosa,31.75688678120499,132.20506776096408,48.89906075232415,12.0,538.1676892725636,305.2896172589865
2691,Shanghai SouthCh - Nagoya,SEA,PILOT_TO_PILOT,5,2691,209,6,7,ToiMisaki,Tosa,31.75906022351366,132.20803124716977,48.89906075232415,12.0,538.3674823479832,305.08982418356686
2692,Shanghai SouthCh - Nagoya,SEA,PILOT_TO_PILOT,5,2692,210,6,7,ToiMisaki,Tosa,31.761233597220894,132.21099487255609,48.89906075232415,12.0,538.5672754234029,304.89003110814724
2693,Shanghai SouthCh - Nagoya,SEA,PILOT_TO_PILOT,5,2693,211,6,7,ToiMisaki,Tosa,31.76340690231764,132.21395863713693,48.89906075232415,12.0,538.7670684988225,304.6902380327276
2694,Shanghai SouthCh - Nagoya,SEA,PILOT_TO_PILOT,5,2694,212,6,7,ToiMisaki,Tosa,31.76558013879489,132.21692254092622,48.89906075232415,12.0,538.9668615742421,304.490444957308
2695,Shanghai SouthCh - Nagoya,SEA,PILOT_TO_PILOT,5,2695,213,6,7,ToiMisaki,Tosa,31.767753306643566,132.21988658393795,48.89906075232415,12.0,539.1666546496617,304.2906518818884
2696,Shanghai SouthCh - Nagoya,SEA,PILOT_TO_PILOT,5,2696,214,6,7,ToiMisaki,Tosa,31.76992640585467,132.222850766186,48.89906075232415,12.0,539.3664477250813,304.09085880646876
2697,Shanghai SouthCh - Nagoya,SEA,PILOT_TO_PILOT,5,2697,215,6,7,ToiMisaki,Tosa,31.772099436419126,132.22581508768442,48.89906075232415,12.0,539.5662408005009,303.89106573104925
2698,Shanghai SouthCh - Nagoya,SEA,PILOT_TO_PILOT,5,2698,216,6,7,ToiMisaki,Tosa,31.774272398327916,132.22877954844702,48.89906075232415,12.0,539.7660338759205,303.69127265562963
2699,Shanghai SouthCh - Nagoya,SEA,PILOT_TO_PILOT,5,2699,217,6,7,ToiMisaki,Tosa,31.776445291571985,132.2317441484878,48.89906075232415,12.0,539.9658269513401,303.49147958021
2700,Shanghai SouthCh - Nagoya,SEA,PILOT_TO_PILOT,5,2700,218,6,7,ToiMisaki,Tosa,31.778618116142294,132.23470888782072,48.89906075232415,12.0,540.1656200267597,303.2916865047904
2701,Shanghai SouthCh - Nagoya,SEA,PILOT_TO_PILOT,5,2701,219,6,7,ToiMisaki,Tosa,31.780790872029797,132.23767376645972,48.89906075232415,12.0,540.3654131021793,303.09189342937077
2702,Shanghai SouthCh - Nagoya,SEA,PILOT_TO_PILOT,5,2702,220,6,7,ToiMisaki,Tosa,31.782963559225447,132.2406387844187,48.89906075232415,12.0,540.565206177599,302.89210035395115
2703,Shanghai SouthCh - Nagoya,SEA,PILOT_TO_PILOT,5,2703,221,6,7,ToiMisaki,Tosa,31.7851361777202,132.24360394171163,48.89906075232415,12.0,540.7649992530185,302.69230727853164
2704,Shanghai SouthCh - Nagoya,SEA,PILOT_TO_PILOT,5,2704,222,6,7,ToiMisaki,Tosa,31.787308727505007,132.24656923835244,48.89906075232415,12.0,540.9647923284381,302.492514203112
2705,Shanghai SouthCh - Nagoya,SEA,PILOT_TO_PILOT,5,2705,223,6,7,ToiMisaki,Tosa,31.789481208570823,132.2495346743551,48.89906075232415,12.0,541.1645854038577,302.2927211276924
2706,Shanghai SouthCh - Nagoya,SEA,PILOT_TO_PILOT,5,2706,224,6,7,ToiMisaki,Tosa,31.791653620908594,132.25250024973354,48.89906075232415,12.0,541.3643784792773,302.0929280522728
2707,Shanghai SouthCh - Nagoya,SEA,PILOT_TO_PILOT,5,2707,225,6,7,ToiMisaki,Tosa,31.793825964509274,132.2554659645017,48.89906075232415,12.0,541.5641715546969,301.89313497685316
2708,Shanghai SouthCh - Nagoya,SEA,PILOT_TO_PILOT,5,2708,226,6,7,ToiMisaki,Tosa,31.795998239363804,132.2584318186735,48.89906075232415,12.0,541.7639646301166,301.69334190143354
2709,Shanghai SouthCh - Nagoya,SEA,PILOT_TO_PILOT,5,2709,227,6,7,ToiMisaki,Tosa,31.79817044546315,132.2613978122629,48.89906075232415,12.0,541.9637577055362,301.4935488260139
2710,Shanghai SouthCh - Nagoya,SEA,PILOT_TO_PILOT,5,2710,228,6,7,ToiMisaki,Tosa,31.800342582798233,132.2643639452839,48.89906075232415,12.0,542.1635507809558,301.2937557505943
2711,Shanghai SouthCh - Nagoya,SEA,PILOT_TO_PILOT,5,2711,229,6,7,ToiMisaki,Tosa,31.80251465136002,132.26733021775038,48.89906075232415,12.0,542.3633438563753,301.0939626751748
2712,Shanghai SouthCh - Nagoya,SEA,PILOT_TO_PILOT,5,2712,230,6,7,ToiMisaki,Tosa,31.804686651139438,132.2702966296763,48.89906075232415,12.0,542.5631369317949,300.8941695997552
2713,Shanghai SouthCh - Nagoya,SEA,PILOT_TO_PILOT,5,2713,231,6,7,ToiMisaki,Tosa,31.80685858212745,132.27326318107558,48.89906075232415,12.0,542.7629300072145,300.69437652433555
2714,Shanghai SouthCh - Nagoya,SEA,PILOT_TO_PILOT,5,2714,232,6,7,ToiMisaki,Tosa,31.809030444314985,132.27622987196222,48.89906075232415,12.0,542.9627230826342,300.49458344891593
2715,Shanghai SouthCh - Nagoya,SEA,PILOT_TO_PILOT,5,2715,233,6,7,ToiMisaki,Tosa,31.811202237692992,132.2791967023501,48.89906075232415,12.0,543.1625161580538,300.2947903734963
2716,Shanghai SouthCh - Nagoya,SEA,PILOT_TO_PILOT,5,2716,234,6,7,ToiMisaki,Tosa,31.81337396225241,132.28216367225323,48.89906075232415,12.0,543.3623092334734,300.0949972980767
2717,Shanghai SouthCh - Nagoya,SEA,PILOT_TO_PILOT,5,2717,235,6,7,ToiMisaki,Tosa,31.815545617984164,132.2851307816855,48.89906075232415,12.0,543.5621023088929,299.8952042226572
2718,Shanghai SouthCh - Nagoya,SEA,PILOT_TO_PILOT,5,2718,236,6,7,ToiMisaki,Tosa,31.817717204879234,132.28809803066088,48.89906075232415,12.0,543.7618953843125,299.69541114723756
2719,Shanghai SouthCh - Nagoya,SEA,PILOT_TO_PILOT,5,2719,237,6,7,ToiMisaki,Tosa,31.81988872292851,132.29106541919333,48.89906075232415,12.0,543.9616884597322,299.49561807181794
2720,Shanghai SouthCh - Nagoya,SEA,PILOT_TO_PILOT,5,2720,238,6,7,ToiMisaki,Tosa,31.822060172122953,132.29403294729676,48.89906075232415,12.0,544.1614815351518,299.2958249963983
2721,Shanghai SouthCh - Nagoya,SEA,PILOT_TO_PILOT,5,2721,239,6,7,ToiMisaki,Tosa,31.82423155245351,132.29700061498517,48.89906075232415,12.0,544.3612746105714,299.0960319209787
2722,Shanghai SouthCh - Nagoya,SEA,PILOT_TO_PILOT,5,2722,240,6,7,ToiMisaki,Tosa,31.8264028639111,132.29996842227243,48.89906075232415,12.0,544.561067685991,298.8962388455591
2723,Shanghai SouthCh - Nagoya,SEA,PILOT_TO_PILOT,5,2723,241,6,7,ToiMisaki,Tosa,31.828574106486652,132.30293636917256,48.89906075232415,12.0,544.7608607614106,298.69644577013946
2724,Shanghai SouthCh - Nagoya,SEA,PILOT_TO_PILOT,5,2724,242,6,7,ToiMisaki,Tosa,31.83074528017111,132.30590445569948,48.89906075232415,12.0,544.9606538368303,298.49665269471984
2725,Shanghai SouthCh - Nagoya,SEA,PILOT_TO_PILOT,5,2725,243,6,7,ToiMisaki,Tosa,31.832916384955418,132.30887268186711,48.89906075232415,12.0,545.1604469122498,298.29685961930033
2726,Shanghai SouthCh - Nagoya,SEA,PILOT_TO_PILOT,5,2726,244,6,7,ToiMisaki,Tosa,31.83508742083048,132.31184104768946,48.89906075232415,12.0,545.3602399876694,298.0970665438807
2727,Shanghai SouthCh - Nagoya,SEA,PILOT_TO_PILOT,5,2727,245,6,7,ToiMisaki,Tosa,31.837258387787237,132.3148095531804,48.89906075232415,12.0,545.560033063089,297.8972734684611
2728,Shanghai SouthCh - Nagoya,SEA,PILOT_TO_PILOT,5,2728,246,6,7,ToiMisaki,Tosa,31.83942928581663,132.31777819835392,48.89906075232415,12.0,545.7598261385086,297.6974803930415
2729,Shanghai SouthCh - Nagoya,SEA,PILOT_TO_PILOT,5,2729,247,6,7,ToiMisaki,Tosa,31.841600114909586,132.32074698322396,48.89906075232415,12.0,545.9596192139282,297.49768731762185
2730,Shanghai SouthCh - Nagoya,SEA,PILOT_TO_PILOT,5,2730,248,6,7,ToiMisaki,Tosa,31.843770875057007,132.32371590780448,48.89906075232415,12.0,546.1594122893479,297.29789424220223
2731,Shanghai SouthCh - Nagoya,SEA,PILOT_TO_PILOT,5,2731,249,6,7,ToiMisaki,Tosa,31.845941566249852,132.32668497210943,48.89906075232415,12.0,546.3592053647674,297.0981011667827
2732,Shanghai SouthCh - Nagoya,SEA,PILOT_TO_PILOT,5,2732,250,6,7,ToiMisaki,Tosa,31.84811218847903,132.32965417615276,48.89906075232415,12.0,546.558998440187,296.8983080913631
2733,Shanghai SouthCh - Nagoya,SEA,PILOT_TO_PILOT,5,2733,251,6,7,ToiMisaki,Tosa,31.85028274173547,132.33262351994838,48.89906075232415,12.0,546.7587915156066,296.6985150159435
2734,Shanghai SouthCh - Nagoya,SEA,PILOT_TO_PILOT,5,2734,252,6,7,ToiMisaki,Tosa,31.8524532260101,132.33559300351027,48.89906075232415,12.0,546.9585845910262,296.49872194052386
2735,Shanghai SouthCh - Nagoya,SEA,PILOT_TO_PILOT,5,2735,253,6,7,ToiMisaki,Tosa,31.854623641293824,132.33856262685237,48.89906075232415,12.0,547.1583776664459,296.29892886510424
2736,Shanghai SouthCh - Nagoya,SEA,PILOT_TO_PILOT,5,2736,254,6,7,ToiMisaki,Tosa,31.856793987577586,132.3415323899886,48.89906075232415,12.0,547.3581707418655,296.0991357896846
2737,Shanghai SouthCh - Nagoya,SEA,PILOT_TO_PILOT,5,2737,255,6,7,ToiMisaki,Tosa,31.85896426485229,132.344502292933,48.89906075232415,12.0,547.5579638172851,295.899342714265
2738,Shanghai SouthCh - Nagoya,SEA,PILOT_TO_PILOT,5,2738,256,6,7,ToiMisaki,Tosa,31.861134473108873,132.34747233569945,48.89906075232415,12.0,547.7577568927047,295.6995496388454
2739,Shanghai SouthCh - Nagoya,SEA,PILOT_TO_PILOT,5,2739,257,6,7,ToiMisaki,Tosa,31.863304612338244,132.35044251830186,48.89906075232415,12.0,547.9575499681242,295.4997565634259
2740,Shanghai SouthCh - Nagoya,SEA,PILOT_TO_PILOT,5,2740,258,6,7,ToiMisaki,Tosa,31.865474682531318,132.35341284075432,48.89906075232415,12.0,548.1573430435438,295.29996348800626
2741,Shanghai SouthCh - Nagoya,SEA,PILOT_TO_PILOT,5,2741,259,6,7,ToiMisaki,Tosa,31.867644683679018,132.3563833030706,48.89906075232415,12.0,548.3571361189635,295.10017041258664
2742,Shanghai SouthCh - Nagoya,SEA,PILOT_TO_PILOT,5,2742,260,6,7,ToiMisaki,Tosa,31.869814615772253,132.35935390526478,48.89906075232415,12.0,548.5569291943831,294.900377337167
2743,Shanghai SouthCh - Nagoya,SEA,PILOT_TO_PILOT,5,2743,261,6,7,ToiMisaki,Tosa,31.871984478801945,132.3623246473508,48.89906075232415,12.0,548.7567222698027,294.7005842617474
2744,Shanghai SouthCh - Nagoya,SEA,PILOT_TO_PILOT,5,2744,262,6,7,ToiMisaki,Tosa,31.87415427275901,132.36529552934252,48.89906075232415,12.0,548.9565153452223,294.5007911863278
2745,Shanghai SouthCh - Nagoya,SEA,PILOT_TO_PILOT,5,2745,263,6,7,ToiMisaki,Tosa,31.876323997634355,132.36826655125398,48.89906075232415,12.0,549.1563084206418,294.30099811090827
2746,Shanghai SouthCh - Nagoya,SEA,PILOT_TO_PILOT,5,2746,264,6,7,ToiMisaki,Tosa,31.87849365341889,132.37123771309913,48.89906075232415,12.0,549.3561014960615,294.10120503548865
2747,Shanghai SouthCh - Nagoya,SEA,PILOT_TO_PILOT,5,2747,265,6,7,ToiMisaki,Tosa,31.88066324010353,132.37420901489187,48.89906075232415,12.0,549.5558945714811,293.901411960069
2748,Shanghai SouthCh - Nagoya,SEA,PILOT_TO_PILOT,5,2748,266,6,7,ToiMisaki,Tosa,31.88283275767919,132.3771804566462,48.89906075232415,12.0,549.7556876469007,293.7016188846494
2749,Shanghai SouthCh - Nagoya,SEA,PILOT_TO_PILOT,5,2749,267,6,7,ToiMisaki,Tosa,31.88500220613677,132.38015203837602,48.89906075232415,12.0,549.9554807223203,293.5018258092298
2750,Shanghai SouthCh - Nagoya,SEA,PILOT_TO_PILOT,5,2750,268,6,7,ToiMisaki,Tosa,31.88717158546719,132.38312376009532,48.89906075232415,12.0,550.1552737977399,293.30203273381017
2751,Shanghai SouthCh - Nagoya,SEA,PILOT_TO_PILOT,5,2751,269,6,7,ToiMisaki,Tosa,31.88934089566135,132.38609562181801,48.89906075232415,12.0,550.3550668731596,293.10223965839054
2752,Shanghai SouthCh - Nagoya,SEA,PILOT_TO_PILOT,5,2752,270,6,7,ToiMisaki,Tosa,31.89151013671015,132.3890676235581,48.89906075232415,12.0,550.5548599485792,292.9024465829709
2753,Shanghai SouthCh - Nagoya,SEA,PILOT_TO_PILOT,5,2753,271,6,7,ToiMisaki,Tosa,31.893679308604508,132.3920397653295,48.89906075232415,12.0,550.7546530239987,292.7026535075514
2754,Shanghai SouthCh - Nagoya,SEA,PILOT_TO_PILOT,5,2754,272,6,7,ToiMisaki,Tosa,31.89584841133532,132.39501204714622,48.89906075232415,12.0,550.9544460994183,292.5028604321318
2755,Shanghai SouthCh - Nagoya,SEA,PILOT_TO_PILOT,5,2755,273,6,7,ToiMisaki,Tosa,31.89801744489349,132.39798446902216,48.89906075232415,12.0,551.1542391748379,292.3030673567122
2756,Shanghai SouthCh - Nagoya,SEA,PILOT_TO_PILOT,5,2756,274,6,7,ToiMisaki,Tosa,31.90018640926993,132.40095703097128,48.89906075232415,12.0,551.3540322502575,292.10327428129256
2757,Shanghai SouthCh - Nagoya,SEA,PILOT_TO_PILOT,5,2757,275,6,7,ToiMisaki,Tosa,31.90235530445553,132.40392973300752,48.89906075232415,12.0,551.5538253256772,291.90348120587294
2758,Shanghai SouthCh - Nagoya,SEA,PILOT_TO_PILOT,5,2758,276,6,7,ToiMisaki,Tosa,31.904524130441196,132.40690257514487,48.89906075232415,12.0,551.7536184010968,291.7036881304533
2759,Shanghai SouthCh - Nagoya,SEA,PILOT_TO_PILOT,5,2759,277,6,7,ToiMisaki,Tosa,31.906692887217826,132.40987555739724,48.89906075232415,12.0,551.9534114765163,291.5038950550338
2760,Shanghai SouthCh - Nagoya,SEA,PILOT_TO_PILOT,5,2760,278,6,7,ToiMisaki,Tosa,31.908861574776324,132.41284867977862,48.89906075232415,12.0,552.1532045519359,291.3041019796142
2761,Shanghai SouthCh - Nagoya,SEA,PILOT_TO_PILOT,5,2761,279,6,7,ToiMisaki,Tosa,31.911030193107575,132.41582194230295,48.89906075232415,12.0,552.3529976273555,291.10430890419457
2762,Shanghai SouthCh - Nagoya,SEA,PILOT_TO_PILOT,5,2762,280,6,7,ToiMisaki,Tosa,31.913198742202486,132.4187953449842,48.89906075232415,12.0,552.5527907027752,290.90451582877495
2763,Shanghai SouthCh - Nagoya,SEA,PILOT_TO_PILOT,5,2763,281,6,7,ToiMisaki,Tosa,31.91536722205195,132.42176888783632,48.89906075232415,12.0,552.7525837781948,290.7047227533553
2764,Shanghai SouthCh - Nagoya,SEA,PILOT_TO_PILOT,5,2764,282,6,7,ToiMisaki,Tosa,31.917535632646864,132.4247425708732,48.89906075232415,12.0,552.9523768536144,290.5049296779357
2765,Shanghai SouthCh - Nagoya,SEA,PILOT_TO_PILOT,5,2765,283,6,7,ToiMisaki,Tosa,31.919703973978127,132.4277163941089,48.89906075232415,12.0,553.152169929034,290.3051366025161
2766,Shanghai SouthCh - Nagoya,SEA,PILOT_TO_PILOT,5,2766,284,6,7,ToiMisaki,Tosa,31.92187224603662,132.4306903575573,48.89906075232415,12.0,553.3519630044536,290.10534352709647
2767,Shanghai SouthCh - Nagoya,SEA,PILOT_TO_PILOT,5,2767,285,6,7,ToiMisaki,Tosa,31.924040448813237,132.43366446123238,48.89906075232415,12.0,553.5517560798731,289.90555045167696
2768,Shanghai SouthCh - Nagoya,SEA,PILOT_TO_PILOT,5,2768,286,6,7,ToiMisaki,Tosa,31.92620858229887,132.4366387051481,48.89906075232415,12.0,553.7515491552928,289.70575737625734
2769,Shanghai SouthCh - Nagoya,SEA,PILOT_TO_PILOT,5,2769,287,6,7,ToiMisaki,Tosa,31.928376646484413,132.4396130893184,48.89906075232415,12.0,553.9513422307124,289.5059643008377
2770,Shanghai SouthCh - Nagoya,SEA,PILOT_TO_PILOT,5,2770,288,6,7,ToiMisaki,Tosa,31.930544641360758,132.44258761375727,48.89906075232415,12.0,554.151135306132,289.3061712254181
2771,Shanghai SouthCh - Nagoya,SEA,PILOT_TO_PILOT,5,2771,289,6,7,ToiMisaki,Tosa,31.932712566918788,132.44556227847863,48.89906075232415,12.0,554.3509283815516,289.1063781499985
2772,Shanghai SouthCh - Nagoya,SEA,PILOT_TO_PILOT,5,2772,290,6,7,ToiMisaki,Tosa,31.934880423149387,132.44853708349643,48.89906075232415,12.0,554.5507214569712,288.90658507457886
2773,Shanghai SouthCh - Nagoya,SEA,PILOT_TO_PILOT,5,2773,291,6,7,ToiMisaki,Tosa,31.937048210043447,132.45151202882462,48.89906075232415,12.0,554.7505145323908,288.70679199915935
2774,Shanghai SouthCh - Nagoya,SEA,PILOT_TO_PILOT,5,2774,292,6,7,ToiMisaki,Tosa,31.93921592759185,132.45448711447725,48.89906075232415,12.0,554.9503076078104,288.50699892373973
2775,Shanghai SouthCh - Nagoya,SEA,PILOT_TO_PILOT,5,2775,293,6,7,ToiMisaki,Tosa,31.94138357578548,132.45746234046814,48.89906075232415,12.0,555.15010068323,288.3072058483201
2776,Shanghai SouthCh - Nagoya,SEA,PILOT_TO_PILOT,5,2776,294,6,7,ToiMisaki,Tosa,31.943551154615218,132.46043770681135,48.89906075232415,12.0,555.3498937586496,288.1074127729005
2777,Shanghai SouthCh - Nagoya,SEA,PILOT_TO_PILOT,5,2777,295,6,7,ToiMisaki,Tosa,31.945718664071954,132.46341321352077,48.89906075232415,12.0,555.5496868340692,287.90761969748087
2778,Shanghai SouthCh - Nagoya,SEA,PILOT_TO_PILOT,5,2778,296,6,7,ToiMisaki,Tosa,31.947886104146562,132.46638886061038,48.89906075232415,12.0,555.7494799094889,287.70782662206125
2779,Shanghai SouthCh - Nagoya,SEA,PILOT_TO_PILOT,5,2779,297,6,7,ToiMisaki,Tosa,31.95005347482992,132.46936464809417,48.89906075232415,12.0,555.9492729849085,287.5080335466416
2780,Shanghai SouthCh - Nagoya,SEA,PILOT_TO_PILOT,5,2780,298,6,7,ToiMisaki,Tosa,31.95222077611292,132.4723405759861,48.89906075232415,12.0,556.1490660603281,287.308240471222
2781,Shanghai SouthCh - Nagoya,SEA,PILOT_TO_PILOT,5,2781,299,6,7,ToiMisaki,Tosa,31.95438800798643,132.47531664430002,48.89906075232415,12.0,556.3488591357476,287.1084473958025
2782,Shanghai SouthCh - Nagoya,SEA,PILOT_TO_PILOT,5,2782,300,6,7,ToiMisaki,Tosa,31.956555170441327,132.47829285305,48.89906075232415,12.0,556.5486522111672,286.9086543203829
2783,Shanghai SouthCh - Nagoya,SEA,PILOT_TO_PILOT,5,2783,301,6,7,ToiMisaki,Tosa,31.9587222634685,132.48126920225,48.89906075232415,12.0,556.7484452865868,286.70886124496326
2784,Shanghai SouthCh - Nagoya,SEA,PILOT_TO_PILOT,5,2784,302,6,7,ToiMisaki,Tosa,31.960889287058812,132.48424569191388,48.89906075232415,12.0,556.9482383620065,286.50906816954364
2785,Shanghai SouthCh - Nagoya,SEA,PILOT_TO_PILOT,5,2785,303,6,7,ToiMisaki,Tosa,31.96305624120314,132.48722232205571,48.89906075232415,12.0,557.1480314374261,286.309275094124
2786,Shanghai SouthCh - Nagoya,SEA,PILOT_TO_PILOT,5,2786,304,6,7,ToiMisaki,Tosa,31.965223125892354,132.49019909268935,48.89906075232415,12.0,557.3478245128457,286.1094820187044
2787,Shanghai SouthCh - Nagoya,SEA,PILOT_TO_PILOT,5,2787,305,6,7,ToiMisaki,Tosa,31.967389941117336,132.49317600382884,48.89906075232415,12.0,557.5476175882652,285.9096889432849
2788,Shanghai SouthCh - Nagoya,SEA,PILOT_TO_PILOT,5,2788,306,6,7,ToiMisaki,Tosa,31.96955668686895,132.4961530554881,48.89906075232415,12.0,557.7474106636848,285.70989586786527
2789,Shanghai SouthCh - Nagoya,SEA,PILOT_TO_PILOT,5,2789,307,6,7,ToiMisaki,Tosa,31.971723363138064,132.49913024768108,48.89906075232415,12.0,557.9472037391045,285.51010279244565
2790,Shanghai SouthCh - Nagoya,SEA,PILOT_TO_PILOT,5,2790,308,6,7,ToiMisaki,Tosa,31.973889969915554,132.50210758042175,48.89906075232415,12.0,558.1469968145241,285.31030971702603
2791,Shanghai SouthCh - Nagoya,SEA,PILOT_TO_PILOT,5,2791,309,6,7,ToiMisaki,Tosa,31.976056507192304,132.5050850537241,48.89906075232415,12.0,558.3467898899437,285.1105166416064
2792,Shanghai SouthCh - Nagoya,SEA,PILOT_TO_PILOT,5,2792,310,6,7,ToiMisaki,Tosa,31.97822297495915,132.50806266760205,48.89906075232415,12.0,558.5465829653633,284.9107235661868
2793,Shanghai SouthCh - Nagoya,SEA,PILOT_TO_PILOT,5,2793,311,6,7,ToiMisaki,Tosa,31.980389373206986,132.51104042206958,48.89906075232415,12.0,558.7463760407829,284.71093049076717
2794,Shanghai SouthCh - Nagoya,SEA,PILOT_TO_PILOT,5,2794,312,6,7,ToiMisaki,Tosa,31.982555701926653,132.5140183171406,48.89906075232415,12.0,558.9461691162026,284.51113741534755
2795,Shanghai SouthCh - Nagoya,SEA,PILOT_TO_PILOT,5,2795,313,6,7,ToiMisaki,Tosa,31.98472196110903,132.51699635282915,48.89906075232415,12.0,559.1459621916221,284.31134433992804
2796,Shanghai SouthCh - Nagoya,SEA,PILOT_TO_PILOT,5,2796,314,6,7,ToiMisaki,Tosa,31.986888150744996,132.51997452914915,48.89906075232415,12.0,559.3457552670417,284.1115512645084
2797,Shanghai SouthCh - Nagoya,SEA,PILOT_TO_PILOT,5,2797,315,6,7,ToiMisaki,Tosa,31.989054270825378,132.52295284611455,48.89906075232415,12.0,559.5455483424613,283.9117581890888
2798,Shanghai SouthCh - Nagoya,SEA,PILOT_TO_PILOT,5,2798,316,6,7,ToiMisaki,Tosa,31.991220321341075,132.52593130373936,48.89906075232415,12.0,559.7453414178809,283.7119651136692
2799,Shanghai SouthCh - Nagoya,SEA,PILOT_TO_PILOT,5,2799,317,6,7,ToiMisaki,Tosa,31.993386302282918,132.52890990203747,48.89906075232415,12.0,559.9451344933005,283.51217203824956
2800,Shanghai SouthCh - Nagoya,SEA,PILOT_TO_PILOT,5,2800,318,6,7,ToiMisaki,Tosa,31.995552213641783,132.53188864102287,48.89906075232415,12.0,560.1449275687202,283.31237896282994
2801,Shanghai SouthCh - Nagoya,SEA,PILOT_TO_PILOT,5,2801,319,6,7,ToiMisaki,Tosa,31.99771805540853,132.53486752070953,48.89906075232415,12.0,560.3447206441397,283.11258588741043
2802,Shanghai SouthCh - Nagoya,SEA,PILOT_TO_PILOT,5,2802,320,6,7,ToiMisaki,Tosa,31.999883827574013,132.53784654111138,48.89906075232415,12.0,560.5445137195593,282.9127928119908
2803,Shanghai SouthCh - Nagoya,SEA,PILOT_TO_PILOT,5,2803,321,6,7,ToiMisaki,Tosa,32.00204953012909,132.54082570224247,48.89906075232415,12.0,560.7443067949789,282.7129997365712
2804,Shanghai SouthCh - Nagoya,SEA,PILOT_TO_PILOT,5,2804,322,6,7,ToiMisaki,Tosa,32.004215163064615,132.54380500411665,48.89906075232415,12.0,560.9440998703985,282.51320666115157
2805,Shanghai SouthCh - Nagoya,SEA,PILOT_TO_PILOT,5,2805,323,6,7,ToiMisaki,Tosa,32.00638072637145,132.54678444674795,48.89906075232415,12.0,561.1438929458182,282.31341358573195
2806,Shanghai SouthCh - Nagoya,SEA,PILOT_TO_PILOT,5,2806,324,6,7,ToiMisaki,Tosa,32.00854622004043,132.54976403015033,48.89906075232415,12.0,561.3436860212378,282.11362051031233
2807,Shanghai SouthCh - Nagoya,SEA,PILOT_TO_PILOT,5,2807,325,6,7,ToiMisaki,Tosa,32.01071164406243,132.5527437543377,48.89906075232415,12.0,561.5434790966574,281.9138274348927
2808,Shanghai SouthCh - Nagoya,SEA,PILOT_TO_PILOT,5,2808,326,6,7,ToiMisaki,Tosa,32.01287699842829,132.55572361932408,48.89906075232415,12.0,561.743272172077,281.7140343594731
2809,Shanghai SouthCh - Nagoya,SEA,PILOT_TO_PILOT,5,2809,327,6,7,ToiMisaki,Tosa,32.01504228312888,132.55870362512343,48.89906075232415,12.0,561.9430652474965,281.5142412840536
2810,Shanghai SouthCh - Nagoya,SEA,PILOT_TO_PILOT,5,2810,328,6,7,ToiMisaki,Tosa,32.01720749815502,132.56168377174964,48.89906075232415,12.0,562.1428583229161,281.31444820863396
2811,Shanghai SouthCh - Nagoya,SEA,PILOT_TO_PILOT,5,2811,329,6,7,ToiMisaki,Tosa,32.01937264349759,132.56466405921677,48.89906075232415,12.0,562.3426513983358,281.11465513321434
2812,Shanghai SouthCh - Nagoya,SEA,PILOT_TO_PILOT,5,2812,330,6,7,ToiMisaki,Tosa,32.021537719147425,132.56764448753873,48.89906075232415,12.0,562.5424444737554,280.9148620577947
2813,Shanghai SouthCh - Nagoya,SEA,PILOT_TO_PILOT,5,2813,331,6,7,ToiMisaki,Tosa,32.02370272509535,132.57062505672948,48.89906075232415,12.0,562.742237549175,280.7150689823751
2814,Shanghai SouthCh - Nagoya,SEA,PILOT_TO_PILOT,5,2814,332,6,7,ToiMisaki,Tosa,32.02586766133225,132.573605766803,48.89906075232415,12.0,562.9420306245946,280.5152759069555
2815,Shanghai SouthCh - Nagoya,SEA,PILOT_TO_PILOT,5,2815,333,6,7,ToiMisaki,Tosa,32.02803252784896,132.57658661777327,48.89906075232415,12.0,563.1418237000141,280.315482831536
2816,Shanghai SouthCh - Nagoya,SEA,PILOT_TO_PILOT,5,2816,334,6,7,ToiMisaki,Tosa,32.0301973246363,132.57956760965422,48.89906075232415,12.0,563.3416167754337,280.11568975611635
2817,Shanghai SouthCh - Nagoya,SEA,PILOT_TO_PILOT,5,2817,335,6,7,ToiMisaki,Tosa,32.03236205168514,132.58254874245984,48.89906075232415,12.0,563.5414098508534,279.91589668069673
2818,Shanghai SouthCh - Nagoya,SEA,PILOT_TO_PILOT,5,2818,336,6,7,ToiMisaki,Tosa,32.03452670898633,132.58553001620405,48.89906075232415,12.0,563.741202926273,279.7161036052771
2819,Shanghai SouthCh - Nagoya,SEA,PILOT_TO_PILOT,5,2819,337,6,7,ToiMisaki,Tosa,32.03669129653066,132.58851143090084,48.89906075232415,12.0,563.9409960016926,279.5163105298575
2820,Shanghai SouthCh - Nagoya,SEA,PILOT_TO_PILOT,5,2820,338,6,7,ToiMisaki,Tosa,32.038855814309045,132.59149298656422,48.89906075232415,12.0,564.1407890771122,279.31651745443787
2821,Shanghai SouthCh - Nagoya,SEA,PILOT_TO_PILOT,5,2821,339,6,7,ToiMisaki,Tosa,32.04102026231226,132.5944746832081,48.89906075232415,12.0,564.3405821525319,279.11672437901825
2822,Shanghai SouthCh - Nagoya,SEA,PILOT_TO_PILOT,5,2822,340,6,7,ToiMisaki,Tosa,32.04318464053118,132.59745652084644,48.89906075232415,12.0,564.5403752279515,278.91693130359863
2823,Shanghai SouthCh - Nagoya,SEA,PILOT_TO_PILOT,5,2823,341,6,7,ToiMisaki,Tosa,32.04534894895663,132.6004384994932,48.89906075232415,12.0,564.740168303371,278.7171382281791
2824,Shanghai SouthCh - Nagoya,SEA,PILOT_TO_PILOT,5,2824,342,6,7,ToiMisaki,Tosa,32.04751318757945,132.60342061916242,48.89906075232415,12.0,564.9399613787906,278.5173451527595
2825,Shanghai SouthCh - Nagoya,SEA,PILOT_TO_PILOT,5,2825,343,6,7,ToiMisaki,Tosa,32.04967735639048,132.606402879868,48.89906075232415,12.0,565.1397544542102,278.3175520773399
2826,Shanghai SouthCh - Nagoya,SEA,PILOT_TO_PILOT,5,2826,344,6,7,ToiMisaki,Tosa,32.05184145538055,132.60938528162393,48.89906075232415,12.0,565.3395475296298,278.11775900192026
2827,Shanghai SouthCh - Nagoya,SEA,PILOT_TO_PILOT,5,2827,345,6,7,ToiMisaki,Tosa,32.05400548454048,132.61236782444414,48.89906075232415,12.0,565.5393406050495,277.91796592650064
2828,Shanghai SouthCh - Nagoya,SEA,PILOT_TO_PILOT,5,2828,346,6,7,ToiMisaki,Tosa,32.05616944386114,132.6153505083426,48.89906075232415,12.0,565.7391336804691,277.718172851081
2829,Shanghai SouthCh - Nagoya,SEA,PILOT_TO_PILOT,6,2829,0,7,8,Tosa,Kashino ,32.05833333333333,132.61833333333334,66.3980969893422,12.0,565.9389267558886,277.5183797756615
2830,Shanghai SouthCh - Nagoya,SEA,PILOT_TO_PILOT,6,2830,1,7,8,Tosa,Kashino ,32.05966674787733,132.62193441968603,66.3980969893422,12.0,566.1388917431127,277.3184147884374
2831,Shanghai SouthCh - Nagoya,SEA,PILOT_TO_PILOT,6,2831,2,7,8,Tosa,Kashino ,32.0610000606027,132.62553561101495,66.3980969893422,12.0,566.3388567303369,277.11844980121316
2832,Shanghai SouthCh - Nagoya,SEA,PILOT_TO_PILOT,6,2832,3,7,8,Tosa,Kashino ,32.06233327150119,132.62913690732054,66.3980969893422,12.0,566.5388217175611,276.91848481398904
2833,Shanghai SouthCh - Nagoya,SEA,PILOT_TO_PILOT,6,2833,4,7,8,Tosa,Kashino ,32.06366638056456,132.6327383086033,66.3980969893422,12.0,566.7387867047853,276.7185198267648
2834,Shanghai SouthCh - Nagoya,SEA,PILOT_TO_PILOT,6,2834,5,7,8,Tosa,Kashino ,32.0649993877846,132.6363398148637,66.3980969893422,12.0,566.9387516920094,276.5185548395407
2835,Shanghai SouthCh - Nagoya,SEA,PILOT_TO_PILOT,6,2835,6,7,8,Tosa,Kashino ,32.06633229315305,132.6399414261022,66.3980969893422,12.0,567.1387166792337,276.31858985231645
2836,Shanghai SouthCh - Nagoya,SEA,PILOT_TO_PILOT,6,2836,7,7,8,Tosa,Kashino ,32.06766509666168,132.6435431423193,66.3980969893422,12.0,567.3386816664578,276.11862486509233
2837,Shanghai SouthCh - Nagoya,SEA,PILOT_TO_PILOT,6,2837,8,7,8,Tosa,Kashino ,32.06899779830225,132.6471449635154,66.3980969893422,12.0,567.5386466536819,275.9186598778682
2838,Shanghai SouthCh - Nagoya,SEA,PILOT_TO_PILOT,6,2838,9,7,8,Tosa,Kashino ,32.070330398066545,132.650746889691,66.3980969893422,12.0,567.7386116409061,275.718694890644
2839,Shanghai SouthCh - Nagoya,SEA,PILOT_TO_PILOT,6,2839,10,7,8,Tosa,Kashino ,32.071662895946304,132.65434892084656,66.3980969893422,12.0,567.9385766281302,275.51872990341985
2840,Shanghai SouthCh - Nagoya,SEA,PILOT_TO_PILOT,6,2840,11,7,8,Tosa,Kashino ,32.072995291933296,132.65795105698254,66.3980969893422,12.0,568.1385416153545,275.3187649161956
2841,Shanghai SouthCh - Nagoya,SEA,PILOT_TO_PILOT,6,2841,12,7,8,Tosa,Kashino ,32.074327586019294,132.6615532980994,66.3980969893422,12.0,568.3385066025786,275.1187999289715
2842,Shanghai SouthCh - Nagoya,SEA,PILOT_TO_PILOT,6,2842,13,7,8,Tosa,Kashino ,32.07565977819606,132.66515564419757,66.3980969893422,12.0,568.5384715898027,274.9188349417474
2843,Shanghai SouthCh - Nagoya,SEA,PILOT_TO_PILOT,6,2843,14,7,8,Tosa,Kashino ,32.07699186845536,132.66875809527755,66.3980969893422,12.0,568.738436577027,274.71886995452314
2844,Shanghai SouthCh - Nagoya,SEA,PILOT_TO_PILOT,6,2844,15,7,8,Tosa,Kashino ,32.07832385678895,132.67236065133974,66.3980969893422,12.0,568.9384015642511,274.518904967299
2845,Shanghai SouthCh - Nagoya,SEA,PILOT_TO_PILOT,6,2845,16,7,8,Tosa,Kashino ,32.079655743188596,132.67596331238462,66.3980969893422,12.0,569.1383665514753,274.3189399800748
2846,Shanghai SouthCh - Nagoya,SEA,PILOT_TO_PILOT,6,2846,17,7,8,Tosa,Kashino ,32.080987527646066,132.67956607841262,66.3980969893422,12.0,569.3383315386994,274.11897499285067
2847,Shanghai SouthCh - Nagoya,SEA,PILOT_TO_PILOT,6,2847,18,7,8,Tosa,Kashino ,32.08231921015312,132.68316894942416,66.3980969893422,12.0,569.5382965259237,273.91901000562643
2848,Shanghai SouthCh - Nagoya,SEA,PILOT_TO_PILOT,6,2848,19,7,8,Tosa,Kashino ,32.08365079070153,132.68677192541975,66.3980969893422,12.0,569.7382615131478,273.7190450184023
2849,Shanghai SouthCh - Nagoya,SEA,PILOT_TO_PILOT,6,2849,20,7,8,Tosa,Kashino ,32.08498226928304,132.69037500639982,66.3980969893422,12.0,569.9382265003719,273.5190800311782
2850,Shanghai SouthCh - Nagoya,SEA,PILOT_TO_PILOT,6,2850,21,7,8,Tosa,Kashino ,32.086313645889426,132.69397819236474,66.3980969893422,12.0,570.1381914875961,273.31911504395396
2851,Shanghai SouthCh - Nagoya,SEA,PILOT_TO_PILOT,6,2851,22,7,8,Tosa,Kashino ,32.08764492051246,132.69758148331505,66.3980969893422,12.0,570.3381564748203,273.11915005672984
2852,Shanghai SouthCh - Nagoya,SEA,PILOT_TO_PILOT,6,2852,23,7,8,Tosa,Kashino ,32.08897609314389,132.7011848792511,66.3980969893422,12.0,570.5381214620445,272.9191850695056
2853,Shanghai SouthCh - Nagoya,SEA,PILOT_TO_PILOT,6,2853,24,7,8,Tosa,Kashino ,32.09030716377548,132.70478838017334,66.3980969893422,12.0,570.7380864492686,272.7192200822815
2854,Shanghai SouthCh - Nagoya,SEA,PILOT_TO_PILOT,6,2854,25,7,8,Tosa,Kashino ,32.091638132399005,132.70839198608223,66.3980969893422,12.0,570.9380514364927,272.51925509505736
2855,Shanghai SouthCh - Nagoya,SEA,PILOT_TO_PILOT,6,2855,26,7,8,Tosa,Kashino ,32.09296899900621,132.71199569697822,66.3980969893422,12.0,571.138016423717,272.3192901078331
2856,Shanghai SouthCh - Nagoya,SEA,PILOT_TO_PILOT,6,2856,27,7,8,Tosa,Kashino ,32.09429976358887,132.71559951286167,66.3980969893422,12.0,571.3379814109411,272.119325120609
2857,Shanghai SouthCh - Nagoya,SEA,PILOT_TO_PILOT,6,2857,28,7,8,Tosa,Kashino ,32.09563042613876,132.71920343373307,66.3980969893422,12.0,571.5379463981653,271.91936013338477
2858,Shanghai SouthCh - Nagoya,SEA,PILOT_TO_PILOT,6,2858,29,7,8,Tosa,Kashino ,32.09696098664761,132.72280745959281,66.3980969893422,12.0,571.7379113853895,271.71939514616065
2859,Shanghai SouthCh - Nagoya,SEA,PILOT_TO_PILOT,6,2859,30,7,8,Tosa,Kashino ,32.09829144510722,132.72641159044136,66.3980969893422,12.0,571.9378763726137,271.5194301589364
2860,Shanghai SouthCh - Nagoya,SEA,PILOT_TO_PILOT,6,2860,31,7,8,Tosa,Kashino ,32.09962180150933,132.73001582627904,66.3980969893422,12.0,572.1378413598378,271.3194651717123
2861,Shanghai SouthCh - Nagoya,SEA,PILOT_TO_PILOT,6,2861,32,7,8,Tosa,Kashino ,32.10095205584571,132.73362016710638,66.3980969893422,12.0,572.3378063470619,271.1195001844882
2862,Shanghai SouthCh - Nagoya,SEA,PILOT_TO_PILOT,6,2862,33,7,8,Tosa,Kashino ,32.102282208108115,132.7372246129237,66.3980969893422,12.0,572.5377713342862,270.91953519726394
2863,Shanghai SouthCh - Nagoya,SEA,PILOT_TO_PILOT,6,2863,34,7,8,Tosa,Kashino ,32.103612258288315,132.7408291637315,66.3980969893422,12.0,572.7377363215103,270.7195702100398
2864,Shanghai SouthCh - Nagoya,SEA,PILOT_TO_PILOT,6,2864,35,7,8,Tosa,Kashino ,32.104942206378055,132.74443381953014,66.3980969893422,12.0,572.9377013087345,270.5196052228156
2865,Shanghai SouthCh - Nagoya,SEA,PILOT_TO_PILOT,6,2865,36,7,8,Tosa,Kashino ,32.10627205236913,132.74803858032007,66.3980969893422,12.0,573.1376662959586,270.31964023559146
2866,Shanghai SouthCh - Nagoya,SEA,PILOT_TO_PILOT,6,2866,37,7,8,Tosa,Kashino ,32.10760179625329,132.7516434461017,66.3980969893422,12.0,573.3376312831828,270.11967524836734
2867,Shanghai SouthCh - Nagoya,SEA,PILOT_TO_PILOT,6,2867,38,7,8,Tosa,Kashino ,32.10893143802227,132.7552484168754,66.3980969893422,12.0,573.537596270407,269.9197102611431
2868,Shanghai SouthCh - Nagoya,SEA,PILOT_TO_PILOT,6,2868,39,7,8,Tosa,Kashino ,32.11026097766786,132.75885349264158,66.3980969893422,12.0,573.7375612576311,269.719745273919
2869,Shanghai SouthCh - Nagoya,SEA,PILOT_TO_PILOT,6,2869,40,7,8,Tosa,Kashino ,32.11159041518183,132.76245867340066,66.3980969893422,12.0,573.9375262448553,269.51978028669475
2870,Shanghai SouthCh - Nagoya,SEA,PILOT_TO_PILOT,6,2870,41,7,8,Tosa,Kashino ,32.11291975055592,132.76606395915306,66.3980969893422,12.0,574.1374912320795,269.31981529947063
2871,Shanghai SouthCh - Nagoya,SEA,PILOT_TO_PILOT,6,2871,42,7,8,Tosa,Kashino ,32.11424898378189,132.76966934989912,66.3980969893422,12.0,574.3374562193037,269.1198503122464
2872,Shanghai SouthCh - Nagoya,SEA,PILOT_TO_PILOT,6,2872,43,7,8,Tosa,Kashino ,32.115578114851516,132.77327484563932,66.3980969893422,12.0,574.5374212065278,268.9198853250223
2873,Shanghai SouthCh - Nagoya,SEA,PILOT_TO_PILOT,6,2873,44,7,8,Tosa,Kashino ,32.116907143756556,132.776880446374,66.3980969893422,12.0,574.737386193752,268.71992033779816
2874,Shanghai SouthCh - Nagoya,SEA,PILOT_TO_PILOT,6,2874,45,7,8,Tosa,Kashino ,32.118236070488784,132.78048615210355,66.3980969893422,12.0,574.9373511809762,268.5199553505739
2875,Shanghai SouthCh - Nagoya,SEA,PILOT_TO_PILOT,6,2875,46,7,8,Tosa,Kashino ,32.11956489503993,132.78409196282843,66.3980969893422,12.0,575.1373161682003,268.3199903633498
2876,Shanghai SouthCh - Nagoya,SEA,PILOT_TO_PILOT,6,2876,47,7,8,Tosa,Kashino ,32.120893617401784,132.78769787854898,66.3980969893422,12.0,575.3372811554245,268.12002537612557
2877,Shanghai SouthCh - Nagoya,SEA,PILOT_TO_PILOT,6,2877,48,7,8,Tosa,Kashino ,32.12222223756609,132.79130389926556,66.3980969893422,12.0,575.5372461426487,267.92006038890145
2878,Shanghai SouthCh - Nagoya,SEA,PILOT_TO_PILOT,6,2878,49,7,8,Tosa,Kashino ,32.12355075552463,132.7949100249786,66.3980969893422,12.0,575.7372111298728,267.7200954016773
2879,Shanghai SouthCh - Nagoya,SEA,PILOT_TO_PILOT,6,2879,50,7,8,Tosa,Kashino ,32.12487917126915,132.7985162556885,66.3980969893422,12.0,575.937176117097,267.5201304144531
2880,Shanghai SouthCh - Nagoya,SEA,PILOT_TO_PILOT,6,2880,51,7,8,Tosa,Kashino ,32.12620748479141,132.8021225913956,66.3980969893422,12.0,576.1371411043211,267.32016542722897
2881,Shanghai SouthCh - Nagoya,SEA,PILOT_TO_PILOT,6,2881,52,7,8,Tosa,Kashino ,32.127535696083164,132.8057290321003,66.3980969893422,12.0,576.3371060915454,267.12020044000474
2882,Shanghai SouthCh - Nagoya,SEA,PILOT_TO_PILOT,6,2882,53,7,8,Tosa,Kashino ,32.128863805136206,132.80933557780298,66.3980969893422,12.0,576.5370710787695,266.9202354527806
2883,Shanghai SouthCh - Nagoya,SEA,PILOT_TO_PILOT,6,2883,54,7,8,Tosa,Kashino ,32.13019181194226,132.81294222850403,66.3980969893422,12.0,576.7370360659937,266.7202704655564
2884,Shanghai SouthCh - Nagoya,SEA,PILOT_TO_PILOT,6,2884,55,7,8,Tosa,Kashino ,32.1315197164931,132.8165489842038,66.3980969893422,12.0,576.9370010532178,266.52030547833226
2885,Shanghai SouthCh - Nagoya,SEA,PILOT_TO_PILOT,6,2885,56,7,8,Tosa,Kashino ,32.13284751878051,132.82015584490267,66.3980969893422,12.0,577.136966040442,266.32034049110814
2886,Shanghai SouthCh - Nagoya,SEA,PILOT_TO_PILOT,6,2886,57,7,8,Tosa,Kashino ,32.13417521879621,132.82376281060104,66.3980969893422,12.0,577.3369310276662,266.1203755038839
2887,Shanghai SouthCh - Nagoya,SEA,PILOT_TO_PILOT,6,2887,58,7,8,Tosa,Kashino ,32.13550281653199,132.82736988129926,66.3980969893422,12.0,577.5368960148903,265.9204105166598
2888,Shanghai SouthCh - Nagoya,SEA,PILOT_TO_PILOT,6,2888,59,7,8,Tosa,Kashino ,32.1368303119796,132.8309770569977,66.3980969893422,12.0,577.7368610021146,265.72044552943555
2889,Shanghai SouthCh - Nagoya,SEA,PILOT_TO_PILOT,6,2889,60,7,8,Tosa,Kashino ,32.13815770513081,132.8345843376967,66.3980969893422,12.0,577.9368259893387,265.52048054221143
2890,Shanghai SouthCh - Nagoya,SEA,PILOT_TO_PILOT,6,2890,61,7,8,Tosa,Kashino ,32.13948499597736,132.83819172339668,66.3980969893422,12.0,578.1367909765629,265.3205155549872
2891,Shanghai SouthCh - Nagoya,SEA,PILOT_TO_PILOT,6,2891,62,7,8,Tosa,Kashino ,32.140812184511034,132.84179921409796,66.3980969893422,12.0,578.336755963787,265.1205505677631
2892,Shanghai SouthCh - Nagoya,SEA,PILOT_TO_PILOT,6,2892,63,7,8,Tosa,Kashino ,32.14213927072358,132.84540680980092,66.3980969893422,12.0,578.5367209510111,264.92058558053895
2893,Shanghai SouthCh - Nagoya,SEA,PILOT_TO_PILOT,6,2893,64,7,8,Tosa,Kashino ,32.14346625460676,132.84901451050592,66.3980969893422,12.0,578.7366859382354,264.7206205933147
2894,Shanghai SouthCh - Nagoya,SEA,PILOT_TO_PILOT,6,2894,65,7,8,Tosa,Kashino ,32.14479313615234,132.85262231621329,66.3980969893422,12.0,578.9366509254595,264.5206556060906
2895,Shanghai SouthCh - Nagoya,SEA,PILOT_TO_PILOT,6,2895,66,7,8,Tosa,Kashino ,32.146119915352074,132.8562302269234,66.3980969893422,12.0,579.1366159126837,264.32069061886637
2896,Shanghai SouthCh - Nagoya,SEA,PILOT_TO_PILOT,6,2896,67,7,8,Tosa,Kashino ,32.147446592197724,132.8598382426366,66.3980969893422,12.0,579.3365808999079,264.12072563164224
2897,Shanghai SouthCh - Nagoya,SEA,PILOT_TO_PILOT,6,2897,68,7,8,Tosa,Kashino ,32.14877316668106,132.8634463633533,66.3980969893422,12.0,579.536545887132,263.9207606444181
2898,Shanghai SouthCh - Nagoya,SEA,PILOT_TO_PILOT,6,2898,69,7,8,Tosa,Kashino ,32.15009963879381,132.86705458907375,66.3980969893422,12.0,579.7365108743562,263.7207956571939
2899,Shanghai SouthCh - Nagoya,SEA,PILOT_TO_PILOT,6,2899,70,7,8,Tosa,Kashino ,32.15142600852777,132.87066291979835,66.3980969893422,12.0,579.9364758615803,263.52083066996977
2900,Shanghai SouthCh - Nagoya,SEA,PILOT_TO_PILOT,6,2900,71,7,8,Tosa,Kashino ,32.15275227587469,132.87427135552744,66.3980969893422,12.0,580.1364408488046,263.32086568274553
2901,Shanghai SouthCh - Nagoya,SEA,PILOT_TO_PILOT,6,2901,72,7,8,Tosa,Kashino ,32.15407844082632,132.8778798962614,66.3980969893422,12.0,580.3364058360287,263.1209006955214
2902,Shanghai SouthCh - Nagoya,SEA,PILOT_TO_PILOT,6,2902,73,7,8,Tosa,Kashino ,32.15540450337444,132.88148854200048,66.3980969893422,12.0,580.5363708232529,262.9209357082972
2903,Shanghai SouthCh - Nagoya,SEA,PILOT_TO_PILOT,6,2903,74,7,8,Tosa,Kashino ,32.15673046351078,132.88509729274512,66.3980969893422,12.0,580.736335810477,262.72097072107306
2904,Shanghai SouthCh - Nagoya,SEA,PILOT_TO_PILOT,6,2904,75,7,8,Tosa,Kashino ,32.15805632122713,132.8887061484956,66.3980969893422,12.0,580.9363007977012,262.52100573384894
2905,Shanghai SouthCh - Nagoya,SEA,PILOT_TO_PILOT,6,2905,76,7,8,Tosa,Kashino ,32.15938207651523,132.89231510925225,66.3980969893422,12.0,581.1362657849254,262.3210407466247
2906,Shanghai SouthCh - Nagoya,SEA,PILOT_TO_PILOT,6,2906,77,7,8,Tosa,Kashino ,32.16070772936684,132.89592417501547,66.3980969893422,12.0,581.3362307721495,262.1210757594006
2907,Shanghai SouthCh - Nagoya,SEA,PILOT_TO_PILOT,6,2907,78,7,8,Tosa,Kashino ,32.16203327977374,132.89953334578553,66.3980969893422,12.0,581.5361957593738,261.92111077217635
2908,Shanghai SouthCh - Nagoya,SEA,PILOT_TO_PILOT,6,2908,79,7,8,Tosa,Kashino ,32.16335872772766,132.90314262156275,66.3980969893422,12.0,581.7361607465979,261.7211457849522
2909,Shanghai SouthCh - Nagoya,SEA,PILOT_TO_PILOT,6,2909,80,7,8,Tosa,Kashino ,32.164684073220386,132.9067520023475,66.3980969893422,12.0,581.936125733822,261.5211807977281
2910,Shanghai SouthCh - Nagoya,SEA,PILOT_TO_PILOT,6,2910,81,7,8,Tosa,Kashino ,32.16600931624366,132.91036148814013,66.3980969893422,12.0,582.1360907210462,261.3212158105039
2911,Shanghai SouthCh - Nagoya,SEA,PILOT_TO_PILOT,6,2911,82,7,8,Tosa,Kashino ,32.16733445678925,132.91397107894088,66.3980969893422,12.0,582.3360557082704,261.12125082327975
2912,Shanghai SouthCh - Nagoya,SEA,PILOT_TO_PILOT,6,2912,83,7,8,Tosa,Kashino ,32.16865949484891,132.91758077475012,66.3980969893422,12.0,582.5360206954946,260.9212858360555
2913,Shanghai SouthCh - Nagoya,SEA,PILOT_TO_PILOT,6,2913,84,7,8,Tosa,Kashino ,32.1699844304144,132.9211905755682,66.3980969893422,12.0,582.7359856827187,260.7213208488314
2914,Shanghai SouthCh - Nagoya,SEA,PILOT_TO_PILOT,6,2914,85,7,8,Tosa,Kashino ,32.17130926347749,132.9248004813954,66.3980969893422,12.0,582.9359506699429,260.52135586160716
2915,Shanghai SouthCh - Nagoya,SEA,PILOT_TO_PILOT,6,2915,86,7,8,Tosa,Kashino ,32.172633994029916,132.92841049223205,66.3980969893422,12.0,583.1359156571671,260.32139087438304
2916,Shanghai SouthCh - Nagoya,SEA,PILOT_TO_PILOT,6,2916,87,7,8,Tosa,Kashino ,32.17395862206346,132.93202060807846,66.3980969893422,12.0,583.3358806443912,260.1214258871589
2917,Shanghai SouthCh - Nagoya,SEA,PILOT_TO_PILOT,6,2917,88,7,8,Tosa,Kashino ,32.17528314756987,132.93563082893493,66.3980969893422,12.0,583.5358456316154,259.9214608999347
2918,Shanghai SouthCh - Nagoya,SEA,PILOT_TO_PILOT,6,2918,89,7,8,Tosa,Kashino ,32.17660757054092,132.93924115480183,66.3980969893422,12.0,583.7358106188395,259.72149591271057
2919,Shanghai SouthCh - Nagoya,SEA,PILOT_TO_PILOT,6,2919,90,7,8,Tosa,Kashino ,32.17793189096834,132.9428515856794,66.3980969893422,12.0,583.9357756060638,259.52153092548633
2920,Shanghai SouthCh - Nagoya,SEA,PILOT_TO_PILOT,6,2920,91,7,8,Tosa,Kashino ,32.1792561088439,132.94646212156798,66.3980969893422,12.0,584.1357405932879,259.3215659382622
2921,Shanghai SouthCh - Nagoya,SEA,PILOT_TO_PILOT,6,2921,92,7,8,Tosa,Kashino ,32.18058022415938,132.95007276246787,66.3980969893422,12.0,584.335705580512,259.1216009510381
2922,Shanghai SouthCh - Nagoya,SEA,PILOT_TO_PILOT,6,2922,93,7,8,Tosa,Kashino ,32.18190423690651,132.95368350837936,66.3980969893422,12.0,584.5356705677362,258.92163596381386
2923,Shanghai SouthCh - Nagoya,SEA,PILOT_TO_PILOT,6,2923,94,7,8,Tosa,Kashino ,32.18322814707707,132.95729435930278,66.3980969893422,12.0,584.7356355549604,258.72167097658973
2924,Shanghai SouthCh - Nagoya,SEA,PILOT_TO_PILOT,6,2924,95,7,8,Tosa,Kashino ,32.1845519546628,132.96090531523842,66.3980969893422,12.0,584.9356005421846,258.5217059893655
2925,Shanghai SouthCh - Nagoya,SEA,PILOT_TO_PILOT,6,2925,96,7,8,Tosa,Kashino ,32.18587565965548,132.9645163761866,66.3980969893422,12.0,585.1355655294087,258.3217410021414
2926,Shanghai SouthCh - Nagoya,SEA,PILOT_TO_PILOT,6,2926,97,7,8,Tosa,Kashino ,32.187199262046846,132.96812754214756,66.3980969893422,12.0,585.335530516633,258.12177601491715
2927,Shanghai SouthCh - Nagoya,SEA,PILOT_TO_PILOT,6,2927,98,7,8,Tosa,Kashino ,32.188522761828665,132.97173881312162,66.3980969893422,12.0,585.5354955038571,257.921811027693
2928,Shanghai SouthCh - Nagoya,SEA,PILOT_TO_PILOT,6,2928,99,7,8,Tosa,Kashino ,32.1898461589927,132.9753501891091,66.3980969893422,12.0,585.7354604910812,257.7218460404689
2929,Shanghai SouthCh - Nagoya,SEA,PILOT_TO_PILOT,6,2929,100,7,8,Tosa,Kashino ,32.19116945353071,132.97896167011027,66.3980969893422,12.0,585.9354254783054,257.52188105324467
2930,Shanghai SouthCh - Nagoya,SEA,PILOT_TO_PILOT,6,2930,101,7,8,Tosa,Kashino ,32.19249264543445,132.9825732561254,66.3980969893422,12.0,586.1353904655296,257.32191606602055
2931,Shanghai SouthCh - Nagoya,SEA,PILOT_TO_PILOT,6,2931,102,7,8,Tosa,Kashino ,32.193815734695676,132.98618494715478,66.3980969893422,12.0,586.3353554527538,257.1219510787963
2932,Shanghai SouthCh - Nagoya,SEA,PILOT_TO_PILOT,6,2932,103,7,8,Tosa,Kashino ,32.195138721306144,132.98979674319875,66.3980969893422,12.0,586.5353204399779,256.9219860915722
2933,Shanghai SouthCh - Nagoya,SEA,PILOT_TO_PILOT,6,2933,104,7,8,Tosa,Kashino ,32.19646160525763,132.99340864425753,66.3980969893422,12.0,586.735285427202,256.7220211043481
2934,Shanghai SouthCh - Nagoya,SEA,PILOT_TO_PILOT,6,2934,105,7,8,Tosa,Kashino ,32.19778438654186,132.99702065033142,66.3980969893422,12.0,586.9352504144263,256.52205611712384
2935,Shanghai SouthCh - Nagoya,SEA,PILOT_TO_PILOT,6,2935,106,7,8,Tosa,Kashino ,32.19910706515062,133.00063276142072,66.3980969893422,12.0,587.1352154016504,256.3220911298997
2936,Shanghai SouthCh - Nagoya,SEA,PILOT_TO_PILOT,6,2936,107,7,8,Tosa,Kashino ,32.20042964107565,133.00424497752567,66.3980969893422,12.0,587.3351803888746,256.1221261426755
2937,Shanghai SouthCh - Nagoya,SEA,PILOT_TO_PILOT,6,2937,108,7,8,Tosa,Kashino ,32.20175211430872,133.00785729864657,66.3980969893422,12.0,587.5351453760987,255.92216115545136
2938,Shanghai SouthCh - Nagoya,SEA,PILOT_TO_PILOT,6,2938,109,7,8,Tosa,Kashino ,32.20307448484158,133.01146972478372,66.3980969893422,12.0,587.735110363323,255.72219616822713
2939,Shanghai SouthCh - Nagoya,SEA,PILOT_TO_PILOT,6,2939,110,7,8,Tosa,Kashino ,32.20439675266599,133.01508225593733,66.3980969893422,12.0,587.9350753505471,255.522231181003
2940,Shanghai SouthCh - Nagoya,SEA,PILOT_TO_PILOT,6,2940,111,7,8,Tosa,Kashino ,32.205718917773716,133.0186948921077,66.3980969893422,12.0,588.1350403377712,255.3222661937789
2941,Shanghai SouthCh - Nagoya,SEA,PILOT_TO_PILOT,6,2941,112,7,8,Tosa,Kashino ,32.207040980156506,133.0223076332951,66.3980969893422,12.0,588.3350053249954,255.12230120655465
2942,Shanghai SouthCh - Nagoya,SEA,PILOT_TO_PILOT,6,2942,113,7,8,Tosa,Kashino ,32.208362939806115,133.0259204794998,66.3980969893422,12.0,588.5349703122196,254.92233621933053
2943,Shanghai SouthCh - Nagoya,SEA,PILOT_TO_PILOT,6,2943,114,7,8,Tosa,Kashino ,32.209684796714306,133.02953343072204,66.3980969893422,12.0,588.7349352994438,254.7223712321063
2944,Shanghai SouthCh - Nagoya,SEA,PILOT_TO_PILOT,6,2944,115,7,8,Tosa,Kashino ,32.21100655087283,133.03314648696212,66.3980969893422,12.0,588.9349002866679,254.52240624488218
2945,Shanghai SouthCh - Nagoya,SEA,PILOT_TO_PILOT,6,2945,116,7,8,Tosa,Kashino ,32.21232820227346,133.03675964822028,66.3980969893422,12.0,589.134865273892,254.32244125765806
2946,Shanghai SouthCh - Nagoya,SEA,PILOT_TO_PILOT,6,2946,117,7,8,Tosa,Kashino ,32.21364975090795,133.04037291449677,66.3980969893422,12.0,589.3348302611163,254.12247627043382
2947,Shanghai SouthCh - Nagoya,SEA,PILOT_TO_PILOT,6,2947,118,7,8,Tosa,Kashino ,32.21497119676804,133.04398628579187,66.3980969893422,12.0,589.5347952483404,253.9225112832097
2948,Shanghai SouthCh - Nagoya,SEA,PILOT_TO_PILOT,6,2948,119,7,8,Tosa,Kashino ,32.21629253984549,133.0475997621058,66.3980969893422,12.0,589.7347602355646,253.72254629598547
2949,Shanghai SouthCh - Nagoya,SEA,PILOT_TO_PILOT,6,2949,120,7,8,Tosa,Kashino ,32.21761378013207,133.05121334343883,66.3980969893422,12.0,589.9347252227888,253.52258130876135
2950,Shanghai SouthCh - Nagoya,SEA,PILOT_TO_PILOT,6,2950,121,7,8,Tosa,Kashino ,32.218934917619535,133.05482702979123,66.3980969893422,12.0,590.134690210013,253.3226163215371
2951,Shanghai SouthCh - Nagoya,SEA,PILOT_TO_PILOT,6,2951,122,7,8,Tosa,Kashino ,32.22025595229964,133.05844082116323,66.3980969893422,12.0,590.3346551972371,253.122651334313
2952,Shanghai SouthCh - Nagoya,SEA,PILOT_TO_PILOT,6,2952,123,7,8,Tosa,Kashino ,32.221576884164136,133.06205471755507,66.3980969893422,12.0,590.5346201844612,252.92268634708887
2953,Shanghai SouthCh - Nagoya,SEA,PILOT_TO_PILOT,6,2953,124,7,8,Tosa,Kashino ,32.22289771320479,133.065668718967,66.3980969893422,12.0,590.7345851716855,252.72272135986464
2954,Shanghai SouthCh - Nagoya,SEA,PILOT_TO_PILOT,6,2954,125,7,8,Tosa,Kashino ,32.22421843941334,133.06928282539926,66.3980969893422,12.0,590.9345501589096,252.52275637264052
2955,Shanghai SouthCh - Nagoya,SEA,PILOT_TO_PILOT,6,2955,126,7,8,Tosa,Kashino ,32.225539062781564,133.0728970368521,66.3980969893422,12.0,591.1345151461338,252.32279138541628
2956,Shanghai SouthCh - Nagoya,SEA,PILOT_TO_PILOT,6,2956,127,7,8,Tosa,Kashino ,32.22685958330122,133.07651135332577,66.3980969893422,12.0,591.3344801333579,252.12282639819216
2957,Shanghai SouthCh - Nagoya,SEA,PILOT_TO_PILOT,6,2957,128,7,8,Tosa,Kashino ,32.228180000964045,133.0801257748205,66.3980969893422,12.0,591.5344451205822,251.92286141096793
2958,Shanghai SouthCh - Nagoya,SEA,PILOT_TO_PILOT,6,2958,129,7,8,Tosa,Kashino ,32.22950031576181,133.0837403013365,66.3980969893422,12.0,591.7344101078063,251.7228964237438
2959,Shanghai SouthCh - Nagoya,SEA,PILOT_TO_PILOT,6,2959,130,7,8,Tosa,Kashino ,32.230820527686255,133.087354932874,66.3980969893422,12.0,591.9343750950304,251.52293143651968
2960,Shanghai SouthCh - Nagoya,SEA,PILOT_TO_PILOT,6,2960,131,7,8,Tosa,Kashino ,32.23214063672917,133.0909696694333,66.3980969893422,12.0,592.1343400822547,251.32296644929545
2961,Shanghai SouthCh - Nagoya,SEA,PILOT_TO_PILOT,6,2961,132,7,8,Tosa,Kashino ,32.23346064288227,133.09458451101452,66.3980969893422,12.0,592.3343050694788,251.12300146207133
2962,Shanghai SouthCh - Nagoya,SEA,PILOT_TO_PILOT,6,2962,133,7,8,Tosa,Kashino ,32.234780546137344,133.098199457618,66.3980969893422,12.0,592.534270056703,250.9230364748471
2963,Shanghai SouthCh - Nagoya,SEA,PILOT_TO_PILOT,6,2963,134,7,8,Tosa,Kashino ,32.23610034648614,133.10181450924392,66.3980969893422,12.0,592.7342350439271,250.72307148762297
2964,Shanghai SouthCh - Nagoya,SEA,PILOT_TO_PILOT,6,2964,135,7,8,Tosa,Kashino ,32.2374200439204,133.10542966589247,66.3980969893422,12.0,592.9342000311512,250.52310650039885
2965,Shanghai SouthCh - Nagoya,SEA,PILOT_TO_PILOT,6,2965,136,7,8,Tosa,Kashino ,32.238739638431895,133.10904492756393,66.3980969893422,12.0,593.1341650183755,250.32314151317462
2966,Shanghai SouthCh - Nagoya,SEA,PILOT_TO_PILOT,6,2966,137,7,8,Tosa,Kashino ,32.240059130012376,133.1126602942585,66.3980969893422,12.0,593.3341300055996,250.1231765259505
2967,Shanghai SouthCh - Nagoya,SEA,PILOT_TO_PILOT,6,2967,138,7,8,Tosa,Kashino ,32.2413785186536,133.11627576597633,66.3980969893422,12.0,593.5340949928238,249.92321153872626
2968,Shanghai SouthCh - Nagoya,SEA,PILOT_TO_PILOT,6,2968,139,7,8,Tosa,Kashino ,32.24269780434732,133.11989134271772,66.3980969893422,12.0,593.734059980048,249.72324655150214
2969,Shanghai SouthCh - Nagoya,SEA,PILOT_TO_PILOT,6,2969,140,7,8,Tosa,Kashino ,32.2440169870853,133.1235070244829,66.3980969893422,12.0,593.9340249672721,249.52328156427802
2970,Shanghai SouthCh - Nagoya,SEA,PILOT_TO_PILOT,6,2970,141,7,8,Tosa,Kashino ,32.245336066859295,133.12712281127202,66.3980969893422,12.0,594.1339899544963,249.3233165770538
2971,Shanghai SouthCh - Nagoya,SEA,PILOT_TO_PILOT,6,2971,142,7,8,Tosa,Kashino ,32.24665504366106,133.1307387030853,66.3980969893422,12.0,594.3339549417204,249.12335158982967
2972,Shanghai SouthCh - Nagoya,SEA,PILOT_TO_PILOT,6,2972,143,7,8,Tosa,Kashino ,32.247973917482334,133.134354699923,66.3980969893422,12.0,594.5339199289447,248.92338660260543
2973,Shanghai SouthCh - Nagoya,SEA,PILOT_TO_PILOT,6,2973,144,7,8,Tosa,Kashino ,32.24929268831489,133.13797080178526,66.3980969893422,12.0,594.7338849161688,248.7234216153813
2974,Shanghai SouthCh - Nagoya,SEA,PILOT_TO_PILOT,6,2974,145,7,8,Tosa,Kashino ,32.25061135615048,133.1415870086723,66.3980969893422,12.0,594.933849903393,248.52345662815708
2975,Shanghai SouthCh - Nagoya,SEA,PILOT_TO_PILOT,6,2975,146,7,8,Tosa,Kashino ,32.251929920980864,133.14520332058436,66.3980969893422,12.0,595.1338148906171,248.32349164093296
2976,Shanghai SouthCh - Nagoya,SEA,PILOT_TO_PILOT,6,2976,147,7,8,Tosa,Kashino ,32.25324838279779,133.14881973752162,66.3980969893422,12.0,595.3337798778413,248.12352665370884
2977,Shanghai SouthCh - Nagoya,SEA,PILOT_TO_PILOT,6,2977,148,7,8,Tosa,Kashino ,32.25456674159302,133.15243625948426,66.3980969893422,12.0,595.5337448650655,247.9235616664846
2978,Shanghai SouthCh - Nagoya,SEA,PILOT_TO_PILOT,6,2978,149,7,8,Tosa,Kashino ,32.25588499735831,133.1560528864725,66.3980969893422,12.0,595.7337098522896,247.72359667926048
2979,Shanghai SouthCh - Nagoya,SEA,PILOT_TO_PILOT,6,2979,150,7,8,Tosa,Kashino ,32.25720315008541,133.15966961848653,66.3980969893422,12.0,595.9336748395139,247.52363169203625
2980,Shanghai SouthCh - Nagoya,SEA,PILOT_TO_PILOT,6,2980,151,7,8,Tosa,Kashino ,32.258521199766065,133.16328645552656,66.3980969893422,12.0,596.133639826738,247.32366670481213
2981,Shanghai SouthCh - Nagoya,SEA,PILOT_TO_PILOT,6,2981,152,7,8,Tosa,Kashino ,32.25983914639205,133.16690339759273,66.3980969893422,12.0,596.3336048139622,247.1237017175879
2982,Shanghai SouthCh - Nagoya,SEA,PILOT_TO_PILOT,6,2982,153,7,8,Tosa,Kashino ,32.261156989955126,133.17052044468525,66.3980969893422,12.0,596.5335698011863,246.92373673036377
2983,Shanghai SouthCh - Nagoya,SEA,PILOT_TO_PILOT,6,2983,154,7,8,Tosa,Kashino ,32.262474730447025,133.17413759680437,66.3980969893422,12.0,596.7335347884105,246.72377174313965
2984,Shanghai SouthCh - Nagoya,SEA,PILOT_TO_PILOT,6,2984,155,7,8,Tosa,Kashino ,32.26379236785952,133.1777548539502,66.3980969893422,12.0,596.9334997756347,246.52380675591542
2985,Shanghai SouthCh - Nagoya,SEA,PILOT_TO_PILOT,6,2985,156,7,8,Tosa,Kashino ,32.26510990218435,133.18137221612295,66.3980969893422,12.0,597.1334647628588,246.3238417686913
2986,Shanghai SouthCh - Nagoya,SEA,PILOT_TO_PILOT,6,2986,157,7,8,Tosa,Kashino ,32.26642733341328,133.1849896833228,66.3980969893422,12.0,597.333429750083,246.12387678146706
2987,Shanghai SouthCh - Nagoya,SEA,PILOT_TO_PILOT,6,2987,158,7,8,Tosa,Kashino ,32.26774466153807,133.18860725554993,66.3980969893422,12.0,597.5333947373072,245.92391179424294
2988,Shanghai SouthCh - Nagoya,SEA,PILOT_TO_PILOT,6,2988,159,7,8,Tosa,Kashino ,32.26906188655047,133.19222493280452,66.3980969893422,12.0,597.7333597245313,245.72394680701882
2989,Shanghai SouthCh - Nagoya,SEA,PILOT_TO_PILOT,6,2989,160,7,8,Tosa,Kashino ,32.27037900844222,133.19584271508677,66.3980969893422,12.0,597.9333247117555,245.52398181979459
2990,Shanghai SouthCh - Nagoya,SEA,PILOT_TO_PILOT,6,2990,161,7,8,Tosa,Kashino ,32.27169602720511,133.19946060239678,66.3980969893422,12.0,598.1332896989796,245.32401683257046
2991,Shanghai SouthCh - Nagoya,SEA,PILOT_TO_PILOT,6,2991,162,7,8,Tosa,Kashino ,32.27301294283085,133.20307859473482,66.3980969893422,12.0,598.3332546862039,245.12405184534623
2992,Shanghai SouthCh - Nagoya,SEA,PILOT_TO_PILOT,6,2992,163,7,8,Tosa,Kashino ,32.274329755311236,133.20669669210096,66.3980969893422,12.0,598.533219673428,244.9240868581221
2993,Shanghai SouthCh - Nagoya,SEA,PILOT_TO_PILOT,6,2993,164,7,8,Tosa,Kashino ,32.275646464637994,133.21031489449547,66.3980969893422,12.0,598.7331846606522,244.72412187089787
2994,Shanghai SouthCh - Nagoya,SEA,PILOT_TO_PILOT,6,2994,165,7,8,Tosa,Kashino ,32.27696307080291,133.21393320191842,66.3980969893422,12.0,598.9331496478763,244.52415688367375
2995,Shanghai SouthCh - Nagoya,SEA,PILOT_TO_PILOT,6,2995,166,7,8,Tosa,Kashino ,32.278279573797704,133.21755161437002,66.3980969893422,12.0,599.1331146351005,244.32419189644963
2996,Shanghai SouthCh - Nagoya,SEA,PILOT_TO_PILOT,6,2996,167,7,8,Tosa,Kashino ,32.279595973614136,133.22117013185047,66.3980969893422,12.0,599.3330796223247,244.1242269092254
2997,Shanghai SouthCh - Nagoya,SEA,PILOT_TO_PILOT,6,2997,168,7,8,Tosa,Kashino ,32.28091227024399,133.22478875435988,66.3980969893422,12.0,599.5330446095488,243.92426192200128
2998,Shanghai SouthCh - Nagoya,SEA,PILOT_TO_PILOT,6,2998,169,7,8,Tosa,Kashino ,32.28222846367899,133.22840748189842,66.3980969893422,12.0,599.7330095967731,243.72429693477704
2999,Shanghai SouthCh - Nagoya,SEA,PILOT_TO_PILOT,6,2999,170,7,8,Tosa,Kashino ,32.28354455391089,133.23202631446622,66.3980969893422,12.0,599.9329745839972,243.52433194755292
3000,Shanghai SouthCh - Nagoya,SEA,PILOT_TO_PILOT,6,3000,171,7,8,Tosa,Kashino ,32.284860540931476,133.2356452520635,66.3980969893422,12.0,600.1329395712214,243.3243669603287
3001,Shanghai SouthCh - Nagoya,SEA,PILOT_TO_PILOT,6,3001,172,7,8,Tosa,Kashino ,32.28617642473247,133.23926429469037,66.3980969893422,12.0,600.3329045584455,243.12440197310457
3002,Shanghai SouthCh - Nagoya,SEA,PILOT_TO_PILOT,6,3002,173,7,8,Tosa,Kashino ,32.28749220530564,133.24288344234697,66.3980969893422,12.0,600.5328695456697,242.92443698588045
3003,Shanghai SouthCh - Nagoya,SEA,PILOT_TO_PILOT,6,3003,174,7,8,Tosa,Kashino ,32.28880788264274,133.24650269503348,66.3980969893422,12.0,600.7328345328939,242.7244719986562
3004,Shanghai SouthCh - Nagoya,SEA,PILOT_TO_PILOT,6,3004,175,7,8,Tosa,Kashino ,32.29012345673553,133.25012205275004,66.3980969893422,12.0,600.932799520118,242.5245070114321
3005,Shanghai SouthCh - Nagoya,SEA,PILOT_TO_PILOT,6,3005,176,7,8,Tosa,Kashino ,32.29143892757573,133.25374151549676,66.3980969893422,12.0,601.1327645073422,242.32454202420786
3006,Shanghai SouthCh - Nagoya,SEA,PILOT_TO_PILOT,6,3006,177,7,8,Tosa,Kashino ,32.29275429515514,133.25736108327385,66.3980969893422,12.0,601.3327294945664,242.12457703698374
3007,Shanghai SouthCh - Nagoya,SEA,PILOT_TO_PILOT,6,3007,178,7,8,Tosa,Kashino ,32.2940695594655,133.26098075608138,66.3980969893422,12.0,601.5326944817905,241.92461204975962
3008,Shanghai SouthCh - Nagoya,SEA,PILOT_TO_PILOT,6,3008,179,7,8,Tosa,Kashino ,32.29538472049855,133.26460053391955,66.3980969893422,12.0,601.7326594690147,241.72464706253538
3009,Shanghai SouthCh - Nagoya,SEA,PILOT_TO_PILOT,6,3009,180,7,8,Tosa,Kashino ,32.29669977824605,133.26822041678844,66.3980969893422,12.0,601.9326244562388,241.52468207531126
3010,Shanghai SouthCh - Nagoya,SEA,PILOT_TO_PILOT,6,3010,181,7,8,Tosa,Kashino ,32.29801473269976,133.27184040468825,66.3980969893422,12.0,602.1325894434631,241.32471708808703
3011,Shanghai SouthCh - Nagoya,SEA,PILOT_TO_PILOT,6,3011,182,7,8,Tosa,Kashino ,32.29932958385143,133.27546049761904,66.3980969893422,12.0,602.3325544306872,241.1247521008629
3012,Shanghai SouthCh - Nagoya,SEA,PILOT_TO_PILOT,6,3012,183,7,8,Tosa,Kashino ,32.300644331692816,133.279080695581,66.3980969893422,12.0,602.5325194179113,240.92478711363879
3013,Shanghai SouthCh - Nagoya,SEA,PILOT_TO_PILOT,6,3013,184,7,8,Tosa,Kashino ,32.30195897621567,133.28270099857426,66.3980969893422,12.0,602.7324844051356,240.72482212641455
3014,Shanghai SouthCh - Nagoya,SEA,PILOT_TO_PILOT,6,3014,185,7,8,Tosa,Kashino ,32.30327351741174,133.2863214065989,66.3980969893422,12.0,602.9324493923597,240.52485713919043
3015,Shanghai SouthCh - Nagoya,SEA,PILOT_TO_PILOT,6,3015,186,7,8,Tosa,Kashino ,32.304587955272794,133.28994191965506,66.3980969893422,12.0,603.1324143795839,240.3248921519662
3016,Shanghai SouthCh - Nagoya,SEA,PILOT_TO_PILOT,6,3016,187,7,8,Tosa,Kashino ,32.30590228979057,133.2935625377429,66.3980969893422,12.0,603.332379366808,240.12492716474208
3017,Shanghai SouthCh - Nagoya,SEA,PILOT_TO_PILOT,6,3017,188,7,8,Tosa,Kashino ,32.307216520956835,133.29718326086254,66.3980969893422,12.0,603.5323443540323,239.92496217751784
3018,Shanghai SouthCh - Nagoya,SEA,PILOT_TO_PILOT,6,3018,189,7,8,Tosa,Kashino ,32.30853064876333,133.3008040890141,66.3980969893422,12.0,603.7323093412564,239.72499719029372
3019,Shanghai SouthCh - Nagoya,SEA,PILOT_TO_PILOT,6,3019,190,7,8,Tosa,Kashino ,32.309844673201816,133.30442502219762,66.3980969893422,12.0,603.9322743284805,239.5250322030696
3020,Shanghai SouthCh - Nagoya,SEA,PILOT_TO_PILOT,6,3020,191,7,8,Tosa,Kashino ,32.31115859426405,133.3080460604133,66.3980969893422,12.0,604.1322393157047,239.32506721584537
3021,Shanghai SouthCh - Nagoya,SEA,PILOT_TO_PILOT,6,3021,192,7,8,Tosa,Kashino ,32.312472411941776,133.31166720366122,66.3980969893422,12.0,604.3322043029289,239.12510222862124
3022,Shanghai SouthCh - Nagoya,SEA,PILOT_TO_PILOT,6,3022,193,7,8,Tosa,Kashino ,32.313786126226745,133.3152884519415,66.3980969893422,12.0,604.5321692901531,238.925137241397
3023,Shanghai SouthCh - Nagoya,SEA,PILOT_TO_PILOT,6,3023,194,7,8,Tosa,Kashino ,32.31509973711073,133.31890980525426,66.3980969893422,12.0,604.7321342773772,238.7251722541729
3024,Shanghai SouthCh - Nagoya,SEA,PILOT_TO_PILOT,6,3024,195,7,8,Tosa,Kashino ,32.31641324458546,133.32253126359961,66.3980969893422,12.0,604.9320992646014,238.52520726694866
3025,Shanghai SouthCh - Nagoya,SEA,PILOT_TO_PILOT,6,3025,196,7,8,Tosa,Kashino ,32.317726648642704,133.32615282697765,66.3980969893422,12.0,605.1320642518256,238.32524227972453
3026,Shanghai SouthCh - Nagoya,SEA,PILOT_TO_PILOT,6,3026,197,7,8,Tosa,Kashino ,32.319039949274206,133.32977449538848,66.3980969893422,12.0,605.3320292390497,238.1252772925004
3027,Shanghai SouthCh - Nagoya,SEA,PILOT_TO_PILOT,6,3027,198,7,8,Tosa,Kashino ,32.32035314647173,133.33339626883222,66.3980969893422,12.0,605.5319942262739,237.92531230527618
3028,Shanghai SouthCh - Nagoya,SEA,PILOT_TO_PILOT,6,3028,199,7,8,Tosa,Kashino ,32.32166624022702,133.3370181473089,66.3980969893422,12.0,605.731959213498,237.72534731805206
3029,Shanghai SouthCh - Nagoya,SEA,PILOT_TO_PILOT,6,3029,200,7,8,Tosa,Kashino ,32.322979230531836,133.3406401308187,66.3980969893422,12.0,605.9319242007223,237.52538233082782
3030,Shanghai SouthCh - Nagoya,SEA,PILOT_TO_PILOT,6,3030,201,7,8,Tosa,Kashino ,32.324292117377915,133.34426221936172,66.3980969893422,12.0,606.1318891879464,237.3254173436037
3031,Shanghai SouthCh - Nagoya,SEA,PILOT_TO_PILOT,6,3031,202,7,8,Tosa,Kashino ,32.325604900757035,133.34788441293804,66.3980969893422,12.0,606.3318541751705,237.12545235637958
3032,Shanghai SouthCh - Nagoya,SEA,PILOT_TO_PILOT,6,3032,203,7,8,Tosa,Kashino ,32.326917580660925,133.3515067115477,66.3980969893422,12.0,606.5318191623948,236.92548736915535
3033,Shanghai SouthCh - Nagoya,SEA,PILOT_TO_PILOT,6,3033,204,7,8,Tosa,Kashino ,32.328230157081364,133.35512911519083,66.3980969893422,12.0,606.7317841496189,236.72552238193123
3034,Shanghai SouthCh - Nagoya,SEA,PILOT_TO_PILOT,6,3034,205,7,8,Tosa,Kashino ,32.32954263001007,133.35875162386753,66.3980969893422,12.0,606.9317491368431,236.525557394707
3035,Shanghai SouthCh - Nagoya,SEA,PILOT_TO_PILOT,6,3035,206,7,8,Tosa,Kashino ,32.33085499943883,133.36237423757788,66.3980969893422,12.0,607.1317141240672,236.32559240748287
3036,Shanghai SouthCh - Nagoya,SEA,PILOT_TO_PILOT,6,3036,207,7,8,Tosa,Kashino ,32.33216726535937,133.36599695632196,66.3980969893422,12.0,607.3316791112914,236.12562742025875
3037,Shanghai SouthCh - Nagoya,SEA,PILOT_TO_PILOT,6,3037,208,7,8,Tosa,Kashino ,32.33347942776346,133.3696197800999,66.3980969893422,12.0,607.5316440985156,235.92566243303452
3038,Shanghai SouthCh - Nagoya,SEA,PILOT_TO_PILOT,6,3038,209,7,8,Tosa,Kashino ,32.33479148664284,133.37324270891168,66.3980969893422,12.0,607.7316090857397,235.7256974458104
3039,Shanghai SouthCh - Nagoya,SEA,PILOT_TO_PILOT,6,3039,210,7,8,Tosa,Kashino ,32.33610344198927,133.37686574275745,66.3980969893422,12.0,607.9315740729639,235.52573245858616
3040,Shanghai SouthCh - Nagoya,SEA,PILOT_TO_PILOT,6,3040,211,7,8,Tosa,Kashino ,32.337415293794514,133.3804888816373,66.3980969893422,12.0,608.1315390601881,235.32576747136204
3041,Shanghai SouthCh - Nagoya,SEA,PILOT_TO_PILOT,6,3041,212,7,8,Tosa,Kashino ,32.338727042050316,133.38411212555124,66.3980969893422,12.0,608.3315040474123,235.1258024841378
3042,Shanghai SouthCh - Nagoya,SEA,PILOT_TO_PILOT,6,3042,213,7,8,Tosa,Kashino ,32.3400386867484,133.3877354744994,66.3980969893422,12.0,608.5314690346364,234.9258374969137
3043,Shanghai SouthCh - Nagoya,SEA,PILOT_TO_PILOT,6,3043,214,7,8,Tosa,Kashino ,32.34135022788056,133.39135892848188,66.3980969893422,12.0,608.7314340218605,234.72587250968957
3044,Shanghai SouthCh - Nagoya,SEA,PILOT_TO_PILOT,6,3044,215,7,8,Tosa,Kashino ,32.34266166543853,133.39498248749865,66.3980969893422,12.0,608.9313990090848,234.52590752246533
3045,Shanghai SouthCh - Nagoya,SEA,PILOT_TO_PILOT,6,3045,216,7,8,Tosa,Kashino ,32.34397299941406,133.39860615154984,66.3980969893422,12.0,609.1313639963089,234.3259425352412
3046,Shanghai SouthCh - Nagoya,SEA,PILOT_TO_PILOT,6,3046,217,7,8,Tosa,Kashino ,32.34528422979891,133.40222992063556,66.3980969893422,12.0,609.3313289835331,234.12597754801698
3047,Shanghai SouthCh - Nagoya,SEA,PILOT_TO_PILOT,6,3047,218,7,8,Tosa,Kashino ,32.34659535658483,133.40585379475576,66.3980969893422,12.0,609.5312939707572,233.92601256079286
3048,Shanghai SouthCh - Nagoya,SEA,PILOT_TO_PILOT,6,3048,219,7,8,Tosa,Kashino ,32.347906379763565,133.40947777391062,66.3980969893422,12.0,609.7312589579815,233.72604757356862
3049,Shanghai SouthCh - Nagoya,SEA,PILOT_TO_PILOT,6,3049,220,7,8,Tosa,Kashino ,32.34921729932687,133.41310185810013,66.3980969893422,12.0,609.9312239452056,233.5260825863445
3050,Shanghai SouthCh - Nagoya,SEA,PILOT_TO_PILOT,6,3050,221,7,8,Tosa,Kashino ,32.3505281152665,133.41672604732437,66.3980969893422,12.0,610.1311889324297,233.32611759912038
3051,Shanghai SouthCh - Nagoya,SEA,PILOT_TO_PILOT,6,3051,222,7,8,Tosa,Kashino ,32.35183882757421,133.42035034158337,66.3980969893422,12.0,610.331153919654,233.12615261189615
3052,Shanghai SouthCh - Nagoya,SEA,PILOT_TO_PILOT,6,3052,223,7,8,Tosa,Kashino ,32.35314943624174,133.4239747408772,66.3980969893422,12.0,610.5311189068781,232.92618762467202
3053,Shanghai SouthCh - Nagoya,SEA,PILOT_TO_PILOT,6,3053,224,7,8,Tosa,Kashino ,32.35445994126086,133.42759924520595,66.3980969893422,12.0,610.7310838941023,232.7262226374478
3054,Shanghai SouthCh - Nagoya,SEA,PILOT_TO_PILOT,6,3054,225,7,8,Tosa,Kashino ,32.35577034262332,133.43122385456965,66.3980969893422,12.0,610.9310488813264,232.52625765022367
3055,Shanghai SouthCh - Nagoya,SEA,PILOT_TO_PILOT,6,3055,226,7,8,Tosa,Kashino ,32.35708064032085,133.43484856896828,66.3980969893422,12.0,611.1310138685506,232.32629266299955
3056,Shanghai SouthCh - Nagoya,SEA,PILOT_TO_PILOT,6,3056,227,7,8,Tosa,Kashino ,32.35839083434523,133.438473388402,66.3980969893422,12.0,611.3309788557748,232.12632767577531
3057,Shanghai SouthCh - Nagoya,SEA,PILOT_TO_PILOT,6,3057,228,7,8,Tosa,Kashino ,32.35970092468818,133.44209831287077,66.3980969893422,12.0,611.5309438429989,231.9263626885512
3058,Shanghai SouthCh - Nagoya,SEA,PILOT_TO_PILOT,6,3058,229,7,8,Tosa,Kashino ,32.36101091134149,133.4457233423747,66.3980969893422,12.0,611.7309088302231,231.72639770132696
3059,Shanghai SouthCh - Nagoya,SEA,PILOT_TO_PILOT,6,3059,230,7,8,Tosa,Kashino ,32.36232079429687,133.44934847691374,66.3980969893422,12.0,611.9308738174473,231.52643271410284
3060,Shanghai SouthCh - Nagoya,SEA,PILOT_TO_PILOT,6,3060,231,7,8,Tosa,Kashino ,32.363630573546104,133.452973716488,66.3980969893422,12.0,612.1308388046715,231.3264677268786
3061,Shanghai SouthCh - Nagoya,SEA,PILOT_TO_PILOT,6,3061,232,7,8,Tosa,Kashino ,32.36494024908093,133.4565990610975,66.3980969893422,12.0,612.3308037918956,231.12650273965448
3062,Shanghai SouthCh - Nagoya,SEA,PILOT_TO_PILOT,6,3062,233,7,8,Tosa,Kashino ,32.36624982089311,133.46022451074228,66.3980969893422,12.0,612.5307687791197,230.92653775243036
3063,Shanghai SouthCh - Nagoya,SEA,PILOT_TO_PILOT,6,3063,234,7,8,Tosa,Kashino ,32.36755928897438,133.46385006542235,66.3980969893422,12.0,612.730733766344,230.72657276520613
3064,Shanghai SouthCh - Nagoya,SEA,PILOT_TO_PILOT,6,3064,235,7,8,Tosa,Kashino ,32.3688686533165,133.46747572513777,66.3980969893422,12.0,612.9306987535681,230.526607777982
3065,Shanghai SouthCh - Nagoya,SEA,PILOT_TO_PILOT,6,3065,236,7,8,Tosa,Kashino ,32.37017791391121,133.47110148988858,66.3980969893422,12.0,613.1306637407923,230.32664279075777
3066,Shanghai SouthCh - Nagoya,SEA,PILOT_TO_PILOT,6,3066,237,7,8,Tosa,Kashino ,32.371487070750284,133.47472735967474,66.3980969893422,12.0,613.3306287280164,230.12667780353365
3067,Shanghai SouthCh - Nagoya,SEA,PILOT_TO_PILOT,6,3067,238,7,8,Tosa,Kashino ,32.37279612382547,133.47835333449635,66.3980969893422,12.0,613.5305937152407,229.92671281630942
3068,Shanghai SouthCh - Nagoya,SEA,PILOT_TO_PILOT,6,3068,239,7,8,Tosa,Kashino ,32.3741050731285,133.4819794143534,66.3980969893422,12.0,613.7305587024648,229.7267478290853
3069,Shanghai SouthCh - Nagoya,SEA,PILOT_TO_PILOT,6,3069,240,7,8,Tosa,Kashino ,32.37541391865113,133.48560559924587,66.3980969893422,12.0,613.9305236896889,229.52678284186118
3070,Shanghai SouthCh - Nagoya,SEA,PILOT_TO_PILOT,6,3070,241,7,8,Tosa,Kashino ,32.37672266038513,133.48923188917388,66.3980969893422,12.0,614.1304886769132,229.32681785463694
3071,Shanghai SouthCh - Nagoya,SEA,PILOT_TO_PILOT,6,3071,242,7,8,Tosa,Kashino ,32.37803129832222,133.49285828413736,66.3980969893422,12.0,614.3304536641373,229.12685286741282
3072,Shanghai SouthCh - Nagoya,SEA,PILOT_TO_PILOT,6,3072,243,7,8,Tosa,Kashino ,32.379339832454185,133.49648478413638,66.3980969893422,12.0,614.5304186513615,228.9268878801886
3073,Shanghai SouthCh - Nagoya,SEA,PILOT_TO_PILOT,6,3073,244,7,8,Tosa,Kashino ,32.38064826277276,133.50011138917088,66.3980969893422,12.0,614.7303836385856,228.72692289296447
3074,Shanghai SouthCh - Nagoya,SEA,PILOT_TO_PILOT,6,3074,245,7,8,Tosa,Kashino ,32.38195658926969,133.503738099241,66.3980969893422,12.0,614.9303486258098,228.52695790574035
3075,Shanghai SouthCh - Nagoya,SEA,PILOT_TO_PILOT,6,3075,246,7,8,Tosa,Kashino ,32.38326481193675,133.5073649143466,66.3980969893422,12.0,615.130313613034,228.3269929185161
3076,Shanghai SouthCh - Nagoya,SEA,PILOT_TO_PILOT,6,3076,247,7,8,Tosa,Kashino ,32.38457293076565,133.51099183448778,66.3980969893422,12.0,615.3302786002581,228.127027931292
3077,Shanghai SouthCh - Nagoya,SEA,PILOT_TO_PILOT,6,3077,248,7,8,Tosa,Kashino ,32.38588094574817,133.51461885966455,66.3980969893422,12.0,615.5302435874823,227.92706294406776
3078,Shanghai SouthCh - Nagoya,SEA,PILOT_TO_PILOT,6,3078,249,7,8,Tosa,Kashino ,32.387188856876065,133.51824598987685,66.3980969893422,12.0,615.7302085747065,227.72709795684364
3079,Shanghai SouthCh - Nagoya,SEA,PILOT_TO_PILOT,6,3079,250,7,8,Tosa,Kashino ,32.38849666414107,133.52187322512475,66.3980969893422,12.0,615.9301735619306,227.52713296961952
3080,Shanghai SouthCh - Nagoya,SEA,PILOT_TO_PILOT,6,3080,251,7,8,Tosa,Kashino ,32.38980436753495,133.5255005654082,66.3980969893422,12.0,616.1301385491548,227.32716798239528
3081,Shanghai SouthCh - Nagoya,SEA,PILOT_TO_PILOT,6,3081,252,7,8,Tosa,Kashino ,32.39111196704944,133.52912801072722,66.3980969893422,12.0,616.3301035363789,227.12720299517116
3082,Shanghai SouthCh - Nagoya,SEA,PILOT_TO_PILOT,6,3082,253,7,8,Tosa,Kashino ,32.392419462676294,133.5327555610818,66.3980969893422,12.0,616.5300685236032,226.92723800794693
3083,Shanghai SouthCh - Nagoya,SEA,PILOT_TO_PILOT,6,3083,254,7,8,Tosa,Kashino ,32.39372685440728,133.53638321647196,66.3980969893422,12.0,616.7300335108273,226.7272730207228
3084,Shanghai SouthCh - Nagoya,SEA,PILOT_TO_PILOT,6,3084,255,7,8,Tosa,Kashino ,32.39503414223413,133.5400109768977,66.3980969893422,12.0,616.9299984980515,226.52730803349857
3085,Shanghai SouthCh - Nagoya,SEA,PILOT_TO_PILOT,6,3085,256,7,8,Tosa,Kashino ,32.3963413261486,133.54363884235892,66.3980969893422,12.0,617.1299634852757,226.32734304627445
3086,Shanghai SouthCh - Nagoya,SEA,PILOT_TO_PILOT,6,3086,257,7,8,Tosa,Kashino ,32.39764840614245,133.5472668128557,66.3980969893422,12.0,617.3299284724998,226.12737805905033
3087,Shanghai SouthCh - Nagoya,SEA,PILOT_TO_PILOT,6,3087,258,7,8,Tosa,Kashino ,32.39895538220741,133.550894888388,66.3980969893422,12.0,617.529893459724,225.9274130718261
3088,Shanghai SouthCh - Nagoya,SEA,PILOT_TO_PILOT,6,3088,259,7,8,Tosa,Kashino ,32.40026225433525,133.55452306895575,66.3980969893422,12.0,617.7298584469481,225.72744808460197
3089,Shanghai SouthCh - Nagoya,SEA,PILOT_TO_PILOT,6,3089,260,7,8,Tosa,Kashino ,32.40156902251771,133.55815135455902,66.3980969893422,12.0,617.9298234341724,225.52748309737774
3090,Shanghai SouthCh - Nagoya,SEA,PILOT_TO_PILOT,6,3090,261,7,8,Tosa,Kashino ,32.40287568674655,133.56177974519778,66.3980969893422,12.0,618.1297884213965,225.32751811015362
3091,Shanghai SouthCh - Nagoya,SEA,PILOT_TO_PILOT,6,3091,262,7,8,Tosa,Kashino ,32.404182247013516,133.56540824087196,66.3980969893422,12.0,618.3297534086207,225.12755312292938
3092,Shanghai SouthCh - Nagoya,SEA,PILOT_TO_PILOT,6,3092,263,7,8,Tosa,Kashino ,32.40548870331034,133.56903684158152,66.3980969893422,12.0,618.5297183958448,224.92758813570526
3093,Shanghai SouthCh - Nagoya,SEA,PILOT_TO_PILOT,6,3093,264,7,8,Tosa,Kashino ,32.406795055628805,133.57266554732652,66.3980969893422,12.0,618.729683383069,224.72762314848114
3094,Shanghai SouthCh - Nagoya,SEA,PILOT_TO_PILOT,6,3094,265,7,8,Tosa,Kashino ,32.40810130396064,133.57629435810685,66.3980969893422,12.0,618.9296483702932,224.5276581612569
3095,Shanghai SouthCh - Nagoya,SEA,PILOT_TO_PILOT,6,3095,266,7,8,Tosa,Kashino ,32.40940744829759,133.57992327392256,66.3980969893422,12.0,619.1296133575173,224.3276931740328
3096,Shanghai SouthCh - Nagoya,SEA,PILOT_TO_PILOT,6,3096,267,7,8,Tosa,Kashino ,32.41071348863144,133.58355229477354,66.3980969893422,12.0,619.3295783447415,224.12772818680855
3097,Shanghai SouthCh - Nagoya,SEA,PILOT_TO_PILOT,6,3097,268,7,8,Tosa,Kashino ,32.41201942495389,133.58718142065982,66.3980969893422,12.0,619.5295433319657,223.92776319958443
3098,Shanghai SouthCh - Nagoya,SEA,PILOT_TO_PILOT,6,3098,269,7,8,Tosa,Kashino ,32.41332525725673,133.5908106515813,66.3980969893422,12.0,619.7295083191898,223.7277982123603
3099,Shanghai SouthCh - Nagoya,SEA,PILOT_TO_PILOT,6,3099,270,7,8,Tosa,Kashino ,32.41463098553169,133.594439987538,66.3980969893422,12.0,619.929473306414,223.52783322513608
3100,Shanghai SouthCh - Nagoya,SEA,PILOT_TO_PILOT,6,3100,271,7,8,Tosa,Kashino ,32.415936609770526,133.59806942852987,66.3980969893422,12.0,620.1294382936381,223.32786823791196
3101,Shanghai SouthCh - Nagoya,SEA,PILOT_TO_PILOT,6,3101,272,7,8,Tosa,Kashino ,32.417242129965,133.60169897455685,66.3980969893422,12.0,620.3294032808624,223.12790325068772
3102,Shanghai SouthCh - Nagoya,SEA,PILOT_TO_PILOT,6,3102,273,7,8,Tosa,Kashino ,32.418547546106836,133.60532862561888,66.3980969893422,12.0,620.5293682680865,222.9279382634636
3103,Shanghai SouthCh - Nagoya,SEA,PILOT_TO_PILOT,6,3103,274,7,8,Tosa,Kashino ,32.419852858187795,133.60895838171598,66.3980969893422,12.0,620.7293332553106,222.72797327623948
3104,Shanghai SouthCh - Nagoya,SEA,PILOT_TO_PILOT,6,3104,275,7,8,Tosa,Kashino ,32.421158066199645,133.61258824284803,66.3980969893422,12.0,620.9292982425349,222.52800828901525
3105,Shanghai SouthCh - Nagoya,SEA,PILOT_TO_PILOT,6,3105,276,7,8,Tosa,Kashino ,32.422463170134115,133.61621820901502,66.3980969893422,12.0,621.129263229759,222.32804330179113
3106,Shanghai SouthCh - Nagoya,SEA,PILOT_TO_PILOT,6,3106,277,7,8,Tosa,Kashino ,32.42376816998296,133.61984828021693,66.3980969893422,12.0,621.3292282169832,222.1280783145669
3107,Shanghai SouthCh - Nagoya,SEA,PILOT_TO_PILOT,6,3107,278,7,8,Tosa,Kashino ,32.425073065737934,133.62347845645365,66.3980969893422,12.0,621.5291932042073,221.92811332734277
3108,Shanghai SouthCh - Nagoya,SEA,PILOT_TO_PILOT,6,3108,279,7,8,Tosa,Kashino ,32.42637785739078,133.62710873772517,66.3980969893422,12.0,621.7291581914316,221.72814834011854
3109,Shanghai SouthCh - Nagoya,SEA,PILOT_TO_PILOT,6,3109,280,7,8,Tosa,Kashino ,32.42768254493325,133.63073912403138,66.3980969893422,12.0,621.9291231786557,221.52818335289442
3110,Shanghai SouthCh - Nagoya,SEA,PILOT_TO_PILOT,6,3110,281,7,8,Tosa,Kashino ,32.4289871283571,133.63436961537226,66.3980969893422,12.0,622.1290881658798,221.3282183656703
3111,Shanghai SouthCh - Nagoya,SEA,PILOT_TO_PILOT,6,3111,282,7,8,Tosa,Kashino ,32.43029160765407,133.63800021174774,66.3980969893422,12.0,622.329053153104,221.12825337844606
3112,Shanghai SouthCh - Nagoya,SEA,PILOT_TO_PILOT,6,3112,283,7,8,Tosa,Kashino ,32.43159598281592,133.64163091315774,66.3980969893422,12.0,622.5290181403282,220.92828839122194
3113,Shanghai SouthCh - Nagoya,SEA,PILOT_TO_PILOT,6,3113,284,7,8,Tosa,Kashino ,32.43290025383439,133.64526171960225,66.3980969893422,12.0,622.7289831275524,220.7283234039977
3114,Shanghai SouthCh - Nagoya,SEA,PILOT_TO_PILOT,6,3114,285,7,8,Tosa,Kashino ,32.434204420701235,133.64889263108117,66.3980969893422,12.0,622.9289481147765,220.52835841677359
3115,Shanghai SouthCh - Nagoya,SEA,PILOT_TO_PILOT,6,3115,286,7,8,Tosa,Kashino ,32.435508483408206,133.65252364759436,66.3980969893422,12.0,623.1289131020008,220.32839342954935
3116,Shanghai SouthCh - Nagoya,SEA,PILOT_TO_PILOT,6,3116,287,7,8,Tosa,Kashino ,32.43681244194705,133.6561547691419,66.3980969893422,12.0,623.3288780892249,220.12842844232523
3117,Shanghai SouthCh - Nagoya,SEA,PILOT_TO_PILOT,6,3117,288,7,8,Tosa,Kashino ,32.4381162963095,133.6597859957236,66.3980969893422,12.0,623.528843076449,219.9284634551011
3118,Shanghai SouthCh - Nagoya,SEA,PILOT_TO_PILOT,6,3118,289,7,8,Tosa,Kashino ,32.43942004648734,133.66341732733943,66.3980969893422,12.0,623.7288080636732,219.72849846787688
3119,Shanghai SouthCh - Nagoya,SEA,PILOT_TO_PILOT,6,3119,290,7,8,Tosa,Kashino ,32.440723692472304,133.66704876398933,66.3980969893422,12.0,623.9287730508973,219.52853348065275
3120,Shanghai SouthCh - Nagoya,SEA,PILOT_TO_PILOT,6,3120,291,7,8,Tosa,Kashino ,32.44202723425612,133.67068030567316,66.3980969893422,12.0,624.1287380381216,219.32856849342852
3121,Shanghai SouthCh - Nagoya,SEA,PILOT_TO_PILOT,6,3121,292,7,8,Tosa,Kashino ,32.443330671830566,133.6743119523909,66.3980969893422,12.0,624.3287030253457,219.1286035062044
3122,Shanghai SouthCh - Nagoya,SEA,PILOT_TO_PILOT,6,3122,293,7,8,Tosa,Kashino ,32.44463400518738,133.67794370414242,66.3980969893422,12.0,624.5286680125698,218.92863851898028
3123,Shanghai SouthCh - Nagoya,SEA,PILOT_TO_PILOT,6,3123,294,7,8,Tosa,Kashino ,32.445937234318315,133.68157556092768,66.3980969893422,12.0,624.7286329997941,218.72867353175604
3124,Shanghai SouthCh - Nagoya,SEA,PILOT_TO_PILOT,6,3124,295,7,8,Tosa,Kashino ,32.44724035921512,133.6852075227466,66.3980969893422,12.0,624.9285979870182,218.52870854453192
3125,Shanghai SouthCh - Nagoya,SEA,PILOT_TO_PILOT,6,3125,296,7,8,Tosa,Kashino ,32.44854337986954,133.68883958959904,66.3980969893422,12.0,625.1285629742424,218.3287435573077
3126,Shanghai SouthCh - Nagoya,SEA,PILOT_TO_PILOT,6,3126,297,7,8,Tosa,Kashino ,32.44984629627332,133.69247176148494,66.3980969893422,12.0,625.3285279614665,218.12877857008357
3127,Shanghai SouthCh - Nagoya,SEA,PILOT_TO_PILOT,6,3127,298,7,8,Tosa,Kashino ,32.45114910841822,133.6961040384042,66.3980969893422,12.0,625.5284929486908,217.92881358285933
3128,Shanghai SouthCh - Nagoya,SEA,PILOT_TO_PILOT,6,3128,299,7,8,Tosa,Kashino ,32.452451816295984,133.69973642035674,66.3980969893422,12.0,625.7284579359149,217.7288485956352
3129,Shanghai SouthCh - Nagoya,SEA,PILOT_TO_PILOT,6,3129,300,7,8,Tosa,Kashino ,32.45375441989836,133.70336890734248,66.3980969893422,12.0,625.928422923139,217.5288836084111
3130,Shanghai SouthCh - Nagoya,SEA,PILOT_TO_PILOT,6,3130,301,7,8,Tosa,Kashino ,32.45505691921711,133.70700149936127,66.3980969893422,12.0,626.1283879103632,217.32891862118686
3131,Shanghai SouthCh - Nagoya,SEA,PILOT_TO_PILOT,6,3131,302,7,8,Tosa,Kashino ,32.456359314243954,133.71063419641303,66.3980969893422,12.0,626.3283528975874,217.12895363396274
3132,Shanghai SouthCh - Nagoya,SEA,PILOT_TO_PILOT,6,3132,303,7,8,Tosa,Kashino ,32.45766160497067,133.7142669984977,66.3980969893422,12.0,626.5283178848116,216.9289886467385
3133,Shanghai SouthCh - Nagoya,SEA,PILOT_TO_PILOT,6,3133,304,7,8,Tosa,Kashino ,32.45896379138899,133.7178999056151,66.3980969893422,12.0,626.7282828720357,216.72902365951438
3134,Shanghai SouthCh - Nagoya,SEA,PILOT_TO_PILOT,6,3134,305,7,8,Tosa,Kashino ,32.46026587349068,133.7215329177652,66.3980969893422,12.0,626.92824785926,216.52905867229015
3135,Shanghai SouthCh - Nagoya,SEA,PILOT_TO_PILOT,6,3135,306,7,8,Tosa,Kashino ,32.46156785126745,133.72516603494782,66.3980969893422,12.0,627.1282128464841,216.32909368506603
3136,Shanghai SouthCh - Nagoya,SEA,PILOT_TO_PILOT,6,3136,307,7,8,Tosa,Kashino ,32.4628697247111,133.72879925716293,66.3980969893422,12.0,627.3281778337082,216.1291286978419
3137,Shanghai SouthCh - Nagoya,SEA,PILOT_TO_PILOT,6,3137,308,7,8,Tosa,Kashino ,32.46417149381335,133.7324325844104,66.3980969893422,12.0,627.5281428209324,215.92916371061767
3138,Shanghai SouthCh - Nagoya,SEA,PILOT_TO_PILOT,6,3138,309,7,8,Tosa,Kashino ,32.465473158565956,133.73606601669005,66.3980969893422,12.0,627.7281078081566,215.72919872339355
3139,Shanghai SouthCh - Nagoya,SEA,PILOT_TO_PILOT,6,3139,310,7,8,Tosa,Kashino ,32.466774718960664,133.73969955400182,66.3980969893422,12.0,627.9280727953808,215.52923373616932
3140,Shanghai SouthCh - Nagoya,SEA,PILOT_TO_PILOT,6,3140,311,7,8,Tosa,Kashino ,32.468076174989214,133.74333319634556,66.3980969893422,12.0,628.1280377826049,215.3292687489452
3141,Shanghai SouthCh - Nagoya,SEA,PILOT_TO_PILOT,6,3141,312,7,8,Tosa,Kashino ,32.46937752664338,133.7469669437212,66.3980969893422,12.0,628.328002769829,215.12930376172108
3142,Shanghai SouthCh - Nagoya,SEA,PILOT_TO_PILOT,6,3142,313,7,8,Tosa,Kashino ,32.470678773914884,133.7506007961286,66.3980969893422,12.0,628.5279677570533,214.92933877449684
3143,Shanghai SouthCh - Nagoya,SEA,PILOT_TO_PILOT,6,3143,314,7,8,Tosa,Kashino ,32.47197991679549,133.7542347535676,66.3980969893422,12.0,628.7279327442774,214.72937378727272
3144,Shanghai SouthCh - Nagoya,SEA,PILOT_TO_PILOT,6,3144,315,7,8,Tosa,Kashino ,32.473280955276934,133.75786881603813,66.3980969893422,12.0,628.9278977315016,214.5294088000485
3145,Shanghai SouthCh - Nagoya,SEA,PILOT_TO_PILOT,6,3145,316,7,8,Tosa,Kashino ,32.474581889350986,133.76150298354,66.3980969893422,12.0,629.1278627187257,214.32944381282437
3146,Shanghai SouthCh - Nagoya,SEA,PILOT_TO_PILOT,6,3146,317,7,8,Tosa,Kashino ,32.47588271900937,133.76513725607316,66.3980969893422,12.0,629.3278277059499,214.12947882560024
3147,Shanghai SouthCh - Nagoya,SEA,PILOT_TO_PILOT,6,3147,318,7,8,Tosa,Kashino ,32.47718344424384,133.7687716336374,66.3980969893422,12.0,629.5277926931741,213.929513838376
3148,Shanghai SouthCh - Nagoya,SEA,PILOT_TO_PILOT,6,3148,319,7,8,Tosa,Kashino ,32.47848406504617,133.77240611623262,66.3980969893422,12.0,629.7277576803982,213.7295488511519
3149,Shanghai SouthCh - Nagoya,SEA,PILOT_TO_PILOT,6,3149,320,7,8,Tosa,Kashino ,32.479784581408076,133.7760407038587,66.3980969893422,12.0,629.9277226676224,213.52958386392766
3150,Shanghai SouthCh - Nagoya,SEA,PILOT_TO_PILOT,6,3150,321,7,8,Tosa,Kashino ,32.48108499332132,133.7796753965155,66.3980969893422,12.0,630.1276876548466,213.32961887670353
3151,Shanghai SouthCh - Nagoya,SEA,PILOT_TO_PILOT,6,3151,322,7,8,Tosa,Kashino ,32.48238530077766,133.78331019420287,66.3980969893422,12.0,630.3276526420708,213.1296538894793
3152,Shanghai SouthCh - Nagoya,SEA,PILOT_TO_PILOT,6,3152,323,7,8,Tosa,Kashino ,32.48368550376882,133.78694509692065,66.3980969893422,12.0,630.5276176292949,212.92968890225518
3153,Shanghai SouthCh - Nagoya,SEA,PILOT_TO_PILOT,6,3153,324,7,8,Tosa,Kashino ,32.48498560228657,133.79058010466872,66.3980969893422,12.0,630.727582616519,212.72972391503106
3154,Shanghai SouthCh - Nagoya,SEA,PILOT_TO_PILOT,6,3154,325,7,8,Tosa,Kashino ,32.48628559632265,133.79421521744695,66.3980969893422,12.0,630.9275476037433,212.52975892780682
3155,Shanghai SouthCh - Nagoya,SEA,PILOT_TO_PILOT,6,3155,326,7,8,Tosa,Kashino ,32.487585485868806,133.79785043525513,66.3980969893422,12.0,631.1275125909674,212.3297939405827
3156,Shanghai SouthCh - Nagoya,SEA,PILOT_TO_PILOT,6,3156,327,7,8,Tosa,Kashino ,32.488885270916796,133.80148575809318,66.3980969893422,12.0,631.3274775781916,212.12982895335847
3157,Shanghai SouthCh - Nagoya,SEA,PILOT_TO_PILOT,6,3157,328,7,8,Tosa,Kashino ,32.49018495145835,133.80512118596096,66.3980969893422,12.0,631.5274425654158,211.92986396613435
3158,Shanghai SouthCh - Nagoya,SEA,PILOT_TO_PILOT,6,3158,329,7,8,Tosa,Kashino ,32.491484527485234,133.80875671885823,66.3980969893422,12.0,631.72740755264,211.72989897891011
3159,Shanghai SouthCh - Nagoya,SEA,PILOT_TO_PILOT,6,3159,330,7,8,Tosa,Kashino ,32.4927839989892,133.8123923567849,66.3980969893422,12.0,631.9273725398641,211.529933991686
3160,Shanghai SouthCh - Nagoya,SEA,PILOT_TO_PILOT,6,3160,331,7,8,Tosa,Kashino ,32.49408336596196,133.81602809974078,66.3980969893422,12.0,632.1273375270882,211.32996900446187
3161,Shanghai SouthCh - Nagoya,SEA,PILOT_TO_PILOT,6,3161,332,7,8,Tosa,Kashino ,32.49538262839531,133.81966394772576,66.3980969893422,12.0,632.3273025143125,211.13000401723764
3162,Shanghai SouthCh - Nagoya,SEA,PILOT_TO_PILOT,6,3162,333,7,8,Tosa,Kashino ,32.49668178628097,133.82329990073964,66.3980969893422,12.0,632.5272675015366,210.93003903001352
3163,Shanghai SouthCh - Nagoya,SEA,PILOT_TO_PILOT,6,3163,334,7,8,Tosa,Kashino ,32.4979808396107,133.82693595878226,66.3980969893422,12.0,632.7272324887608,210.73007404278928
3164,Shanghai SouthCh - Nagoya,SEA,PILOT_TO_PILOT,6,3164,335,7,8,Tosa,Kashino ,32.499279788376235,133.8305721218535,66.3980969893422,12.0,632.9271974759849,210.53010905556516
3165,Shanghai SouthCh - Nagoya,SEA,PILOT_TO_PILOT,6,3165,336,7,8,Tosa,Kashino ,32.50057863256933,133.8342083899531,66.3980969893422,12.0,633.1271624632091,210.33014406834104
3166,Shanghai SouthCh - Nagoya,SEA,PILOT_TO_PILOT,6,3166,337,7,8,Tosa,Kashino ,32.50187737218174,133.83784476308097,66.3980969893422,12.0,633.3271274504333,210.1301790811168
3167,Shanghai SouthCh - Nagoya,SEA,PILOT_TO_PILOT,6,3167,338,7,8,Tosa,Kashino ,32.5031760072052,133.84148124123692,66.3980969893422,12.0,633.5270924376574,209.9302140938927
3168,Shanghai SouthCh - Nagoya,SEA,PILOT_TO_PILOT,6,3168,339,7,8,Tosa,Kashino ,32.50447453763147,133.84511782442075,66.3980969893422,12.0,633.7270574248817,209.73024910666845
3169,Shanghai SouthCh - Nagoya,SEA,PILOT_TO_PILOT,6,3169,340,7,8,Tosa,Kashino ,32.50577296345229,133.84875451263235,66.3980969893422,12.0,633.9270224121058,209.53028411944433
3170,Shanghai SouthCh - Nagoya,SEA,PILOT_TO_PILOT,6,3170,341,7,8,Tosa,Kashino ,32.507071284659396,133.8523913058715,66.3980969893422,12.0,634.1269873993299,209.3303191322202
3171,Shanghai SouthCh - Nagoya,SEA,PILOT_TO_PILOT,6,3171,342,7,8,Tosa,Kashino ,32.50836950124457,133.856028204138,66.3980969893422,12.0,634.3269523865541,209.13035414499598
3172,Shanghai SouthCh - Nagoya,SEA,PILOT_TO_PILOT,6,3172,343,7,8,Tosa,Kashino ,32.50966761319954,133.85966520743168,66.3980969893422,12.0,634.5269173737782,208.93038915777186
3173,Shanghai SouthCh - Nagoya,SEA,PILOT_TO_PILOT,6,3173,344,7,8,Tosa,Kashino ,32.51096562051604,133.86330231575235,66.3980969893422,12.0,634.7268823610025,208.73042417054762
3174,Shanghai SouthCh - Nagoya,SEA,PILOT_TO_PILOT,6,3174,345,7,8,Tosa,Kashino ,32.51226352318584,133.8669395290999,66.3980969893422,12.0,634.9268473482266,208.5304591833235
3175,Shanghai SouthCh - Nagoya,SEA,PILOT_TO_PILOT,6,3175,346,7,8,Tosa,Kashino ,32.51356132120067,133.87057684747407,66.3980969893422,12.0,635.1268123354508,208.33049419609927
3176,Shanghai SouthCh - Nagoya,SEA,PILOT_TO_PILOT,6,3176,347,7,8,Tosa,Kashino ,32.5148590145523,133.8742142708747,66.3980969893422,12.0,635.326777322675,208.13052920887515
3177,Shanghai SouthCh - Nagoya,SEA,PILOT_TO_PILOT,6,3177,348,7,8,Tosa,Kashino ,32.51615660323245,133.87785179930157,66.3980969893422,12.0,635.5267423098992,207.9305642216509
3178,Shanghai SouthCh - Nagoya,SEA,PILOT_TO_PILOT,6,3178,349,7,8,Tosa,Kashino ,32.5174540872329,133.8814894327545,66.3980969893422,12.0,635.7267072971233,207.7305992344268
3179,Shanghai SouthCh - Nagoya,SEA,PILOT_TO_PILOT,6,3179,350,7,8,Tosa,Kashino ,32.51875146654537,133.88512717123334,66.3980969893422,12.0,635.9266722843474,207.53063424720267
3180,Shanghai SouthCh - Nagoya,SEA,PILOT_TO_PILOT,6,3180,351,7,8,Tosa,Kashino ,32.52004874116162,133.88876501473786,66.3980969893422,12.0,636.1266372715717,207.33066925997844
3181,Shanghai SouthCh - Nagoya,SEA,PILOT_TO_PILOT,6,3181,352,7,8,Tosa,Kashino ,32.52134591107339,133.89240296326784,66.3980969893422,12.0,636.3266022587958,207.13070427275431
3182,Shanghai SouthCh - Nagoya,SEA,PILOT_TO_PILOT,6,3182,353,7,8,Tosa,Kashino ,32.52264297627244,133.89604101682306,66.3980969893422,12.0,636.52656724602,206.93073928553008
3183,Shanghai SouthCh - Nagoya,SEA,PILOT_TO_PILOT,6,3183,354,7,8,Tosa,Kashino ,32.523939936750494,133.8996791754034,66.3980969893422,12.0,636.7265322332441,206.73077429830596
3184,Shanghai SouthCh - Nagoya,SEA,PILOT_TO_PILOT,6,3184,355,7,8,Tosa,Kashino ,32.52523679249933,133.90331743900862,66.3980969893422,12.0,636.9264972204683,206.53080931108184
3185,Shanghai SouthCh - Nagoya,SEA,PILOT_TO_PILOT,6,3185,356,7,8,Tosa,Kashino ,32.52653354351067,133.90695580763847,66.3980969893422,12.0,637.1264622076925,206.3308443238576
3186,Shanghai SouthCh - Nagoya,SEA,PILOT_TO_PILOT,6,3186,357,7,8,Tosa,Kashino ,32.52783018977628,133.91059428129282,66.3980969893422,12.0,637.3264271949166,206.13087933663348
3187,Shanghai SouthCh - Nagoya,SEA,PILOT_TO_PILOT,6,3187,358,7,8,Tosa,Kashino ,32.52912673128791,133.91423285997135,66.3980969893422,12.0,637.5263921821409,205.93091434940925
3188,Shanghai SouthCh - Nagoya,SEA,PILOT_TO_PILOT,6,3188,359,7,8,Tosa,Kashino ,32.53042316803728,133.91787154367398,66.3980969893422,12.0,637.726357169365,205.73094936218513
3189,Shanghai SouthCh - Nagoya,SEA,PILOT_TO_PILOT,6,3189,360,7,8,Tosa,Kashino ,32.531719500016166,133.9215103324004,66.3980969893422,12.0,637.9263221565891,205.530984374961
3190,Shanghai SouthCh - Nagoya,SEA,PILOT_TO_PILOT,6,3190,361,7,8,Tosa,Kashino ,32.5330157272163,133.92514922615044,66.3980969893422,12.0,638.1262871438133,205.33101938773677
3191,Shanghai SouthCh - Nagoya,SEA,PILOT_TO_PILOT,6,3191,362,7,8,Tosa,Kashino ,32.53431184962945,133.92878822492384,66.3980969893422,12.0,638.3262521310374,205.13105440051265
3192,Shanghai SouthCh - Nagoya,SEA,PILOT_TO_PILOT,6,3192,363,7,8,Tosa,Kashino ,32.53560786724732,133.93242732872045,66.3980969893422,12.0,638.5262171182617,204.93108941328842
3193,Shanghai SouthCh - Nagoya,SEA,PILOT_TO_PILOT,6,3193,364,7,8,Tosa,Kashino ,32.5369037800617,133.93606653753997,66.3980969893422,12.0,638.7261821054858,204.7311244260643
3194,Shanghai SouthCh - Nagoya,SEA,PILOT_TO_PILOT,6,3194,365,7,8,Tosa,Kashino ,32.538199588064316,133.93970585138223,66.3980969893422,12.0,638.9261470927099,204.53115943884018
3195,Shanghai SouthCh - Nagoya,SEA,PILOT_TO_PILOT,6,3195,366,7,8,Tosa,Kashino ,32.53949529124692,133.94334527024697,66.3980969893422,12.0,639.1261120799342,204.33119445161594
3196,Shanghai SouthCh - Nagoya,SEA,PILOT_TO_PILOT,6,3196,367,7,8,Tosa,Kashino ,32.54079088960126,133.94698479413395,66.3980969893422,12.0,639.3260770671583,204.13122946439182
3197,Shanghai SouthCh - Nagoya,SEA,PILOT_TO_PILOT,6,3197,368,7,8,Tosa,Kashino ,32.54208638311909,133.950624423043,66.3980969893422,12.0,639.5260420543825,203.9312644771676
3198,Shanghai SouthCh - Nagoya,SEA,PILOT_TO_PILOT,6,3198,369,7,8,Tosa,Kashino ,32.543381771792156,133.95426415697384,66.3980969893422,12.0,639.7260070416066,203.73129948994347
3199,Shanghai SouthCh - Nagoya,SEA,PILOT_TO_PILOT,6,3199,370,7,8,Tosa,Kashino ,32.54467705561218,133.95790399592627,66.3980969893422,12.0,639.9259720288309,203.53133450271923
3200,Shanghai SouthCh - Nagoya,SEA,PILOT_TO_PILOT,6,3200,371,7,8,Tosa,Kashino ,32.54597223457095,133.96154393990003,66.3980969893422,12.0,640.125937016055,203.3313695154951
3201,Shanghai SouthCh - Nagoya,SEA,PILOT_TO_PILOT,6,3201,372,7,8,Tosa,Kashino ,32.54726730866018,133.96518398889486,66.3980969893422,12.0,640.3259020032792,203.13140452827088
3202,Shanghai SouthCh - Nagoya,SEA,PILOT_TO_PILOT,6,3202,373,7,8,Tosa,Kashino ,32.548562277871625,133.96882414291056,66.3980969893422,12.0,640.5258669905033,202.93143954104676
3203,Shanghai SouthCh - Nagoya,SEA,PILOT_TO_PILOT,6,3203,374,7,8,Tosa,Kashino ,32.54985714219704,133.97246440194687,66.3980969893422,12.0,640.7258319777275,202.73147455382264
3204,Shanghai SouthCh - Nagoya,SEA,PILOT_TO_PILOT,6,3204,375,7,8,Tosa,Kashino ,32.551151901628174,133.97610476600354,66.3980969893422,12.0,640.9257969649517,202.5315095665984
3205,Shanghai SouthCh - Nagoya,SEA,PILOT_TO_PILOT,6,3205,376,7,8,Tosa,Kashino ,32.55244655615676,133.97974523508037,66.3980969893422,12.0,641.1257619521758,202.33154457937428
3206,Shanghai SouthCh - Nagoya,SEA,PILOT_TO_PILOT,6,3206,377,7,8,Tosa,Kashino ,32.553741105774556,133.98338580917704,66.3980969893422,12.0,641.3257269394,202.13157959215005
3207,Shanghai SouthCh - Nagoya,SEA,PILOT_TO_PILOT,6,3207,378,7,8,Tosa,Kashino ,32.555035550473306,133.98702648829334,66.3980969893422,12.0,641.5256919266242,201.93161460492593
3208,Shanghai SouthCh - Nagoya,SEA,PILOT_TO_PILOT,6,3208,379,7,8,Tosa,Kashino ,32.55632989024476,133.99066727242902,66.3980969893422,12.0,641.7256569138483,201.7316496177018
3209,Shanghai SouthCh - Nagoya,SEA,PILOT_TO_PILOT,6,3209,380,7,8,Tosa,Kashino ,32.557624125080665,133.99430816158383,66.3980969893422,12.0,641.9256219010725,201.53168463047757
3210,Shanghai SouthCh - Nagoya,SEA,PILOT_TO_PILOT,6,3210,381,7,8,Tosa,Kashino ,32.55891825497276,133.99794915575748,66.3980969893422,12.0,642.1255868882967,201.33171964325345
3211,Shanghai SouthCh - Nagoya,SEA,PILOT_TO_PILOT,6,3211,382,7,8,Tosa,Kashino ,32.5602122799128,134.00159025494978,66.3980969893422,12.0,642.3255518755209,201.13175465602922
3212,Shanghai SouthCh - Nagoya,SEA,PILOT_TO_PILOT,6,3212,383,7,8,Tosa,Kashino ,32.56150619989252,134.00523145916037,66.3980969893422,12.0,642.525516862745,200.9317896688051
3213,Shanghai SouthCh - Nagoya,SEA,PILOT_TO_PILOT,6,3213,384,7,8,Tosa,Kashino ,32.56280001490369,134.00887276838907,66.3980969893422,12.0,642.7254818499691,200.73182468158097
3214,Shanghai SouthCh - Nagoya,SEA,PILOT_TO_PILOT,6,3214,385,7,8,Tosa,Kashino ,32.564093724938026,134.01251418263558,66.3980969893422,12.0,642.9254468371934,200.53185969435674
3215,Shanghai SouthCh - Nagoya,SEA,PILOT_TO_PILOT,6,3215,386,7,8,Tosa,Kashino ,32.565387329987296,134.01615570189966,66.3980969893422,12.0,643.1254118244175,200.33189470713262
3216,Shanghai SouthCh - Nagoya,SEA,PILOT_TO_PILOT,6,3216,387,7,8,Tosa,Kashino ,32.566680830043246,134.01979732618105,66.3980969893422,12.0,643.3253768116417,200.13192971990838
3217,Shanghai SouthCh - Nagoya,SEA,PILOT_TO_PILOT,6,3217,388,7,8,Tosa,Kashino ,32.56797422509762,134.0234390554794,66.3980969893422,12.0,643.5253417988658,199.93196473268426
3218,Shanghai SouthCh - Nagoya,SEA,PILOT_TO_PILOT,6,3218,389,7,8,Tosa,Kashino ,32.56926751514216,134.02708088979455,66.3980969893422,12.0,643.7253067860901,199.73199974546003
3219,Shanghai SouthCh - Nagoya,SEA,PILOT_TO_PILOT,6,3219,390,7,8,Tosa,Kashino ,32.57056070016862,134.03072282912615,66.3980969893422,12.0,643.9252717733142,199.5320347582359
3220,Shanghai SouthCh - Nagoya,SEA,PILOT_TO_PILOT,6,3220,391,7,8,Tosa,Kashino ,32.57185378016874,134.03436487347395,66.3980969893422,12.0,644.1252367605383,199.3320697710118
3221,Shanghai SouthCh - Nagoya,SEA,PILOT_TO_PILOT,6,3221,392,7,8,Tosa,Kashino ,32.57314675513427,134.03800702283763,66.3980969893422,12.0,644.3252017477625,199.13210478378755
3222,Shanghai SouthCh - Nagoya,SEA,PILOT_TO_PILOT,6,3222,393,7,8,Tosa,Kashino ,32.574439625056954,134.04164927721698,66.3980969893422,12.0,644.5251667349867,198.93213979656343
3223,Shanghai SouthCh - Nagoya,SEA,PILOT_TO_PILOT,6,3223,394,7,8,Tosa,Kashino ,32.575732389928554,134.0452916366117,66.3980969893422,12.0,644.7251317222109,198.7321748093392
3224,Shanghai SouthCh - Nagoya,SEA,PILOT_TO_PILOT,6,3224,395,7,8,Tosa,Kashino ,32.57702504974079,134.04893410102147,66.3980969893422,12.0,644.925096709435,198.53220982211508
3225,Shanghai SouthCh - Nagoya,SEA,PILOT_TO_PILOT,6,3225,396,7,8,Tosa,Kashino ,32.57831760448543,134.05257667044606,66.3980969893422,12.0,645.1250616966593,198.33224483489084
3226,Shanghai SouthCh - Nagoya,SEA,PILOT_TO_PILOT,6,3226,397,7,8,Tosa,Kashino ,32.57961005415421,134.0562193448851,66.3980969893422,12.0,645.3250266838834,198.13227984766672
3227,Shanghai SouthCh - Nagoya,SEA,PILOT_TO_PILOT,6,3227,398,7,8,Tosa,Kashino ,32.58090239873888,134.0598621243384,66.3980969893422,12.0,645.5249916711075,197.9323148604426
3228,Shanghai SouthCh - Nagoya,SEA,PILOT_TO_PILOT,6,3228,399,7,8,Tosa,Kashino ,32.58219463823118,134.06350500880558,66.3980969893422,12.0,645.7249566583317,197.73234987321837
3229,Shanghai SouthCh - Nagoya,SEA,PILOT_TO_PILOT,6,3229,400,7,8,Tosa,Kashino ,32.58348677262287,134.0671479982864,66.3980969893422,12.0,645.9249216455559,197.53238488599425
3230,Shanghai SouthCh - Nagoya,SEA,PILOT_TO_PILOT,6,3230,401,7,8,Tosa,Kashino ,32.584778801905685,134.07079109278055,66.3980969893422,12.0,646.1248866327801,197.33241989877
3231,Shanghai SouthCh - Nagoya,SEA,PILOT_TO_PILOT,6,3231,402,7,8,Tosa,Kashino ,32.586070726071384,134.07443429228772,66.3980969893422,12.0,646.3248516200042,197.1324549115459
3232,Shanghai SouthCh - Nagoya,SEA,PILOT_TO_PILOT,6,3232,403,7,8,Tosa,Kashino ,32.5873625451117,134.07807759680765,66.3980969893422,12.0,646.5248166072283,196.93248992432177
3233,Shanghai SouthCh - Nagoya,SEA,PILOT_TO_PILOT,6,3233,404,7,8,Tosa,Kashino ,32.58865425901838,134.08172100633996,66.3980969893422,12.0,646.7247815944526,196.73252493709754
3234,Shanghai SouthCh - Nagoya,SEA,PILOT_TO_PILOT,6,3234,405,7,8,Tosa,Kashino ,32.58994586778318,134.0853645208844,66.3980969893422,12.0,646.9247465816767,196.53255994987342
3235,Shanghai SouthCh - Nagoya,SEA,PILOT_TO_PILOT,6,3235,406,7,8,Tosa,Kashino ,32.591237371397845,134.0890081404407,66.3980969893422,12.0,647.1247115689009,196.33259496264918
3236,Shanghai SouthCh - Nagoya,SEA,PILOT_TO_PILOT,6,3236,407,7,8,Tosa,Kashino ,32.59252876985412,134.09265186500852,66.3980969893422,12.0,647.324676556125,196.13262997542506
3237,Shanghai SouthCh - Nagoya,SEA,PILOT_TO_PILOT,6,3237,408,7,8,Tosa,Kashino ,32.59382006314374,134.0962956945875,66.3980969893422,12.0,647.5246415433492,195.93266498820094
3238,Shanghai SouthCh - Nagoya,SEA,PILOT_TO_PILOT,6,3238,409,7,8,Tosa,Kashino ,32.595111251258466,134.09993962917738,66.3980969893422,12.0,647.7246065305734,195.7327000009767
3239,Shanghai SouthCh - Nagoya,SEA,PILOT_TO_PILOT,6,3239,410,7,8,Tosa,Kashino ,32.59640233419004,134.10358366877784,66.3980969893422,12.0,647.9245715177975,195.53273501375259
3240,Shanghai SouthCh - Nagoya,SEA,PILOT_TO_PILOT,6,3240,411,7,8,Tosa,Kashino ,32.59769331193021,134.10722781338856,66.3980969893422,12.0,648.1245365050218,195.33277002652835
3241,Shanghai SouthCh - Nagoya,SEA,PILOT_TO_PILOT,6,3241,412,7,8,Tosa,Kashino ,32.59898418447071,134.11087206300925,66.3980969893422,12.0,648.3245014922459,195.13280503930423
3242,Shanghai SouthCh - Nagoya,SEA,PILOT_TO_PILOT,6,3242,413,7,8,Tosa,Kashino ,32.6002749518033,134.11451641763955,66.3980969893422,12.0,648.5244664794701,194.93284005208
3243,Shanghai SouthCh - Nagoya,SEA,PILOT_TO_PILOT,6,3243,414,7,8,Tosa,Kashino ,32.60156561391973,134.11816087727914,66.3980969893422,12.0,648.7244314666942,194.73287506485588
3244,Shanghai SouthCh - Nagoya,SEA,PILOT_TO_PILOT,6,3244,415,7,8,Tosa,Kashino ,32.602856170811734,134.12180544192773,66.3980969893422,12.0,648.9243964539185,194.53291007763164
3245,Shanghai SouthCh - Nagoya,SEA,PILOT_TO_PILOT,6,3245,416,7,8,Tosa,Kashino ,32.60414662247106,134.12545011158494,66.3980969893422,12.0,649.1243614411426,194.33294509040752
3246,Shanghai SouthCh - Nagoya,SEA,PILOT_TO_PILOT,6,3246,417,7,8,Tosa,Kashino ,32.605436968889464,134.12909488625053,66.3980969893422,12.0,649.3243264283667,194.1329801031834
3247,Shanghai SouthCh - Nagoya,SEA,PILOT_TO_PILOT,6,3247,418,7,8,Tosa,Kashino ,32.60672721005868,134.13273976592407,66.3980969893422,12.0,649.5242914155909,193.93301511595917
3248,Shanghai SouthCh - Nagoya,SEA,PILOT_TO_PILOT,6,3248,419,7,8,Tosa,Kashino ,32.60801734597045,134.1363847506053,66.3980969893422,12.0,649.7242564028151,193.73305012873504
3249,Shanghai SouthCh - Nagoya,SEA,PILOT_TO_PILOT,6,3249,420,7,8,Tosa,Kashino ,32.60930737661655,134.14002984029383,66.3980969893422,12.0,649.9242213900393,193.5330851415108
3250,Shanghai SouthCh - Nagoya,SEA,PILOT_TO_PILOT,6,3250,421,7,8,Tosa,Kashino ,32.6105973019887,134.1436750349894,66.3980969893422,12.0,650.1241863772634,193.3331201542867
3251,Shanghai SouthCh - Nagoya,SEA,PILOT_TO_PILOT,6,3251,422,7,8,Tosa,Kashino ,32.61188712207865,134.14732033469159,66.3980969893422,12.0,650.3241513644875,193.13315516706257
3252,Shanghai SouthCh - Nagoya,SEA,PILOT_TO_PILOT,6,3252,423,7,8,Tosa,Kashino ,32.61317683687815,134.1509657394001,66.3980969893422,12.0,650.5241163517118,192.93319017983833
3253,Shanghai SouthCh - Nagoya,SEA,PILOT_TO_PILOT,6,3253,424,7,8,Tosa,Kashino ,32.614466446378934,134.15461124911462,66.3980969893422,12.0,650.7240813389359,192.7332251926142
3254,Shanghai SouthCh - Nagoya,SEA,PILOT_TO_PILOT,6,3254,425,7,8,Tosa,Kashino ,32.61575595057278,134.15825686383474,66.3980969893422,12.0,650.9240463261601,192.53326020538998
3255,Shanghai SouthCh - Nagoya,SEA,PILOT_TO_PILOT,6,3255,426,7,8,Tosa,Kashino ,32.617045349451395,134.16190258356016,66.3980969893422,12.0,651.1240113133842,192.33329521816586
3256,Shanghai SouthCh - Nagoya,SEA,PILOT_TO_PILOT,6,3256,427,7,8,Tosa,Kashino ,32.618334643006555,134.1655484082905,66.3980969893422,12.0,651.3239763006084,192.13333023094174
3257,Shanghai SouthCh - Nagoya,SEA,PILOT_TO_PILOT,6,3257,428,7,8,Tosa,Kashino ,32.619623831229994,134.16919433802545,66.3980969893422,12.0,651.5239412878326,191.9333652437175
3258,Shanghai SouthCh - Nagoya,SEA,PILOT_TO_PILOT,6,3258,429,7,8,Tosa,Kashino ,32.62091291411345,134.17284037276465,66.3980969893422,12.0,651.7239062750567,191.73340025649338
3259,Shanghai SouthCh - Nagoya,SEA,PILOT_TO_PILOT,6,3259,430,7,8,Tosa,Kashino ,32.62220189164868,134.17648651250772,66.3980969893422,12.0,651.923871262281,191.53343526926915
3260,Shanghai SouthCh - Nagoya,SEA,PILOT_TO_PILOT,6,3260,431,7,8,Tosa,Kashino ,32.62349076382742,134.1801327572543,66.3980969893422,12.0,652.1238362495051,191.33347028204503
3261,Shanghai SouthCh - Nagoya,SEA,PILOT_TO_PILOT,6,3261,432,7,8,Tosa,Kashino ,32.62477953064144,134.18377910700406,66.3980969893422,12.0,652.3238012367292,191.1335052948209
3262,Shanghai SouthCh - Nagoya,SEA,PILOT_TO_PILOT,6,3262,433,7,8,Tosa,Kashino ,32.62606819208246,134.18742556175667,66.3980969893422,12.0,652.5237662239534,190.93354030759667
3263,Shanghai SouthCh - Nagoya,SEA,PILOT_TO_PILOT,6,3263,434,7,8,Tosa,Kashino ,32.62735674814223,134.19107212151167,66.3980969893422,12.0,652.7237312111776,190.73357532037255
3264,Shanghai SouthCh - Nagoya,SEA,PILOT_TO_PILOT,6,3264,435,7,8,Tosa,Kashino ,32.628645198812514,134.19471878626882,66.3980969893422,12.0,652.9236961984018,190.53361033314832
3265,Shanghai SouthCh - Nagoya,SEA,PILOT_TO_PILOT,6,3265,436,7,8,Tosa,Kashino ,32.62993354408503,134.19836555602765,66.3980969893422,12.0,653.1236611856259,190.3336453459242
3266,Shanghai SouthCh - Nagoya,SEA,PILOT_TO_PILOT,6,3266,437,7,8,Tosa,Kashino ,32.63122178395156,134.20201243078782,66.3980969893422,12.0,653.3236261728501,190.13368035869996
3267,Shanghai SouthCh - Nagoya,SEA,PILOT_TO_PILOT,6,3267,438,7,8,Tosa,Kashino ,32.63250991840381,134.205659410549,66.3980969893422,12.0,653.5235911600743,189.93371537147584
3268,Shanghai SouthCh - Nagoya,SEA,PILOT_TO_PILOT,6,3268,439,7,8,Tosa,Kashino ,32.63379794743355,134.20930649531078,66.3980969893422,12.0,653.7235561472985,189.7337503842516
3269,Shanghai SouthCh - Nagoya,SEA,PILOT_TO_PILOT,6,3269,440,7,8,Tosa,Kashino ,32.63508587103252,134.21295368507282,66.3980969893422,12.0,653.9235211345226,189.5337853970275
3270,Shanghai SouthCh - Nagoya,SEA,PILOT_TO_PILOT,6,3270,441,7,8,Tosa,Kashino ,32.63637368919248,134.21660097983468,66.3980969893422,12.0,654.1234861217467,189.33382040980337
3271,Shanghai SouthCh - Nagoya,SEA,PILOT_TO_PILOT,6,3271,442,7,8,Tosa,Kashino ,32.63766140190515,134.22024837959606,66.3980969893422,12.0,654.323451108971,189.13385542257913
3272,Shanghai SouthCh - Nagoya,SEA,PILOT_TO_PILOT,6,3272,443,7,8,Tosa,Kashino ,32.638949009162296,134.22389588435655,66.3980969893422,12.0,654.5234160961951,188.933890435355
3273,Shanghai SouthCh - Nagoya,SEA,PILOT_TO_PILOT,6,3273,444,7,8,Tosa,Kashino ,32.64023651095565,134.22754349411574,66.3980969893422,12.0,654.7233810834193,188.73392544813078
3274,Shanghai SouthCh - Nagoya,SEA,PILOT_TO_PILOT,6,3274,445,7,8,Tosa,Kashino ,32.64152390727697,134.23119120887327,66.3980969893422,12.0,654.9233460706434,188.53396046090666
3275,Shanghai SouthCh - Nagoya,SEA,PILOT_TO_PILOT,6,3275,446,7,8,Tosa,Kashino ,32.642811198118,134.23483902862876,66.3980969893422,12.0,655.1233110578676,188.33399547368253
3276,Shanghai SouthCh - Nagoya,SEA,PILOT_TO_PILOT,6,3276,447,7,8,Tosa,Kashino ,32.64409838347047,134.23848695338182,66.3980969893422,12.0,655.3232760450918,188.1340304864583
3277,Shanghai SouthCh - Nagoya,SEA,PILOT_TO_PILOT,6,3277,448,7,8,Tosa,Kashino ,32.64538546332614,134.24213498313205,66.3980969893422,12.0,655.5232410323159,187.93406549923418
3278,Shanghai SouthCh - Nagoya,SEA,PILOT_TO_PILOT,6,3278,449,7,8,Tosa,Kashino ,32.64667243767676,134.24578311787906,66.3980969893422,12.0,655.7232060195402,187.73410051200995
3279,Shanghai SouthCh - Nagoya,SEA,PILOT_TO_PILOT,6,3279,450,7,8,Tosa,Kashino ,32.647959306514075,134.24943135762246,66.3980969893422,12.0,655.9231710067643,187.53413552478582
3280,Shanghai SouthCh - Nagoya,SEA,PILOT_TO_PILOT,6,3280,451,7,8,Tosa,Kashino ,32.64924606982982,134.25307970236184,66.3980969893422,12.0,656.1231359939884,187.3341705375617
3281,Shanghai SouthCh - Nagoya,SEA,PILOT_TO_PILOT,6,3281,452,7,8,Tosa,Kashino ,32.650532727615754,134.25672815209685,66.3980969893422,12.0,656.3231009812126,187.13420555033747
3282,Shanghai SouthCh - Nagoya,SEA,PILOT_TO_PILOT,6,3282,453,7,8,Tosa,Kashino ,32.6518192798636,134.26037670682703,66.3980969893422,12.0,656.5230659684368,186.93424056311335
3283,Shanghai SouthCh - Nagoya,SEA,PILOT_TO_PILOT,6,3283,454,7,8,Tosa,Kashino ,32.65310572656513,134.26402536655203,66.3980969893422,12.0,656.723030955661,186.73427557588911
3284,Shanghai SouthCh - Nagoya,SEA,PILOT_TO_PILOT,6,3284,455,7,8,Tosa,Kashino ,32.65439206771207,134.2676741312714,66.3980969893422,12.0,656.9229959428851,186.534310588665
3285,Shanghai SouthCh - Nagoya,SEA,PILOT_TO_PILOT,6,3285,456,7,8,Tosa,Kashino ,32.655678303296185,134.27132300098478,66.3980969893422,12.0,657.1229609301093,186.33434560144076
3286,Shanghai SouthCh - Nagoya,SEA,PILOT_TO_PILOT,6,3286,457,7,8,Tosa,Kashino ,32.6569644333092,134.27497197569173,66.3980969893422,12.0,657.3229259173335,186.13438061421664
3287,Shanghai SouthCh - Nagoya,SEA,PILOT_TO_PILOT,6,3287,458,7,8,Tosa,Kashino ,32.658250457742874,134.27862105539185,66.3980969893422,12.0,657.5228909045576,185.93441562699252
3288,Shanghai SouthCh - Nagoya,SEA,PILOT_TO_PILOT,6,3288,459,7,8,Tosa,Kashino ,32.659536376588946,134.2822702400847,66.3980969893422,12.0,657.7228558917818,185.73445063976828
3289,Shanghai SouthCh - Nagoya,SEA,PILOT_TO_PILOT,6,3289,460,7,8,Tosa,Kashino ,32.660822189839166,134.2859195297699,66.3980969893422,12.0,657.9228208790059,185.53448565254416
3290,Shanghai SouthCh - Nagoya,SEA,PILOT_TO_PILOT,6,3290,461,7,8,Tosa,Kashino ,32.662107897485285,134.28956892444702,66.3980969893422,12.0,658.1227858662302,185.33452066531993
3291,Shanghai SouthCh - Nagoya,SEA,PILOT_TO_PILOT,6,3291,462,7,8,Tosa,Kashino ,32.663393499519046,134.29321842411565,66.3980969893422,12.0,658.3227508534543,185.1345556780958
3292,Shanghai SouthCh - Nagoya,SEA,PILOT_TO_PILOT,6,3292,463,7,8,Tosa,Kashino ,32.66467899593218,134.2968680287754,66.3980969893422,12.0,658.5227158406785,184.93459069087157
3293,Shanghai SouthCh - Nagoya,SEA,PILOT_TO_PILOT,6,3293,464,7,8,Tosa,Kashino ,32.665964386716446,134.30051773842578,66.3980969893422,12.0,658.7226808279026,184.73462570364745
3294,Shanghai SouthCh - Nagoya,SEA,PILOT_TO_PILOT,6,3294,465,7,8,Tosa,Kashino ,32.667249671863594,134.30416755306643,66.3980969893422,12.0,658.9226458151268,184.53466071642333
3295,Shanghai SouthCh - Nagoya,SEA,PILOT_TO_PILOT,6,3295,466,7,8,Tosa,Kashino ,32.66853485136536,134.3078174726969,66.3980969893422,12.0,659.122610802351,184.3346957291991
3296,Shanghai SouthCh - Nagoya,SEA,PILOT_TO_PILOT,6,3296,467,7,8,Tosa,Kashino ,32.66981992521349,134.31146749731673,66.3980969893422,12.0,659.3225757895751,184.13473074197498
3297,Shanghai SouthCh - Nagoya,SEA,PILOT_TO_PILOT,6,3297,468,7,8,Tosa,Kashino ,32.671104893399736,134.31511762692554,66.3980969893422,12.0,659.5225407767994,183.93476575475074
3298,Shanghai SouthCh - Nagoya,SEA,PILOT_TO_PILOT,6,3298,469,7,8,Tosa,Kashino ,32.67238975591584,134.31876786152287,66.3980969893422,12.0,659.7225057640235,183.73480076752662
3299,Shanghai SouthCh - Nagoya,SEA,PILOT_TO_PILOT,6,3299,470,7,8,Tosa,Kashino ,32.67367451275354,134.32241820110832,66.3980969893422,12.0,659.9224707512476,183.5348357803025
3300,Shanghai SouthCh - Nagoya,SEA,PILOT_TO_PILOT,6,3300,471,7,8,Tosa,Kashino ,32.674959163904596,134.32606864568137,66.3980969893422,12.0,660.1224357384718,183.33487079307827
3301,Shanghai SouthCh - Nagoya,SEA,PILOT_TO_PILOT,6,3301,472,7,8,Tosa,Kashino ,32.676243709360755,134.3297191952417,66.3980969893422,12.0,660.322400725696,183.13490580585415
3302,Shanghai SouthCh - Nagoya,SEA,PILOT_TO_PILOT,6,3302,473,7,8,Tosa,Kashino ,32.67752814911374,134.33336984978874,66.3980969893422,12.0,660.5223657129202,182.9349408186299
3303,Shanghai SouthCh - Nagoya,SEA,PILOT_TO_PILOT,6,3303,474,7,8,Tosa,Kashino ,32.67881248315531,134.33702060932217,66.3980969893422,12.0,660.7223307001443,182.7349758314058
3304,Shanghai SouthCh - Nagoya,SEA,PILOT_TO_PILOT,6,3304,475,7,8,Tosa,Kashino ,32.68009671147722,134.34067147384147,66.3980969893422,12.0,660.9222956873684,182.53501084418167
3305,Shanghai SouthCh - Nagoya,SEA,PILOT_TO_PILOT,6,3305,476,7,8,Tosa,Kashino ,32.681380834071206,134.34432244334621,66.3980969893422,12.0,661.1222606745927,182.33504585695744
3306,Shanghai SouthCh - Nagoya,SEA,PILOT_TO_PILOT,6,3306,477,7,8,Tosa,Kashino ,32.682664850929015,134.34797351783598,66.3980969893422,12.0,661.3222256618168,182.13508086973332
3307,Shanghai SouthCh - Nagoya,SEA,PILOT_TO_PILOT,6,3307,478,7,8,Tosa,Kashino ,32.68394876204239,134.35162469731029,66.3980969893422,12.0,661.522190649041,181.93511588250908
3308,Shanghai SouthCh - Nagoya,SEA,PILOT_TO_PILOT,6,3308,479,7,8,Tosa,Kashino ,32.68523256740308,134.35527598176867,66.3980969893422,12.0,661.7221556362651,181.73515089528496
3309,Shanghai SouthCh - Nagoya,SEA,PILOT_TO_PILOT,6,3309,480,7,8,Tosa,Kashino ,32.68651626700284,134.3589273712107,66.3980969893422,12.0,661.9221206234894,181.53518590806073
3310,Shanghai SouthCh - Nagoya,SEA,PILOT_TO_PILOT,6,3310,481,7,8,Tosa,Kashino ,32.68779986083339,134.36257886563592,66.3980969893422,12.0,662.1220856107135,181.3352209208366
3311,Shanghai SouthCh - Nagoya,SEA,PILOT_TO_PILOT,6,3311,482,7,8,Tosa,Kashino ,32.68908334888649,134.36623046504388,66.3980969893422,12.0,662.3220505979377,181.13525593361237
3312,Shanghai SouthCh - Nagoya,SEA,PILOT_TO_PILOT,6,3312,483,7,8,Tosa,Kashino ,32.690366731153894,134.36988216943408,66.3980969893422,12.0,662.5220155851619,180.93529094638825
3313,Shanghai SouthCh - Nagoya,SEA,PILOT_TO_PILOT,6,3313,484,7,8,Tosa,Kashino ,32.69165000762733,134.3735339788061,66.3980969893422,12.0,662.721980572386,180.73532595916413
3314,Shanghai SouthCh - Nagoya,SEA,PILOT_TO_PILOT,6,3314,485,7,8,Tosa,Kashino ,32.69293317829857,134.37718589315944,66.3980969893422,12.0,662.9219455596102,180.5353609719399
3315,Shanghai SouthCh - Nagoya,SEA,PILOT_TO_PILOT,6,3315,486,7,8,Tosa,Kashino ,32.69421624315932,134.3808379124937,66.3980969893422,12.0,663.1219105468343,180.33539598471577
3316,Shanghai SouthCh - Nagoya,SEA,PILOT_TO_PILOT,6,3316,487,7,8,Tosa,Kashino ,32.695499202201354,134.38449003680833,66.3980969893422,12.0,663.3218755340586,180.13543099749154
3317,Shanghai SouthCh - Nagoya,SEA,PILOT_TO_PILOT,6,3317,488,7,8,Tosa,Kashino ,32.69678205541641,134.3881422661029,66.3980969893422,12.0,663.5218405212827,179.93546601026742
3318,Shanghai SouthCh - Nagoya,SEA,PILOT_TO_PILOT,6,3318,489,7,8,Tosa,Kashino ,32.698064802796246,134.39179460037695,66.3980969893422,12.0,663.7218055085068,179.7355010230433
3319,Shanghai SouthCh - Nagoya,SEA,PILOT_TO_PILOT,6,3319,490,7,8,Tosa,Kashino ,32.699347444332595,134.39544703962997,66.3980969893422,12.0,663.921770495731,179.53553603581906
3320,Shanghai SouthCh - Nagoya,SEA,PILOT_TO_PILOT,6,3320,491,7,8,Tosa,Kashino ,32.7006299800172,134.3990995838615,66.3980969893422,12.0,664.1217354829552,179.33557104859494
3321,Shanghai SouthCh - Nagoya,SEA,PILOT_TO_PILOT,6,3321,492,7,8,Tosa,Kashino ,32.7019124098418,134.40275223307108,66.3980969893422,12.0,664.3217004701794,179.1356060613707
3322,Shanghai SouthCh - Nagoya,SEA,PILOT_TO_PILOT,6,3322,493,7,8,Tosa,Kashino ,32.70319473379816,134.4064049872582,66.3980969893422,12.0,664.5216654574035,178.9356410741466
3323,Shanghai SouthCh - Nagoya,SEA,PILOT_TO_PILOT,6,3323,494,7,8,Tosa,Kashino ,32.704476951878014,134.4100578464224,66.3980969893422,12.0,664.7216304446276,178.73567608692247
3324,Shanghai SouthCh - Nagoya,SEA,PILOT_TO_PILOT,6,3324,495,7,8,Tosa,Kashino ,32.70575906407312,134.4137108105632,66.3980969893422,12.0,664.9215954318519,178.53571109969823
3325,Shanghai SouthCh - Nagoya,SEA,PILOT_TO_PILOT,6,3325,496,7,8,Tosa,Kashino ,32.7070410703752,134.41736387968007,66.3980969893422,12.0,665.121560419076,178.3357461124741
3326,Shanghai SouthCh - Nagoya,SEA,PILOT_TO_PILOT,6,3326,497,7,8,Tosa,Kashino ,32.70832297077602,134.42101705377254,66.3980969893422,12.0,665.3215254063002,178.13578112524988
3327,Shanghai SouthCh - Nagoya,SEA,PILOT_TO_PILOT,6,3327,498,7,8,Tosa,Kashino ,32.70960476526731,134.42467033284015,66.3980969893422,12.0,665.5214903935243,177.93581613802576
3328,Shanghai SouthCh - Nagoya,SEA,PILOT_TO_PILOT,6,3328,499,7,8,Tosa,Kashino ,32.71088645384083,134.42832371688243,66.3980969893422,12.0,665.7214553807486,177.73585115080152
3329,Shanghai SouthCh - Nagoya,SEA,PILOT_TO_PILOT,6,3329,500,7,8,Tosa,Kashino ,32.712168036488315,134.4319772058988,66.3980969893422,12.0,665.9214203679727,177.5358861635774
3330,Shanghai SouthCh - Nagoya,SEA,PILOT_TO_PILOT,6,3330,501,7,8,Tosa,Kashino ,32.71344951320151,134.43563079988883,66.3980969893422,12.0,666.1213853551968,177.33592117635328
3331,Shanghai SouthCh - Nagoya,SEA,PILOT_TO_PILOT,6,3331,502,7,8,Tosa,Kashino ,32.71473088397217,134.43928449885198,66.3980969893422,12.0,666.321350342421,177.13595618912905
3332,Shanghai SouthCh - Nagoya,SEA,PILOT_TO_PILOT,6,3332,503,7,8,Tosa,Kashino ,32.71601214879203,134.44293830278775,66.3980969893422,12.0,666.5213153296452,176.93599120190493
3333,Shanghai SouthCh - Nagoya,SEA,PILOT_TO_PILOT,6,3333,504,7,8,Tosa,Kashino ,32.717293307652845,134.4465922116957,66.3980969893422,12.0,666.7212803168694,176.7360262146807
3334,Shanghai SouthCh - Nagoya,SEA,PILOT_TO_PILOT,6,3334,505,7,8,Tosa,Kashino ,32.71857436054636,134.45024622557526,66.3980969893422,12.0,666.9212453040935,176.53606122745657
3335,Shanghai SouthCh - Nagoya,SEA,PILOT_TO_PILOT,6,3335,506,7,8,Tosa,Kashino ,32.71985530746431,134.45390034442593,66.3980969893422,12.0,667.1212102913178,176.33609624023234
3336,Shanghai SouthCh - Nagoya,SEA,PILOT_TO_PILOT,6,3336,507,7,8,Tosa,Kashino ,32.721136148398436,134.45755456824725,66.3980969893422,12.0,667.3211752785419,176.13613125300822
3337,Shanghai SouthCh - Nagoya,SEA,PILOT_TO_PILOT,6,3337,508,7,8,Tosa,Kashino ,32.72241688334051,134.46120889703863,66.3980969893422,12.0,667.521140265766,175.9361662657841
3338,Shanghai SouthCh - Nagoya,SEA,PILOT_TO_PILOT,6,3338,509,7,8,Tosa,Kashino ,32.72369751228226,134.46486333079963,66.3980969893422,12.0,667.7211052529902,175.73620127855986
3339,Shanghai SouthCh - Nagoya,SEA,PILOT_TO_PILOT,6,3339,510,7,8,Tosa,Kashino ,32.72497803521542,134.4685178695297,66.3980969893422,12.0,667.9210702402144,175.53623629133574
3340,Shanghai SouthCh - Nagoya,SEA,PILOT_TO_PILOT,6,3340,511,7,8,Tosa,Kashino ,32.72625845213176,134.47217251322832,66.3980969893422,12.0,668.1210352274386,175.3362713041115
3341,Shanghai SouthCh - Nagoya,SEA,PILOT_TO_PILOT,6,3341,512,7,8,Tosa,Kashino ,32.727538763023006,134.47582726189498,66.3980969893422,12.0,668.3210002146627,175.13630631688739
3342,Shanghai SouthCh - Nagoya,SEA,PILOT_TO_PILOT,6,3342,513,7,8,Tosa,Kashino ,32.72881896788091,134.47948211552915,66.3980969893422,12.0,668.5209652018868,174.93634132966326
3343,Shanghai SouthCh - Nagoya,SEA,PILOT_TO_PILOT,6,3343,514,7,8,Tosa,Kashino ,32.73009906669722,134.48313707413038,66.3980969893422,12.0,668.7209301891111,174.73637634243903
3344,Shanghai SouthCh - Nagoya,SEA,PILOT_TO_PILOT,6,3344,515,7,8,Tosa,Kashino ,32.731379059463684,134.48679213769802,66.3980969893422,12.0,668.9208951763352,174.5364113552149
3345,Shanghai SouthCh - Nagoya,SEA,PILOT_TO_PILOT,6,3345,516,7,8,Tosa,Kashino ,32.732658946172045,134.49044730623163,66.3980969893422,12.0,669.1208601635594,174.33644636799067
3346,Shanghai SouthCh - Nagoya,SEA,PILOT_TO_PILOT,6,3346,517,7,8,Tosa,Kashino ,32.73393872681404,134.49410257973062,66.3980969893422,12.0,669.3208251507835,174.13648138076655
3347,Shanghai SouthCh - Nagoya,SEA,PILOT_TO_PILOT,6,3347,518,7,8,Tosa,Kashino ,32.73521840138142,134.49775795819457,66.3980969893422,12.0,669.5207901380077,173.93651639354243
3348,Shanghai SouthCh - Nagoya,SEA,PILOT_TO_PILOT,6,3348,519,7,8,Tosa,Kashino ,32.73649796986593,134.50141344162282,66.3980969893422,12.0,669.7207551252319,173.7365514063182
3349,Shanghai SouthCh - Nagoya,SEA,PILOT_TO_PILOT,6,3349,520,7,8,Tosa,Kashino ,32.737777432259314,134.50506903001488,66.3980969893422,12.0,669.920720112456,173.53658641909408
3350,Shanghai SouthCh - Nagoya,SEA,PILOT_TO_PILOT,6,3350,521,7,8,Tosa,Kashino ,32.73905678855333,134.50872472337022,66.3980969893422,12.0,670.1206850996803,173.33662143186984
3351,Shanghai SouthCh - Nagoya,SEA,PILOT_TO_PILOT,6,3351,522,7,8,Tosa,Kashino ,32.7403360387397,134.51238052168833,66.3980969893422,12.0,670.3206500869044,173.13665644464572
3352,Shanghai SouthCh - Nagoya,SEA,PILOT_TO_PILOT,6,3352,523,7,8,Tosa,Kashino ,32.74161518281019,134.5160364249686,66.3980969893422,12.0,670.5206150741286,172.9366914574215
3353,Shanghai SouthCh - Nagoya,SEA,PILOT_TO_PILOT,6,3353,524,7,8,Tosa,Kashino ,32.74289422075653,134.51969243321054,66.3980969893422,12.0,670.7205800613527,172.73672647019737
3354,Shanghai SouthCh - Nagoya,SEA,PILOT_TO_PILOT,6,3354,525,7,8,Tosa,Kashino ,32.74417315257049,134.5233485464136,66.3980969893422,12.0,670.9205450485769,172.53676148297325
3355,Shanghai SouthCh - Nagoya,SEA,PILOT_TO_PILOT,6,3355,526,7,8,Tosa,Kashino ,32.745451978243786,134.5270047645772,66.3980969893422,12.0,671.1205100358011,172.336796495749
3356,Shanghai SouthCh - Nagoya,SEA,PILOT_TO_PILOT,6,3356,527,7,8,Tosa,Kashino ,32.74673069776818,134.53066108770085,66.3980969893422,12.0,671.3204750230252,172.1368315085249
3357,Shanghai SouthCh - Nagoya,SEA,PILOT_TO_PILOT,6,3357,528,7,8,Tosa,Kashino ,32.7480093111354,134.53431751578393,66.3980969893422,12.0,671.5204400102494,171.93686652130066
3358,Shanghai SouthCh - Nagoya,SEA,PILOT_TO_PILOT,6,3358,529,7,8,Tosa,Kashino ,32.749287818337216,134.53797404882593,66.3980969893422,12.0,671.7204049974736,171.73690153407654
3359,Shanghai SouthCh - Nagoya,SEA,PILOT_TO_PILOT,6,3359,530,7,8,Tosa,Kashino ,32.75056621936536,134.5416306868263,66.3980969893422,12.0,671.9203699846978,171.5369365468523
3360,Shanghai SouthCh - Nagoya,SEA,PILOT_TO_PILOT,6,3360,531,7,8,Tosa,Kashino ,32.75184451421158,134.54528742978445,66.3980969893422,12.0,672.1203349719219,171.33697155962818
3361,Shanghai SouthCh - Nagoya,SEA,PILOT_TO_PILOT,6,3361,532,7,8,Tosa,Kashino ,32.75312270286762,134.54894427769983,66.3980969893422,12.0,672.320299959146,171.13700657240406
3362,Shanghai SouthCh - Nagoya,SEA,PILOT_TO_PILOT,6,3362,533,7,8,Tosa,Kashino ,32.754400785325224,134.5526012305719,66.3980969893422,12.0,672.5202649463703,170.93704158517983
3363,Shanghai SouthCh - Nagoya,SEA,PILOT_TO_PILOT,6,3363,534,7,8,Tosa,Kashino ,32.75567876157614,134.55625828840007,66.3980969893422,12.0,672.7202299335944,170.7370765979557
3364,Shanghai SouthCh - Nagoya,SEA,PILOT_TO_PILOT,6,3364,535,7,8,Tosa,Kashino ,32.756956631612105,134.5599154511838,66.3980969893422,12.0,672.9201949208186,170.53711161073147
3365,Shanghai SouthCh - Nagoya,SEA,PILOT_TO_PILOT,6,3365,536,7,8,Tosa,Kashino ,32.75823439542489,134.56357271892247,66.3980969893422,12.0,673.1201599080428,170.33714662350735
3366,Shanghai SouthCh - Nagoya,SEA,PILOT_TO_PILOT,6,3366,537,7,8,Tosa,Kashino ,32.75951205300621,134.56723009161558,66.3980969893422,12.0,673.3201248952669,170.13718163628323
3367,Shanghai SouthCh - Nagoya,SEA,PILOT_TO_PILOT,6,3367,538,7,8,Tosa,Kashino ,32.76078960434782,134.5708875692625,66.3980969893422,12.0,673.5200898824911,169.937216649059
3368,Shanghai SouthCh - Nagoya,SEA,PILOT_TO_PILOT,6,3368,539,7,8,Tosa,Kashino ,32.76206704944147,134.5745451518627,66.3980969893422,12.0,673.7200548697152,169.73725166183488
3369,Shanghai SouthCh - Nagoya,SEA,PILOT_TO_PILOT,6,3369,540,7,8,Tosa,Kashino ,32.7633443882789,134.5782028394156,66.3980969893422,12.0,673.9200198569395,169.53728667461064
3370,Shanghai SouthCh - Nagoya,SEA,PILOT_TO_PILOT,6,3370,541,7,8,Tosa,Kashino ,32.76462162085188,134.58186063192062,66.3980969893422,12.0,674.1199848441636,169.33732168738652
3371,Shanghai SouthCh - Nagoya,SEA,PILOT_TO_PILOT,6,3371,542,7,8,Tosa,Kashino ,32.76589874715211,134.58551852937714,66.3980969893422,12.0,674.3199498313877,169.1373567001624
3372,Shanghai SouthCh - Nagoya,SEA,PILOT_TO_PILOT,6,3372,543,7,8,Tosa,Kashino ,32.767175767171366,134.58917653178463,66.3980969893422,12.0,674.5199148186119,168.93739171293817
3373,Shanghai SouthCh - Nagoya,SEA,PILOT_TO_PILOT,6,3373,544,7,8,Tosa,Kashino ,32.76845268090139,134.59283463914244,66.3980969893422,12.0,674.7198798058361,168.73742672571404
3374,Shanghai SouthCh - Nagoya,SEA,PILOT_TO_PILOT,6,3374,545,7,8,Tosa,Kashino ,32.76972948833392,134.59649285145008,66.3980969893422,12.0,674.9198447930603,168.5374617384898
3375,Shanghai SouthCh - Nagoya,SEA,PILOT_TO_PILOT,6,3375,546,7,8,Tosa,Kashino ,32.771006189460714,134.60015116870687,66.3980969893422,12.0,675.1198097802844,168.3374967512657
3376,Shanghai SouthCh - Nagoya,SEA,PILOT_TO_PILOT,6,3376,547,7,8,Tosa,Kashino ,32.77228278427349,134.60380959091228,66.3980969893422,12.0,675.3197747675086,168.13753176404146
3377,Shanghai SouthCh - Nagoya,SEA,PILOT_TO_PILOT,6,3377,548,7,8,Tosa,Kashino ,32.77355927276403,134.6074681180657,66.3980969893422,12.0,675.5197397547328,167.93756677681733
3378,Shanghai SouthCh - Nagoya,SEA,PILOT_TO_PILOT,6,3378,549,7,8,Tosa,Kashino ,32.77483565492406,134.6111267501665,66.3980969893422,12.0,675.719704741957,167.7376017895931
3379,Shanghai SouthCh - Nagoya,SEA,PILOT_TO_PILOT,6,3379,550,7,8,Tosa,Kashino ,32.77611193074532,134.61478548721414,66.3980969893422,12.0,675.9196697291811,167.53763680236898
3380,Shanghai SouthCh - Nagoya,SEA,PILOT_TO_PILOT,6,3380,551,7,8,Tosa,Kashino ,32.77738810021956,134.61844432920802,66.3980969893422,12.0,676.1196347164052,167.33767181514486
3381,Shanghai SouthCh - Nagoya,SEA,PILOT_TO_PILOT,6,3381,552,7,8,Tosa,Kashino ,32.77866416333854,134.6221032761475,66.3980969893422,12.0,676.3195997036295,167.13770682792062
3382,Shanghai SouthCh - Nagoya,SEA,PILOT_TO_PILOT,6,3382,553,7,8,Tosa,Kashino ,32.77994012009399,134.62576232803198,66.3980969893422,12.0,676.5195646908536,166.9377418406965
3383,Shanghai SouthCh - Nagoya,SEA,PILOT_TO_PILOT,6,3383,554,7,8,Tosa,Kashino ,32.78121597047765,134.6294214848609,66.3980969893422,12.0,676.7195296780778,166.73777685347227
3384,Shanghai SouthCh - Nagoya,SEA,PILOT_TO_PILOT,6,3384,555,7,8,Tosa,Kashino ,32.78249171448128,134.6330807466336,66.3980969893422,12.0,676.919494665302,166.53781186624815
3385,Shanghai SouthCh - Nagoya,SEA,PILOT_TO_PILOT,6,3385,556,7,8,Tosa,Kashino ,32.783767352096625,134.6367401133495,66.3980969893422,12.0,677.1194596525261,166.33784687902403
3386,Shanghai SouthCh - Nagoya,SEA,PILOT_TO_PILOT,6,3386,557,7,8,Tosa,Kashino ,32.78504288331541,134.64039958500803,66.3980969893422,12.0,677.3194246397503,166.1378818917998
3387,Shanghai SouthCh - Nagoya,SEA,PILOT_TO_PILOT,6,3387,558,7,8,Tosa,Kashino ,32.78631830812941,134.64405916160848,66.3980969893422,12.0,677.5193896269744,165.93791690457567
3388,Shanghai SouthCh - Nagoya,SEA,PILOT_TO_PILOT,6,3388,559,7,8,Tosa,Kashino ,32.78759362653035,134.6477188431503,66.3980969893422,12.0,677.7193546141987,165.73795191735144
3389,Shanghai SouthCh - Nagoya,SEA,PILOT_TO_PILOT,6,3389,560,7,8,Tosa,Kashino ,32.788868838509984,134.65137862963286,66.3980969893422,12.0,677.9193196014228,165.53798693012732
3390,Shanghai SouthCh - Nagoya,SEA,PILOT_TO_PILOT,6,3390,561,7,8,Tosa,Kashino ,32.79014394406005,134.65503852105556,66.3980969893422,12.0,678.1192845886469,165.3380219429032
3391,Shanghai SouthCh - Nagoya,SEA,PILOT_TO_PILOT,6,3391,562,7,8,Tosa,Kashino ,32.791418943172296,134.65869851741778,66.3980969893422,12.0,678.3192495758711,165.13805695567896
3392,Shanghai SouthCh - Nagoya,SEA,PILOT_TO_PILOT,6,3392,563,7,8,Tosa,Kashino ,32.79269383583847,134.66235861871883,66.3980969893422,12.0,678.5192145630953,164.93809196845484
3393,Shanghai SouthCh - Nagoya,SEA,PILOT_TO_PILOT,6,3393,564,7,8,Tosa,Kashino ,32.79396862205032,134.66601882495817,66.3980969893422,12.0,678.7191795503195,164.7381269812306
3394,Shanghai SouthCh - Nagoya,SEA,PILOT_TO_PILOT,6,3394,565,7,8,Tosa,Kashino ,32.79524330179959,134.66967913613513,66.3980969893422,12.0,678.9191445375436,164.5381619940065
3395,Shanghai SouthCh - Nagoya,SEA,PILOT_TO_PILOT,6,3395,566,7,8,Tosa,Kashino ,32.79651787507802,134.6733395522491,66.3980969893422,12.0,679.1191095247679,164.33819700678225
3396,Shanghai SouthCh - Nagoya,SEA,PILOT_TO_PILOT,6,3396,567,7,8,Tosa,Kashino ,32.797792341877354,134.67700007329944,66.3980969893422,12.0,679.319074511992,164.13823201955813
3397,Shanghai SouthCh - Nagoya,SEA,PILOT_TO_PILOT,6,3397,568,7,8,Tosa,Kashino ,32.79906670218936,134.6806606992855,66.3980969893422,12.0,679.5190394992161,163.938267032334
3398,Shanghai SouthCh - Nagoya,SEA,PILOT_TO_PILOT,6,3398,569,7,8,Tosa,Kashino ,32.80034095600574,134.68432143020667,66.3980969893422,12.0,679.7190044864403,163.73830204510978
3399,Shanghai SouthCh - Nagoya,SEA,PILOT_TO_PILOT,6,3399,570,7,8,Tosa,Kashino ,32.80161510331829,134.6879822660623,66.3980969893422,12.0,679.9189694736644,163.53833705788566
3400,Shanghai SouthCh - Nagoya,SEA,PILOT_TO_PILOT,6,3400,571,7,8,Tosa,Kashino ,32.802889144118716,134.69164320685178,66.3980969893422,12.0,680.1189344608887,163.33837207066142
3401,Shanghai SouthCh - Nagoya,SEA,PILOT_TO_PILOT,6,3401,572,7,8,Tosa,Kashino ,32.80416307839879,134.69530425257443,66.3980969893422,12.0,680.3188994481128,163.1384070834373
3402,Shanghai SouthCh - Nagoya,SEA,PILOT_TO_PILOT,6,3402,573,7,8,Tosa,Kashino ,32.805436906150234,134.6989654032296,66.3980969893422,12.0,680.518864435337,162.93844209621307
3403,Shanghai SouthCh - Nagoya,SEA,PILOT_TO_PILOT,6,3403,574,7,8,Tosa,Kashino ,32.80671062736482,134.7026266588167,66.3980969893422,12.0,680.7188294225612,162.73847710898895
3404,Shanghai SouthCh - Nagoya,SEA,PILOT_TO_PILOT,6,3404,575,7,8,Tosa,Kashino ,32.80798424203427,134.70628801933503,66.3980969893422,12.0,680.9187944097853,162.53851212176482
3405,Shanghai SouthCh - Nagoya,SEA,PILOT_TO_PILOT,6,3405,576,7,8,Tosa,Kashino ,32.80925775015034,134.70994948478395,66.3980969893422,12.0,681.1187593970095,162.3385471345406
3406,Shanghai SouthCh - Nagoya,SEA,PILOT_TO_PILOT,6,3406,577,7,8,Tosa,Kashino ,32.81053115170477,134.71361105516286,66.3980969893422,12.0,681.3187243842336,162.13858214731647
3407,Shanghai SouthCh - Nagoya,SEA,PILOT_TO_PILOT,6,3407,578,7,8,Tosa,Kashino ,32.81180444668931,134.71727273047102,66.3980969893422,12.0,681.5186893714579,161.93861716009224
3408,Shanghai SouthCh - Nagoya,SEA,PILOT_TO_PILOT,6,3408,579,7,8,Tosa,Kashino ,32.813077635095716,134.72093451070782,66.3980969893422,12.0,681.718654358682,161.73865217286811
3409,Shanghai SouthCh - Nagoya,SEA,PILOT_TO_PILOT,6,3409,580,7,8,Tosa,Kashino ,32.81435071691571,134.72459639587262,66.3980969893422,12.0,681.9186193459061,161.538687185644
3410,Shanghai SouthCh - Nagoya,SEA,PILOT_TO_PILOT,6,3410,581,7,8,Tosa,Kashino ,32.815623692141045,134.72825838596475,66.3980969893422,12.0,682.1185843331303,161.33872219841976
3411,Shanghai SouthCh - Nagoya,SEA,PILOT_TO_PILOT,6,3411,582,7,8,Tosa,Kashino ,32.81689656076349,134.73192048098352,66.3980969893422,12.0,682.3185493203545,161.13875721119564
3412,Shanghai SouthCh - Nagoya,SEA,PILOT_TO_PILOT,6,3412,583,7,8,Tosa,Kashino ,32.81816932277477,134.73558268092827,66.3980969893422,12.0,682.5185143075787,160.9387922239714
3413,Shanghai SouthCh - Nagoya,SEA,PILOT_TO_PILOT,6,3413,584,7,8,Tosa,Kashino ,32.81944197816662,134.7392449857984,66.3980969893422,12.0,682.7184792948028,160.73882723674728
3414,Shanghai SouthCh - Nagoya,SEA,PILOT_TO_PILOT,6,3414,585,7,8,Tosa,Kashino ,32.82071452693081,134.74290739559316,66.3980969893422,12.0,682.9184442820269,160.53886224952316
3415,Shanghai SouthCh - Nagoya,SEA,PILOT_TO_PILOT,6,3415,586,7,8,Tosa,Kashino ,32.82198696905907,134.74656991031193,66.3980969893422,12.0,683.1184092692512,160.33889726229893
3416,Shanghai SouthCh - Nagoya,SEA,PILOT_TO_PILOT,6,3416,587,7,8,Tosa,Kashino ,32.82325930454315,134.75023252995405,66.3980969893422,12.0,683.3183742564753,160.1389322750748
3417,Shanghai SouthCh - Nagoya,SEA,PILOT_TO_PILOT,6,3417,588,7,8,Tosa,Kashino ,32.824531533374795,134.75389525451874,66.3980969893422,12.0,683.5183392436995,159.93896728785057
3418,Shanghai SouthCh - Nagoya,SEA,PILOT_TO_PILOT,6,3418,589,7,8,Tosa,Kashino ,32.82580365554575,134.75755808400547,66.3980969893422,12.0,683.7183042309236,159.73900230062645
3419,Shanghai SouthCh - Nagoya,SEA,PILOT_TO_PILOT,6,3419,590,7,8,Tosa,Kashino ,32.82707567104776,134.76122101841347,66.3980969893422,12.0,683.9182692181479,159.53903731340222
3420,Shanghai SouthCh - Nagoya,SEA,PILOT_TO_PILOT,6,3420,591,7,8,Tosa,Kashino ,32.82834757987257,134.76488405774208,66.3980969893422,12.0,684.118234205372,159.3390723261781
3421,Shanghai SouthCh - Nagoya,SEA,PILOT_TO_PILOT,6,3421,592,7,8,Tosa,Kashino ,32.829619382011934,134.76854720199063,66.3980969893422,12.0,684.3181991925962,159.13910733895386
3422,Shanghai SouthCh - Nagoya,SEA,PILOT_TO_PILOT,6,3422,593,7,8,Tosa,Kashino ,32.830891077457586,134.77221045115843,66.3980969893422,12.0,684.5181641798204,158.93914235172974
3423,Shanghai SouthCh - Nagoya,SEA,PILOT_TO_PILOT,6,3423,594,7,8,Tosa,Kashino ,32.83216266620129,134.7758738052448,66.3980969893422,12.0,684.7181291670445,158.73917736450562
3424,Shanghai SouthCh - Nagoya,SEA,PILOT_TO_PILOT,6,3424,595,7,8,Tosa,Kashino ,32.83343414823476,134.77953726424903,66.3980969893422,12.0,684.9180941542687,158.5392123772814
3425,Shanghai SouthCh - Nagoya,SEA,PILOT_TO_PILOT,6,3425,596,7,8,Tosa,Kashino ,32.83470552354978,134.78320082817044,66.3980969893422,12.0,685.1180591414928,158.33924739005727
3426,Shanghai SouthCh - Nagoya,SEA,PILOT_TO_PILOT,6,3426,597,7,8,Tosa,Kashino ,32.83597679213806,134.78686449700834,66.3980969893422,12.0,685.3180241287171,158.13928240283303
3427,Shanghai SouthCh - Nagoya,SEA,PILOT_TO_PILOT,6,3427,598,7,8,Tosa,Kashino ,32.837247953991366,134.79052827076202,66.3980969893422,12.0,685.5179891159412,157.9393174156089
3428,Shanghai SouthCh - Nagoya,SEA,PILOT_TO_PILOT,6,3428,599,7,8,Tosa,Kashino ,32.83851900910145,134.79419214943084,66.3980969893422,12.0,685.7179541031653,157.7393524283848
3429,Shanghai SouthCh - Nagoya,SEA,PILOT_TO_PILOT,6,3429,600,7,8,Tosa,Kashino ,32.839789957460034,134.79785613301402,66.3980969893422,12.0,685.9179190903895,157.53938744116056
3430,Shanghai SouthCh - Nagoya,SEA,PILOT_TO_PILOT,6,3430,601,7,8,Tosa,Kashino ,32.84106079905888,134.80152022151094,66.3980969893422,12.0,686.1178840776137,157.33942245393644
3431,Shanghai SouthCh - Nagoya,SEA,PILOT_TO_PILOT,6,3431,602,7,8,Tosa,Kashino ,32.842331533889734,134.80518441492083,66.3980969893422,12.0,686.3178490648379,157.1394574667122
3432,Shanghai SouthCh - Nagoya,SEA,PILOT_TO_PILOT,6,3432,603,7,8,Tosa,Kashino ,32.84360216194433,134.80884871324304,66.3980969893422,12.0,686.517814052062,156.93949247948808
3433,Shanghai SouthCh - Nagoya,SEA,PILOT_TO_PILOT,6,3433,604,7,8,Tosa,Kashino ,32.844872683214426,134.81251311647682,66.3980969893422,12.0,686.7177790392861,156.73952749226396
3434,Shanghai SouthCh - Nagoya,SEA,PILOT_TO_PILOT,6,3434,605,7,8,Tosa,Kashino ,32.84614309769177,134.81617762462147,66.3980969893422,12.0,686.9177440265104,156.53956250503973
3435,Shanghai SouthCh - Nagoya,SEA,PILOT_TO_PILOT,6,3435,606,7,8,Tosa,Kashino ,32.8474134053681,134.8198422376763,66.3980969893422,12.0,687.1177090137345,156.3395975178156
3436,Shanghai SouthCh - Nagoya,SEA,PILOT_TO_PILOT,6,3436,607,7,8,Tosa,Kashino ,32.84868360623517,134.8235069556406,66.3980969893422,12.0,687.3176740009587,156.13963253059137
3437,Shanghai SouthCh - Nagoya,SEA,PILOT_TO_PILOT,6,3437,608,7,8,Tosa,Kashino ,32.84995370028471,134.82717177851362,66.3980969893422,12.0,687.5176389881829,155.93966754336725
3438,Shanghai SouthCh - Nagoya,SEA,PILOT_TO_PILOT,6,3438,609,7,8,Tosa,Kashino ,32.85122368750848,134.83083670629466,66.3980969893422,12.0,687.717603975407,155.73970255614313
3439,Shanghai SouthCh - Nagoya,SEA,PILOT_TO_PILOT,6,3439,610,7,8,Tosa,Kashino ,32.852493567898215,134.834501738983,66.3980969893422,12.0,687.9175689626312,155.5397375689189
3440,Shanghai SouthCh - Nagoya,SEA,PILOT_TO_PILOT,6,3440,611,7,8,Tosa,Kashino ,32.853763341445664,134.83816687657793,66.3980969893422,12.0,688.1175339498553,155.33977258169477
3441,Shanghai SouthCh - Nagoya,SEA,PILOT_TO_PILOT,6,3441,612,7,8,Tosa,Kashino ,32.855033008142584,134.84183211907873,66.3980969893422,12.0,688.3174989370796,155.13980759447054
3442,Shanghai SouthCh - Nagoya,SEA,PILOT_TO_PILOT,6,3442,613,7,8,Tosa,Kashino ,32.85630256798072,134.84549746648463,66.3980969893422,12.0,688.5174639243037,154.93984260724642
3443,Shanghai SouthCh - Nagoya,SEA,PILOT_TO_PILOT,6,3443,614,7,8,Tosa,Kashino ,32.85757202095179,134.84916291879497,66.3980969893422,12.0,688.7174289115279,154.73987762002218
3444,Shanghai SouthCh - Nagoya,SEA,PILOT_TO_PILOT,6,3444,615,7,8,Tosa,Kashino ,32.85884136704758,134.852828476009,66.3980969893422,12.0,688.917393898752,154.53991263279806
3445,Shanghai SouthCh - Nagoya,SEA,PILOT_TO_PILOT,6,3445,616,7,8,Tosa,Kashino ,32.86011060625981,134.85649413812592,66.3980969893422,12.0,689.1173588859763,154.33994764557383
3446,Shanghai SouthCh - Nagoya,SEA,PILOT_TO_PILOT,6,3446,617,7,8,Tosa,Kashino ,32.86137973858023,134.8601599051451,66.3980969893422,12.0,689.3173238732004,154.1399826583497
3447,Shanghai SouthCh - Nagoya,SEA,PILOT_TO_PILOT,6,3447,618,7,8,Tosa,Kashino ,32.86264876400058,134.86382577706573,66.3980969893422,12.0,689.5172888604245,153.9400176711256
3448,Shanghai SouthCh - Nagoya,SEA,PILOT_TO_PILOT,6,3448,619,7,8,Tosa,Kashino ,32.863917682512636,134.86749175388712,66.3980969893422,12.0,689.7172538476487,153.74005268390135
3449,Shanghai SouthCh - Nagoya,SEA,PILOT_TO_PILOT,6,3449,620,7,8,Tosa,Kashino ,32.86518649410811,134.8711578356085,66.3980969893422,12.0,689.9172188348729,153.54008769667723
3450,Shanghai SouthCh - Nagoya,SEA,PILOT_TO_PILOT,6,3450,621,7,8,Tosa,Kashino ,32.86645519877875,134.87482402222915,66.3980969893422,12.0,690.1171838220971,153.340122709453
3451,Shanghai SouthCh - Nagoya,SEA,PILOT_TO_PILOT,6,3451,622,7,8,Tosa,Kashino ,32.86772379651632,134.8784903137483,66.3980969893422,12.0,690.3171488093212,153.14015772222888
3452,Shanghai SouthCh - Nagoya,SEA,PILOT_TO_PILOT,6,3452,623,7,8,Tosa,Kashino ,32.868992287312565,134.8821567101652,66.3980969893422,12.0,690.5171137965453,152.94019273500476
3453,Shanghai SouthCh - Nagoya,SEA,PILOT_TO_PILOT,6,3453,624,7,8,Tosa,Kashino ,32.87026067115921,134.88582321147916,66.3980969893422,12.0,690.7170787837696,152.74022774778052
3454,Shanghai SouthCh - Nagoya,SEA,PILOT_TO_PILOT,6,3454,625,7,8,Tosa,Kashino ,32.87152894804803,134.88948981768937,66.3980969893422,12.0,690.9170437709937,152.5402627605564
3455,Shanghai SouthCh - Nagoya,SEA,PILOT_TO_PILOT,6,3455,626,7,8,Tosa,Kashino ,32.87279711797075,134.8931565287951,66.3980969893422,12.0,691.1170087582179,152.34029777333217
3456,Shanghai SouthCh - Nagoya,SEA,PILOT_TO_PILOT,6,3456,627,7,8,Tosa,Kashino ,32.87406518091912,134.89682334479556,66.3980969893422,12.0,691.316973745442,152.14033278610805
3457,Shanghai SouthCh - Nagoya,SEA,PILOT_TO_PILOT,6,3457,628,7,8,Tosa,Kashino ,32.87533313688489,134.90049026569008,66.3980969893422,12.0,691.5169387326662,151.94036779888393
3458,Shanghai SouthCh - Nagoya,SEA,PILOT_TO_PILOT,6,3458,629,7,8,Tosa,Kashino ,32.8766009858598,134.90415729147784,66.3980969893422,12.0,691.7169037198904,151.7404028116597
3459,Shanghai SouthCh - Nagoya,SEA,PILOT_TO_PILOT,6,3459,630,7,8,Tosa,Kashino ,32.87786872783561,134.9078244221581,66.3980969893422,12.0,691.9168687071145,151.54043782443557
3460,Shanghai SouthCh - Nagoya,SEA,PILOT_TO_PILOT,6,3460,631,7,8,Tosa,Kashino ,32.87913636280405,134.91149165773007,66.3980969893422,12.0,692.1168336943388,151.34047283721134
3461,Shanghai SouthCh - Nagoya,SEA,PILOT_TO_PILOT,6,3461,632,7,8,Tosa,Kashino ,32.880403890756874,134.91515899819296,66.3980969893422,12.0,692.3167986815629,151.14050784998722
3462,Shanghai SouthCh - Nagoya,SEA,PILOT_TO_PILOT,6,3462,633,7,8,Tosa,Kashino ,32.88167131168582,134.9188264435461,66.3980969893422,12.0,692.5167636687871,150.94054286276298
3463,Shanghai SouthCh - Nagoya,SEA,PILOT_TO_PILOT,6,3463,634,7,8,Tosa,Kashino ,32.882938625582646,134.92249399378866,66.3980969893422,12.0,692.7167286560112,150.74057787553886
3464,Shanghai SouthCh - Nagoya,SEA,PILOT_TO_PILOT,6,3464,635,7,8,Tosa,Kashino ,32.88420583243911,134.92616164891987,66.3980969893422,12.0,692.9166936432354,150.54061288831474
3465,Shanghai SouthCh - Nagoya,SEA,PILOT_TO_PILOT,6,3465,636,7,8,Tosa,Kashino ,32.88547293224692,134.92982940893896,66.3980969893422,12.0,693.1166586304596,150.3406479010905
3466,Shanghai SouthCh - Nagoya,SEA,PILOT_TO_PILOT,6,3466,637,7,8,Tosa,Kashino ,32.886739924997855,134.93349727384515,66.3980969893422,12.0,693.3166236176837,150.14068291386639
3467,Shanghai SouthCh - Nagoya,SEA,PILOT_TO_PILOT,6,3467,638,7,8,Tosa,Kashino ,32.888006810683635,134.9371652436377,66.3980969893422,12.0,693.516588604908,149.94071792664215
3468,Shanghai SouthCh - Nagoya,SEA,PILOT_TO_PILOT,6,3468,639,7,8,Tosa,Kashino ,32.88927358929603,134.9408333183158,66.3980969893422,12.0,693.7165535921321,149.74075293941803
3469,Shanghai SouthCh - Nagoya,SEA,PILOT_TO_PILOT,6,3469,640,7,8,Tosa,Kashino ,32.89054026082678,134.94450149787866,66.3980969893422,12.0,693.9165185793563,149.5407879521938
3470,Shanghai SouthCh - Nagoya,SEA,PILOT_TO_PILOT,6,3470,641,7,8,Tosa,Kashino ,32.89180682526762,134.94816978232552,66.3980969893422,12.0,694.1164835665804,149.34082296496968
3471,Shanghai SouthCh - Nagoya,SEA,PILOT_TO_PILOT,6,3471,642,7,8,Tosa,Kashino ,32.89307328261032,134.95183817165557,66.3980969893422,12.0,694.3164485538045,149.14085797774555
3472,Shanghai SouthCh - Nagoya,SEA,PILOT_TO_PILOT,6,3472,643,7,8,Tosa,Kashino ,32.8943396328466,134.95550666586806,66.3980969893422,12.0,694.5164135410288,148.94089299052132
3473,Shanghai SouthCh - Nagoya,SEA,PILOT_TO_PILOT,6,3473,644,7,8,Tosa,Kashino ,32.89560587596822,134.95917526496217,66.3980969893422,12.0,694.7163785282529,148.7409280032972
3474,Shanghai SouthCh - Nagoya,SEA,PILOT_TO_PILOT,6,3474,645,7,8,Tosa,Kashino ,32.89687201196693,134.96284396893714,66.3980969893422,12.0,694.9163435154771,148.54096301607296
3475,Shanghai SouthCh - Nagoya,SEA,PILOT_TO_PILOT,6,3475,646,7,8,Tosa,Kashino ,32.89813804083445,134.96651277779213,66.3980969893422,12.0,695.1163085027013,148.34099802884884
3476,Shanghai SouthCh - Nagoya,SEA,PILOT_TO_PILOT,6,3476,647,7,8,Tosa,Kashino ,32.89940396256255,134.97018169152636,66.3980969893422,12.0,695.3162734899254,148.14103304162472
3477,Shanghai SouthCh - Nagoya,SEA,PILOT_TO_PILOT,6,3477,648,7,8,Tosa,Kashino ,32.900669777142994,134.97385071013903,66.3980969893422,12.0,695.5162384771496,147.9410680544005
3478,Shanghai SouthCh - Nagoya,SEA,PILOT_TO_PILOT,6,3478,649,7,8,Tosa,Kashino ,32.9019354845675,134.9775198336294,66.3980969893422,12.0,695.7162034643737,147.74110306717637
3479,Shanghai SouthCh - Nagoya,SEA,PILOT_TO_PILOT,6,3479,650,7,8,Tosa,Kashino ,32.90320108482782,134.9811890619966,66.3980969893422,12.0,695.916168451598,147.54113807995213
3480,Shanghai SouthCh - Nagoya,SEA,PILOT_TO_PILOT,6,3480,651,7,8,Tosa,Kashino ,32.90446657791569,134.98485839523983,66.3980969893422,12.0,696.1161334388221,147.341173092728
3481,Shanghai SouthCh - Nagoya,SEA,PILOT_TO_PILOT,6,3481,652,7,8,Tosa,Kashino ,32.90573196382289,134.98852783335832,66.3980969893422,12.0,696.3160984260462,147.1412081055039
3482,Shanghai SouthCh - Nagoya,SEA,PILOT_TO_PILOT,6,3482,653,7,8,Tosa,Kashino ,32.906997242541124,134.99219737635124,66.3980969893422,12.0,696.5160634132704,146.94124311827966
3483,Shanghai SouthCh - Nagoya,SEA,PILOT_TO_PILOT,6,3483,654,7,8,Tosa,Kashino ,32.908262414062165,134.99586702421777,66.3980969893422,12.0,696.7160284004946,146.74127813105554
3484,Shanghai SouthCh - Nagoya,SEA,PILOT_TO_PILOT,6,3484,655,7,8,Tosa,Kashino ,32.90952747837777,134.99953677695711,66.3980969893422,12.0,696.9159933877188,146.5413131438313
3485,Shanghai SouthCh - Nagoya,SEA,PILOT_TO_PILOT,6,3485,656,7,8,Tosa,Kashino ,32.91079243547965,135.00320663456847,66.3980969893422,12.0,697.1159583749429,146.34134815660718
3486,Shanghai SouthCh - Nagoya,SEA,PILOT_TO_PILOT,6,3486,657,7,8,Tosa,Kashino ,32.91205728535958,135.00687659705102,66.3980969893422,12.0,697.315923362167,146.14138316938306
3487,Shanghai SouthCh - Nagoya,SEA,PILOT_TO_PILOT,6,3487,658,7,8,Tosa,Kashino ,32.9133220280093,135.0105466644039,66.3980969893422,12.0,697.5158883493913,145.94141818215883
3488,Shanghai SouthCh - Nagoya,SEA,PILOT_TO_PILOT,6,3488,659,7,8,Tosa,Kashino ,32.91458666342054,135.01421683662633,66.3980969893422,12.0,697.7158533366155,145.7414531949346
3489,Shanghai SouthCh - Nagoya,SEA,PILOT_TO_PILOT,6,3489,660,7,8,Tosa,Kashino ,32.915851191585084,135.01788711371748,66.3980969893422,12.0,697.9158183238396,145.54148820771047
3490,Shanghai SouthCh - Nagoya,SEA,PILOT_TO_PILOT,6,3490,661,7,8,Tosa,Kashino ,32.917115612494634,135.02155749567655,66.3980969893422,12.0,698.1157833110638,145.34152322048635
3491,Shanghai SouthCh - Nagoya,SEA,PILOT_TO_PILOT,6,3491,662,7,8,Tosa,Kashino ,32.91837992614098,135.02522798250268,66.3980969893422,12.0,698.315748298288,145.14155823326212
3492,Shanghai SouthCh - Nagoya,SEA,PILOT_TO_PILOT,6,3492,663,7,8,Tosa,Kashino ,32.91964413251583,135.02889857419504,66.3980969893422,12.0,698.5157132855121,144.941593246038
3493,Shanghai SouthCh - Nagoya,SEA,PILOT_TO_PILOT,6,3493,664,7,8,Tosa,Kashino ,32.92090823161095,135.03256927075282,66.3980969893422,12.0,698.7156782727363,144.74162825881376
3494,Shanghai SouthCh - Nagoya,SEA,PILOT_TO_PILOT,6,3494,665,7,8,Tosa,Kashino ,32.92217222341809,135.03624007217516,66.3980969893422,12.0,698.9156432599605,144.54166327158964
3495,Shanghai SouthCh - Nagoya,SEA,PILOT_TO_PILOT,6,3495,666,7,8,Tosa,Kashino ,32.92343610792898,135.03991097846128,66.3980969893422,12.0,699.1156082471846,144.34169828436552
3496,Shanghai SouthCh - Nagoya,SEA,PILOT_TO_PILOT,6,3496,667,7,8,Tosa,Kashino ,32.92469988513539,135.04358198961026,66.3980969893422,12.0,699.3155732344088,144.1417332971413
3497,Shanghai SouthCh - Nagoya,SEA,PILOT_TO_PILOT,6,3497,668,7,8,Tosa,Kashino ,32.92596355502905,135.04725310562134,66.3980969893422,12.0,699.5155382216329,143.94176830991717
3498,Shanghai SouthCh - Nagoya,SEA,PILOT_TO_PILOT,6,3498,669,7,8,Tosa,Kashino ,32.9272271176017,135.05092432649366,66.3980969893422,12.0,699.7155032088572,143.74180332269293
3499,Shanghai SouthCh - Nagoya,SEA,PILOT_TO_PILOT,6,3499,670,7,8,Tosa,Kashino ,32.928490572845114,135.0545956522263,66.3980969893422,12.0,699.9154681960813,143.5418383354688
3500,Shanghai SouthCh - Nagoya,SEA,PILOT_TO_PILOT,6,3500,671,7,8,Tosa,Kashino ,32.929753920751025,135.05826708281856,66.3980969893422,12.0,700.1154331833054,143.3418733482447
3501,Shanghai SouthCh - Nagoya,SEA,PILOT_TO_PILOT,6,3501,672,7,8,Tosa,Kashino ,32.93101716131116,135.06193861826947,66.3980969893422,12.0,700.3153981705296,143.14190836102046
3502,Shanghai SouthCh - Nagoya,SEA,PILOT_TO_PILOT,6,3502,673,7,8,Tosa,Kashino ,32.932280294517305,135.06561025857823,66.3980969893422,12.0,700.5153631577538,142.94194337379633
3503,Shanghai SouthCh - Nagoya,SEA,PILOT_TO_PILOT,6,3503,674,7,8,Tosa,Kashino ,32.933543320361174,135.06928200374398,66.3980969893422,12.0,700.715328144978,142.7419783865721
3504,Shanghai SouthCh - Nagoya,SEA,PILOT_TO_PILOT,6,3504,675,7,8,Tosa,Kashino ,32.93480623883452,135.07295385376585,66.3980969893422,12.0,700.9152931322021,142.54201339934798
3505,Shanghai SouthCh - Nagoya,SEA,PILOT_TO_PILOT,6,3505,676,7,8,Tosa,Kashino ,32.9360690499291,135.076625808643,66.3980969893422,12.0,701.1152581194262,142.34204841212386
3506,Shanghai SouthCh - Nagoya,SEA,PILOT_TO_PILOT,6,3506,677,7,8,Tosa,Kashino ,32.93733175363666,135.0802978683746,66.3980969893422,12.0,701.3152231066505,142.14208342489962
3507,Shanghai SouthCh - Nagoya,SEA,PILOT_TO_PILOT,6,3507,678,7,8,Tosa,Kashino ,32.938594349948936,135.08397003295974,66.3980969893422,12.0,701.5151880938747,141.9421184376754
3508,Shanghai SouthCh - Nagoya,SEA,PILOT_TO_PILOT,6,3508,679,7,8,Tosa,Kashino ,32.93985683885769,135.0876423023976,66.3980969893422,12.0,701.7151530810988,141.74215345045127
3509,Shanghai SouthCh - Nagoya,SEA,PILOT_TO_PILOT,6,3509,680,7,8,Tosa,Kashino ,32.941119220354665,135.09131467668732,66.3980969893422,12.0,701.915118068323,141.54218846322715
3510,Shanghai SouthCh - Nagoya,SEA,PILOT_TO_PILOT,6,3510,681,7,8,Tosa,Kashino ,32.942381494431594,135.09498715582797,66.3980969893422,12.0,702.1150830555472,141.3422234760029
3511,Shanghai SouthCh - Nagoya,SEA,PILOT_TO_PILOT,6,3511,682,7,8,Tosa,Kashino ,32.94364366108024,135.09865973981877,66.3980969893422,12.0,702.3150480427713,141.1422584887788
3512,Shanghai SouthCh - Nagoya,SEA,PILOT_TO_PILOT,6,3512,683,7,8,Tosa,Kashino ,32.94490572029234,135.10233242865874,66.3980969893422,12.0,702.5150130299955,140.94229350155456
3513,Shanghai SouthCh - Nagoya,SEA,PILOT_TO_PILOT,6,3513,684,7,8,Tosa,Kashino ,32.94616767205965,135.10600522234714,66.3980969893422,12.0,702.7149780172197,140.74232851433044
3514,Shanghai SouthCh - Nagoya,SEA,PILOT_TO_PILOT,6,3514,685,7,8,Tosa,Kashino ,32.947429516373916,135.109678120883,66.3980969893422,12.0,702.9149430044438,140.54236352710632
3515,Shanghai SouthCh - Nagoya,SEA,PILOT_TO_PILOT,6,3515,686,7,8,Tosa,Kashino ,32.94869125322687,135.11335112426548,66.3980969893422,12.0,703.114907991668,140.34239853988208
3516,Shanghai SouthCh - Nagoya,SEA,PILOT_TO_PILOT,6,3516,687,7,8,Tosa,Kashino ,32.949952882610276,135.1170242324937,66.3980969893422,12.0,703.3148729788921,140.14243355265796
3517,Shanghai SouthCh - Nagoya,SEA,PILOT_TO_PILOT,6,3517,688,7,8,Tosa,Kashino ,32.95121440451589,135.12069744556675,66.3980969893422,12.0,703.5148379661164,139.94246856543373
3518,Shanghai SouthCh - Nagoya,SEA,PILOT_TO_PILOT,6,3518,689,7,8,Tosa,Kashino ,32.952475818935426,135.12437076348377,66.3980969893422,12.0,703.7148029533405,139.7425035782096
3519,Shanghai SouthCh - Nagoya,SEA,PILOT_TO_PILOT,6,3519,690,7,8,Tosa,Kashino ,32.95373712586066,135.1280441862439,66.3980969893422,12.0,703.9147679405646,139.5425385909855
3520,Shanghai SouthCh - Nagoya,SEA,PILOT_TO_PILOT,6,3520,691,7,8,Tosa,Kashino ,32.954998325283334,135.13171771384623,66.3980969893422,12.0,704.1147329277889,139.34257360376125
3521,Shanghai SouthCh - Nagoya,SEA,PILOT_TO_PILOT,6,3521,692,7,8,Tosa,Kashino ,32.95625941719519,135.13539134628988,66.3980969893422,12.0,704.314697915013,139.14260861653713
3522,Shanghai SouthCh - Nagoya,SEA,PILOT_TO_PILOT,6,3522,693,7,8,Tosa,Kashino ,32.95752040158797,135.1390650835739,66.3980969893422,12.0,704.5146629022372,138.9426436293129
3523,Shanghai SouthCh - Nagoya,SEA,PILOT_TO_PILOT,6,3523,694,7,8,Tosa,Kashino ,32.958781278453436,135.14273892569753,66.3980969893422,12.0,704.7146278894613,138.74267864208878
3524,Shanghai SouthCh - Nagoya,SEA,PILOT_TO_PILOT,6,3524,695,7,8,Tosa,Kashino ,32.960042047783325,135.14641287265974,66.3980969893422,12.0,704.9145928766854,138.54271365486466
3525,Shanghai SouthCh - Nagoya,SEA,PILOT_TO_PILOT,6,3525,696,7,8,Tosa,Kashino ,32.96130270956938,135.15008692445966,66.3980969893422,12.0,705.1145578639097,138.34274866764042
3526,Shanghai SouthCh - Nagoya,SEA,PILOT_TO_PILOT,6,3526,697,7,8,Tosa,Kashino ,32.96256326380336,135.15376108109646,66.3980969893422,12.0,705.3145228511338,138.1427836804163
3527,Shanghai SouthCh - Nagoya,SEA,PILOT_TO_PILOT,6,3527,698,7,8,Tosa,Kashino ,32.963823710477016,135.1574353425692,66.3980969893422,12.0,705.514487838358,137.94281869319207
3528,Shanghai SouthCh - Nagoya,SEA,PILOT_TO_PILOT,6,3528,699,7,8,Tosa,Kashino ,32.96508404958208,135.16110970887695,66.3980969893422,12.0,705.7144528255822,137.74285370596795
3529,Shanghai SouthCh - Nagoya,SEA,PILOT_TO_PILOT,6,3529,700,7,8,Tosa,Kashino ,32.9663442811103,135.1647841800188,66.3980969893422,12.0,705.9144178128063,137.54288871874382
3530,Shanghai SouthCh - Nagoya,SEA,PILOT_TO_PILOT,6,3530,701,7,8,Tosa,Kashino ,32.967604405053436,135.16845875599392,66.3980969893422,12.0,706.1143828000305,137.3429237315196
3531,Shanghai SouthCh - Nagoya,SEA,PILOT_TO_PILOT,6,3531,702,7,8,Tosa,Kashino ,32.96886442140323,135.17213343680132,66.3980969893422,12.0,706.3143477872547,137.14295874429536
3532,Shanghai SouthCh - Nagoya,SEA,PILOT_TO_PILOT,6,3532,703,7,8,Tosa,Kashino ,32.97012433015144,135.17580822244014,66.3980969893422,12.0,706.5143127744789,136.94299375707124
3533,Shanghai SouthCh - Nagoya,SEA,PILOT_TO_PILOT,6,3533,704,7,8,Tosa,Kashino ,32.97138413128979,135.17948311290942,66.3980969893422,12.0,706.714277761703,136.74302876984711
3534,Shanghai SouthCh - Nagoya,SEA,PILOT_TO_PILOT,6,3534,705,7,8,Tosa,Kashino ,32.972643824810035,135.1831581082083,66.3980969893422,12.0,706.9142427489272,136.54306378262288
3535,Shanghai SouthCh - Nagoya,SEA,PILOT_TO_PILOT,6,3535,706,7,8,Tosa,Kashino ,32.97390341070393,135.18683320833577,66.3980969893422,12.0,707.1142077361513,136.34309879539876
3536,Shanghai SouthCh - Nagoya,SEA,PILOT_TO_PILOT,6,3536,707,7,8,Tosa,Kashino ,32.97516288896324,135.19050841329104,66.3980969893422,12.0,707.3141727233756,136.14313380817453
3537,Shanghai SouthCh - Nagoya,SEA,PILOT_TO_PILOT,6,3537,708,7,8,Tosa,Kashino ,32.976422259579685,135.19418372307305,66.3980969893422,12.0,707.5141377105997,135.9431688209504
3538,Shanghai SouthCh - Nagoya,SEA,PILOT_TO_PILOT,6,3538,709,7,8,Tosa,Kashino ,32.97768152254502,135.19785913768098,66.3980969893422,12.0,707.7141026978238,135.74320383372628
3539,Shanghai SouthCh - Nagoya,SEA,PILOT_TO_PILOT,6,3539,710,7,8,Tosa,Kashino ,32.97894067785098,135.20153465711388,66.3980969893422,12.0,707.914067685048,135.54323884650205
3540,Shanghai SouthCh - Nagoya,SEA,PILOT_TO_PILOT,6,3540,711,7,8,Tosa,Kashino ,32.98019972548934,135.2052102813708,66.3980969893422,12.0,708.1140326722722,135.34327385927793
3541,Shanghai SouthCh - Nagoya,SEA,PILOT_TO_PILOT,6,3541,712,7,8,Tosa,Kashino ,32.98145866545184,135.20888601045084,66.3980969893422,12.0,708.3139976594964,135.1433088720537
3542,Shanghai SouthCh - Nagoya,SEA,PILOT_TO_PILOT,6,3542,713,7,8,Tosa,Kashino ,32.98271749773021,135.21256184435302,66.3980969893422,12.0,708.5139626467205,134.94334388482957
3543,Shanghai SouthCh - Nagoya,SEA,PILOT_TO_PILOT,6,3543,714,7,8,Tosa,Kashino ,32.983976222316215,135.21623778307642,66.3980969893422,12.0,708.7139276339446,134.74337889760545
3544,Shanghai SouthCh - Nagoya,SEA,PILOT_TO_PILOT,6,3544,715,7,8,Tosa,Kashino ,32.98523483920161,135.21991382662014,66.3980969893422,12.0,708.9138926211689,134.54341391038122
3545,Shanghai SouthCh - Nagoya,SEA,PILOT_TO_PILOT,6,3545,716,7,8,Tosa,Kashino ,32.98649334837812,135.2235899749832,66.3980969893422,12.0,709.113857608393,134.3434489231571
3546,Shanghai SouthCh - Nagoya,SEA,PILOT_TO_PILOT,6,3546,717,7,8,Tosa,Kashino ,32.98775174983751,135.2272662281647,66.3980969893422,12.0,709.3138225956172,134.14348393593286
3547,Shanghai SouthCh - Nagoya,SEA,PILOT_TO_PILOT,6,3547,718,7,8,Tosa,Kashino ,32.98901004357151,135.23094258616362,66.3980969893422,12.0,709.5137875828414,133.94351894870874
3548,Shanghai SouthCh - Nagoya,SEA,PILOT_TO_PILOT,6,3548,719,7,8,Tosa,Kashino ,32.99026822957188,135.2346190489791,66.3980969893422,12.0,709.7137525700655,133.74355396148462
3549,Shanghai SouthCh - Nagoya,SEA,PILOT_TO_PILOT,6,3549,720,7,8,Tosa,Kashino ,32.99152630783038,135.23829561661017,66.3980969893422,12.0,709.9137175572897,133.5435889742604
3550,Shanghai SouthCh - Nagoya,SEA,PILOT_TO_PILOT,6,3550,721,7,8,Tosa,Kashino ,32.992784278338746,135.24197228905587,66.3980969893422,12.0,710.1136825445138,133.34362398703627
3551,Shanghai SouthCh - Nagoya,SEA,PILOT_TO_PILOT,6,3551,722,7,8,Tosa,Kashino ,32.99404214108872,135.24564906631522,66.3980969893422,12.0,710.3136475317381,133.14365899981203
3552,Shanghai SouthCh - Nagoya,SEA,PILOT_TO_PILOT,6,3552,723,7,8,Tosa,Kashino ,32.99529989607206,135.24932594838734,66.3980969893422,12.0,710.5136125189622,132.9436940125879
3553,Shanghai SouthCh - Nagoya,SEA,PILOT_TO_PILOT,6,3553,724,7,8,Tosa,Kashino ,32.99655754328051,135.2530029352712,66.3980969893422,12.0,710.7135775061863,132.7437290253638
3554,Shanghai SouthCh - Nagoya,SEA,PILOT_TO_PILOT,6,3554,725,7,8,Tosa,Kashino ,32.99781508270581,135.25668002696588,66.3980969893422,12.0,710.9135424934105,132.54376403813956
3555,Shanghai SouthCh - Nagoya,SEA,PILOT_TO_PILOT,6,3555,726,7,8,Tosa,Kashino ,32.99907251433973,135.26035722347044,66.3980969893422,12.0,711.1135074806348,132.34379905091532
3556,Shanghai SouthCh - Nagoya,SEA,PILOT_TO_PILOT,6,3556,727,7,8,Tosa,Kashino ,33.000329838174004,135.26403452478385,66.3980969893422,12.0,711.3134724678589,132.1438340636912
3557,Shanghai SouthCh - Nagoya,SEA,PILOT_TO_PILOT,6,3557,728,7,8,Tosa,Kashino ,33.00158705420038,135.2677119309052,66.3980969893422,12.0,711.513437455083,131.94386907646708
3558,Shanghai SouthCh - Nagoya,SEA,PILOT_TO_PILOT,6,3558,729,7,8,Tosa,Kashino ,33.0028441624106,135.2713894418335,66.3980969893422,12.0,711.7134024423073,131.74390408924285
3559,Shanghai SouthCh - Nagoya,SEA,PILOT_TO_PILOT,6,3559,730,7,8,Tosa,Kashino ,33.004101162796424,135.2750670575678,66.3980969893422,12.0,711.9133674295314,131.54393910201873
3560,Shanghai SouthCh - Nagoya,SEA,PILOT_TO_PILOT,6,3560,731,7,8,Tosa,Kashino ,33.0053580553496,135.27874477810713,66.3980969893422,12.0,712.1133324167556,131.3439741147945
3561,Shanghai SouthCh - Nagoya,SEA,PILOT_TO_PILOT,6,3561,732,7,8,Tosa,Kashino ,33.00661484006187,135.28242260345053,66.3980969893422,12.0,712.3132974039797,131.14400912757037
3562,Shanghai SouthCh - Nagoya,SEA,PILOT_TO_PILOT,6,3562,733,7,8,Tosa,Kashino ,33.007871516924986,135.286100533597,66.3980969893422,12.0,712.5132623912039,130.94404414034625
3563,Shanghai SouthCh - Nagoya,SEA,PILOT_TO_PILOT,6,3563,734,7,8,Tosa,Kashino ,33.0091280859307,135.28977856854553,66.3980969893422,12.0,712.7132273784281,130.74407915312202
3564,Shanghai SouthCh - Nagoya,SEA,PILOT_TO_PILOT,6,3564,735,7,8,Tosa,Kashino ,33.01038454707076,135.29345670829522,66.3980969893422,12.0,712.9131923656522,130.5441141658979
3565,Shanghai SouthCh - Nagoya,SEA,PILOT_TO_PILOT,6,3565,736,7,8,Tosa,Kashino ,33.011640900336886,135.29713495284506,66.3980969893422,12.0,713.1131573528764,130.34414917867366
3566,Shanghai SouthCh - Nagoya,SEA,PILOT_TO_PILOT,6,3566,737,7,8,Tosa,Kashino ,33.01289714572088,135.30081330219403,66.3980969893422,12.0,713.3131223401006,130.14418419144954
3567,Shanghai SouthCh - Nagoya,SEA,PILOT_TO_PILOT,6,3567,738,7,8,Tosa,Kashino ,33.01415328321444,135.30449175634118,66.3980969893422,12.0,713.5130873273247,129.94421920422542
3568,Shanghai SouthCh - Nagoya,SEA,PILOT_TO_PILOT,6,3568,739,7,8,Tosa,Kashino ,33.015409312809346,135.30817031528554,66.3980969893422,12.0,713.7130523145489,129.74425421700118
3569,Shanghai SouthCh - Nagoya,SEA,PILOT_TO_PILOT,6,3569,740,7,8,Tosa,Kashino ,33.01666523449734,135.31184897902605,66.3980969893422,12.0,713.913017301773,129.54428922977706
3570,Shanghai SouthCh - Nagoya,SEA,PILOT_TO_PILOT,6,3570,741,7,8,Tosa,Kashino ,33.01792104827016,135.3155277475618,66.3980969893422,12.0,714.1129822889973,129.34432424255283
3571,Shanghai SouthCh - Nagoya,SEA,PILOT_TO_PILOT,6,3571,742,7,8,Tosa,Kashino ,33.01917675411958,135.31920662089178,66.3980969893422,12.0,714.3129472762214,129.1443592553287
3572,Shanghai SouthCh - Nagoya,SEA,PILOT_TO_PILOT,6,3572,743,7,8,Tosa,Kashino ,33.02043235203731,135.32288559901494,66.3980969893422,12.0,714.5129122634455,128.9443942681046
3573,Shanghai SouthCh - Nagoya,SEA,PILOT_TO_PILOT,6,3573,744,7,8,Tosa,Kashino ,33.02168784201513,135.32656468193034,66.3980969893422,12.0,714.7128772506697,128.74442928088035
3574,Shanghai SouthCh - Nagoya,SEA,PILOT_TO_PILOT,6,3574,745,7,8,Tosa,Kashino ,33.022943224044774,135.33024386963694,66.3980969893422,12.0,714.912842237894,128.54446429365612
3575,Shanghai SouthCh - Nagoya,SEA,PILOT_TO_PILOT,6,3575,746,7,8,Tosa,Kashino ,33.024198498118004,135.33392316213377,66.3980969893422,12.0,715.1128072251181,128.344499306432
3576,Shanghai SouthCh - Nagoya,SEA,PILOT_TO_PILOT,6,3576,747,7,8,Tosa,Kashino ,33.02545366422655,135.33760255941985,66.3980969893422,12.0,715.3127722123422,128.14453431920788
3577,Shanghai SouthCh - Nagoya,SEA,PILOT_TO_PILOT,6,3577,748,7,8,Tosa,Kashino ,33.02670872236218,135.3412820614941,66.3980969893422,12.0,715.5127371995665,127.94456933198364
3578,Shanghai SouthCh - Nagoya,SEA,PILOT_TO_PILOT,6,3578,749,7,8,Tosa,Kashino ,33.027963672516634,135.34496166835558,66.3980969893422,12.0,715.7127021867906,127.74460434475952
3579,Shanghai SouthCh - Nagoya,SEA,PILOT_TO_PILOT,6,3579,750,7,8,Tosa,Kashino ,33.02921851468166,135.34864138000324,66.3980969893422,12.0,715.9126671740148,127.54463935753529
3580,Shanghai SouthCh - Nagoya,SEA,PILOT_TO_PILOT,6,3580,751,7,8,Tosa,Kashino ,33.030473248849006,135.35232119643607,66.3980969893422,12.0,716.1126321612389,127.34467437031117
3581,Shanghai SouthCh - Nagoya,SEA,PILOT_TO_PILOT,6,3581,752,7,8,Tosa,Kashino ,33.031727875010425,135.35600111765305,66.3980969893422,12.0,716.312597148463,127.14470938308705
3582,Shanghai SouthCh - Nagoya,SEA,PILOT_TO_PILOT,6,3582,753,7,8,Tosa,Kashino ,33.03298239315765,135.35968114365323,66.3980969893422,12.0,716.5125621356873,126.94474439586281
3583,Shanghai SouthCh - Nagoya,SEA,PILOT_TO_PILOT,6,3583,754,7,8,Tosa,Kashino ,33.034236803282454,135.36336127443553,66.3980969893422,12.0,716.7125271229114,126.74477940863869
3584,Shanghai SouthCh - Nagoya,SEA,PILOT_TO_PILOT,6,3584,755,7,8,Tosa,Kashino ,33.035491105376586,135.36704150999893,66.3980969893422,12.0,716.9124921101356,126.54481442141446
3585,Shanghai SouthCh - Nagoya,SEA,PILOT_TO_PILOT,6,3585,756,7,8,Tosa,Kashino ,33.03674529943178,135.3707218503424,66.3980969893422,12.0,717.1124570973598,126.34484943419034
3586,Shanghai SouthCh - Nagoya,SEA,PILOT_TO_PILOT,6,3586,757,7,8,Tosa,Kashino ,33.03799938543979,135.37440229546493,66.3980969893422,12.0,717.3124220845839,126.14488444696622
3587,Shanghai SouthCh - Nagoya,SEA,PILOT_TO_PILOT,6,3587,758,7,8,Tosa,Kashino ,33.039253363392355,135.37808284536553,66.3980969893422,12.0,717.5123870718081,125.94491945974198
3588,Shanghai SouthCh - Nagoya,SEA,PILOT_TO_PILOT,6,3588,759,7,8,Tosa,Kashino ,33.04050723328125,135.38176350004312,66.3980969893422,12.0,717.7123520590322,125.74495447251786
3589,Shanghai SouthCh - Nagoya,SEA,PILOT_TO_PILOT,6,3589,760,7,8,Tosa,Kashino ,33.0417609950982,135.3854442594967,66.3980969893422,12.0,717.9123170462565,125.54498948529363
3590,Shanghai SouthCh - Nagoya,SEA,PILOT_TO_PILOT,6,3590,761,7,8,Tosa,Kashino ,33.04301464883497,135.3891251237252,66.3980969893422,12.0,718.1122820334806,125.3450244980695
3591,Shanghai SouthCh - Nagoya,SEA,PILOT_TO_PILOT,6,3591,762,7,8,Tosa,Kashino ,33.0442681944833,135.39280609272762,66.3980969893422,12.0,718.3122470207047,125.14505951084539
3592,Shanghai SouthCh - Nagoya,SEA,PILOT_TO_PILOT,6,3592,763,7,8,Tosa,Kashino ,33.04552163203494,135.3964871665029,66.3980969893422,12.0,718.512212007929,124.94509452362115
3593,Shanghai SouthCh - Nagoya,SEA,PILOT_TO_PILOT,6,3593,764,7,8,Tosa,Kashino ,33.04677496148165,135.40016834505005,66.3980969893422,12.0,718.7121769951531,124.74512953639703
3594,Shanghai SouthCh - Nagoya,SEA,PILOT_TO_PILOT,6,3594,765,7,8,Tosa,Kashino ,33.04802818281516,135.40384962836794,66.3980969893422,12.0,718.9121419823773,124.5451645491728
3595,Shanghai SouthCh - Nagoya,SEA,PILOT_TO_PILOT,6,3595,766,7,8,Tosa,Kashino ,33.049281296027246,135.4075310164556,66.3980969893422,12.0,719.1121069696014,124.34519956194868
3596,Shanghai SouthCh - Nagoya,SEA,PILOT_TO_PILOT,6,3596,767,7,8,Tosa,Kashino ,33.05053430110963,135.41121250931198,66.3980969893422,12.0,719.3120719568255,124.14523457472455
3597,Shanghai SouthCh - Nagoya,SEA,PILOT_TO_PILOT,6,3597,768,7,8,Tosa,Kashino ,33.05178719805408,135.41489410693598,66.3980969893422,12.0,719.5120369440498,123.94526958750032
3598,Shanghai SouthCh - Nagoya,SEA,PILOT_TO_PILOT,6,3598,769,7,8,Tosa,Kashino ,33.05303998685233,135.4185758093266,66.3980969893422,12.0,719.712001931274,123.74530460027609
3599,Shanghai SouthCh - Nagoya,SEA,PILOT_TO_PILOT,6,3599,770,7,8,Tosa,Kashino ,33.05429266749615,135.4222576164828,66.3980969893422,12.0,719.9119669184981,123.54533961305196
3600,Shanghai SouthCh - Nagoya,SEA,PILOT_TO_PILOT,6,3600,771,7,8,Tosa,Kashino ,33.05554523997728,135.42593952840346,66.3980969893422,12.0,720.1119319057223,123.34537462582784
3601,Shanghai SouthCh - Nagoya,SEA,PILOT_TO_PILOT,6,3601,772,7,8,Tosa,Kashino ,33.056797704287455,135.42962154508757,66.3980969893422,12.0,720.3118968929465,123.14540963860361
3602,Shanghai SouthCh - Nagoya,SEA,PILOT_TO_PILOT,6,3602,773,7,8,Tosa,Kashino ,33.058050060418445,135.43330366653407,66.3980969893422,12.0,720.5118618801706,122.94544465137949
3603,Shanghai SouthCh - Nagoya,SEA,PILOT_TO_PILOT,6,3603,774,7,8,Tosa,Kashino ,33.059302308362,135.43698589274186,66.3980969893422,12.0,720.7118268673948,122.74547966415525
3604,Shanghai SouthCh - Nagoya,SEA,PILOT_TO_PILOT,6,3604,775,7,8,Tosa,Kashino ,33.060554448109855,135.44066822370993,66.3980969893422,12.0,720.911791854619,122.54551467693113
3605,Shanghai SouthCh - Nagoya,SEA,PILOT_TO_PILOT,6,3605,776,7,8,Tosa,Kashino ,33.061806479653775,135.44435065943722,66.3980969893422,12.0,721.1117568418431,122.34554968970701
3606,Shanghai SouthCh - Nagoya,SEA,PILOT_TO_PILOT,6,3606,777,7,8,Tosa,Kashino ,33.0630584029855,135.4480331999226,66.3980969893422,12.0,721.3117218290673,122.14558470248278
3607,Shanghai SouthCh - Nagoya,SEA,PILOT_TO_PILOT,6,3607,778,7,8,Tosa,Kashino ,33.06431021809678,135.45171584516507,66.3980969893422,12.0,721.5116868162914,121.94561971525866
3608,Shanghai SouthCh - Nagoya,SEA,PILOT_TO_PILOT,6,3608,779,7,8,Tosa,Kashino ,33.06556192497937,135.45539859516353,66.3980969893422,12.0,721.7116518035157,121.74565472803442
3609,Shanghai SouthCh - Nagoya,SEA,PILOT_TO_PILOT,6,3609,780,7,8,Tosa,Kashino ,33.06681352362502,135.45908144991685,66.3980969893422,12.0,721.9116167907398,121.5456897408103
3610,Shanghai SouthCh - Nagoya,SEA,PILOT_TO_PILOT,6,3610,781,7,8,Tosa,Kashino ,33.068065014025464,135.4627644094241,66.3980969893422,12.0,722.1115817779639,121.34572475358618
3611,Shanghai SouthCh - Nagoya,SEA,PILOT_TO_PILOT,6,3611,782,7,8,Tosa,Kashino ,33.069316396172475,135.46644747368404,66.3980969893422,12.0,722.3115467651882,121.14575976636195
3612,Shanghai SouthCh - Nagoya,SEA,PILOT_TO_PILOT,6,3612,783,7,8,Tosa,Kashino ,33.07056767005779,135.4701306426957,66.3980969893422,12.0,722.5115117524123,120.94579477913783
3613,Shanghai SouthCh - Nagoya,SEA,PILOT_TO_PILOT,6,3613,784,7,8,Tosa,Kashino ,33.07181883567317,135.47381391645794,66.3980969893422,12.0,722.7114767396365,120.7458297919136
3614,Shanghai SouthCh - Nagoya,SEA,PILOT_TO_PILOT,6,3614,785,7,8,Tosa,Kashino ,33.073069893010356,135.4774972949697,66.3980969893422,12.0,722.9114417268606,120.54586480468947
3615,Shanghai SouthCh - Nagoya,SEA,PILOT_TO_PILOT,6,3615,786,7,8,Tosa,Kashino ,33.0743208420611,135.4811807782299,66.3980969893422,12.0,723.1114067140848,120.34589981746535
3616,Shanghai SouthCh - Nagoya,SEA,PILOT_TO_PILOT,6,3616,787,7,8,Tosa,Kashino ,33.075571682817156,135.48486436623745,66.3980969893422,12.0,723.311371701309,120.14593483024112
3617,Shanghai SouthCh - Nagoya,SEA,PILOT_TO_PILOT,6,3617,788,7,8,Tosa,Kashino ,33.076822415270264,135.48854805899126,66.3980969893422,12.0,723.5113366885331,119.945969843017
3618,Shanghai SouthCh - Nagoya,SEA,PILOT_TO_PILOT,6,3618,789,7,8,Tosa,Kashino ,33.07807303941219,135.4922318564902,66.3980969893422,12.0,723.7113016757573,119.74600485579276
3619,Shanghai SouthCh - Nagoya,SEA,PILOT_TO_PILOT,6,3619,790,7,8,Tosa,Kashino ,33.07932355523467,135.49591575873325,66.3980969893422,12.0,723.9112666629815,119.54603986856864
3620,Shanghai SouthCh - Nagoya,SEA,PILOT_TO_PILOT,6,3620,791,7,8,Tosa,Kashino ,33.08057396272946,135.49959976571927,66.3980969893422,12.0,724.1112316502056,119.34607488134452
3621,Shanghai SouthCh - Nagoya,SEA,PILOT_TO_PILOT,6,3621,792,7,8,Tosa,Kashino ,33.081824261888315,135.50328387744713,66.3980969893422,12.0,724.3111966374298,119.14610989412029
3622,Shanghai SouthCh - Nagoya,SEA,PILOT_TO_PILOT,6,3622,793,7,8,Tosa,Kashino ,33.083074452702974,135.5069680939158,66.3980969893422,12.0,724.511161624654,118.94614490689605
3623,Shanghai SouthCh - Nagoya,SEA,PILOT_TO_PILOT,6,3623,794,7,8,Tosa,Kashino ,33.084324535165194,135.51065241512413,66.3980969893422,12.0,724.7111266118782,118.74617991967193
3624,Shanghai SouthCh - Nagoya,SEA,PILOT_TO_PILOT,6,3624,795,7,8,Tosa,Kashino ,33.085574509266735,135.514336841071,66.3980969893422,12.0,724.9110915991023,118.54621493244781
3625,Shanghai SouthCh - Nagoya,SEA,PILOT_TO_PILOT,6,3625,796,7,8,Tosa,Kashino ,33.086824374999324,135.51802137175534,66.3980969893422,12.0,725.1110565863265,118.34624994522358
3626,Shanghai SouthCh - Nagoya,SEA,PILOT_TO_PILOT,6,3626,797,7,8,Tosa,Kashino ,33.08807413235475,135.52170600717605,66.3980969893422,12.0,725.3110215735506,118.14628495799946
3627,Shanghai SouthCh - Nagoya,SEA,PILOT_TO_PILOT,6,3627,798,7,8,Tosa,Kashino ,33.089323781324715,135.52539074733198,66.3980969893422,12.0,725.5109865607749,117.94631997077522
3628,Shanghai SouthCh - Nagoya,SEA,PILOT_TO_PILOT,6,3628,799,7,8,Tosa,Kashino ,33.090573321901005,135.52907559222206,66.3980969893422,12.0,725.710951547999,117.7463549835511
3629,Shanghai SouthCh - Nagoya,SEA,PILOT_TO_PILOT,6,3629,800,7,8,Tosa,Kashino ,33.091822754075366,135.53276054184514,66.3980969893422,12.0,725.9109165352231,117.54638999632698
3630,Shanghai SouthCh - Nagoya,SEA,PILOT_TO_PILOT,6,3630,801,7,8,Tosa,Kashino ,33.09307207783954,135.53644559620008,66.3980969893422,12.0,726.1108815224474,117.34642500910275
3631,Shanghai SouthCh - Nagoya,SEA,PILOT_TO_PILOT,6,3631,802,7,8,Tosa,Kashino ,33.094321293185274,135.54013075528584,66.3980969893422,12.0,726.3108465096715,117.14646002187862
3632,Shanghai SouthCh - Nagoya,SEA,PILOT_TO_PILOT,6,3632,803,7,8,Tosa,Kashino ,33.09557040010434,135.54381601910123,66.3980969893422,12.0,726.5108114968957,116.94649503465439
3633,Shanghai SouthCh - Nagoya,SEA,PILOT_TO_PILOT,6,3633,804,7,8,Tosa,Kashino ,33.096819398588465,135.54750138764516,66.3980969893422,12.0,726.7107764841198,116.74653004743027
3634,Shanghai SouthCh - Nagoya,SEA,PILOT_TO_PILOT,6,3634,805,7,8,Tosa,Kashino ,33.09806828862941,135.5511868609165,66.3980969893422,12.0,726.910741471344,116.54656506020615
3635,Shanghai SouthCh - Nagoya,SEA,PILOT_TO_PILOT,6,3635,806,7,8,Tosa,Kashino ,33.09931707021894,135.55487243891406,66.3980969893422,12.0,727.1107064585682,116.34660007298191
3636,Shanghai SouthCh - Nagoya,SEA,PILOT_TO_PILOT,6,3636,807,7,8,Tosa,Kashino ,33.100565743348774,135.55855812163682,66.3980969893422,12.0,727.3106714457923,116.1466350857578
3637,Shanghai SouthCh - Nagoya,SEA,PILOT_TO_PILOT,6,3637,808,7,8,Tosa,Kashino ,33.10181430801069,135.56224390908358,66.3980969893422,12.0,727.5106364330165,115.94667009853356
3638,Shanghai SouthCh - Nagoya,SEA,PILOT_TO_PILOT,6,3638,809,7,8,Tosa,Kashino ,33.10306276419643,135.56592980125322,66.3980969893422,12.0,727.7106014202407,115.74670511130944
3639,Shanghai SouthCh - Nagoya,SEA,PILOT_TO_PILOT,6,3639,810,7,8,Tosa,Kashino ,33.10431111189775,135.56961579814458,66.3980969893422,12.0,727.9105664074648,115.54674012408532
3640,Shanghai SouthCh - Nagoya,SEA,PILOT_TO_PILOT,6,3640,811,7,8,Tosa,Kashino ,33.10555935110639,135.57330189975656,66.3980969893422,12.0,728.110531394689,115.34677513686108
3641,Shanghai SouthCh - Nagoya,SEA,PILOT_TO_PILOT,6,3641,812,7,8,Tosa,Kashino ,33.10680748181411,135.57698810608804,66.3980969893422,12.0,728.3104963819133,115.14681014963685
3642,Shanghai SouthCh - Nagoya,SEA,PILOT_TO_PILOT,6,3642,813,7,8,Tosa,Kashino ,33.108055504012654,135.5806744171378,66.3980969893422,12.0,728.5104613691374,114.94684516241273
3643,Shanghai SouthCh - Nagoya,SEA,PILOT_TO_PILOT,6,3643,814,7,8,Tosa,Kashino ,33.109303417693795,135.58436083290474,66.3980969893422,12.0,728.7104263563615,114.74688017518861
3644,Shanghai SouthCh - Nagoya,SEA,PILOT_TO_PILOT,6,3644,815,7,8,Tosa,Kashino ,33.11055122284926,135.58804735338768,66.3980969893422,12.0,728.9103913435857,114.54691518796437
3645,Shanghai SouthCh - Nagoya,SEA,PILOT_TO_PILOT,6,3645,816,7,8,Tosa,Kashino ,33.11179891947081,135.59173397858552,66.3980969893422,12.0,729.1103563308099,114.34695020074025
3646,Shanghai SouthCh - Nagoya,SEA,PILOT_TO_PILOT,6,3646,817,7,8,Tosa,Kashino ,33.11304650755019,135.59542070849713,66.3980969893422,12.0,729.3103213180341,114.14698521351602
3647,Shanghai SouthCh - Nagoya,SEA,PILOT_TO_PILOT,6,3647,818,7,8,Tosa,Kashino ,33.114293987079165,135.59910754312125,66.3980969893422,12.0,729.5102863052582,113.9470202262919
3648,Shanghai SouthCh - Nagoya,SEA,PILOT_TO_PILOT,6,3648,819,7,8,Tosa,Kashino ,33.11554135804947,135.6027944824568,66.3980969893422,12.0,729.7102512924823,113.74705523906778
3649,Shanghai SouthCh - Nagoya,SEA,PILOT_TO_PILOT,6,3649,820,7,8,Tosa,Kashino ,33.116788620452866,135.60648152650265,66.3980969893422,12.0,729.9102162797066,113.54709025184354
3650,Shanghai SouthCh - Nagoya,SEA,PILOT_TO_PILOT,6,3650,821,7,8,Tosa,Kashino ,33.118035774281104,135.61016867525757,66.3980969893422,12.0,730.1101812669307,113.34712526461942
3651,Shanghai SouthCh - Nagoya,SEA,PILOT_TO_PILOT,6,3651,822,7,8,Tosa,Kashino ,33.11928281952594,135.61385592872045,66.3980969893422,12.0,730.3101462541549,113.14716027739519
3652,Shanghai SouthCh - Nagoya,SEA,PILOT_TO_PILOT,6,3652,823,7,8,Tosa,Kashino ,33.120529756179124,135.61754328689008,66.3980969893422,12.0,730.510111241379,112.94719529017107
3653,Shanghai SouthCh - Nagoya,SEA,PILOT_TO_PILOT,6,3653,824,7,8,Tosa,Kashino ,33.12177658423239,135.62123074976532,66.3980969893422,12.0,730.7100762286032,112.74723030294695
3654,Shanghai SouthCh - Nagoya,SEA,PILOT_TO_PILOT,6,3654,825,7,8,Tosa,Kashino ,33.12302330367753,135.62491831734502,66.3980969893422,12.0,730.9100412158274,112.54726531572271
3655,Shanghai SouthCh - Nagoya,SEA,PILOT_TO_PILOT,6,3655,826,7,8,Tosa,Kashino ,33.12426991450625,135.62860598962797,66.3980969893422,12.0,731.1100062030515,112.34730032849859
3656,Shanghai SouthCh - Nagoya,SEA,PILOT_TO_PILOT,6,3656,827,7,8,Tosa,Kashino ,33.12551641671032,135.63229376661306,66.3980969893422,12.0,731.3099711902757,112.14733534127436
3657,Shanghai SouthCh - Nagoya,SEA,PILOT_TO_PILOT,6,3657,828,7,8,Tosa,Kashino ,33.12676281028151,135.635981648299,66.3980969893422,12.0,731.5099361774999,111.94737035405024
3658,Shanghai SouthCh - Nagoya,SEA,PILOT_TO_PILOT,6,3658,829,7,8,Tosa,Kashino ,33.128009095211546,135.63966963468474,66.3980969893422,12.0,731.709901164724,111.74740536682611
3659,Shanghai SouthCh - Nagoya,SEA,PILOT_TO_PILOT,6,3659,830,7,8,Tosa,Kashino ,33.12925527149219,135.64335772576908,66.3980969893422,12.0,731.9098661519482,111.54744037960188
3660,Shanghai SouthCh - Nagoya,SEA,PILOT_TO_PILOT,6,3660,831,7,8,Tosa,Kashino ,33.130501339115206,135.64704592155076,66.3980969893422,12.0,732.1098311391723,111.34747539237776
3661,Shanghai SouthCh - Nagoya,SEA,PILOT_TO_PILOT,6,3661,832,7,8,Tosa,Kashino ,33.13174729807232,135.65073422202863,66.3980969893422,12.0,732.3097961263966,111.14751040515353
3662,Shanghai SouthCh - Nagoya,SEA,PILOT_TO_PILOT,6,3662,833,7,8,Tosa,Kashino ,33.13299314835532,135.65442262720157,66.3980969893422,12.0,732.5097611136207,110.9475454179294
3663,Shanghai SouthCh - Nagoya,SEA,PILOT_TO_PILOT,6,3663,834,7,8,Tosa,Kashino ,33.13423888995591,135.6581111370683,66.3980969893422,12.0,732.7097261008448,110.74758043070528
3664,Shanghai SouthCh - Nagoya,SEA,PILOT_TO_PILOT,6,3664,835,7,8,Tosa,Kashino ,33.135484522865895,135.66179975162765,66.3980969893422,12.0,732.909691088069,110.54761544348105
3665,Shanghai SouthCh - Nagoya,SEA,PILOT_TO_PILOT,6,3665,836,7,8,Tosa,Kashino ,33.13673004707699,135.6654884708785,66.3980969893422,12.0,733.1096560752933,110.34765045625682
3666,Shanghai SouthCh - Nagoya,SEA,PILOT_TO_PILOT,6,3666,837,7,8,Tosa,Kashino ,33.13797546258095,135.66917729481963,66.3980969893422,12.0,733.3096210625174,110.1476854690327
3667,Shanghai SouthCh - Nagoya,SEA,PILOT_TO_PILOT,6,3667,838,7,8,Tosa,Kashino ,33.13922076936956,135.67286622344977,66.3980969893422,12.0,733.5095860497415,109.94772048180857
3668,Shanghai SouthCh - Nagoya,SEA,PILOT_TO_PILOT,6,3668,839,7,8,Tosa,Kashino ,33.14046596743453,135.67655525676778,66.3980969893422,12.0,733.7095510369658,109.74775549458434
3669,Shanghai SouthCh - Nagoya,SEA,PILOT_TO_PILOT,6,3669,840,7,8,Tosa,Kashino ,33.14171105676764,135.68024439477244,66.3980969893422,12.0,733.9095160241899,109.54779050736022
3670,Shanghai SouthCh - Nagoya,SEA,PILOT_TO_PILOT,6,3670,841,7,8,Tosa,Kashino ,33.14295603736063,135.6839336374626,66.3980969893422,12.0,734.1094810114141,109.34782552013598
3671,Shanghai SouthCh - Nagoya,SEA,PILOT_TO_PILOT,6,3671,842,7,8,Tosa,Kashino ,33.14420090920526,135.68762298483696,66.3980969893422,12.0,734.3094459986382,109.14786053291186
3672,Shanghai SouthCh - Nagoya,SEA,PILOT_TO_PILOT,6,3672,843,7,8,Tosa,Kashino ,33.145445672293285,135.69131243689444,66.3980969893422,12.0,734.5094109858624,108.94789554568774
3673,Shanghai SouthCh - Nagoya,SEA,PILOT_TO_PILOT,6,3673,844,7,8,Tosa,Kashino ,33.14669032661645,135.69500199363372,66.3980969893422,12.0,734.7093759730866,108.74793055846351
3674,Shanghai SouthCh - Nagoya,SEA,PILOT_TO_PILOT,6,3674,845,7,8,Tosa,Kashino ,33.1479348721665,135.69869165505364,66.3980969893422,12.0,734.9093409603107,108.54796557123939
3675,Shanghai SouthCh - Nagoya,SEA,PILOT_TO_PILOT,6,3675,846,7,8,Tosa,Kashino ,33.14917930893521,135.70238142115298,66.3980969893422,12.0,735.109305947535,108.34800058401515
3676,Shanghai SouthCh - Nagoya,SEA,PILOT_TO_PILOT,6,3676,847,7,8,Tosa,Kashino ,33.15042363691431,135.70607129193053,66.3980969893422,12.0,735.3092709347591,108.14803559679103
3677,Shanghai SouthCh - Nagoya,SEA,PILOT_TO_PILOT,6,3677,848,7,8,Tosa,Kashino ,33.15166785609557,135.70976126738503,66.3980969893422,12.0,735.5092359219832,107.94807060956691
3678,Shanghai SouthCh - Nagoya,SEA,PILOT_TO_PILOT,6,3678,849,7,8,Tosa,Kashino ,33.15291196647074,135.71345134751533,66.3980969893422,12.0,735.7092009092074,107.74810562234268
3679,Shanghai SouthCh - Nagoya,SEA,PILOT_TO_PILOT,6,3679,850,7,8,Tosa,Kashino ,33.154155968031574,135.71714153232017,66.3980969893422,12.0,735.9091658964315,107.54814063511856
3680,Shanghai SouthCh - Nagoya,SEA,PILOT_TO_PILOT,6,3680,851,7,8,Tosa,Kashino ,33.15539986076981,135.72083182179836,66.3980969893422,12.0,736.1091308836558,107.34817564789432
3681,Shanghai SouthCh - Nagoya,SEA,PILOT_TO_PILOT,6,3681,852,7,8,Tosa,Kashino ,33.15664364467721,135.7245222159486,66.3980969893422,12.0,736.3090958708799,107.1482106606702
3682,Shanghai SouthCh - Nagoya,SEA,PILOT_TO_PILOT,6,3682,853,7,8,Tosa,Kashino ,33.15788731974554,135.72821271476974,66.3980969893422,12.0,736.509060858104,106.94824567344608
3683,Shanghai SouthCh - Nagoya,SEA,PILOT_TO_PILOT,6,3683,854,7,8,Tosa,Kashino ,33.15913088596653,135.7319033182605,66.3980969893422,12.0,736.7090258453283,106.74828068622185
3684,Shanghai SouthCh - Nagoya,SEA,PILOT_TO_PILOT,6,3684,855,7,8,Tosa,Kashino ,33.160374343331945,135.73559402641968,66.3980969893422,12.0,736.9089908325524,106.54831569899773
3685,Shanghai SouthCh - Nagoya,SEA,PILOT_TO_PILOT,6,3685,856,7,8,Tosa,Kashino ,33.16161769183355,135.739284839246,66.3980969893422,12.0,737.1089558197766,106.34835071177349
3686,Shanghai SouthCh - Nagoya,SEA,PILOT_TO_PILOT,6,3686,857,7,8,Tosa,Kashino ,33.16286093146308,135.74297575673833,66.3980969893422,12.0,737.3089208070007,106.14838572454937
3687,Shanghai SouthCh - Nagoya,SEA,PILOT_TO_PILOT,6,3687,858,7,8,Tosa,Kashino ,33.1641040622123,135.7466667788953,66.3980969893422,12.0,737.5088857942249,105.94842073732525
3688,Shanghai SouthCh - Nagoya,SEA,PILOT_TO_PILOT,6,3688,859,7,8,Tosa,Kashino ,33.165347084072955,135.75035790571573,66.3980969893422,12.0,737.7088507814491,105.74845575010102
3689,Shanghai SouthCh - Nagoya,SEA,PILOT_TO_PILOT,6,3689,860,7,8,Tosa,Kashino ,33.1665899970368,135.75404913719836,66.3980969893422,12.0,737.9088157686733,105.54849076287678
3690,Shanghai SouthCh - Nagoya,SEA,PILOT_TO_PILOT,6,3690,861,7,8,Tosa,Kashino ,33.1678328010956,135.75774047334204,66.3980969893422,12.0,738.1087807558974,105.34852577565266
3691,Shanghai SouthCh - Nagoya,SEA,PILOT_TO_PILOT,6,3691,862,7,8,Tosa,Kashino ,33.16907549624109,135.76143191414536,66.3980969893422,12.0,738.3087457431216,105.14856078842854
3692,Shanghai SouthCh - Nagoya,SEA,PILOT_TO_PILOT,6,3692,863,7,8,Tosa,Kashino ,33.170318082465045,135.7651234596072,66.3980969893422,12.0,738.5087107303458,104.9485958012043
3693,Shanghai SouthCh - Nagoya,SEA,PILOT_TO_PILOT,6,3693,864,7,8,Tosa,Kashino ,33.17156055975921,135.76881510972623,66.3980969893422,12.0,738.7086757175699,104.74863081398018
3694,Shanghai SouthCh - Nagoya,SEA,PILOT_TO_PILOT,6,3694,865,7,8,Tosa,Kashino ,33.17280292811532,135.77250686450125,66.3980969893422,12.0,738.9086407047942,104.54866582675595
3695,Shanghai SouthCh - Nagoya,SEA,PILOT_TO_PILOT,6,3695,866,7,8,Tosa,Kashino ,33.17404518752514,135.776198723931,66.3980969893422,12.0,739.1086056920183,104.34870083953183
3696,Shanghai SouthCh - Nagoya,SEA,PILOT_TO_PILOT,6,3696,867,7,8,Tosa,Kashino ,33.175287337980436,135.77989068801418,66.3980969893422,12.0,739.3085706792424,104.14873585230771
3697,Shanghai SouthCh - Nagoya,SEA,PILOT_TO_PILOT,6,3697,868,7,8,Tosa,Kashino ,33.17652937947296,135.78358275674958,66.3980969893422,12.0,739.5085356664666,103.94877086508347
3698,Shanghai SouthCh - Nagoya,SEA,PILOT_TO_PILOT,6,3698,869,7,8,Tosa,Kashino ,33.17777131199444,135.7872749301359,66.3980969893422,12.0,739.7085006536907,103.74880587785935
3699,Shanghai SouthCh - Nagoya,SEA,PILOT_TO_PILOT,6,3699,870,7,8,Tosa,Kashino ,33.17901313553667,135.79096720817188,66.3980969893422,12.0,739.908465640915,103.54884089063512
3700,Shanghai SouthCh - Nagoya,SEA,PILOT_TO_PILOT,6,3700,871,7,8,Tosa,Kashino ,33.18025485009139,135.7946595908563,66.3980969893422,12.0,740.1084306281391,103.348875903411
3701,Shanghai SouthCh - Nagoya,SEA,PILOT_TO_PILOT,6,3701,872,7,8,Tosa,Kashino ,33.18149645565033,135.79835207818786,66.3980969893422,12.0,740.3083956153632,103.14891091618688
3702,Shanghai SouthCh - Nagoya,SEA,PILOT_TO_PILOT,6,3702,873,7,8,Tosa,Kashino ,33.18273795220527,135.80204467016526,66.3980969893422,12.0,740.5083606025875,102.94894592896264
3703,Shanghai SouthCh - Nagoya,SEA,PILOT_TO_PILOT,6,3703,874,7,8,Tosa,Kashino ,33.18397933974796,135.80573736678724,66.3980969893422,12.0,740.7083255898116,102.74898094173852
3704,Shanghai SouthCh - Nagoya,SEA,PILOT_TO_PILOT,6,3704,875,7,8,Tosa,Kashino ,33.185220618270144,135.8094301680526,66.3980969893422,12.0,740.9082905770358,102.54901595451429
3705,Shanghai SouthCh - Nagoya,SEA,PILOT_TO_PILOT,6,3705,876,7,8,Tosa,Kashino ,33.186461787763584,135.81312307395993,66.3980969893422,12.0,741.1082555642599,102.34905096729017
3706,Shanghai SouthCh - Nagoya,SEA,PILOT_TO_PILOT,6,3706,877,7,8,Tosa,Kashino ,33.18770284822004,135.81681608450808,66.3980969893422,12.0,741.308220551484,102.14908598006605
3707,Shanghai SouthCh - Nagoya,SEA,PILOT_TO_PILOT,6,3707,878,7,8,Tosa,Kashino ,33.188943799631254,135.82050919969572,66.3980969893422,12.0,741.5081855387083,101.94912099284181
3708,Shanghai SouthCh - Nagoya,SEA,PILOT_TO_PILOT,6,3708,879,7,8,Tosa,Kashino ,33.190184641988985,135.8242024195215,66.3980969893422,12.0,741.7081505259325,101.74915600561758
3709,Shanghai SouthCh - Nagoya,SEA,PILOT_TO_PILOT,6,3709,880,7,8,Tosa,Kashino ,33.19142537528499,135.82789574398424,66.3980969893422,12.0,741.9081155131566,101.54919101839346
3710,Shanghai SouthCh - Nagoya,SEA,PILOT_TO_PILOT,6,3710,881,7,8,Tosa,Kashino ,33.19266599951103,135.8315891730826,66.3980969893422,12.0,742.1080805003808,101.34922603116934
3711,Shanghai SouthCh - Nagoya,SEA,PILOT_TO_PILOT,6,3711,882,7,8,Tosa,Kashino ,33.19390651465884,135.8352827068153,66.3980969893422,12.0,742.308045487605,101.1492610439451
3712,Shanghai SouthCh - Nagoya,SEA,PILOT_TO_PILOT,6,3712,883,7,8,Tosa,Kashino ,33.1951469207202,135.83897634518104,66.3980969893422,12.0,742.5080104748291,100.94929605672098
3713,Shanghai SouthCh - Nagoya,SEA,PILOT_TO_PILOT,6,3713,884,7,8,Tosa,Kashino ,33.19638721768684,135.84267008817852,66.3980969893422,12.0,742.7079754620534,100.74933106949675
3714,Shanghai SouthCh - Nagoya,SEA,PILOT_TO_PILOT,6,3714,885,7,8,Tosa,Kashino ,33.19762740555052,135.8463639358065,66.3980969893422,12.0,742.9079404492775,100.54936608227263
3715,Shanghai SouthCh - Nagoya,SEA,PILOT_TO_PILOT,6,3715,886,7,8,Tosa,Kashino ,33.198867484303015,135.85005788806362,66.3980969893422,12.0,743.1079054365016,100.3494010950485
3716,Shanghai SouthCh - Nagoya,SEA,PILOT_TO_PILOT,6,3716,887,7,8,Tosa,Kashino ,33.20010745393607,135.85375194494858,66.3980969893422,12.0,743.3078704237258,100.14943610782427
3717,Shanghai SouthCh - Nagoya,SEA,PILOT_TO_PILOT,6,3717,888,7,8,Tosa,Kashino ,33.20134731444142,135.8574461064601,66.3980969893422,12.0,743.50783541095,99.94947112060015
3718,Shanghai SouthCh - Nagoya,SEA,PILOT_TO_PILOT,6,3718,889,7,8,Tosa,Kashino ,33.202587065810846,135.86114037259688,66.3980969893422,12.0,743.7078003981742,99.74950613337592
3719,Shanghai SouthCh - Nagoya,SEA,PILOT_TO_PILOT,6,3719,890,7,8,Tosa,Kashino ,33.20382670803609,135.8648347433576,66.3980969893422,12.0,743.9077653853983,99.5495411461518
3720,Shanghai SouthCh - Nagoya,SEA,PILOT_TO_PILOT,6,3720,891,7,8,Tosa,Kashino ,33.20506624110891,135.86852921874095,66.3980969893422,12.0,744.1077303726224,99.34957615892768
3721,Shanghai SouthCh - Nagoya,SEA,PILOT_TO_PILOT,6,3721,892,7,8,Tosa,Kashino ,33.20630566502107,135.87222379874564,66.3980969893422,12.0,744.3076953598467,99.14961117170344
3722,Shanghai SouthCh - Nagoya,SEA,PILOT_TO_PILOT,6,3722,893,7,8,Tosa,Kashino ,33.2075449797643,135.87591848337033,66.3980969893422,12.0,744.5076603470708,98.94964618447932
3723,Shanghai SouthCh - Nagoya,SEA,PILOT_TO_PILOT,6,3723,894,7,8,Tosa,Kashino ,33.20878418533037,135.87961327261374,66.3980969893422,12.0,744.707625334295,98.74968119725509
3724,Shanghai SouthCh - Nagoya,SEA,PILOT_TO_PILOT,6,3724,895,7,8,Tosa,Kashino ,33.21002328171105,135.8833081664745,66.3980969893422,12.0,744.9075903215191,98.54971621003097
3725,Shanghai SouthCh - Nagoya,SEA,PILOT_TO_PILOT,6,3725,896,7,8,Tosa,Kashino ,33.21126226889808,135.88700316495132,66.3980969893422,12.0,745.1075553087433,98.34975122280684
3726,Shanghai SouthCh - Nagoya,SEA,PILOT_TO_PILOT,6,3726,897,7,8,Tosa,Kashino ,33.21250114688322,135.8906982680429,66.3980969893422,12.0,745.3075202959675,98.14978623558261
3727,Shanghai SouthCh - Nagoya,SEA,PILOT_TO_PILOT,6,3727,898,7,8,Tosa,Kashino ,33.21373991565821,135.89439347574788,66.3980969893422,12.0,745.5074852831916,97.94982124835849
3728,Shanghai SouthCh - Nagoya,SEA,PILOT_TO_PILOT,6,3728,899,7,8,Tosa,Kashino ,33.21497857521483,135.89808878806497,66.3980969893422,12.0,745.7074502704158,97.74985626113425
3729,Shanghai SouthCh - Nagoya,SEA,PILOT_TO_PILOT,6,3729,900,7,8,Tosa,Kashino ,33.21621712554482,135.9017842049928,66.3980969893422,12.0,745.90741525764,97.54989127391013
3730,Shanghai SouthCh - Nagoya,SEA,PILOT_TO_PILOT,6,3730,901,7,8,Tosa,Kashino ,33.21745556663995,135.90547972653005,66.3980969893422,12.0,746.1073802448641,97.34992628668601
3731,Shanghai SouthCh - Nagoya,SEA,PILOT_TO_PILOT,6,3731,902,7,8,Tosa,Kashino ,33.218693898491956,135.9091753526754,66.3980969893422,12.0,746.3073452320883,97.14996129946178
3732,Shanghai SouthCh - Nagoya,SEA,PILOT_TO_PILOT,6,3732,903,7,8,Tosa,Kashino ,33.21993212109262,135.91287108342752,66.3980969893422,12.0,746.5073102193126,96.94999631223754
3733,Shanghai SouthCh - Nagoya,SEA,PILOT_TO_PILOT,6,3733,904,7,8,Tosa,Kashino ,33.22117023443366,135.91656691878507,66.3980969893422,12.0,746.7072752065367,96.75003132501342
3734,Shanghai SouthCh - Nagoya,SEA,PILOT_TO_PILOT,6,3734,905,7,8,Tosa,Kashino ,33.22240823850686,135.92026285874672,66.3980969893422,12.0,746.9072401937608,96.5500663377893
3735,Shanghai SouthCh - Nagoya,SEA,PILOT_TO_PILOT,6,3735,906,7,8,Tosa,Kashino ,33.22364613330396,135.92395890331107,66.3980969893422,12.0,747.107205180985,96.35010135056507
3736,Shanghai SouthCh - Nagoya,SEA,PILOT_TO_PILOT,6,3736,907,7,8,Tosa,Kashino ,33.224883918816744,135.92765505247687,66.3980969893422,12.0,747.3071701682092,96.15013636334095
3737,Shanghai SouthCh - Nagoya,SEA,PILOT_TO_PILOT,6,3737,908,7,8,Tosa,Kashino ,33.226121595036936,135.9313513062427,66.3980969893422,12.0,747.5071351554334,95.95017137611671
3738,Shanghai SouthCh - Nagoya,SEA,PILOT_TO_PILOT,6,3738,909,7,8,Tosa,Kashino ,33.22735916195631,135.93504766460725,66.3980969893422,12.0,747.7071001426575,95.7502063888926
3739,Shanghai SouthCh - Nagoya,SEA,PILOT_TO_PILOT,6,3739,910,7,8,Tosa,Kashino ,33.228596619566616,135.93874412756918,66.3980969893422,12.0,747.9070651298816,95.55024140166847
3740,Shanghai SouthCh - Nagoya,SEA,PILOT_TO_PILOT,6,3740,911,7,8,Tosa,Kashino ,33.22983396785961,135.94244069512712,66.3980969893422,12.0,748.1070301171059,95.35027641444424
3741,Shanghai SouthCh - Nagoya,SEA,PILOT_TO_PILOT,6,3741,912,7,8,Tosa,Kashino ,33.231071206827046,135.9461373672797,66.3980969893422,12.0,748.30699510433,95.15031142722012
3742,Shanghai SouthCh - Nagoya,SEA,PILOT_TO_PILOT,6,3742,913,7,8,Tosa,Kashino ,33.2323083364607,135.9498341440256,66.3980969893422,12.0,748.5069600915542,94.95034643999588
3743,Shanghai SouthCh - Nagoya,SEA,PILOT_TO_PILOT,6,3743,914,7,8,Tosa,Kashino ,33.2335453567523,135.95353102536342,66.3980969893422,12.0,748.7069250787783,94.75038145277176
3744,Shanghai SouthCh - Nagoya,SEA,PILOT_TO_PILOT,6,3744,915,7,8,Tosa,Kashino ,33.23478226769362,135.95722801129182,66.3980969893422,12.0,748.9068900660025,94.55041646554764
3745,Shanghai SouthCh - Nagoya,SEA,PILOT_TO_PILOT,6,3745,916,7,8,Tosa,Kashino ,33.236019069276416,135.96092510180944,66.3980969893422,12.0,749.1068550532267,94.35045147832341
3746,Shanghai SouthCh - Nagoya,SEA,PILOT_TO_PILOT,6,3746,917,7,8,Tosa,Kashino ,33.23725576149243,135.9646222969149,66.3980969893422,12.0,749.3068200404508,94.15048649109929
3747,Shanghai SouthCh - Nagoya,SEA,PILOT_TO_PILOT,6,3747,918,7,8,Tosa,Kashino ,33.23849234433344,135.96831959660688,66.3980969893422,12.0,749.506785027675,93.95052150387505
3748,Shanghai SouthCh - Nagoya,SEA,PILOT_TO_PILOT,6,3748,919,7,8,Tosa,Kashino ,33.239728817791175,135.97201700088397,66.3980969893422,12.0,749.7067500148992,93.75055651665093
3749,Shanghai SouthCh - Nagoya,SEA,PILOT_TO_PILOT,6,3749,920,7,8,Tosa,Kashino ,33.24096518185742,135.97571450974482,66.3980969893422,12.0,749.9067150021233,93.55059152942681
3750,Shanghai SouthCh - Nagoya,SEA,PILOT_TO_PILOT,6,3750,921,7,8,Tosa,Kashino ,33.24220143652392,135.97941212318804,66.3980969893422,12.0,750.1066799893475,93.35062654220258
3751,Shanghai SouthCh - Nagoya,SEA,PILOT_TO_PILOT,6,3751,922,7,8,Tosa,Kashino ,33.24343758178243,135.98310984121224,66.3980969893422,12.0,750.3066449765716,93.15066155497846
3752,Shanghai SouthCh - Nagoya,SEA,PILOT_TO_PILOT,6,3752,923,7,8,Tosa,Kashino ,33.24467361762471,135.98680766381608,66.3980969893422,12.0,750.5066099637959,92.95069656775422
3753,Shanghai SouthCh - Nagoya,SEA,PILOT_TO_PILOT,6,3753,924,7,8,Tosa,Kashino ,33.245909544042526,135.99050559099814,66.3980969893422,12.0,750.70657495102,92.7507315805301
3754,Shanghai SouthCh - Nagoya,SEA,PILOT_TO_PILOT,6,3754,925,7,8,Tosa,Kashino ,33.24714536102761,135.99420362275708,66.3980969893422,12.0,750.9065399382441,92.55076659330598
3755,Shanghai SouthCh - Nagoya,SEA,PILOT_TO_PILOT,6,3755,926,7,8,Tosa,Kashino ,33.248381068571746,135.9979017590915,66.3980969893422,12.0,751.1065049254684,92.35080160608175
3756,Shanghai SouthCh - Nagoya,SEA,PILOT_TO_PILOT,7,3756,0,8,9,Kashino ,Daio Sak,33.24961666666667,136.0016,39.101401902283385,12.0,751.3064699126926,92.15083661885751
3757,Shanghai SouthCh - Nagoya,SEA,PILOT_TO_PILOT,7,3757,1,8,9,Kashino ,Daio Sak,33.252199075539096,136.0041097210637,39.101401902283385,12.0,751.5062693116354,91.95103721991472
3758,Shanghai SouthCh - Nagoya,SEA,PILOT_TO_PILOT,7,3758,2,8,9,Kashino ,Daio Sak,33.254781433999256,136.00661959046823,39.101401902283385,12.0,751.7060687105783,91.75123782097182
3759,Shanghai SouthCh - Nagoya,SEA,PILOT_TO_PILOT,7,3759,3,8,9,Kashino ,Daio Sak,33.25736374203921,136.00912960823408,39.101401902283385,12.0,751.9058681095211,91.55143842202904
3760,Shanghai SouthCh - Nagoya,SEA,PILOT_TO_PILOT,7,3760,4,8,9,Kashino ,Daio Sak,33.25994599965103,136.01163977438165,39.101401902283385,12.0,752.1056675084639,91.35163902308625
3761,Shanghai SouthCh - Nagoya,SEA,PILOT_TO_PILOT,7,3761,5,8,9,Kashino ,Daio Sak,33.262528206826765,136.01415008893144,39.101401902283385,12.0,752.3054669074066,91.15183962414346
3762,Shanghai SouthCh - Nagoya,SEA,PILOT_TO_PILOT,7,3762,6,8,9,Kashino ,Daio Sak,33.265110363558485,136.01666055190393,39.101401902283385,12.0,752.5052663063495,90.95204022520056
3763,Shanghai SouthCh - Nagoya,SEA,PILOT_TO_PILOT,7,3763,7,8,9,Kashino ,Daio Sak,33.26769246983825,136.01917116331953,39.101401902283385,12.0,752.7050657052923,90.75224082625778
3764,Shanghai SouthCh - Nagoya,SEA,PILOT_TO_PILOT,7,3764,8,8,9,Kashino ,Daio Sak,33.27027452565812,136.02168192319874,39.101401902283385,12.0,752.9048651042351,90.55244142731499
3765,Shanghai SouthCh - Nagoya,SEA,PILOT_TO_PILOT,7,3765,9,8,9,Kashino ,Daio Sak,33.272856531010156,136.024192831562,39.101401902283385,12.0,753.1046645031779,90.3526420283722
3766,Shanghai SouthCh - Nagoya,SEA,PILOT_TO_PILOT,7,3766,10,8,9,Kashino ,Daio Sak,33.275438485886404,136.0267038884298,39.101401902283385,12.0,753.3044639021208,90.1528426294293
3767,Shanghai SouthCh - Nagoya,SEA,PILOT_TO_PILOT,7,3767,11,8,9,Kashino ,Daio Sak,33.27802039027892,136.02921509382261,39.101401902283385,12.0,753.5042633010636,89.95304323048651
3768,Shanghai SouthCh - Nagoya,SEA,PILOT_TO_PILOT,7,3768,12,8,9,Kashino ,Daio Sak,33.28060224417976,136.0317264477609,39.101401902283385,12.0,753.7040627000064,89.75324383154373
3769,Shanghai SouthCh - Nagoya,SEA,PILOT_TO_PILOT,7,3769,13,8,9,Kashino ,Daio Sak,33.28318404758099,136.0342379502651,39.101401902283385,12.0,753.9038620989492,89.55344443260094
3770,Shanghai SouthCh - Nagoya,SEA,PILOT_TO_PILOT,7,3770,14,8,9,Kashino ,Daio Sak,33.28576580047464,136.03674960135578,39.101401902283385,12.0,754.1036614978921,89.35364503365804
3771,Shanghai SouthCh - Nagoya,SEA,PILOT_TO_PILOT,7,3771,15,8,9,Kashino ,Daio Sak,33.288347502852766,136.03926140105332,39.101401902283385,12.0,754.3034608968348,89.15384563471525
3772,Shanghai SouthCh - Nagoya,SEA,PILOT_TO_PILOT,7,3772,16,8,9,Kashino ,Daio Sak,33.290929154707435,136.0417733493783,39.101401902283385,12.0,754.5032602957776,88.95404623577247
3773,Shanghai SouthCh - Nagoya,SEA,PILOT_TO_PILOT,7,3773,17,8,9,Kashino ,Daio Sak,33.29351075603067,136.04428544635113,39.101401902283385,12.0,754.7030596947204,88.75424683682968
3774,Shanghai SouthCh - Nagoya,SEA,PILOT_TO_PILOT,7,3774,18,8,9,Kashino ,Daio Sak,33.296092306814536,136.0467976919923,39.101401902283385,12.0,754.9028590936633,88.55444743788678
3775,Shanghai SouthCh - Nagoya,SEA,PILOT_TO_PILOT,7,3775,19,8,9,Kashino ,Daio Sak,33.29867380705109,136.04931008632235,39.101401902283385,12.0,755.1026584926061,88.35464803894399
3776,Shanghai SouthCh - Nagoya,SEA,PILOT_TO_PILOT,7,3776,20,8,9,Kashino ,Daio Sak,33.301255256732325,136.0518226293617,39.101401902283385,12.0,755.3024578915489,88.1548486400012
3777,Shanghai SouthCh - Nagoya,SEA,PILOT_TO_PILOT,7,3777,21,8,9,Kashino ,Daio Sak,33.30383665585033,136.05433532113088,39.101401902283385,12.0,755.5022572904917,87.95504924105842
3778,Shanghai SouthCh - Nagoya,SEA,PILOT_TO_PILOT,7,3778,22,8,9,Kashino ,Daio Sak,33.30641800439714,136.0568481616504,39.101401902283385,12.0,755.7020566894346,87.75524984211552
3779,Shanghai SouthCh - Nagoya,SEA,PILOT_TO_PILOT,7,3779,23,8,9,Kashino ,Daio Sak,33.30899930236479,136.05936115094076,39.101401902283385,12.0,755.9018560883774,87.55545044317273
3780,Shanghai SouthCh - Nagoya,SEA,PILOT_TO_PILOT,7,3780,24,8,9,Kashino ,Daio Sak,33.311580549745315,136.06187428902243,39.101401902283385,12.0,756.1016554873202,87.35565104422994
3781,Shanghai SouthCh - Nagoya,SEA,PILOT_TO_PILOT,7,3781,25,8,9,Kashino ,Daio Sak,33.314161746530765,136.0643875759159,39.101401902283385,12.0,756.301454886263,87.15585164528716
3782,Shanghai SouthCh - Nagoya,SEA,PILOT_TO_PILOT,7,3782,26,8,9,Kashino ,Daio Sak,33.31674289271317,136.06690101164168,39.101401902283385,12.0,756.5012542852058,86.95605224634426
3783,Shanghai SouthCh - Nagoya,SEA,PILOT_TO_PILOT,7,3783,27,8,9,Kashino ,Daio Sak,33.31932398828456,136.06941459622027,39.101401902283385,12.0,756.7010536841486,86.75625284740147
3784,Shanghai SouthCh - Nagoya,SEA,PILOT_TO_PILOT,7,3784,28,8,9,Kashino ,Daio Sak,33.32190503323697,136.07192832967223,39.101401902283385,12.0,756.9008530830914,86.55645344845868
3785,Shanghai SouthCh - Nagoya,SEA,PILOT_TO_PILOT,7,3785,29,8,9,Kashino ,Daio Sak,33.324486027562465,136.074442212018,39.101401902283385,12.0,757.1006524820342,86.3566540495159
3786,Shanghai SouthCh - Nagoya,SEA,PILOT_TO_PILOT,7,3786,30,8,9,Kashino ,Daio Sak,33.32706697125303,136.07695624327818,39.101401902283385,12.0,757.3004518809771,86.156854650573
3787,Shanghai SouthCh - Nagoya,SEA,PILOT_TO_PILOT,7,3787,31,8,9,Kashino ,Daio Sak,33.32964786430072,136.07947042347317,39.101401902283385,12.0,757.5002512799199,85.95705525163021
3788,Shanghai SouthCh - Nagoya,SEA,PILOT_TO_PILOT,7,3788,32,8,9,Kashino ,Daio Sak,33.33222870669758,136.08198475262355,39.101401902283385,12.0,757.7000506788627,85.75725585268742
3789,Shanghai SouthCh - Nagoya,SEA,PILOT_TO_PILOT,7,3789,33,8,9,Kashino ,Daio Sak,33.33480949843562,136.08449923074983,39.101401902283385,12.0,757.8998500778055,85.55745645374463
3790,Shanghai SouthCh - Nagoya,SEA,PILOT_TO_PILOT,7,3790,34,8,9,Kashino ,Daio Sak,33.33739023950686,136.08701385787256,39.101401902283385,12.0,758.0996494767484,85.35765705480173
3791,Shanghai SouthCh - Nagoya,SEA,PILOT_TO_PILOT,7,3791,35,8,9,Kashino ,Daio Sak,33.33997092990333,136.0895286340122,39.101401902283385,12.0,758.2994488756912,85.15785765585895
3792,Shanghai SouthCh - Nagoya,SEA,PILOT_TO_PILOT,7,3792,36,8,9,Kashino ,Daio Sak,33.34255156961707,136.09204355918934,39.101401902283385,12.0,758.4992482746339,84.95805825691616
3793,Shanghai SouthCh - Nagoya,SEA,PILOT_TO_PILOT,7,3793,37,8,9,Kashino ,Daio Sak,33.3451321586401,136.09455863342444,39.101401902283385,12.0,758.6990476735767,84.75825885797337
3794,Shanghai SouthCh - Nagoya,SEA,PILOT_TO_PILOT,7,3794,38,8,9,Kashino ,Daio Sak,33.347712696964436,136.0970738567381,39.101401902283385,12.0,758.8988470725196,84.55845945903047
3795,Shanghai SouthCh - Nagoya,SEA,PILOT_TO_PILOT,7,3795,39,8,9,Kashino ,Daio Sak,33.35029318458211,136.09958922915078,39.101401902283385,12.0,759.0986464714624,84.35866006008769
3796,Shanghai SouthCh - Nagoya,SEA,PILOT_TO_PILOT,7,3796,40,8,9,Kashino ,Daio Sak,33.352873621485124,136.10210475068305,39.101401902283385,12.0,759.2984458704052,84.1588606611449
3797,Shanghai SouthCh - Nagoya,SEA,PILOT_TO_PILOT,7,3797,41,8,9,Kashino ,Daio Sak,33.35545400766551,136.10462042135543,39.101401902283385,12.0,759.498245269348,83.95906126220211
3798,Shanghai SouthCh - Nagoya,SEA,PILOT_TO_PILOT,7,3798,42,8,9,Kashino ,Daio Sak,33.35803434311528,136.1071362411885,39.101401902283385,12.0,759.6980446682909,83.75926186325921
3799,Shanghai SouthCh - Nagoya,SEA,PILOT_TO_PILOT,7,3799,43,8,9,Kashino ,Daio Sak,33.360614627826465,136.10965221020274,39.101401902283385,12.0,759.8978440672337,83.55946246431643
3800,Shanghai SouthCh - Nagoya,SEA,PILOT_TO_PILOT,7,3800,44,8,9,Kashino ,Daio Sak,33.36319486179106,136.1121683284187,39.101401902283385,12.0,760.0976434661765,83.35966306537364
3801,Shanghai SouthCh - Nagoya,SEA,PILOT_TO_PILOT,7,3801,45,8,9,Kashino ,Daio Sak,33.3657750450011,136.114684595857,39.101401902283385,12.0,760.2974428651194,83.15986366643074
3802,Shanghai SouthCh - Nagoya,SEA,PILOT_TO_PILOT,7,3802,46,8,9,Kashino ,Daio Sak,33.36835517744858,136.1172010125381,39.101401902283385,12.0,760.4972422640622,82.96006426748795
3803,Shanghai SouthCh - Nagoya,SEA,PILOT_TO_PILOT,7,3803,47,8,9,Kashino ,Daio Sak,33.370935259125524,136.11971757848255,39.101401902283385,12.0,760.6970416630049,82.76026486854516
3804,Shanghai SouthCh - Nagoya,SEA,PILOT_TO_PILOT,7,3804,48,8,9,Kashino ,Daio Sak,33.37351529002394,136.12223429371096,39.101401902283385,12.0,760.8968410619477,82.56046546960238
3805,Shanghai SouthCh - Nagoya,SEA,PILOT_TO_PILOT,7,3805,49,8,9,Kashino ,Daio Sak,33.376095270135835,136.1247511582438,39.101401902283385,12.0,761.0966404608906,82.36066607065948
3806,Shanghai SouthCh - Nagoya,SEA,PILOT_TO_PILOT,7,3806,50,8,9,Kashino ,Daio Sak,33.37867519945321,136.1272681721017,39.101401902283385,12.0,761.2964398598334,82.16086667171669
3807,Shanghai SouthCh - Nagoya,SEA,PILOT_TO_PILOT,7,3807,51,8,9,Kashino ,Daio Sak,33.3812550779681,136.1297853353052,39.101401902283385,12.0,761.4962392587762,81.9610672727739
3808,Shanghai SouthCh - Nagoya,SEA,PILOT_TO_PILOT,7,3808,52,8,9,Kashino ,Daio Sak,33.38383490567248,136.13230264787487,39.101401902283385,12.0,761.696038657719,81.76126787383112
3809,Shanghai SouthCh - Nagoya,SEA,PILOT_TO_PILOT,7,3809,53,8,9,Kashino ,Daio Sak,33.38641468255837,136.1348201098312,39.101401902283385,12.0,761.8958380566619,81.56146847488822
3810,Shanghai SouthCh - Nagoya,SEA,PILOT_TO_PILOT,7,3810,54,8,9,Kashino ,Daio Sak,33.38899440861777,136.13733772119483,39.101401902283385,12.0,762.0956374556047,81.36166907594543
3811,Shanghai SouthCh - Nagoya,SEA,PILOT_TO_PILOT,7,3811,55,8,9,Kashino ,Daio Sak,33.39157408384268,136.13985548198627,39.101401902283385,12.0,762.2954368545475,81.16186967700264
3812,Shanghai SouthCh - Nagoya,SEA,PILOT_TO_PILOT,7,3812,56,8,9,Kashino ,Daio Sak,33.394153708225105,136.14237339222612,39.101401902283385,12.0,762.4952362534902,80.96207027805985
3813,Shanghai SouthCh - Nagoya,SEA,PILOT_TO_PILOT,7,3813,57,8,9,Kashino ,Daio Sak,33.39673328175705,136.14489145193497,39.101401902283385,12.0,762.6950356524331,80.76227087911695
3814,Shanghai SouthCh - Nagoya,SEA,PILOT_TO_PILOT,7,3814,58,8,9,Kashino ,Daio Sak,33.3993128044305,136.14740966113334,39.101401902283385,12.0,762.8948350513759,80.56247148017417
3815,Shanghai SouthCh - Nagoya,SEA,PILOT_TO_PILOT,7,3815,59,8,9,Kashino ,Daio Sak,33.401892276237454,136.14992801984184,39.101401902283385,12.0,763.0946344503187,80.36267208123138
3816,Shanghai SouthCh - Nagoya,SEA,PILOT_TO_PILOT,7,3816,60,8,9,Kashino ,Daio Sak,33.40447169716993,136.15244652808101,39.101401902283385,12.0,763.2944338492615,80.1628726822886
3817,Shanghai SouthCh - Nagoya,SEA,PILOT_TO_PILOT,7,3817,61,8,9,Kashino ,Daio Sak,33.407051067219896,136.15496518587148,39.101401902283385,12.0,763.4942332482044,79.9630732833457
3818,Shanghai SouthCh - Nagoya,SEA,PILOT_TO_PILOT,7,3818,62,8,9,Kashino ,Daio Sak,33.40963038637937,136.1574839932338,39.101401902283385,12.0,763.6940326471472,79.7632738844029
3819,Shanghai SouthCh - Nagoya,SEA,PILOT_TO_PILOT,7,3819,63,8,9,Kashino ,Daio Sak,33.41220965464033,136.16000295018853,39.101401902283385,12.0,763.89383204609,79.56347448546012
3820,Shanghai SouthCh - Nagoya,SEA,PILOT_TO_PILOT,7,3820,64,8,9,Kashino ,Daio Sak,33.414788871994766,136.16252205675627,39.101401902283385,12.0,764.0936314450328,79.36367508651733
3821,Shanghai SouthCh - Nagoya,SEA,PILOT_TO_PILOT,7,3821,65,8,9,Kashino ,Daio Sak,33.41736803843467,136.16504131295767,39.101401902283385,12.0,764.2934308439757,79.16387568757443
3822,Shanghai SouthCh - Nagoya,SEA,PILOT_TO_PILOT,7,3822,66,8,9,Kashino ,Daio Sak,33.41994715395204,136.1675607188132,39.101401902283385,12.0,764.4932302429185,78.96407628863165
3823,Shanghai SouthCh - Nagoya,SEA,PILOT_TO_PILOT,7,3823,67,8,9,Kashino ,Daio Sak,33.422526218538856,136.17008027434358,39.101401902283385,12.0,764.6930296418612,78.76427688968886
3824,Shanghai SouthCh - Nagoya,SEA,PILOT_TO_PILOT,7,3824,68,8,9,Kashino ,Daio Sak,33.42510523218711,136.1725999795693,39.101401902283385,12.0,764.892829040804,78.56447749074607
3825,Shanghai SouthCh - Nagoya,SEA,PILOT_TO_PILOT,7,3825,69,8,9,Kashino ,Daio Sak,33.42768419488877,136.17511983451098,39.101401902283385,12.0,765.0926284397469,78.36467809180317
3826,Shanghai SouthCh - Nagoya,SEA,PILOT_TO_PILOT,7,3826,70,8,9,Kashino ,Daio Sak,33.43026310663585,136.17763983918925,39.101401902283385,12.0,765.2924278386897,78.16487869286038
3827,Shanghai SouthCh - Nagoya,SEA,PILOT_TO_PILOT,7,3827,71,8,9,Kashino ,Daio Sak,33.4328419674203,136.1801599936247,39.101401902283385,12.0,765.4922272376325,77.9650792939176
3828,Shanghai SouthCh - Nagoya,SEA,PILOT_TO_PILOT,7,3828,72,8,9,Kashino ,Daio Sak,33.435420777234135,136.1826802978379,39.101401902283385,12.0,765.6920266365753,77.76527989497481
3829,Shanghai SouthCh - Nagoya,SEA,PILOT_TO_PILOT,7,3829,73,8,9,Kashino ,Daio Sak,33.43799953606931,136.18520075184946,39.101401902283385,12.0,765.8918260355182,77.56548049603191
3830,Shanghai SouthCh - Nagoya,SEA,PILOT_TO_PILOT,7,3830,74,8,9,Kashino ,Daio Sak,33.44057824391782,136.18772135568003,39.101401902283385,12.0,766.091625434461,77.36568109708912
3831,Shanghai SouthCh - Nagoya,SEA,PILOT_TO_PILOT,7,3831,75,8,9,Kashino ,Daio Sak,33.44315690077164,136.19024210935018,39.101401902283385,12.0,766.2914248334038,77.16588169814634
3832,Shanghai SouthCh - Nagoya,SEA,PILOT_TO_PILOT,7,3832,76,8,9,Kashino ,Daio Sak,33.44573550662274,136.19276301288053,39.101401902283385,12.0,766.4912242323466,76.96608229920355
3833,Shanghai SouthCh - Nagoya,SEA,PILOT_TO_PILOT,7,3833,77,8,9,Kashino ,Daio Sak,33.4483140614631,136.1952840662917,39.101401902283385,12.0,766.6910236312895,76.76628290026065
3834,Shanghai SouthCh - Nagoya,SEA,PILOT_TO_PILOT,7,3834,78,8,9,Kashino ,Daio Sak,33.4508925652847,136.1978052696043,39.101401902283385,12.0,766.8908230302322,76.56648350131786
3835,Shanghai SouthCh - Nagoya,SEA,PILOT_TO_PILOT,7,3835,79,8,9,Kashino ,Daio Sak,33.453471018079505,136.20032662283893,39.101401902283385,12.0,767.090622429175,76.36668410237507
3836,Shanghai SouthCh - Nagoya,SEA,PILOT_TO_PILOT,7,3836,80,8,9,Kashino ,Daio Sak,33.45604941983949,136.20284812601625,39.101401902283385,12.0,767.2904218281178,76.16688470343229
3837,Shanghai SouthCh - Nagoya,SEA,PILOT_TO_PILOT,7,3837,81,8,9,Kashino ,Daio Sak,33.458627770556625,136.2053697791568,39.101401902283385,12.0,767.4902212270607,75.96708530448939
3838,Shanghai SouthCh - Nagoya,SEA,PILOT_TO_PILOT,7,3838,82,8,9,Kashino ,Daio Sak,33.46120607022288,136.2078915822813,39.101401902283385,12.0,767.6900206260035,75.7672859055466
3839,Shanghai SouthCh - Nagoya,SEA,PILOT_TO_PILOT,7,3839,83,8,9,Kashino ,Daio Sak,33.46378431883023,136.2104135354103,39.101401902283385,12.0,767.8898200249463,75.56748650660381
3840,Shanghai SouthCh - Nagoya,SEA,PILOT_TO_PILOT,7,3840,84,8,9,Kashino ,Daio Sak,33.46636251637064,136.21293563856446,39.101401902283385,12.0,768.0896194238892,75.36768710766091
3841,Shanghai SouthCh - Nagoya,SEA,PILOT_TO_PILOT,7,3841,85,8,9,Kashino ,Daio Sak,33.46894066283606,136.21545789176446,39.101401902283385,12.0,768.289418822832,75.16788770871813
3842,Shanghai SouthCh - Nagoya,SEA,PILOT_TO_PILOT,7,3842,86,8,9,Kashino ,Daio Sak,33.47151875821849,136.21798029503083,39.101401902283385,12.0,768.4892182217748,74.96808830977534
3843,Shanghai SouthCh - Nagoya,SEA,PILOT_TO_PILOT,7,3843,87,8,9,Kashino ,Daio Sak,33.474096802509855,136.22050284838426,39.101401902283385,12.0,768.6890176207176,74.76828891083255
3844,Shanghai SouthCh - Nagoya,SEA,PILOT_TO_PILOT,7,3844,88,8,9,Kashino ,Daio Sak,33.47667479570214,136.2230255518454,39.101401902283385,12.0,768.8888170196603,74.56848951188977
3845,Shanghai SouthCh - Nagoya,SEA,PILOT_TO_PILOT,7,3845,89,8,9,Kashino ,Daio Sak,33.479252737787306,136.22554840543486,39.101401902283385,12.0,769.0886164186032,74.36869011294687
3846,Shanghai SouthCh - Nagoya,SEA,PILOT_TO_PILOT,7,3846,90,8,9,Kashino ,Daio Sak,33.4818306287573,136.22807140917328,39.101401902283385,12.0,769.288415817546,74.16889071400408
3847,Shanghai SouthCh - Nagoya,SEA,PILOT_TO_PILOT,7,3847,91,8,9,Kashino ,Daio Sak,33.484408468604094,136.2305945630813,39.101401902283385,12.0,769.4882152164888,73.96909131506129
3848,Shanghai SouthCh - Nagoya,SEA,PILOT_TO_PILOT,7,3848,92,8,9,Kashino ,Daio Sak,33.48698625731965,136.23311786717963,39.101401902283385,12.0,769.6880146154317,73.76929191611839
3849,Shanghai SouthCh - Nagoya,SEA,PILOT_TO_PILOT,7,3849,93,8,9,Kashino ,Daio Sak,33.4895639948959,136.23564132148883,39.101401902283385,12.0,769.8878140143745,73.5694925171756
3850,Shanghai SouthCh - Nagoya,SEA,PILOT_TO_PILOT,7,3850,94,8,9,Kashino ,Daio Sak,33.492141681324824,136.23816492602955,39.101401902283385,12.0,770.0876134133173,73.36969311823282
3851,Shanghai SouthCh - Nagoya,SEA,PILOT_TO_PILOT,7,3851,95,8,9,Kashino ,Daio Sak,33.49471931659836,136.2406886808225,39.101401902283385,12.0,770.2874128122601,73.16989371929003
3852,Shanghai SouthCh - Nagoya,SEA,PILOT_TO_PILOT,7,3852,96,8,9,Kashino ,Daio Sak,33.49729690070848,136.24321258588833,39.101401902283385,12.0,770.487212211203,72.97009432034713
3853,Shanghai SouthCh - Nagoya,SEA,PILOT_TO_PILOT,7,3853,97,8,9,Kashino ,Daio Sak,33.499874433647115,136.24573664124765,39.101401902283385,12.0,770.6870116101458,72.77029492140434
3854,Shanghai SouthCh - Nagoya,SEA,PILOT_TO_PILOT,7,3854,98,8,9,Kashino ,Daio Sak,33.502451915406226,136.24826084692114,39.101401902283385,12.0,770.8868110090885,72.57049552246156
3855,Shanghai SouthCh - Nagoya,SEA,PILOT_TO_PILOT,7,3855,99,8,9,Kashino ,Daio Sak,33.50502934597776,136.25078520292945,39.101401902283385,12.0,771.0866104080313,72.37069612351877
3856,Shanghai SouthCh - Nagoya,SEA,PILOT_TO_PILOT,7,3856,100,8,9,Kashino ,Daio Sak,33.50760672535366,136.2533097092933,39.101401902283385,12.0,771.2864098069742,72.17089672457587
3857,Shanghai SouthCh - Nagoya,SEA,PILOT_TO_PILOT,7,3857,101,8,9,Kashino ,Daio Sak,33.51018405352588,136.25583436603324,39.101401902283385,12.0,771.486209205917,71.97109732563308
3858,Shanghai SouthCh - Nagoya,SEA,PILOT_TO_PILOT,7,3858,102,8,9,Kashino ,Daio Sak,33.51276133048638,136.25835917317002,39.101401902283385,12.0,771.6860086048598,71.7712979266903
3859,Shanghai SouthCh - Nagoya,SEA,PILOT_TO_PILOT,7,3859,103,8,9,Kashino ,Daio Sak,33.51533855622706,136.26088413072432,39.101401902283385,12.0,771.8858080038026,71.57149852774751
3860,Shanghai SouthCh - Nagoya,SEA,PILOT_TO_PILOT,7,3860,104,8,9,Kashino ,Daio Sak,33.5179157307399,136.26340923871675,39.101401902283385,12.0,772.0856074027455,71.37169912880461
3861,Shanghai SouthCh - Nagoya,SEA,PILOT_TO_PILOT,7,3861,105,8,9,Kashino ,Daio Sak,33.520492854016844,136.26593449716802,39.101401902283385,12.0,772.2854068016883,71.17189972986182
3862,Shanghai SouthCh - Nagoya,SEA,PILOT_TO_PILOT,7,3862,106,8,9,Kashino ,Daio Sak,33.52306992604981,136.26845990609883,39.101401902283385,12.0,772.4852062006311,70.97210033091903
3863,Shanghai SouthCh - Nagoya,SEA,PILOT_TO_PILOT,7,3863,107,8,9,Kashino ,Daio Sak,33.525646946830754,136.27098546552978,39.101401902283385,12.0,772.6850055995739,70.77230093197625
3864,Shanghai SouthCh - Nagoya,SEA,PILOT_TO_PILOT,7,3864,108,8,9,Kashino ,Daio Sak,33.52822391635161,136.27351117548162,39.101401902283385,12.0,772.8848049985168,70.57250153303335
3865,Shanghai SouthCh - Nagoya,SEA,PILOT_TO_PILOT,7,3865,109,8,9,Kashino ,Daio Sak,33.53080083460431,136.276037035975,39.101401902283385,12.0,773.0846043974595,70.37270213409056
3866,Shanghai SouthCh - Nagoya,SEA,PILOT_TO_PILOT,7,3866,110,8,9,Kashino ,Daio Sak,33.53337770158079,136.2785630470306,39.101401902283385,12.0,773.2844037964023,70.17290273514777
3867,Shanghai SouthCh - Nagoya,SEA,PILOT_TO_PILOT,7,3867,111,8,9,Kashino ,Daio Sak,33.535954517273005,136.28108920866913,39.101401902283385,12.0,773.4842031953451,69.97310333620499
3868,Shanghai SouthCh - Nagoya,SEA,PILOT_TO_PILOT,7,3868,112,8,9,Kashino ,Daio Sak,33.53853128167285,136.28361552091124,39.101401902283385,12.0,773.684002594288,69.77330393726209
3869,Shanghai SouthCh - Nagoya,SEA,PILOT_TO_PILOT,7,3869,113,8,9,Kashino ,Daio Sak,33.5411079947723,136.28614198377767,39.101401902283385,12.0,773.8838019932308,69.5735045383193
3870,Shanghai SouthCh - Nagoya,SEA,PILOT_TO_PILOT,7,3870,114,8,9,Kashino ,Daio Sak,33.54368465656325,136.28866859728905,39.101401902283385,12.0,774.0836013921736,69.37370513937651
3871,Shanghai SouthCh - Nagoya,SEA,PILOT_TO_PILOT,7,3871,115,8,9,Kashino ,Daio Sak,33.546261267037664,136.29119536146612,39.101401902283385,12.0,774.2834007911164,69.17390574043372
3872,Shanghai SouthCh - Nagoya,SEA,PILOT_TO_PILOT,7,3872,116,8,9,Kashino ,Daio Sak,33.54883782618744,136.2937222763296,39.101401902283385,12.0,774.4832001900593,68.97410634149082
3873,Shanghai SouthCh - Nagoya,SEA,PILOT_TO_PILOT,7,3873,117,8,9,Kashino ,Daio Sak,33.55141433400451,136.29624934190014,39.101401902283385,12.0,774.6829995890021,68.77430694254804
3874,Shanghai SouthCh - Nagoya,SEA,PILOT_TO_PILOT,7,3874,118,8,9,Kashino ,Daio Sak,33.55399079048081,136.29877655819843,39.101401902283385,12.0,774.8827989879449,68.57450754360525
3875,Shanghai SouthCh - Nagoya,SEA,PILOT_TO_PILOT,7,3875,119,8,9,Kashino ,Daio Sak,33.556567195608274,136.3013039252452,39.101401902283385,12.0,775.0825983868876,68.37470814466246
3876,Shanghai SouthCh - Nagoya,SEA,PILOT_TO_PILOT,7,3876,120,8,9,Kashino ,Daio Sak,33.5591435493788,136.3038314430612,39.101401902283385,12.0,775.2823977858305,68.17490874571956
3877,Shanghai SouthCh - Nagoya,SEA,PILOT_TO_PILOT,7,3877,121,8,9,Kashino ,Daio Sak,33.56171985178433,136.30635911166706,39.101401902283385,12.0,775.4821971847733,67.97510934677678
3878,Shanghai SouthCh - Nagoya,SEA,PILOT_TO_PILOT,7,3878,122,8,9,Kashino ,Daio Sak,33.56429610281679,136.30888693108352,39.101401902283385,12.0,775.6819965837161,67.77530994783399
3879,Shanghai SouthCh - Nagoya,SEA,PILOT_TO_PILOT,7,3879,123,8,9,Kashino ,Daio Sak,33.56687230246808,136.31141490133126,39.101401902283385,12.0,775.8817959826589,67.5755105488912
3880,Shanghai SouthCh - Nagoya,SEA,PILOT_TO_PILOT,7,3880,124,8,9,Kashino ,Daio Sak,33.56944845073012,136.31394302243106,39.101401902283385,12.0,776.0815953816018,67.3757111499483
3881,Shanghai SouthCh - Nagoya,SEA,PILOT_TO_PILOT,7,3881,125,8,9,Kashino ,Daio Sak,33.572024547594836,136.3164712944036,39.101401902283385,12.0,776.2813947805446,67.17591175100551
3882,Shanghai SouthCh - Nagoya,SEA,PILOT_TO_PILOT,7,3882,126,8,9,Kashino ,Daio Sak,33.57460059305416,136.31899971726958,39.101401902283385,12.0,776.4811941794874,66.97611235206273
3883,Shanghai SouthCh - Nagoya,SEA,PILOT_TO_PILOT,7,3883,127,8,9,Kashino ,Daio Sak,33.57717658709999,136.32152829104976,39.101401902283385,12.0,776.6809935784302,66.77631295311994
3884,Shanghai SouthCh - Nagoya,SEA,PILOT_TO_PILOT,7,3884,128,8,9,Kashino ,Daio Sak,33.57975252972423,136.32405701576485,39.101401902283385,12.0,776.8807929773731,66.57651355417704
3885,Shanghai SouthCh - Nagoya,SEA,PILOT_TO_PILOT,7,3885,129,8,9,Kashino ,Daio Sak,33.582328420918806,136.32658589143554,39.101401902283385,12.0,777.0805923763158,66.37671415523425
3886,Shanghai SouthCh - Nagoya,SEA,PILOT_TO_PILOT,7,3886,130,8,9,Kashino ,Daio Sak,33.584904260675636,136.32911491808258,39.101401902283385,12.0,777.2803917752586,66.17691475629147
3887,Shanghai SouthCh - Nagoya,SEA,PILOT_TO_PILOT,7,3887,131,8,9,Kashino ,Daio Sak,33.58748004898661,136.33164409572672,39.101401902283385,12.0,777.4801911742015,65.97711535734857
3888,Shanghai SouthCh - Nagoya,SEA,PILOT_TO_PILOT,7,3888,132,8,9,Kashino ,Daio Sak,33.59005578584366,136.33417342438867,39.101401902283385,12.0,777.6799905731443,65.77731595840578
3889,Shanghai SouthCh - Nagoya,SEA,PILOT_TO_PILOT,7,3889,133,8,9,Kashino ,Daio Sak,33.59263147123867,136.33670290408915,39.101401902283385,12.0,777.8797899720871,65.57751655946299
3890,Shanghai SouthCh - Nagoya,SEA,PILOT_TO_PILOT,7,3890,134,8,9,Kashino ,Daio Sak,33.595207105163574,136.33923253484892,39.101401902283385,12.0,778.0795893710299,65.3777171605202
3891,Shanghai SouthCh - Nagoya,SEA,PILOT_TO_PILOT,7,3891,135,8,9,Kashino ,Daio Sak,33.59778268761026,136.34176231668872,39.101401902283385,12.0,778.2793887699728,65.1779177615773
3892,Shanghai SouthCh - Nagoya,SEA,PILOT_TO_PILOT,7,3892,136,8,9,Kashino ,Daio Sak,33.60035821857063,136.34429224962926,39.101401902283385,12.0,778.4791881689156,64.97811836263452
3893,Shanghai SouthCh - Nagoya,SEA,PILOT_TO_PILOT,7,3893,137,8,9,Kashino ,Daio Sak,33.60293369803659,136.3468223336913,39.101401902283385,12.0,778.6789875678584,64.77831896369173
3894,Shanghai SouthCh - Nagoya,SEA,PILOT_TO_PILOT,7,3894,138,8,9,Kashino ,Daio Sak,33.60550912600004,136.3493525688956,39.101401902283385,12.0,778.8787869668012,64.57851956474894
3895,Shanghai SouthCh - Nagoya,SEA,PILOT_TO_PILOT,7,3895,139,8,9,Kashino ,Daio Sak,33.60808450245289,136.35188295526285,39.101401902283385,12.0,779.0785863657441,64.37872016580604
3896,Shanghai SouthCh - Nagoya,SEA,PILOT_TO_PILOT,7,3896,140,8,9,Kashino ,Daio Sak,33.61065982738703,136.35441349281388,39.101401902283385,12.0,779.2783857646868,64.17892076686326
3897,Shanghai SouthCh - Nagoya,SEA,PILOT_TO_PILOT,7,3897,141,8,9,Kashino ,Daio Sak,33.61323510079437,136.35694418156936,39.101401902283385,12.0,779.4781851636296,63.97912136792047
3898,Shanghai SouthCh - Nagoya,SEA,PILOT_TO_PILOT,7,3898,142,8,9,Kashino ,Daio Sak,33.615810322666796,136.3594750215501,39.101401902283385,12.0,779.6779845625724,63.77932196897768
3899,Shanghai SouthCh - Nagoya,SEA,PILOT_TO_PILOT,7,3899,143,8,9,Kashino ,Daio Sak,33.618385492996204,136.36200601277685,39.101401902283385,12.0,779.8777839615153,63.57952257003478
3900,Shanghai SouthCh - Nagoya,SEA,PILOT_TO_PILOT,7,3900,144,8,9,Kashino ,Daio Sak,33.62096061177449,136.36453715527034,39.101401902283385,12.0,780.0775833604581,63.379723171091996
3901,Shanghai SouthCh - Nagoya,SEA,PILOT_TO_PILOT,7,3901,145,8,9,Kashino ,Daio Sak,33.62353567899355,136.36706844905132,39.101401902283385,12.0,780.2773827594009,63.17992377214921
3902,Shanghai SouthCh - Nagoya,SEA,PILOT_TO_PILOT,7,3902,146,8,9,Kashino ,Daio Sak,33.62611069464526,136.3695998941406,39.101401902283385,12.0,780.4771821583437,62.98012437320642
3903,Shanghai SouthCh - Nagoya,SEA,PILOT_TO_PILOT,7,3903,147,8,9,Kashino ,Daio Sak,33.62868565872154,136.37213149055893,39.101401902283385,12.0,780.6769815572866,62.78032497426352
3904,Shanghai SouthCh - Nagoya,SEA,PILOT_TO_PILOT,7,3904,148,8,9,Kashino ,Daio Sak,33.63126057121425,136.374663238327,39.101401902283385,12.0,780.8767809562294,62.580525575320735
3905,Shanghai SouthCh - Nagoya,SEA,PILOT_TO_PILOT,7,3905,149,8,9,Kashino ,Daio Sak,33.633835432115305,136.3771951374657,39.101401902283385,12.0,781.0765803551722,62.38072617637795
3906,Shanghai SouthCh - Nagoya,SEA,PILOT_TO_PILOT,7,3906,150,8,9,Kashino ,Daio Sak,33.63641024141656,136.3797271879957,39.101401902283385,12.0,781.2763797541149,62.18092677743516
3907,Shanghai SouthCh - Nagoya,SEA,PILOT_TO_PILOT,7,3907,151,8,9,Kashino ,Daio Sak,33.63898499910995,136.38225938993784,39.101401902283385,12.0,781.4761791530578,61.98112737849226
3908,Shanghai SouthCh - Nagoya,SEA,PILOT_TO_PILOT,7,3908,152,8,9,Kashino ,Daio Sak,33.641559705187305,136.38479174331286,39.101401902283385,12.0,781.6759785520006,61.781327979549474
3909,Shanghai SouthCh - Nagoya,SEA,PILOT_TO_PILOT,7,3909,153,8,9,Kashino ,Daio Sak,33.64413435964054,136.38732424814154,39.101401902283385,12.0,781.8757779509434,61.58152858060669
3910,Shanghai SouthCh - Nagoya,SEA,PILOT_TO_PILOT,7,3910,154,8,9,Kashino ,Daio Sak,33.64670896246153,136.38985690444466,39.101401902283385,12.0,782.0755773498862,61.3817291816639
3911,Shanghai SouthCh - Nagoya,SEA,PILOT_TO_PILOT,7,3911,155,8,9,Kashino ,Daio Sak,33.64928351364216,136.392389712243,39.101401902283385,12.0,782.2753767488291,61.181929782721
3912,Shanghai SouthCh - Nagoya,SEA,PILOT_TO_PILOT,7,3912,156,8,9,Kashino ,Daio Sak,33.651858013174305,136.3949226715573,39.101401902283385,12.0,782.4751761477719,60.98213038377821
3913,Shanghai SouthCh - Nagoya,SEA,PILOT_TO_PILOT,7,3913,157,8,9,Kashino ,Daio Sak,33.65443246104983,136.39745578240843,39.101401902283385,12.0,782.6749755467147,60.782330984835426
3914,Shanghai SouthCh - Nagoya,SEA,PILOT_TO_PILOT,7,3914,158,8,9,Kashino ,Daio Sak,33.65700685726063,136.39998904481715,39.101401902283385,12.0,782.8747749456575,60.58253158589264
3915,Shanghai SouthCh - Nagoya,SEA,PILOT_TO_PILOT,7,3915,159,8,9,Kashino ,Daio Sak,33.65958120179859,136.40252245880419,39.101401902283385,12.0,783.0745743446004,60.38273218694974
3916,Shanghai SouthCh - Nagoya,SEA,PILOT_TO_PILOT,7,3916,160,8,9,Kashino ,Daio Sak,33.662155494655565,136.4050560243904,39.101401902283385,12.0,783.2743737435432,60.18293278800695
3917,Shanghai SouthCh - Nagoya,SEA,PILOT_TO_PILOT,7,3917,161,8,9,Kashino ,Daio Sak,33.66472973582344,136.40758974159658,39.101401902283385,12.0,783.4741731424859,59.983133389064164
3918,Shanghai SouthCh - Nagoya,SEA,PILOT_TO_PILOT,7,3918,162,8,9,Kashino ,Daio Sak,33.66730392529408,136.4101236104435,39.101401902283385,12.0,783.6739725414287,59.78333399012138
3919,Shanghai SouthCh - Nagoya,SEA,PILOT_TO_PILOT,7,3919,163,8,9,Kashino ,Daio Sak,33.66987806305936,136.41265763095197,39.101401902283385,12.0,783.8737719403716,59.58353459117848
3920,Shanghai SouthCh - Nagoya,SEA,PILOT_TO_PILOT,7,3920,164,8,9,Kashino ,Daio Sak,33.67245214911114,136.41519180314276,39.101401902283385,12.0,784.0735713393144,59.38373519223569
3921,Shanghai SouthCh - Nagoya,SEA,PILOT_TO_PILOT,7,3921,165,8,9,Kashino ,Daio Sak,33.675026183441304,136.4177261270367,39.101401902283385,12.0,784.2733707382572,59.1839357932929
3922,Shanghai SouthCh - Nagoya,SEA,PILOT_TO_PILOT,7,3922,166,8,9,Kashino ,Daio Sak,33.677600166041714,136.4202606026546,39.101401902283385,12.0,784.4731701372,58.98413639435012
3923,Shanghai SouthCh - Nagoya,SEA,PILOT_TO_PILOT,7,3923,167,8,9,Kashino ,Daio Sak,33.68017409690424,136.42279523001727,39.101401902283385,12.0,784.6729695361429,58.784336995407216
3924,Shanghai SouthCh - Nagoya,SEA,PILOT_TO_PILOT,7,3924,168,8,9,Kashino ,Daio Sak,33.68274797602073,136.42533000914548,39.101401902283385,12.0,784.8727689350857,58.58453759646443
3925,Shanghai SouthCh - Nagoya,SEA,PILOT_TO_PILOT,7,3925,169,8,9,Kashino ,Daio Sak,33.68532180338307,136.4278649400601,39.101401902283385,12.0,785.0725683340285,58.38473819752164
3926,Shanghai SouthCh - Nagoya,SEA,PILOT_TO_PILOT,7,3926,170,8,9,Kashino ,Daio Sak,33.6878955789831,136.43040002278187,39.101401902283385,12.0,785.2723677329714,58.18493879857874
3927,Shanghai SouthCh - Nagoya,SEA,PILOT_TO_PILOT,7,3927,171,8,9,Kashino ,Daio Sak,33.69046930281271,136.43293525733165,39.101401902283385,12.0,785.4721671319141,57.985139399635955
3928,Shanghai SouthCh - Nagoya,SEA,PILOT_TO_PILOT,7,3928,172,8,9,Kashino ,Daio Sak,33.69304297486373,136.4354706437303,39.101401902283385,12.0,785.6719665308569,57.78534000069317
3929,Shanghai SouthCh - Nagoya,SEA,PILOT_TO_PILOT,7,3929,173,8,9,Kashino ,Daio Sak,33.69561659512804,136.43800618199853,39.101401902283385,12.0,785.8717659297997,57.58554060175038
3930,Shanghai SouthCh - Nagoya,SEA,PILOT_TO_PILOT,7,3930,174,8,9,Kashino ,Daio Sak,33.698190163597495,136.44054187215727,39.101401902283385,12.0,786.0715653287425,57.385741202807594
3931,Shanghai SouthCh - Nagoya,SEA,PILOT_TO_PILOT,7,3931,175,8,9,Kashino ,Daio Sak,33.70076368026393,136.44307771422726,39.101401902283385,12.0,786.2713647276854,57.185941803864694
3932,Shanghai SouthCh - Nagoya,SEA,PILOT_TO_PILOT,7,3932,176,8,9,Kashino ,Daio Sak,33.70333714511923,136.4456137082294,39.101401902283385,12.0,786.4711641266282,56.98614240492191
3933,Shanghai SouthCh - Nagoya,SEA,PILOT_TO_PILOT,7,3933,177,8,9,Kashino ,Daio Sak,33.70591055815523,136.44814985418446,39.101401902283385,12.0,786.670963525571,56.78634300597912
3934,Shanghai SouthCh - Nagoya,SEA,PILOT_TO_PILOT,7,3934,178,8,9,Kashino ,Daio Sak,33.7084839193638,136.4506861521133,39.101401902283385,12.0,786.8707629245139,56.58654360703622
3935,Shanghai SouthCh - Nagoya,SEA,PILOT_TO_PILOT,7,3935,179,8,9,Kashino ,Daio Sak,33.71105722873676,136.4532226020367,39.101401902283385,12.0,787.0705623234567,56.38674420809343
3936,Shanghai SouthCh - Nagoya,SEA,PILOT_TO_PILOT,7,3936,180,8,9,Kashino ,Daio Sak,33.713630486266,136.45575920397562,39.101401902283385,12.0,787.2703617223995,56.186944809150646
3937,Shanghai SouthCh - Nagoya,SEA,PILOT_TO_PILOT,7,3937,181,8,9,Kashino ,Daio Sak,33.71620369194334,136.45829595795075,39.101401902283385,12.0,787.4701611213422,55.98714541020786
3938,Shanghai SouthCh - Nagoya,SEA,PILOT_TO_PILOT,7,3938,182,8,9,Kashino ,Daio Sak,33.71877684576064,136.46083286398303,39.101401902283385,12.0,787.6699605202851,55.78734601126496
3939,Shanghai SouthCh - Nagoya,SEA,PILOT_TO_PILOT,7,3939,183,8,9,Kashino ,Daio Sak,33.72134994770973,136.46336992209328,39.101401902283385,12.0,787.8697599192279,55.58754661232217
3940,Shanghai SouthCh - Nagoya,SEA,PILOT_TO_PILOT,7,3940,184,8,9,Kashino ,Daio Sak,33.72392299778248,136.4659071323023,39.101401902283385,12.0,788.0695593181707,55.387747213379384
3941,Shanghai SouthCh - Nagoya,SEA,PILOT_TO_PILOT,7,3941,185,8,9,Kashino ,Daio Sak,33.72649599597073,136.46844449463097,39.101401902283385,12.0,788.2693587171135,55.1879478144366
3942,Shanghai SouthCh - Nagoya,SEA,PILOT_TO_PILOT,7,3942,186,8,9,Kashino ,Daio Sak,33.7290689422663,136.47098200910014,39.101401902283385,12.0,788.4691581160564,54.9881484154937
3943,Shanghai SouthCh - Nagoya,SEA,PILOT_TO_PILOT,7,3943,187,8,9,Kashino ,Daio Sak,33.73164183666105,136.47351967573067,39.101401902283385,12.0,788.6689575149992,54.78834901655091
3944,Shanghai SouthCh - Nagoya,SEA,PILOT_TO_PILOT,7,3944,188,8,9,Kashino ,Daio Sak,33.734214679146824,136.47605749454337,39.101401902283385,12.0,788.868756913942,54.58854961760812
3945,Shanghai SouthCh - Nagoya,SEA,PILOT_TO_PILOT,7,3945,189,8,9,Kashino ,Daio Sak,33.736787469715445,136.47859546555912,39.101401902283385,12.0,789.0685563128848,54.388750218665336
3946,Shanghai SouthCh - Nagoya,SEA,PILOT_TO_PILOT,7,3946,190,8,9,Kashino ,Daio Sak,33.73936020835877,136.4811335887988,39.101401902283385,12.0,789.2683557118277,54.188950819722436
3947,Shanghai SouthCh - Nagoya,SEA,PILOT_TO_PILOT,7,3947,191,8,9,Kashino ,Daio Sak,33.74193289506863,136.48367186428322,39.101401902283385,12.0,789.4681551107705,53.98915142077965
3948,Shanghai SouthCh - Nagoya,SEA,PILOT_TO_PILOT,7,3948,192,8,9,Kashino ,Daio Sak,33.744505529836836,136.4862102920333,39.101401902283385,12.0,789.6679545097132,53.78935202183686
3949,Shanghai SouthCh - Nagoya,SEA,PILOT_TO_PILOT,7,3949,193,8,9,Kashino ,Daio Sak,33.74707811265527,136.48874887206983,39.101401902283385,12.0,789.867753908656,53.589552622894075
3950,Shanghai SouthCh - Nagoya,SEA,PILOT_TO_PILOT,7,3950,194,8,9,Kashino ,Daio Sak,33.749650643515714,136.49128760441374,39.101401902283385,12.0,790.0675533075989,53.389753223951175
3951,Shanghai SouthCh - Nagoya,SEA,PILOT_TO_PILOT,7,3951,195,8,9,Kashino ,Daio Sak,33.75222312241003,136.49382648908588,39.101401902283385,12.0,790.2673527065417,53.18995382500839
3952,Shanghai SouthCh - Nagoya,SEA,PILOT_TO_PILOT,7,3952,196,8,9,Kashino ,Daio Sak,33.754795549330055,136.4963655261071,39.101401902283385,12.0,790.4671521054845,52.9901544260656
3953,Shanghai SouthCh - Nagoya,SEA,PILOT_TO_PILOT,7,3953,197,8,9,Kashino ,Daio Sak,33.75736792426759,136.49890471549824,39.101401902283385,12.0,790.6669515044273,52.790355027122814
3954,Shanghai SouthCh - Nagoya,SEA,PILOT_TO_PILOT,7,3954,198,8,9,Kashino ,Daio Sak,33.75994024721447,136.50144405728025,39.101401902283385,12.0,790.8667509033702,52.590555628179914
3955,Shanghai SouthCh - Nagoya,SEA,PILOT_TO_PILOT,7,3955,199,8,9,Kashino ,Daio Sak,33.76251251816255,136.50398355147397,39.101401902283385,12.0,791.066550302313,52.39075622923713
3956,Shanghai SouthCh - Nagoya,SEA,PILOT_TO_PILOT,7,3956,200,8,9,Kashino ,Daio Sak,33.765084737103635,136.5065231981003,39.101401902283385,12.0,791.2663497012558,52.19095683029434
3957,Shanghai SouthCh - Nagoya,SEA,PILOT_TO_PILOT,7,3957,201,8,9,Kashino ,Daio Sak,33.767656904029536,136.50906299718005,39.101401902283385,12.0,791.4661491001985,51.99115743135155
3958,Shanghai SouthCh - Nagoya,SEA,PILOT_TO_PILOT,7,3958,202,8,9,Kashino ,Daio Sak,33.77022901893211,136.5116029487342,39.101401902283385,12.0,791.6659484991415,51.79135803240865
3959,Shanghai SouthCh - Nagoya,SEA,PILOT_TO_PILOT,7,3959,203,8,9,Kashino ,Daio Sak,33.772801081803145,136.51414305278354,39.101401902283385,12.0,791.8657478980842,51.591558633465866
3960,Shanghai SouthCh - Nagoya,SEA,PILOT_TO_PILOT,7,3960,204,8,9,Kashino ,Daio Sak,33.775373092634474,136.51668330934908,39.101401902283385,12.0,792.065547297027,51.39175923452308
3961,Shanghai SouthCh - Nagoya,SEA,PILOT_TO_PILOT,7,3961,205,8,9,Kashino ,Daio Sak,33.77794505141791,136.51922371845157,39.101401902283385,12.0,792.2653466959698,51.19195983558029
3962,Shanghai SouthCh - Nagoya,SEA,PILOT_TO_PILOT,7,3962,206,8,9,Kashino ,Daio Sak,33.78051695814529,136.52176428011197,39.101401902283385,12.0,792.4651460949127,50.99216043663739
3963,Shanghai SouthCh - Nagoya,SEA,PILOT_TO_PILOT,7,3963,207,8,9,Kashino ,Daio Sak,33.78308881280843,136.52430499435116,39.101401902283385,12.0,792.6649454938555,50.792361037694604
3964,Shanghai SouthCh - Nagoya,SEA,PILOT_TO_PILOT,7,3964,208,8,9,Kashino ,Daio Sak,33.78566061539912,136.52684586119005,39.101401902283385,12.0,792.8647448927983,50.59256163875182
3965,Shanghai SouthCh - Nagoya,SEA,PILOT_TO_PILOT,7,3965,209,8,9,Kashino ,Daio Sak,33.7882323659092,136.52938688064953,39.101401902283385,12.0,793.0645442917412,50.39276223980892
3966,Shanghai SouthCh - Nagoya,SEA,PILOT_TO_PILOT,7,3966,210,8,9,Kashino ,Daio Sak,33.790804064330466,136.53192805275052,39.101401902283385,12.0,793.264343690684,50.19296284086613
3967,Shanghai SouthCh - Nagoya,SEA,PILOT_TO_PILOT,7,3967,211,8,9,Kashino ,Daio Sak,33.793375710654736,136.5344693775139,39.101401902283385,12.0,793.4641430896268,49.99316344192334
3968,Shanghai SouthCh - Nagoya,SEA,PILOT_TO_PILOT,7,3968,212,8,9,Kashino ,Daio Sak,33.79594730487383,136.53701085496056,39.101401902283385,12.0,793.6639424885695,49.793364042980556
3969,Shanghai SouthCh - Nagoya,SEA,PILOT_TO_PILOT,7,3969,213,8,9,Kashino ,Daio Sak,33.79851884697955,136.53955248511141,39.101401902283385,12.0,793.8637418875123,49.59356464403777
3970,Shanghai SouthCh - Nagoya,SEA,PILOT_TO_PILOT,7,3970,214,8,9,Kashino ,Daio Sak,33.80109033696369,136.5420942679874,39.101401902283385,12.0,794.0635412864552,49.39376524509487
3971,Shanghai SouthCh - Nagoya,SEA,PILOT_TO_PILOT,7,3971,215,8,9,Kashino ,Daio Sak,33.803661774818075,136.54463620360937,39.101401902283385,12.0,794.263340685398,49.19396584615208
3972,Shanghai SouthCh - Nagoya,SEA,PILOT_TO_PILOT,7,3972,216,8,9,Kashino ,Daio Sak,33.80623316053452,136.5471782919983,39.101401902283385,12.0,794.4631400843408,48.994166447209295
3973,Shanghai SouthCh - Nagoya,SEA,PILOT_TO_PILOT,7,3973,217,8,9,Kashino ,Daio Sak,33.80880449410479,136.54972053317508,39.101401902283385,12.0,794.6629394832837,48.794367048266395
3974,Shanghai SouthCh - Nagoya,SEA,PILOT_TO_PILOT,7,3974,218,8,9,Kashino ,Daio Sak,33.81137577552073,136.55226292716063,39.101401902283385,12.0,794.8627388822265,48.59456764932361
3975,Shanghai SouthCh - Nagoya,SEA,PILOT_TO_PILOT,7,3975,219,8,9,Kashino ,Daio Sak,33.813947004774136,136.55480547397585,39.101401902283385,12.0,795.0625382811693,48.39476825038082
3976,Shanghai SouthCh - Nagoya,SEA,PILOT_TO_PILOT,7,3976,220,8,9,Kashino ,Daio Sak,33.81651818185678,136.55734817364169,39.101401902283385,12.0,795.2623376801121,48.194968851438034
3977,Shanghai SouthCh - Nagoya,SEA,PILOT_TO_PILOT,7,3977,221,8,9,Kashino ,Daio Sak,33.81908930676049,136.55989102617906,39.101401902283385,12.0,795.462137079055,47.995169452495134
3978,Shanghai SouthCh - Nagoya,SEA,PILOT_TO_PILOT,7,3978,222,8,9,Kashino ,Daio Sak,33.82166037947706,136.56243403160886,39.101401902283385,12.0,795.6619364779978,47.79537005355235
3979,Shanghai SouthCh - Nagoya,SEA,PILOT_TO_PILOT,7,3979,223,8,9,Kashino ,Daio Sak,33.82423139999827,136.5649771899521,39.101401902283385,12.0,795.8617358769405,47.59557065460956
3980,Shanghai SouthCh - Nagoya,SEA,PILOT_TO_PILOT,7,3980,224,8,9,Kashino ,Daio Sak,33.82680236831594,136.56752050122958,39.101401902283385,12.0,796.0615352758833,47.39577125566677
3981,Shanghai SouthCh - Nagoya,SEA,PILOT_TO_PILOT,7,3981,225,8,9,Kashino ,Daio Sak,33.82937328442184,136.57006396546234,39.101401902283385,12.0,796.2613346748262,47.19597185672387
3982,Shanghai SouthCh - Nagoya,SEA,PILOT_TO_PILOT,7,3982,226,8,9,Kashino ,Daio Sak,33.83194414830778,136.57260758267128,39.101401902283385,12.0,796.461134073769,46.996172457781086
3983,Shanghai SouthCh - Nagoya,SEA,PILOT_TO_PILOT,7,3983,227,8,9,Kashino ,Daio Sak,33.83451495996555,136.57515135287733,39.101401902283385,12.0,796.6609334727118,46.7963730588383
3984,Shanghai SouthCh - Nagoya,SEA,PILOT_TO_PILOT,7,3984,228,8,9,Kashino ,Daio Sak,33.83708571938695,136.57769527610145,39.101401902283385,12.0,796.8607328716546,46.59657365989551
3985,Shanghai SouthCh - Nagoya,SEA,PILOT_TO_PILOT,7,3985,229,8,9,Kashino ,Daio Sak,33.83965642656374,136.58023935236457,39.101401902283385,12.0,797.0605322705975,46.39677426095261
3986,Shanghai SouthCh - Nagoya,SEA,PILOT_TO_PILOT,7,3986,230,8,9,Kashino ,Daio Sak,33.842227081487735,136.5827835816876,39.101401902283385,12.0,797.2603316695403,46.196974862009824
3987,Shanghai SouthCh - Nagoya,SEA,PILOT_TO_PILOT,7,3987,231,8,9,Kashino ,Daio Sak,33.84479768415071,136.58532796409156,39.101401902283385,12.0,797.4601310684831,45.99717546306704
3988,Shanghai SouthCh - Nagoya,SEA,PILOT_TO_PILOT,7,3988,232,8,9,Kashino ,Daio Sak,33.847368234544454,136.58787249959732,39.101401902283385,12.0,797.6599304674259,45.79737606412425
3989,Shanghai SouthCh - Nagoya,SEA,PILOT_TO_PILOT,7,3989,233,8,9,Kashino ,Daio Sak,33.84993873266076,136.59041718822587,39.101401902283385,12.0,797.8597298663688,45.59757666518135
3990,Shanghai SouthCh - Nagoya,SEA,PILOT_TO_PILOT,7,3990,234,8,9,Kashino ,Daio Sak,33.852509178491395,136.59296202999815,39.101401902283385,12.0,798.0595292653115,45.39777726623856
3991,Shanghai SouthCh - Nagoya,SEA,PILOT_TO_PILOT,7,3991,235,8,9,Kashino ,Daio Sak,33.85507957202816,136.59550702493513,39.101401902283385,12.0,798.2593286642543,45.197977867295776
3992,Shanghai SouthCh - Nagoya,SEA,PILOT_TO_PILOT,7,3992,236,8,9,Kashino ,Daio Sak,33.85764991326282,136.59805217305777,39.101401902283385,12.0,798.4591280631971,44.99817846835299
3993,Shanghai SouthCh - Nagoya,SEA,PILOT_TO_PILOT,7,3993,237,8,9,Kashino ,Daio Sak,33.86022020218717,136.60059747438697,39.101401902283385,12.0,798.65892746214,44.79837906941009
3994,Shanghai SouthCh - Nagoya,SEA,PILOT_TO_PILOT,7,3994,238,8,9,Kashino ,Daio Sak,33.86279043879297,136.60314292894378,39.101401902283385,12.0,798.8587268610828,44.5985796704673
3995,Shanghai SouthCh - Nagoya,SEA,PILOT_TO_PILOT,7,3995,239,8,9,Kashino ,Daio Sak,33.865360623072,136.60568853674908,39.101401902283385,12.0,799.0585262600256,44.398780271524515
3996,Shanghai SouthCh - Nagoya,SEA,PILOT_TO_PILOT,7,3996,240,8,9,Kashino ,Daio Sak,33.867930755016054,136.60823429782388,39.101401902283385,12.0,799.2583256589684,44.19898087258173
3997,Shanghai SouthCh - Nagoya,SEA,PILOT_TO_PILOT,7,3997,241,8,9,Kashino ,Daio Sak,33.8705008346169,136.61078021218916,39.101401902283385,12.0,799.4581250579113,43.99918147363883
3998,Shanghai SouthCh - Nagoya,SEA,PILOT_TO_PILOT,7,3998,242,8,9,Kashino ,Daio Sak,33.873070861866296,136.61332627986584,39.101401902283385,12.0,799.6579244568541,43.79938207469604
3999,Shanghai SouthCh - Nagoya,SEA,PILOT_TO_PILOT,7,3999,243,8,9,Kashino ,Daio Sak,33.87564083675602,136.6158725008749,39.101401902283385,12.0,799.8577238557968,43.599582675753254
4000,Shanghai SouthCh - Nagoya,SEA,PILOT_TO_PILOT,7,4000,244,8,9,Kashino ,Daio Sak,33.878210759277856,136.61841887523738,39.101401902283385,12.0,800.0575232547396,43.39978327681047
4001,Shanghai SouthCh - Nagoya,SEA,PILOT_TO_PILOT,7,4001,245,8,9,Kashino ,Daio Sak,33.88078062942356,136.62096540297418,39.101401902283385,12.0,800.2573226536825,43.19998387786757
4002,Shanghai SouthCh - Nagoya,SEA,PILOT_TO_PILOT,7,4002,246,8,9,Kashino ,Daio Sak,33.88335044718492,136.6235120841063,39.101401902283385,12.0,800.4571220526253,43.00018447892478
4003,Shanghai SouthCh - Nagoya,SEA,PILOT_TO_PILOT,7,4003,247,8,9,Kashino ,Daio Sak,33.88592021255368,136.62605891865476,39.101401902283385,12.0,800.6569214515681,42.80038507998199
4004,Shanghai SouthCh - Nagoya,SEA,PILOT_TO_PILOT,7,4004,248,8,9,Kashino ,Daio Sak,33.88848992552162,136.62860590664047,39.101401902283385,12.0,800.8567208505109,42.600585681039206
4005,Shanghai SouthCh - Nagoya,SEA,PILOT_TO_PILOT,7,4005,249,8,9,Kashino ,Daio Sak,33.891059586080495,136.63115304808446,39.101401902283385,12.0,801.0565202494538,42.400786282096306
4006,Shanghai SouthCh - Nagoya,SEA,PILOT_TO_PILOT,7,4006,250,8,9,Kashino ,Daio Sak,33.89362919422207,136.63370034300775,39.101401902283385,12.0,801.2563196483966,42.20098688315352
4007,Shanghai SouthCh - Nagoya,SEA,PILOT_TO_PILOT,7,4007,251,8,9,Kashino ,Daio Sak,33.896198749938115,136.63624779143123,39.101401902283385,12.0,801.4561190473394,42.00118748421073
4008,Shanghai SouthCh - Nagoya,SEA,PILOT_TO_PILOT,7,4008,252,8,9,Kashino ,Daio Sak,33.898768253220396,136.63879539337597,39.101401902283385,12.0,801.6559184462822,41.801388085267945
4009,Shanghai SouthCh - Nagoya,SEA,PILOT_TO_PILOT,7,4009,253,8,9,Kashino ,Daio Sak,33.90133770406065,136.64134314886297,39.101401902283385,12.0,801.8557178452251,41.601588686325044
4010,Shanghai SouthCh - Nagoya,SEA,PILOT_TO_PILOT,7,4010,254,8,9,Kashino ,Daio Sak,33.90390710245066,136.64389105791315,39.101401902283385,12.0,802.0555172441678,41.40178928738226
4011,Shanghai SouthCh - Nagoya,SEA,PILOT_TO_PILOT,7,4011,255,8,9,Kashino ,Daio Sak,33.90647644838217,136.6464391205476,39.101401902283385,12.0,802.2553166431106,41.20198988843947
4012,Shanghai SouthCh - Nagoya,SEA,PILOT_TO_PILOT,7,4012,256,8,9,Kashino ,Daio Sak,33.90904574184694,136.64898733678726,39.101401902283385,12.0,802.4551160420535,41.00219048949657
4013,Shanghai SouthCh - Nagoya,SEA,PILOT_TO_PILOT,7,4013,257,8,9,Kashino ,Daio Sak,33.91161498283671,136.6515357066531,39.101401902283385,12.0,802.6549154409963,40.80239109055378
4014,Shanghai SouthCh - Nagoya,SEA,PILOT_TO_PILOT,7,4014,258,8,9,Kashino ,Daio Sak,33.914184171343265,136.65408423016623,39.101401902283385,12.0,802.8547148399391,40.602591691610996
4015,Shanghai SouthCh - Nagoya,SEA,PILOT_TO_PILOT,7,4015,259,8,9,Kashino ,Daio Sak,33.916753307358334,136.65663290734756,39.101401902283385,12.0,803.0545142388819,40.40279229266821
4016,Shanghai SouthCh - Nagoya,SEA,PILOT_TO_PILOT,7,4016,260,8,9,Kashino ,Daio Sak,33.91932239087367,136.65918173821817,39.101401902283385,12.0,803.2543136378247,40.20299289372542
4017,Shanghai SouthCh - Nagoya,SEA,PILOT_TO_PILOT,7,4017,261,8,9,Kashino ,Daio Sak,33.92189142188103,136.661730722799,39.101401902283385,12.0,803.4541130367676,40.00319349478252
4018,Shanghai SouthCh - Nagoya,SEA,PILOT_TO_PILOT,7,4018,262,8,9,Kashino ,Daio Sak,33.924460400372155,136.6642798611111,39.101401902283385,12.0,803.6539124357104,39.803394095839735
4019,Shanghai SouthCh - Nagoya,SEA,PILOT_TO_PILOT,7,4019,263,8,9,Kashino ,Daio Sak,33.92702932633879,136.6668291531755,39.101401902283385,12.0,803.8537118346532,39.60359469689695
4020,Shanghai SouthCh - Nagoya,SEA,PILOT_TO_PILOT,7,4020,264,8,9,Kashino ,Daio Sak,33.929598199772705,136.6693785990132,39.101401902283385,12.0,804.053511233596,39.40379529795405
4021,Shanghai SouthCh - Nagoya,SEA,PILOT_TO_PILOT,7,4021,265,8,9,Kashino ,Daio Sak,33.93216702066561,136.67192819864522,39.101401902283385,12.0,804.2533106325388,39.20399589901126
4022,Shanghai SouthCh - Nagoya,SEA,PILOT_TO_PILOT,7,4022,266,8,9,Kashino ,Daio Sak,33.93473578900927,136.67447795209256,39.101401902283385,12.0,804.4531100314816,39.004196500068474
4023,Shanghai SouthCh - Nagoya,SEA,PILOT_TO_PILOT,7,4023,267,8,9,Kashino ,Daio Sak,33.93730450479543,136.67702785937627,39.101401902283385,12.0,804.6529094304244,38.80439710112569
4024,Shanghai SouthCh - Nagoya,SEA,PILOT_TO_PILOT,7,4024,268,8,9,Kashino ,Daio Sak,33.93987316801581,136.67957792051737,39.101401902283385,12.0,804.8527088293673,38.60459770218279
4025,Shanghai SouthCh - Nagoya,SEA,PILOT_TO_PILOT,7,4025,269,8,9,Kashino ,Daio Sak,33.94244177866218,136.6821281355369,39.101401902283385,12.0,805.0525082283101,38.40479830324
4026,Shanghai SouthCh - Nagoya,SEA,PILOT_TO_PILOT,7,4026,270,8,9,Kashino ,Daio Sak,33.94501033672625,136.6846785044559,39.101401902283385,12.0,805.2523076272529,38.20499890429721
4027,Shanghai SouthCh - Nagoya,SEA,PILOT_TO_PILOT,7,4027,271,8,9,Kashino ,Daio Sak,33.947578842199775,136.68722902729533,39.101401902283385,12.0,805.4521070261957,38.005199505354426
4028,Shanghai SouthCh - Nagoya,SEA,PILOT_TO_PILOT,7,4028,272,8,9,Kashino ,Daio Sak,33.95014729507448,136.68977970407627,39.101401902283385,12.0,805.6519064251386,37.805400106411525
4029,Shanghai SouthCh - Nagoya,SEA,PILOT_TO_PILOT,7,4029,273,8,9,Kashino ,Daio Sak,33.95271569534211,136.6923305348198,39.101401902283385,12.0,805.8517058240814,37.60560070746874
4030,Shanghai SouthCh - Nagoya,SEA,PILOT_TO_PILOT,7,4030,274,8,9,Kashino ,Daio Sak,33.95528404299439,136.6948815195469,39.101401902283385,12.0,806.0515052230242,37.40580130852595
4031,Shanghai SouthCh - Nagoya,SEA,PILOT_TO_PILOT,7,4031,275,8,9,Kashino ,Daio Sak,33.957852338023066,136.69743265827864,39.101401902283385,12.0,806.2513046219669,37.206001909583165
4032,Shanghai SouthCh - Nagoya,SEA,PILOT_TO_PILOT,7,4032,276,8,9,Kashino ,Daio Sak,33.96042058041986,136.69998395103602,39.101401902283385,12.0,806.4511040209098,37.006202510640264
4033,Shanghai SouthCh - Nagoya,SEA,PILOT_TO_PILOT,7,4033,277,8,9,Kashino ,Daio Sak,33.96298877017648,136.7025353978402,39.101401902283385,12.0,806.6509034198526,36.80640311169748
4034,Shanghai SouthCh - Nagoya,SEA,PILOT_TO_PILOT,7,4034,278,8,9,Kashino ,Daio Sak,33.96555690728469,136.70508699871206,39.101401902283385,12.0,806.8507028187954,36.60660371275469
4035,Shanghai SouthCh - Nagoya,SEA,PILOT_TO_PILOT,7,4035,279,8,9,Kashino ,Daio Sak,33.968124991736204,136.70763875367277,39.101401902283385,12.0,807.0505022177382,36.406804313811904
4036,Shanghai SouthCh - Nagoya,SEA,PILOT_TO_PILOT,7,4036,280,8,9,Kashino ,Daio Sak,33.97069302352275,136.71019066274334,39.101401902283385,12.0,807.2503016166811,36.207004914869
4037,Shanghai SouthCh - Nagoya,SEA,PILOT_TO_PILOT,7,4037,281,8,9,Kashino ,Daio Sak,33.973261002636036,136.71274272594485,39.101401902283385,12.0,807.4501010156239,36.007205515926216
4038,Shanghai SouthCh - Nagoya,SEA,PILOT_TO_PILOT,7,4038,282,8,9,Kashino ,Daio Sak,33.9758289290678,136.71529494329832,39.101401902283385,12.0,807.6499004145667,35.80740611698343
4039,Shanghai SouthCh - Nagoya,SEA,PILOT_TO_PILOT,7,4039,283,8,9,Kashino ,Daio Sak,33.97839680280978,136.7178473148248,39.101401902283385,12.0,807.8496998135095,35.60760671804064
4040,Shanghai SouthCh - Nagoya,SEA,PILOT_TO_PILOT,7,4040,284,8,9,Kashino ,Daio Sak,33.98096462385367,136.72039984054544,39.101401902283385,12.0,808.0494992124524,35.40780731909774
4041,Shanghai SouthCh - Nagoya,SEA,PILOT_TO_PILOT,7,4041,285,8,9,Kashino ,Daio Sak,33.9835323921912,136.72295252048121,39.101401902283385,12.0,808.2492986113951,35.208007920154955
4042,Shanghai SouthCh - Nagoya,SEA,PILOT_TO_PILOT,7,4042,286,8,9,Kashino ,Daio Sak,33.986100107814096,136.7255053546532,39.101401902283385,12.0,808.4490980103379,35.00820852121217
4043,Shanghai SouthCh - Nagoya,SEA,PILOT_TO_PILOT,7,4043,287,8,9,Kashino ,Daio Sak,33.98866777071405,136.7280583430825,39.101401902283385,12.0,808.6488974092807,34.80840912226938
4044,Shanghai SouthCh - Nagoya,SEA,PILOT_TO_PILOT,7,4044,288,8,9,Kashino ,Daio Sak,33.99123538088282,136.73061148579012,39.101401902283385,12.0,808.8486968082236,34.60860972332648
4045,Shanghai SouthCh - Nagoya,SEA,PILOT_TO_PILOT,7,4045,289,8,9,Kashino ,Daio Sak,33.99380293831208,136.73316478279722,39.101401902283385,12.0,809.0484962071664,34.408810324383694
4046,Shanghai SouthCh - Nagoya,SEA,PILOT_TO_PILOT,7,4046,290,8,9,Kashino ,Daio Sak,33.996370442993566,136.73571823412482,39.101401902283385,12.0,809.2482956061092,34.20901092544091
4047,Shanghai SouthCh - Nagoya,SEA,PILOT_TO_PILOT,7,4047,291,8,9,Kashino ,Daio Sak,33.99893789491899,136.73827183979395,39.101401902283385,12.0,809.448095005052,34.00921152649812
4048,Shanghai SouthCh - Nagoya,SEA,PILOT_TO_PILOT,7,4048,292,8,9,Kashino ,Daio Sak,34.00150529408004,136.7408255998258,39.101401902283385,12.0,809.6478944039949,33.80941212755522
4049,Shanghai SouthCh - Nagoya,SEA,PILOT_TO_PILOT,7,4049,293,8,9,Kashino ,Daio Sak,34.00407264046845,136.74337951424133,39.101401902283385,12.0,809.8476938029377,33.60961272861243
4050,Shanghai SouthCh - Nagoya,SEA,PILOT_TO_PILOT,7,4050,294,8,9,Kashino ,Daio Sak,34.006639934075935,136.74593358306174,39.101401902283385,12.0,810.0474932018805,33.409813329669646
4051,Shanghai SouthCh - Nagoya,SEA,PILOT_TO_PILOT,7,4051,295,8,9,Kashino ,Daio Sak,34.00920717489418,136.74848780630802,39.101401902283385,12.0,810.2472926008234,33.210013930726745
4052,Shanghai SouthCh - Nagoya,SEA,PILOT_TO_PILOT,7,4052,296,8,9,Kashino ,Daio Sak,34.0117743629149,136.7510421840013,39.101401902283385,12.0,810.4470919997661,33.01021453178396
4053,Shanghai SouthCh - Nagoya,SEA,PILOT_TO_PILOT,7,4053,297,8,9,Kashino ,Daio Sak,34.014341498129795,136.7535967161627,39.101401902283385,12.0,810.6468913987089,32.81041513284117
4054,Shanghai SouthCh - Nagoya,SEA,PILOT_TO_PILOT,7,4054,298,8,9,Kashino ,Daio Sak,34.01690858053059,136.75615140281323,39.101401902283385,12.0,810.8466907976517,32.610615733898385
4055,Shanghai SouthCh - Nagoya,SEA,PILOT_TO_PILOT,7,4055,299,8,9,Kashino ,Daio Sak,34.01947561010894,136.75870624397402,39.101401902283385,12.0,811.0464901965945,32.4108163349556
4056,Shanghai SouthCh - Nagoya,SEA,PILOT_TO_PILOT,7,4056,300,8,9,Kashino ,Daio Sak,34.0220425868566,136.7612612396662,39.101401902283385,12.0,811.2462895955374,32.2110169360127
4057,Shanghai SouthCh - Nagoya,SEA,PILOT_TO_PILOT,7,4057,301,8,9,Kashino ,Daio Sak,34.02460951076524,136.76381638991083,39.101401902283385,12.0,811.4460889944802,32.01121753706991
4058,Shanghai SouthCh - Nagoya,SEA,PILOT_TO_PILOT,7,4058,302,8,9,Kashino ,Daio Sak,34.027176381826564,136.76637169472903,39.101401902283385,12.0,811.645888393423,31.811418138127124
4059,Shanghai SouthCh - Nagoya,SEA,PILOT_TO_PILOT,7,4059,303,8,9,Kashino ,Daio Sak,34.02974320003227,136.7689271541419,39.101401902283385,12.0,811.8456877923659,31.611618739184223
4060,Shanghai SouthCh - Nagoya,SEA,PILOT_TO_PILOT,7,4060,304,8,9,Kashino ,Daio Sak,34.03230996537404,136.7714827681705,39.101401902283385,12.0,812.0454871913087,31.411819340241436
4061,Shanghai SouthCh - Nagoya,SEA,PILOT_TO_PILOT,7,4061,305,8,9,Kashino ,Daio Sak,34.0348766778436,136.77403853683597,39.101401902283385,12.0,812.2452865902515,31.21201994129865
4062,Shanghai SouthCh - Nagoya,SEA,PILOT_TO_PILOT,7,4062,306,8,9,Kashino ,Daio Sak,34.03744333743262,136.77659446015946,39.101401902283385,12.0,812.4450859891942,31.012220542355863
4063,Shanghai SouthCh - Nagoya,SEA,PILOT_TO_PILOT,7,4063,307,8,9,Kashino ,Daio Sak,34.0400099441328,136.779150538162,39.101401902283385,12.0,812.6448853881371,30.812421143412962
4064,Shanghai SouthCh - Nagoya,SEA,PILOT_TO_PILOT,7,4064,308,8,9,Kashino ,Daio Sak,34.042576497935826,136.78170677086476,39.101401902283385,12.0,812.8446847870799,30.612621744470175
4065,Shanghai SouthCh - Nagoya,SEA,PILOT_TO_PILOT,7,4065,309,8,9,Kashino ,Daio Sak,34.045142998833384,136.78426315828887,39.101401902283385,12.0,813.0444841860227,30.41282234552739
4066,Shanghai SouthCh - Nagoya,SEA,PILOT_TO_PILOT,7,4066,310,8,9,Kashino ,Daio Sak,34.04770944681718,136.78681970045537,39.101401902283385,12.0,813.2442835849655,30.2130229465846
4067,Shanghai SouthCh - Nagoya,SEA,PILOT_TO_PILOT,7,4067,311,8,9,Kashino ,Daio Sak,34.05027584187887,136.78937639738544,39.101401902283385,12.0,813.4440829839084,30.0132235476417
4068,Shanghai SouthCh - Nagoya,SEA,PILOT_TO_PILOT,7,4068,312,8,9,Kashino ,Daio Sak,34.05284218401018,136.7919332491002,39.101401902283385,12.0,813.6438823828512,29.813424148698914
4069,Shanghai SouthCh - Nagoya,SEA,PILOT_TO_PILOT,7,4069,313,8,9,Kashino ,Daio Sak,34.05540847320276,136.79449025562073,39.101401902283385,12.0,813.843681781794,29.613624749756127
4070,Shanghai SouthCh - Nagoya,SEA,PILOT_TO_PILOT,7,4070,314,8,9,Kashino ,Daio Sak,34.05797470944832,136.7970474169682,39.101401902283385,12.0,814.0434811807368,29.41382535081334
4071,Shanghai SouthCh - Nagoya,SEA,PILOT_TO_PILOT,7,4071,315,8,9,Kashino ,Daio Sak,34.060540892738516,136.79960473316373,39.101401902283385,12.0,814.2432805796797,29.21402595187044
4072,Shanghai SouthCh - Nagoya,SEA,PILOT_TO_PILOT,7,4072,316,8,9,Kashino ,Daio Sak,34.063107023065044,136.80216220422844,39.101401902283385,12.0,814.4430799786224,29.014226552927653
4073,Shanghai SouthCh - Nagoya,SEA,PILOT_TO_PILOT,7,4073,317,8,9,Kashino ,Daio Sak,34.06567310041959,136.8047198301835,39.101401902283385,12.0,814.6428793775652,28.814427153984866
4074,Shanghai SouthCh - Nagoya,SEA,PILOT_TO_PILOT,7,4074,318,8,9,Kashino ,Daio Sak,34.06823912479382,136.80727761104995,39.101401902283385,12.0,814.842678776508,28.61462775504208
4075,Shanghai SouthCh - Nagoya,SEA,PILOT_TO_PILOT,7,4075,319,8,9,Kashino ,Daio Sak,34.07080509617941,136.80983554684903,39.101401902283385,12.0,815.0424781754509,28.41482835609918
4076,Shanghai SouthCh - Nagoya,SEA,PILOT_TO_PILOT,7,4076,320,8,9,Kashino ,Daio Sak,34.073371014568046,136.81239363760184,39.101401902283385,12.0,815.2422775743937,28.21502895715639
4077,Shanghai SouthCh - Nagoya,SEA,PILOT_TO_PILOT,7,4077,321,8,9,Kashino ,Daio Sak,34.0759368799514,136.81495188332948,39.101401902283385,12.0,815.4420769733365,28.015229558213605
4078,Shanghai SouthCh - Nagoya,SEA,PILOT_TO_PILOT,7,4078,322,8,9,Kashino ,Daio Sak,34.07850269232113,136.81751028405316,39.101401902283385,12.0,815.6418763722793,27.815430159270818
4079,Shanghai SouthCh - Nagoya,SEA,PILOT_TO_PILOT,7,4079,323,8,9,Kashino ,Daio Sak,34.081068451668926,136.820068839794,39.101401902283385,12.0,815.8416757712222,27.615630760327917
4080,Shanghai SouthCh - Nagoya,SEA,PILOT_TO_PILOT,7,4080,324,8,9,Kashino ,Daio Sak,34.08363415798646,136.82262755057315,39.101401902283385,12.0,816.041475170165,27.41583136138513
4081,Shanghai SouthCh - Nagoya,SEA,PILOT_TO_PILOT,7,4081,325,8,9,Kashino ,Daio Sak,34.086199811265395,136.82518641641175,39.101401902283385,12.0,816.2412745691078,27.216031962442344
4082,Shanghai SouthCh - Nagoya,SEA,PILOT_TO_PILOT,7,4082,326,8,9,Kashino ,Daio Sak,34.088765411497384,136.82774543733095,39.101401902283385,12.0,816.4410739680505,27.016232563499557
4083,Shanghai SouthCh - Nagoya,SEA,PILOT_TO_PILOT,7,4083,327,8,9,Kashino ,Daio Sak,34.091330958674114,136.8303046133519,39.101401902283385,12.0,816.6408733669934,26.816433164556656
4084,Shanghai SouthCh - Nagoya,SEA,PILOT_TO_PILOT,7,4084,328,8,9,Kashino ,Daio Sak,34.09389645278724,136.83286394449578,39.101401902283385,12.0,816.8406727659362,26.61663376561387
4085,Shanghai SouthCh - Nagoya,SEA,PILOT_TO_PILOT,7,4085,329,8,9,Kashino ,Daio Sak,34.09646189382845,136.83542343078375,39.101401902283385,12.0,817.040472164879,26.416834366671083
4086,Shanghai SouthCh - Nagoya,SEA,PILOT_TO_PILOT,7,4086,330,8,9,Kashino ,Daio Sak,34.09902728178937,136.83798307223694,39.101401902283385,12.0,817.2402715638218,26.217034967728296
4087,Shanghai SouthCh - Nagoya,SEA,PILOT_TO_PILOT,7,4087,331,8,9,Kashino ,Daio Sak,34.101592616661684,136.84054286887655,39.101401902283385,12.0,817.4400709627647,26.017235568785395
4088,Shanghai SouthCh - Nagoya,SEA,PILOT_TO_PILOT,7,4088,332,8,9,Kashino ,Daio Sak,34.10415789843706,136.84310282072371,39.101401902283385,12.0,817.6398703617075,25.81743616984261
4089,Shanghai SouthCh - Nagoya,SEA,PILOT_TO_PILOT,7,4089,333,8,9,Kashino ,Daio Sak,34.10672312710713,136.8456629277996,39.101401902283385,12.0,817.8396697606503,25.61763677089982
4090,Shanghai SouthCh - Nagoya,SEA,PILOT_TO_PILOT,7,4090,334,8,9,Kashino ,Daio Sak,34.10928830266358,136.8482231901254,39.101401902283385,12.0,818.0394691595932,25.41783737195692
4091,Shanghai SouthCh - Nagoya,SEA,PILOT_TO_PILOT,7,4091,335,8,9,Kashino ,Daio Sak,34.11185342509805,136.85078360772226,39.101401902283385,12.0,818.239268558536,25.218037973014134
4092,Shanghai SouthCh - Nagoya,SEA,PILOT_TO_PILOT,7,4092,336,8,9,Kashino ,Daio Sak,34.1144184944022,136.8533441806114,39.101401902283385,12.0,818.4390679574788,25.018238574071347
4093,Shanghai SouthCh - Nagoya,SEA,PILOT_TO_PILOT,7,4093,337,8,9,Kashino ,Daio Sak,34.116983510567685,136.85590490881393,39.101401902283385,12.0,818.6388673564215,24.81843917512856
4094,Shanghai SouthCh - Nagoya,SEA,PILOT_TO_PILOT,7,4094,338,8,9,Kashino ,Daio Sak,34.119548473586164,136.85846579235107,39.101401902283385,12.0,818.8386667553643,24.618639776185773
4095,Shanghai SouthCh - Nagoya,SEA,PILOT_TO_PILOT,7,4095,339,8,9,Kashino ,Daio Sak,34.12211338344928,136.861026831244,39.101401902283385,12.0,819.0384661543072,24.418840377242873
4096,Shanghai SouthCh - Nagoya,SEA,PILOT_TO_PILOT,7,4096,340,8,9,Kashino ,Daio Sak,34.12467824014868,136.8635880255139,39.101401902283385,12.0,819.23826555325,24.219040978300086
4097,Shanghai SouthCh - Nagoya,SEA,PILOT_TO_PILOT,7,4097,341,8,9,Kashino ,Daio Sak,34.12724304367603,136.86614937518195,39.101401902283385,12.0,819.4380649521928,24.0192415793573
4098,Shanghai SouthCh - Nagoya,SEA,PILOT_TO_PILOT,7,4098,342,8,9,Kashino ,Daio Sak,34.12980779402296,136.86871088026933,39.101401902283385,12.0,819.6378643511357,23.8194421804144
4099,Shanghai SouthCh - Nagoya,SEA,PILOT_TO_PILOT,7,4099,343,8,9,Kashino ,Daio Sak,34.13237249118112,136.8712725407972,39.101401902283385,12.0,819.8376637500785,23.61964278147161
4100,Shanghai SouthCh - Nagoya,SEA,PILOT_TO_PILOT,7,4100,344,8,9,Kashino ,Daio Sak,34.13493713514217,136.87383435678686,39.101401902283385,12.0,820.0374631490213,23.419843382528825
4101,Shanghai SouthCh - Nagoya,SEA,PILOT_TO_PILOT,7,4101,345,8,9,Kashino ,Daio Sak,34.137501725897735,136.87639632825937,39.101401902283385,12.0,820.2372625479641,23.220043983586038
4102,Shanghai SouthCh - Nagoya,SEA,PILOT_TO_PILOT,7,4102,346,8,9,Kashino ,Daio Sak,34.140066263439465,136.87895845523605,39.101401902283385,12.0,820.4370619469069,23.02024458464325
4103,Shanghai SouthCh - Nagoya,SEA,PILOT_TO_PILOT,7,4103,347,8,9,Kashino ,Daio Sak,34.14263074775901,136.881520737738,39.101401902283385,12.0,820.6368613458498,22.82044518570035
4104,Shanghai SouthCh - Nagoya,SEA,PILOT_TO_PILOT,7,4104,348,8,9,Kashino ,Daio Sak,34.145195178848,136.88408317578646,39.101401902283385,12.0,820.8366607447925,22.620645786757564
4105,Shanghai SouthCh - Nagoya,SEA,PILOT_TO_PILOT,7,4105,349,8,9,Kashino ,Daio Sak,34.14775955669808,136.8866457694026,39.101401902283385,12.0,821.0364601437353,22.420846387814777
4106,Shanghai SouthCh - Nagoya,SEA,PILOT_TO_PILOT,7,4106,350,8,9,Kashino ,Daio Sak,34.15032388130088,136.88920851860766,39.101401902283385,12.0,821.2362595426782,22.221046988871876
4107,Shanghai SouthCh - Nagoya,SEA,PILOT_TO_PILOT,7,4107,351,8,9,Kashino ,Daio Sak,34.15288815264804,136.89177142342285,39.101401902283385,12.0,821.436058941621,22.02124758992909
4108,Shanghai SouthCh - Nagoya,SEA,PILOT_TO_PILOT,7,4108,352,8,9,Kashino ,Daio Sak,34.1554523707312,136.8943344838694,39.101401902283385,12.0,821.6358583405638,21.821448190986303
4109,Shanghai SouthCh - Nagoya,SEA,PILOT_TO_PILOT,7,4109,353,8,9,Kashino ,Daio Sak,34.158016535542,136.89689769996846,39.101401902283385,12.0,821.8356577395066,21.621648792043516
4110,Shanghai SouthCh - Nagoya,SEA,PILOT_TO_PILOT,7,4110,354,8,9,Kashino ,Daio Sak,34.16058064707205,136.89946107174126,39.101401902283385,12.0,822.0354571384495,21.421849393100615
4111,Shanghai SouthCh - Nagoya,SEA,PILOT_TO_PILOT,7,4111,355,8,9,Kashino ,Daio Sak,34.163144705313,136.90202459920906,39.101401902283385,12.0,822.2352565373923,21.222049994157828
4112,Shanghai SouthCh - Nagoya,SEA,PILOT_TO_PILOT,7,4112,356,8,9,Kashino ,Daio Sak,34.16570871025648,136.90458828239298,39.101401902283385,12.0,822.4350559363351,21.02225059521504
4113,Shanghai SouthCh - Nagoya,SEA,PILOT_TO_PILOT,7,4113,357,8,9,Kashino ,Daio Sak,34.1682726618941,136.90715212131437,39.101401902283385,12.0,822.6348553352778,20.822451196272254
4114,Shanghai SouthCh - Nagoya,SEA,PILOT_TO_PILOT,7,4114,358,8,9,Kashino ,Daio Sak,34.170836560217516,136.90971611599434,39.101401902283385,12.0,822.8346547342207,20.622651797329354
4115,Shanghai SouthCh - Nagoya,SEA,PILOT_TO_PILOT,7,4115,359,8,9,Kashino ,Daio Sak,34.17340040521834,136.9122802664542,39.101401902283385,12.0,823.0344541331635,20.422852398386567
4116,Shanghai SouthCh - Nagoya,SEA,PILOT_TO_PILOT,7,4116,360,8,9,Kashino ,Daio Sak,34.175964196888195,136.91484457271514,39.101401902283385,12.0,823.2342535321063,20.22305299944378
4117,Shanghai SouthCh - Nagoya,SEA,PILOT_TO_PILOT,7,4117,361,8,9,Kashino ,Daio Sak,34.17852793521869,136.91740903479834,39.101401902283385,12.0,823.4340529310491,20.023253600500993
4118,Shanghai SouthCh - Nagoya,SEA,PILOT_TO_PILOT,7,4118,362,8,9,Kashino ,Daio Sak,34.18109162020149,136.9199736527251,39.101401902283385,12.0,823.633852329992,19.823454201558093
4119,Shanghai SouthCh - Nagoya,SEA,PILOT_TO_PILOT,7,4119,363,8,9,Kashino ,Daio Sak,34.18365525182818,136.9225384265166,39.101401902283385,12.0,823.8336517289348,19.623654802615306
4120,Shanghai SouthCh - Nagoya,SEA,PILOT_TO_PILOT,7,4120,364,8,9,Kashino ,Daio Sak,34.18621883009038,136.92510335619417,39.101401902283385,12.0,824.0334511278776,19.42385540367252
4121,Shanghai SouthCh - Nagoya,SEA,PILOT_TO_PILOT,7,4121,365,8,9,Kashino ,Daio Sak,34.18878235497974,136.92766844177893,39.101401902283385,12.0,824.2332505268204,19.224056004729732
4122,Shanghai SouthCh - Nagoya,SEA,PILOT_TO_PILOT,7,4122,366,8,9,Kashino ,Daio Sak,34.19134582648785,136.93023368329222,39.101401902283385,12.0,824.4330499257633,19.02425660578683
4123,Shanghai SouthCh - Nagoya,SEA,PILOT_TO_PILOT,7,4123,367,8,9,Kashino ,Daio Sak,34.193909244606324,136.9327990807552,39.101401902283385,12.0,824.6328493247061,18.824457206844045
4124,Shanghai SouthCh - Nagoya,SEA,PILOT_TO_PILOT,7,4124,368,8,9,Kashino ,Daio Sak,34.19647260932679,136.9353646341891,39.101401902283385,12.0,824.8326487236488,18.624657807901258
4125,Shanghai SouthCh - Nagoya,SEA,PILOT_TO_PILOT,7,4125,369,8,9,Kashino ,Daio Sak,34.19903592064086,136.93793034361528,39.101401902283385,12.0,825.0324481225916,18.42485840895847
4126,Shanghai SouthCh - Nagoya,SEA,PILOT_TO_PILOT,7,4126,370,8,9,Kashino ,Daio Sak,34.20159917854016,136.94049620905488,39.101401902283385,12.0,825.2322475215345,18.22505901001557
4127,Shanghai SouthCh - Nagoya,SEA,PILOT_TO_PILOT,7,4127,371,8,9,Kashino ,Daio Sak,34.20416238301626,136.94306223052922,39.101401902283385,12.0,825.4320469204773,18.025259611072784
4128,Shanghai SouthCh - Nagoya,SEA,PILOT_TO_PILOT,7,4128,372,8,9,Kashino ,Daio Sak,34.206725534060794,136.94562840805952,39.101401902283385,12.0,825.6318463194201,17.825460212129997
4129,Shanghai SouthCh - Nagoya,SEA,PILOT_TO_PILOT,7,4129,373,8,9,Kashino ,Daio Sak,34.209288631665395,136.948194741667,39.101401902283385,12.0,825.8316457183629,17.62566081318721
4130,Shanghai SouthCh - Nagoya,SEA,PILOT_TO_PILOT,7,4130,374,8,9,Kashino ,Daio Sak,34.211851675821634,136.950761231373,39.101401902283385,12.0,826.0314451173058,17.42586141424431
4131,Shanghai SouthCh - Nagoya,SEA,PILOT_TO_PILOT,7,4131,375,8,9,Kashino ,Daio Sak,34.21441466652113,136.95332787719872,39.101401902283385,12.0,826.2312445162486,17.226062015301522
4132,Shanghai SouthCh - Nagoya,SEA,PILOT_TO_PILOT,7,4132,376,8,9,Kashino ,Daio Sak,34.216977603755495,136.95589467916543,39.101401902283385,12.0,826.4310439151914,17.026262616358736
4133,Shanghai SouthCh - Nagoya,SEA,PILOT_TO_PILOT,7,4133,377,8,9,Kashino ,Daio Sak,34.21954048751631,136.9584616372944,39.101401902283385,12.0,826.6308433141342,16.82646321741595
4134,Shanghai SouthCh - Nagoya,SEA,PILOT_TO_PILOT,7,4134,378,8,9,Kashino ,Daio Sak,34.22210331779521,136.9610287516069,39.101401902283385,12.0,826.830642713077,16.626663818473048
4135,Shanghai SouthCh - Nagoya,SEA,PILOT_TO_PILOT,7,4135,379,8,9,Kashino ,Daio Sak,34.224666094583775,136.96359602212416,39.101401902283385,12.0,827.0304421120198,16.42686441953026
4136,Shanghai SouthCh - Nagoya,SEA,PILOT_TO_PILOT,7,4136,380,8,9,Kashino ,Daio Sak,34.2272288178736,136.96616344886752,39.101401902283385,12.0,827.2302415109626,16.227065020587474
4137,Shanghai SouthCh - Nagoya,SEA,PILOT_TO_PILOT,7,4137,381,8,9,Kashino ,Daio Sak,34.22979148765629,136.96873103185823,39.101401902283385,12.0,827.4300409099055,16.027265621644574
4138,Shanghai SouthCh - Nagoya,SEA,PILOT_TO_PILOT,7,4138,382,8,9,Kashino ,Daio Sak,34.23235410392345,136.97129877111752,39.101401902283385,12.0,827.6298403088483,15.827466222701787
4139,Shanghai SouthCh - Nagoya,SEA,PILOT_TO_PILOT,8,4139,0,9,10,Daio Sak,YoroiS,34.23491666666666,136.97386666666668,25.619236456993917,12.0,827.8296397077911,15.627666823759
4140,Shanghai SouthCh - Nagoya,SEA,PILOT_TO_PILOT,8,4140,1,9,10,Daio Sak,YoroiS,34.23792599481307,136.97561223619874,25.619236456993917,12.0,828.0300219896116,15.427284541938548
4141,Shanghai SouthCh - Nagoya,SEA,PILOT_TO_PILOT,8,4141,2,9,10,Daio Sak,YoroiS,34.24093529822182,136.9773579305263,25.619236456993917,12.0,828.2304042714319,15.226902260118209
4142,Shanghai SouthCh - Nagoya,SEA,PILOT_TO_PILOT,8,4142,3,9,10,Daio Sak,YoroiS,34.243944576888374,136.97910374967134,25.619236456993917,12.0,828.4307865532523,15.026519978297756
4143,Shanghai SouthCh - Nagoya,SEA,PILOT_TO_PILOT,8,4143,4,9,10,Daio Sak,YoroiS,34.246953830808145,136.98084969365587,25.619236456993917,12.0,828.6311688350728,14.826137696477304
4144,Shanghai SouthCh - Nagoya,SEA,PILOT_TO_PILOT,8,4144,5,9,10,Daio Sak,YoroiS,34.24996305997656,136.98259576250186,25.619236456993917,12.0,828.8315511168933,14.625755414656851
4145,Shanghai SouthCh - Nagoya,SEA,PILOT_TO_PILOT,8,4145,6,9,10,Daio Sak,YoroiS,34.25297226438908,136.9843419562314,25.619236456993917,12.0,829.0319333987136,14.425373132836512
4146,Shanghai SouthCh - Nagoya,SEA,PILOT_TO_PILOT,8,4146,7,9,10,Daio Sak,YoroiS,34.25598144404112,136.98608827486638,25.619236456993917,12.0,829.232315680534,14.22499085101606
4147,Shanghai SouthCh - Nagoya,SEA,PILOT_TO_PILOT,8,4147,8,9,10,Daio Sak,YoroiS,34.25899059892812,136.98783471842887,25.619236456993917,12.0,829.4326979623545,14.024608569195607
4148,Shanghai SouthCh - Nagoya,SEA,PILOT_TO_PILOT,8,4148,9,9,10,Daio Sak,YoroiS,34.26199972904551,136.98958128694088,25.619236456993917,12.0,829.633080244175,13.824226287375154
4149,Shanghai SouthCh - Nagoya,SEA,PILOT_TO_PILOT,8,4149,10,9,10,Daio Sak,YoroiS,34.26500883438874,136.9913279804244,25.619236456993917,12.0,829.8334625259953,13.623844005554815
4150,Shanghai SouthCh - Nagoya,SEA,PILOT_TO_PILOT,8,4150,11,9,10,Daio Sak,YoroiS,34.26801791495321,136.9930747989015,25.619236456993917,12.0,830.0338448078157,13.423461723734363
4151,Shanghai SouthCh - Nagoya,SEA,PILOT_TO_PILOT,8,4151,12,9,10,Daio Sak,YoroiS,34.27102697073437,136.99482174239415,25.619236456993917,12.0,830.2342270896362,13.22307944191391
4152,Shanghai SouthCh - Nagoya,SEA,PILOT_TO_PILOT,8,4152,13,9,10,Daio Sak,YoroiS,34.27403600172765,136.9965688109244,25.619236456993917,12.0,830.4346093714565,13.022697160093571
4153,Shanghai SouthCh - Nagoya,SEA,PILOT_TO_PILOT,8,4153,14,9,10,Daio Sak,YoroiS,34.277045007928464,136.9983160045143,25.619236456993917,12.0,830.634991653277,12.822314878273119
4154,Shanghai SouthCh - Nagoya,SEA,PILOT_TO_PILOT,8,4154,15,9,10,Daio Sak,YoroiS,34.280053989332245,137.00006332318588,25.619236456993917,12.0,830.8353739350974,12.621932596452666
4155,Shanghai SouthCh - Nagoya,SEA,PILOT_TO_PILOT,8,4155,16,9,10,Daio Sak,YoroiS,34.28306294593442,137.00181076696114,25.619236456993917,12.0,831.0357562169179,12.421550314632213
4156,Shanghai SouthCh - Nagoya,SEA,PILOT_TO_PILOT,8,4156,17,9,10,Daio Sak,YoroiS,34.28607187773042,137.0035583358622,25.619236456993917,12.0,831.2361384987382,12.221168032811875
4157,Shanghai SouthCh - Nagoya,SEA,PILOT_TO_PILOT,8,4157,18,9,10,Daio Sak,YoroiS,34.28908078471566,137.00530602991105,25.619236456993917,12.0,831.4365207805587,12.020785750991422
4158,Shanghai SouthCh - Nagoya,SEA,PILOT_TO_PILOT,8,4158,19,9,10,Daio Sak,YoroiS,34.292089666885566,137.00705384912973,25.619236456993917,12.0,831.6369030623791,11.82040346917097
4159,Shanghai SouthCh - Nagoya,SEA,PILOT_TO_PILOT,8,4159,20,9,10,Daio Sak,YoroiS,34.29509852423556,137.00880179354039,25.619236456993917,12.0,831.8372853441996,11.620021187350517
4160,Shanghai SouthCh - Nagoya,SEA,PILOT_TO_PILOT,8,4160,21,9,10,Daio Sak,YoroiS,34.29810735676107,137.01054986316498,25.619236456993917,12.0,832.0376676260199,11.419638905530178
4161,Shanghai SouthCh - Nagoya,SEA,PILOT_TO_PILOT,8,4161,22,9,10,Daio Sak,YoroiS,34.30111616445752,137.01229805802558,25.619236456993917,12.0,832.2380499078404,11.219256623709725
4162,Shanghai SouthCh - Nagoya,SEA,PILOT_TO_PILOT,8,4162,23,9,10,Daio Sak,YoroiS,34.30412494732032,137.01404637814434,25.619236456993917,12.0,832.4384321896608,11.018874341889273
4163,Shanghai SouthCh - Nagoya,SEA,PILOT_TO_PILOT,8,4163,24,9,10,Daio Sak,YoroiS,34.307133705344874,137.01579482354327,25.619236456993917,12.0,832.6388144714812,10.818492060068934
4164,Shanghai SouthCh - Nagoya,SEA,PILOT_TO_PILOT,8,4164,25,9,10,Daio Sak,YoroiS,34.31014243852663,137.01754339424443,25.619236456993917,12.0,832.8391967533016,10.618109778248481
4165,Shanghai SouthCh - Nagoya,SEA,PILOT_TO_PILOT,8,4165,26,9,10,Daio Sak,YoroiS,34.313151146860996,137.01929209026994,25.619236456993917,12.0,833.0395790351221,10.417727496428029
4166,Shanghai SouthCh - Nagoya,SEA,PILOT_TO_PILOT,8,4166,27,9,10,Daio Sak,YoroiS,34.31615983034338,137.02104091164188,25.619236456993917,12.0,833.2399613169425,10.217345214607576
4167,Shanghai SouthCh - Nagoya,SEA,PILOT_TO_PILOT,8,4167,28,9,10,Daio Sak,YoroiS,34.319168488969204,137.0227898583823,25.619236456993917,12.0,833.4403435987629,10.016962932787237
4168,Shanghai SouthCh - Nagoya,SEA,PILOT_TO_PILOT,8,4168,29,9,10,Daio Sak,YoroiS,34.32217712273388,137.02453893051333,25.619236456993917,12.0,833.6407258805833,9.816580650966785
4169,Shanghai SouthCh - Nagoya,SEA,PILOT_TO_PILOT,8,4169,30,9,10,Daio Sak,YoroiS,34.32518573163282,137.02628812805708,25.619236456993917,12.0,833.8411081624038,9.616198369146332
4170,Shanghai SouthCh - Nagoya,SEA,PILOT_TO_PILOT,8,4170,31,9,10,Daio Sak,YoroiS,34.32819431566144,137.02803745103557,25.619236456993917,12.0,834.0414904442242,9.41581608732588
4171,Shanghai SouthCh - Nagoya,SEA,PILOT_TO_PILOT,8,4171,32,9,10,Daio Sak,YoroiS,34.33120287481516,137.02978689947102,25.619236456993917,12.0,834.2418727260446,9.21543380550554
4172,Shanghai SouthCh - Nagoya,SEA,PILOT_TO_PILOT,8,4172,33,9,10,Daio Sak,YoroiS,34.33421140908937,137.03153647338544,25.619236456993917,12.0,834.442255007865,9.015051523685088
4173,Shanghai SouthCh - Nagoya,SEA,PILOT_TO_PILOT,8,4173,34,9,10,Daio Sak,YoroiS,34.337219918479505,137.03328617280096,25.619236456993917,12.0,834.6426372896855,8.814669241864635
4174,Shanghai SouthCh - Nagoya,SEA,PILOT_TO_PILOT,8,4174,35,9,10,Daio Sak,YoroiS,34.340228402980955,137.0350359977397,25.619236456993917,12.0,834.8430195715058,8.614286960044296
4175,Shanghai SouthCh - Nagoya,SEA,PILOT_TO_PILOT,8,4175,36,9,10,Daio Sak,YoroiS,34.34323686258913,137.03678594822384,25.619236456993917,12.0,835.0434018533263,8.413904678223844
4176,Shanghai SouthCh - Nagoya,SEA,PILOT_TO_PILOT,8,4176,37,9,10,Daio Sak,YoroiS,34.34624529729945,137.0385360242754,25.619236456993917,12.0,835.2437841351467,8.213522396403391
4177,Shanghai SouthCh - Nagoya,SEA,PILOT_TO_PILOT,8,4177,38,9,10,Daio Sak,YoroiS,34.34925370710731,137.0402862259166,25.619236456993917,12.0,835.4441664169672,8.013140114582939
4178,Shanghai SouthCh - Nagoya,SEA,PILOT_TO_PILOT,8,4178,39,9,10,Daio Sak,YoroiS,34.35226209200811,137.0420365531695,25.619236456993917,12.0,835.6445486987875,7.8127578327626
4179,Shanghai SouthCh - Nagoya,SEA,PILOT_TO_PILOT,8,4179,40,9,10,Daio Sak,YoroiS,34.35527045199728,137.04378700605628,25.619236456993917,12.0,835.844930980608,7.612375550942147
4180,Shanghai SouthCh - Nagoya,SEA,PILOT_TO_PILOT,8,4180,41,9,10,Daio Sak,YoroiS,34.3582787870702,137.04553758459906,25.619236456993917,12.0,836.0453132624284,7.4119932691216945
4181,Shanghai SouthCh - Nagoya,SEA,PILOT_TO_PILOT,8,4181,42,9,10,Daio Sak,YoroiS,34.36128709722228,137.04728828882,25.619236456993917,12.0,836.2456955442489,7.211610987301242
4182,Shanghai SouthCh - Nagoya,SEA,PILOT_TO_PILOT,8,4182,43,9,10,Daio Sak,YoroiS,34.36429538244892,137.0490391187412,25.619236456993917,12.0,836.4460778260692,7.011228705480903
4183,Shanghai SouthCh - Nagoya,SEA,PILOT_TO_PILOT,8,4183,44,9,10,Daio Sak,YoroiS,34.367303642745526,137.05079007438488,25.619236456993917,12.0,836.6464601078897,6.8108464236604505
4184,Shanghai SouthCh - Nagoya,SEA,PILOT_TO_PILOT,8,4184,45,9,10,Daio Sak,YoroiS,34.3703118781075,137.05254115577316,25.619236456993917,12.0,836.8468423897101,6.610464141839998
4185,Shanghai SouthCh - Nagoya,SEA,PILOT_TO_PILOT,8,4185,46,9,10,Daio Sak,YoroiS,34.373320088530235,137.05429236292818,25.619236456993917,12.0,837.0472246715304,6.410081860019659
4186,Shanghai SouthCh - Nagoya,SEA,PILOT_TO_PILOT,8,4186,47,9,10,Daio Sak,YoroiS,34.37632827400913,137.05604369587212,25.619236456993917,12.0,837.2476069533509,6.209699578199206
4187,Shanghai SouthCh - Nagoya,SEA,PILOT_TO_PILOT,8,4187,48,9,10,Daio Sak,YoroiS,34.37933643453958,137.05779515462714,25.619236456993917,12.0,837.4479892351713,6.009317296378754
4188,Shanghai SouthCh - Nagoya,SEA,PILOT_TO_PILOT,8,4188,49,9,10,Daio Sak,YoroiS,34.382344570117,137.05954673921545,25.619236456993917,12.0,837.6483715169918,5.808935014558301
4189,Shanghai SouthCh - Nagoya,SEA,PILOT_TO_PILOT,8,4189,50,9,10,Daio Sak,YoroiS,34.38535268073675,137.06129844965915,25.619236456993917,12.0,837.8487537988121,5.608552732737962
4190,Shanghai SouthCh - Nagoya,SEA,PILOT_TO_PILOT,8,4190,51,9,10,Daio Sak,YoroiS,34.38836076639426,137.0630502859805,25.619236456993917,12.0,838.0491360806326,5.40817045091751
4191,Shanghai SouthCh - Nagoya,SEA,PILOT_TO_PILOT,8,4191,52,9,10,Daio Sak,YoroiS,34.391368827084904,137.0648022482016,25.619236456993917,12.0,838.249518362453,5.207788169097057
4192,Shanghai SouthCh - Nagoya,SEA,PILOT_TO_PILOT,8,4192,53,9,10,Daio Sak,YoroiS,34.39437686280409,137.06655433634472,25.619236456993917,12.0,838.4499006442735,5.0074058872766045
4193,Shanghai SouthCh - Nagoya,SEA,PILOT_TO_PILOT,8,4193,54,9,10,Daio Sak,YoroiS,34.39738487354719,137.06830655043197,25.619236456993917,12.0,838.6502829260938,4.807023605456266
4194,Shanghai SouthCh - Nagoya,SEA,PILOT_TO_PILOT,8,4194,55,9,10,Daio Sak,YoroiS,34.400392859309605,137.07005889048563,25.619236456993917,12.0,838.8506652079143,4.606641323635813
4195,Shanghai SouthCh - Nagoya,SEA,PILOT_TO_PILOT,8,4195,56,9,10,Daio Sak,YoroiS,34.40340082008674,137.0718113565278,25.619236456993917,12.0,839.0510474897347,4.40625904181536
4196,Shanghai SouthCh - Nagoya,SEA,PILOT_TO_PILOT,8,4196,57,9,10,Daio Sak,YoroiS,34.40640875587396,137.07356394858076,25.619236456993917,12.0,839.2514297715551,4.2058767599950215
4197,Shanghai SouthCh - Nagoya,SEA,PILOT_TO_PILOT,9,4197,0,10,11,YoroiS,IragoPlt,34.409416666666665,137.07531666666668,349.366226221718,12.0,839.4518120533755,4.005494478174569
4198,Shanghai SouthCh - Nagoya,SEA,PILOT_TO_PILOT,9,4198,1,10,11,YoroiS,IragoPlt,34.412695043090025,137.0745705563474,349.366226221718,12.0,839.6520867772842,3.8052197542658632
4199,Shanghai SouthCh - Nagoya,SEA,PILOT_TO_PILOT,9,4199,2,10,11,YoroiS,IragoPlt,34.41597341498307,137.07382438753538,349.366226221718,12.0,839.852361501193,3.6049450303571575
4200,Shanghai SouthCh - Nagoya,SEA,PILOT_TO_PILOT,9,4200,3,10,11,YoroiS,IragoPlt,34.41925178234488,137.07307816021898,349.366226221718,12.0,840.0526362251018,3.404670306448338
4201,Shanghai SouthCh - Nagoya,SEA,PILOT_TO_PILOT,9,4201,4,10,11,YoroiS,IragoPlt,34.422530145174555,137.0723318743865,349.366226221718,12.0,840.2529109490105,3.2043955825396324
4202,Shanghai SouthCh - Nagoya,SEA,PILOT_TO_PILOT,9,4202,5,10,11,YoroiS,IragoPlt,34.42580850347117,137.07158553002623,349.366226221718,12.0,840.4531856729192,3.0041208586309267
4203,Shanghai SouthCh - Nagoya,SEA,PILOT_TO_PILOT,9,4203,6,10,11,YoroiS,IragoPlt,34.42908685723381,137.07083912712653,349.366226221718,12.0,840.6534603968279,2.803846134722221
4204,Shanghai SouthCh - Nagoya,SEA,PILOT_TO_PILOT,9,4204,7,10,11,YoroiS,IragoPlt,34.43236520646158,137.07009266567567,349.366226221718,12.0,840.8537351207366,2.6035714108135153
4205,Shanghai SouthCh - Nagoya,SEA,PILOT_TO_PILOT,9,4205,8,10,11,YoroiS,IragoPlt,34.43564355115357,137.06934614566194,349.366226221718,12.0,841.0540098446453,2.4032966869048096
4206,Shanghai SouthCh - Nagoya,SEA,PILOT_TO_PILOT,9,4206,9,10,11,YoroiS,IragoPlt,34.43892189130884,137.06859956707368,349.366226221718,12.0,841.2542845685541,2.20302196299599
4207,Shanghai SouthCh - Nagoya,SEA,PILOT_TO_PILOT,9,4207,10,10,11,YoroiS,IragoPlt,34.442200226926495,137.06785292989912,349.366226221718,12.0,841.4545592924628,2.0027472390872845
4208,Shanghai SouthCh - Nagoya,SEA,PILOT_TO_PILOT,9,4208,11,10,11,YoroiS,IragoPlt,34.44547855800563,137.0671062341266,349.366226221718,12.0,841.6548340163715,1.8024725151785788
4209,Shanghai SouthCh - Nagoya,SEA,PILOT_TO_PILOT,9,4209,12,10,11,YoroiS,IragoPlt,34.44875688454532,137.06635947974445,349.366226221718,12.0,841.8551087402802,1.602197791269873
4210,Shanghai SouthCh - Nagoya,SEA,PILOT_TO_PILOT,9,4210,13,10,11,YoroiS,IragoPlt,34.452035206544664,137.0656126667409,349.366226221718,12.0,842.0553834641889,1.4019230673611673
4211,Shanghai SouthCh - Nagoya,SEA,PILOT_TO_PILOT,9,4211,14,10,11,YoroiS,IragoPlt,34.45531352400273,137.06486579510428,349.366226221718,12.0,842.2556581880976,1.2016483434524616
4212,Shanghai SouthCh - Nagoya,SEA,PILOT_TO_PILOT,9,4212,15,10,11,YoroiS,IragoPlt,34.45859183691862,137.0641188648228,349.366226221718,12.0,842.4559329120065,1.0013736195436422
4213,Shanghai SouthCh - Nagoya,SEA,PILOT_TO_PILOT,9,4213,16,10,11,YoroiS,IragoPlt,34.461870145291414,137.06337187588485,349.366226221718,12.0,842.6562076359152,0.8010988956349365
4214,Shanghai SouthCh - Nagoya,SEA,PILOT_TO_PILOT,9,4214,17,10,11,YoroiS,IragoPlt,34.46514844912019,137.06262482827867,349.366226221718,12.0,842.8564823598239,0.6008241717262308
4215,Shanghai SouthCh - Nagoya,SEA,PILOT_TO_PILOT,9,4215,18,10,11,YoroiS,IragoPlt,34.468426748404056,137.06187772199246,349.366226221718,12.0,843.0567570837326,0.4005494478175251
4216,Shanghai SouthCh - Nagoya,SEA,PILOT_TO_PILOT,9,4216,19,10,11,YoroiS,IragoPlt,34.47170504314207,137.06113055701462,349.366226221718,12.0,843.2570318076413,0.2002747239088194
4217,Shanghai SouthCh - Nagoya,SEA,PILOT_TO_PILOT,9,4217,20,10,11,YoroiS,IragoPlt,34.474983333333334,137.06038333333333,349.366226221718,12.0,843.4573065315501,0.0
