sim_index,route_name,route_type,phase,leg_index,minute_from_start,leg_minute,from_wpt,to_wpt,from_name,to_name,lat_deg,lon_deg,cog_deg,sog_knots,distance_from_start_nm,distance_to_go_nm
0,Suez OUT - Piraeus,SEA,PILOT_TO_PILOT,0,0,0,1,2,Suez38,Hm105W,31.32156666666666,32.373016666666665,357.3810322039933,8.0,0.0,603.9763121194644
1,Suez OUT - Piraeus,SEA,PILOT_TO_PILOT,0,1,1,1,2,Suez38,Hm105W,31.323675926321545,32.37290372395297,357.3810322039933,8.0,0.12677333194648743,603.8495387875179
2,Suez OUT - Piraeus,SEA,PILOT_TO_PILOT,0,2,2,1,2,Suez38,Hm105W,31.325785185877553,32.37279077617847,357.3810322039933,8.0,0.25354666389297487,603.7227654555714
3,Suez OUT - Piraeus,SEA,PILOT_TO_PILOT,0,3,3,1,2,Suez38,Hm105W,31.327894445334675,32.3726778233425,357.3810322039933,8.0,0.3803199958394623,603.5959921236249
4,Suez OUT - Piraeus,SEA,PILOT_TO_PILOT,0,4,4,1,2,Suez38,Hm105W,31.330003704692885,32.37256486544444,357.3810322039933,8.0,0.5070933277859497,603.4692187916785
5,Suez OUT - Piraeus,SEA,PILOT_TO_PILOT,0,5,5,1,2,Suez38,Hm105W,31.33211296395219,32.37245190248363,357.3810322039933,8.0,0.6338666597324372,603.342445459732
6,Suez OUT - Piraeus,SEA,PILOT_TO_PILOT,0,6,6,1,2,Suez38,Hm105W,31.334222223112565,32.37233893445943,357.3810322039933,8.0,0.7606399916789246,603.2156721277855
7,Suez OUT - Piraeus,SEA,PILOT_TO_PILOT,0,7,7,1,2,Suez38,Hm105W,31.336331482173996,32.37222596137119,357.3810322039933,8.0,0.887413323625412,603.088898795839
8,Suez OUT - Piraeus,SEA,PILOT_TO_PILOT,0,8,8,1,2,Suez38,Hm105W,31.338440741136484,32.37211298321826,357.3810322039933,8.0,1.0141866555718995,602.9621254638926
9,Suez OUT - Piraeus,SEA,PILOT_TO_PILOT,1,9,0,2,3,Hm105W,NAZ2,31.340550000000007,32.372,353.2013092075329,8.0,1.140959987518387,602.835352131946
10,Suez OUT - Piraeus,SEA,PILOT_TO_PILOT,1,10,1,2,3,Hm105W,NAZ2,31.34276765933689,32.37169043723889,353.2013092075329,8.0,1.2750521980279763,602.7012599214364
11,Suez OUT - Piraeus,SEA,PILOT_TO_PILOT,1,11,2,2,3,Hm105W,NAZ2,31.344985317930703,32.371380859882876,353.2013092075329,8.0,1.409144408537566,602.5671677109268
12,Suez OUT - Piraeus,SEA,PILOT_TO_PILOT,1,12,3,2,3,Hm105W,NAZ2,31.347202975781368,32.37107126792999,353.2013092075329,8.0,1.5432366190471554,602.4330755004172
13,Suez OUT - Piraeus,SEA,PILOT_TO_PILOT,1,13,4,2,3,Hm105W,NAZ2,31.349420632888766,32.370761661378296,353.2013092075329,8.0,1.6773288295567448,602.2989832899077
14,Suez OUT - Piraeus,SEA,PILOT_TO_PILOT,1,14,5,2,3,Hm105W,NAZ2,31.351638289252815,32.37045204022582,353.2013092075329,8.0,1.8114210400663344,602.1648910793981
15,Suez OUT - Piraeus,SEA,PILOT_TO_PILOT,1,15,6,2,3,Hm105W,NAZ2,31.353855944873402,32.370142404470606,353.2013092075329,8.0,1.9455132505759238,602.0307988688885
16,Suez OUT - Piraeus,SEA,PILOT_TO_PILOT,1,16,7,2,3,Hm105W,NAZ2,31.35607359975043,32.3698327541107,353.2013092075329,8.0,2.0796054610855133,601.8967066583789
17,Suez OUT - Piraeus,SEA,PILOT_TO_PILOT,1,17,8,2,3,Hm105W,NAZ2,31.358291253883802,32.36952308914416,353.2013092075329,8.0,2.213697671595103,601.7626144478693
18,Suez OUT - Piraeus,SEA,PILOT_TO_PILOT,1,18,9,2,3,Hm105W,NAZ2,31.360508907273406,32.369213409569014,353.2013092075329,8.0,2.347789882104692,601.6285222373597
19,Suez OUT - Piraeus,SEA,PILOT_TO_PILOT,1,19,10,2,3,Hm105W,NAZ2,31.362726559919164,32.36890371538331,353.2013092075329,8.0,2.481882092614282,601.4944300268502
20,Suez OUT - Piraeus,SEA,PILOT_TO_PILOT,1,20,11,2,3,Hm105W,NAZ2,31.364944211820962,32.3685940065851,353.2013092075329,8.0,2.6159743031238714,601.3603378163406
21,Suez OUT - Piraeus,SEA,PILOT_TO_PILOT,1,21,12,2,3,Hm105W,NAZ2,31.367161862978698,32.36828428317241,353.2013092075329,8.0,2.7500665136334606,601.226245605831
22,Suez OUT - Piraeus,SEA,PILOT_TO_PILOT,1,22,13,2,3,Hm105W,NAZ2,31.369379513392282,32.36797454514329,353.2013092075329,8.0,2.8841587241430506,601.0921533953214
23,Suez OUT - Piraeus,SEA,PILOT_TO_PILOT,1,23,14,2,3,Hm105W,NAZ2,31.371597163061605,32.36766479249578,353.2013092075329,8.0,3.01825093465264,600.9580611848118
24,Suez OUT - Piraeus,SEA,PILOT_TO_PILOT,1,24,15,2,3,Hm105W,NAZ2,31.373814811986566,32.36735502522793,353.2013092075329,8.0,3.152343145162229,600.8239689743021
25,Suez OUT - Piraeus,SEA,PILOT_TO_PILOT,1,25,16,2,3,Hm105W,NAZ2,31.376032460167078,32.36704524333777,353.2013092075329,8.0,3.286435355671819,600.6898767637925
26,Suez OUT - Piraeus,SEA,PILOT_TO_PILOT,1,26,17,2,3,Hm105W,NAZ2,31.378250107603026,32.36673544682335,353.2013092075329,8.0,3.4205275661814083,600.555784553283
27,Suez OUT - Piraeus,SEA,PILOT_TO_PILOT,1,27,18,2,3,Hm105W,NAZ2,31.380467754294322,32.36642563568271,353.2013092075329,8.0,3.5546197766909975,600.4216923427734
28,Suez OUT - Piraeus,SEA,PILOT_TO_PILOT,1,28,19,2,3,Hm105W,NAZ2,31.382685400240856,32.36611580991388,353.2013092075329,8.0,3.6887119872005876,600.2876001322638
29,Suez OUT - Piraeus,SEA,PILOT_TO_PILOT,1,29,20,2,3,Hm105W,NAZ2,31.384903045442535,32.365805969514916,353.2013092075329,8.0,3.8228041977101768,600.1535079217542
30,Suez OUT - Piraeus,SEA,PILOT_TO_PILOT,1,30,21,2,3,Hm105W,NAZ2,31.387120689899263,32.365496114483854,353.2013092075329,8.0,3.956896408219766,600.0194157112446
31,Suez OUT - Piraeus,SEA,PILOT_TO_PILOT,1,31,22,2,3,Hm105W,NAZ2,31.389338333610937,32.36518624481872,353.2013092075329,8.0,4.090988618729356,599.885323500735
32,Suez OUT - Piraeus,SEA,PILOT_TO_PILOT,1,32,23,2,3,Hm105W,NAZ2,31.391555976577436,32.36487636051758,353.2013092075329,8.0,4.225080829238945,599.7512312902255
33,Suez OUT - Piraeus,SEA,PILOT_TO_PILOT,1,33,24,2,3,Hm105W,NAZ2,31.393773618798683,32.364566461578455,353.2013092075329,8.0,4.359173039748534,599.6171390797159
34,Suez OUT - Piraeus,SEA,PILOT_TO_PILOT,1,34,25,2,3,Hm105W,NAZ2,31.39599126027458,32.36425654799938,353.2013092075329,8.0,4.4932652502581245,599.4830468692063
35,Suez OUT - Piraeus,SEA,PILOT_TO_PILOT,1,35,26,2,3,Hm105W,NAZ2,31.39820890100501,32.3639466197784,353.2013092075329,8.0,4.627357460767714,599.3489546586967
36,Suez OUT - Piraeus,SEA,PILOT_TO_PILOT,1,36,27,2,3,Hm105W,NAZ2,31.400426540989894,32.36363667691357,353.2013092075329,8.0,4.761449671277304,599.2148624481871
37,Suez OUT - Piraeus,SEA,PILOT_TO_PILOT,1,37,28,2,3,Hm105W,NAZ2,31.40264418022911,32.3633267194029,353.2013092075329,8.0,4.895541881786893,599.0807702376775
38,Suez OUT - Piraeus,SEA,PILOT_TO_PILOT,1,38,29,2,3,Hm105W,NAZ2,31.404861818722576,32.36301674724445,353.2013092075329,8.0,5.029634092296482,598.9466780271679
39,Suez OUT - Piraeus,SEA,PILOT_TO_PILOT,1,39,30,2,3,Hm105W,NAZ2,31.407079456470175,32.36270676043624,353.2013092075329,8.0,5.163726302806071,598.8125858166584
40,Suez OUT - Piraeus,SEA,PILOT_TO_PILOT,1,40,31,2,3,Hm105W,NAZ2,31.40929709347182,32.36239675897633,353.2013092075329,8.0,5.2978185133156614,598.6784936061488
41,Suez OUT - Piraeus,SEA,PILOT_TO_PILOT,1,41,32,2,3,Hm105W,NAZ2,31.411514729727408,32.36208674286273,353.2013092075329,8.0,5.431910723825251,598.5444013956392
42,Suez OUT - Piraeus,SEA,PILOT_TO_PILOT,1,42,33,2,3,Hm105W,NAZ2,31.413732365236832,32.3617767120935,353.2013092075329,8.0,5.56600293433484,598.4103091851296
43,Suez OUT - Piraeus,SEA,PILOT_TO_PILOT,2,43,0,3,4,NAZ2,NAZ1,31.415950000000002,32.361466666666665,298.4466623426567,8.0,5.70009514484443,598.27621697462
44,Suez OUT - Piraeus,SEA,PILOT_TO_PILOT,2,44,1,3,4,NAZ2,NAZ1,31.416993082368922,32.35921047275293,298.4466623426567,8.0,5.83157322754512,598.1447388919192
45,Suez OUT - Piraeus,SEA,PILOT_TO_PILOT,2,45,2,3,4,NAZ2,NAZ1,31.41803612521507,32.356954228662154,298.4466623426567,8.0,5.9630513102458105,598.0132608092187
46,Suez OUT - Piraeus,SEA,PILOT_TO_PILOT,2,46,3,3,4,NAZ2,NAZ1,31.41907912853597,32.35469793439309,298.4466623426567,8.0,6.094529392946501,597.8817827265179
47,Suez OUT - Piraeus,SEA,PILOT_TO_PILOT,2,47,4,3,4,NAZ2,NAZ1,31.420122092329116,32.352441589944455,298.4466623426567,8.0,6.22600747564719,597.7503046438172
48,Suez OUT - Piraeus,SEA,PILOT_TO_PILOT,2,48,5,3,4,NAZ2,NAZ1,31.421165016592,32.35018519531498,298.4466623426567,8.0,6.35748555834788,597.6188265611165
49,Suez OUT - Piraeus,SEA,PILOT_TO_PILOT,2,49,6,3,4,NAZ2,NAZ1,31.42220790132213,32.3479287505034,298.4466623426567,8.0,6.488963641048571,597.4873484784158
50,Suez OUT - Piraeus,SEA,PILOT_TO_PILOT,2,50,7,3,4,NAZ2,NAZ1,31.423250746517027,32.345672255508454,298.4466623426567,8.0,6.620441723749261,597.3558703957151
51,Suez OUT - Piraeus,SEA,PILOT_TO_PILOT,2,51,8,3,4,NAZ2,NAZ1,31.424293552174174,32.343415710328884,298.4466623426567,8.0,6.751919806449951,597.2243923130145
52,Suez OUT - Piraeus,SEA,PILOT_TO_PILOT,2,52,9,3,4,NAZ2,NAZ1,31.425336318291087,32.3411591149634,298.4466623426567,8.0,6.8833978891506415,597.0929142303138
53,Suez OUT - Piraeus,SEA,PILOT_TO_PILOT,2,53,10,3,4,NAZ2,NAZ1,31.426379044865268,32.338902469410755,298.4466623426567,8.0,7.014875971851332,596.9614361476131
54,Suez OUT - Piraeus,SEA,PILOT_TO_PILOT,2,54,11,3,4,NAZ2,NAZ1,31.427421731894203,32.33664577366968,298.4466623426567,8.0,7.146354054552022,596.8299580649124
55,Suez OUT - Piraeus,SEA,PILOT_TO_PILOT,2,55,12,3,4,NAZ2,NAZ1,31.428464379375416,32.334389027738894,298.4466623426567,8.0,7.277832137252712,596.6984799822117
56,Suez OUT - Piraeus,SEA,PILOT_TO_PILOT,2,56,13,3,4,NAZ2,NAZ1,31.429506987306397,32.332132231617145,298.4466623426567,8.0,7.409310219953403,596.567001899511
57,Suez OUT - Piraeus,SEA,PILOT_TO_PILOT,2,57,14,3,4,NAZ2,NAZ1,31.430549555684664,32.329875385303176,298.4466623426567,8.0,7.540788302654092,596.4355238168104
58,Suez OUT - Piraeus,SEA,PILOT_TO_PILOT,2,58,15,3,4,NAZ2,NAZ1,31.431592084507702,32.32761848879571,298.4466623426567,8.0,7.672266385354782,596.3040457341096
59,Suez OUT - Piraeus,SEA,PILOT_TO_PILOT,2,59,16,3,4,NAZ2,NAZ1,31.43263457377302,32.325361542093475,298.4466623426567,8.0,7.803744468055473,596.1725676514089
60,Suez OUT - Piraeus,SEA,PILOT_TO_PILOT,2,60,17,3,4,NAZ2,NAZ1,31.433677023478126,32.32310454519522,298.4466623426567,8.0,7.935222550756163,596.0410895687082
61,Suez OUT - Piraeus,SEA,PILOT_TO_PILOT,2,61,18,3,4,NAZ2,NAZ1,31.434719433620515,32.32084749809969,298.4466623426567,8.0,8.066700633456854,595.9096114860075
62,Suez OUT - Piraeus,SEA,PILOT_TO_PILOT,2,62,19,3,4,NAZ2,NAZ1,31.43576180419769,32.3185904008056,298.4466623426567,8.0,8.198178716157543,595.7781334033068
63,Suez OUT - Piraeus,SEA,PILOT_TO_PILOT,2,63,20,3,4,NAZ2,NAZ1,31.43680413520716,32.3163332533117,298.4466623426567,8.0,8.329656798858233,595.6466553206062
64,Suez OUT - Piraeus,SEA,PILOT_TO_PILOT,2,64,21,3,4,NAZ2,NAZ1,31.437846426646423,32.314076055616724,298.4466623426567,8.0,8.461134881558923,595.5151772379055
65,Suez OUT - Piraeus,SEA,PILOT_TO_PILOT,2,65,22,3,4,NAZ2,NAZ1,31.43888867851298,32.3118188077194,298.4466623426567,8.0,8.592612964259613,595.3836991552048
66,Suez OUT - Piraeus,SEA,PILOT_TO_PILOT,2,66,23,3,4,NAZ2,NAZ1,31.43993089080433,32.30956150961848,298.4466623426567,8.0,8.724091046960304,595.2522210725041
67,Suez OUT - Piraeus,SEA,PILOT_TO_PILOT,2,67,24,3,4,NAZ2,NAZ1,31.440973063517987,32.3073041613127,298.4466623426567,8.0,8.855569129660994,595.1207429898034
68,Suez OUT - Piraeus,SEA,PILOT_TO_PILOT,2,68,25,3,4,NAZ2,NAZ1,31.442015196651443,32.30504676280079,298.4466623426567,8.0,8.987047212361684,594.9892649071028
69,Suez OUT - Piraeus,SEA,PILOT_TO_PILOT,2,69,26,3,4,NAZ2,NAZ1,31.443057290202205,32.302789314081494,298.4466623426567,8.0,9.118525295062375,594.8577868244021
70,Suez OUT - Piraeus,SEA,PILOT_TO_PILOT,2,70,27,3,4,NAZ2,NAZ1,31.444099344167775,32.300531815153555,298.4466623426567,8.0,9.250003377763065,594.7263087417014
71,Suez OUT - Piraeus,SEA,PILOT_TO_PILOT,2,71,28,3,4,NAZ2,NAZ1,31.445141358545648,32.298274266015696,298.4466623426567,8.0,9.381481460463755,594.5948306590006
72,Suez OUT - Piraeus,SEA,PILOT_TO_PILOT,3,72,0,4,5,NAZ1,SaidTssS,31.446183333333327,32.29601666666667,327.4740831344064,8.0,9.512959543164445,594.4633525762999
73,Suez OUT - Piraeus,SEA,PILOT_TO_PILOT,3,73,1,4,5,NAZ1,SaidTssS,31.44803703276644,32.294631012321474,327.4740831344064,8.0,9.644961714612016,594.3313504048524
74,Suez OUT - Piraeus,SEA,PILOT_TO_PILOT,3,74,2,4,5,NAZ1,SaidTssS,31.449890717283527,32.29324530314313,327.4740831344064,8.0,9.776963886059587,594.1993482334049
75,Suez OUT - Piraeus,SEA,PILOT_TO_PILOT,3,75,3,4,5,NAZ1,SaidTssS,31.451744386882922,32.29185953912591,327.4740831344064,8.0,9.908966057507158,594.0673460619572
76,Suez OUT - Piraeus,SEA,PILOT_TO_PILOT,3,76,4,4,5,NAZ1,SaidTssS,31.453598041562948,32.290473720264096,327.4740831344064,8.0,10.040968228954728,593.9353438905097
77,Suez OUT - Piraeus,SEA,PILOT_TO_PILOT,3,77,5,4,5,NAZ1,SaidTssS,31.45545168132192,32.289087846552,327.4740831344064,8.0,10.1729704004023,593.8033417190621
78,Suez OUT - Piraeus,SEA,PILOT_TO_PILOT,3,78,6,4,5,NAZ1,SaidTssS,31.45730530615818,32.287701917983874,327.4740831344064,8.0,10.30497257184987,593.6713395476146
79,Suez OUT - Piraeus,SEA,PILOT_TO_PILOT,3,79,7,4,5,NAZ1,SaidTssS,31.459158916070038,32.28631593455402,327.4740831344064,8.0,10.43697474329744,593.5393373761669
80,Suez OUT - Piraeus,SEA,PILOT_TO_PILOT,3,80,8,4,5,NAZ1,SaidTssS,31.46101251105583,32.28492989625672,327.4740831344064,8.0,10.568976914745011,593.4073352047194
81,Suez OUT - Piraeus,SEA,PILOT_TO_PILOT,3,81,9,4,5,NAZ1,SaidTssS,31.46286609111387,32.28354380308625,327.4740831344064,8.0,10.700979086192582,593.2753330332719
82,Suez OUT - Piraeus,SEA,PILOT_TO_PILOT,3,82,10,4,5,NAZ1,SaidTssS,31.464719656242497,32.2821576550369,327.4740831344064,8.0,10.832981257640153,593.1433308618242
83,Suez OUT - Piraeus,SEA,PILOT_TO_PILOT,3,83,11,4,5,NAZ1,SaidTssS,31.46657320644002,32.28077145210293,327.4740831344064,8.0,10.964983429087724,593.0113286903767
84,Suez OUT - Piraeus,SEA,PILOT_TO_PILOT,3,84,12,4,5,NAZ1,SaidTssS,31.468426741704764,32.279385194278646,327.4740831344064,8.0,11.096985600535294,592.8793265189291
85,Suez OUT - Piraeus,SEA,PILOT_TO_PILOT,3,85,13,4,5,NAZ1,SaidTssS,31.470280262035065,32.27799888155832,327.4740831344064,8.0,11.228987771982865,592.7473243474816
86,Suez OUT - Piraeus,SEA,PILOT_TO_PILOT,3,86,14,4,5,NAZ1,SaidTssS,31.472133767429234,32.27661251393622,327.4740831344064,8.0,11.360989943430436,592.6153221760339
87,Suez OUT - Piraeus,SEA,PILOT_TO_PILOT,3,87,15,4,5,NAZ1,SaidTssS,31.473987257885604,32.275226091406644,327.4740831344064,8.0,11.492992114878007,592.4833200045864
88,Suez OUT - Piraeus,SEA,PILOT_TO_PILOT,3,88,16,4,5,NAZ1,SaidTssS,31.475840733402485,32.27383961396386,327.4740831344064,8.0,11.624994286325578,592.3513178331389
89,Suez OUT - Piraeus,SEA,PILOT_TO_PILOT,3,89,17,4,5,NAZ1,SaidTssS,31.477694193978213,32.272453081602144,327.4740831344064,8.0,11.756996457773148,592.2193156616912
90,Suez OUT - Piraeus,SEA,PILOT_TO_PILOT,3,90,18,4,5,NAZ1,SaidTssS,31.47954763961111,32.27106649431578,327.4740831344064,8.0,11.888998629220719,592.0873134902437
91,Suez OUT - Piraeus,SEA,PILOT_TO_PILOT,3,91,19,4,5,NAZ1,SaidTssS,31.481401070299476,32.269679852099046,327.4740831344064,8.0,12.02100080066829,591.9553113187961
92,Suez OUT - Piraeus,SEA,PILOT_TO_PILOT,3,92,20,4,5,NAZ1,SaidTssS,31.483254486041666,32.26829315494621,327.4740831344064,8.0,12.15300297211586,591.8233091473486
93,Suez OUT - Piraeus,SEA,PILOT_TO_PILOT,3,93,21,4,5,NAZ1,SaidTssS,31.485107886835987,32.26690640285156,327.4740831344064,8.0,12.285005143563431,591.6913069759009
94,Suez OUT - Piraeus,SEA,PILOT_TO_PILOT,3,94,22,4,5,NAZ1,SaidTssS,31.48696127268076,32.26551959580936,327.4740831344064,8.0,12.417007315011002,591.5593048044534
95,Suez OUT - Piraeus,SEA,PILOT_TO_PILOT,3,95,23,4,5,NAZ1,SaidTssS,31.48881464357431,32.26413273381388,327.4740831344064,8.0,12.549009486458573,591.4273026330059
96,Suez OUT - Piraeus,SEA,PILOT_TO_PILOT,3,96,24,4,5,NAZ1,SaidTssS,31.490667999514947,32.262745816859415,327.4740831344064,8.0,12.681011657906144,591.2953004615582
97,Suez OUT - Piraeus,SEA,PILOT_TO_PILOT,3,97,25,4,5,NAZ1,SaidTssS,31.49252134050101,32.261358844940226,327.4740831344064,8.0,12.813013829353714,591.1632982901107
98,Suez OUT - Piraeus,SEA,PILOT_TO_PILOT,3,98,26,4,5,NAZ1,SaidTssS,31.49437466653081,32.259971818050595,327.4740831344064,8.0,12.945016000801285,591.0312961186631
99,Suez OUT - Piraeus,SEA,PILOT_TO_PILOT,3,99,27,4,5,NAZ1,SaidTssS,31.49622797760267,32.25858473618478,327.4740831344064,8.0,13.077018172248856,590.8992939472156
100,Suez OUT - Piraeus,SEA,PILOT_TO_PILOT,3,100,28,4,5,NAZ1,SaidTssS,31.498081273714924,32.25719759933707,327.4740831344064,8.0,13.209020343696427,590.767291775768
101,Suez OUT - Piraeus,SEA,PILOT_TO_PILOT,3,101,29,4,5,NAZ1,SaidTssS,31.499934554865867,32.25581040750173,327.4740831344064,8.0,13.341022515143997,590.6352896043204
102,Suez OUT - Piraeus,SEA,PILOT_TO_PILOT,3,102,30,4,5,NAZ1,SaidTssS,31.501787821053842,32.254423160673014,327.4740831344064,8.0,13.473024686591568,590.5032874328729
103,Suez OUT - Piraeus,SEA,PILOT_TO_PILOT,3,103,31,4,5,NAZ1,SaidTssS,31.50364107227715,32.25303585884522,327.4740831344064,8.0,13.605026858039139,590.3712852614253
104,Suez OUT - Piraeus,SEA,PILOT_TO_PILOT,3,104,32,4,5,NAZ1,SaidTssS,31.50549430853412,32.2516485020126,327.4740831344064,8.0,13.73702902948671,590.2392830899777
105,Suez OUT - Piraeus,SEA,PILOT_TO_PILOT,3,105,33,4,5,NAZ1,SaidTssS,31.507347529823083,32.250261090169445,327.4740831344064,8.0,13.86903120093428,590.1072809185301
106,Suez OUT - Piraeus,SEA,PILOT_TO_PILOT,3,106,34,4,5,NAZ1,SaidTssS,31.509200736142343,32.24887362331,327.4740831344064,8.0,14.001033372381851,589.9752787470826
107,Suez OUT - Piraeus,SEA,PILOT_TO_PILOT,3,107,35,4,5,NAZ1,SaidTssS,31.51105392749023,32.24748610142855,327.4740831344064,8.0,14.133035543829422,589.843276575635
108,Suez OUT - Piraeus,SEA,PILOT_TO_PILOT,3,108,36,4,5,NAZ1,SaidTssS,31.512907103865057,32.246098524519354,327.4740831344064,8.0,14.265037715276993,589.7112744041874
109,Suez OUT - Piraeus,SEA,PILOT_TO_PILOT,3,109,37,4,5,NAZ1,SaidTssS,31.514760265265142,32.244710892576684,327.4740831344064,8.0,14.397039886724563,589.5792722327399
110,Suez OUT - Piraeus,SEA,PILOT_TO_PILOT,3,110,38,4,5,NAZ1,SaidTssS,31.516613411688812,32.24332320559481,327.4740831344064,8.0,14.529042058172134,589.4472700612923
111,Suez OUT - Piraeus,SEA,PILOT_TO_PILOT,3,111,39,4,5,NAZ1,SaidTssS,31.51846654313438,32.24193546356799,327.4740831344064,8.0,14.661044229619705,589.3152678898447
112,Suez OUT - Piraeus,SEA,PILOT_TO_PILOT,3,112,40,4,5,NAZ1,SaidTssS,31.520319659600165,32.24054766649051,327.4740831344064,8.0,14.793046401067276,589.1832657183971
113,Suez OUT - Piraeus,SEA,PILOT_TO_PILOT,3,113,41,4,5,NAZ1,SaidTssS,31.52217276108449,32.2391598143566,327.4740831344064,8.0,14.925048572514847,589.0512635469496
114,Suez OUT - Piraeus,SEA,PILOT_TO_PILOT,3,114,42,4,5,NAZ1,SaidTssS,31.524025847585666,32.23777190716056,327.4740831344064,8.0,15.057050743962417,588.919261375502
115,Suez OUT - Piraeus,SEA,PILOT_TO_PILOT,3,115,43,4,5,NAZ1,SaidTssS,31.52587891910202,32.23638394489664,327.4740831344064,8.0,15.189052915409988,588.7872592040544
116,Suez OUT - Piraeus,SEA,PILOT_TO_PILOT,3,116,44,4,5,NAZ1,SaidTssS,31.527731975631855,32.23499592755909,327.4740831344064,8.0,15.321055086857559,588.6552570326069
117,Suez OUT - Piraeus,SEA,PILOT_TO_PILOT,3,117,45,4,5,NAZ1,SaidTssS,31.529585017173506,32.2336078551422,327.4740831344064,8.0,15.45305725830513,588.5232548611593
118,Suez OUT - Piraeus,SEA,PILOT_TO_PILOT,3,118,46,4,5,NAZ1,SaidTssS,31.531438043725284,32.23221972764023,327.4740831344064,8.0,15.5850594297527,588.3912526897117
119,Suez OUT - Piraeus,SEA,PILOT_TO_PILOT,3,119,47,4,5,NAZ1,SaidTssS,31.53329105528551,32.23083154504742,327.4740831344064,8.0,15.717061601200271,588.2592505182641
120,Suez OUT - Piraeus,SEA,PILOT_TO_PILOT,3,120,48,4,5,NAZ1,SaidTssS,31.53514405185248,32.22944330735805,327.4740831344064,8.0,15.849063772647844,588.1272483468166
121,Suez OUT - Piraeus,SEA,PILOT_TO_PILOT,3,121,49,4,5,NAZ1,SaidTssS,31.536997033424544,32.22805501456638,327.4740831344064,8.0,15.981065944095414,587.995246175369
122,Suez OUT - Piraeus,SEA,PILOT_TO_PILOT,4,122,0,5,6,SaidTssS,SaidTssN,31.53885,32.22666666666667,315.8780092046553,8.0,16.113068115542987,587.8632440039214
123,Suez OUT - Piraeus,SEA,PILOT_TO_PILOT,4,123,1,5,6,SaidTssS,SaidTssN,31.540438339431383,32.22485925735388,315.8780092046553,8.0,16.245915052498063,587.7303970669664
124,Suez OUT - Piraeus,SEA,PILOT_TO_PILOT,4,124,2,5,6,SaidTssS,SaidTssN,31.54202665344323,32.22305178653498,315.8780092046553,8.0,16.378761989453142,587.5975501300113
125,Suez OUT - Piraeus,SEA,PILOT_TO_PILOT,4,125,3,5,6,SaidTssS,SaidTssN,31.54361494203306,32.221244254205054,315.8780092046553,8.0,16.51160892640822,587.4647031930562
126,Suez OUT - Piraeus,SEA,PILOT_TO_PILOT,4,126,4,5,6,SaidTssS,SaidTssN,31.545203205198458,32.21943666035915,315.8780092046553,8.0,16.644455863363294,587.3318562561011
127,Suez OUT - Piraeus,SEA,PILOT_TO_PILOT,4,127,5,5,6,SaidTssS,SaidTssN,31.546791442936975,32.21762900499236,315.8780092046553,8.0,16.77730280031837,587.1990093191461
128,Suez OUT - Piraeus,SEA,PILOT_TO_PILOT,4,128,6,5,6,SaidTssS,SaidTssN,31.548379655246144,32.21582128809972,315.8780092046553,8.0,16.91014973727345,587.066162382191
129,Suez OUT - Piraeus,SEA,PILOT_TO_PILOT,4,129,7,5,6,SaidTssS,SaidTssN,31.549967842123543,32.214013509676306,315.8780092046553,8.0,17.042996674228526,586.9333154452358
130,Suez OUT - Piraeus,SEA,PILOT_TO_PILOT,4,130,8,5,6,SaidTssS,SaidTssN,31.5515560035667,32.2122056697172,315.8780092046553,8.0,17.175843611183602,586.8004685082808
131,Suez OUT - Piraeus,SEA,PILOT_TO_PILOT,4,131,9,5,6,SaidTssS,SaidTssN,31.553144139573188,32.21039776821745,315.8780092046553,8.0,17.308690548138678,586.6676215713258
132,Suez OUT - Piraeus,SEA,PILOT_TO_PILOT,4,132,10,5,6,SaidTssS,SaidTssN,31.554732250140557,32.20858980517212,315.8780092046553,8.0,17.441537485093757,586.5347746343707
133,Suez OUT - Piraeus,SEA,PILOT_TO_PILOT,4,133,11,5,6,SaidTssS,SaidTssN,31.556320335266346,32.206781780576286,315.8780092046553,8.0,17.574384422048833,586.4019276974155
134,Suez OUT - Piraeus,SEA,PILOT_TO_PILOT,4,134,12,5,6,SaidTssS,SaidTssN,31.557908394948118,32.20497369442501,315.8780092046553,8.0,17.70723135900391,586.2690807604605
135,Suez OUT - Piraeus,SEA,PILOT_TO_PILOT,4,135,13,5,6,SaidTssS,SaidTssN,31.559496429183433,32.20316554671334,315.8780092046553,8.0,17.84007829595899,586.1362338235054
136,Suez OUT - Piraeus,SEA,PILOT_TO_PILOT,4,136,14,5,6,SaidTssS,SaidTssN,31.56108443796983,32.20135733743637,315.8780092046553,8.0,17.972925232914065,586.0033868865503
137,Suez OUT - Piraeus,SEA,PILOT_TO_PILOT,4,137,15,5,6,SaidTssS,SaidTssN,31.562672421304867,32.19954906658916,315.8780092046553,8.0,18.10577216986914,585.8705399495952
138,Suez OUT - Piraeus,SEA,PILOT_TO_PILOT,4,138,16,5,6,SaidTssS,SaidTssN,31.564260379186102,32.19774073416674,315.8780092046553,8.0,18.238619106824217,585.7376930126402
139,Suez OUT - Piraeus,SEA,PILOT_TO_PILOT,4,139,17,5,6,SaidTssS,SaidTssN,31.56584831161107,32.195932340164205,315.8780092046553,8.0,18.371466043779296,585.6048460756851
140,Suez OUT - Piraeus,SEA,PILOT_TO_PILOT,4,140,18,5,6,SaidTssS,SaidTssN,31.567436218577328,32.19412388457661,315.8780092046553,8.0,18.504312980734372,585.47199913873
141,Suez OUT - Piraeus,SEA,PILOT_TO_PILOT,4,141,19,5,6,SaidTssS,SaidTssN,31.56902410008244,32.192315367399026,315.8780092046553,8.0,18.63715991768945,585.3391522017749
142,Suez OUT - Piraeus,SEA,PILOT_TO_PILOT,4,142,20,5,6,SaidTssS,SaidTssN,31.570611956123933,32.1905067886265,315.8780092046553,8.0,18.770006854644528,585.2063052648199
143,Suez OUT - Piraeus,SEA,PILOT_TO_PILOT,4,143,21,5,6,SaidTssS,SaidTssN,31.572199786699386,32.188698148254105,315.8780092046553,8.0,18.902853791599604,585.0734583278648
144,Suez OUT - Piraeus,SEA,PILOT_TO_PILOT,4,144,22,5,6,SaidTssS,SaidTssN,31.57378759180632,32.1868894462769,315.8780092046553,8.0,19.03570072855468,584.9406113909097
145,Suez OUT - Piraeus,SEA,PILOT_TO_PILOT,4,145,23,5,6,SaidTssS,SaidTssN,31.57537537144231,32.18508068268996,315.8780092046553,8.0,19.168547665509756,584.8077644539546
146,Suez OUT - Piraeus,SEA,PILOT_TO_PILOT,4,146,24,5,6,SaidTssS,SaidTssN,31.576963125604884,32.18327185748832,315.8780092046553,8.0,19.301394602464836,584.6749175169996
147,Suez OUT - Piraeus,SEA,PILOT_TO_PILOT,4,147,25,5,6,SaidTssS,SaidTssN,31.578550854291617,32.18146297066708,315.8780092046553,8.0,19.43424153941991,584.5420705800445
148,Suez OUT - Piraeus,SEA,PILOT_TO_PILOT,4,148,26,5,6,SaidTssS,SaidTssN,31.580138557500035,32.179654022221264,315.8780092046553,8.0,19.567088476374987,584.4092236430894
149,Suez OUT - Piraeus,SEA,PILOT_TO_PILOT,4,149,27,5,6,SaidTssS,SaidTssN,31.5817262352277,32.17784501214596,315.8780092046553,8.0,19.699935413330067,584.2763767061343
150,Suez OUT - Piraeus,SEA,PILOT_TO_PILOT,4,150,28,5,6,SaidTssS,SaidTssN,31.583313887472162,32.17603594043622,315.8780092046553,8.0,19.832782350285143,584.1435297691793
151,Suez OUT - Piraeus,SEA,PILOT_TO_PILOT,4,151,29,5,6,SaidTssS,SaidTssN,31.58490151423096,32.1742268070871,315.8780092046553,8.0,19.96562928724022,584.0106828322242
152,Suez OUT - Piraeus,SEA,PILOT_TO_PILOT,4,152,30,5,6,SaidTssS,SaidTssN,31.58648911550165,32.17241761209366,315.8780092046553,8.0,20.098476224195295,583.8778358952691
153,Suez OUT - Piraeus,SEA,PILOT_TO_PILOT,4,153,31,5,6,SaidTssS,SaidTssN,31.58807669128178,32.17060835545098,315.8780092046553,8.0,20.231323161150375,583.744988958314
154,Suez OUT - Piraeus,SEA,PILOT_TO_PILOT,4,154,32,5,6,SaidTssS,SaidTssN,31.589664241568904,32.16879903715411,315.8780092046553,8.0,20.36417009810545,583.612142021359
155,Suez OUT - Piraeus,SEA,PILOT_TO_PILOT,4,155,33,5,6,SaidTssS,SaidTssN,31.591251766360564,32.1669896571981,315.8780092046553,8.0,20.497017035060527,583.4792950844039
156,Suez OUT - Piraeus,SEA,PILOT_TO_PILOT,4,156,34,5,6,SaidTssS,SaidTssN,31.592839265654302,32.16518021557801,315.8780092046553,8.0,20.629863972015606,583.3464481474488
157,Suez OUT - Piraeus,SEA,PILOT_TO_PILOT,4,157,35,5,6,SaidTssS,SaidTssN,31.59442673944767,32.16337071228892,315.8780092046553,8.0,20.762710908970682,583.2136012104937
158,Suez OUT - Piraeus,SEA,PILOT_TO_PILOT,4,158,36,5,6,SaidTssS,SaidTssN,31.596014187738223,32.161561147325884,315.8780092046553,8.0,20.895557845925758,583.0807542735387
159,Suez OUT - Piraeus,SEA,PILOT_TO_PILOT,4,159,37,5,6,SaidTssS,SaidTssN,31.5976016105235,32.15975152068394,315.8780092046553,8.0,21.028404782880834,582.9479073365836
160,Suez OUT - Piraeus,SEA,PILOT_TO_PILOT,4,160,38,5,6,SaidTssS,SaidTssN,31.599189007801048,32.15794183235817,315.8780092046553,8.0,21.161251719835914,582.8150603996285
161,Suez OUT - Piraeus,SEA,PILOT_TO_PILOT,4,161,39,5,6,SaidTssS,SaidTssN,31.600776379568423,32.156132082343625,315.8780092046553,8.0,21.29409865679099,582.6822134626734
162,Suez OUT - Piraeus,SEA,PILOT_TO_PILOT,4,162,40,5,6,SaidTssS,SaidTssN,31.60236372582316,32.15432227063536,315.8780092046553,8.0,21.426945593746066,582.5493665257184
163,Suez OUT - Piraeus,SEA,PILOT_TO_PILOT,4,163,41,5,6,SaidTssS,SaidTssN,31.603951046562806,32.15251239722844,315.8780092046553,8.0,21.559792530701145,582.4165195887633
164,Suez OUT - Piraeus,SEA,PILOT_TO_PILOT,4,164,42,5,6,SaidTssS,SaidTssN,31.605538341784914,32.15070246211793,315.8780092046553,8.0,21.69263946765622,582.2836726518082
165,Suez OUT - Piraeus,SEA,PILOT_TO_PILOT,4,165,43,5,6,SaidTssS,SaidTssN,31.607125611487035,32.14889246529887,315.8780092046553,8.0,21.825486404611297,582.1508257148531
166,Suez OUT - Piraeus,SEA,PILOT_TO_PILOT,4,166,44,5,6,SaidTssS,SaidTssN,31.60871285566671,32.14708240676634,315.8780092046553,8.0,21.958333341566373,582.0179787778981
167,Suez OUT - Piraeus,SEA,PILOT_TO_PILOT,4,167,45,5,6,SaidTssS,SaidTssN,31.61030007432147,32.14527228651537,315.8780092046553,8.0,22.091180278521453,581.8851318409429
168,Suez OUT - Piraeus,SEA,PILOT_TO_PILOT,4,168,46,5,6,SaidTssS,SaidTssN,31.61188726744888,32.14346210454104,315.8780092046553,8.0,22.22402721547653,581.7522849039879
169,Suez OUT - Piraeus,SEA,PILOT_TO_PILOT,4,169,47,5,6,SaidTssS,SaidTssN,31.613474435046474,32.1416518608384,315.8780092046553,8.0,22.356874152431605,581.6194379670328
170,Suez OUT - Piraeus,SEA,PILOT_TO_PILOT,4,170,48,5,6,SaidTssS,SaidTssN,31.6150615771118,32.13984155540251,315.8780092046553,8.0,22.489721089386684,581.4865910300778
171,Suez OUT - Piraeus,SEA,PILOT_TO_PILOT,4,171,49,5,6,SaidTssS,SaidTssN,31.616648693642407,32.13803118822842,315.8780092046553,8.0,22.62256802634176,581.3537440931226
172,Suez OUT - Piraeus,SEA,PILOT_TO_PILOT,4,172,50,5,6,SaidTssS,SaidTssN,31.61823578463584,32.13622075931119,315.8780092046553,8.0,22.755414963296836,581.2208971561676
173,Suez OUT - Piraeus,SEA,PILOT_TO_PILOT,4,173,51,5,6,SaidTssS,SaidTssN,31.61982285008963,32.13441026864589,315.8780092046553,8.0,22.888261900251912,581.0880502192125
174,Suez OUT - Piraeus,SEA,PILOT_TO_PILOT,4,174,52,5,6,SaidTssS,SaidTssN,31.621409890001345,32.13259971622755,315.8780092046553,8.0,23.021108837206988,580.9552032822575
175,Suez OUT - Piraeus,SEA,PILOT_TO_PILOT,4,175,53,5,6,SaidTssS,SaidTssN,31.622996904368506,32.130789102051246,315.8780092046553,8.0,23.153955774162068,580.8223563453023
176,Suez OUT - Piraeus,SEA,PILOT_TO_PILOT,4,176,54,5,6,SaidTssS,SaidTssN,31.62458389318866,32.12897842611203,315.8780092046553,8.0,23.286802711117144,580.6895094083472
177,Suez OUT - Piraeus,SEA,PILOT_TO_PILOT,4,177,55,5,6,SaidTssS,SaidTssN,31.626170856459364,32.12716768840496,315.8780092046553,8.0,23.419649648072223,580.5566624713922
178,Suez OUT - Piraeus,SEA,PILOT_TO_PILOT,4,178,56,5,6,SaidTssS,SaidTssN,31.62775779417816,32.12535688892508,315.8780092046553,8.0,23.5524965850273,580.4238155344372
179,Suez OUT - Piraeus,SEA,PILOT_TO_PILOT,4,179,57,5,6,SaidTssS,SaidTssN,31.629344706342575,32.12354602766745,315.8780092046553,8.0,23.685343521982375,580.290968597482
180,Suez OUT - Piraeus,SEA,PILOT_TO_PILOT,4,180,58,5,6,SaidTssS,SaidTssN,31.630931592950155,32.12173510462714,315.8780092046553,8.0,23.81819045893745,580.158121660527
181,Suez OUT - Piraeus,SEA,PILOT_TO_PILOT,4,181,59,5,6,SaidTssS,SaidTssN,31.63251845399847,32.119924119799194,315.8780092046553,8.0,23.951037395892527,580.0252747235719
182,Suez OUT - Piraeus,SEA,PILOT_TO_PILOT,4,182,60,5,6,SaidTssS,SaidTssN,31.634105289485017,32.11811307317865,315.8780092046553,8.0,24.083884332847607,579.8924277866168
183,Suez OUT - Piraeus,SEA,PILOT_TO_PILOT,4,183,61,5,6,SaidTssS,SaidTssN,31.635692099407375,32.11630196476058,315.8780092046553,8.0,24.216731269802683,579.7595808496617
184,Suez OUT - Piraeus,SEA,PILOT_TO_PILOT,4,184,62,5,6,SaidTssS,SaidTssN,31.63727888376308,32.114490794540046,315.8780092046553,8.0,24.349578206757762,579.6267339127066
185,Suez OUT - Piraeus,SEA,PILOT_TO_PILOT,4,185,63,5,6,SaidTssS,SaidTssN,31.63886564254967,32.112679562512085,315.8780092046553,8.0,24.482425143712838,579.4938869757516
186,Suez OUT - Piraeus,SEA,PILOT_TO_PILOT,4,186,64,5,6,SaidTssS,SaidTssN,31.640452375764685,32.110868268671766,315.8780092046553,8.0,24.615272080667914,579.3610400387965
187,Suez OUT - Piraeus,SEA,PILOT_TO_PILOT,4,187,65,5,6,SaidTssS,SaidTssN,31.642039083405656,32.109056913014115,315.8780092046553,8.0,24.74811901762299,579.2281931018414
188,Suez OUT - Piraeus,SEA,PILOT_TO_PILOT,4,188,66,5,6,SaidTssS,SaidTssN,31.643625765470137,32.107245495534215,315.8780092046553,8.0,24.880965954578066,579.0953461648863
189,Suez OUT - Piraeus,SEA,PILOT_TO_PILOT,4,189,67,5,6,SaidTssS,SaidTssN,31.645212421955673,32.105434016227115,315.8780092046553,8.0,25.013812891533146,578.9624992279313
190,Suez OUT - Piraeus,SEA,PILOT_TO_PILOT,4,190,68,5,6,SaidTssS,SaidTssN,31.646799052859798,32.10362247508785,315.8780092046553,8.0,25.14665982848822,578.8296522909762
191,Suez OUT - Piraeus,SEA,PILOT_TO_PILOT,4,191,69,5,6,SaidTssS,SaidTssN,31.648385658180054,32.10181087211149,315.8780092046553,8.0,25.2795067654433,578.6968053540211
192,Suez OUT - Piraeus,SEA,PILOT_TO_PILOT,4,192,70,5,6,SaidTssS,SaidTssN,31.64997223791398,32.09999920729308,315.8780092046553,8.0,25.412353702398377,578.563958417066
193,Suez OUT - Piraeus,SEA,PILOT_TO_PILOT,4,193,71,5,6,SaidTssS,SaidTssN,31.65155879205911,32.09818748062768,315.8780092046553,8.0,25.545200639353453,578.431111480111
194,Suez OUT - Piraeus,SEA,PILOT_TO_PILOT,4,194,72,5,6,SaidTssS,SaidTssN,31.653145320613,32.096375692110335,315.8780092046553,8.0,25.67804757630853,578.2982645431559
195,Suez OUT - Piraeus,SEA,PILOT_TO_PILOT,4,195,73,5,6,SaidTssS,SaidTssN,31.65473182357318,32.09456384173609,315.8780092046553,8.0,25.810894513263605,578.1654176062008
196,Suez OUT - Piraeus,SEA,PILOT_TO_PILOT,4,196,74,5,6,SaidTssS,SaidTssN,31.656318300937187,32.09275192950001,315.8780092046553,8.0,25.943741450218685,578.0325706692457
197,Suez OUT - Piraeus,SEA,PILOT_TO_PILOT,4,197,75,5,6,SaidTssS,SaidTssN,31.657904752702567,32.09093995539714,315.8780092046553,8.0,26.07658838717376,577.8997237322907
198,Suez OUT - Piraeus,SEA,PILOT_TO_PILOT,4,198,76,5,6,SaidTssS,SaidTssN,31.659491178866865,32.08912791942254,315.8780092046553,8.0,26.20943532412884,577.7668767953355
199,Suez OUT - Piraeus,SEA,PILOT_TO_PILOT,4,199,77,5,6,SaidTssS,SaidTssN,31.661077579427605,32.08731582157124,315.8780092046553,8.0,26.342282261083916,577.6340298583805
200,Suez OUT - Piraeus,SEA,PILOT_TO_PILOT,4,200,78,5,6,SaidTssS,SaidTssN,31.662663954382325,32.08550366183831,315.8780092046553,8.0,26.475129198038992,577.5011829214254
201,Suez OUT - Piraeus,SEA,PILOT_TO_PILOT,4,201,79,5,6,SaidTssS,SaidTssN,31.664250303728583,32.08369144021879,315.8780092046553,8.0,26.607976134994068,577.3683359844704
202,Suez OUT - Piraeus,SEA,PILOT_TO_PILOT,4,202,80,5,6,SaidTssS,SaidTssN,31.6658366274639,32.08187915670774,315.8780092046553,8.0,26.740823071949144,577.2354890475152
203,Suez OUT - Piraeus,SEA,PILOT_TO_PILOT,4,203,81,5,6,SaidTssS,SaidTssN,31.667422925585818,32.080066811300206,315.8780092046553,8.0,26.873670008904224,577.1026421105602
204,Suez OUT - Piraeus,SEA,PILOT_TO_PILOT,4,204,82,5,6,SaidTssS,SaidTssN,31.66900919809188,32.07825440399124,315.8780092046553,8.0,27.0065169458593,576.9697951736051
205,Suez OUT - Piraeus,SEA,PILOT_TO_PILOT,4,205,83,5,6,SaidTssS,SaidTssN,31.670595444979618,32.07644193477588,315.8780092046553,8.0,27.13936388281438,576.8369482366501
206,Suez OUT - Piraeus,SEA,PILOT_TO_PILOT,4,206,84,5,6,SaidTssS,SaidTssN,31.672181666246576,32.07462940364919,315.8780092046553,8.0,27.272210819769455,576.7041012996949
207,Suez OUT - Piraeus,SEA,PILOT_TO_PILOT,4,207,85,5,6,SaidTssS,SaidTssN,31.673767861890287,32.07281681060621,315.8780092046553,8.0,27.40505775672453,576.5712543627399
208,Suez OUT - Piraeus,SEA,PILOT_TO_PILOT,4,208,86,5,6,SaidTssS,SaidTssN,31.67535403190828,32.07100415564201,315.8780092046553,8.0,27.537904693679607,576.4384074257848
209,Suez OUT - Piraeus,SEA,PILOT_TO_PILOT,4,209,87,5,6,SaidTssS,SaidTssN,31.67694017629811,32.0691914387516,315.8780092046553,8.0,27.670751630634683,576.3055604888298
210,Suez OUT - Piraeus,SEA,PILOT_TO_PILOT,4,210,88,5,6,SaidTssS,SaidTssN,31.678526295057303,32.067378659930064,315.8780092046553,8.0,27.803598567589763,576.1727135518746
211,Suez OUT - Piraeus,SEA,PILOT_TO_PILOT,4,211,89,5,6,SaidTssS,SaidTssN,31.68011238818339,32.06556581917242,315.8780092046553,8.0,27.93644550454484,576.0398666149196
212,Suez OUT - Piraeus,SEA,PILOT_TO_PILOT,4,212,90,5,6,SaidTssS,SaidTssN,31.68169845567392,32.06375291647375,315.8780092046553,8.0,28.06929244149992,575.9070196779645
213,Suez OUT - Piraeus,SEA,PILOT_TO_PILOT,4,213,91,5,6,SaidTssS,SaidTssN,31.68328449752642,32.061939951829075,315.8780092046553,8.0,28.202139378454994,575.7741727410095
214,Suez OUT - Piraeus,SEA,PILOT_TO_PILOT,4,214,92,5,6,SaidTssS,SaidTssN,31.684870513738428,32.060126925233455,315.8780092046553,8.0,28.33498631541007,575.6413258040543
215,Suez OUT - Piraeus,SEA,PILOT_TO_PILOT,4,215,93,5,6,SaidTssS,SaidTssN,31.686456504307493,32.05831383668194,315.8780092046553,8.0,28.467833252365146,575.5084788670993
216,Suez OUT - Piraeus,SEA,PILOT_TO_PILOT,4,216,94,5,6,SaidTssS,SaidTssN,31.688042469231124,32.05650068616957,315.8780092046553,8.0,28.600680189320222,575.3756319301442
217,Suez OUT - Piraeus,SEA,PILOT_TO_PILOT,4,217,95,5,6,SaidTssS,SaidTssN,31.68962840850688,32.0546874736914,315.8780092046553,8.0,28.7335271262753,575.2427849931892
218,Suez OUT - Piraeus,SEA,PILOT_TO_PILOT,4,218,96,5,6,SaidTssS,SaidTssN,31.691214322132282,32.05287419924247,315.8780092046553,8.0,28.866374063230378,575.109938056234
219,Suez OUT - Piraeus,SEA,PILOT_TO_PILOT,4,219,97,5,6,SaidTssS,SaidTssN,31.69280021010487,32.05106086281782,315.8780092046553,8.0,28.999221000185457,574.977091119279
220,Suez OUT - Piraeus,SEA,PILOT_TO_PILOT,4,220,98,5,6,SaidTssS,SaidTssN,31.69438607242218,32.04924746441252,315.8780092046553,8.0,29.132067937140533,574.8442441823239
221,Suez OUT - Piraeus,SEA,PILOT_TO_PILOT,4,221,99,5,6,SaidTssS,SaidTssN,31.69597190908175,32.04743400402159,315.8780092046553,8.0,29.26491487409561,574.7113972453687
222,Suez OUT - Piraeus,SEA,PILOT_TO_PILOT,4,222,100,5,6,SaidTssS,SaidTssN,31.697557720081093,32.0456204816401,315.8780092046553,8.0,29.397761811050685,574.5785503084137
223,Suez OUT - Piraeus,SEA,PILOT_TO_PILOT,4,223,101,5,6,SaidTssS,SaidTssN,31.699143505417773,32.04380689726307,315.8780092046553,8.0,29.53060874800576,574.4457033714586
224,Suez OUT - Piraeus,SEA,PILOT_TO_PILOT,4,224,102,5,6,SaidTssS,SaidTssN,31.70072926508931,32.041993250885575,315.8780092046553,8.0,29.663455684960837,574.3128564345036
225,Suez OUT - Piraeus,SEA,PILOT_TO_PILOT,4,225,103,5,6,SaidTssS,SaidTssN,31.702314999093236,32.040179542502635,315.8780092046553,8.0,29.796302621915917,574.1800094975484
226,Suez OUT - Piraeus,SEA,PILOT_TO_PILOT,4,226,104,5,6,SaidTssS,SaidTssN,31.703900707427085,32.03836577210931,315.8780092046553,8.0,29.929149558870993,574.0471625605934
227,Suez OUT - Piraeus,SEA,PILOT_TO_PILOT,4,227,105,5,6,SaidTssS,SaidTssN,31.705486390088392,32.03655193970064,315.8780092046553,8.0,30.061996495826072,573.9143156236383
228,Suez OUT - Piraeus,SEA,PILOT_TO_PILOT,4,228,106,5,6,SaidTssS,SaidTssN,31.707072047074682,32.034738045271666,315.8780092046553,8.0,30.19484343278115,573.7814686866833
229,Suez OUT - Piraeus,SEA,PILOT_TO_PILOT,4,229,107,5,6,SaidTssS,SaidTssN,31.708657678383506,32.03292408881744,315.8780092046553,8.0,30.327690369736224,573.6486217497281
230,Suez OUT - Piraeus,SEA,PILOT_TO_PILOT,4,230,108,5,6,SaidTssS,SaidTssN,31.71024328401239,32.031110070333,315.8780092046553,8.0,30.4605373066913,573.5157748127731
231,Suez OUT - Piraeus,SEA,PILOT_TO_PILOT,4,231,109,5,6,SaidTssS,SaidTssN,31.711828863958846,32.0292959898134,315.8780092046553,8.0,30.593384243646376,573.382927875818
232,Suez OUT - Piraeus,SEA,PILOT_TO_PILOT,4,232,110,5,6,SaidTssS,SaidTssN,31.713414418220434,32.027481847253675,315.8780092046553,8.0,30.726231180601456,573.250080938863
233,Suez OUT - Piraeus,SEA,PILOT_TO_PILOT,4,233,111,5,6,SaidTssS,SaidTssN,31.71499994679467,32.02566764264887,315.8780092046553,8.0,30.859078117556532,573.1172340019078
234,Suez OUT - Piraeus,SEA,PILOT_TO_PILOT,4,234,112,5,6,SaidTssS,SaidTssN,31.71658544967909,32.02385337599403,315.8780092046553,8.0,30.99192505451161,572.9843870649528
235,Suez OUT - Piraeus,SEA,PILOT_TO_PILOT,4,235,113,5,6,SaidTssS,SaidTssN,31.718170926871224,32.0220390472842,315.8780092046553,8.0,31.124771991466687,572.8515401279977
236,Suez OUT - Piraeus,SEA,PILOT_TO_PILOT,4,236,114,5,6,SaidTssS,SaidTssN,31.719756378368615,32.02022465651442,315.8780092046553,8.0,31.257618928421763,572.7186931910427
237,Suez OUT - Piraeus,SEA,PILOT_TO_PILOT,4,237,115,5,6,SaidTssS,SaidTssN,31.72134180416877,32.01841020367974,315.8780092046553,8.0,31.39046586537684,572.5858462540875
238,Suez OUT - Piraeus,SEA,PILOT_TO_PILOT,4,238,116,5,6,SaidTssS,SaidTssN,31.722927204269244,32.0165956887752,315.8780092046553,8.0,31.523312802331915,572.4529993171325
239,Suez OUT - Piraeus,SEA,PILOT_TO_PILOT,4,239,117,5,6,SaidTssS,SaidTssN,31.72451257866755,32.014781111795834,315.8780092046553,8.0,31.656159739286995,572.3201523801774
240,Suez OUT - Piraeus,SEA,PILOT_TO_PILOT,4,240,118,5,6,SaidTssS,SaidTssN,31.72609792736124,32.012966472736686,315.8780092046553,8.0,31.78900667624207,572.1873054432224
241,Suez OUT - Piraeus,SEA,PILOT_TO_PILOT,4,241,119,5,6,SaidTssS,SaidTssN,31.727683250347816,32.01115177159281,315.8780092046553,8.0,31.92185361319715,572.0544585062672
242,Suez OUT - Piraeus,SEA,PILOT_TO_PILOT,4,242,120,5,6,SaidTssS,SaidTssN,31.72926854762483,32.00933700835923,315.8780092046553,8.0,32.054700550152226,571.9216115693122
243,Suez OUT - Piraeus,SEA,PILOT_TO_PILOT,4,243,121,5,6,SaidTssS,SaidTssN,31.730853819189814,32.007522183031014,315.8780092046553,8.0,32.1875474871073,571.7887646323571
244,Suez OUT - Piraeus,SEA,PILOT_TO_PILOT,4,244,122,5,6,SaidTssS,SaidTssN,31.732439065040275,32.00570729560319,315.8780092046553,8.0,32.32039442406238,571.6559176954021
245,Suez OUT - Piraeus,SEA,PILOT_TO_PILOT,4,245,123,5,6,SaidTssS,SaidTssN,31.734024285173756,32.003892346070785,315.8780092046553,8.0,32.45324136101746,571.5230707584469
246,Suez OUT - Piraeus,SEA,PILOT_TO_PILOT,4,246,124,5,6,SaidTssS,SaidTssN,31.735609479587794,32.00207733442885,315.8780092046553,8.0,32.58608829797254,571.3902238214919
247,Suez OUT - Piraeus,SEA,PILOT_TO_PILOT,4,247,125,5,6,SaidTssS,SaidTssN,31.737194648279907,32.00026226067243,315.8780092046553,8.0,32.71893523492761,571.2573768845368
248,Suez OUT - Piraeus,SEA,PILOT_TO_PILOT,4,248,126,5,6,SaidTssS,SaidTssN,31.738779791247623,31.998447124796566,315.8780092046553,8.0,32.85178217188269,571.1245299475818
249,Suez OUT - Piraeus,SEA,PILOT_TO_PILOT,4,249,127,5,6,SaidTssS,SaidTssN,31.74036490848848,31.996631926796294,315.8780092046553,8.0,32.984629108837765,570.9916830106266
250,Suez OUT - Piraeus,SEA,PILOT_TO_PILOT,5,250,0,6,7,SaidTssN,Kriti E,31.74195,31.994816666666658,309.57972469971133,8.0,33.11747604579284,570.8588360736716
251,Suez OUT - Piraeus,SEA,PILOT_TO_PILOT,5,251,1,6,7,SaidTssN,Kriti E,31.74336514090094,31.992803687854284,309.57972469971133,8.0,33.25083002018101,570.7254820992835
252,Suez OUT - Piraeus,SEA,PILOT_TO_PILOT,5,252,2,6,7,SaidTssN,Kriti E,31.744780250158716,31.99079064752434,309.57972469971133,8.0,33.38418399456919,570.5921281248952
253,Suez OUT - Piraeus,SEA,PILOT_TO_PILOT,5,253,3,6,7,SaidTssN,Kriti E,31.74619532777059,31.98877754567293,309.57972469971133,8.0,33.51753796895736,570.458774150507
254,Suez OUT - Piraeus,SEA,PILOT_TO_PILOT,5,254,4,6,7,SaidTssN,Kriti E,31.74761037373387,31.986764382296162,309.57972469971133,8.0,33.65089194334554,570.3254201761189
255,Suez OUT - Piraeus,SEA,PILOT_TO_PILOT,5,255,5,6,7,SaidTssN,Kriti E,31.74902538804583,31.984751157390125,309.57972469971133,8.0,33.78424591773371,570.1920662017307
256,Suez OUT - Piraeus,SEA,PILOT_TO_PILOT,5,256,6,6,7,SaidTssN,Kriti E,31.75044037070375,31.982737870950935,309.57972469971133,8.0,33.917599892121885,570.0587122273425
257,Suez OUT - Piraeus,SEA,PILOT_TO_PILOT,5,257,7,6,7,SaidTssN,Kriti E,31.751855321704916,31.980724522974675,309.57972469971133,8.0,34.05095386651006,569.9253582529543
258,Suez OUT - Piraeus,SEA,PILOT_TO_PILOT,5,258,8,6,7,SaidTssN,Kriti E,31.75327024104664,31.978711113457454,309.57972469971133,8.0,34.184307840898235,569.7920042785662
259,Suez OUT - Piraeus,SEA,PILOT_TO_PILOT,5,259,9,6,7,SaidTssN,Kriti E,31.754685128726173,31.976697642395365,309.57972469971133,8.0,34.31766181528641,569.658650304178
260,Suez OUT - Piraeus,SEA,PILOT_TO_PILOT,5,260,10,6,7,SaidTssN,Kriti E,31.75609998474082,31.974684109784516,309.57972469971133,8.0,34.451015789674585,569.5252963297899
261,Suez OUT - Piraeus,SEA,PILOT_TO_PILOT,5,261,11,6,7,SaidTssN,Kriti E,31.757514809087848,31.97267051562099,309.57972469971133,8.0,34.58436976406276,569.3919423554016
262,Suez OUT - Piraeus,SEA,PILOT_TO_PILOT,5,262,12,6,7,SaidTssN,Kriti E,31.758929601764564,31.97065685990091,309.57972469971133,8.0,34.717723738450935,569.2585883810135
263,Suez OUT - Piraeus,SEA,PILOT_TO_PILOT,5,263,13,6,7,SaidTssN,Kriti E,31.760344362768237,31.96864314262036,309.57972469971133,8.0,34.85107771283911,569.1252344066253
264,Suez OUT - Piraeus,SEA,PILOT_TO_PILOT,5,264,14,6,7,SaidTssN,Kriti E,31.761759092096153,31.966629363775446,309.57972469971133,8.0,34.98443168722728,568.9918804322372
265,Suez OUT - Piraeus,SEA,PILOT_TO_PILOT,5,265,15,6,7,SaidTssN,Kriti E,31.763173789745586,31.964615523362266,309.57972469971133,8.0,35.11778566161546,568.8585264578489
266,Suez OUT - Piraeus,SEA,PILOT_TO_PILOT,5,266,16,6,7,SaidTssN,Kriti E,31.764588455713852,31.962601621376916,309.57972469971133,8.0,35.25113963600363,568.7251724834608
267,Suez OUT - Piraeus,SEA,PILOT_TO_PILOT,5,267,17,6,7,SaidTssN,Kriti E,31.7660030899982,31.960587657815502,309.57972469971133,8.0,35.38449361039181,568.5918185090726
268,Suez OUT - Piraeus,SEA,PILOT_TO_PILOT,5,268,18,6,7,SaidTssN,Kriti E,31.76741769259593,31.958573632674113,309.57972469971133,8.0,35.51784758477998,568.4584645346845
269,Suez OUT - Piraeus,SEA,PILOT_TO_PILOT,5,269,19,6,7,SaidTssN,Kriti E,31.768832263504326,31.956559545948863,309.57972469971133,8.0,35.65120155916815,568.3251105602963
270,Suez OUT - Piraeus,SEA,PILOT_TO_PILOT,5,270,20,6,7,SaidTssN,Kriti E,31.770246802720674,31.954545397635844,309.57972469971133,8.0,35.78455553355633,568.191756585908
271,Suez OUT - Piraeus,SEA,PILOT_TO_PILOT,5,271,21,6,7,SaidTssN,Kriti E,31.771661310242244,31.952531187731157,309.57972469971133,8.0,35.9179095079445,568.0584026115199
272,Suez OUT - Piraeus,SEA,PILOT_TO_PILOT,5,272,22,6,7,SaidTssN,Kriti E,31.77307578606633,31.9505169162309,309.57972469971133,8.0,36.05126348233267,567.9250486371318
273,Suez OUT - Piraeus,SEA,PILOT_TO_PILOT,5,273,23,6,7,SaidTssN,Kriti E,31.774490230190203,31.948502583131166,309.57972469971133,8.0,36.18461745672085,567.7916946627436
274,Suez OUT - Piraeus,SEA,PILOT_TO_PILOT,5,274,24,6,7,SaidTssN,Kriti E,31.77590464261116,31.94648818842808,309.57972469971133,8.0,36.31797143110902,567.6583406883553
275,Suez OUT - Piraeus,SEA,PILOT_TO_PILOT,5,275,25,6,7,SaidTssN,Kriti E,31.77731902332646,31.94447373211771,309.57972469971133,8.0,36.4513254054972,567.5249867139672
276,Suez OUT - Piraeus,SEA,PILOT_TO_PILOT,5,276,26,6,7,SaidTssN,Kriti E,31.778733372333406,31.942459214196173,309.57972469971133,8.0,36.58467937988537,567.391632739579
277,Suez OUT - Piraeus,SEA,PILOT_TO_PILOT,5,277,27,6,7,SaidTssN,Kriti E,31.780147689629274,31.940444634659563,309.57972469971133,8.0,36.718033354273544,567.2582787651909
278,Suez OUT - Piraeus,SEA,PILOT_TO_PILOT,5,278,28,6,7,SaidTssN,Kriti E,31.78156197521135,31.938429993503984,309.57972469971133,8.0,36.85138732866172,567.1249247908027
279,Suez OUT - Piraeus,SEA,PILOT_TO_PILOT,5,279,29,6,7,SaidTssN,Kriti E,31.7829762290769,31.93641529072553,309.57972469971133,8.0,36.984741303049894,566.9915708164145
280,Suez OUT - Piraeus,SEA,PILOT_TO_PILOT,5,280,30,6,7,SaidTssN,Kriti E,31.784390451223224,31.934400526320307,309.57972469971133,8.0,37.11809527743807,566.8582168420263
281,Suez OUT - Piraeus,SEA,PILOT_TO_PILOT,5,281,31,6,7,SaidTssN,Kriti E,31.785804641647587,31.932385700284417,309.57972469971133,8.0,37.251449251826244,566.7248628676382
282,Suez OUT - Piraeus,SEA,PILOT_TO_PILOT,5,282,32,6,7,SaidTssN,Kriti E,31.787218800347286,31.930370812613948,309.57972469971133,8.0,37.384803226214416,566.59150889325
283,Suez OUT - Piraeus,SEA,PILOT_TO_PILOT,5,283,33,6,7,SaidTssN,Kriti E,31.788632927319597,31.928355863305015,309.57972469971133,8.0,37.518157200602595,566.4581549188619
284,Suez OUT - Piraeus,SEA,PILOT_TO_PILOT,5,284,34,6,7,SaidTssN,Kriti E,31.790047022561783,31.926340852353704,309.57972469971133,8.0,37.651511174990766,566.3248009444736
285,Suez OUT - Piraeus,SEA,PILOT_TO_PILOT,5,285,35,6,7,SaidTssN,Kriti E,31.79146108607114,31.92432577975611,309.57972469971133,8.0,37.784865149378945,566.1914469700855
286,Suez OUT - Piraeus,SEA,PILOT_TO_PILOT,5,286,36,6,7,SaidTssN,Kriti E,31.79287511784496,31.922310645508347,309.57972469971133,8.0,37.918219123767116,566.0580929956973
287,Suez OUT - Piraeus,SEA,PILOT_TO_PILOT,5,287,37,6,7,SaidTssN,Kriti E,31.794289117880492,31.92029544960652,309.57972469971133,8.0,38.05157309815529,565.9247390213092
288,Suez OUT - Piraeus,SEA,PILOT_TO_PILOT,5,288,38,6,7,SaidTssN,Kriti E,31.79570308617504,31.918280192046705,309.57972469971133,8.0,38.184927072543466,565.7913850469209
289,Suez OUT - Piraeus,SEA,PILOT_TO_PILOT,5,289,39,6,7,SaidTssN,Kriti E,31.79711702272587,31.91626487282502,309.57972469971133,8.0,38.31828104693164,565.6580310725328
290,Suez OUT - Piraeus,SEA,PILOT_TO_PILOT,5,290,40,6,7,SaidTssN,Kriti E,31.798530927530265,31.914249491937564,309.57972469971133,8.0,38.45163502131982,565.5246770981446
291,Suez OUT - Piraeus,SEA,PILOT_TO_PILOT,5,291,41,6,7,SaidTssN,Kriti E,31.799944800585525,31.91223404938043,309.57972469971133,8.0,38.58498899570799,565.3913231237564
292,Suez OUT - Piraeus,SEA,PILOT_TO_PILOT,5,292,42,6,7,SaidTssN,Kriti E,31.801358641888893,31.91021854514972,309.57972469971133,8.0,38.71834297009616,565.2579691493683
293,Suez OUT - Piraeus,SEA,PILOT_TO_PILOT,5,293,43,6,7,SaidTssN,Kriti E,31.802772451437672,31.90820297924153,309.57972469971133,8.0,38.85169694448434,565.12461517498
294,Suez OUT - Piraeus,SEA,PILOT_TO_PILOT,5,294,44,6,7,SaidTssN,Kriti E,31.804186229229128,31.906187351651965,309.57972469971133,8.0,38.98505091887251,564.9912612005919
295,Suez OUT - Piraeus,SEA,PILOT_TO_PILOT,5,295,45,6,7,SaidTssN,Kriti E,31.80559997526056,31.90417166237713,309.57972469971133,8.0,39.11840489326068,564.8579072262037
296,Suez OUT - Piraeus,SEA,PILOT_TO_PILOT,5,296,46,6,7,SaidTssN,Kriti E,31.807013689529214,31.90215591141311,309.57972469971133,8.0,39.25175886764886,564.7245532518156
297,Suez OUT - Piraeus,SEA,PILOT_TO_PILOT,5,297,47,6,7,SaidTssN,Kriti E,31.80842737203239,31.90014009875602,309.57972469971133,8.0,39.38511284203703,564.5911992774273
298,Suez OUT - Piraeus,SEA,PILOT_TO_PILOT,5,298,48,6,7,SaidTssN,Kriti E,31.809841022767365,31.898124224401943,309.57972469971133,8.0,39.5184668164252,564.4578453030392
299,Suez OUT - Piraeus,SEA,PILOT_TO_PILOT,5,299,49,6,7,SaidTssN,Kriti E,31.811254641731413,31.896108288346994,309.57972469971133,8.0,39.65182079081338,564.324491328651
300,Suez OUT - Piraeus,SEA,PILOT_TO_PILOT,5,300,50,6,7,SaidTssN,Kriti E,31.812668228921805,31.894092290587274,309.57972469971133,8.0,39.78517476520155,564.1911373542629
301,Suez OUT - Piraeus,SEA,PILOT_TO_PILOT,5,301,51,6,7,SaidTssN,Kriti E,31.81408178433583,31.892076231118857,309.57972469971133,8.0,39.91852873958973,564.0577833798746
302,Suez OUT - Piraeus,SEA,PILOT_TO_PILOT,5,302,52,6,7,SaidTssN,Kriti E,31.81549530797076,31.890060109937874,309.57972469971133,8.0,40.0518827139779,563.9244294054865
303,Suez OUT - Piraeus,SEA,PILOT_TO_PILOT,5,303,53,6,7,SaidTssN,Kriti E,31.816908799823874,31.888043927040407,309.57972469971133,8.0,40.185236688366075,563.7910754310983
304,Suez OUT - Piraeus,SEA,PILOT_TO_PILOT,5,304,54,6,7,SaidTssN,Kriti E,31.81832225989244,31.886027682422558,309.57972469971133,8.0,40.318590662754254,563.6577214567102
305,Suez OUT - Piraeus,SEA,PILOT_TO_PILOT,5,305,55,6,7,SaidTssN,Kriti E,31.819735688173747,31.884011376080437,309.57972469971133,8.0,40.451944637142425,563.524367482322
306,Suez OUT - Piraeus,SEA,PILOT_TO_PILOT,5,306,56,6,7,SaidTssN,Kriti E,31.821149084665063,31.881995008010122,309.57972469971133,8.0,40.585298611530604,563.3910135079338
307,Suez OUT - Piraeus,SEA,PILOT_TO_PILOT,5,307,57,6,7,SaidTssN,Kriti E,31.822562449363673,31.87997857820774,309.57972469971133,8.0,40.718652585918775,563.2576595335456
308,Suez OUT - Piraeus,SEA,PILOT_TO_PILOT,5,308,58,6,7,SaidTssN,Kriti E,31.823975782266835,31.877962086669367,309.57972469971133,8.0,40.85200656030695,563.1243055591575
309,Suez OUT - Piraeus,SEA,PILOT_TO_PILOT,5,309,59,6,7,SaidTssN,Kriti E,31.825389083371853,31.875945533391118,309.57972469971133,8.0,40.985360534695126,562.9909515847693
310,Suez OUT - Piraeus,SEA,PILOT_TO_PILOT,5,310,60,6,7,SaidTssN,Kriti E,31.826802352675983,31.87392891836908,309.57972469971133,8.0,41.1187145090833,562.8575976103812
311,Suez OUT - Piraeus,SEA,PILOT_TO_PILOT,5,311,61,6,7,SaidTssN,Kriti E,31.828215590176494,31.87191224159937,309.57972469971133,8.0,41.252068483471476,562.7242436359929
312,Suez OUT - Piraeus,SEA,PILOT_TO_PILOT,5,312,62,6,7,SaidTssN,Kriti E,31.82962879587068,31.869895503078073,309.57972469971133,8.0,41.38542245785965,562.5908896616047
313,Suez OUT - Piraeus,SEA,PILOT_TO_PILOT,5,313,63,6,7,SaidTssN,Kriti E,31.83104196975581,31.867878702801292,309.57972469971133,8.0,41.51877643224782,562.4575356872166
314,Suez OUT - Piraeus,SEA,PILOT_TO_PILOT,5,314,64,6,7,SaidTssN,Kriti E,31.83245511182915,31.865861840765138,309.57972469971133,8.0,41.652130406636,562.3241817128284
315,Suez OUT - Piraeus,SEA,PILOT_TO_PILOT,5,315,65,6,7,SaidTssN,Kriti E,31.83386822208799,31.86384491696569,309.57972469971133,8.0,41.78548438102417,562.1908277384402
316,Suez OUT - Piraeus,SEA,PILOT_TO_PILOT,5,316,66,6,7,SaidTssN,Kriti E,31.835281300529576,31.86182793139906,309.57972469971133,8.0,41.91883835541235,562.057473764052
317,Suez OUT - Piraeus,SEA,PILOT_TO_PILOT,5,317,67,6,7,SaidTssN,Kriti E,31.83669434715122,31.859810884061346,309.57972469971133,8.0,42.05219232980052,561.9241197896639
318,Suez OUT - Piraeus,SEA,PILOT_TO_PILOT,5,318,68,6,7,SaidTssN,Kriti E,31.83810736195017,31.857793774948654,309.57972469971133,8.0,42.18554630418869,561.7907658152757
319,Suez OUT - Piraeus,SEA,PILOT_TO_PILOT,5,319,69,6,7,SaidTssN,Kriti E,31.83952034492372,31.855776604057077,309.57972469971133,8.0,42.31890027857687,561.6574118408876
320,Suez OUT - Piraeus,SEA,PILOT_TO_PILOT,5,320,70,6,7,SaidTssN,Kriti E,31.840933296069124,31.85375937138271,309.57972469971133,8.0,42.45225425296504,561.5240578664993
321,Suez OUT - Piraeus,SEA,PILOT_TO_PILOT,5,321,71,6,7,SaidTssN,Kriti E,31.842346215383664,31.85174207692166,309.57972469971133,8.0,42.58560822735322,561.3907038921112
322,Suez OUT - Piraeus,SEA,PILOT_TO_PILOT,5,322,72,6,7,SaidTssN,Kriti E,31.843759102864617,31.84972472067002,309.57972469971133,8.0,42.71896220174139,561.257349917723
323,Suez OUT - Piraeus,SEA,PILOT_TO_PILOT,5,323,73,6,7,SaidTssN,Kriti E,31.845171958509255,31.847707302623903,309.57972469971133,8.0,42.85231617612956,561.1239959433349
324,Suez OUT - Piraeus,SEA,PILOT_TO_PILOT,5,324,74,6,7,SaidTssN,Kriti E,31.846584782314846,31.845689822779395,309.57972469971133,8.0,42.985670150517734,560.9906419689466
325,Suez OUT - Piraeus,SEA,PILOT_TO_PILOT,5,325,75,6,7,SaidTssN,Kriti E,31.847997574278665,31.8436722811326,309.57972469971133,8.0,43.11902412490591,560.8572879945585
326,Suez OUT - Piraeus,SEA,PILOT_TO_PILOT,5,326,76,6,7,SaidTssN,Kriti E,31.84941033439799,31.841654677679628,309.57972469971133,8.0,43.25237809929409,560.7239340201703
327,Suez OUT - Piraeus,SEA,PILOT_TO_PILOT,5,327,77,6,7,SaidTssN,Kriti E,31.850823062670088,31.839637012416556,309.57972469971133,8.0,43.38573207368226,560.5905800457822
328,Suez OUT - Piraeus,SEA,PILOT_TO_PILOT,5,328,78,6,7,SaidTssN,Kriti E,31.852235759092228,31.83761928533951,309.57972469971133,8.0,43.519086048070434,560.457226071394
329,Suez OUT - Piraeus,SEA,PILOT_TO_PILOT,5,329,79,6,7,SaidTssN,Kriti E,31.853648423661696,31.83560149644457,309.57972469971133,8.0,43.652440022458606,560.3238720970058
330,Suez OUT - Piraeus,SEA,PILOT_TO_PILOT,5,330,80,6,7,SaidTssN,Kriti E,31.85506105637575,31.83358364572784,309.57972469971133,8.0,43.785793996846785,560.1905181226176
331,Suez OUT - Piraeus,SEA,PILOT_TO_PILOT,5,331,81,6,7,SaidTssN,Kriti E,31.856473657231657,31.831565733185418,309.57972469971133,8.0,43.919147971234956,560.0571641482295
332,Suez OUT - Piraeus,SEA,PILOT_TO_PILOT,5,332,82,6,7,SaidTssN,Kriti E,31.857886226226707,31.829547758813423,309.57972469971133,8.0,44.052501945623135,559.9238101738413
333,Suez OUT - Piraeus,SEA,PILOT_TO_PILOT,5,333,83,6,7,SaidTssN,Kriti E,31.85929876335817,31.82752972260793,309.57972469971133,8.0,44.185855920011306,559.790456199453
334,Suez OUT - Piraeus,SEA,PILOT_TO_PILOT,5,334,84,6,7,SaidTssN,Kriti E,31.8607112686233,31.825511624565056,309.57972469971133,8.0,44.31920989439948,559.6571022250649
335,Suez OUT - Piraeus,SEA,PILOT_TO_PILOT,5,335,85,6,7,SaidTssN,Kriti E,31.86212374201939,31.823493464680883,309.57972469971133,8.0,44.45256386878766,559.5237482506767
336,Suez OUT - Piraeus,SEA,PILOT_TO_PILOT,5,336,86,6,7,SaidTssN,Kriti E,31.863536183543694,31.821475242951532,309.57972469971133,8.0,44.58591784317583,559.3903942762886
337,Suez OUT - Piraeus,SEA,PILOT_TO_PILOT,5,337,87,6,7,SaidTssN,Kriti E,31.864948593193485,31.819456959373085,309.57972469971133,8.0,44.71927181756401,559.2570403019004
338,Suez OUT - Piraeus,SEA,PILOT_TO_PILOT,5,338,88,6,7,SaidTssN,Kriti E,31.866360970966042,31.81743861394165,309.57972469971133,8.0,44.85262579195218,559.1236863275122
339,Suez OUT - Piraeus,SEA,PILOT_TO_PILOT,5,339,89,6,7,SaidTssN,Kriti E,31.86777331685862,31.81542020665332,309.57972469971133,8.0,44.98597976634035,558.990332353124
340,Suez OUT - Piraeus,SEA,PILOT_TO_PILOT,5,340,90,6,7,SaidTssN,Kriti E,31.869185630868504,31.813401737504208,309.57972469971133,8.0,45.11933374072853,558.8569783787359
341,Suez OUT - Piraeus,SEA,PILOT_TO_PILOT,5,341,91,6,7,SaidTssN,Kriti E,31.870597912992963,31.811383206490405,309.57972469971133,8.0,45.2526877151167,558.7236244043477
342,Suez OUT - Piraeus,SEA,PILOT_TO_PILOT,5,342,92,6,7,SaidTssN,Kriti E,31.87201016322926,31.809364613608015,309.57972469971133,8.0,45.38604168950488,558.5902704299596
343,Suez OUT - Piraeus,SEA,PILOT_TO_PILOT,5,343,93,6,7,SaidTssN,Kriti E,31.873422381574667,31.807345958853123,309.57972469971133,8.0,45.51939566389305,558.4569164555713
344,Suez OUT - Piraeus,SEA,PILOT_TO_PILOT,5,344,94,6,7,SaidTssN,Kriti E,31.874834568026458,31.805327242221846,309.57972469971133,8.0,45.65274963828122,558.3235624811832
345,Suez OUT - Piraeus,SEA,PILOT_TO_PILOT,5,345,95,6,7,SaidTssN,Kriti E,31.876246722581897,31.80330846371028,309.57972469971133,8.0,45.7861036126694,558.190208506795
346,Suez OUT - Piraeus,SEA,PILOT_TO_PILOT,5,346,96,6,7,SaidTssN,Kriti E,31.877658845238255,31.801289623314517,309.57972469971133,8.0,45.91945758705757,558.0568545324069
347,Suez OUT - Piraeus,SEA,PILOT_TO_PILOT,5,347,97,6,7,SaidTssN,Kriti E,31.8790709359928,31.799270721030666,309.57972469971133,8.0,46.05281156144575,557.9235005580186
348,Suez OUT - Piraeus,SEA,PILOT_TO_PILOT,5,348,98,6,7,SaidTssN,Kriti E,31.880482994842797,31.79725175685483,309.57972469971133,8.0,46.18616553583392,557.7901465836305
349,Suez OUT - Piraeus,SEA,PILOT_TO_PILOT,5,349,99,6,7,SaidTssN,Kriti E,31.881895021785528,31.7952327307831,309.57972469971133,8.0,46.319519510222094,557.6567926092423
350,Suez OUT - Piraeus,SEA,PILOT_TO_PILOT,5,350,100,6,7,SaidTssN,Kriti E,31.88330701681825,31.793213642811573,309.57972469971133,8.0,46.45287348461027,557.5234386348542
351,Suez OUT - Piraeus,SEA,PILOT_TO_PILOT,5,351,101,6,7,SaidTssN,Kriti E,31.884718979938228,31.791194492936356,309.57972469971133,8.0,46.586227458998444,557.390084660466
352,Suez OUT - Piraeus,SEA,PILOT_TO_PILOT,5,352,102,6,7,SaidTssN,Kriti E,31.88613091114274,31.789175281153543,309.57972469971133,8.0,46.71958143338662,557.2567306860778
353,Suez OUT - Piraeus,SEA,PILOT_TO_PILOT,5,353,103,6,7,SaidTssN,Kriti E,31.887542810429043,31.78715600745925,309.57972469971133,8.0,46.852935407774794,557.1233767116896
354,Suez OUT - Piraeus,SEA,PILOT_TO_PILOT,5,354,104,6,7,SaidTssN,Kriti E,31.888954677794413,31.78513667184955,309.57972469971133,8.0,46.986289382162965,556.9900227373014
355,Suez OUT - Piraeus,SEA,PILOT_TO_PILOT,5,355,105,6,7,SaidTssN,Kriti E,31.89036651323612,31.783117274320563,309.57972469971133,8.0,47.11964335655114,556.8566687629133
356,Suez OUT - Piraeus,SEA,PILOT_TO_PILOT,5,356,106,6,7,SaidTssN,Kriti E,31.891778316751424,31.781097814868385,309.57972469971133,8.0,47.252997330939316,556.723314788525
357,Suez OUT - Piraeus,SEA,PILOT_TO_PILOT,5,357,107,6,7,SaidTssN,Kriti E,31.893190088337597,31.779078293489107,309.57972469971133,8.0,47.386351305327494,556.5899608141369
358,Suez OUT - Piraeus,SEA,PILOT_TO_PILOT,5,358,108,6,7,SaidTssN,Kriti E,31.894601827991906,31.777058710178846,309.57972469971133,8.0,47.519705279715666,556.4566068397487
359,Suez OUT - Piraeus,SEA,PILOT_TO_PILOT,5,359,109,6,7,SaidTssN,Kriti E,31.896013535711607,31.77503906493368,309.57972469971133,8.0,47.65305925410384,556.3232528653606
360,Suez OUT - Piraeus,SEA,PILOT_TO_PILOT,5,360,110,6,7,SaidTssN,Kriti E,31.897425211493978,31.773019357749718,309.57972469971133,8.0,47.78641322849201,556.1898988909724
361,Suez OUT - Piraeus,SEA,PILOT_TO_PILOT,5,361,111,6,7,SaidTssN,Kriti E,31.89883685533628,31.77099958862307,309.57972469971133,8.0,47.91976720288019,556.0565449165842
362,Suez OUT - Piraeus,SEA,PILOT_TO_PILOT,5,362,112,6,7,SaidTssN,Kriti E,31.900248467235787,31.76897975754983,309.57972469971133,8.0,48.05312117726836,555.923190942196
363,Suez OUT - Piraeus,SEA,PILOT_TO_PILOT,5,363,113,6,7,SaidTssN,Kriti E,31.901660047189754,31.766959864526097,309.57972469971133,8.0,48.18647515165654,555.7898369678079
364,Suez OUT - Piraeus,SEA,PILOT_TO_PILOT,5,364,114,6,7,SaidTssN,Kriti E,31.903071595195453,31.764939909547966,309.57972469971133,8.0,48.31982912604471,555.6564829934197
365,Suez OUT - Piraeus,SEA,PILOT_TO_PILOT,5,365,115,6,7,SaidTssN,Kriti E,31.904483111250144,31.76291989261153,309.57972469971133,8.0,48.45318310043288,555.5231290190316
366,Suez OUT - Piraeus,SEA,PILOT_TO_PILOT,5,366,116,6,7,SaidTssN,Kriti E,31.905894595351114,31.760899813712914,309.57972469971133,8.0,48.58653707482106,555.3897750446433
367,Suez OUT - Piraeus,SEA,PILOT_TO_PILOT,5,367,117,6,7,SaidTssN,Kriti E,31.907306047495595,31.758879672848206,309.57972469971133,8.0,48.71989104920923,555.2564210702552
368,Suez OUT - Piraeus,SEA,PILOT_TO_PILOT,5,368,118,6,7,SaidTssN,Kriti E,31.90871746768088,31.7568594700135,309.57972469971133,8.0,48.85324502359741,555.123067095867
369,Suez OUT - Piraeus,SEA,PILOT_TO_PILOT,5,369,119,6,7,SaidTssN,Kriti E,31.910128855904215,31.75483920520489,309.57972469971133,8.0,48.98659899798558,554.9897131214789
370,Suez OUT - Piraeus,SEA,PILOT_TO_PILOT,5,370,120,6,7,SaidTssN,Kriti E,31.91154021216287,31.752818878418488,309.57972469971133,8.0,49.11995297237375,554.8563591470906
371,Suez OUT - Piraeus,SEA,PILOT_TO_PILOT,5,371,121,6,7,SaidTssN,Kriti E,31.912951536454123,31.750798489650396,309.57972469971133,8.0,49.25330694676193,554.7230051727025
372,Suez OUT - Piraeus,SEA,PILOT_TO_PILOT,5,372,122,6,7,SaidTssN,Kriti E,31.914362828775207,31.748778038896706,309.57972469971133,8.0,49.3866609211501,554.5896511983143
373,Suez OUT - Piraeus,SEA,PILOT_TO_PILOT,5,373,123,6,7,SaidTssN,Kriti E,31.915774089123424,31.746757526153516,309.57972469971133,8.0,49.52001489553828,554.4562972239262
374,Suez OUT - Piraeus,SEA,PILOT_TO_PILOT,5,374,124,6,7,SaidTssN,Kriti E,31.917185317496017,31.744736951416932,309.57972469971133,8.0,49.65336886992645,554.322943249538
375,Suez OUT - Piraeus,SEA,PILOT_TO_PILOT,5,375,125,6,7,SaidTssN,Kriti E,31.918596513890243,31.742716314683054,309.57972469971133,8.0,49.786722844314625,554.1895892751497
376,Suez OUT - Piraeus,SEA,PILOT_TO_PILOT,5,376,126,6,7,SaidTssN,Kriti E,31.92000767830339,31.740695615947985,309.57972469971133,8.0,49.920076818702796,554.0562353007616
377,Suez OUT - Piraeus,SEA,PILOT_TO_PILOT,5,377,127,6,7,SaidTssN,Kriti E,31.92141881073269,31.738674855207826,309.57972469971133,8.0,50.053430793090975,553.9228813263734
378,Suez OUT - Piraeus,SEA,PILOT_TO_PILOT,5,378,128,6,7,SaidTssN,Kriti E,31.922829911175434,31.736654032458652,309.57972469971133,8.0,50.18678476747915,553.7895273519853
379,Suez OUT - Piraeus,SEA,PILOT_TO_PILOT,5,379,129,6,7,SaidTssN,Kriti E,31.924240979628873,31.7346331476966,309.57972469971133,8.0,50.320138741867325,553.656173377597
380,Suez OUT - Piraeus,SEA,PILOT_TO_PILOT,5,380,130,6,7,SaidTssN,Kriti E,31.92565201609026,31.73261220091774,309.57972469971133,8.0,50.4534927162555,553.5228194032089
381,Suez OUT - Piraeus,SEA,PILOT_TO_PILOT,5,381,131,6,7,SaidTssN,Kriti E,31.92706302055688,31.730591192118187,309.57972469971133,8.0,50.58684669064367,553.3894654288207
382,Suez OUT - Piraeus,SEA,PILOT_TO_PILOT,5,382,132,6,7,SaidTssN,Kriti E,31.928473993025985,31.728570121294045,309.57972469971133,8.0,50.72020066503185,553.2561114544326
383,Suez OUT - Piraeus,SEA,PILOT_TO_PILOT,5,383,133,6,7,SaidTssN,Kriti E,31.929884933494833,31.726548988441404,309.57972469971133,8.0,50.853554639420025,553.1227574800444
384,Suez OUT - Piraeus,SEA,PILOT_TO_PILOT,5,384,134,6,7,SaidTssN,Kriti E,31.93129584196069,31.724527793556362,309.57972469971133,8.0,50.9869086138082,552.9894035056562
385,Suez OUT - Piraeus,SEA,PILOT_TO_PILOT,5,385,135,6,7,SaidTssN,Kriti E,31.932706718420828,31.72250653663502,309.57972469971133,8.0,51.12026258819637,552.856049531268
386,Suez OUT - Piraeus,SEA,PILOT_TO_PILOT,5,386,136,6,7,SaidTssN,Kriti E,31.93411756287248,31.720485217673488,309.57972469971133,8.0,51.25361656258454,552.7226955568799
387,Suez OUT - Piraeus,SEA,PILOT_TO_PILOT,5,387,137,6,7,SaidTssN,Kriti E,31.935528375312934,31.718463836667862,309.57972469971133,8.0,51.38697053697272,552.5893415824917
388,Suez OUT - Piraeus,SEA,PILOT_TO_PILOT,5,388,138,6,7,SaidTssN,Kriti E,31.93693915573945,31.716442393614233,309.57972469971133,8.0,51.5203245113609,552.4559876081036
389,Suez OUT - Piraeus,SEA,PILOT_TO_PILOT,5,389,139,6,7,SaidTssN,Kriti E,31.938349904149266,31.71442088850871,309.57972469971133,8.0,51.65367848574907,552.3226336337153
390,Suez OUT - Piraeus,SEA,PILOT_TO_PILOT,5,390,140,6,7,SaidTssN,Kriti E,31.93976062053967,31.712399321347394,309.57972469971133,8.0,51.78703246013724,552.1892796593272
391,Suez OUT - Piraeus,SEA,PILOT_TO_PILOT,5,391,141,6,7,SaidTssN,Kriti E,31.94117130490791,31.710377692126382,309.57972469971133,8.0,51.92038643452541,552.055925684939
392,Suez OUT - Piraeus,SEA,PILOT_TO_PILOT,5,392,142,6,7,SaidTssN,Kriti E,31.94258195725125,31.70835600084177,309.57972469971133,8.0,52.05374040891359,551.9225717105509
393,Suez OUT - Piraeus,SEA,PILOT_TO_PILOT,5,393,143,6,7,SaidTssN,Kriti E,31.94399257756695,31.70633424748966,309.57972469971133,8.0,52.18709438330177,551.7892177361626
394,Suez OUT - Piraeus,SEA,PILOT_TO_PILOT,5,394,144,6,7,SaidTssN,Kriti E,31.94540316585227,31.70431243206616,309.57972469971133,8.0,52.32044835768994,551.6558637617745
395,Suez OUT - Piraeus,SEA,PILOT_TO_PILOT,5,395,145,6,7,SaidTssN,Kriti E,31.946813722104476,31.702290554567362,309.57972469971133,8.0,52.45380233207811,551.5225097873863
396,Suez OUT - Piraeus,SEA,PILOT_TO_PILOT,5,396,146,6,7,SaidTssN,Kriti E,31.9482242463208,31.700268614989366,309.57972469971133,8.0,52.587156306466284,551.3891558129981
397,Suez OUT - Piraeus,SEA,PILOT_TO_PILOT,5,397,147,6,7,SaidTssN,Kriti E,31.94963473849854,31.698246613328276,309.57972469971133,8.0,52.72051028085446,551.25580183861
398,Suez OUT - Piraeus,SEA,PILOT_TO_PILOT,5,398,148,6,7,SaidTssN,Kriti E,31.95104519863494,31.696224549580187,309.57972469971133,8.0,52.853864255242634,551.1224478642217
399,Suez OUT - Piraeus,SEA,PILOT_TO_PILOT,5,399,149,6,7,SaidTssN,Kriti E,31.95245562672726,31.694202423741203,309.57972469971133,8.0,52.98721822963081,550.9890938898336
400,Suez OUT - Piraeus,SEA,PILOT_TO_PILOT,5,400,150,6,7,SaidTssN,Kriti E,31.95386602277275,31.692180235807427,309.57972469971133,8.0,53.120572204018984,550.8557399154454
401,Suez OUT - Piraeus,SEA,PILOT_TO_PILOT,5,401,151,6,7,SaidTssN,Kriti E,31.95527638676868,31.690157985774952,309.57972469971133,8.0,53.253926178407156,550.7223859410573
402,Suez OUT - Piraeus,SEA,PILOT_TO_PILOT,5,402,152,6,7,SaidTssN,Kriti E,31.956686718712305,31.688135673639877,309.57972469971133,8.0,53.387280152795334,550.589031966669
403,Suez OUT - Piraeus,SEA,PILOT_TO_PILOT,5,403,153,6,7,SaidTssN,Kriti E,31.958097018600885,31.686113299398308,309.57972469971133,8.0,53.520634127183506,550.4556779922809
404,Suez OUT - Piraeus,SEA,PILOT_TO_PILOT,5,404,154,6,7,SaidTssN,Kriti E,31.959507286431677,31.684090863046347,309.57972469971133,8.0,53.653988101571684,550.3223240178927
405,Suez OUT - Piraeus,SEA,PILOT_TO_PILOT,5,405,155,6,7,SaidTssN,Kriti E,31.960917522201942,31.682068364580086,309.57972469971133,8.0,53.787342075959856,550.1889700435046
406,Suez OUT - Piraeus,SEA,PILOT_TO_PILOT,5,406,156,6,7,SaidTssN,Kriti E,31.962327725908928,31.680045803995633,309.57972469971133,8.0,53.92069605034803,550.0556160691164
407,Suez OUT - Piraeus,SEA,PILOT_TO_PILOT,5,407,157,6,7,SaidTssN,Kriti E,31.963737897549912,31.678023181289074,309.57972469971133,8.0,54.0540500247362,549.9222620947282
408,Suez OUT - Piraeus,SEA,PILOT_TO_PILOT,5,408,158,6,7,SaidTssN,Kriti E,31.965148037122134,31.67600049645653,309.57972469971133,8.0,54.18740399912438,549.78890812034
409,Suez OUT - Piraeus,SEA,PILOT_TO_PILOT,5,409,159,6,7,SaidTssN,Kriti E,31.966558144622862,31.673977749494092,309.57972469971133,8.0,54.320757973512556,549.6555541459519
410,Suez OUT - Piraeus,SEA,PILOT_TO_PILOT,5,410,160,6,7,SaidTssN,Kriti E,31.967968220049343,31.671954940397853,309.57972469971133,8.0,54.45411194790073,549.5222001715637
411,Suez OUT - Piraeus,SEA,PILOT_TO_PILOT,5,411,161,6,7,SaidTssN,Kriti E,31.96937826339885,31.669932069163917,309.57972469971133,8.0,54.5874659222889,549.3888461971756
412,Suez OUT - Piraeus,SEA,PILOT_TO_PILOT,5,412,162,6,7,SaidTssN,Kriti E,31.97078827466862,31.667909135788385,309.57972469971133,8.0,54.72081989667707,549.2554922227873
413,Suez OUT - Piraeus,SEA,PILOT_TO_PILOT,5,413,163,6,7,SaidTssN,Kriti E,31.972198253855925,31.66588614026736,309.57972469971133,8.0,54.85417387106525,549.1221382483992
414,Suez OUT - Piraeus,SEA,PILOT_TO_PILOT,5,414,164,6,7,SaidTssN,Kriti E,31.97360820095801,31.663863082596947,309.57972469971133,8.0,54.98752784545343,548.988784274011
415,Suez OUT - Piraeus,SEA,PILOT_TO_PILOT,5,415,165,6,7,SaidTssN,Kriti E,31.975018115972155,31.661839962773236,309.57972469971133,8.0,55.1208818198416,548.8554302996229
416,Suez OUT - Piraeus,SEA,PILOT_TO_PILOT,5,416,166,6,7,SaidTssN,Kriti E,31.97642799889559,31.659816780792326,309.57972469971133,8.0,55.25423579422977,548.7220763252346
417,Suez OUT - Piraeus,SEA,PILOT_TO_PILOT,5,417,167,6,7,SaidTssN,Kriti E,31.97783784972558,31.657793536650328,309.57972469971133,8.0,55.38758976861794,548.5887223508464
418,Suez OUT - Piraeus,SEA,PILOT_TO_PILOT,5,418,168,6,7,SaidTssN,Kriti E,31.97924766845938,31.655770230343332,309.57972469971133,8.0,55.52094374300612,548.4553683764583
419,Suez OUT - Piraeus,SEA,PILOT_TO_PILOT,5,419,169,6,7,SaidTssN,Kriti E,31.98065745509425,31.65374686186744,309.57972469971133,8.0,55.6542977173943,548.3220144020701
420,Suez OUT - Piraeus,SEA,PILOT_TO_PILOT,5,420,170,6,7,SaidTssN,Kriti E,31.982067209627445,31.651723431218763,309.57972469971133,8.0,55.78765169178247,548.188660427682
421,Suez OUT - Piraeus,SEA,PILOT_TO_PILOT,5,421,171,6,7,SaidTssN,Kriti E,31.983476932056213,31.649699938393383,309.57972469971133,8.0,55.92100566617064,548.0553064532937
422,Suez OUT - Piraeus,SEA,PILOT_TO_PILOT,5,422,172,6,7,SaidTssN,Kriti E,31.984886622377825,31.647676383387413,309.57972469971133,8.0,56.054359640558815,547.9219524789056
423,Suez OUT - Piraeus,SEA,PILOT_TO_PILOT,5,423,173,6,7,SaidTssN,Kriti E,31.986296280589514,31.64565276619695,309.57972469971133,8.0,56.18771361494699,547.7885985045174
424,Suez OUT - Piraeus,SEA,PILOT_TO_PILOT,5,424,174,6,7,SaidTssN,Kriti E,31.987705906688547,31.64362908681809,309.57972469971133,8.0,56.32106758933517,547.6552445301293
425,Suez OUT - Piraeus,SEA,PILOT_TO_PILOT,5,425,175,6,7,SaidTssN,Kriti E,31.98911550067218,31.64160534524694,309.57972469971133,8.0,56.45442156372334,547.521890555741
426,Suez OUT - Piraeus,SEA,PILOT_TO_PILOT,5,426,176,6,7,SaidTssN,Kriti E,31.990525062537667,31.639581541479593,309.57972469971133,8.0,56.587775538111515,547.3885365813529
427,Suez OUT - Piraeus,SEA,PILOT_TO_PILOT,5,427,177,6,7,SaidTssN,Kriti E,31.99193459228226,31.637557675512163,309.57972469971133,8.0,56.72112951249969,547.2551826069647
428,Suez OUT - Piraeus,SEA,PILOT_TO_PILOT,5,428,178,6,7,SaidTssN,Kriti E,31.99334408990321,31.635533747340727,309.57972469971133,8.0,56.854483486887865,547.1218286325766
429,Suez OUT - Piraeus,SEA,PILOT_TO_PILOT,5,429,179,6,7,SaidTssN,Kriti E,31.994753555397782,31.633509756961416,309.57972469971133,8.0,56.98783746127604,546.9884746581884
430,Suez OUT - Piraeus,SEA,PILOT_TO_PILOT,5,430,180,6,7,SaidTssN,Kriti E,31.99616298876321,31.631485704370302,309.57972469971133,8.0,57.121191435664215,546.8551206838002
431,Suez OUT - Piraeus,SEA,PILOT_TO_PILOT,5,431,181,6,7,SaidTssN,Kriti E,31.997572389996765,31.629461589563505,309.57972469971133,8.0,57.25454541005239,546.721766709412
432,Suez OUT - Piraeus,SEA,PILOT_TO_PILOT,5,432,182,6,7,SaidTssN,Kriti E,31.998981759095695,31.627437412537105,309.57972469971133,8.0,57.38789938444056,546.5884127350239
433,Suez OUT - Piraeus,SEA,PILOT_TO_PILOT,5,433,183,6,7,SaidTssN,Kriti E,32.00039109605726,31.62541317328722,309.57972469971133,8.0,57.52125335882874,546.4550587606357
434,Suez OUT - Piraeus,SEA,PILOT_TO_PILOT,5,434,184,6,7,SaidTssN,Kriti E,32.001800400878686,31.62338887180994,309.57972469971133,8.0,57.65460733321691,546.3217047862476
435,Suez OUT - Piraeus,SEA,PILOT_TO_PILOT,5,435,185,6,7,SaidTssN,Kriti E,32.003209673557265,31.621364508101376,309.57972469971133,8.0,57.78796130760509,546.1883508118593
436,Suez OUT - Piraeus,SEA,PILOT_TO_PILOT,5,436,186,6,7,SaidTssN,Kriti E,32.00461891409022,31.619340082157617,309.57972469971133,8.0,57.92131528199326,546.0549968374712
437,Suez OUT - Piraeus,SEA,PILOT_TO_PILOT,5,437,187,6,7,SaidTssN,Kriti E,32.006028122474824,31.617315593974777,309.57972469971133,8.0,58.05466925638143,545.921642863083
438,Suez OUT - Piraeus,SEA,PILOT_TO_PILOT,5,438,188,6,7,SaidTssN,Kriti E,32.00743729870831,31.615291043548943,309.57972469971133,8.0,58.1880232307696,545.7882888886948
439,Suez OUT - Piraeus,SEA,PILOT_TO_PILOT,5,439,189,6,7,SaidTssN,Kriti E,32.008846442787934,31.613266430876212,309.57972469971133,8.0,58.32137720515778,545.6549349143066
440,Suez OUT - Piraeus,SEA,PILOT_TO_PILOT,5,440,190,6,7,SaidTssN,Kriti E,32.010255554710966,31.611241755952697,309.57972469971133,8.0,58.45473117954596,545.5215809399184
441,Suez OUT - Piraeus,SEA,PILOT_TO_PILOT,5,441,191,6,7,SaidTssN,Kriti E,32.011664634474634,31.609217018774498,309.57972469971133,8.0,58.58808515393413,545.3882269655303
442,Suez OUT - Piraeus,SEA,PILOT_TO_PILOT,5,442,192,6,7,SaidTssN,Kriti E,32.0130736820762,31.60719221933771,309.57972469971133,8.0,58.7214391283223,545.2548729911421
443,Suez OUT - Piraeus,SEA,PILOT_TO_PILOT,5,443,193,6,7,SaidTssN,Kriti E,32.01448269751292,31.60516735763843,309.57972469971133,8.0,58.854793102710474,545.121519016754
444,Suez OUT - Piraeus,SEA,PILOT_TO_PILOT,5,444,194,6,7,SaidTssN,Kriti E,32.01589168078203,31.603142433672765,309.57972469971133,8.0,58.98814707709865,544.9881650423657
445,Suez OUT - Piraeus,SEA,PILOT_TO_PILOT,5,445,195,6,7,SaidTssN,Kriti E,32.0173006318808,31.60111744743681,309.57972469971133,8.0,59.12150105148683,544.8548110679776
446,Suez OUT - Piraeus,SEA,PILOT_TO_PILOT,5,446,196,6,7,SaidTssN,Kriti E,32.01870955080647,31.599092398926672,309.57972469971133,8.0,59.254855025875,544.7214570935894
447,Suez OUT - Piraeus,SEA,PILOT_TO_PILOT,5,447,197,6,7,SaidTssN,Kriti E,32.020118437556285,31.59706728813844,309.57972469971133,8.0,59.388209000263174,544.5881031192013
448,Suez OUT - Piraeus,SEA,PILOT_TO_PILOT,5,448,198,6,7,SaidTssN,Kriti E,32.02152729212751,31.595042115068228,309.57972469971133,8.0,59.521562974651346,544.454749144813
449,Suez OUT - Piraeus,SEA,PILOT_TO_PILOT,5,449,199,6,7,SaidTssN,Kriti E,32.02293611451739,31.59301687971213,309.57972469971133,8.0,59.654916949039524,544.3213951704249
450,Suez OUT - Piraeus,SEA,PILOT_TO_PILOT,5,450,200,6,7,SaidTssN,Kriti E,32.024344904723165,31.590991582066245,309.57972469971133,8.0,59.7882709234277,544.1880411960367
451,Suez OUT - Piraeus,SEA,PILOT_TO_PILOT,5,451,201,6,7,SaidTssN,Kriti E,32.025753662742105,31.58896622212668,309.57972469971133,8.0,59.921624897815875,544.0546872216486
452,Suez OUT - Piraeus,SEA,PILOT_TO_PILOT,5,452,202,6,7,SaidTssN,Kriti E,32.02716238857143,31.58694079988953,309.57972469971133,8.0,60.054978872204046,543.9213332472603
453,Suez OUT - Piraeus,SEA,PILOT_TO_PILOT,5,453,203,6,7,SaidTssN,Kriti E,32.02857108220842,31.584915315350884,309.57972469971133,8.0,60.18833284659222,543.7879792728722
454,Suez OUT - Piraeus,SEA,PILOT_TO_PILOT,5,454,204,6,7,SaidTssN,Kriti E,32.0299797436503,31.582889768506867,309.57972469971133,8.0,60.321686820980396,543.654625298484
455,Suez OUT - Piraeus,SEA,PILOT_TO_PILOT,5,455,205,6,7,SaidTssN,Kriti E,32.03138837289434,31.580864159353563,309.57972469971133,8.0,60.455040795368575,543.5212713240958
456,Suez OUT - Piraeus,SEA,PILOT_TO_PILOT,5,456,206,6,7,SaidTssN,Kriti E,32.032796969937785,31.578838487887083,309.57972469971133,8.0,60.588394769756746,543.3879173497077
457,Suez OUT - Piraeus,SEA,PILOT_TO_PILOT,5,457,207,6,7,SaidTssN,Kriti E,32.03420553477786,31.576812754103507,309.57972469971133,8.0,60.72174874414492,543.2545633753195
458,Suez OUT - Piraeus,SEA,PILOT_TO_PILOT,5,458,208,6,7,SaidTssN,Kriti E,32.03561406741184,31.574786957998963,309.57972469971133,8.0,60.85510271853309,543.1212094009313
459,Suez OUT - Piraeus,SEA,PILOT_TO_PILOT,5,459,209,6,7,SaidTssN,Kriti E,32.03702256783697,31.572761099569533,309.57972469971133,8.0,60.98845669292127,542.9878554265431
460,Suez OUT - Piraeus,SEA,PILOT_TO_PILOT,5,460,210,6,7,SaidTssN,Kriti E,32.03843103605048,31.57073517881132,309.57972469971133,8.0,61.12181066730944,542.854501452155
461,Suez OUT - Piraeus,SEA,PILOT_TO_PILOT,5,461,211,6,7,SaidTssN,Kriti E,32.039839472049636,31.568709195720423,309.57972469971133,8.0,61.25516464169762,542.7211474777667
462,Suez OUT - Piraeus,SEA,PILOT_TO_PILOT,5,462,212,6,7,SaidTssN,Kriti E,32.04124787583168,31.566683150292956,309.57972469971133,8.0,61.38851861608579,542.5877935033786
463,Suez OUT - Piraeus,SEA,PILOT_TO_PILOT,5,463,213,6,7,SaidTssN,Kriti E,32.042656247393865,31.564657042525003,309.57972469971133,8.0,61.52187259047396,542.4544395289904
464,Suez OUT - Piraeus,SEA,PILOT_TO_PILOT,5,464,214,6,7,SaidTssN,Kriti E,32.04406458673342,31.562630872412676,309.57972469971133,8.0,61.65522656486214,542.3210855546023
465,Suez OUT - Piraeus,SEA,PILOT_TO_PILOT,5,465,215,6,7,SaidTssN,Kriti E,32.045472893847624,31.560604639952064,309.57972469971133,8.0,61.78858053925031,542.1877315802141
466,Suez OUT - Piraeus,SEA,PILOT_TO_PILOT,5,466,216,6,7,SaidTssN,Kriti E,32.04688116873369,31.55857834513928,309.57972469971133,8.0,61.92193451363849,542.054377605826
467,Suez OUT - Piraeus,SEA,PILOT_TO_PILOT,5,467,217,6,7,SaidTssN,Kriti E,32.04828941138889,31.55655198797042,309.57972469971133,8.0,62.05528848802666,541.9210236314377
468,Suez OUT - Piraeus,SEA,PILOT_TO_PILOT,5,468,218,6,7,SaidTssN,Kriti E,32.04969762181046,31.554525568441576,309.57972469971133,8.0,62.18864246241483,541.7876696570496
469,Suez OUT - Piraeus,SEA,PILOT_TO_PILOT,5,469,219,6,7,SaidTssN,Kriti E,32.05110579999564,31.552499086548863,309.57972469971133,8.0,62.321996436803005,541.6543156826614
470,Suez OUT - Piraeus,SEA,PILOT_TO_PILOT,5,470,220,6,7,SaidTssN,Kriti E,32.05251394594169,31.550472542288375,309.57972469971133,8.0,62.45535041119118,541.5209617082733
471,Suez OUT - Piraeus,SEA,PILOT_TO_PILOT,5,471,221,6,7,SaidTssN,Kriti E,32.053922059645856,31.54844593565621,309.57972469971133,8.0,62.58870438557936,541.387607733885
472,Suez OUT - Piraeus,SEA,PILOT_TO_PILOT,5,472,222,6,7,SaidTssN,Kriti E,32.05533014110536,31.546419266648467,309.57972469971133,8.0,62.722058359967534,541.2542537594969
473,Suez OUT - Piraeus,SEA,PILOT_TO_PILOT,5,473,223,6,7,SaidTssN,Kriti E,32.056738190317475,31.544392535261256,309.57972469971133,8.0,62.855412334355705,541.1208997851087
474,Suez OUT - Piraeus,SEA,PILOT_TO_PILOT,5,474,224,6,7,SaidTssN,Kriti E,32.05814620727944,31.54236574149067,309.57972469971133,8.0,62.98876630874388,540.9875458107206
475,Suez OUT - Piraeus,SEA,PILOT_TO_PILOT,5,475,225,6,7,SaidTssN,Kriti E,32.0595541919885,31.54033888533281,309.57972469971133,8.0,63.122120283132055,540.8541918363323
476,Suez OUT - Piraeus,SEA,PILOT_TO_PILOT,5,476,226,6,7,SaidTssN,Kriti E,32.060962144441895,31.538311966783777,309.57972469971133,8.0,63.255474257520234,540.7208378619441
477,Suez OUT - Piraeus,SEA,PILOT_TO_PILOT,5,477,227,6,7,SaidTssN,Kriti E,32.06237006463687,31.53628498583968,309.57972469971133,8.0,63.388828231908406,540.587483887556
478,Suez OUT - Piraeus,SEA,PILOT_TO_PILOT,5,478,228,6,7,SaidTssN,Kriti E,32.063777952570675,31.534257942496613,309.57972469971133,8.0,63.52218220629658,540.4541299131679
479,Suez OUT - Piraeus,SEA,PILOT_TO_PILOT,5,479,229,6,7,SaidTssN,Kriti E,32.06518580824055,31.532230836750667,309.57972469971133,8.0,63.65553618068475,540.3207759387797
480,Suez OUT - Piraeus,SEA,PILOT_TO_PILOT,5,480,230,6,7,SaidTssN,Kriti E,32.06659363164374,31.530203668597956,309.57972469971133,8.0,63.78889015507293,540.1874219643914
481,Suez OUT - Piraeus,SEA,PILOT_TO_PILOT,5,481,231,6,7,SaidTssN,Kriti E,32.06800142277749,31.528176438034578,309.57972469971133,8.0,63.922244129461106,540.0540679900033
482,Suez OUT - Piraeus,SEA,PILOT_TO_PILOT,5,482,232,6,7,SaidTssN,Kriti E,32.06940918163906,31.526149145056625,309.57972469971133,8.0,64.05559810384928,539.9207140156151
483,Suez OUT - Piraeus,SEA,PILOT_TO_PILOT,5,483,233,6,7,SaidTssN,Kriti E,32.07081690822566,31.52412178966021,309.57972469971133,8.0,64.18895207823745,539.787360041227
484,Suez OUT - Piraeus,SEA,PILOT_TO_PILOT,5,484,234,6,7,SaidTssN,Kriti E,32.07222460253457,31.522094371841437,309.57972469971133,8.0,64.32230605262562,539.6540060668387
485,Suez OUT - Piraeus,SEA,PILOT_TO_PILOT,5,485,235,6,7,SaidTssN,Kriti E,32.07363226456301,31.520066891596393,309.57972469971133,8.0,64.4556600270138,539.5206520924506
486,Suez OUT - Piraeus,SEA,PILOT_TO_PILOT,5,486,236,6,7,SaidTssN,Kriti E,32.075039894308226,31.518039348921185,309.57972469971133,8.0,64.58901400140198,539.3872981180624
487,Suez OUT - Piraeus,SEA,PILOT_TO_PILOT,5,487,237,6,7,SaidTssN,Kriti E,32.07644749176747,31.516011743811905,309.57972469971133,8.0,64.72236797579015,539.2539441436743
488,Suez OUT - Piraeus,SEA,PILOT_TO_PILOT,5,488,238,6,7,SaidTssN,Kriti E,32.07785505693797,31.51398407626467,309.57972469971133,8.0,64.85572195017832,539.1205901692861
489,Suez OUT - Piraeus,SEA,PILOT_TO_PILOT,5,489,239,6,7,SaidTssN,Kriti E,32.07926258981699,31.511956346275568,309.57972469971133,8.0,64.98907592456649,538.987236194898
490,Suez OUT - Piraeus,SEA,PILOT_TO_PILOT,5,490,240,6,7,SaidTssN,Kriti E,32.08067009040176,31.509928553840705,309.57972469971133,8.0,65.12242989895466,538.8538822205097
491,Suez OUT - Piraeus,SEA,PILOT_TO_PILOT,5,491,241,6,7,SaidTssN,Kriti E,32.08207755868951,31.50790069895618,309.57972469971133,8.0,65.25578387334284,538.7205282461216
492,Suez OUT - Piraeus,SEA,PILOT_TO_PILOT,5,492,242,6,7,SaidTssN,Kriti E,32.08348499467752,31.505872781618102,309.57972469971133,8.0,65.38913784773102,538.5871742717334
493,Suez OUT - Piraeus,SEA,PILOT_TO_PILOT,5,493,243,6,7,SaidTssN,Kriti E,32.08489239836299,31.503844801822552,309.57972469971133,8.0,65.52249182211919,538.4538202973453
494,Suez OUT - Piraeus,SEA,PILOT_TO_PILOT,5,494,244,6,7,SaidTssN,Kriti E,32.08629976974319,31.501816759565653,309.57972469971133,8.0,65.65584579650736,538.320466322957
495,Suez OUT - Piraeus,SEA,PILOT_TO_PILOT,5,495,245,6,7,SaidTssN,Kriti E,32.087707108815344,31.499788654843496,309.57972469971133,8.0,65.78919977089555,538.1871123485689
496,Suez OUT - Piraeus,SEA,PILOT_TO_PILOT,5,496,246,6,7,SaidTssN,Kriti E,32.089114415576695,31.497760487652176,309.57972469971133,8.0,65.92255374528372,538.0537583741807
497,Suez OUT - Piraeus,SEA,PILOT_TO_PILOT,5,497,247,6,7,SaidTssN,Kriti E,32.0905216900245,31.495732257987804,309.57972469971133,8.0,66.0559077196719,537.9204043997925
498,Suez OUT - Piraeus,SEA,PILOT_TO_PILOT,5,498,248,6,7,SaidTssN,Kriti E,32.091928932155994,31.493703965846482,309.57972469971133,8.0,66.18926169406006,537.7870504254043
499,Suez OUT - Piraeus,SEA,PILOT_TO_PILOT,5,499,249,6,7,SaidTssN,Kriti E,32.09333614196841,31.491675611224295,309.57972469971133,8.0,66.32261566844824,537.6536964510162
500,Suez OUT - Piraeus,SEA,PILOT_TO_PILOT,5,500,250,6,7,SaidTssN,Kriti E,32.09474331945899,31.48964719411736,309.57972469971133,8.0,66.45596964283641,537.520342476628
501,Suez OUT - Piraeus,SEA,PILOT_TO_PILOT,5,501,251,6,7,SaidTssN,Kriti E,32.09615046462499,31.48761871452177,309.57972469971133,8.0,66.58932361722458,537.3869885022398
502,Suez OUT - Piraeus,SEA,PILOT_TO_PILOT,5,502,252,6,7,SaidTssN,Kriti E,32.097557577463625,31.485590172433632,309.57972469971133,8.0,66.72267759161275,537.2536345278517
503,Suez OUT - Piraeus,SEA,PILOT_TO_PILOT,5,503,253,6,7,SaidTssN,Kriti E,32.098964657972154,31.483561567849044,309.57972469971133,8.0,66.85603156600094,537.1202805534634
504,Suez OUT - Piraeus,SEA,PILOT_TO_PILOT,5,504,254,6,7,SaidTssN,Kriti E,32.100371706147804,31.481532900764098,309.57972469971133,8.0,66.98938554038911,536.9869265790753
505,Suez OUT - Piraeus,SEA,PILOT_TO_PILOT,5,505,255,6,7,SaidTssN,Kriti E,32.101778721987834,31.479504171174913,309.57972469971133,8.0,67.1227395147773,536.8535726046871
506,Suez OUT - Piraeus,SEA,PILOT_TO_PILOT,5,506,256,6,7,SaidTssN,Kriti E,32.10318570548947,31.477475379077575,309.57972469971133,8.0,67.25609348916547,536.720218630299
507,Suez OUT - Piraeus,SEA,PILOT_TO_PILOT,5,507,257,6,7,SaidTssN,Kriti E,32.104592656649956,31.47544652446819,309.57972469971133,8.0,67.38944746355364,536.5868646559107
508,Suez OUT - Piraeus,SEA,PILOT_TO_PILOT,5,508,258,6,7,SaidTssN,Kriti E,32.10599957546652,31.47341760734286,309.57972469971133,8.0,67.52280143794181,536.4535106815226
509,Suez OUT - Piraeus,SEA,PILOT_TO_PILOT,5,509,259,6,7,SaidTssN,Kriti E,32.107406461936414,31.47138862769768,309.57972469971133,8.0,67.65615541232998,536.3201567071344
510,Suez OUT - Piraeus,SEA,PILOT_TO_PILOT,5,510,260,6,7,SaidTssN,Kriti E,32.108813316056874,31.469359585528768,309.57972469971133,8.0,67.78950938671815,536.1868027327463
511,Suez OUT - Piraeus,SEA,PILOT_TO_PILOT,5,511,261,6,7,SaidTssN,Kriti E,32.110220137825145,31.467330480832203,309.57972469971133,8.0,67.92286336110632,536.0534487583581
512,Suez OUT - Piraeus,SEA,PILOT_TO_PILOT,5,512,262,6,7,SaidTssN,Kriti E,32.11162692723844,31.465301313604094,309.57972469971133,8.0,68.0562173354945,535.92009478397
513,Suez OUT - Piraeus,SEA,PILOT_TO_PILOT,5,513,263,6,7,SaidTssN,Kriti E,32.113033684294024,31.46327208384055,309.57972469971133,8.0,68.18957130988268,535.7867408095817
514,Suez OUT - Piraeus,SEA,PILOT_TO_PILOT,5,514,264,6,7,SaidTssN,Kriti E,32.114440408989125,31.46124279153766,309.57972469971133,8.0,68.32292528427085,535.6533868351936
515,Suez OUT - Piraeus,SEA,PILOT_TO_PILOT,5,515,265,6,7,SaidTssN,Kriti E,32.115847101320995,31.459213436691538,309.57972469971133,8.0,68.45627925865902,535.5200328608054
516,Suez OUT - Piraeus,SEA,PILOT_TO_PILOT,5,516,266,6,7,SaidTssN,Kriti E,32.11725376128685,31.457184019298275,309.57972469971133,8.0,68.58963323304721,535.3866788864173
517,Suez OUT - Piraeus,SEA,PILOT_TO_PILOT,5,517,267,6,7,SaidTssN,Kriti E,32.11866038888393,31.455154539353973,309.57972469971133,8.0,68.72298720743538,535.253324912029
518,Suez OUT - Piraeus,SEA,PILOT_TO_PILOT,5,518,268,6,7,SaidTssN,Kriti E,32.12006698410949,31.453124996854736,309.57972469971133,8.0,68.85634118182355,535.1199709376408
519,Suez OUT - Piraeus,SEA,PILOT_TO_PILOT,5,519,269,6,7,SaidTssN,Kriti E,32.12147354696076,31.451095391796667,309.57972469971133,8.0,68.98969515621172,534.9866169632527
520,Suez OUT - Piraeus,SEA,PILOT_TO_PILOT,5,520,270,6,7,SaidTssN,Kriti E,32.12288007743497,31.44906572417586,309.57972469971133,8.0,69.1230491305999,534.8532629888646
521,Suez OUT - Piraeus,SEA,PILOT_TO_PILOT,5,521,271,6,7,SaidTssN,Kriti E,32.124286575529354,31.44703599398843,309.57972469971133,8.0,69.25640310498807,534.7199090144763
522,Suez OUT - Piraeus,SEA,PILOT_TO_PILOT,5,522,272,6,7,SaidTssN,Kriti E,32.12569304124117,31.44500620123046,309.57972469971133,8.0,69.38975707937624,534.5865550400881
523,Suez OUT - Piraeus,SEA,PILOT_TO_PILOT,5,523,273,6,7,SaidTssN,Kriti E,32.12709947456763,31.442976345898053,309.57972469971133,8.0,69.52311105376442,534.4532010657
524,Suez OUT - Piraeus,SEA,PILOT_TO_PILOT,5,524,274,6,7,SaidTssN,Kriti E,32.12850587550598,31.440946427987324,309.57972469971133,8.0,69.6564650281526,534.3198470913118
525,Suez OUT - Piraeus,SEA,PILOT_TO_PILOT,5,525,275,6,7,SaidTssN,Kriti E,32.12991224405345,31.438916447494375,309.57972469971133,8.0,69.78981900254077,534.1864931169237
526,Suez OUT - Piraeus,SEA,PILOT_TO_PILOT,5,526,276,6,7,SaidTssN,Kriti E,32.1313185802073,31.436886404415286,309.57972469971133,8.0,69.92317297692895,534.0531391425354
527,Suez OUT - Piraeus,SEA,PILOT_TO_PILOT,5,527,277,6,7,SaidTssN,Kriti E,32.13272488396474,31.43485629874618,309.57972469971133,8.0,70.05652695131712,533.9197851681473
528,Suez OUT - Piraeus,SEA,PILOT_TO_PILOT,5,528,278,6,7,SaidTssN,Kriti E,32.13413115532301,31.432826130483146,309.57972469971133,8.0,70.1898809257053,533.7864311937591
529,Suez OUT - Piraeus,SEA,PILOT_TO_PILOT,5,529,279,6,7,SaidTssN,Kriti E,32.13553739427935,31.430795899622296,309.57972469971133,8.0,70.32323490009347,533.653077219371
530,Suez OUT - Piraeus,SEA,PILOT_TO_PILOT,5,530,280,6,7,SaidTssN,Kriti E,32.13694360083101,31.428765606159715,309.57972469971133,8.0,70.45658887448164,533.5197232449827
531,Suez OUT - Piraeus,SEA,PILOT_TO_PILOT,5,531,281,6,7,SaidTssN,Kriti E,32.13834977497519,31.426735250091514,309.57972469971133,8.0,70.58994284886981,533.3863692705946
532,Suez OUT - Piraeus,SEA,PILOT_TO_PILOT,5,532,282,6,7,SaidTssN,Kriti E,32.13975591670916,31.42470483141379,309.57972469971133,8.0,70.72329682325798,533.2530152962064
533,Suez OUT - Piraeus,SEA,PILOT_TO_PILOT,5,533,283,6,7,SaidTssN,Kriti E,32.14116202603012,31.42267435012265,309.57972469971133,8.0,70.85665079764615,533.1196613218183
534,Suez OUT - Piraeus,SEA,PILOT_TO_PILOT,5,534,284,6,7,SaidTssN,Kriti E,32.14256810293534,31.420643806214198,309.57972469971133,8.0,70.99000477203434,532.98630734743
535,Suez OUT - Piraeus,SEA,PILOT_TO_PILOT,5,535,285,6,7,SaidTssN,Kriti E,32.143974147422036,31.418613199684533,309.57972469971133,8.0,71.12335874642251,532.8529533730419
536,Suez OUT - Piraeus,SEA,PILOT_TO_PILOT,5,536,286,6,7,SaidTssN,Kriti E,32.145380159487445,31.416582530529748,309.57972469971133,8.0,71.2567127208107,532.7195993986537
537,Suez OUT - Piraeus,SEA,PILOT_TO_PILOT,5,537,287,6,7,SaidTssN,Kriti E,32.1467861391288,31.414551798745947,309.57972469971133,8.0,71.39006669519887,532.5862454242656
538,Suez OUT - Piraeus,SEA,PILOT_TO_PILOT,5,538,288,6,7,SaidTssN,Kriti E,32.14819208634333,31.412521004329236,309.57972469971133,8.0,71.52342066958704,532.4528914498774
539,Suez OUT - Piraeus,SEA,PILOT_TO_PILOT,5,539,289,6,7,SaidTssN,Kriti E,32.149598001128275,31.41049014727572,309.57972469971133,8.0,71.65677464397521,532.3195374754891
540,Suez OUT - Piraeus,SEA,PILOT_TO_PILOT,5,540,290,6,7,SaidTssN,Kriti E,32.15100388348087,31.408459227581492,309.57972469971133,8.0,71.79012861836338,532.186183501101
541,Suez OUT - Piraeus,SEA,PILOT_TO_PILOT,5,541,291,6,7,SaidTssN,Kriti E,32.15240973339834,31.40642824524265,309.57972469971133,8.0,71.92348259275155,532.0528295267129
542,Suez OUT - Piraeus,SEA,PILOT_TO_PILOT,5,542,292,6,7,SaidTssN,Kriti E,32.15381555087793,31.404397200255307,309.57972469971133,8.0,72.05683656713973,531.9194755523247
543,Suez OUT - Piraeus,SEA,PILOT_TO_PILOT,5,543,293,6,7,SaidTssN,Kriti E,32.15522133591685,31.402366092615562,309.57972469971133,8.0,72.1901905415279,531.7861215779365
544,Suez OUT - Piraeus,SEA,PILOT_TO_PILOT,5,544,294,6,7,SaidTssN,Kriti E,32.156627088512366,31.40033492231951,309.57972469971133,8.0,72.32354451591608,531.6527676035483
545,Suez OUT - Piraeus,SEA,PILOT_TO_PILOT,5,545,295,6,7,SaidTssN,Kriti E,32.15803280866169,31.398303689363257,309.57972469971133,8.0,72.45689849030425,531.5194136291601
546,Suez OUT - Piraeus,SEA,PILOT_TO_PILOT,5,546,296,6,7,SaidTssN,Kriti E,32.15943849636205,31.396272393742898,309.57972469971133,8.0,72.59025246469243,531.386059654772
547,Suez OUT - Piraeus,SEA,PILOT_TO_PILOT,5,547,297,6,7,SaidTssN,Kriti E,32.16084415161069,31.39424103545454,309.57972469971133,8.0,72.72360643908061,531.2527056803838
548,Suez OUT - Piraeus,SEA,PILOT_TO_PILOT,5,548,298,6,7,SaidTssN,Kriti E,32.162249774404835,31.39220961449429,309.57972469971133,8.0,72.85696041346878,531.1193517059957
549,Suez OUT - Piraeus,SEA,PILOT_TO_PILOT,5,549,299,6,7,SaidTssN,Kriti E,32.16365536474172,31.39017813085824,309.57972469971133,8.0,72.99031438785696,530.9859977316074
550,Suez OUT - Piraeus,SEA,PILOT_TO_PILOT,5,550,300,6,7,SaidTssN,Kriti E,32.16506092261858,31.388146584542497,309.57972469971133,8.0,73.12366836224513,530.8526437572193
551,Suez OUT - Piraeus,SEA,PILOT_TO_PILOT,5,551,301,6,7,SaidTssN,Kriti E,32.16646644803264,31.38611497554316,309.57972469971133,8.0,73.2570223366333,530.7192897828311
552,Suez OUT - Piraeus,SEA,PILOT_TO_PILOT,5,552,302,6,7,SaidTssN,Kriti E,32.16787194098112,31.384083303856322,309.57972469971133,8.0,73.39037631102147,530.585935808443
553,Suez OUT - Piraeus,SEA,PILOT_TO_PILOT,5,553,303,6,7,SaidTssN,Kriti E,32.16927740146129,31.382051569478104,309.57972469971133,8.0,73.52373028540964,530.4525818340547
554,Suez OUT - Piraeus,SEA,PILOT_TO_PILOT,5,554,304,6,7,SaidTssN,Kriti E,32.17068282947032,31.380019772404598,309.57972469971133,8.0,73.65708425979783,530.3192278596666
555,Suez OUT - Piraeus,SEA,PILOT_TO_PILOT,5,555,305,6,7,SaidTssN,Kriti E,32.1720882250055,31.377987912631898,309.57972469971133,8.0,73.790438234186,530.1858738852784
556,Suez OUT - Piraeus,SEA,PILOT_TO_PILOT,5,556,306,6,7,SaidTssN,Kriti E,32.17349358806404,31.375955990156122,309.57972469971133,8.0,73.92379220857417,530.0525199108903
557,Suez OUT - Piraeus,SEA,PILOT_TO_PILOT,5,557,307,6,7,SaidTssN,Kriti E,32.17489891864315,31.373924004973347,309.57972469971133,8.0,74.05714618296236,529.919165936502
558,Suez OUT - Piraeus,SEA,PILOT_TO_PILOT,5,558,308,6,7,SaidTssN,Kriti E,32.17630421674008,31.3718919570797,309.57972469971133,8.0,74.19050015735053,529.7858119621139
559,Suez OUT - Piraeus,SEA,PILOT_TO_PILOT,5,559,309,6,7,SaidTssN,Kriti E,32.177709482352064,31.369859846471268,309.57972469971133,8.0,74.3238541317387,529.6524579877257
560,Suez OUT - Piraeus,SEA,PILOT_TO_PILOT,5,560,310,6,7,SaidTssN,Kriti E,32.17911471547632,31.36782767314415,309.57972469971133,8.0,74.45720810612687,529.5191040133375
561,Suez OUT - Piraeus,SEA,PILOT_TO_PILOT,5,561,311,6,7,SaidTssN,Kriti E,32.18051991611007,31.36579543709446,309.57972469971133,8.0,74.59056208051504,529.3857500389494
562,Suez OUT - Piraeus,SEA,PILOT_TO_PILOT,5,562,312,6,7,SaidTssN,Kriti E,32.18192508425058,31.363763138318298,309.57972469971133,8.0,74.72391605490321,529.2523960645613
563,Suez OUT - Piraeus,SEA,PILOT_TO_PILOT,5,563,313,6,7,SaidTssN,Kriti E,32.183330219895026,31.361730776811758,309.57972469971133,8.0,74.85727002929139,529.119042090173
564,Suez OUT - Piraeus,SEA,PILOT_TO_PILOT,5,564,314,6,7,SaidTssN,Kriti E,32.18473532304068,31.35969835257094,309.57972469971133,8.0,74.99062400367956,528.9856881157848
565,Suez OUT - Piraeus,SEA,PILOT_TO_PILOT,5,565,315,6,7,SaidTssN,Kriti E,32.18614039368476,31.357665865591958,309.57972469971133,8.0,75.12397797806774,528.8523341413967
566,Suez OUT - Piraeus,SEA,PILOT_TO_PILOT,5,566,316,6,7,SaidTssN,Kriti E,32.187545431824475,31.355633315870904,309.57972469971133,8.0,75.25733195245591,528.7189801670085
567,Suez OUT - Piraeus,SEA,PILOT_TO_PILOT,5,567,317,6,7,SaidTssN,Kriti E,32.18895043745708,31.353600703403878,309.57972469971133,8.0,75.3906859268441,528.5856261926203
568,Suez OUT - Piraeus,SEA,PILOT_TO_PILOT,5,568,318,6,7,SaidTssN,Kriti E,32.19035541057979,31.351568028186993,309.57972469971133,8.0,75.52403990123227,528.4522722182321
569,Suez OUT - Piraeus,SEA,PILOT_TO_PILOT,5,569,319,6,7,SaidTssN,Kriti E,32.19176035118982,31.349535290216338,309.57972469971133,8.0,75.65739387562044,528.318918243844
570,Suez OUT - Piraeus,SEA,PILOT_TO_PILOT,5,570,320,6,7,SaidTssN,Kriti E,32.19316525928443,31.34750248948801,309.57972469971133,8.0,75.79074785000861,528.1855642694558
571,Suez OUT - Piraeus,SEA,PILOT_TO_PILOT,5,571,321,6,7,SaidTssN,Kriti E,32.19457013486082,31.345469625998135,309.57972469971133,8.0,75.92410182439679,528.0522102950677
572,Suez OUT - Piraeus,SEA,PILOT_TO_PILOT,5,572,322,6,7,SaidTssN,Kriti E,32.19597497791622,31.3434366997428,309.57972469971133,8.0,76.05745579878496,527.9188563206794
573,Suez OUT - Piraeus,SEA,PILOT_TO_PILOT,5,573,323,6,7,SaidTssN,Kriti E,32.197379788447876,31.3414037107181,309.57972469971133,8.0,76.19080977317313,527.7855023462913
574,Suez OUT - Piraeus,SEA,PILOT_TO_PILOT,5,574,324,6,7,SaidTssN,Kriti E,32.19878456645301,31.339370658920156,309.57972469971133,8.0,76.3241637475613,527.6521483719031
575,Suez OUT - Piraeus,SEA,PILOT_TO_PILOT,5,575,325,6,7,SaidTssN,Kriti E,32.20018931192883,31.337337544345054,309.57972469971133,8.0,76.45751772194949,527.518794397515
576,Suez OUT - Piraeus,SEA,PILOT_TO_PILOT,5,576,326,6,7,SaidTssN,Kriti E,32.20159402487258,31.335304366988897,309.57972469971133,8.0,76.59087169633766,527.3854404231267
577,Suez OUT - Piraeus,SEA,PILOT_TO_PILOT,5,577,327,6,7,SaidTssN,Kriti E,32.20299870528149,31.333271126847784,309.57972469971133,8.0,76.72422567072583,527.2520864487386
578,Suez OUT - Piraeus,SEA,PILOT_TO_PILOT,5,578,328,6,7,SaidTssN,Kriti E,32.20440335315277,31.331237823917828,309.57972469971133,8.0,76.85757964511401,527.1187324743504
579,Suez OUT - Piraeus,SEA,PILOT_TO_PILOT,5,579,329,6,7,SaidTssN,Kriti E,32.20580796848365,31.32920445819513,309.57972469971133,8.0,76.99093361950219,526.9853784999623
580,Suez OUT - Piraeus,SEA,PILOT_TO_PILOT,5,580,330,6,7,SaidTssN,Kriti E,32.20721255127136,31.327171029675778,309.57972469971133,8.0,77.12428759389036,526.852024525574
581,Suez OUT - Piraeus,SEA,PILOT_TO_PILOT,5,581,331,6,7,SaidTssN,Kriti E,32.208617101513134,31.325137538355893,309.57972469971133,8.0,77.25764156827853,526.7186705511858
582,Suez OUT - Piraeus,SEA,PILOT_TO_PILOT,5,582,332,6,7,SaidTssN,Kriti E,32.2100216192062,31.32310398423156,309.57972469971133,8.0,77.3909955426667,526.5853165767977
583,Suez OUT - Piraeus,SEA,PILOT_TO_PILOT,5,583,333,6,7,SaidTssN,Kriti E,32.21142610434775,31.321070367298887,309.57972469971133,8.0,77.52434951705487,526.4519626024096
584,Suez OUT - Piraeus,SEA,PILOT_TO_PILOT,5,584,334,6,7,SaidTssN,Kriti E,32.212830556935046,31.319036687553982,309.57972469971133,8.0,77.65770349144304,526.3186086280214
585,Suez OUT - Piraeus,SEA,PILOT_TO_PILOT,5,585,335,6,7,SaidTssN,Kriti E,32.214234976965294,31.317002944992943,309.57972469971133,8.0,77.79105746583123,526.1852546536331
586,Suez OUT - Piraeus,SEA,PILOT_TO_PILOT,5,586,336,6,7,SaidTssN,Kriti E,32.21563936443573,31.314969139611865,309.57972469971133,8.0,77.9244114402194,526.051900679245
587,Suez OUT - Piraeus,SEA,PILOT_TO_PILOT,5,587,337,6,7,SaidTssN,Kriti E,32.217043719343565,31.312935271406857,309.57972469971133,8.0,78.05776541460757,525.9185467048568
588,Suez OUT - Piraeus,SEA,PILOT_TO_PILOT,5,588,338,6,7,SaidTssN,Kriti E,32.218448041686045,31.310901340374016,309.57972469971133,8.0,78.19111938899576,525.7851927304687
589,Suez OUT - Piraeus,SEA,PILOT_TO_PILOT,5,589,339,6,7,SaidTssN,Kriti E,32.219852331460366,31.308867346509466,309.57972469971133,8.0,78.32447336338393,525.6518387560805
590,Suez OUT - Piraeus,SEA,PILOT_TO_PILOT,5,590,340,6,7,SaidTssN,Kriti E,32.22125658866378,31.30683328980927,309.57972469971133,8.0,78.4578273377721,525.5184847816923
591,Suez OUT - Piraeus,SEA,PILOT_TO_PILOT,5,591,341,6,7,SaidTssN,Kriti E,32.22266081329349,31.304799170269565,309.57972469971133,8.0,78.59118131216027,525.3851308073041
592,Suez OUT - Piraeus,SEA,PILOT_TO_PILOT,5,592,342,6,7,SaidTssN,Kriti E,32.22406500534672,31.302764987886423,309.57972469971133,8.0,78.72453528654844,525.251776832916
593,Suez OUT - Piraeus,SEA,PILOT_TO_PILOT,5,593,343,6,7,SaidTssN,Kriti E,32.225469164820716,31.30073074265598,309.57972469971133,8.0,78.85788926093662,525.1184228585278
594,Suez OUT - Piraeus,SEA,PILOT_TO_PILOT,5,594,344,6,7,SaidTssN,Kriti E,32.22687329171268,31.29869643457431,309.57972469971133,8.0,78.99124323532479,524.9850688841397
595,Suez OUT - Piraeus,SEA,PILOT_TO_PILOT,5,595,345,6,7,SaidTssN,Kriti E,32.22827738601984,31.296662063637523,309.57972469971133,8.0,79.12459720971296,524.8517149097514
596,Suez OUT - Piraeus,SEA,PILOT_TO_PILOT,5,596,346,6,7,SaidTssN,Kriti E,32.22968144773943,31.294627629841735,309.57972469971133,8.0,79.25795118410115,524.7183609353633
597,Suez OUT - Piraeus,SEA,PILOT_TO_PILOT,5,597,347,6,7,SaidTssN,Kriti E,32.23108547686865,31.29259313318303,309.57972469971133,8.0,79.39130515848932,524.5850069609751
598,Suez OUT - Piraeus,SEA,PILOT_TO_PILOT,5,598,348,6,7,SaidTssN,Kriti E,32.23248947340475,31.29055857365752,309.57972469971133,8.0,79.5246591328775,524.4516529865869
599,Suez OUT - Piraeus,SEA,PILOT_TO_PILOT,5,599,349,6,7,SaidTssN,Kriti E,32.23389343734493,31.288523951261297,309.57972469971133,8.0,79.65801310726567,524.3182990121987
600,Suez OUT - Piraeus,SEA,PILOT_TO_PILOT,5,600,350,6,7,SaidTssN,Kriti E,32.235297368686425,31.286489265990465,309.57972469971133,8.0,79.79136708165385,524.1849450378106
601,Suez OUT - Piraeus,SEA,PILOT_TO_PILOT,5,601,351,6,7,SaidTssN,Kriti E,32.236701267426454,31.284454517841144,309.57972469971133,8.0,79.92472105604202,524.0515910634224
602,Suez OUT - Piraeus,SEA,PILOT_TO_PILOT,5,602,352,6,7,SaidTssN,Kriti E,32.23810513356223,31.282419706809417,309.57972469971133,8.0,80.05807503043019,523.9182370890342
603,Suez OUT - Piraeus,SEA,PILOT_TO_PILOT,5,603,353,6,7,SaidTssN,Kriti E,32.23950896709099,31.2803848328914,309.57972469971133,8.0,80.19142900481836,523.784883114646
604,Suez OUT - Piraeus,SEA,PILOT_TO_PILOT,5,604,354,6,7,SaidTssN,Kriti E,32.24091276800995,31.278349896083185,309.57972469971133,8.0,80.32478297920653,523.6515291402579
605,Suez OUT - Piraeus,SEA,PILOT_TO_PILOT,5,605,355,6,7,SaidTssN,Kriti E,32.24231653631632,31.27631489638087,309.57972469971133,8.0,80.4581369535947,523.5181751658697
606,Suez OUT - Piraeus,SEA,PILOT_TO_PILOT,5,606,356,6,7,SaidTssN,Kriti E,32.24372027200734,31.274279833780565,309.57972469971133,8.0,80.59149092798289,523.3848211914815
607,Suez OUT - Piraeus,SEA,PILOT_TO_PILOT,5,607,357,6,7,SaidTssN,Kriti E,32.24512397508021,31.272244708278382,309.57972469971133,8.0,80.72484490237106,523.2514672170934
608,Suez OUT - Piraeus,SEA,PILOT_TO_PILOT,5,608,358,6,7,SaidTssN,Kriti E,32.246527645532176,31.270209519870402,309.57972469971133,8.0,80.85819887675923,523.1181132427051
609,Suez OUT - Piraeus,SEA,PILOT_TO_PILOT,5,609,359,6,7,SaidTssN,Kriti E,32.247931283360444,31.268174268552745,309.57972469971133,8.0,80.99155285114742,522.984759268317
610,Suez OUT - Piraeus,SEA,PILOT_TO_PILOT,5,610,360,6,7,SaidTssN,Kriti E,32.249334888562224,31.266138954321505,309.57972469971133,8.0,81.12490682553559,522.8514052939288
611,Suez OUT - Piraeus,SEA,PILOT_TO_PILOT,5,611,361,6,7,SaidTssN,Kriti E,32.25073846113476,31.264103577172786,309.57972469971133,8.0,81.25826079992376,522.7180513195407
612,Suez OUT - Piraeus,SEA,PILOT_TO_PILOT,5,612,362,6,7,SaidTssN,Kriti E,32.252142001075256,31.2620681371027,309.57972469971133,8.0,81.39161477431193,522.5846973451524
613,Suez OUT - Piraeus,SEA,PILOT_TO_PILOT,5,613,363,6,7,SaidTssN,Kriti E,32.25354550838093,31.260032634107322,309.57972469971133,8.0,81.5249687487001,522.4513433707643
614,Suez OUT - Piraeus,SEA,PILOT_TO_PILOT,5,614,364,6,7,SaidTssN,Kriti E,32.25494898304901,31.25799706818278,309.57972469971133,8.0,81.65832272308828,522.3179893963761
615,Suez OUT - Piraeus,SEA,PILOT_TO_PILOT,5,615,365,6,7,SaidTssN,Kriti E,32.25635242507672,31.255961439325176,309.57972469971133,8.0,81.79167669747645,522.184635421988
616,Suez OUT - Piraeus,SEA,PILOT_TO_PILOT,5,616,366,6,7,SaidTssN,Kriti E,32.25775583446127,31.253925747530594,309.57972469971133,8.0,81.92503067186463,522.0512814475998
617,Suez OUT - Piraeus,SEA,PILOT_TO_PILOT,5,617,367,6,7,SaidTssN,Kriti E,32.259159211199865,31.251889992795153,309.57972469971133,8.0,82.0583846462528,521.9179274732116
618,Suez OUT - Piraeus,SEA,PILOT_TO_PILOT,5,618,368,6,7,SaidTssN,Kriti E,32.26056255528976,31.249854175114947,309.57972469971133,8.0,82.19173862064098,521.7845734988234
619,Suez OUT - Piraeus,SEA,PILOT_TO_PILOT,5,619,369,6,7,SaidTssN,Kriti E,32.26196586672815,31.247818294486084,309.57972469971133,8.0,82.32509259502916,521.6512195244352
620,Suez OUT - Piraeus,SEA,PILOT_TO_PILOT,5,620,370,6,7,SaidTssN,Kriti E,32.26336914551225,31.245782350904662,309.57972469971133,8.0,82.45844656941733,521.5178655500471
621,Suez OUT - Piraeus,SEA,PILOT_TO_PILOT,5,621,371,6,7,SaidTssN,Kriti E,32.26477239163929,31.243746344366784,309.57972469971133,8.0,82.5918005438055,521.384511575659
622,Suez OUT - Piraeus,SEA,PILOT_TO_PILOT,5,622,372,6,7,SaidTssN,Kriti E,32.26617560510649,31.241710274868563,309.57972469971133,8.0,82.72515451819368,521.2511576012707
623,Suez OUT - Piraeus,SEA,PILOT_TO_PILOT,5,623,373,6,7,SaidTssN,Kriti E,32.26757878591105,31.239674142406084,309.57972469971133,8.0,82.85850849258185,521.1178036268825
624,Suez OUT - Piraeus,SEA,PILOT_TO_PILOT,5,624,374,6,7,SaidTssN,Kriti E,32.26898193405021,31.23763794697546,309.57972469971133,8.0,82.99186246697002,520.9844496524944
625,Suez OUT - Piraeus,SEA,PILOT_TO_PILOT,5,625,375,6,7,SaidTssN,Kriti E,32.270385049521174,31.23560168857279,309.57972469971133,8.0,83.12521644135819,520.8510956781063
626,Suez OUT - Piraeus,SEA,PILOT_TO_PILOT,5,626,376,6,7,SaidTssN,Kriti E,32.27178813232116,31.23356536719418,309.57972469971133,8.0,83.25857041574636,520.717741703718
627,Suez OUT - Piraeus,SEA,PILOT_TO_PILOT,5,627,377,6,7,SaidTssN,Kriti E,32.27319118244739,31.231528982835737,309.57972469971133,8.0,83.39192439013455,520.5843877293298
628,Suez OUT - Piraeus,SEA,PILOT_TO_PILOT,5,628,378,6,7,SaidTssN,Kriti E,32.27459419989709,31.22949253549355,309.57972469971133,8.0,83.52527836452272,520.4510337549417
629,Suez OUT - Piraeus,SEA,PILOT_TO_PILOT,5,629,379,6,7,SaidTssN,Kriti E,32.27599718466745,31.22745602516373,309.57972469971133,8.0,83.6586323389109,520.3176797805535
630,Suez OUT - Piraeus,SEA,PILOT_TO_PILOT,5,630,380,6,7,SaidTssN,Kriti E,32.27740013675571,31.225419451842377,309.57972469971133,8.0,83.79198631329908,520.1843258061654
631,Suez OUT - Piraeus,SEA,PILOT_TO_PILOT,5,631,381,6,7,SaidTssN,Kriti E,32.27880305615908,31.2233828155256,309.57972469971133,8.0,83.92534028768725,520.0509718317771
632,Suez OUT - Piraeus,SEA,PILOT_TO_PILOT,5,632,382,6,7,SaidTssN,Kriti E,32.28020594287477,31.221346116209492,309.57972469971133,8.0,84.05869426207542,519.917617857389
633,Suez OUT - Piraeus,SEA,PILOT_TO_PILOT,5,633,383,6,7,SaidTssN,Kriti E,32.2816087969,31.219309353890168,309.57972469971133,8.0,84.19204823646359,519.7842638830008
634,Suez OUT - Piraeus,SEA,PILOT_TO_PILOT,5,634,384,6,7,SaidTssN,Kriti E,32.283011618232,31.217272528563726,309.57972469971133,8.0,84.32540221085176,519.6509099086127
635,Suez OUT - Piraeus,SEA,PILOT_TO_PILOT,5,635,385,6,7,SaidTssN,Kriti E,32.28441440686797,31.215235640226254,309.57972469971133,8.0,84.45875618523993,519.5175559342244
636,Suez OUT - Piraeus,SEA,PILOT_TO_PILOT,5,636,386,6,7,SaidTssN,Kriti E,32.285817162805124,31.213198688873874,309.57972469971133,8.0,84.5921101596281,519.3842019598363
637,Suez OUT - Piraeus,SEA,PILOT_TO_PILOT,5,637,387,6,7,SaidTssN,Kriti E,32.28721988604068,31.211161674502684,309.57972469971133,8.0,84.72546413401629,519.2508479854481
638,Suez OUT - Piraeus,SEA,PILOT_TO_PILOT,5,638,388,6,7,SaidTssN,Kriti E,32.28862257657186,31.209124597108783,309.57972469971133,8.0,84.85881810840446,519.11749401106
639,Suez OUT - Piraeus,SEA,PILOT_TO_PILOT,5,639,389,6,7,SaidTssN,Kriti E,32.29002523439588,31.207087456688278,309.57972469971133,8.0,84.99217208279264,518.9841400366718
640,Suez OUT - Piraeus,SEA,PILOT_TO_PILOT,5,640,390,6,7,SaidTssN,Kriti E,32.291427859509945,31.205050253237264,309.57972469971133,8.0,85.12552605718082,518.8507860622835
641,Suez OUT - Piraeus,SEA,PILOT_TO_PILOT,5,641,391,6,7,SaidTssN,Kriti E,32.29283045191128,31.20301298675185,309.57972469971133,8.0,85.25888003156899,518.7174320878954
642,Suez OUT - Piraeus,SEA,PILOT_TO_PILOT,5,642,392,6,7,SaidTssN,Kriti E,32.294233011597086,31.200975657228145,309.57972469971133,8.0,85.39223400595716,518.5840781135073
643,Suez OUT - Piraeus,SEA,PILOT_TO_PILOT,5,643,393,6,7,SaidTssN,Kriti E,32.29563553856459,31.198938264662235,309.57972469971133,8.0,85.52558798034534,518.4507241391191
644,Suez OUT - Piraeus,SEA,PILOT_TO_PILOT,5,644,394,6,7,SaidTssN,Kriti E,32.29703803281099,31.196900809050252,309.57972469971133,8.0,85.6589419547335,518.3173701647308
645,Suez OUT - Piraeus,SEA,PILOT_TO_PILOT,5,645,395,6,7,SaidTssN,Kriti E,32.29844049433352,31.19486329038826,309.57972469971133,8.0,85.79229592912168,518.1840161903427
646,Suez OUT - Piraeus,SEA,PILOT_TO_PILOT,5,646,396,6,7,SaidTssN,Kriti E,32.29984292312939,31.19282570867239,309.57972469971133,8.0,85.92564990350985,518.0506622159546
647,Suez OUT - Piraeus,SEA,PILOT_TO_PILOT,5,647,397,6,7,SaidTssN,Kriti E,32.3012453191958,31.190788063898736,309.57972469971133,8.0,86.05900387789804,517.9173082415664
648,Suez OUT - Piraeus,SEA,PILOT_TO_PILOT,5,648,398,6,7,SaidTssN,Kriti E,32.302647682529965,31.1887503560634,309.57972469971133,8.0,86.19235785228621,517.7839542671782
649,Suez OUT - Piraeus,SEA,PILOT_TO_PILOT,5,649,399,6,7,SaidTssN,Kriti E,32.304050013129114,31.186712585162486,309.57972469971133,8.0,86.32571182667438,517.65060029279
650,Suez OUT - Piraeus,SEA,PILOT_TO_PILOT,5,650,400,6,7,SaidTssN,Kriti E,32.305452310990454,31.1846747511921,309.57972469971133,8.0,86.45906580106256,517.5172463184018
651,Suez OUT - Piraeus,SEA,PILOT_TO_PILOT,5,651,401,6,7,SaidTssN,Kriti E,32.30685457611119,31.182636854148345,309.57972469971133,8.0,86.59241977545074,517.3838923440137
652,Suez OUT - Piraeus,SEA,PILOT_TO_PILOT,5,652,402,6,7,SaidTssN,Kriti E,32.30825680848854,31.180598894027316,309.57972469971133,8.0,86.72577374983891,517.2505383696255
653,Suez OUT - Piraeus,SEA,PILOT_TO_PILOT,5,653,403,6,7,SaidTssN,Kriti E,32.30965900811972,31.178560870825127,309.57972469971133,8.0,86.85912772422708,517.1171843952374
654,Suez OUT - Piraeus,SEA,PILOT_TO_PILOT,5,654,404,6,7,SaidTssN,Kriti E,32.31106117500193,31.176522784537877,309.57972469971133,8.0,86.99248169861525,516.9838304208491
655,Suez OUT - Piraeus,SEA,PILOT_TO_PILOT,5,655,405,6,7,SaidTssN,Kriti E,32.3124633091324,31.174484635161665,309.57972469971133,8.0,87.12583567300342,516.850476446461
656,Suez OUT - Piraeus,SEA,PILOT_TO_PILOT,5,656,406,6,7,SaidTssN,Kriti E,32.31386541050833,31.172446422692598,309.57972469971133,8.0,87.2591896473916,516.7171224720728
657,Suez OUT - Piraeus,SEA,PILOT_TO_PILOT,5,657,407,6,7,SaidTssN,Kriti E,32.31526747912693,31.170408147126786,309.57972469971133,8.0,87.39254362177977,516.5837684976847
658,Suez OUT - Piraeus,SEA,PILOT_TO_PILOT,5,658,408,6,7,SaidTssN,Kriti E,32.31666951498541,31.168369808460312,309.57972469971133,8.0,87.52589759616795,516.4504145232964
659,Suez OUT - Piraeus,SEA,PILOT_TO_PILOT,5,659,409,6,7,SaidTssN,Kriti E,32.31807151808099,31.1663314066893,309.57972469971133,8.0,87.65925157055612,516.3170605489083
660,Suez OUT - Piraeus,SEA,PILOT_TO_PILOT,5,660,410,6,7,SaidTssN,Kriti E,32.31947348841088,31.164292941809844,309.57972469971133,8.0,87.79260554494431,516.1837065745201
661,Suez OUT - Piraeus,SEA,PILOT_TO_PILOT,5,661,411,6,7,SaidTssN,Kriti E,32.32087542597228,31.162254413818047,309.57972469971133,8.0,87.92595951933248,516.0503526001319
662,Suez OUT - Piraeus,SEA,PILOT_TO_PILOT,5,662,412,6,7,SaidTssN,Kriti E,32.322277330762425,31.160215822710015,309.57972469971133,8.0,88.05931349372065,515.9169986257438
663,Suez OUT - Piraeus,SEA,PILOT_TO_PILOT,5,663,413,6,7,SaidTssN,Kriti E,32.32367920277851,31.158177168481846,309.57972469971133,8.0,88.19266746810882,515.7836446513556
664,Suez OUT - Piraeus,SEA,PILOT_TO_PILOT,5,664,414,6,7,SaidTssN,Kriti E,32.32508104201773,31.156138451129653,309.57972469971133,8.0,88.326021442497,515.6502906769674
665,Suez OUT - Piraeus,SEA,PILOT_TO_PILOT,5,665,415,6,7,SaidTssN,Kriti E,32.32648284847732,31.154099670649522,309.57972469971133,8.0,88.45937541688517,515.5169367025792
666,Suez OUT - Piraeus,SEA,PILOT_TO_PILOT,5,666,416,6,7,SaidTssN,Kriti E,32.32788462215448,31.152060827037577,309.57972469971133,8.0,88.59272939127334,515.3835827281911
667,Suez OUT - Piraeus,SEA,PILOT_TO_PILOT,5,667,417,6,7,SaidTssN,Kriti E,32.329286363046414,31.150021920289912,309.57972469971133,8.0,88.72608336566151,515.250228753803
668,Suez OUT - Piraeus,SEA,PILOT_TO_PILOT,5,668,418,6,7,SaidTssN,Kriti E,32.330688071150334,31.147982950402625,309.57972469971133,8.0,88.8594373400497,515.1168747794147
669,Suez OUT - Piraeus,SEA,PILOT_TO_PILOT,5,669,419,6,7,SaidTssN,Kriti E,32.33208974646347,31.145943917371824,309.57972469971133,8.0,88.99279131443787,514.9835208050265
670,Suez OUT - Piraeus,SEA,PILOT_TO_PILOT,5,670,420,6,7,SaidTssN,Kriti E,32.33349138898299,31.143904821193622,309.57972469971133,8.0,89.12614528882604,514.8501668306384
671,Suez OUT - Piraeus,SEA,PILOT_TO_PILOT,5,671,421,6,7,SaidTssN,Kriti E,32.33489299870615,31.141865661864102,309.57972469971133,8.0,89.25949926321422,514.7168128562502
672,Suez OUT - Piraeus,SEA,PILOT_TO_PILOT,5,672,422,6,7,SaidTssN,Kriti E,32.33629457563013,31.139826439379384,309.57972469971133,8.0,89.3928532376024,514.583458881862
673,Suez OUT - Piraeus,SEA,PILOT_TO_PILOT,5,673,423,6,7,SaidTssN,Kriti E,32.337696119752145,31.137787153735562,309.57972469971133,8.0,89.52620721199057,514.4501049074738
674,Suez OUT - Piraeus,SEA,PILOT_TO_PILOT,5,674,424,6,7,SaidTssN,Kriti E,32.33909763106941,31.135747804928755,309.57972469971133,8.0,89.65956118637874,514.3167509330857
675,Suez OUT - Piraeus,SEA,PILOT_TO_PILOT,5,675,425,6,7,SaidTssN,Kriti E,32.340499109579106,31.133708392955047,309.57972469971133,8.0,89.79291516076691,514.1833969586975
676,Suez OUT - Piraeus,SEA,PILOT_TO_PILOT,5,676,426,6,7,SaidTssN,Kriti E,32.341900555278485,31.131668917810547,309.57972469971133,8.0,89.92626913515508,514.0500429843094
677,Suez OUT - Piraeus,SEA,PILOT_TO_PILOT,5,677,427,6,7,SaidTssN,Kriti E,32.34330196816472,31.129629379491366,309.57972469971133,8.0,90.05962310954325,513.9166890099211
678,Suez OUT - Piraeus,SEA,PILOT_TO_PILOT,5,678,428,6,7,SaidTssN,Kriti E,32.344703348235036,31.127589777993602,309.57972469971133,8.0,90.19297708393144,513.783335035533
679,Suez OUT - Piraeus,SEA,PILOT_TO_PILOT,5,679,429,6,7,SaidTssN,Kriti E,32.34610469548663,31.12555011331336,309.57972469971133,8.0,90.32633105831961,513.6499810611448
680,Suez OUT - Piraeus,SEA,PILOT_TO_PILOT,5,680,430,6,7,SaidTssN,Kriti E,32.34750600991672,31.123510385446743,309.57972469971133,8.0,90.45968503270778,513.5166270867567
681,Suez OUT - Piraeus,SEA,PILOT_TO_PILOT,5,681,431,6,7,SaidTssN,Kriti E,32.34890729152251,31.121470594389855,309.57972469971133,8.0,90.59303900709597,513.3832731123684
682,Suez OUT - Piraeus,SEA,PILOT_TO_PILOT,5,682,432,6,7,SaidTssN,Kriti E,32.3503085403012,31.119430740138796,309.57972469971133,8.0,90.72639298148414,513.2499191379802
683,Suez OUT - Piraeus,SEA,PILOT_TO_PILOT,5,683,433,6,7,SaidTssN,Kriti E,32.35170975625,31.117390822689675,309.57972469971133,8.0,90.85974695587231,513.1165651635921
684,Suez OUT - Piraeus,SEA,PILOT_TO_PILOT,5,684,434,6,7,SaidTssN,Kriti E,32.353110939366125,31.11535084203859,309.57972469971133,8.0,90.99310093026048,512.983211189204
685,Suez OUT - Piraeus,SEA,PILOT_TO_PILOT,5,685,435,6,7,SaidTssN,Kriti E,32.35451208964678,31.113310798181654,309.57972469971133,8.0,91.12645490464865,512.8498572148158
686,Suez OUT - Piraeus,SEA,PILOT_TO_PILOT,5,686,436,6,7,SaidTssN,Kriti E,32.35591320708915,31.11127069111496,309.57972469971133,8.0,91.25980887903683,512.7165032404275
687,Suez OUT - Piraeus,SEA,PILOT_TO_PILOT,5,687,437,6,7,SaidTssN,Kriti E,32.35731429169048,31.109230520834622,309.57972469971133,8.0,91.393162853425,512.5831492660394
688,Suez OUT - Piraeus,SEA,PILOT_TO_PILOT,5,688,438,6,7,SaidTssN,Kriti E,32.35871534344793,31.10719028733673,309.57972469971133,8.0,91.52651682781317,512.4497952916513
689,Suez OUT - Piraeus,SEA,PILOT_TO_PILOT,5,689,439,6,7,SaidTssN,Kriti E,32.360116362358745,31.105149990617402,309.57972469971133,8.0,91.65987080220135,512.3164413172631
690,Suez OUT - Piraeus,SEA,PILOT_TO_PILOT,5,690,440,6,7,SaidTssN,Kriti E,32.36151734842011,31.10310963067273,309.57972469971133,8.0,91.79322477658953,512.1830873428748
691,Suez OUT - Piraeus,SEA,PILOT_TO_PILOT,5,691,441,6,7,SaidTssN,Kriti E,32.36291830162923,31.10106920749883,309.57972469971133,8.0,91.92657875097771,512.0497333684867
692,Suez OUT - Piraeus,SEA,PILOT_TO_PILOT,5,692,442,6,7,SaidTssN,Kriti E,32.36431922198332,31.099028721091795,309.57972469971133,8.0,92.05993272536588,511.9163793940985
693,Suez OUT - Piraeus,SEA,PILOT_TO_PILOT,5,693,443,6,7,SaidTssN,Kriti E,32.36572010947958,31.096988171447734,309.57972469971133,8.0,92.19328669975405,511.7830254197104
694,Suez OUT - Piraeus,SEA,PILOT_TO_PILOT,5,694,444,6,7,SaidTssN,Kriti E,32.367120964115216,31.094947558562748,309.57972469971133,8.0,92.32664067414223,511.64967144532216
695,Suez OUT - Piraeus,SEA,PILOT_TO_PILOT,5,695,445,6,7,SaidTssN,Kriti E,32.36852178588744,31.092906882432946,309.57972469971133,8.0,92.4599946485304,511.51631747093404
696,Suez OUT - Piraeus,SEA,PILOT_TO_PILOT,5,696,446,6,7,SaidTssN,Kriti E,32.369922574793435,31.090866143054424,309.57972469971133,8.0,92.59334862291857,511.3829634965458
697,Suez OUT - Piraeus,SEA,PILOT_TO_PILOT,5,697,447,6,7,SaidTssN,Kriti E,32.37132333083042,31.088825340423295,309.57972469971133,8.0,92.72670259730674,511.2496095221577
698,Suez OUT - Piraeus,SEA,PILOT_TO_PILOT,5,698,448,6,7,SaidTssN,Kriti E,32.3727240539956,31.086784474535666,309.57972469971133,8.0,92.86005657169491,511.11625554776947
699,Suez OUT - Piraeus,SEA,PILOT_TO_PILOT,5,699,449,6,7,SaidTssN,Kriti E,32.37412474428618,31.08474354538762,309.57972469971133,8.0,92.9934105460831,510.9829015733813
700,Suez OUT - Piraeus,SEA,PILOT_TO_PILOT,5,700,450,6,7,SaidTssN,Kriti E,32.375525401699356,31.08270255297528,309.57972469971133,8.0,93.12676452047127,510.8495475989931
701,Suez OUT - Piraeus,SEA,PILOT_TO_PILOT,5,701,451,6,7,SaidTssN,Kriti E,32.37692602623233,31.08066149729474,309.57972469971133,8.0,93.26011849485944,510.71619362460495
702,Suez OUT - Piraeus,SEA,PILOT_TO_PILOT,5,702,452,6,7,SaidTssN,Kriti E,32.37832661788232,31.07862037834211,309.57972469971133,8.0,93.39347246924763,510.5828396502168
703,Suez OUT - Piraeus,SEA,PILOT_TO_PILOT,5,703,453,6,7,SaidTssN,Kriti E,32.379727176646526,31.076579196113503,309.57972469971133,8.0,93.5268264436358,510.4494856758286
704,Suez OUT - Piraeus,SEA,PILOT_TO_PILOT,5,704,454,6,7,SaidTssN,Kriti E,32.38112770252212,31.074537950605,309.57972469971133,8.0,93.66018041802397,510.31613170144044
705,Suez OUT - Piraeus,SEA,PILOT_TO_PILOT,5,705,455,6,7,SaidTssN,Kriti E,32.38252819550635,31.07249664181272,309.57972469971133,8.0,93.79353439241214,510.18277772705227
706,Suez OUT - Piraeus,SEA,PILOT_TO_PILOT,5,706,456,6,7,SaidTssN,Kriti E,32.383928655596385,31.070455269732772,309.57972469971133,8.0,93.92688836680031,510.0494237526641
707,Suez OUT - Piraeus,SEA,PILOT_TO_PILOT,5,707,457,6,7,SaidTssN,Kriti E,32.38532908278946,31.068413834361245,309.57972469971133,8.0,94.06024234118848,509.9160697782759
708,Suez OUT - Piraeus,SEA,PILOT_TO_PILOT,5,708,458,6,7,SaidTssN,Kriti E,32.386729477082746,31.066372335694258,309.57972469971133,8.0,94.19359631557666,509.78271580388775
709,Suez OUT - Piraeus,SEA,PILOT_TO_PILOT,5,709,459,6,7,SaidTssN,Kriti E,32.388129838473446,31.064330773727907,309.57972469971133,8.0,94.32695028996484,509.6493618294996
710,Suez OUT - Piraeus,SEA,PILOT_TO_PILOT,5,710,460,6,7,SaidTssN,Kriti E,32.38953016695879,31.062289148458287,309.57972469971133,8.0,94.46030426435301,509.5160078551114
711,Suez OUT - Piraeus,SEA,PILOT_TO_PILOT,5,711,461,6,7,SaidTssN,Kriti E,32.390930462535955,31.06024745988152,309.57972469971133,8.0,94.59365823874118,509.38265388072324
712,Suez OUT - Piraeus,SEA,PILOT_TO_PILOT,5,712,462,6,7,SaidTssN,Kriti E,32.39233072520215,31.0582057079937,309.57972469971133,8.0,94.72701221312937,509.24929990633507
713,Suez OUT - Piraeus,SEA,PILOT_TO_PILOT,5,713,463,6,7,SaidTssN,Kriti E,32.393730954954584,31.056163892790945,309.57972469971133,8.0,94.86036618751754,509.11594593194684
714,Suez OUT - Piraeus,SEA,PILOT_TO_PILOT,5,714,464,6,7,SaidTssN,Kriti E,32.39513115179043,31.054122014269332,309.57972469971133,8.0,94.99372016190571,508.9825919575587
715,Suez OUT - Piraeus,SEA,PILOT_TO_PILOT,5,715,465,6,7,SaidTssN,Kriti E,32.39653131570692,31.052080072424992,309.57972469971133,8.0,95.12707413629388,508.8492379831705
716,Suez OUT - Piraeus,SEA,PILOT_TO_PILOT,5,716,466,6,7,SaidTssN,Kriti E,32.39793144670125,31.050038067254018,309.57972469971133,8.0,95.26042811068206,508.7158840087824
717,Suez OUT - Piraeus,SEA,PILOT_TO_PILOT,5,717,467,6,7,SaidTssN,Kriti E,32.399331544770604,31.04799599875251,309.57972469971133,8.0,95.39378208507023,508.58253003439415
718,Suez OUT - Piraeus,SEA,PILOT_TO_PILOT,5,718,468,6,7,SaidTssN,Kriti E,32.4007316099122,31.045953866916573,309.57972469971133,8.0,95.5271360594584,508.44917606000604
719,Suez OUT - Piraeus,SEA,PILOT_TO_PILOT,5,719,469,6,7,SaidTssN,Kriti E,32.40213164212323,31.043911671742332,309.57972469971133,8.0,95.66049003384657,508.3158220856178
720,Suez OUT - Piraeus,SEA,PILOT_TO_PILOT,5,720,470,6,7,SaidTssN,Kriti E,32.40353164140089,31.041869413225864,309.57972469971133,8.0,95.79384400823476,508.18246811122964
721,Suez OUT - Piraeus,SEA,PILOT_TO_PILOT,5,721,471,6,7,SaidTssN,Kriti E,32.404931607742384,31.039827091363286,309.57972469971133,8.0,95.92719798262293,508.04911413684147
722,Suez OUT - Piraeus,SEA,PILOT_TO_PILOT,5,722,472,6,7,SaidTssN,Kriti E,32.406331541144915,31.0377847061507,309.57972469971133,8.0,96.06055195701111,507.9157601624533
723,Suez OUT - Piraeus,SEA,PILOT_TO_PILOT,5,723,473,6,7,SaidTssN,Kriti E,32.407731441605684,31.03574225758422,309.57972469971133,8.0,96.19390593139929,507.7824061880651
724,Suez OUT - Piraeus,SEA,PILOT_TO_PILOT,5,724,474,6,7,SaidTssN,Kriti E,32.409131309121875,31.033699745659938,309.57972469971133,8.0,96.32725990578746,507.64905221367695
725,Suez OUT - Piraeus,SEA,PILOT_TO_PILOT,5,725,475,6,7,SaidTssN,Kriti E,32.4105311436907,31.031657170373954,309.57972469971133,8.0,96.46061388017563,507.5156982392888
726,Suez OUT - Piraeus,SEA,PILOT_TO_PILOT,5,726,476,6,7,SaidTssN,Kriti E,32.41193094530936,31.029614531722387,309.57972469971133,8.0,96.5939678545638,507.3823442649006
727,Suez OUT - Piraeus,SEA,PILOT_TO_PILOT,5,727,477,6,7,SaidTssN,Kriti E,32.41333071397504,31.027571829701337,309.57972469971133,8.0,96.72732182895197,507.24899029051244
728,Suez OUT - Piraeus,SEA,PILOT_TO_PILOT,5,728,478,6,7,SaidTssN,Kriti E,32.41473044968495,31.025529064306912,309.57972469971133,8.0,96.86067580334014,507.11563631612427
729,Suez OUT - Piraeus,SEA,PILOT_TO_PILOT,5,729,479,6,7,SaidTssN,Kriti E,32.416130152436295,31.0234862355352,309.57972469971133,8.0,96.99402977772831,506.9822823417361
730,Suez OUT - Piraeus,SEA,PILOT_TO_PILOT,5,730,480,6,7,SaidTssN,Kriti E,32.41752982222626,31.021443343382323,309.57972469971133,8.0,97.1273837521165,506.8489283673479
731,Suez OUT - Piraeus,SEA,PILOT_TO_PILOT,5,731,481,6,7,SaidTssN,Kriti E,32.418929459052045,31.01940038784438,309.57972469971133,8.0,97.26073772650467,506.71557439295975
732,Suez OUT - Piraeus,SEA,PILOT_TO_PILOT,5,732,482,6,7,SaidTssN,Kriti E,32.42032906291084,31.01735736891748,309.57972469971133,8.0,97.39409170089284,506.5822204185716
733,Suez OUT - Piraeus,SEA,PILOT_TO_PILOT,5,733,483,6,7,SaidTssN,Kriti E,32.421728633799866,31.015314286597714,309.57972469971133,8.0,97.52744567528102,506.4488664441834
734,Suez OUT - Piraeus,SEA,PILOT_TO_PILOT,5,734,484,6,7,SaidTssN,Kriti E,32.42312817171629,31.013271140881205,309.57972469971133,8.0,97.6607996496692,506.3155124697952
735,Suez OUT - Piraeus,SEA,PILOT_TO_PILOT,5,735,485,6,7,SaidTssN,Kriti E,32.42452767665734,31.011227931764044,309.57972469971133,8.0,97.79415362405737,506.18215849540707
736,Suez OUT - Piraeus,SEA,PILOT_TO_PILOT,5,736,486,6,7,SaidTssN,Kriti E,32.425927148620204,31.009184659242344,309.57972469971133,8.0,97.92750759844554,506.04880452101884
737,Suez OUT - Piraeus,SEA,PILOT_TO_PILOT,5,737,487,6,7,SaidTssN,Kriti E,32.42732658760205,31.007141323312197,309.57972469971133,8.0,98.06086157283372,505.9154505466307
738,Suez OUT - Piraeus,SEA,PILOT_TO_PILOT,5,738,488,6,7,SaidTssN,Kriti E,32.42872599360012,31.00509792396972,309.57972469971133,8.0,98.19421554722189,505.7820965722425
739,Suez OUT - Piraeus,SEA,PILOT_TO_PILOT,5,739,489,6,7,SaidTssN,Kriti E,32.43012536661158,31.003054461211025,309.57972469971133,8.0,98.32756952161007,505.6487425978543
740,Suez OUT - Piraeus,SEA,PILOT_TO_PILOT,5,740,490,6,7,SaidTssN,Kriti E,32.43152470663364,31.0010109350322,309.57972469971133,8.0,98.46092349599824,505.51538862346615
741,Suez OUT - Piraeus,SEA,PILOT_TO_PILOT,5,741,491,6,7,SaidTssN,Kriti E,32.432924013663474,30.998967345429357,309.57972469971133,8.0,98.59427747038642,505.382034649078
742,Suez OUT - Piraeus,SEA,PILOT_TO_PILOT,5,742,492,6,7,SaidTssN,Kriti E,32.434323287698305,30.996923692398596,309.57972469971133,8.0,98.72763144477459,505.2486806746898
743,Suez OUT - Piraeus,SEA,PILOT_TO_PILOT,5,743,493,6,7,SaidTssN,Kriti E,32.43572252873532,30.994879975936033,309.57972469971133,8.0,98.86098541916276,505.11532670030164
744,Suez OUT - Piraeus,SEA,PILOT_TO_PILOT,5,744,494,6,7,SaidTssN,Kriti E,32.4371217367717,30.992836196037754,309.57972469971133,8.0,98.99433939355094,504.98197272591347
745,Suez OUT - Piraeus,SEA,PILOT_TO_PILOT,5,745,495,6,7,SaidTssN,Kriti E,32.438520911804666,30.99079235269989,309.57972469971133,8.0,99.12769336793912,504.8486187515253
746,Suez OUT - Piraeus,SEA,PILOT_TO_PILOT,5,746,496,6,7,SaidTssN,Kriti E,32.43992005383139,30.988748445918528,309.57972469971133,8.0,99.26104734232729,504.7152647771371
747,Suez OUT - Piraeus,SEA,PILOT_TO_PILOT,5,747,497,6,7,SaidTssN,Kriti E,32.441319162849084,30.986704475689777,309.57972469971133,8.0,99.39440131671546,504.58191080274895
748,Suez OUT - Piraeus,SEA,PILOT_TO_PILOT,5,748,498,6,7,SaidTssN,Kriti E,32.44271823885494,30.98466044200974,309.57972469971133,8.0,99.52775529110363,504.4485568283608
749,Suez OUT - Piraeus,SEA,PILOT_TO_PILOT,5,749,499,6,7,SaidTssN,Kriti E,32.44411728184615,30.982616344874522,309.57972469971133,8.0,99.6611092654918,504.3152028539726
750,Suez OUT - Piraeus,SEA,PILOT_TO_PILOT,5,750,500,6,7,SaidTssN,Kriti E,32.445516291819885,30.98057218428023,309.57972469971133,8.0,99.79446323987999,504.18184887958444
751,Suez OUT - Piraeus,SEA,PILOT_TO_PILOT,5,751,501,6,7,SaidTssN,Kriti E,32.446915268773374,30.978527960222973,309.57972469971133,8.0,99.92781721426816,504.04849490519626
752,Suez OUT - Piraeus,SEA,PILOT_TO_PILOT,5,752,502,6,7,SaidTssN,Kriti E,32.44831421270379,30.976483672698848,309.57972469971133,8.0,100.06117118865633,503.9151409308081
753,Suez OUT - Piraeus,SEA,PILOT_TO_PILOT,5,753,503,6,7,SaidTssN,Kriti E,32.44971312360835,30.974439321703976,309.57972469971133,8.0,100.1945251630445,503.7817869564199
754,Suez OUT - Piraeus,SEA,PILOT_TO_PILOT,5,754,504,6,7,SaidTssN,Kriti E,32.45111200148422,30.972394907234435,309.57972469971133,8.0,100.32787913743267,503.64843298203175
755,Suez OUT - Piraeus,SEA,PILOT_TO_PILOT,5,755,505,6,7,SaidTssN,Kriti E,32.4525108463286,30.970350429286352,309.57972469971133,8.0,100.46123311182086,503.5150790076435
756,Suez OUT - Piraeus,SEA,PILOT_TO_PILOT,5,756,506,6,7,SaidTssN,Kriti E,32.4539096581387,30.968305887855823,309.57972469971133,8.0,100.59458708620903,503.3817250332554
757,Suez OUT - Piraeus,SEA,PILOT_TO_PILOT,5,757,507,6,7,SaidTssN,Kriti E,32.4553084369117,30.966261282938966,309.57972469971133,8.0,100.7279410605972,503.2483710588672
758,Suez OUT - Piraeus,SEA,PILOT_TO_PILOT,5,758,508,6,7,SaidTssN,Kriti E,32.45670718264479,30.964216614531864,309.57972469971133,8.0,100.86129503498537,503.11501708447906
759,Suez OUT - Piraeus,SEA,PILOT_TO_PILOT,5,759,509,6,7,SaidTssN,Kriti E,32.458105895335166,30.96217188263064,309.57972469971133,8.0,100.99464900937355,502.98166311009084
760,Suez OUT - Piraeus,SEA,PILOT_TO_PILOT,5,760,510,6,7,SaidTssN,Kriti E,32.45950457498003,30.960127087231395,309.57972469971133,8.0,101.12800298376173,502.84830913570266
761,Suez OUT - Piraeus,SEA,PILOT_TO_PILOT,5,761,511,6,7,SaidTssN,Kriti E,32.46090322157655,30.958082228330234,309.57972469971133,8.0,101.2613569581499,502.7149551613145
762,Suez OUT - Piraeus,SEA,PILOT_TO_PILOT,5,762,512,6,7,SaidTssN,Kriti E,32.462301835121956,30.956037305923267,309.57972469971133,8.0,101.39471093253808,502.5816011869263
763,Suez OUT - Piraeus,SEA,PILOT_TO_PILOT,5,763,513,6,7,SaidTssN,Kriti E,32.46370041561341,30.953992320006584,309.57972469971133,8.0,101.52806490692625,502.44824721253815
764,Suez OUT - Piraeus,SEA,PILOT_TO_PILOT,5,764,514,6,7,SaidTssN,Kriti E,32.465098963048106,30.951947270576305,309.57972469971133,8.0,101.66141888131442,502.31489323815
765,Suez OUT - Piraeus,SEA,PILOT_TO_PILOT,5,765,515,6,7,SaidTssN,Kriti E,32.46649747742324,30.94990215762852,309.57972469971133,8.0,101.7947728557026,502.1815392637618
766,Suez OUT - Piraeus,SEA,PILOT_TO_PILOT,5,766,516,6,7,SaidTssN,Kriti E,32.46789595873601,30.947856981159358,309.57972469971133,8.0,101.92812683009078,502.04818528937363
767,Suez OUT - Piraeus,SEA,PILOT_TO_PILOT,5,767,517,6,7,SaidTssN,Kriti E,32.4692944069836,30.94581174116491,309.57972469971133,8.0,102.06148080447895,501.91483131498546
768,Suez OUT - Piraeus,SEA,PILOT_TO_PILOT,5,768,518,6,7,SaidTssN,Kriti E,32.4706928221632,30.94376643764128,309.57972469971133,8.0,102.19483477886712,501.7814773405973
769,Suez OUT - Piraeus,SEA,PILOT_TO_PILOT,5,769,519,6,7,SaidTssN,Kriti E,32.472091204272004,30.941721070584574,309.57972469971133,8.0,102.32818875325529,501.6481233662091
770,Suez OUT - Piraeus,SEA,PILOT_TO_PILOT,5,770,520,6,7,SaidTssN,Kriti E,32.4734895533072,30.939675639990906,309.57972469971133,8.0,102.46154272764348,501.51476939182095
771,Suez OUT - Piraeus,SEA,PILOT_TO_PILOT,5,771,521,6,7,SaidTssN,Kriti E,32.47488786926599,30.93763014585637,309.57972469971133,8.0,102.59489670203165,501.3814154174328
772,Suez OUT - Piraeus,SEA,PILOT_TO_PILOT,5,772,522,6,7,SaidTssN,Kriti E,32.47628615214555,30.93558458817708,309.57972469971133,8.0,102.72825067641982,501.2480614430446
773,Suez OUT - Piraeus,SEA,PILOT_TO_PILOT,5,773,523,6,7,SaidTssN,Kriti E,32.47768440194307,30.933538966949136,309.57972469971133,8.0,102.86160465080799,501.11470746865643
774,Suez OUT - Piraeus,SEA,PILOT_TO_PILOT,5,774,524,6,7,SaidTssN,Kriti E,32.47908261865575,30.93149328216865,309.57972469971133,8.0,102.99495862519616,500.98135349426826
775,Suez OUT - Piraeus,SEA,PILOT_TO_PILOT,5,775,525,6,7,SaidTssN,Kriti E,32.48048080228077,30.929447533831727,309.57972469971133,8.0,103.12831259958435,500.8479995198801
776,Suez OUT - Piraeus,SEA,PILOT_TO_PILOT,5,776,526,6,7,SaidTssN,Kriti E,32.48187895281533,30.92740172193446,309.57972469971133,8.0,103.26166657397252,500.71464554549186
777,Suez OUT - Piraeus,SEA,PILOT_TO_PILOT,5,777,527,6,7,SaidTssN,Kriti E,32.48327707025661,30.92535584647297,309.57972469971133,8.0,103.39502054836069,500.58129157110375
778,Suez OUT - Piraeus,SEA,PILOT_TO_PILOT,5,778,528,6,7,SaidTssN,Kriti E,32.4846751546018,30.923309907443354,309.57972469971133,8.0,103.52837452274886,500.4479375967155
779,Suez OUT - Piraeus,SEA,PILOT_TO_PILOT,5,779,529,6,7,SaidTssN,Kriti E,32.48607320584809,30.921263904841723,309.57972469971133,8.0,103.66172849713703,500.3145836223274
780,Suez OUT - Piraeus,SEA,PILOT_TO_PILOT,5,780,530,6,7,SaidTssN,Kriti E,32.48747122399268,30.919217838664185,309.57972469971133,8.0,103.7950824715252,500.1812296479392
781,Suez OUT - Piraeus,SEA,PILOT_TO_PILOT,5,781,531,6,7,SaidTssN,Kriti E,32.48886920903275,30.917171708906835,309.57972469971133,8.0,103.92843644591339,500.047875673551
782,Suez OUT - Piraeus,SEA,PILOT_TO_PILOT,5,782,532,6,7,SaidTssN,Kriti E,32.49026716096547,30.915125515565787,309.57972469971133,8.0,104.06179042030156,499.91452169916283
783,Suez OUT - Piraeus,SEA,PILOT_TO_PILOT,5,783,533,6,7,SaidTssN,Kriti E,32.491665079788056,30.913079258637143,309.57972469971133,8.0,104.19514439468973,499.78116772477466
784,Suez OUT - Piraeus,SEA,PILOT_TO_PILOT,5,784,534,6,7,SaidTssN,Kriti E,32.493062965497685,30.911032938117014,309.57972469971133,8.0,104.3284983690779,499.6478137503865
785,Suez OUT - Piraeus,SEA,PILOT_TO_PILOT,5,785,535,6,7,SaidTssN,Kriti E,32.49446081809154,30.908986554001505,309.57972469971133,8.0,104.46185234346608,499.5144597759983
786,Suez OUT - Piraeus,SEA,PILOT_TO_PILOT,5,786,536,6,7,SaidTssN,Kriti E,32.49585863756682,30.90694010628672,309.57972469971133,8.0,104.59520631785426,499.38110580161015
787,Suez OUT - Piraeus,SEA,PILOT_TO_PILOT,5,787,537,6,7,SaidTssN,Kriti E,32.497256423920696,30.90489359496875,309.57972469971133,8.0,104.72856029224243,499.247751827222
788,Suez OUT - Piraeus,SEA,PILOT_TO_PILOT,5,788,538,6,7,SaidTssN,Kriti E,32.49865417715038,30.902847020043733,309.57972469971133,8.0,104.8619142666306,499.1143978528338
789,Suez OUT - Piraeus,SEA,PILOT_TO_PILOT,5,789,539,6,7,SaidTssN,Kriti E,32.500051897253044,30.900800381507743,309.57972469971133,8.0,104.99526824101878,498.98104387844563
790,Suez OUT - Piraeus,SEA,PILOT_TO_PILOT,5,790,540,6,7,SaidTssN,Kriti E,32.50144958422587,30.89875367935692,309.57972469971133,8.0,105.12862221540695,498.84768990405746
791,Suez OUT - Piraeus,SEA,PILOT_TO_PILOT,5,791,541,6,7,SaidTssN,Kriti E,32.502847238066046,30.89670691358733,309.57972469971133,8.0,105.26197618979513,498.7143359296693
792,Suez OUT - Piraeus,SEA,PILOT_TO_PILOT,5,792,542,6,7,SaidTssN,Kriti E,32.504244858770754,30.894660084195113,309.57972469971133,8.0,105.3953301641833,498.5809819552811
793,Suez OUT - Piraeus,SEA,PILOT_TO_PILOT,5,793,543,6,7,SaidTssN,Kriti E,32.505642446337205,30.892613191176356,309.57972469971133,8.0,105.52868413857148,498.44762798089295
794,Suez OUT - Piraeus,SEA,PILOT_TO_PILOT,5,794,544,6,7,SaidTssN,Kriti E,32.50704000076257,30.890566234527174,309.57972469971133,8.0,105.66203811295965,498.3142740065048
795,Suez OUT - Piraeus,SEA,PILOT_TO_PILOT,5,795,545,6,7,SaidTssN,Kriti E,32.50843752204402,30.88851921424367,309.57972469971133,8.0,105.79539208734782,498.1809200321166
796,Suez OUT - Piraeus,SEA,PILOT_TO_PILOT,5,796,546,6,7,SaidTssN,Kriti E,32.50983501017877,30.886472130321945,309.57972469971133,8.0,105.928746061736,498.04756605772843
797,Suez OUT - Piraeus,SEA,PILOT_TO_PILOT,5,797,547,6,7,SaidTssN,Kriti E,32.51123246516398,30.88442498275811,309.57972469971133,8.0,106.06210003612418,497.9142120833402
798,Suez OUT - Piraeus,SEA,PILOT_TO_PILOT,5,798,548,6,7,SaidTssN,Kriti E,32.51262988699684,30.882377771548278,309.57972469971133,8.0,106.19545401051235,497.7808581089521
799,Suez OUT - Piraeus,SEA,PILOT_TO_PILOT,5,799,549,6,7,SaidTssN,Kriti E,32.51402727567455,30.88033049668855,309.57972469971133,8.0,106.32880798490052,497.64750413456386
800,Suez OUT - Piraeus,SEA,PILOT_TO_PILOT,5,800,550,6,7,SaidTssN,Kriti E,32.51542463119429,30.878283158175027,309.57972469971133,8.0,106.4621619592887,497.51415016017575
801,Suez OUT - Piraeus,SEA,PILOT_TO_PILOT,5,801,551,6,7,SaidTssN,Kriti E,32.51682195355324,30.876235756003812,309.57972469971133,8.0,106.59551593367688,497.3807961857875
802,Suez OUT - Piraeus,SEA,PILOT_TO_PILOT,5,802,552,6,7,SaidTssN,Kriti E,32.51821924274858,30.874188290171027,309.57972469971133,8.0,106.72886990806505,497.24744221139935
803,Suez OUT - Piraeus,SEA,PILOT_TO_PILOT,5,803,553,6,7,SaidTssN,Kriti E,32.519616498777495,30.87214076067277,309.57972469971133,8.0,106.86222388245322,497.1140882370112
804,Suez OUT - Piraeus,SEA,PILOT_TO_PILOT,5,804,554,6,7,SaidTssN,Kriti E,32.52101372163718,30.870093167505146,309.57972469971133,8.0,106.9955778568414,496.980734262623
805,Suez OUT - Piraeus,SEA,PILOT_TO_PILOT,5,805,555,6,7,SaidTssN,Kriti E,32.52241091132481,30.868045510664256,309.57972469971133,8.0,107.12893183122956,496.84738028823483
806,Suez OUT - Piraeus,SEA,PILOT_TO_PILOT,5,806,556,6,7,SaidTssN,Kriti E,32.52380806783757,30.865997790146217,309.57972469971133,8.0,107.26228580561775,496.71402631384666
807,Suez OUT - Piraeus,SEA,PILOT_TO_PILOT,5,807,557,6,7,SaidTssN,Kriti E,32.52520519117265,30.86395000594714,309.57972469971133,8.0,107.39563978000592,496.5806723394585
808,Suez OUT - Piraeus,SEA,PILOT_TO_PILOT,5,808,558,6,7,SaidTssN,Kriti E,32.52660228132723,30.861902158063113,309.57972469971133,8.0,107.5289937543941,496.4473183650703
809,Suez OUT - Piraeus,SEA,PILOT_TO_PILOT,5,809,559,6,7,SaidTssN,Kriti E,32.52799933829849,30.859854246490254,309.57972469971133,8.0,107.66234772878227,496.31396439068214
810,Suez OUT - Piraeus,SEA,PILOT_TO_PILOT,5,810,560,6,7,SaidTssN,Kriti E,32.52939636208362,30.85780627122467,309.57972469971133,8.0,107.79570170317044,496.180610416294
811,Suez OUT - Piraeus,SEA,PILOT_TO_PILOT,5,811,561,6,7,SaidTssN,Kriti E,32.53079335267979,30.85575823226247,309.57972469971133,8.0,107.92905567755861,496.0472564419058
812,Suez OUT - Piraeus,SEA,PILOT_TO_PILOT,5,812,562,6,7,SaidTssN,Kriti E,32.5321903100842,30.85371012959975,309.57972469971133,8.0,108.0624096519468,495.91390246751763
813,Suez OUT - Piraeus,SEA,PILOT_TO_PILOT,5,813,563,6,7,SaidTssN,Kriti E,32.53358723429402,30.851661963232626,309.57972469971133,8.0,108.19576362633497,495.78054849312946
814,Suez OUT - Piraeus,SEA,PILOT_TO_PILOT,5,814,564,6,7,SaidTssN,Kriti E,32.53498412530644,30.849613733157202,309.57972469971133,8.0,108.32911760072314,495.6471945187413
815,Suez OUT - Piraeus,SEA,PILOT_TO_PILOT,5,815,565,6,7,SaidTssN,Kriti E,32.536380983118626,30.847565439369575,309.57972469971133,8.0,108.46247157511131,495.5138405443531
816,Suez OUT - Piraeus,SEA,PILOT_TO_PILOT,5,816,566,6,7,SaidTssN,Kriti E,32.53777780772778,30.84551708186587,309.57972469971133,8.0,108.59582554949948,495.38048656996494
817,Suez OUT - Piraeus,SEA,PILOT_TO_PILOT,5,817,567,6,7,SaidTssN,Kriti E,32.53917459913108,30.843468660642188,309.57972469971133,8.0,108.72917952388767,495.2471325955768
818,Suez OUT - Piraeus,SEA,PILOT_TO_PILOT,5,818,568,6,7,SaidTssN,Kriti E,32.540571357325696,30.841420175694616,309.57972469971133,8.0,108.86253349827584,495.11377862118854
819,Suez OUT - Piraeus,SEA,PILOT_TO_PILOT,5,819,569,6,7,SaidTssN,Kriti E,32.54196808230882,30.839371627019286,309.57972469971133,8.0,108.99588747266401,494.98042464680043
820,Suez OUT - Piraeus,SEA,PILOT_TO_PILOT,5,820,570,6,7,SaidTssN,Kriti E,32.54336477407764,30.8373230146123,309.57972469971133,8.0,109.12924144705218,494.8470706724122
821,Suez OUT - Piraeus,SEA,PILOT_TO_PILOT,5,821,571,6,7,SaidTssN,Kriti E,32.54476143262932,30.835274338469755,309.57972469971133,8.0,109.26259542144035,494.7137166980241
822,Suez OUT - Piraeus,SEA,PILOT_TO_PILOT,5,822,572,6,7,SaidTssN,Kriti E,32.54615805796105,30.833225598587763,309.57972469971133,8.0,109.39594939582854,494.58036272363586
823,Suez OUT - Piraeus,SEA,PILOT_TO_PILOT,5,823,573,6,7,SaidTssN,Kriti E,32.547554650070005,30.83117679496243,309.57972469971133,8.0,109.52930337021671,494.4470087492477
824,Suez OUT - Piraeus,SEA,PILOT_TO_PILOT,5,824,574,6,7,SaidTssN,Kriti E,32.548951208953376,30.829127927589866,309.57972469971133,8.0,109.66265734460488,494.3136547748595
825,Suez OUT - Piraeus,SEA,PILOT_TO_PILOT,5,825,575,6,7,SaidTssN,Kriti E,32.55034773460834,30.82707899646618,309.57972469971133,8.0,109.79601131899305,494.18030080047134
826,Suez OUT - Piraeus,SEA,PILOT_TO_PILOT,5,826,576,6,7,SaidTssN,Kriti E,32.55174422703205,30.825030001587475,309.57972469971133,8.0,109.92936529338122,494.0469468260832
827,Suez OUT - Piraeus,SEA,PILOT_TO_PILOT,5,827,577,6,7,SaidTssN,Kriti E,32.55314068622173,30.822980942949847,309.57972469971133,8.0,110.06271926776941,493.913592851695
828,Suez OUT - Piraeus,SEA,PILOT_TO_PILOT,5,828,578,6,7,SaidTssN,Kriti E,32.55453711217455,30.820931820549422,309.57972469971133,8.0,110.19607324215758,493.78023887730683
829,Suez OUT - Piraeus,SEA,PILOT_TO_PILOT,5,829,579,6,7,SaidTssN,Kriti E,32.55593350488767,30.818882634382298,309.57972469971133,8.0,110.32942721654575,493.64688490291866
830,Suez OUT - Piraeus,SEA,PILOT_TO_PILOT,5,830,580,6,7,SaidTssN,Kriti E,32.557329864358266,30.81683338444458,309.57972469971133,8.0,110.46278119093392,493.5135309285305
831,Suez OUT - Piraeus,SEA,PILOT_TO_PILOT,5,831,581,6,7,SaidTssN,Kriti E,32.55872619058354,30.814784070732383,309.57972469971133,8.0,110.5961351653221,493.3801769541423
832,Suez OUT - Piraeus,SEA,PILOT_TO_PILOT,5,832,582,6,7,SaidTssN,Kriti E,32.56012248356067,30.812734693241804,309.57972469971133,8.0,110.72948913971028,493.24682297975414
833,Suez OUT - Piraeus,SEA,PILOT_TO_PILOT,5,833,583,6,7,SaidTssN,Kriti E,32.56151874328682,30.810685251968966,309.57972469971133,8.0,110.86284311409845,493.11346900536597
834,Suez OUT - Piraeus,SEA,PILOT_TO_PILOT,5,834,584,6,7,SaidTssN,Kriti E,32.56291496975917,30.80863574690995,309.57972469971133,8.0,110.99619708848662,492.9801150309778
835,Suez OUT - Piraeus,SEA,PILOT_TO_PILOT,5,835,585,6,7,SaidTssN,Kriti E,32.5643111629749,30.806586178060883,309.57972469971133,8.0,111.1295510628748,492.8467610565896
836,Suez OUT - Piraeus,SEA,PILOT_TO_PILOT,5,836,586,6,7,SaidTssN,Kriti E,32.5657073229312,30.804536545417875,309.57972469971133,8.0,111.26290503726297,492.71340708220146
837,Suez OUT - Piraeus,SEA,PILOT_TO_PILOT,5,837,587,6,7,SaidTssN,Kriti E,32.567103449625236,30.802486848977015,309.57972469971133,8.0,111.39625901165115,492.5800531078132
838,Suez OUT - Piraeus,SEA,PILOT_TO_PILOT,5,838,588,6,7,SaidTssN,Kriti E,32.56849954305419,30.80043708873443,309.57972469971133,8.0,111.52961298603933,492.4466991334251
839,Suez OUT - Piraeus,SEA,PILOT_TO_PILOT,5,839,589,6,7,SaidTssN,Kriti E,32.569895603215244,30.798387264686212,309.57972469971133,8.0,111.6629669604275,492.3133451590369
840,Suez OUT - Piraeus,SEA,PILOT_TO_PILOT,5,840,590,6,7,SaidTssN,Kriti E,32.571291630105556,30.796337376828472,309.57972469971133,8.0,111.79632093481567,492.17999118464877
841,Suez OUT - Piraeus,SEA,PILOT_TO_PILOT,5,841,591,6,7,SaidTssN,Kriti E,32.57268762372233,30.794287425157332,309.57972469971133,8.0,111.92967490920384,492.04663721026054
842,Suez OUT - Piraeus,SEA,PILOT_TO_PILOT,5,842,592,6,7,SaidTssN,Kriti E,32.574083584062734,30.792237409668882,309.57972469971133,8.0,112.06302888359201,491.9132832358724
843,Suez OUT - Piraeus,SEA,PILOT_TO_PILOT,5,843,593,6,7,SaidTssN,Kriti E,32.57547951112394,30.790187330359235,309.57972469971133,8.0,112.1963828579802,491.7799292614842
844,Suez OUT - Piraeus,SEA,PILOT_TO_PILOT,5,844,594,6,7,SaidTssN,Kriti E,32.57687540490312,30.788137187224503,309.57972469971133,8.0,112.32973683236837,491.646575287096
845,Suez OUT - Piraeus,SEA,PILOT_TO_PILOT,5,845,595,6,7,SaidTssN,Kriti E,32.57827126539746,30.786086980260777,309.57972469971133,8.0,112.46309080675654,491.51322131270786
846,Suez OUT - Piraeus,SEA,PILOT_TO_PILOT,5,846,596,6,7,SaidTssN,Kriti E,32.57966709260413,30.78403670946419,309.57972469971133,8.0,112.59644478114471,491.3798673383197
847,Suez OUT - Piraeus,SEA,PILOT_TO_PILOT,5,847,597,6,7,SaidTssN,Kriti E,32.581062886520314,30.781986374830822,309.57972469971133,8.0,112.72979875553288,491.2465133639315
848,Suez OUT - Piraeus,SEA,PILOT_TO_PILOT,5,848,598,6,7,SaidTssN,Kriti E,32.58245864714319,30.779935976356796,309.57972469971133,8.0,112.86315272992107,491.11315938954334
849,Suez OUT - Piraeus,SEA,PILOT_TO_PILOT,5,849,599,6,7,SaidTssN,Kriti E,32.58385437446992,30.77788551403823,309.57972469971133,8.0,112.99650670430924,490.97980541515517
850,Suez OUT - Piraeus,SEA,PILOT_TO_PILOT,5,850,600,6,7,SaidTssN,Kriti E,32.58525006849769,30.77583498787121,309.57972469971133,8.0,113.12986067869741,490.846451440767
851,Suez OUT - Piraeus,SEA,PILOT_TO_PILOT,5,851,601,6,7,SaidTssN,Kriti E,32.58664572922366,30.773784397851852,309.57972469971133,8.0,113.26321465308558,490.7130974663788
852,Suez OUT - Piraeus,SEA,PILOT_TO_PILOT,5,852,602,6,7,SaidTssN,Kriti E,32.58804135664504,30.77173374397627,309.57972469971133,8.0,113.39656862747375,490.57974349199066
853,Suez OUT - Piraeus,SEA,PILOT_TO_PILOT,5,853,603,6,7,SaidTssN,Kriti E,32.589436950758966,30.769683026240564,309.57972469971133,8.0,113.52992260186194,490.4463895176025
854,Suez OUT - Piraeus,SEA,PILOT_TO_PILOT,5,854,604,6,7,SaidTssN,Kriti E,32.59083251156264,30.767632244640836,309.57972469971133,8.0,113.66327657625011,490.3130355432143
855,Suez OUT - Piraeus,SEA,PILOT_TO_PILOT,5,855,605,6,7,SaidTssN,Kriti E,32.592228039053225,30.765581399173215,309.57972469971133,8.0,113.79663055063828,490.17968156882614
856,Suez OUT - Piraeus,SEA,PILOT_TO_PILOT,5,856,606,6,7,SaidTssN,Kriti E,32.5936235332279,30.763530489833794,309.57972469971133,8.0,113.92998452502646,490.04632759443797
857,Suez OUT - Piraeus,SEA,PILOT_TO_PILOT,5,857,607,6,7,SaidTssN,Kriti E,32.59501899408382,30.761479516618678,309.57972469971133,8.0,114.06333849941463,489.9129736200498
858,Suez OUT - Piraeus,SEA,PILOT_TO_PILOT,5,858,608,6,7,SaidTssN,Kriti E,32.5964144216182,30.759428479523983,309.57972469971133,8.0,114.19669247380281,489.77961964566157
859,Suez OUT - Piraeus,SEA,PILOT_TO_PILOT,5,859,609,6,7,SaidTssN,Kriti E,32.597809815828185,30.757377378545808,309.57972469971133,8.0,114.33004644819098,489.64626567127345
860,Suez OUT - Piraeus,SEA,PILOT_TO_PILOT,5,860,610,6,7,SaidTssN,Kriti E,32.59920517671094,30.755326213680267,309.57972469971133,8.0,114.46340042257916,489.5129116968852
861,Suez OUT - Piraeus,SEA,PILOT_TO_PILOT,5,861,611,6,7,SaidTssN,Kriti E,32.60060050426366,30.753274984923472,309.57972469971133,8.0,114.59675439696733,489.3795577224971
862,Suez OUT - Piraeus,SEA,PILOT_TO_PILOT,5,862,612,6,7,SaidTssN,Kriti E,32.6019957984835,30.751223692271513,309.57972469971133,8.0,114.7301083713555,489.2462037481089
863,Suez OUT - Piraeus,SEA,PILOT_TO_PILOT,5,863,613,6,7,SaidTssN,Kriti E,32.60339105936765,30.74917233572052,309.57972469971133,8.0,114.86346234574368,489.1128497737207
864,Suez OUT - Piraeus,SEA,PILOT_TO_PILOT,5,864,614,6,7,SaidTssN,Kriti E,32.60478628691329,30.7471209152666,309.57972469971133,8.0,114.99681632013186,488.97949579933254
865,Suez OUT - Piraeus,SEA,PILOT_TO_PILOT,5,865,615,6,7,SaidTssN,Kriti E,32.60618148111757,30.745069430905843,309.57972469971133,8.0,115.13017029452003,488.84614182494437
866,Suez OUT - Piraeus,SEA,PILOT_TO_PILOT,5,866,616,6,7,SaidTssN,Kriti E,32.60757664197767,30.743017882634362,309.57972469971133,8.0,115.2635242689082,488.7127878505562
867,Suez OUT - Piraeus,SEA,PILOT_TO_PILOT,5,867,617,6,7,SaidTssN,Kriti E,32.608971769490765,30.740966270448283,309.57972469971133,8.0,115.39687824329637,488.579433876168
868,Suez OUT - Piraeus,SEA,PILOT_TO_PILOT,5,868,618,6,7,SaidTssN,Kriti E,32.61036686365403,30.738914594343697,309.57972469971133,8.0,115.53023221768454,488.44607990177985
869,Suez OUT - Piraeus,SEA,PILOT_TO_PILOT,5,869,619,6,7,SaidTssN,Kriti E,32.61176192446463,30.736862854316705,309.57972469971133,8.0,115.66358619207273,488.3127259273917
870,Suez OUT - Piraeus,SEA,PILOT_TO_PILOT,5,870,620,6,7,SaidTssN,Kriti E,32.613156951919734,30.734811050363433,309.57972469971133,8.0,115.7969401664609,488.1793719530035
871,Suez OUT - Piraeus,SEA,PILOT_TO_PILOT,5,871,621,6,7,SaidTssN,Kriti E,32.61455194601653,30.732759182479988,309.57972469971133,8.0,115.93029414084907,488.04601797861534
872,Suez OUT - Piraeus,SEA,PILOT_TO_PILOT,5,872,622,6,7,SaidTssN,Kriti E,32.61594690675218,30.730707250662466,309.57972469971133,8.0,116.06364811523724,487.91266400422717
873,Suez OUT - Piraeus,SEA,PILOT_TO_PILOT,5,873,623,6,7,SaidTssN,Kriti E,32.617341834123856,30.72865525490699,309.57972469971133,8.0,116.19700208962541,487.779310029839
874,Suez OUT - Piraeus,SEA,PILOT_TO_PILOT,5,874,624,6,7,SaidTssN,Kriti E,32.61873672812873,30.726603195209655,309.57972469971133,8.0,116.3303560640136,487.6459560554508
875,Suez OUT - Piraeus,SEA,PILOT_TO_PILOT,5,875,625,6,7,SaidTssN,Kriti E,32.62013158876396,30.724551071566573,309.57972469971133,8.0,116.46371003840177,487.51260208106265
876,Suez OUT - Piraeus,SEA,PILOT_TO_PILOT,5,876,626,6,7,SaidTssN,Kriti E,32.62152641602674,30.722498883973856,309.57972469971133,8.0,116.59706401278994,487.3792481066745
877,Suez OUT - Piraeus,SEA,PILOT_TO_PILOT,5,877,627,6,7,SaidTssN,Kriti E,32.622921209914225,30.72044663242761,309.57972469971133,8.0,116.73041798717811,487.2458941322863
878,Suez OUT - Piraeus,SEA,PILOT_TO_PILOT,5,878,628,6,7,SaidTssN,Kriti E,32.624315970423595,30.718394316923945,309.57972469971133,8.0,116.86377196156629,487.11254015789814
879,Suez OUT - Piraeus,SEA,PILOT_TO_PILOT,5,879,629,6,7,SaidTssN,Kriti E,32.625710697552,30.716341937458964,309.57972469971133,8.0,116.99712593595447,486.9791861835099
880,Suez OUT - Piraeus,SEA,PILOT_TO_PILOT,5,880,630,6,7,SaidTssN,Kriti E,32.62710539129664,30.714289494028776,309.57972469971133,8.0,117.13047991034264,486.8458322091218
881,Suez OUT - Piraeus,SEA,PILOT_TO_PILOT,5,881,631,6,7,SaidTssN,Kriti E,32.628500051654655,30.71223698662951,309.57972469971133,8.0,117.26383388473081,486.71247823473357
882,Suez OUT - Piraeus,SEA,PILOT_TO_PILOT,5,882,632,6,7,SaidTssN,Kriti E,32.629894678623245,30.710184415257245,309.57972469971133,8.0,117.39718785911899,486.57912426034545
883,Suez OUT - Piraeus,SEA,PILOT_TO_PILOT,5,883,633,6,7,SaidTssN,Kriti E,32.631289272199545,30.7081317799081,309.57972469971133,8.0,117.53054183350716,486.4457702859572
884,Suez OUT - Piraeus,SEA,PILOT_TO_PILOT,5,884,634,6,7,SaidTssN,Kriti E,32.632683832380756,30.706079080578192,309.57972469971133,8.0,117.66389580789534,486.31241631156905
885,Suez OUT - Piraeus,SEA,PILOT_TO_PILOT,5,885,635,6,7,SaidTssN,Kriti E,32.63407835916403,30.70402631726362,309.57972469971133,8.0,117.79724978228352,486.1790623371809
886,Suez OUT - Piraeus,SEA,PILOT_TO_PILOT,5,886,636,6,7,SaidTssN,Kriti E,32.635472852546535,30.701973489960494,309.57972469971133,8.0,117.93060375667169,486.0457083627927
887,Suez OUT - Piraeus,SEA,PILOT_TO_PILOT,5,887,637,6,7,SaidTssN,Kriti E,32.63686731252545,30.699920598664924,309.57972469971133,8.0,118.06395773105986,485.91235438840454
888,Suez OUT - Piraeus,SEA,PILOT_TO_PILOT,5,888,638,6,7,SaidTssN,Kriti E,32.63826173909793,30.697867643373034,309.57972469971133,8.0,118.19731170544803,485.77900041401637
889,Suez OUT - Piraeus,SEA,PILOT_TO_PILOT,5,889,639,6,7,SaidTssN,Kriti E,32.63965613226116,30.6958146240809,309.57972469971133,8.0,118.33066567983622,485.6456464396282
890,Suez OUT - Piraeus,SEA,PILOT_TO_PILOT,5,890,640,6,7,SaidTssN,Kriti E,32.64105049201229,30.693761540784653,309.57972469971133,8.0,118.46401965422439,485.51229246524
891,Suez OUT - Piraeus,SEA,PILOT_TO_PILOT,5,891,641,6,7,SaidTssN,Kriti E,32.64244481834851,30.691708393480404,309.57972469971133,8.0,118.59737362861256,485.37893849085185
892,Suez OUT - Piraeus,SEA,PILOT_TO_PILOT,5,892,642,6,7,SaidTssN,Kriti E,32.64383911126696,30.68965518216425,309.57972469971133,8.0,118.73072760300073,485.2455845164637
893,Suez OUT - Piraeus,SEA,PILOT_TO_PILOT,5,893,643,6,7,SaidTssN,Kriti E,32.645233370764835,30.687601906832306,309.57972469971133,8.0,118.8640815773889,485.1122305420755
894,Suez OUT - Piraeus,SEA,PILOT_TO_PILOT,5,894,644,6,7,SaidTssN,Kriti E,32.64662759683928,30.685548567480684,309.57972469971133,8.0,118.99743555177709,484.97887656768734
895,Suez OUT - Piraeus,SEA,PILOT_TO_PILOT,5,895,645,6,7,SaidTssN,Kriti E,32.64802178948748,30.683495164105487,309.57972469971133,8.0,119.13078952616526,484.84552259329917
896,Suez OUT - Piraeus,SEA,PILOT_TO_PILOT,5,896,646,6,7,SaidTssN,Kriti E,32.64941594870659,30.681441696702823,309.57972469971133,8.0,119.26414350055343,484.712168618911
897,Suez OUT - Piraeus,SEA,PILOT_TO_PILOT,5,897,647,6,7,SaidTssN,Kriti E,32.65081007449378,30.6793881652688,309.57972469971133,8.0,119.3974974749416,484.5788146445228
898,Suez OUT - Piraeus,SEA,PILOT_TO_PILOT,5,898,648,6,7,SaidTssN,Kriti E,32.65220416684622,30.677334569799537,309.57972469971133,8.0,119.53085144932977,484.44546067013465
899,Suez OUT - Piraeus,SEA,PILOT_TO_PILOT,5,899,649,6,7,SaidTssN,Kriti E,32.65359822576107,30.675280910291143,309.57972469971133,8.0,119.66420542371795,484.3121066957465
900,Suez OUT - Piraeus,SEA,PILOT_TO_PILOT,5,900,650,6,7,SaidTssN,Kriti E,32.65499225123551,30.67322718673971,309.57972469971133,8.0,119.79755939810613,484.17875272135825
901,Suez OUT - Piraeus,SEA,PILOT_TO_PILOT,5,901,651,6,7,SaidTssN,Kriti E,32.65638624326668,30.671173399141356,309.57972469971133,8.0,119.9309133724943,484.04539874697014
902,Suez OUT - Piraeus,SEA,PILOT_TO_PILOT,5,902,652,6,7,SaidTssN,Kriti E,32.65778020185178,30.66911954749221,309.57972469971133,8.0,120.06426734688247,483.9120447725819
903,Suez OUT - Piraeus,SEA,PILOT_TO_PILOT,5,903,653,6,7,SaidTssN,Kriti E,32.65917412698795,30.66706563178835,309.57972469971133,8.0,120.19762132127065,483.7786907981938
904,Suez OUT - Piraeus,SEA,PILOT_TO_PILOT,5,904,654,6,7,SaidTssN,Kriti E,32.66056801867236,30.665011652025903,309.57972469971133,8.0,120.33097529565882,483.64533682380556
905,Suez OUT - Piraeus,SEA,PILOT_TO_PILOT,5,905,655,6,7,SaidTssN,Kriti E,32.66196187690218,30.662957608200973,309.57972469971133,8.0,120.464329270047,483.5119828494174
906,Suez OUT - Piraeus,SEA,PILOT_TO_PILOT,5,906,656,6,7,SaidTssN,Kriti E,32.663355701674575,30.660903500309658,309.57972469971133,8.0,120.59768324443517,483.3786288750292
907,Suez OUT - Piraeus,SEA,PILOT_TO_PILOT,5,907,657,6,7,SaidTssN,Kriti E,32.66474949298671,30.658849328348097,309.57972469971133,8.0,120.73103721882335,483.24527490064105
908,Suez OUT - Piraeus,SEA,PILOT_TO_PILOT,5,908,658,6,7,SaidTssN,Kriti E,32.666143250835745,30.656795092312375,309.57972469971133,8.0,120.86439119321152,483.1119209262529
909,Suez OUT - Piraeus,SEA,PILOT_TO_PILOT,5,909,659,6,7,SaidTssN,Kriti E,32.667536975218844,30.65474079219861,309.57972469971133,8.0,120.99774516759969,482.9785669518647
910,Suez OUT - Piraeus,SEA,PILOT_TO_PILOT,5,910,660,6,7,SaidTssN,Kriti E,32.668930666133186,30.652686428002898,309.57972469971133,8.0,121.13109914198787,482.84521297747654
911,Suez OUT - Piraeus,SEA,PILOT_TO_PILOT,5,911,661,6,7,SaidTssN,Kriti E,32.67032432357592,30.650631999721373,309.57972469971133,8.0,121.26445311637605,482.71185900308836
912,Suez OUT - Piraeus,SEA,PILOT_TO_PILOT,5,912,662,6,7,SaidTssN,Kriti E,32.67171794754421,30.648577507350122,309.57972469971133,8.0,121.39780709076422,482.5785050287002
913,Suez OUT - Piraeus,SEA,PILOT_TO_PILOT,5,913,663,6,7,SaidTssN,Kriti E,32.673111538035236,30.64652295088527,309.57972469971133,8.0,121.53116106515239,482.445151054312
914,Suez OUT - Piraeus,SEA,PILOT_TO_PILOT,5,914,664,6,7,SaidTssN,Kriti E,32.674505095046136,30.644468330322916,309.57972469971133,8.0,121.66451503954056,482.31179707992385
915,Suez OUT - Piraeus,SEA,PILOT_TO_PILOT,5,915,665,6,7,SaidTssN,Kriti E,32.675898618574095,30.64241364565918,309.57972469971133,8.0,121.79786901392875,482.1784431055357
916,Suez OUT - Piraeus,SEA,PILOT_TO_PILOT,5,916,666,6,7,SaidTssN,Kriti E,32.677292108616264,30.640358896890156,309.57972469971133,8.0,121.93122298831692,482.0450891311475
917,Suez OUT - Piraeus,SEA,PILOT_TO_PILOT,5,917,667,6,7,SaidTssN,Kriti E,32.678685565169815,30.638304084011974,309.57972469971133,8.0,122.06457696270509,481.91173515675933
918,Suez OUT - Piraeus,SEA,PILOT_TO_PILOT,5,918,668,6,7,SaidTssN,Kriti E,32.6800789882319,30.63624920702071,309.57972469971133,8.0,122.19793093709326,481.77838118237116
919,Suez OUT - Piraeus,SEA,PILOT_TO_PILOT,5,919,669,6,7,SaidTssN,Kriti E,32.6814723777997,30.634194265912523,309.57972469971133,8.0,122.33128491148143,481.645027207983
920,Suez OUT - Piraeus,SEA,PILOT_TO_PILOT,5,920,670,6,7,SaidTssN,Kriti E,32.68286573387035,30.632139260683477,309.57972469971133,8.0,122.46463888586962,481.5116732335948
921,Suez OUT - Piraeus,SEA,PILOT_TO_PILOT,5,921,671,6,7,SaidTssN,Kriti E,32.68425905644105,30.63008419132971,309.57972469971133,8.0,122.59799286025779,481.3783192592066
922,Suez OUT - Piraeus,SEA,PILOT_TO_PILOT,5,922,672,6,7,SaidTssN,Kriti E,32.68565234550893,30.62802905784732,309.57972469971133,8.0,122.73134683464596,481.2449652848185
923,Suez OUT - Piraeus,SEA,PILOT_TO_PILOT,5,923,673,6,7,SaidTssN,Kriti E,32.68704560107114,30.62597386023242,309.57972469971133,8.0,122.86470080903413,481.11161131043025
924,Suez OUT - Piraeus,SEA,PILOT_TO_PILOT,5,924,674,6,7,SaidTssN,Kriti E,32.68843882312489,30.62391859848112,309.57972469971133,8.0,122.9980547834223,480.97825733604213
925,Suez OUT - Piraeus,SEA,PILOT_TO_PILOT,5,925,675,6,7,SaidTssN,Kriti E,32.68983201166731,30.62186327258952,309.57972469971133,8.0,123.13140875781049,480.8449033616539
926,Suez OUT - Piraeus,SEA,PILOT_TO_PILOT,5,926,676,6,7,SaidTssN,Kriti E,32.69122516669556,30.619807882553744,309.57972469971133,8.0,123.26476273219866,480.71154938726573
927,Suez OUT - Piraeus,SEA,PILOT_TO_PILOT,5,927,677,6,7,SaidTssN,Kriti E,32.692618288206816,30.617752428369904,309.57972469971133,8.0,123.39811670658683,480.57819541287756
928,Suez OUT - Piraeus,SEA,PILOT_TO_PILOT,5,928,678,6,7,SaidTssN,Kriti E,32.69401137619824,30.6156969100341,309.57972469971133,8.0,123.531470680975,480.4448414384894
929,Suez OUT - Piraeus,SEA,PILOT_TO_PILOT,5,929,679,6,7,SaidTssN,Kriti E,32.69540443066696,30.61364132754243,309.57972469971133,8.0,123.66482465536318,480.3114874641012
930,Suez OUT - Piraeus,SEA,PILOT_TO_PILOT,5,930,680,6,7,SaidTssN,Kriti E,32.69679745161017,30.611585680891032,309.57972469971133,8.0,123.79817862975135,480.17813348971305
931,Suez OUT - Piraeus,SEA,PILOT_TO_PILOT,5,931,681,6,7,SaidTssN,Kriti E,32.698190439025026,30.60952997007599,309.57972469971133,8.0,123.93153260413953,480.0447795153249
932,Suez OUT - Piraeus,SEA,PILOT_TO_PILOT,5,932,682,6,7,SaidTssN,Kriti E,32.69958339290868,30.60747419509344,309.57972469971133,8.0,124.0648865785277,479.9114255409367
933,Suez OUT - Piraeus,SEA,PILOT_TO_PILOT,5,933,683,6,7,SaidTssN,Kriti E,32.7009763132583,30.605418355939474,309.57972469971133,8.0,124.19824055291588,479.77807156654853
934,Suez OUT - Piraeus,SEA,PILOT_TO_PILOT,5,934,684,6,7,SaidTssN,Kriti E,32.702369200071026,30.6033624526102,309.57972469971133,8.0,124.33159452730405,479.64471759216036
935,Suez OUT - Piraeus,SEA,PILOT_TO_PILOT,5,935,685,6,7,SaidTssN,Kriti E,32.70376205334404,30.601306485101748,309.57972469971133,8.0,124.46494850169222,479.5113636177722
936,Suez OUT - Piraeus,SEA,PILOT_TO_PILOT,5,936,686,6,7,SaidTssN,Kriti E,32.705154873074505,30.599250453410203,309.57972469971133,8.0,124.5983024760804,479.378009643384
937,Suez OUT - Piraeus,SEA,PILOT_TO_PILOT,5,937,687,6,7,SaidTssN,Kriti E,32.70654765925956,30.59719435753169,309.57972469971133,8.0,124.73165645046858,479.24465566899585
938,Suez OUT - Piraeus,SEA,PILOT_TO_PILOT,5,938,688,6,7,SaidTssN,Kriti E,32.707940411896374,30.59513819746232,309.57972469971133,8.0,124.86501042485675,479.1113016946077
939,Suez OUT - Piraeus,SEA,PILOT_TO_PILOT,5,939,689,6,7,SaidTssN,Kriti E,32.70933313098211,30.593081973198196,309.57972469971133,8.0,124.99836439924492,478.9779477202195
940,Suez OUT - Piraeus,SEA,PILOT_TO_PILOT,5,940,690,6,7,SaidTssN,Kriti E,32.710725816513914,30.591025684735435,309.57972469971133,8.0,125.13171837363309,478.84459374583133
941,Suez OUT - Piraeus,SEA,PILOT_TO_PILOT,5,941,691,6,7,SaidTssN,Kriti E,32.71211846848896,30.588969332070135,309.57972469971133,8.0,125.26507234802128,478.71123977144316
942,Suez OUT - Piraeus,SEA,PILOT_TO_PILOT,5,942,692,6,7,SaidTssN,Kriti E,32.71351108690439,30.58691291519843,309.57972469971133,8.0,125.39842632240945,478.57788579705493
943,Suez OUT - Piraeus,SEA,PILOT_TO_PILOT,5,943,693,6,7,SaidTssN,Kriti E,32.71490367175738,30.58485643411641,309.57972469971133,8.0,125.53178029679762,478.4445318226668
944,Suez OUT - Piraeus,SEA,PILOT_TO_PILOT,5,944,694,6,7,SaidTssN,Kriti E,32.71629622304507,30.58279988882019,309.57972469971133,8.0,125.66513427118579,478.3111778482786
945,Suez OUT - Piraeus,SEA,PILOT_TO_PILOT,5,945,695,6,7,SaidTssN,Kriti E,32.717688740764636,30.580743279305885,309.57972469971133,8.0,125.79848824557396,478.1778238738905
946,Suez OUT - Piraeus,SEA,PILOT_TO_PILOT,5,946,696,6,7,SaidTssN,Kriti E,32.719081224913225,30.578686605569597,309.57972469971133,8.0,125.93184221996215,478.04446989950225
947,Suez OUT - Piraeus,SEA,PILOT_TO_PILOT,5,947,697,6,7,SaidTssN,Kriti E,32.72047367548799,30.576629867607448,309.57972469971133,8.0,126.06519619435032,477.9111159251141
948,Suez OUT - Piraeus,SEA,PILOT_TO_PILOT,5,948,698,6,7,SaidTssN,Kriti E,32.721866092486096,30.574573065415542,309.57972469971133,8.0,126.19855016873849,477.7777619507259
949,Suez OUT - Piraeus,SEA,PILOT_TO_PILOT,5,949,699,6,7,SaidTssN,Kriti E,32.72325847590471,30.572516198989984,309.57972469971133,8.0,126.33190414312666,477.64440797633773
950,Suez OUT - Piraeus,SEA,PILOT_TO_PILOT,5,950,700,6,7,SaidTssN,Kriti E,32.72465082574096,30.5704592683269,309.57972469971133,8.0,126.46525811751484,477.51105400194956
951,Suez OUT - Piraeus,SEA,PILOT_TO_PILOT,5,951,701,6,7,SaidTssN,Kriti E,32.72604314199203,30.568402273422393,309.57972469971133,8.0,126.59861209190302,477.3777000275614
952,Suez OUT - Piraeus,SEA,PILOT_TO_PILOT,5,952,702,6,7,SaidTssN,Kriti E,32.72743542465505,30.566345214272562,309.57972469971133,8.0,126.73196606629119,477.2443460531732
953,Suez OUT - Piraeus,SEA,PILOT_TO_PILOT,5,953,703,6,7,SaidTssN,Kriti E,32.72882767372722,30.564288090873532,309.57972469971133,8.0,126.86532004067936,477.11099207878505
954,Suez OUT - Piraeus,SEA,PILOT_TO_PILOT,5,954,704,6,7,SaidTssN,Kriti E,32.73021988920565,30.562230903221415,309.57972469971133,8.0,126.99867401506754,476.9776381043969
955,Suez OUT - Piraeus,SEA,PILOT_TO_PILOT,5,955,705,6,7,SaidTssN,Kriti E,32.73161207108752,30.56017365131231,309.57972469971133,8.0,127.13202798945571,476.8442841300087
956,Suez OUT - Piraeus,SEA,PILOT_TO_PILOT,5,956,706,6,7,SaidTssN,Kriti E,32.73300421936997,30.558116335142344,309.57972469971133,8.0,127.2653819638439,476.71093015562053
957,Suez OUT - Piraeus,SEA,PILOT_TO_PILOT,5,957,707,6,7,SaidTssN,Kriti E,32.73439633405018,30.556058954707613,309.57972469971133,8.0,127.39873593823206,476.57757618123236
958,Suez OUT - Piraeus,SEA,PILOT_TO_PILOT,5,958,708,6,7,SaidTssN,Kriti E,32.73578841512528,30.554001510004227,309.57972469971133,8.0,127.53208991262024,476.4442222068442
959,Suez OUT - Piraeus,SEA,PILOT_TO_PILOT,5,959,709,6,7,SaidTssN,Kriti E,32.73718046259244,30.55194400102831,309.57972469971133,8.0,127.66544388700841,476.310868232456
960,Suez OUT - Piraeus,SEA,PILOT_TO_PILOT,5,960,710,6,7,SaidTssN,Kriti E,32.738572476448816,30.54988642777597,309.57972469971133,8.0,127.79879786139658,476.17751425806784
961,Suez OUT - Piraeus,SEA,PILOT_TO_PILOT,5,961,711,6,7,SaidTssN,Kriti E,32.73996445669155,30.547828790243315,309.57972469971133,8.0,127.93215183578475,476.0441602836797
962,Suez OUT - Piraeus,SEA,PILOT_TO_PILOT,5,962,712,6,7,SaidTssN,Kriti E,32.74135640331781,30.545771088426452,309.57972469971133,8.0,128.06550581017294,475.9108063092915
963,Suez OUT - Piraeus,SEA,PILOT_TO_PILOT,5,963,713,6,7,SaidTssN,Kriti E,32.74274831632474,30.54371332232149,309.57972469971133,8.0,128.1988597845611,475.7774523349033
964,Suez OUT - Piraeus,SEA,PILOT_TO_PILOT,5,964,714,6,7,SaidTssN,Kriti E,32.74414019570951,30.541655491924555,309.57972469971133,8.0,128.33221375894928,475.64409836051516
965,Suez OUT - Piraeus,SEA,PILOT_TO_PILOT,5,965,715,6,7,SaidTssN,Kriti E,32.74553204146926,30.539597597231747,309.57972469971133,8.0,128.46556773333745,475.51074438612693
966,Suez OUT - Piraeus,SEA,PILOT_TO_PILOT,5,966,716,6,7,SaidTssN,Kriti E,32.74692385360114,30.537539638239178,309.57972469971133,8.0,128.59892170772562,475.3773904117388
967,Suez OUT - Piraeus,SEA,PILOT_TO_PILOT,5,967,717,6,7,SaidTssN,Kriti E,32.748315632102305,30.535481614942956,309.57972469971133,8.0,128.73227568211382,475.2440364373506
968,Suez OUT - Piraeus,SEA,PILOT_TO_PILOT,5,968,718,6,7,SaidTssN,Kriti E,32.74970737696993,30.533423527339206,309.57972469971133,8.0,128.865629656502,475.1106824629624
969,Suez OUT - Piraeus,SEA,PILOT_TO_PILOT,5,969,719,6,7,SaidTssN,Kriti E,32.751099088201144,30.531365375424016,309.57972469971133,8.0,128.99898363089017,474.97732848857424
970,Suez OUT - Piraeus,SEA,PILOT_TO_PILOT,5,970,720,6,7,SaidTssN,Kriti E,32.752490765793105,30.52930715919352,309.57972469971133,8.0,129.13233760527834,474.8439745141861
971,Suez OUT - Piraeus,SEA,PILOT_TO_PILOT,5,971,721,6,7,SaidTssN,Kriti E,32.75388240974298,30.52724887864382,309.57972469971133,8.0,129.2656915796665,474.7106205397979
972,Suez OUT - Piraeus,SEA,PILOT_TO_PILOT,5,972,722,6,7,SaidTssN,Kriti E,32.7552740200479,30.525190533771028,309.57972469971133,8.0,129.39904555405468,474.57726656540973
973,Suez OUT - Piraeus,SEA,PILOT_TO_PILOT,5,973,723,6,7,SaidTssN,Kriti E,32.75666559670504,30.523132124571262,309.57972469971133,8.0,129.53239952844285,474.44391259102156
974,Suez OUT - Piraeus,SEA,PILOT_TO_PILOT,5,974,724,6,7,SaidTssN,Kriti E,32.758057139711525,30.52107365104061,309.57972469971133,8.0,129.66575350283102,474.3105586166334
975,Suez OUT - Piraeus,SEA,PILOT_TO_PILOT,5,975,725,6,7,SaidTssN,Kriti E,32.759448649064524,30.519015113175207,309.57972469971133,8.0,129.7991074772192,474.1772046422452
976,Suez OUT - Piraeus,SEA,PILOT_TO_PILOT,5,976,726,6,7,SaidTssN,Kriti E,32.76084012476121,30.516956510971163,309.57972469971133,8.0,129.93246145160737,474.04385066785704
977,Suez OUT - Piraeus,SEA,PILOT_TO_PILOT,5,977,727,6,7,SaidTssN,Kriti E,32.7622315667987,30.51489784442459,309.57972469971133,8.0,130.06581542599554,473.9104966934689
978,Suez OUT - Piraeus,SEA,PILOT_TO_PILOT,5,978,728,6,7,SaidTssN,Kriti E,32.763622975174144,30.512839113531587,309.57972469971133,8.0,130.1991694003837,473.7771427190807
979,Suez OUT - Piraeus,SEA,PILOT_TO_PILOT,5,979,729,6,7,SaidTssN,Kriti E,32.76501434988472,30.510780318288276,309.57972469971133,8.0,130.33252337477188,473.64378874469253
980,Suez OUT - Piraeus,SEA,PILOT_TO_PILOT,5,980,730,6,7,SaidTssN,Kriti E,32.76640569092757,30.50872145869075,309.57972469971133,8.0,130.46587734916005,473.51043477030436
981,Suez OUT - Piraeus,SEA,PILOT_TO_PILOT,5,981,731,6,7,SaidTssN,Kriti E,32.767796998299836,30.506662534735156,309.57972469971133,8.0,130.59923132354822,473.3770807959162
982,Suez OUT - Piraeus,SEA,PILOT_TO_PILOT,5,982,732,6,7,SaidTssN,Kriti E,32.76918827199868,30.504603546417577,309.57972469971133,8.0,130.73258529793642,473.24372682152796
983,Suez OUT - Piraeus,SEA,PILOT_TO_PILOT,5,983,733,6,7,SaidTssN,Kriti E,32.77057951202124,30.50254449373414,309.57972469971133,8.0,130.8659392723246,473.11037284713984
984,Suez OUT - Piraeus,SEA,PILOT_TO_PILOT,5,984,734,6,7,SaidTssN,Kriti E,32.77197071836468,30.500485376680942,309.57972469971133,8.0,130.99929324671277,472.9770188727516
985,Suez OUT - Piraeus,SEA,PILOT_TO_PILOT,5,985,735,6,7,SaidTssN,Kriti E,32.77336189102615,30.49842619525411,309.57972469971133,8.0,131.13264722110094,472.8436648983635
986,Suez OUT - Piraeus,SEA,PILOT_TO_PILOT,5,986,736,6,7,SaidTssN,Kriti E,32.774753030002785,30.496366949449737,309.57972469971133,8.0,131.2660011954891,472.71031092397527
987,Suez OUT - Piraeus,SEA,PILOT_TO_PILOT,5,987,737,6,7,SaidTssN,Kriti E,32.776144135291744,30.494307639263962,309.57972469971133,8.0,131.3993551698773,472.5769569495871
988,Suez OUT - Piraeus,SEA,PILOT_TO_PILOT,5,988,738,6,7,SaidTssN,Kriti E,32.77753520689017,30.492248264692872,309.57972469971133,8.0,131.53270914426548,472.4436029751989
989,Suez OUT - Piraeus,SEA,PILOT_TO_PILOT,5,989,739,6,7,SaidTssN,Kriti E,32.77892624479523,30.490188825732595,309.57972469971133,8.0,131.66606311865365,472.31024900081076
990,Suez OUT - Piraeus,SEA,PILOT_TO_PILOT,5,990,740,6,7,SaidTssN,Kriti E,32.78031724900406,30.488129322379233,309.57972469971133,8.0,131.79941709304182,472.1768950264226
991,Suez OUT - Piraeus,SEA,PILOT_TO_PILOT,5,991,741,6,7,SaidTssN,Kriti E,32.78170821951381,30.4860697546289,309.57972469971133,8.0,131.93277106743,472.0435410520344
992,Suez OUT - Piraeus,SEA,PILOT_TO_PILOT,5,992,742,6,7,SaidTssN,Kriti E,32.783099156321626,30.48401012247772,309.57972469971133,8.0,132.06612504181817,471.91018707764624
993,Suez OUT - Piraeus,SEA,PILOT_TO_PILOT,5,993,743,6,7,SaidTssN,Kriti E,32.78449005942467,30.48195042592179,309.57972469971133,8.0,132.19947901620634,471.77683310325807
994,Suez OUT - Piraeus,SEA,PILOT_TO_PILOT,5,994,744,6,7,SaidTssN,Kriti E,32.78588092882008,30.479890664957228,309.57972469971133,8.0,132.3328329905945,471.6434791288699
995,Suez OUT - Piraeus,SEA,PILOT_TO_PILOT,5,995,745,6,7,SaidTssN,Kriti E,32.787271764505,30.477830839580143,309.57972469971133,8.0,132.46618696498268,471.5101251544817
996,Suez OUT - Piraeus,SEA,PILOT_TO_PILOT,5,996,746,6,7,SaidTssN,Kriti E,32.78866256647659,30.47577094978665,309.57972469971133,8.0,132.59954093937085,471.37677118009356
997,Suez OUT - Piraeus,SEA,PILOT_TO_PILOT,5,997,747,6,7,SaidTssN,Kriti E,32.79005333473199,30.473710995572862,309.57972469971133,8.0,132.73289491375903,471.2434172057054
998,Suez OUT - Piraeus,SEA,PILOT_TO_PILOT,5,998,748,6,7,SaidTssN,Kriti E,32.79144406926834,30.471650976934892,309.57972469971133,8.0,132.8662488881472,471.1100632313172
999,Suez OUT - Piraeus,SEA,PILOT_TO_PILOT,5,999,749,6,7,SaidTssN,Kriti E,32.79283477008281,30.469590893868858,309.57972469971133,8.0,132.99960286253537,470.97670925692904
1000,Suez OUT - Piraeus,SEA,PILOT_TO_PILOT,5,1000,750,6,7,SaidTssN,Kriti E,32.794225437172535,30.467530746370855,309.57972469971133,8.0,133.13295683692354,470.84335528254087
1001,Suez OUT - Piraeus,SEA,PILOT_TO_PILOT,5,1001,751,6,7,SaidTssN,Kriti E,32.79561607053466,30.465470534437014,309.57972469971133,8.0,133.2663108113117,470.7100013081527
1002,Suez OUT - Piraeus,SEA,PILOT_TO_PILOT,5,1002,752,6,7,SaidTssN,Kriti E,32.79700667016633,30.463410258063423,309.57972469971133,8.0,133.39966478569988,470.5766473337645
1003,Suez OUT - Piraeus,SEA,PILOT_TO_PILOT,5,1003,753,6,7,SaidTssN,Kriti E,32.7983972360647,30.461349917246224,309.57972469971133,8.0,133.53301876008808,470.4432933593763
1004,Suez OUT - Piraeus,SEA,PILOT_TO_PILOT,5,1004,754,6,7,SaidTssN,Kriti E,32.79978776822691,30.45928951198152,309.57972469971133,8.0,133.66637273447625,470.3099393849882
1005,Suez OUT - Piraeus,SEA,PILOT_TO_PILOT,5,1005,755,6,7,SaidTssN,Kriti E,32.80117826665012,30.45722904226541,309.57972469971133,8.0,133.79972670886443,470.17658541059996
1006,Suez OUT - Piraeus,SEA,PILOT_TO_PILOT,5,1006,756,6,7,SaidTssN,Kriti E,32.80256873133146,30.455168508094022,309.57972469971133,8.0,133.9330806832526,470.04323143621184
1007,Suez OUT - Piraeus,SEA,PILOT_TO_PILOT,5,1007,757,6,7,SaidTssN,Kriti E,32.80395916226808,30.453107909463462,309.57972469971133,8.0,134.06643465764077,469.9098774618236
1008,Suez OUT - Piraeus,SEA,PILOT_TO_PILOT,5,1008,758,6,7,SaidTssN,Kriti E,32.80534955945713,30.451047246369836,309.57972469971133,8.0,134.19978863202897,469.77652348743544
1009,Suez OUT - Piraeus,SEA,PILOT_TO_PILOT,5,1009,759,6,7,SaidTssN,Kriti E,32.806739922895744,30.448986518809274,309.57972469971133,8.0,134.33314260641714,469.64316951304727
1010,Suez OUT - Piraeus,SEA,PILOT_TO_PILOT,5,1010,760,6,7,SaidTssN,Kriti E,32.80813025258109,30.446925726777874,309.57972469971133,8.0,134.4664965808053,469.5098155386591
1011,Suez OUT - Piraeus,SEA,PILOT_TO_PILOT,5,1011,761,6,7,SaidTssN,Kriti E,32.80952054851029,30.44486487027176,309.57972469971133,8.0,134.59985055519348,469.3764615642709
1012,Suez OUT - Piraeus,SEA,PILOT_TO_PILOT,5,1012,762,6,7,SaidTssN,Kriti E,32.810910810680504,30.442803949287036,309.57972469971133,8.0,134.73320452958166,469.24310758988275
1013,Suez OUT - Piraeus,SEA,PILOT_TO_PILOT,5,1013,763,6,7,SaidTssN,Kriti E,32.81230103908886,30.44074296381982,309.57972469971133,8.0,134.86655850396983,469.1097536154946
1014,Suez OUT - Piraeus,SEA,PILOT_TO_PILOT,5,1014,764,6,7,SaidTssN,Kriti E,32.813691233732534,30.438681913866215,309.57972469971133,8.0,134.999912478358,468.9763996411064
1015,Suez OUT - Piraeus,SEA,PILOT_TO_PILOT,5,1015,765,6,7,SaidTssN,Kriti E,32.81508139460865,30.436620799422347,309.57972469971133,8.0,135.13326645274617,468.84304566671824
1016,Suez OUT - Piraeus,SEA,PILOT_TO_PILOT,5,1016,766,6,7,SaidTssN,Kriti E,32.81647152171435,30.43455962048432,309.57972469971133,8.0,135.26662042713434,468.70969169233007
1017,Suez OUT - Piraeus,SEA,PILOT_TO_PILOT,5,1017,767,6,7,SaidTssN,Kriti E,32.81786161504677,30.432498377048258,309.57972469971133,8.0,135.3999744015225,468.5763377179419
1018,Suez OUT - Piraeus,SEA,PILOT_TO_PILOT,5,1018,768,6,7,SaidTssN,Kriti E,32.81925167460308,30.430437069110255,309.57972469971133,8.0,135.53332837591068,468.4429837435537
1019,Suez OUT - Piraeus,SEA,PILOT_TO_PILOT,5,1019,769,6,7,SaidTssN,Kriti E,32.820641700380406,30.428375696666443,309.57972469971133,8.0,135.66668235029886,468.30962976916555
1020,Suez OUT - Piraeus,SEA,PILOT_TO_PILOT,5,1020,770,6,7,SaidTssN,Kriti E,32.8220316923759,30.42631425971292,309.57972469971133,8.0,135.80003632468703,468.1762757947774
1021,Suez OUT - Piraeus,SEA,PILOT_TO_PILOT,5,1021,771,6,7,SaidTssN,Kriti E,32.8234216505867,30.424252758245817,309.57972469971133,8.0,135.9333902990752,468.0429218203892
1022,Suez OUT - Piraeus,SEA,PILOT_TO_PILOT,5,1022,772,6,7,SaidTssN,Kriti E,32.82481157500994,30.42219119226123,309.57972469971133,8.0,136.06674427346337,467.90956784600104
1023,Suez OUT - Piraeus,SEA,PILOT_TO_PILOT,5,1023,773,6,7,SaidTssN,Kriti E,32.82620146564279,30.420129561755278,309.57972469971133,8.0,136.20009824785154,467.77621387161287
1024,Suez OUT - Piraeus,SEA,PILOT_TO_PILOT,5,1024,774,6,7,SaidTssN,Kriti E,32.82759132248237,30.418067866724083,309.57972469971133,8.0,136.33345222223974,467.64285989722464
1025,Suez OUT - Piraeus,SEA,PILOT_TO_PILOT,5,1025,775,6,7,SaidTssN,Kriti E,32.82898114552582,30.416006107163746,309.57972469971133,8.0,136.4668061966279,467.5095059228365
1026,Suez OUT - Piraeus,SEA,PILOT_TO_PILOT,5,1026,776,6,7,SaidTssN,Kriti E,32.83037093477031,30.41394428307038,309.57972469971133,8.0,136.60016017101609,467.3761519484483
1027,Suez OUT - Piraeus,SEA,PILOT_TO_PILOT,5,1027,777,6,7,SaidTssN,Kriti E,32.831760690212946,30.411882394440113,309.57972469971133,8.0,136.73351414540426,467.2427979740602
1028,Suez OUT - Piraeus,SEA,PILOT_TO_PILOT,5,1028,778,6,7,SaidTssN,Kriti E,32.833150411850895,30.40982044126904,309.57972469971133,8.0,136.86686811979243,467.10944399967195
1029,Suez OUT - Piraeus,SEA,PILOT_TO_PILOT,5,1029,779,6,7,SaidTssN,Kriti E,32.83454009968129,30.40775842355329,309.57972469971133,8.0,137.00022209418063,466.9760900252838
1030,Suez OUT - Piraeus,SEA,PILOT_TO_PILOT,5,1030,780,6,7,SaidTssN,Kriti E,32.835929753701286,30.40569634128897,309.57972469971133,8.0,137.1335760685688,466.8427360508956
1031,Suez OUT - Piraeus,SEA,PILOT_TO_PILOT,5,1031,781,6,7,SaidTssN,Kriti E,32.837319373907995,30.403634194472183,309.57972469971133,8.0,137.26693004295697,466.70938207650744
1032,Suez OUT - Piraeus,SEA,PILOT_TO_PILOT,5,1032,782,6,7,SaidTssN,Kriti E,32.83870896029859,30.401571983099068,309.57972469971133,8.0,137.40028401734514,466.57602810211927
1033,Suez OUT - Piraeus,SEA,PILOT_TO_PILOT,5,1033,783,6,7,SaidTssN,Kriti E,32.84009851287019,30.399509707165713,309.57972469971133,8.0,137.53363799173331,466.4426741277311
1034,Suez OUT - Piraeus,SEA,PILOT_TO_PILOT,5,1034,784,6,7,SaidTssN,Kriti E,32.84148803161996,30.39744736666825,309.57972469971133,8.0,137.6669919661215,466.3093201533429
1035,Suez OUT - Piraeus,SEA,PILOT_TO_PILOT,5,1035,785,6,7,SaidTssN,Kriti E,32.842877516545016,30.395384961602772,309.57972469971133,8.0,137.80034594050966,466.17596617895475
1036,Suez OUT - Piraeus,SEA,PILOT_TO_PILOT,5,1036,786,6,7,SaidTssN,Kriti E,32.844266967642504,30.393322491965417,309.57972469971133,8.0,137.93369991489783,466.0426122045666
1037,Suez OUT - Piraeus,SEA,PILOT_TO_PILOT,5,1037,787,6,7,SaidTssN,Kriti E,32.845656384909574,30.39125995775228,309.57972469971133,8.0,138.067053889286,465.9092582301784
1038,Suez OUT - Piraeus,SEA,PILOT_TO_PILOT,5,1038,788,6,7,SaidTssN,Kriti E,32.847045768343364,30.389197358959493,309.57972469971133,8.0,138.20040786367417,465.77590425579024
1039,Suez OUT - Piraeus,SEA,PILOT_TO_PILOT,5,1039,789,6,7,SaidTssN,Kriti E,32.84843511794101,30.387134695583146,309.57972469971133,8.0,138.33376183806234,465.64255028140207
1040,Suez OUT - Piraeus,SEA,PILOT_TO_PILOT,5,1040,790,6,7,SaidTssN,Kriti E,32.849824433699645,30.385071967619368,309.57972469971133,8.0,138.46711581245052,465.5091963070139
1041,Suez OUT - Piraeus,SEA,PILOT_TO_PILOT,5,1041,791,6,7,SaidTssN,Kriti E,32.851213715616424,30.38300917506427,309.57972469971133,8.0,138.6004697868387,465.3758423326257
1042,Suez OUT - Piraeus,SEA,PILOT_TO_PILOT,5,1042,792,6,7,SaidTssN,Kriti E,32.852602963688476,30.38094631791397,309.57972469971133,8.0,138.73382376122686,465.24248835823755
1043,Suez OUT - Piraeus,SEA,PILOT_TO_PILOT,5,1043,793,6,7,SaidTssN,Kriti E,32.85399217791295,30.37888339616458,309.57972469971133,8.0,138.86717773561503,465.1091343838494
1044,Suez OUT - Piraeus,SEA,PILOT_TO_PILOT,5,1044,794,6,7,SaidTssN,Kriti E,32.85538135828698,30.376820409812215,309.57972469971133,8.0,139.00053171000323,464.9757804094612
1045,Suez OUT - Piraeus,SEA,PILOT_TO_PILOT,5,1045,795,6,7,SaidTssN,Kriti E,32.85677050480769,30.37475735885298,309.57972469971133,8.0,139.1338856843914,464.842426435073
1046,Suez OUT - Piraeus,SEA,PILOT_TO_PILOT,5,1046,796,6,7,SaidTssN,Kriti E,32.85815961747223,30.372694243282993,309.57972469971133,8.0,139.26723965877957,464.70907246068487
1047,Suez OUT - Piraeus,SEA,PILOT_TO_PILOT,5,1047,797,6,7,SaidTssN,Kriti E,32.85954869627776,30.370631063098376,309.57972469971133,8.0,139.40059363316774,464.57571848629664
1048,Suez OUT - Piraeus,SEA,PILOT_TO_PILOT,5,1048,798,6,7,SaidTssN,Kriti E,32.86093774122138,30.368567818295237,309.57972469971133,8.0,139.53394760755592,464.4423645119085
1049,Suez OUT - Piraeus,SEA,PILOT_TO_PILOT,5,1049,799,6,7,SaidTssN,Kriti E,32.86232675230026,30.366504508869692,309.57972469971133,8.0,139.6673015819441,464.3090105375203
1050,Suez OUT - Piraeus,SEA,PILOT_TO_PILOT,5,1050,800,6,7,SaidTssN,Kriti E,32.863715729511526,30.364441134817852,309.57972469971133,8.0,139.8006555563323,464.1756565631321
1051,Suez OUT - Piraeus,SEA,PILOT_TO_PILOT,5,1051,801,6,7,SaidTssN,Kriti E,32.865104672852304,30.36237769613583,309.57972469971133,8.0,139.93400953072046,464.04230258874395
1052,Suez OUT - Piraeus,SEA,PILOT_TO_PILOT,5,1052,802,6,7,SaidTssN,Kriti E,32.86649358231975,30.360314192819754,309.57972469971133,8.0,140.06736350510863,463.9089486143558
1053,Suez OUT - Piraeus,SEA,PILOT_TO_PILOT,5,1053,803,6,7,SaidTssN,Kriti E,32.86788245791099,30.35825062486572,309.57972469971133,8.0,140.2007174794968,463.7755946399676
1054,Suez OUT - Piraeus,SEA,PILOT_TO_PILOT,5,1054,804,6,7,SaidTssN,Kriti E,32.86927129962317,30.35618699226985,309.57972469971133,8.0,140.33407145388497,463.64224066557944
1055,Suez OUT - Piraeus,SEA,PILOT_TO_PILOT,5,1055,805,6,7,SaidTssN,Kriti E,32.87066010745343,30.354123295028273,309.57972469971133,8.0,140.46742542827315,463.50888669119126
1056,Suez OUT - Piraeus,SEA,PILOT_TO_PILOT,5,1056,806,6,7,SaidTssN,Kriti E,32.87204888139888,30.352059533137076,309.57972469971133,8.0,140.60077940266132,463.3755327168031
1057,Suez OUT - Piraeus,SEA,PILOT_TO_PILOT,5,1057,807,6,7,SaidTssN,Kriti E,32.873437621456695,30.34999570659239,309.57972469971133,8.0,140.7341333770495,463.2421787424149
1058,Suez OUT - Piraeus,SEA,PILOT_TO_PILOT,5,1058,808,6,7,SaidTssN,Kriti E,32.87482632762398,30.347931815390325,309.57972469971133,8.0,140.86748735143766,463.10882476802675
1059,Suez OUT - Piraeus,SEA,PILOT_TO_PILOT,5,1059,809,6,7,SaidTssN,Kriti E,32.87621499989788,30.345867859527004,309.57972469971133,8.0,141.00084132582583,462.9754707936386
1060,Suez OUT - Piraeus,SEA,PILOT_TO_PILOT,5,1060,810,6,7,SaidTssN,Kriti E,32.877603638275545,30.34380383899853,309.57972469971133,8.0,141.134195300214,462.8421168192504
1061,Suez OUT - Piraeus,SEA,PILOT_TO_PILOT,5,1061,811,6,7,SaidTssN,Kriti E,32.878992242754094,30.34173975380103,309.57972469971133,8.0,141.26754927460217,462.70876284486224
1062,Suez OUT - Piraeus,SEA,PILOT_TO_PILOT,5,1062,812,6,7,SaidTssN,Kriti E,32.880380813330675,30.339675603930594,309.57972469971133,8.0,141.40090324899035,462.57540887047406
1063,Suez OUT - Piraeus,SEA,PILOT_TO_PILOT,5,1063,813,6,7,SaidTssN,Kriti E,32.88176935000241,30.337611389383373,309.57972469971133,8.0,141.53425722337852,462.4420548960859
1064,Suez OUT - Piraeus,SEA,PILOT_TO_PILOT,5,1064,814,6,7,SaidTssN,Kriti E,32.883157852766445,30.33554711015545,309.57972469971133,8.0,141.6676111977667,462.3087009216977
1065,Suez OUT - Piraeus,SEA,PILOT_TO_PILOT,5,1065,815,6,7,SaidTssN,Kriti E,32.884546321619915,30.333482766242962,309.57972469971133,8.0,141.8009651721549,462.17534694730955
1066,Suez OUT - Piraeus,SEA,PILOT_TO_PILOT,5,1066,816,6,7,SaidTssN,Kriti E,32.88593475655995,30.331418357642004,309.57972469971133,8.0,141.93431914654306,462.0419929729213
1067,Suez OUT - Piraeus,SEA,PILOT_TO_PILOT,5,1067,817,6,7,SaidTssN,Kriti E,32.887323157583694,30.32935388434871,309.57972469971133,8.0,142.06767312093123,461.9086389985332
1068,Suez OUT - Piraeus,SEA,PILOT_TO_PILOT,5,1068,818,6,7,SaidTssN,Kriti E,32.888711524688254,30.32728934635918,309.57972469971133,8.0,142.2010270953194,461.775285024145
1069,Suez OUT - Piraeus,SEA,PILOT_TO_PILOT,5,1069,819,6,7,SaidTssN,Kriti E,32.8900998578708,30.32522474366954,309.57972469971133,8.0,142.33438106970758,461.64193104975686
1070,Suez OUT - Piraeus,SEA,PILOT_TO_PILOT,5,1070,820,6,7,SaidTssN,Kriti E,32.89148815712846,30.3231600762759,309.57972469971133,8.0,142.46773504409578,461.50857707536863
1071,Suez OUT - Piraeus,SEA,PILOT_TO_PILOT,5,1071,821,6,7,SaidTssN,Kriti E,32.89287642245834,30.321095344174367,309.57972469971133,8.0,142.60108901848395,461.37522310098046
1072,Suez OUT - Piraeus,SEA,PILOT_TO_PILOT,5,1072,822,6,7,SaidTssN,Kriti E,32.8942646538576,30.31903054736108,309.57972469971133,8.0,142.73444299287212,461.2418691265923
1073,Suez OUT - Piraeus,SEA,PILOT_TO_PILOT,5,1073,823,6,7,SaidTssN,Kriti E,32.89565285132337,30.316965685832134,309.57972469971133,8.0,142.8677969672603,461.1085151522041
1074,Suez OUT - Piraeus,SEA,PILOT_TO_PILOT,5,1074,824,6,7,SaidTssN,Kriti E,32.89704101485278,30.314900759583647,309.57972469971133,8.0,143.00115094164846,460.97516117781595
1075,Suez OUT - Piraeus,SEA,PILOT_TO_PILOT,5,1075,825,6,7,SaidTssN,Kriti E,32.898429144442964,30.31283576861173,309.57972469971133,8.0,143.13450491603663,460.8418072034278
1076,Suez OUT - Piraeus,SEA,PILOT_TO_PILOT,5,1076,826,6,7,SaidTssN,Kriti E,32.89981724009105,30.31077071291251,309.57972469971133,8.0,143.2678588904248,460.7084532290396
1077,Suez OUT - Piraeus,SEA,PILOT_TO_PILOT,5,1077,827,6,7,SaidTssN,Kriti E,32.90120530179417,30.308705592482102,309.57972469971133,8.0,143.40121286481298,460.57509925465143
1078,Suez OUT - Piraeus,SEA,PILOT_TO_PILOT,5,1078,828,6,7,SaidTssN,Kriti E,32.90259332954947,30.30664040731661,309.57972469971133,8.0,143.53456683920115,460.44174528026326
1079,Suez OUT - Piraeus,SEA,PILOT_TO_PILOT,5,1079,829,6,7,SaidTssN,Kriti E,32.90398132335407,30.304575157412156,309.57972469971133,8.0,143.66792081358932,460.3083913058751
1080,Suez OUT - Piraeus,SEA,PILOT_TO_PILOT,5,1080,830,6,7,SaidTssN,Kriti E,32.90536928320511,30.302509842764852,309.57972469971133,8.0,143.8012747879775,460.1750373314869
1081,Suez OUT - Piraeus,SEA,PILOT_TO_PILOT,5,1081,831,6,7,SaidTssN,Kriti E,32.906757209099716,30.300444463370816,309.57972469971133,8.0,143.93462876236566,460.04168335709875
1082,Suez OUT - Piraeus,SEA,PILOT_TO_PILOT,5,1082,832,6,7,SaidTssN,Kriti E,32.90814510103502,30.298379019226168,309.57972469971133,8.0,144.06798273675383,459.9083293827106
1083,Suez OUT - Piraeus,SEA,PILOT_TO_PILOT,5,1083,833,6,7,SaidTssN,Kriti E,32.90953295900816,30.29631351032702,309.57972469971133,8.0,144.201336711142,459.7749754083224
1084,Suez OUT - Piraeus,SEA,PILOT_TO_PILOT,5,1084,834,6,7,SaidTssN,Kriti E,32.910920783016266,30.294247936669485,309.57972469971133,8.0,144.33469068553018,459.64162143393423
1085,Suez OUT - Piraeus,SEA,PILOT_TO_PILOT,5,1085,835,6,7,SaidTssN,Kriti E,32.912308573056464,30.292182298249678,309.57972469971133,8.0,144.46804465991835,459.50826745954606
1086,Suez OUT - Piraeus,SEA,PILOT_TO_PILOT,5,1086,836,6,7,SaidTssN,Kriti E,32.91369632912589,30.29011659506373,309.57972469971133,8.0,144.60139863430655,459.3749134851579
1087,Suez OUT - Piraeus,SEA,PILOT_TO_PILOT,5,1087,837,6,7,SaidTssN,Kriti E,32.91508405122167,30.28805082710773,309.57972469971133,8.0,144.73475260869472,459.24155951076966
1088,Suez OUT - Piraeus,SEA,PILOT_TO_PILOT,5,1088,838,6,7,SaidTssN,Kriti E,32.916471739340935,30.28598499437781,309.57972469971133,8.0,144.8681065830829,459.10820553638155
1089,Suez OUT - Piraeus,SEA,PILOT_TO_PILOT,5,1089,839,6,7,SaidTssN,Kriti E,32.917859393480825,30.283919096870083,309.57972469971133,8.0,145.00146055747106,458.9748515619933
1090,Suez OUT - Piraeus,SEA,PILOT_TO_PILOT,5,1090,840,6,7,SaidTssN,Kriti E,32.91924701363846,30.281853134580665,309.57972469971133,8.0,145.13481453185923,458.8414975876052
1091,Suez OUT - Piraeus,SEA,PILOT_TO_PILOT,5,1091,841,6,7,SaidTssN,Kriti E,32.92063459981098,30.279787107505676,309.57972469971133,8.0,145.26816850624743,458.708143613217
1092,Suez OUT - Piraeus,SEA,PILOT_TO_PILOT,5,1092,842,6,7,SaidTssN,Kriti E,32.9220221519955,30.27772101564123,309.57972469971133,8.0,145.4015224806356,458.5747896388288
1093,Suez OUT - Piraeus,SEA,PILOT_TO_PILOT,5,1093,843,6,7,SaidTssN,Kriti E,32.923409670189166,30.275654858983444,309.57972469971133,8.0,145.53487645502378,458.44143566444063
1094,Suez OUT - Piraeus,SEA,PILOT_TO_PILOT,5,1094,844,6,7,SaidTssN,Kriti E,32.924797154389104,30.273588637528423,309.57972469971133,8.0,145.66823042941195,458.30808169005246
1095,Suez OUT - Piraeus,SEA,PILOT_TO_PILOT,5,1095,845,6,7,SaidTssN,Kriti E,32.926184604592436,30.271522351272292,309.57972469971133,8.0,145.80158440380012,458.1747277156643
1096,Suez OUT - Piraeus,SEA,PILOT_TO_PILOT,5,1096,846,6,7,SaidTssN,Kriti E,32.92757202079629,30.26945600021116,309.57972469971133,8.0,145.9349383781883,458.0413737412761
1097,Suez OUT - Piraeus,SEA,PILOT_TO_PILOT,5,1097,847,6,7,SaidTssN,Kriti E,32.92895940299781,30.267389584341167,309.57972469971133,8.0,146.06829235257646,457.90801976688795
1098,Suez OUT - Piraeus,SEA,PILOT_TO_PILOT,5,1098,848,6,7,SaidTssN,Kriti E,32.93034675119411,30.265323103658393,309.57972469971133,8.0,146.20164632696464,457.7746657924998
1099,Suez OUT - Piraeus,SEA,PILOT_TO_PILOT,5,1099,849,6,7,SaidTssN,Kriti E,32.93173406538232,30.26325655815899,309.57972469971133,8.0,146.3350003013528,457.6413118181116
1100,Suez OUT - Piraeus,SEA,PILOT_TO_PILOT,5,1100,850,6,7,SaidTssN,Kriti E,32.933121345559584,30.261189947839043,309.57972469971133,8.0,146.46835427574098,457.50795784372343
1101,Suez OUT - Piraeus,SEA,PILOT_TO_PILOT,5,1101,851,6,7,SaidTssN,Kriti E,32.93450859172302,30.25912327269469,309.57972469971133,8.0,146.60170825012915,457.37460386933526
1102,Suez OUT - Piraeus,SEA,PILOT_TO_PILOT,5,1102,852,6,7,SaidTssN,Kriti E,32.93589580386975,30.25705653272204,309.57972469971133,8.0,146.73506222451732,457.2412498949471
1103,Suez OUT - Piraeus,SEA,PILOT_TO_PILOT,5,1103,853,6,7,SaidTssN,Kriti E,32.93728298199689,30.2549897279172,309.57972469971133,8.0,146.8684161989055,457.1078959205589
1104,Suez OUT - Piraeus,SEA,PILOT_TO_PILOT,5,1104,854,6,7,SaidTssN,Kriti E,32.938670126101606,30.252922858276303,309.57972469971133,8.0,147.00177017329366,456.97454194617075
1105,Suez OUT - Piraeus,SEA,PILOT_TO_PILOT,5,1105,855,6,7,SaidTssN,Kriti E,32.940057236181,30.250855923795456,309.57972469971133,8.0,147.13512414768184,456.8411879717826
1106,Suez OUT - Piraeus,SEA,PILOT_TO_PILOT,5,1106,856,6,7,SaidTssN,Kriti E,32.9414443122322,30.248788924470773,309.57972469971133,8.0,147.26847812207004,456.70783399739435
1107,Suez OUT - Piraeus,SEA,PILOT_TO_PILOT,5,1107,857,6,7,SaidTssN,Kriti E,32.94283135425234,30.246721860298383,309.57972469971133,8.0,147.4018320964582,456.57448002300623
1108,Suez OUT - Piraeus,SEA,PILOT_TO_PILOT,5,1108,858,6,7,SaidTssN,Kriti E,32.94421836223854,30.244654731274395,309.57972469971133,8.0,147.53518607084638,456.441126048618
1109,Suez OUT - Piraeus,SEA,PILOT_TO_PILOT,5,1109,859,6,7,SaidTssN,Kriti E,32.94560533618794,30.24258753739492,309.57972469971133,8.0,147.66854004523455,456.3077720742299
1110,Suez OUT - Piraeus,SEA,PILOT_TO_PILOT,5,1110,860,6,7,SaidTssN,Kriti E,32.946992276097646,30.240520278656078,309.57972469971133,8.0,147.80189401962272,456.17441809984166
1111,Suez OUT - Piraeus,SEA,PILOT_TO_PILOT,5,1111,861,6,7,SaidTssN,Kriti E,32.948379181964796,30.23845295505399,309.57972469971133,8.0,147.9352479940109,456.04106412545354
1112,Suez OUT - Piraeus,SEA,PILOT_TO_PILOT,5,1112,862,6,7,SaidTssN,Kriti E,32.94976605378652,30.23638556658477,309.57972469971133,8.0,148.0686019683991,455.9077101510653
1113,Suez OUT - Piraeus,SEA,PILOT_TO_PILOT,5,1113,863,6,7,SaidTssN,Kriti E,32.951152891559936,30.23431811324453,309.57972469971133,8.0,148.20195594278727,455.77435617667714
1114,Suez OUT - Piraeus,SEA,PILOT_TO_PILOT,5,1114,864,6,7,SaidTssN,Kriti E,32.95253969528218,30.2322505950294,309.57972469971133,8.0,148.33530991717544,455.641002202289
1115,Suez OUT - Piraeus,SEA,PILOT_TO_PILOT,5,1115,865,6,7,SaidTssN,Kriti E,32.95392646495037,30.230183011935484,309.57972469971133,8.0,148.4686638915636,455.5076482279008
1116,Suez OUT - Piraeus,SEA,PILOT_TO_PILOT,5,1116,866,6,7,SaidTssN,Kriti E,32.95531320056163,30.228115363958903,309.57972469971133,8.0,148.60201786595178,455.37429425351263
1117,Suez OUT - Piraeus,SEA,PILOT_TO_PILOT,5,1117,867,6,7,SaidTssN,Kriti E,32.956699902113094,30.22604765109578,309.57972469971133,8.0,148.73537184033995,455.24094027912446
1118,Suez OUT - Piraeus,SEA,PILOT_TO_PILOT,5,1118,868,6,7,SaidTssN,Kriti E,32.95808656960188,30.223979873342216,309.57972469971133,8.0,148.86872581472812,455.1075863047363
1119,Suez OUT - Piraeus,SEA,PILOT_TO_PILOT,5,1119,869,6,7,SaidTssN,Kriti E,32.95947320302511,30.22191203069435,309.57972469971133,8.0,149.0020797891163,454.9742323303481
1120,Suez OUT - Piraeus,SEA,PILOT_TO_PILOT,5,1120,870,6,7,SaidTssN,Kriti E,32.96085980237992,30.219844123148274,309.57972469971133,8.0,149.13543376350447,454.84087835595994
1121,Suez OUT - Piraeus,SEA,PILOT_TO_PILOT,5,1121,871,6,7,SaidTssN,Kriti E,32.96224636766342,30.217776150700125,309.57972469971133,8.0,149.26878773789264,454.7075243815718
1122,Suez OUT - Piraeus,SEA,PILOT_TO_PILOT,5,1122,872,6,7,SaidTssN,Kriti E,32.96363289887275,30.21570811334602,309.57972469971133,8.0,149.4021417122808,454.5741704071836
1123,Suez OUT - Piraeus,SEA,PILOT_TO_PILOT,5,1123,873,6,7,SaidTssN,Kriti E,32.96501939600501,30.213640011082067,309.57972469971133,8.0,149.53549568666898,454.44081643279543
1124,Suez OUT - Piraeus,SEA,PILOT_TO_PILOT,5,1124,874,6,7,SaidTssN,Kriti E,32.96640585905735,30.211571843904387,309.57972469971133,8.0,149.66884966105715,454.30746245840726
1125,Suez OUT - Piraeus,SEA,PILOT_TO_PILOT,5,1125,875,6,7,SaidTssN,Kriti E,32.967792288026885,30.20950361180909,309.57972469971133,8.0,149.80220363544532,454.1741084840191
1126,Suez OUT - Piraeus,SEA,PILOT_TO_PILOT,5,1126,876,6,7,SaidTssN,Kriti E,32.969178682910744,30.20743531479231,309.57972469971133,8.0,149.9355576098335,454.0407545096309
1127,Suez OUT - Piraeus,SEA,PILOT_TO_PILOT,5,1127,877,6,7,SaidTssN,Kriti E,32.97056504370603,30.205366952850145,309.57972469971133,8.0,150.0689115842217,453.9074005352427
1128,Suez OUT - Piraeus,SEA,PILOT_TO_PILOT,5,1128,878,6,7,SaidTssN,Kriti E,32.97195137040988,30.203298525978727,309.57972469971133,8.0,150.20226555860987,453.7740465608546
1129,Suez OUT - Piraeus,SEA,PILOT_TO_PILOT,5,1129,879,6,7,SaidTssN,Kriti E,32.973337663019436,30.201230034174166,309.57972469971133,8.0,150.33561953299804,453.64069258646634
1130,Suez OUT - Piraeus,SEA,PILOT_TO_PILOT,5,1130,880,6,7,SaidTssN,Kriti E,32.974723921531776,30.199161477432583,309.57972469971133,8.0,150.4689735073862,453.50733861207823
1131,Suez OUT - Piraeus,SEA,PILOT_TO_PILOT,5,1131,881,6,7,SaidTssN,Kriti E,32.97611014594406,30.197092855750096,309.57972469971133,8.0,150.60232748177438,453.37398463769
1132,Suez OUT - Piraeus,SEA,PILOT_TO_PILOT,5,1132,882,6,7,SaidTssN,Kriti E,32.97749633625341,30.195024169122814,309.57972469971133,8.0,150.73568145616258,453.24063066330183
1133,Suez OUT - Piraeus,SEA,PILOT_TO_PILOT,5,1133,883,6,7,SaidTssN,Kriti E,32.97888249245692,30.192955417546866,309.57972469971133,8.0,150.86903543055075,453.10727668891366
1134,Suez OUT - Piraeus,SEA,PILOT_TO_PILOT,5,1134,884,6,7,SaidTssN,Kriti E,32.98026861455174,30.190886601018367,309.57972469971133,8.0,151.00238940493892,452.9739227145255
1135,Suez OUT - Piraeus,SEA,PILOT_TO_PILOT,5,1135,885,6,7,SaidTssN,Kriti E,32.98165470253498,30.18881771953343,309.57972469971133,8.0,151.1357433793271,452.8405687401373
1136,Suez OUT - Piraeus,SEA,PILOT_TO_PILOT,5,1136,886,6,7,SaidTssN,Kriti E,32.98304075640376,30.18674877308818,309.57972469971133,8.0,151.26909735371527,452.70721476574914
1137,Suez OUT - Piraeus,SEA,PILOT_TO_PILOT,5,1137,887,6,7,SaidTssN,Kriti E,32.9844267761552,30.184679761678723,309.57972469971133,8.0,151.40245132810344,452.57386079136097
1138,Suez OUT - Piraeus,SEA,PILOT_TO_PILOT,5,1138,888,6,7,SaidTssN,Kriti E,32.985812761786434,30.182610685301185,309.57972469971133,8.0,151.5358053024916,452.4405068169728
1139,Suez OUT - Piraeus,SEA,PILOT_TO_PILOT,5,1139,889,6,7,SaidTssN,Kriti E,32.98719871329456,30.180541543951687,309.57972469971133,8.0,151.66915927687978,452.3071528425846
1140,Suez OUT - Piraeus,SEA,PILOT_TO_PILOT,5,1140,890,6,7,SaidTssN,Kriti E,32.98858463067673,30.17847233762635,309.57972469971133,8.0,151.80251325126795,452.17379886819646
1141,Suez OUT - Piraeus,SEA,PILOT_TO_PILOT,5,1141,891,6,7,SaidTssN,Kriti E,32.98997051393005,30.17640306632127,309.57972469971133,8.0,151.93586722565612,452.0404448938083
1142,Suez OUT - Piraeus,SEA,PILOT_TO_PILOT,5,1142,892,6,7,SaidTssN,Kriti E,32.991356363051615,30.174333730032586,309.57972469971133,8.0,152.0692212000443,451.9070909194201
1143,Suez OUT - Piraeus,SEA,PILOT_TO_PILOT,5,1143,893,6,7,SaidTssN,Kriti E,32.99274217803859,30.17226432875642,309.57972469971133,8.0,152.20257517443247,451.77373694503194
1144,Suez OUT - Piraeus,SEA,PILOT_TO_PILOT,5,1144,894,6,7,SaidTssN,Kriti E,32.99412795888807,30.170194862488867,309.57972469971133,8.0,152.33592914882064,451.64038297064377
1145,Suez OUT - Piraeus,SEA,PILOT_TO_PILOT,5,1145,895,6,7,SaidTssN,Kriti E,32.995513705597176,30.168125331226065,309.57972469971133,8.0,152.4692831232088,451.5070289962556
1146,Suez OUT - Piraeus,SEA,PILOT_TO_PILOT,5,1146,896,6,7,SaidTssN,Kriti E,32.99689941816304,30.166055734964125,309.57972469971133,8.0,152.60263709759698,451.3736750218674
1147,Suez OUT - Piraeus,SEA,PILOT_TO_PILOT,5,1147,897,6,7,SaidTssN,Kriti E,32.99828509658276,30.163986073699164,309.57972469971133,8.0,152.73599107198515,451.24032104747926
1148,Suez OUT - Piraeus,SEA,PILOT_TO_PILOT,5,1148,898,6,7,SaidTssN,Kriti E,32.999670740853475,30.161916347427304,309.57972469971133,8.0,152.86934504637335,451.106967073091
1149,Suez OUT - Piraeus,SEA,PILOT_TO_PILOT,5,1149,899,6,7,SaidTssN,Kriti E,33.00105635097229,30.159846556144664,309.57972469971133,8.0,153.00269902076153,450.9736130987029
1150,Suez OUT - Piraeus,SEA,PILOT_TO_PILOT,5,1150,900,6,7,SaidTssN,Kriti E,33.00244192693634,30.157776699847354,309.57972469971133,8.0,153.1360529951497,450.8402591243147
1151,Suez OUT - Piraeus,SEA,PILOT_TO_PILOT,5,1151,901,6,7,SaidTssN,Kriti E,33.003827468742735,30.155706778531506,309.57972469971133,8.0,153.26940696953787,450.70690514992657
1152,Suez OUT - Piraeus,SEA,PILOT_TO_PILOT,5,1152,902,6,7,SaidTssN,Kriti E,33.0052129763886,30.153636792193225,309.57972469971133,8.0,153.40276094392604,450.57355117553834
1153,Suez OUT - Piraeus,SEA,PILOT_TO_PILOT,5,1153,903,6,7,SaidTssN,Kriti E,33.00659844987103,30.151566740828635,309.57972469971133,8.0,153.53611491831424,450.44019720115017
1154,Suez OUT - Piraeus,SEA,PILOT_TO_PILOT,5,1154,904,6,7,SaidTssN,Kriti E,33.00798388918717,30.149496624433855,309.57972469971133,8.0,153.6694688927024,450.306843226762
1155,Suez OUT - Piraeus,SEA,PILOT_TO_PILOT,5,1155,905,6,7,SaidTssN,Kriti E,33.00936929433412,30.147426443005003,309.57972469971133,8.0,153.80282286709058,450.1734892523738
1156,Suez OUT - Piraeus,SEA,PILOT_TO_PILOT,5,1156,906,6,7,SaidTssN,Kriti E,33.01075466530902,30.145356196538206,309.57972469971133,8.0,153.93617684147875,450.04013527798566
1157,Suez OUT - Piraeus,SEA,PILOT_TO_PILOT,5,1157,907,6,7,SaidTssN,Kriti E,33.01214000210896,30.143285885029563,309.57972469971133,8.0,154.06953081586693,449.9067813035975
1158,Suez OUT - Piraeus,SEA,PILOT_TO_PILOT,5,1158,908,6,7,SaidTssN,Kriti E,33.01352530473109,30.141215508475216,309.57972469971133,8.0,154.2028847902551,449.7734273292093
1159,Suez OUT - Piraeus,SEA,PILOT_TO_PILOT,5,1159,909,6,7,SaidTssN,Kriti E,33.01491057317249,30.13914506687127,309.57972469971133,8.0,154.33623876464327,449.64007335482114
1160,Suez OUT - Piraeus,SEA,PILOT_TO_PILOT,5,1160,910,6,7,SaidTssN,Kriti E,33.0162958074303,30.13707456021384,309.57972469971133,8.0,154.46959273903144,449.50671938043297
1161,Suez OUT - Piraeus,SEA,PILOT_TO_PILOT,5,1161,911,6,7,SaidTssN,Kriti E,33.01768100750164,30.13500398849905,309.57972469971133,8.0,154.6029467134196,449.3733654060448
1162,Suez OUT - Piraeus,SEA,PILOT_TO_PILOT,5,1162,912,6,7,SaidTssN,Kriti E,33.01906617338362,30.13293335172303,309.57972469971133,8.0,154.73630068780778,449.2400114316566
1163,Suez OUT - Piraeus,SEA,PILOT_TO_PILOT,5,1163,913,6,7,SaidTssN,Kriti E,33.02045130507336,30.13086264988188,309.57972469971133,8.0,154.86965466219596,449.10665745726845
1164,Suez OUT - Piraeus,SEA,PILOT_TO_PILOT,5,1164,914,6,7,SaidTssN,Kriti E,33.02183640256796,30.12879188297173,309.57972469971133,8.0,155.00300863658413,448.9733034828803
1165,Suez OUT - Piraeus,SEA,PILOT_TO_PILOT,5,1165,915,6,7,SaidTssN,Kriti E,33.02322146586456,30.1267210509887,309.57972469971133,8.0,155.1363626109723,448.8399495084921
1166,Suez OUT - Piraeus,SEA,PILOT_TO_PILOT,5,1166,916,6,7,SaidTssN,Kriti E,33.02460649496026,30.124650153928904,309.57972469971133,8.0,155.26971658536047,448.70659553410394
1167,Suez OUT - Piraeus,SEA,PILOT_TO_PILOT,5,1167,917,6,7,SaidTssN,Kriti E,33.025991489852174,30.12257919178846,309.57972469971133,8.0,155.40307055974864,448.57324155971577
1168,Suez OUT - Piraeus,SEA,PILOT_TO_PILOT,5,1168,918,6,7,SaidTssN,Kriti E,33.02737645053743,30.120508164563496,309.57972469971133,8.0,155.53642453413684,448.4398875853276
1169,Suez OUT - Piraeus,SEA,PILOT_TO_PILOT,5,1169,919,6,7,SaidTssN,Kriti E,33.02876137701313,30.118437072250117,309.57972469971133,8.0,155.669778508525,448.30653361093937
1170,Suez OUT - Piraeus,SEA,PILOT_TO_PILOT,5,1170,920,6,7,SaidTssN,Kriti E,33.03014626927642,30.116365914844458,309.57972469971133,8.0,155.80313248291318,448.17317963655125
1171,Suez OUT - Piraeus,SEA,PILOT_TO_PILOT,5,1171,921,6,7,SaidTssN,Kriti E,33.03153112732437,30.114294692342632,309.57972469971133,8.0,155.93648645730136,448.039825662163
1172,Suez OUT - Piraeus,SEA,PILOT_TO_PILOT,5,1172,922,6,7,SaidTssN,Kriti E,33.03291595115412,30.112223404740757,309.57972469971133,8.0,156.06984043168953,447.9064716877749
1173,Suez OUT - Piraeus,SEA,PILOT_TO_PILOT,5,1173,923,6,7,SaidTssN,Kriti E,33.034300740762795,30.110152052034955,309.57972469971133,8.0,156.2031944060777,447.7731177133867
1174,Suez OUT - Piraeus,SEA,PILOT_TO_PILOT,5,1174,924,6,7,SaidTssN,Kriti E,33.03568549614749,30.108080634221338,309.57972469971133,8.0,156.3365483804659,447.6397637389985
1175,Suez OUT - Piraeus,SEA,PILOT_TO_PILOT,5,1175,925,6,7,SaidTssN,Kriti E,33.037070217305306,30.106009151296032,309.57972469971133,8.0,156.46990235485407,447.50640976461034
1176,Suez OUT - Piraeus,SEA,PILOT_TO_PILOT,5,1176,926,6,7,SaidTssN,Kriti E,33.0384549042334,30.103937603255158,309.57972469971133,8.0,156.60325632924224,447.37305579022217
1177,Suez OUT - Piraeus,SEA,PILOT_TO_PILOT,5,1177,927,6,7,SaidTssN,Kriti E,33.039839556928854,30.101865990094826,309.57972469971133,8.0,156.7366103036304,447.239701815834
1178,Suez OUT - Piraeus,SEA,PILOT_TO_PILOT,5,1178,928,6,7,SaidTssN,Kriti E,33.041224175388784,30.099794311811173,309.57972469971133,8.0,156.86996427801859,447.1063478414458
1179,Suez OUT - Piraeus,SEA,PILOT_TO_PILOT,5,1179,929,6,7,SaidTssN,Kriti E,33.04260875961032,30.097722568400304,309.57972469971133,8.0,157.00331825240676,446.97299386705765
1180,Suez OUT - Piraeus,SEA,PILOT_TO_PILOT,5,1180,930,6,7,SaidTssN,Kriti E,33.04399330959056,30.09565075985834,309.57972469971133,8.0,157.13667222679493,446.8396398926695
1181,Suez OUT - Piraeus,SEA,PILOT_TO_PILOT,5,1181,931,6,7,SaidTssN,Kriti E,33.04537782532662,30.093578886181405,309.57972469971133,8.0,157.2700262011831,446.7062859182813
1182,Suez OUT - Piraeus,SEA,PILOT_TO_PILOT,5,1182,932,6,7,SaidTssN,Kriti E,33.04676230681562,30.091506947365616,309.57972469971133,8.0,157.40338017557127,446.57293194389314
1183,Suez OUT - Piraeus,SEA,PILOT_TO_PILOT,5,1183,933,6,7,SaidTssN,Kriti E,33.04814675405466,30.089434943407102,309.57972469971133,8.0,157.53673414995944,446.43957796950497
1184,Suez OUT - Piraeus,SEA,PILOT_TO_PILOT,5,1184,934,6,7,SaidTssN,Kriti E,33.049531167040854,30.08736287430197,309.57972469971133,8.0,157.67008812434761,446.3062239951168
1185,Suez OUT - Piraeus,SEA,PILOT_TO_PILOT,5,1185,935,6,7,SaidTssN,Kriti E,33.05091554577134,30.085290740046343,309.57972469971133,8.0,157.8034420987358,446.1728700207286
1186,Suez OUT - Piraeus,SEA,PILOT_TO_PILOT,5,1186,936,6,7,SaidTssN,Kriti E,33.052299890243205,30.08321854063634,309.57972469971133,8.0,157.93679607312396,446.03951604634045
1187,Suez OUT - Piraeus,SEA,PILOT_TO_PILOT,5,1187,937,6,7,SaidTssN,Kriti E,33.05368420045356,30.081146276068097,309.57972469971133,8.0,158.07015004751213,445.9061620719523
1188,Suez OUT - Piraeus,SEA,PILOT_TO_PILOT,5,1188,938,6,7,SaidTssN,Kriti E,33.055068476399526,30.079073946337715,309.57972469971133,8.0,158.2035040219003,445.7728080975641
1189,Suez OUT - Piraeus,SEA,PILOT_TO_PILOT,5,1189,939,6,7,SaidTssN,Kriti E,33.056452718078205,30.077001551441317,309.57972469971133,8.0,158.3368579962885,445.63945412317594
1190,Suez OUT - Piraeus,SEA,PILOT_TO_PILOT,5,1190,940,6,7,SaidTssN,Kriti E,33.057836925486725,30.074929091375033,309.57972469971133,8.0,158.47021197067667,445.5061001487877
1191,Suez OUT - Piraeus,SEA,PILOT_TO_PILOT,5,1191,941,6,7,SaidTssN,Kriti E,33.05922109862219,30.072856566134977,309.57972469971133,8.0,158.60356594506484,445.3727461743996
1192,Suez OUT - Piraeus,SEA,PILOT_TO_PILOT,5,1192,942,6,7,SaidTssN,Kriti E,33.060605237481695,30.07078397571727,309.57972469971133,8.0,158.73691991945302,445.23939220001137
1193,Suez OUT - Piraeus,SEA,PILOT_TO_PILOT,5,1193,943,6,7,SaidTssN,Kriti E,33.061989342062375,30.068711320118023,309.57972469971133,8.0,158.8702738938412,445.10603822562325
1194,Suez OUT - Piraeus,SEA,PILOT_TO_PILOT,5,1194,944,6,7,SaidTssN,Kriti E,33.06337341236134,30.06663859933337,309.57972469971133,8.0,159.0036278682294,444.972684251235
1195,Suez OUT - Piraeus,SEA,PILOT_TO_PILOT,5,1195,945,6,7,SaidTssN,Kriti E,33.06475744837567,30.06456581335943,309.57972469971133,8.0,159.13698184261756,444.83933027684685
1196,Suez OUT - Piraeus,SEA,PILOT_TO_PILOT,5,1196,946,6,7,SaidTssN,Kriti E,33.066141450102506,30.062492962192312,309.57972469971133,8.0,159.27033581700573,444.7059763024587
1197,Suez OUT - Piraeus,SEA,PILOT_TO_PILOT,5,1197,947,6,7,SaidTssN,Kriti E,33.06752541753895,30.06042004582815,309.57972469971133,8.0,159.4036897913939,444.5726223280705
1198,Suez OUT - Piraeus,SEA,PILOT_TO_PILOT,5,1198,948,6,7,SaidTssN,Kriti E,33.068909350682105,30.05834706426306,309.57972469971133,8.0,159.53704376578207,444.43926835368234
1199,Suez OUT - Piraeus,SEA,PILOT_TO_PILOT,5,1199,949,6,7,SaidTssN,Kriti E,33.07029324952909,30.056274017493166,309.57972469971133,8.0,159.67039774017024,444.30591437929417
1200,Suez OUT - Piraeus,SEA,PILOT_TO_PILOT,5,1200,950,6,7,SaidTssN,Kriti E,33.071677114077005,30.054200905514573,309.57972469971133,8.0,159.80375171455842,444.172560404906
1201,Suez OUT - Piraeus,SEA,PILOT_TO_PILOT,5,1201,951,6,7,SaidTssN,Kriti E,33.073060944322975,30.052127728323423,309.57972469971133,8.0,159.9371056889466,444.0392064305178
1202,Suez OUT - Piraeus,SEA,PILOT_TO_PILOT,5,1202,952,6,7,SaidTssN,Kriti E,33.07444474026409,30.050054485915815,309.57972469971133,8.0,160.07045966333476,443.90585245612965
1203,Suez OUT - Piraeus,SEA,PILOT_TO_PILOT,5,1203,953,6,7,SaidTssN,Kriti E,33.07582850189746,30.047981178287895,309.57972469971133,8.0,160.20381363772293,443.7724984817415
1204,Suez OUT - Piraeus,SEA,PILOT_TO_PILOT,5,1204,954,6,7,SaidTssN,Kriti E,33.077212229220216,30.04590780543576,309.57972469971133,8.0,160.3371676121111,443.6391445073533
1205,Suez OUT - Piraeus,SEA,PILOT_TO_PILOT,5,1205,955,6,7,SaidTssN,Kriti E,33.07859592222944,30.043834367355544,309.57972469971133,8.0,160.47052158649927,443.50579053296514
1206,Suez OUT - Piraeus,SEA,PILOT_TO_PILOT,5,1206,956,6,7,SaidTssN,Kriti E,33.07997958092226,30.041760864043372,309.57972469971133,8.0,160.60387556088745,443.37243655857696
1207,Suez OUT - Piraeus,SEA,PILOT_TO_PILOT,5,1207,957,6,7,SaidTssN,Kriti E,33.08136320529578,30.03968729549535,309.57972469971133,8.0,160.73722953527562,443.2390825841888
1208,Suez OUT - Piraeus,SEA,PILOT_TO_PILOT,5,1208,958,6,7,SaidTssN,Kriti E,33.0827467953471,30.037613661707606,309.57972469971133,8.0,160.8705835096638,443.1057286098006
1209,Suez OUT - Piraeus,SEA,PILOT_TO_PILOT,5,1209,959,6,7,SaidTssN,Kriti E,33.084130351073334,30.035539962676275,309.57972469971133,8.0,161.00393748405196,442.97237463541245
1210,Suez OUT - Piraeus,SEA,PILOT_TO_PILOT,5,1210,960,6,7,SaidTssN,Kriti E,33.08551387247159,30.033466198397452,309.57972469971133,8.0,161.13729145844016,442.8390206610243
1211,Suez OUT - Piraeus,SEA,PILOT_TO_PILOT,5,1211,961,6,7,SaidTssN,Kriti E,33.086897359538966,30.031392368867277,309.57972469971133,8.0,161.27064543282833,442.70566668663605
1212,Suez OUT - Piraeus,SEA,PILOT_TO_PILOT,5,1212,962,6,7,SaidTssN,Kriti E,33.08828081227258,30.02931847408186,309.57972469971133,8.0,161.4039994072165,442.57231271224794
1213,Suez OUT - Piraeus,SEA,PILOT_TO_PILOT,5,1213,963,6,7,SaidTssN,Kriti E,33.089664230669534,30.02724451403733,309.57972469971133,8.0,161.53735338160467,442.4389587378597
1214,Suez OUT - Piraeus,SEA,PILOT_TO_PILOT,5,1214,964,6,7,SaidTssN,Kriti E,33.09104761472694,30.025170488729817,309.57972469971133,8.0,161.67070735599285,442.3056047634716
1215,Suez OUT - Piraeus,SEA,PILOT_TO_PILOT,5,1215,965,6,7,SaidTssN,Kriti E,33.092430964441895,30.02309639815542,309.57972469971133,8.0,161.80406133038102,442.17225078908336
1216,Suez OUT - Piraeus,SEA,PILOT_TO_PILOT,5,1216,966,6,7,SaidTssN,Kriti E,33.09381427981152,30.021022242310277,309.57972469971133,8.0,161.9374153047692,442.03889681469525
1217,Suez OUT - Piraeus,SEA,PILOT_TO_PILOT,5,1217,967,6,7,SaidTssN,Kriti E,33.09519756083291,30.0189480211905,309.57972469971133,8.0,162.07076927915736,441.905542840307
1218,Suez OUT - Piraeus,SEA,PILOT_TO_PILOT,5,1218,968,6,7,SaidTssN,Kriti E,33.09658080750317,30.016873734792224,309.57972469971133,8.0,162.20412325354556,441.77218886591885
1219,Suez OUT - Piraeus,SEA,PILOT_TO_PILOT,5,1219,969,6,7,SaidTssN,Kriti E,33.097964019819415,30.014799383111555,309.57972469971133,8.0,162.33747722793373,441.6388348915307
1220,Suez OUT - Piraeus,SEA,PILOT_TO_PILOT,5,1220,970,6,7,SaidTssN,Kriti E,33.09934719777874,30.01272496614462,309.57972469971133,8.0,162.4708312023219,441.5054809171425
1221,Suez OUT - Piraeus,SEA,PILOT_TO_PILOT,5,1221,971,6,7,SaidTssN,Kriti E,33.10073034137827,30.010650483887545,309.57972469971133,8.0,162.60418517671008,441.37212694275433
1222,Suez OUT - Piraeus,SEA,PILOT_TO_PILOT,5,1222,972,6,7,SaidTssN,Kriti E,33.102113450615086,30.008575936336456,309.57972469971133,8.0,162.73753915109825,441.23877296836616
1223,Suez OUT - Piraeus,SEA,PILOT_TO_PILOT,5,1223,973,6,7,SaidTssN,Kriti E,33.103496525486314,30.00650132348746,309.57972469971133,8.0,162.87089312548642,441.105418993978
1224,Suez OUT - Piraeus,SEA,PILOT_TO_PILOT,5,1224,974,6,7,SaidTssN,Kriti E,33.10487956598903,30.004426645336675,309.57972469971133,8.0,163.0042470998746,440.9720650195898
1225,Suez OUT - Piraeus,SEA,PILOT_TO_PILOT,5,1225,975,6,7,SaidTssN,Kriti E,33.10626257212038,30.00235190188025,309.57972469971133,8.0,163.13760107426276,440.83871104520165
1226,Suez OUT - Piraeus,SEA,PILOT_TO_PILOT,5,1226,976,6,7,SaidTssN,Kriti E,33.107645543877425,30.00027709311428,309.57972469971133,8.0,163.27095504865093,440.7053570708135
1227,Suez OUT - Piraeus,SEA,PILOT_TO_PILOT,5,1227,977,6,7,SaidTssN,Kriti E,33.1090284812573,29.998202219034905,309.57972469971133,8.0,163.4043090230391,440.5720030964253
1228,Suez OUT - Piraeus,SEA,PILOT_TO_PILOT,5,1228,978,6,7,SaidTssN,Kriti E,33.11041138425709,29.996127279638237,309.57972469971133,8.0,163.5376629974273,440.4386491220371
1229,Suez OUT - Piraeus,SEA,PILOT_TO_PILOT,5,1229,979,6,7,SaidTssN,Kriti E,33.11179425287392,29.994052274920406,309.57972469971133,8.0,163.67101697181548,440.30529514764896
1230,Suez OUT - Piraeus,SEA,PILOT_TO_PILOT,5,1230,980,6,7,SaidTssN,Kriti E,33.11317708710489,29.991977204877525,309.57972469971133,8.0,163.80437094620365,440.17194117326073
1231,Suez OUT - Piraeus,SEA,PILOT_TO_PILOT,5,1231,981,6,7,SaidTssN,Kriti E,33.11455988694707,29.989902069505717,309.57972469971133,8.0,163.93772492059182,440.0385871988726
1232,Suez OUT - Piraeus,SEA,PILOT_TO_PILOT,5,1232,982,6,7,SaidTssN,Kriti E,33.11594265239761,29.987826868801108,309.57972469971133,8.0,164.07107889498,439.9052332244844
1233,Suez OUT - Piraeus,SEA,PILOT_TO_PILOT,5,1233,983,6,7,SaidTssN,Kriti E,33.11732538345358,29.985751602759823,309.57972469971133,8.0,164.20443286936816,439.7718792500963
1234,Suez OUT - Piraeus,SEA,PILOT_TO_PILOT,5,1234,984,6,7,SaidTssN,Kriti E,33.118708080112114,29.983676271377977,309.57972469971133,8.0,164.33778684375633,439.63852527570805
1235,Suez OUT - Piraeus,SEA,PILOT_TO_PILOT,5,1235,985,6,7,SaidTssN,Kriti E,33.12009074237028,29.9816008746517,309.57972469971133,8.0,164.4711408181445,439.50517130131993
1236,Suez OUT - Piraeus,SEA,PILOT_TO_PILOT,5,1236,986,6,7,SaidTssN,Kriti E,33.1214733702252,29.979525412577104,309.57972469971133,8.0,164.60449479253268,439.3718173269317
1237,Suez OUT - Piraeus,SEA,PILOT_TO_PILOT,5,1237,987,6,7,SaidTssN,Kriti E,33.12285596367398,29.977449885150328,309.57972469971133,8.0,164.73784876692085,439.2384633525436
1238,Suez OUT - Piraeus,SEA,PILOT_TO_PILOT,5,1238,988,6,7,SaidTssN,Kriti E,33.12423852271371,29.97537429236748,309.57972469971133,8.0,164.87120274130905,439.10510937815536
1239,Suez OUT - Piraeus,SEA,PILOT_TO_PILOT,5,1239,989,6,7,SaidTssN,Kriti E,33.125621047341504,29.973298634224683,309.57972469971133,8.0,165.00455671569722,438.9717554037672
1240,Suez OUT - Piraeus,SEA,PILOT_TO_PILOT,5,1240,990,6,7,SaidTssN,Kriti E,33.12700353755445,29.971222910718073,309.57972469971133,8.0,165.1379106900854,438.838401429379
1241,Suez OUT - Piraeus,SEA,PILOT_TO_PILOT,5,1241,991,6,7,SaidTssN,Kriti E,33.12838599334966,29.969147121843754,309.57972469971133,8.0,165.27126466447356,438.70504745499085
1242,Suez OUT - Piraeus,SEA,PILOT_TO_PILOT,5,1242,992,6,7,SaidTssN,Kriti E,33.12976841472423,29.96707126759786,309.57972469971133,8.0,165.40461863886173,438.5716934806027
1243,Suez OUT - Piraeus,SEA,PILOT_TO_PILOT,5,1243,993,6,7,SaidTssN,Kriti E,33.13115080167528,29.964995347976505,309.57972469971133,8.0,165.5379726132499,438.4383395062145
1244,Suez OUT - Piraeus,SEA,PILOT_TO_PILOT,5,1244,994,6,7,SaidTssN,Kriti E,33.13253315419989,29.962919362975832,309.57972469971133,8.0,165.67132658763808,438.30498553182633
1245,Suez OUT - Piraeus,SEA,PILOT_TO_PILOT,5,1245,995,6,7,SaidTssN,Kriti E,33.13391547229516,29.960843312591944,309.57972469971133,8.0,165.80468056202625,438.17163155743816
1246,Suez OUT - Piraeus,SEA,PILOT_TO_PILOT,5,1246,996,6,7,SaidTssN,Kriti E,33.1352977559582,29.958767196820965,309.57972469971133,8.0,165.93803453641442,438.03827758305
1247,Suez OUT - Piraeus,SEA,PILOT_TO_PILOT,5,1247,997,6,7,SaidTssN,Kriti E,33.13668000518611,29.95669101565903,309.57972469971133,8.0,166.0713885108026,437.9049236086618
1248,Suez OUT - Piraeus,SEA,PILOT_TO_PILOT,5,1248,998,6,7,SaidTssN,Kriti E,33.13806221997598,29.95461476910225,309.57972469971133,8.0,166.20474248519076,437.77156963427365
1249,Suez OUT - Piraeus,SEA,PILOT_TO_PILOT,5,1249,999,6,7,SaidTssN,Kriti E,33.139444400324926,29.952538457146744,309.57972469971133,8.0,166.33809645957896,437.6382156598854
1250,Suez OUT - Piraeus,SEA,PILOT_TO_PILOT,5,1250,1000,6,7,SaidTssN,Kriti E,33.14082654623004,29.950462079788668,309.57972469971133,8.0,166.47145043396714,437.5048616854973
1251,Suez OUT - Piraeus,SEA,PILOT_TO_PILOT,5,1251,1001,6,7,SaidTssN,Kriti E,33.142208657688435,29.948385637024106,309.57972469971133,8.0,166.6048044083553,437.3715077111091
1252,Suez OUT - Piraeus,SEA,PILOT_TO_PILOT,5,1252,1002,6,7,SaidTssN,Kriti E,33.14359073469718,29.946309128849194,309.57972469971133,8.0,166.73815838274348,437.23815373672096
1253,Suez OUT - Piraeus,SEA,PILOT_TO_PILOT,5,1253,1003,6,7,SaidTssN,Kriti E,33.14497277725339,29.944232555260065,309.57972469971133,8.0,166.87151235713165,437.10479976233273
1254,Suez OUT - Piraeus,SEA,PILOT_TO_PILOT,5,1254,1004,6,7,SaidTssN,Kriti E,33.14635478535418,29.942155916252823,309.57972469971133,8.0,167.00486633151982,436.9714457879446
1255,Suez OUT - Piraeus,SEA,PILOT_TO_PILOT,5,1255,1005,6,7,SaidTssN,Kriti E,33.14773675899662,29.940079211823615,309.57972469971133,8.0,167.138220305908,436.8380918135564
1256,Suez OUT - Piraeus,SEA,PILOT_TO_PILOT,5,1256,1006,6,7,SaidTssN,Kriti E,33.14911869817784,29.938002441968546,309.57972469971133,8.0,167.27157428029616,436.7047378391683
1257,Suez OUT - Piraeus,SEA,PILOT_TO_PILOT,5,1257,1007,6,7,SaidTssN,Kriti E,33.150500602894915,29.935925606683746,309.57972469971133,8.0,167.40492825468434,436.57138386478005
1258,Suez OUT - Piraeus,SEA,PILOT_TO_PILOT,5,1258,1008,6,7,SaidTssN,Kriti E,33.15188247314496,29.933848705965346,309.57972469971133,8.0,167.5382822290725,436.43802989039193
1259,Suez OUT - Piraeus,SEA,PILOT_TO_PILOT,5,1259,1009,6,7,SaidTssN,Kriti E,33.15326430892505,29.931771739809456,309.57972469971133,8.0,167.6716362034607,436.3046759160037
1260,Suez OUT - Piraeus,SEA,PILOT_TO_PILOT,5,1260,1010,6,7,SaidTssN,Kriti E,33.154646110232314,29.929694708212203,309.57972469971133,8.0,167.80499017784888,436.17132194161553
1261,Suez OUT - Piraeus,SEA,PILOT_TO_PILOT,5,1261,1011,6,7,SaidTssN,Kriti E,33.15602787706383,29.927617611169715,309.57972469971133,8.0,167.93834415223705,436.03796796722736
1262,Suez OUT - Piraeus,SEA,PILOT_TO_PILOT,5,1262,1012,6,7,SaidTssN,Kriti E,33.15740960941669,29.92554044867812,309.57972469971133,8.0,168.07169812662522,435.9046139928392
1263,Suez OUT - Piraeus,SEA,PILOT_TO_PILOT,5,1263,1013,6,7,SaidTssN,Kriti E,33.15879130728802,29.923463220733524,309.57972469971133,8.0,168.2050521010134,435.771260018451
1264,Suez OUT - Piraeus,SEA,PILOT_TO_PILOT,5,1264,1014,6,7,SaidTssN,Kriti E,33.160172970674886,29.92138592733207,309.57972469971133,8.0,168.33840607540156,435.63790604406285
1265,Suez OUT - Piraeus,SEA,PILOT_TO_PILOT,5,1265,1015,6,7,SaidTssN,Kriti E,33.161554599574394,29.919308568469873,309.57972469971133,8.0,168.47176004978974,435.5045520696747
1266,Suez OUT - Piraeus,SEA,PILOT_TO_PILOT,5,1266,1016,6,7,SaidTssN,Kriti E,33.16293619398365,29.917231144143052,309.57972469971133,8.0,168.6051140241779,435.3711980952865
1267,Suez OUT - Piraeus,SEA,PILOT_TO_PILOT,5,1267,1017,6,7,SaidTssN,Kriti E,33.164317753899745,29.915153654347744,309.57972469971133,8.0,168.73846799856608,435.23784412089833
1268,Suez OUT - Piraeus,SEA,PILOT_TO_PILOT,5,1268,1018,6,7,SaidTssN,Kriti E,33.165699279319774,29.913076099080058,309.57972469971133,8.0,168.87182197295425,435.10449014651016
1269,Suez OUT - Piraeus,SEA,PILOT_TO_PILOT,5,1269,1019,6,7,SaidTssN,Kriti E,33.167080770240844,29.910998478336136,309.57972469971133,8.0,169.00517594734245,434.971136172122
1270,Suez OUT - Piraeus,SEA,PILOT_TO_PILOT,5,1270,1020,6,7,SaidTssN,Kriti E,33.16846222666003,29.90892079211208,309.57972469971133,8.0,169.13852992173062,434.83778219773376
1271,Suez OUT - Piraeus,SEA,PILOT_TO_PILOT,5,1271,1021,6,7,SaidTssN,Kriti E,33.16984364857445,29.906843040404038,309.57972469971133,8.0,169.2718838961188,434.70442822334564
1272,Suez OUT - Piraeus,SEA,PILOT_TO_PILOT,5,1272,1022,6,7,SaidTssN,Kriti E,33.17122503598118,29.90476522320812,309.57972469971133,8.0,169.40523787050697,434.5710742489574
1273,Suez OUT - Piraeus,SEA,PILOT_TO_PILOT,5,1273,1023,6,7,SaidTssN,Kriti E,33.17260638887734,29.90268734052045,309.57972469971133,8.0,169.53859184489514,434.4377202745693
1274,Suez OUT - Piraeus,SEA,PILOT_TO_PILOT,5,1274,1024,6,7,SaidTssN,Kriti E,33.17398770726001,29.900609392337138,309.57972469971133,8.0,169.6719458192833,434.3043663001811
1275,Suez OUT - Piraeus,SEA,PILOT_TO_PILOT,5,1275,1025,6,7,SaidTssN,Kriti E,33.17536899112628,29.89853137865435,309.57972469971133,8.0,169.80529979367148,434.17101232579296
1276,Suez OUT - Piraeus,SEA,PILOT_TO_PILOT,5,1276,1026,6,7,SaidTssN,Kriti E,33.17675024047325,29.896453299468178,309.57972469971133,8.0,169.93865376805965,434.03765835140473
1277,Suez OUT - Piraeus,SEA,PILOT_TO_PILOT,5,1277,1027,6,7,SaidTssN,Kriti E,33.178131455298015,29.89437515477475,309.57972469971133,8.0,170.07200774244782,433.9043043770166
1278,Suez OUT - Piraeus,SEA,PILOT_TO_PILOT,5,1278,1028,6,7,SaidTssN,Kriti E,33.17951263559768,29.892296944570194,309.57972469971133,8.0,170.205361716836,433.7709504026284
1279,Suez OUT - Piraeus,SEA,PILOT_TO_PILOT,5,1279,1029,6,7,SaidTssN,Kriti E,33.18089378136932,29.89021866885064,309.57972469971133,8.0,170.33871569122417,433.6375964282403
1280,Suez OUT - Piraeus,SEA,PILOT_TO_PILOT,5,1280,1030,6,7,SaidTssN,Kriti E,33.18227489261005,29.8881403276122,309.57972469971133,8.0,170.47206966561237,433.50424245385204
1281,Suez OUT - Piraeus,SEA,PILOT_TO_PILOT,5,1281,1031,6,7,SaidTssN,Kriti E,33.183655969316945,29.886061920851013,309.57972469971133,8.0,170.60542364000054,433.3708884794639
1282,Suez OUT - Piraeus,SEA,PILOT_TO_PILOT,5,1282,1032,6,7,SaidTssN,Kriti E,33.18503701148712,29.883983448563185,309.57972469971133,8.0,170.7387776143887,433.2375345050757
1283,Suez OUT - Piraeus,SEA,PILOT_TO_PILOT,5,1283,1033,6,7,SaidTssN,Kriti E,33.18641801911765,29.88190491074487,309.57972469971133,8.0,170.87213158877688,433.10418053068753
1284,Suez OUT - Piraeus,SEA,PILOT_TO_PILOT,5,1284,1034,6,7,SaidTssN,Kriti E,33.187798992205636,29.87982630739216,309.57972469971133,8.0,171.00548556316505,432.97082655629936
1285,Suez OUT - Piraeus,SEA,PILOT_TO_PILOT,5,1285,1035,6,7,SaidTssN,Kriti E,33.189179930748175,29.8777476385012,309.57972469971133,8.0,171.13883953755322,432.8374725819112
1286,Suez OUT - Piraeus,SEA,PILOT_TO_PILOT,5,1286,1036,6,7,SaidTssN,Kriti E,33.19056083474234,29.875668904068114,309.57972469971133,8.0,171.2721935119414,432.704118607523
1287,Suez OUT - Piraeus,SEA,PILOT_TO_PILOT,5,1287,1037,6,7,SaidTssN,Kriti E,33.191941704185254,29.87359010408902,309.57972469971133,8.0,171.40554748632957,432.57076463313484
1288,Suez OUT - Piraeus,SEA,PILOT_TO_PILOT,5,1288,1038,6,7,SaidTssN,Kriti E,33.19332253907398,29.87151123856005,309.57972469971133,8.0,171.53890146071774,432.43741065874667
1289,Suez OUT - Piraeus,SEA,PILOT_TO_PILOT,5,1289,1039,6,7,SaidTssN,Kriti E,33.19470333940564,29.869432307477318,309.57972469971133,8.0,171.6722554351059,432.3040566843585
1290,Suez OUT - Piraeus,SEA,PILOT_TO_PILOT,5,1290,1040,6,7,SaidTssN,Kriti E,33.19608410517731,29.86735331083696,309.57972469971133,8.0,171.8056094094941,432.1707027099703
1291,Suez OUT - Piraeus,SEA,PILOT_TO_PILOT,5,1291,1041,6,7,SaidTssN,Kriti E,33.19746483638609,29.8652742486351,309.57972469971133,8.0,171.93896338388228,432.0373487355821
1292,Suez OUT - Piraeus,SEA,PILOT_TO_PILOT,5,1292,1042,6,7,SaidTssN,Kriti E,33.19884553302906,29.863195120867854,309.57972469971133,8.0,172.07231735827045,431.903994761194
1293,Suez OUT - Piraeus,SEA,PILOT_TO_PILOT,5,1293,1043,6,7,SaidTssN,Kriti E,33.20022619510331,29.86111592753136,309.57972469971133,8.0,172.20567133265862,431.77064078680576
1294,Suez OUT - Piraeus,SEA,PILOT_TO_PILOT,5,1294,1044,6,7,SaidTssN,Kriti E,33.20160682260596,29.85903666862173,309.57972469971133,8.0,172.3390253070468,431.63728681241764
1295,Suez OUT - Piraeus,SEA,PILOT_TO_PILOT,5,1295,1045,6,7,SaidTssN,Kriti E,33.20298741553406,29.856957344135097,309.57972469971133,8.0,172.47237928143497,431.5039328380294
1296,Suez OUT - Piraeus,SEA,PILOT_TO_PILOT,5,1296,1046,6,7,SaidTssN,Kriti E,33.204367973884736,29.85487795406759,309.57972469971133,8.0,172.60573325582314,431.3705788636413
1297,Suez OUT - Piraeus,SEA,PILOT_TO_PILOT,5,1297,1047,6,7,SaidTssN,Kriti E,33.20574849765506,29.852798498415332,309.57972469971133,8.0,172.7390872302113,431.23722488925307
1298,Suez OUT - Piraeus,SEA,PILOT_TO_PILOT,5,1298,1048,6,7,SaidTssN,Kriti E,33.20712898684213,29.850718977174438,309.57972469971133,8.0,172.87244120459948,431.10387091486496
1299,Suez OUT - Piraeus,SEA,PILOT_TO_PILOT,5,1299,1049,6,7,SaidTssN,Kriti E,33.208509441443034,29.84863939034105,309.57972469971133,8.0,173.00579517898765,430.9705169404767
1300,Suez OUT - Piraeus,SEA,PILOT_TO_PILOT,5,1300,1050,6,7,SaidTssN,Kriti E,33.20988986145486,29.84655973791128,309.57972469971133,8.0,173.13914915337585,430.83716296608856
1301,Suez OUT - Piraeus,SEA,PILOT_TO_PILOT,5,1301,1051,6,7,SaidTssN,Kriti E,33.21127024687472,29.844480019881264,309.57972469971133,8.0,173.27250312776403,430.7038089917004
1302,Suez OUT - Piraeus,SEA,PILOT_TO_PILOT,5,1302,1052,6,7,SaidTssN,Kriti E,33.212650597699664,29.84240023624713,309.57972469971133,8.0,173.4058571021522,430.5704550173122
1303,Suez OUT - Piraeus,SEA,PILOT_TO_PILOT,5,1303,1053,6,7,SaidTssN,Kriti E,33.214030913926806,29.84032038700499,309.57972469971133,8.0,173.53921107654037,430.43710104292404
1304,Suez OUT - Piraeus,SEA,PILOT_TO_PILOT,5,1304,1054,6,7,SaidTssN,Kriti E,33.21541119555324,29.83824047215097,309.57972469971133,8.0,173.67256505092854,430.30374706853587
1305,Suez OUT - Piraeus,SEA,PILOT_TO_PILOT,5,1305,1055,6,7,SaidTssN,Kriti E,33.216791442576046,29.836160491681213,309.57972469971133,8.0,173.8059190253167,430.1703930941477
1306,Suez OUT - Piraeus,SEA,PILOT_TO_PILOT,5,1306,1056,6,7,SaidTssN,Kriti E,33.21817165499231,29.834080445591834,309.57972469971133,8.0,173.93927299970488,430.0370391197595
1307,Suez OUT - Piraeus,SEA,PILOT_TO_PILOT,5,1307,1057,6,7,SaidTssN,Kriti E,33.21955183279914,29.83200033387896,309.57972469971133,8.0,174.07262697409305,429.90368514537136
1308,Suez OUT - Piraeus,SEA,PILOT_TO_PILOT,5,1308,1058,6,7,SaidTssN,Kriti E,33.220931975993615,29.829920156538712,309.57972469971133,8.0,174.20598094848123,429.7703311709832
1309,Suez OUT - Piraeus,SEA,PILOT_TO_PILOT,5,1309,1059,6,7,SaidTssN,Kriti E,33.222312084572806,29.82783991356722,309.57972469971133,8.0,174.3393349228694,429.636977196595
1310,Suez OUT - Piraeus,SEA,PILOT_TO_PILOT,5,1310,1060,6,7,SaidTssN,Kriti E,33.22369215853383,29.825759604960616,309.57972469971133,8.0,174.47268889725757,429.50362322220684
1311,Suez OUT - Piraeus,SEA,PILOT_TO_PILOT,5,1311,1061,6,7,SaidTssN,Kriti E,33.22507219787375,29.823679230715026,309.57972469971133,8.0,174.60604287164577,429.37026924781867
1312,Suez OUT - Piraeus,SEA,PILOT_TO_PILOT,5,1312,1062,6,7,SaidTssN,Kriti E,33.22645220258967,29.821598790826563,309.57972469971133,8.0,174.73939684603394,429.23691527343044
1313,Suez OUT - Piraeus,SEA,PILOT_TO_PILOT,5,1313,1063,6,7,SaidTssN,Kriti E,33.227832172678674,29.81951828529137,309.57972469971133,8.0,174.8727508204221,429.1035612990423
1314,Suez OUT - Piraeus,SEA,PILOT_TO_PILOT,5,1314,1064,6,7,SaidTssN,Kriti E,33.229212108137865,29.817437714105555,309.57972469971133,8.0,175.00610479481028,428.9702073246541
1315,Suez OUT - Piraeus,SEA,PILOT_TO_PILOT,5,1315,1065,6,7,SaidTssN,Kriti E,33.230592008964294,29.81535707726526,309.57972469971133,8.0,175.13945876919846,428.836853350266
1316,Suez OUT - Piraeus,SEA,PILOT_TO_PILOT,5,1316,1066,6,7,SaidTssN,Kriti E,33.231971875155075,29.81327637476661,309.57972469971133,8.0,175.27281274358663,428.70349937587775
1317,Suez OUT - Piraeus,SEA,PILOT_TO_PILOT,5,1317,1067,6,7,SaidTssN,Kriti E,33.233351706707296,29.81119560660572,309.57972469971133,8.0,175.4061667179748,428.57014540148964
1318,Suez OUT - Piraeus,SEA,PILOT_TO_PILOT,5,1318,1068,6,7,SaidTssN,Kriti E,33.234731503618036,29.809114772778734,309.57972469971133,8.0,175.53952069236297,428.4367914271014
1319,Suez OUT - Piraeus,SEA,PILOT_TO_PILOT,5,1319,1069,6,7,SaidTssN,Kriti E,33.23611126588438,29.807033873281757,309.57972469971133,8.0,175.67287466675114,428.3034374527133
1320,Suez OUT - Piraeus,SEA,PILOT_TO_PILOT,5,1320,1070,6,7,SaidTssN,Kriti E,33.23749099350342,29.80495290811094,309.57972469971133,8.0,175.8062286411393,428.17008347832507
1321,Suez OUT - Piraeus,SEA,PILOT_TO_PILOT,5,1321,1071,6,7,SaidTssN,Kriti E,33.23887068647225,29.802871877262387,309.57972469971133,8.0,175.9395826155275,428.0367295039369
1322,Suez OUT - Piraeus,SEA,PILOT_TO_PILOT,5,1322,1072,6,7,SaidTssN,Kriti E,33.240250344787945,29.800790780732243,309.57972469971133,8.0,176.07293658991568,427.9033755295487
1323,Suez OUT - Piraeus,SEA,PILOT_TO_PILOT,5,1323,1073,6,7,SaidTssN,Kriti E,33.24162996844758,29.798709618516625,309.57972469971133,8.0,176.20629056430386,427.77002155516055
1324,Suez OUT - Piraeus,SEA,PILOT_TO_PILOT,5,1324,1074,6,7,SaidTssN,Kriti E,33.24300955744826,29.79662839061166,309.57972469971133,8.0,176.33964453869203,427.6366675807724
1325,Suez OUT - Piraeus,SEA,PILOT_TO_PILOT,5,1325,1075,6,7,SaidTssN,Kriti E,33.24438911178707,29.794547097013478,309.57972469971133,8.0,176.4729985130802,427.5033136063842
1326,Suez OUT - Piraeus,SEA,PILOT_TO_PILOT,5,1326,1076,6,7,SaidTssN,Kriti E,33.24576863146109,29.792465737718203,309.57972469971133,8.0,176.60635248746837,427.36995963199604
1327,Suez OUT - Piraeus,SEA,PILOT_TO_PILOT,5,1327,1077,6,7,SaidTssN,Kriti E,33.2471481164674,29.790384312721965,309.57972469971133,8.0,176.73970646185654,427.23660565760787
1328,Suez OUT - Piraeus,SEA,PILOT_TO_PILOT,5,1328,1078,6,7,SaidTssN,Kriti E,33.24852756680309,29.788302822020892,309.57972469971133,8.0,176.8730604362447,427.1032516832197
1329,Suez OUT - Piraeus,SEA,PILOT_TO_PILOT,5,1329,1079,6,7,SaidTssN,Kriti E,33.24990698246526,29.786221265611108,309.57972469971133,8.0,177.00641441063289,426.9698977088315
1330,Suez OUT - Piraeus,SEA,PILOT_TO_PILOT,5,1330,1080,6,7,SaidTssN,Kriti E,33.251286363450966,29.78413964348874,309.57972469971133,8.0,177.13976838502106,426.83654373444335
1331,Suez OUT - Piraeus,SEA,PILOT_TO_PILOT,5,1331,1081,6,7,SaidTssN,Kriti E,33.25266570975731,29.78205795564992,309.57972469971133,8.0,177.27312235940926,426.7031897600551
1332,Suez OUT - Piraeus,SEA,PILOT_TO_PILOT,5,1332,1082,6,7,SaidTssN,Kriti E,33.254045021381366,29.779976202090772,309.57972469971133,8.0,177.40647633379743,426.569835785667
1333,Suez OUT - Piraeus,SEA,PILOT_TO_PILOT,5,1333,1083,6,7,SaidTssN,Kriti E,33.25542429832024,29.777894382807418,309.57972469971133,8.0,177.5398303081856,426.4364818112788
1334,Suez OUT - Piraeus,SEA,PILOT_TO_PILOT,5,1334,1084,6,7,SaidTssN,Kriti E,33.256803540571,29.775812497795997,309.57972469971133,8.0,177.67318428257377,426.30312783689067
1335,Suez OUT - Piraeus,SEA,PILOT_TO_PILOT,5,1335,1085,6,7,SaidTssN,Kriti E,33.25818274813073,29.773730547052622,309.57972469971133,8.0,177.80653825696194,426.16977386250244
1336,Suez OUT - Piraeus,SEA,PILOT_TO_PILOT,5,1336,1086,6,7,SaidTssN,Kriti E,33.259561920996504,29.77164853057344,309.57972469971133,8.0,177.93989223135011,426.0364198881143
1337,Suez OUT - Piraeus,SEA,PILOT_TO_PILOT,5,1337,1087,6,7,SaidTssN,Kriti E,33.260941059165425,29.769566448354563,309.57972469971133,8.0,178.0732462057383,425.9030659137261
1338,Suez OUT - Piraeus,SEA,PILOT_TO_PILOT,5,1338,1088,6,7,SaidTssN,Kriti E,33.26232016263458,29.767484300392123,309.57972469971133,8.0,178.20660018012646,425.769711939338
1339,Suez OUT - Piraeus,SEA,PILOT_TO_PILOT,5,1339,1089,6,7,SaidTssN,Kriti E,33.26369923140101,29.76540208668225,309.57972469971133,8.0,178.33995415451463,425.63635796494975
1340,Suez OUT - Piraeus,SEA,PILOT_TO_PILOT,5,1340,1090,6,7,SaidTssN,Kriti E,33.26507826546185,29.76331980722107,309.57972469971133,8.0,178.4733081289028,425.50300399056164
1341,Suez OUT - Piraeus,SEA,PILOT_TO_PILOT,5,1341,1091,6,7,SaidTssN,Kriti E,33.26645726481415,29.761237462004708,309.57972469971133,8.0,178.60666210329097,425.3696500161734
1342,Suez OUT - Piraeus,SEA,PILOT_TO_PILOT,5,1342,1092,6,7,SaidTssN,Kriti E,33.26783622945501,29.759155051029296,309.57972469971133,8.0,178.74001607767917,425.23629604178524
1343,Suez OUT - Piraeus,SEA,PILOT_TO_PILOT,5,1343,1093,6,7,SaidTssN,Kriti E,33.269215159381496,29.75707257429096,309.57972469971133,8.0,178.87337005206734,425.10294206739707
1344,Suez OUT - Piraeus,SEA,PILOT_TO_PILOT,5,1344,1094,6,7,SaidTssN,Kriti E,33.27059405459071,29.754990031785834,309.57972469971133,8.0,179.00672402645552,424.9695880930089
1345,Suez OUT - Piraeus,SEA,PILOT_TO_PILOT,5,1345,1095,6,7,SaidTssN,Kriti E,33.271972915079715,29.752907423510035,309.57972469971133,8.0,179.1400780008437,424.8362341186207
1346,Suez OUT - Piraeus,SEA,PILOT_TO_PILOT,5,1346,1096,6,7,SaidTssN,Kriti E,33.27335174084559,29.750824749459692,309.57972469971133,8.0,179.27343197523186,424.70288014423255
1347,Suez OUT - Piraeus,SEA,PILOT_TO_PILOT,5,1347,1097,6,7,SaidTssN,Kriti E,33.27473053188544,29.74874200963095,309.57972469971133,8.0,179.40678594962003,424.5695261698444
1348,Suez OUT - Piraeus,SEA,PILOT_TO_PILOT,5,1348,1098,6,7,SaidTssN,Kriti E,33.27610928819633,29.746659204019913,309.57972469971133,8.0,179.5401399240082,424.4361721954562
1349,Suez OUT - Piraeus,SEA,PILOT_TO_PILOT,5,1349,1099,6,7,SaidTssN,Kriti E,33.27748800977535,29.744576332622724,309.57972469971133,8.0,179.67349389839637,424.30281822106804
1350,Suez OUT - Piraeus,SEA,PILOT_TO_PILOT,5,1350,1100,6,7,SaidTssN,Kriti E,33.278866696619566,29.742493395435513,309.57972469971133,8.0,179.80684787278454,424.16946424667987
1351,Suez OUT - Piraeus,SEA,PILOT_TO_PILOT,5,1351,1101,6,7,SaidTssN,Kriti E,33.28024534872607,29.74041039245441,309.57972469971133,8.0,179.94020184717272,424.0361102722917
1352,Suez OUT - Piraeus,SEA,PILOT_TO_PILOT,5,1352,1102,6,7,SaidTssN,Kriti E,33.28162396609194,29.738327323675524,309.57972469971133,8.0,180.07355582156092,423.90275629790347
1353,Suez OUT - Piraeus,SEA,PILOT_TO_PILOT,5,1353,1103,6,7,SaidTssN,Kriti E,33.28300254871425,29.736244189095004,309.57972469971133,8.0,180.2069097959491,423.76940232351535
1354,Suez OUT - Piraeus,SEA,PILOT_TO_PILOT,5,1354,1104,6,7,SaidTssN,Kriti E,33.284381096590096,29.734160988708965,309.57972469971133,8.0,180.34026377033726,423.6360483491271
1355,Suez OUT - Piraeus,SEA,PILOT_TO_PILOT,5,1355,1105,6,7,SaidTssN,Kriti E,33.28575960971654,29.732077722513548,309.57972469971133,8.0,180.47361774472543,423.502694374739
1356,Suez OUT - Piraeus,SEA,PILOT_TO_PILOT,5,1356,1106,6,7,SaidTssN,Kriti E,33.28713808809069,29.729994390504874,309.57972469971133,8.0,180.6069717191136,423.3693404003508
1357,Suez OUT - Piraeus,SEA,PILOT_TO_PILOT,5,1357,1107,6,7,SaidTssN,Kriti E,33.28851653170958,29.72791099267908,309.57972469971133,8.0,180.74032569350177,423.23598642596266
1358,Suez OUT - Piraeus,SEA,PILOT_TO_PILOT,5,1358,1108,6,7,SaidTssN,Kriti E,33.289894940570335,29.725827529032287,309.57972469971133,8.0,180.87367966788995,423.10263245157444
1359,Suez OUT - Piraeus,SEA,PILOT_TO_PILOT,5,1359,1109,6,7,SaidTssN,Kriti E,33.29127331467,29.723743999560618,309.57972469971133,8.0,181.00703364227812,422.9692784771863
1360,Suez OUT - Piraeus,SEA,PILOT_TO_PILOT,5,1360,1110,6,7,SaidTssN,Kriti E,33.29265165400568,29.721660404260213,309.57972469971133,8.0,181.1403876166663,422.8359245027981
1361,Suez OUT - Piraeus,SEA,PILOT_TO_PILOT,5,1361,1111,6,7,SaidTssN,Kriti E,33.294029958574434,29.71957674312719,309.57972469971133,8.0,181.27374159105446,422.70257052841
1362,Suez OUT - Piraeus,SEA,PILOT_TO_PILOT,5,1362,1112,6,7,SaidTssN,Kriti E,33.295408228373354,29.717493016157697,309.57972469971133,8.0,181.40709556544266,422.56921655402175
1363,Suez OUT - Piraeus,SEA,PILOT_TO_PILOT,5,1363,1113,6,7,SaidTssN,Kriti E,33.29678646339951,29.71540922334784,309.57972469971133,8.0,181.54044953983083,422.4358625796336
1364,Suez OUT - Piraeus,SEA,PILOT_TO_PILOT,5,1364,1114,6,7,SaidTssN,Kriti E,33.29816466364999,29.71332536469377,309.57972469971133,8.0,181.673803514219,422.3025086052454
1365,Suez OUT - Piraeus,SEA,PILOT_TO_PILOT,5,1365,1115,6,7,SaidTssN,Kriti E,33.29954282912186,29.711241440191593,309.57972469971133,8.0,181.80715748860717,422.16915463085724
1366,Suez OUT - Piraeus,SEA,PILOT_TO_PILOT,5,1366,1116,6,7,SaidTssN,Kriti E,33.30092095981221,29.70915744983746,309.57972469971133,8.0,181.94051146299535,422.03580065646906
1367,Suez OUT - Piraeus,SEA,PILOT_TO_PILOT,5,1367,1117,6,7,SaidTssN,Kriti E,33.302299055718095,29.707073393627482,309.57972469971133,8.0,182.07386543738352,421.9024466820809
1368,Suez OUT - Piraeus,SEA,PILOT_TO_PILOT,5,1368,1118,6,7,SaidTssN,Kriti E,33.30367711683662,29.704989271557807,309.57972469971133,8.0,182.2072194117717,421.7690927076927
1369,Suez OUT - Piraeus,SEA,PILOT_TO_PILOT,5,1369,1119,6,7,SaidTssN,Kriti E,33.30505514316485,29.702905083624547,309.57972469971133,8.0,182.34057338615986,421.63573873330455
1370,Suez OUT - Piraeus,SEA,PILOT_TO_PILOT,5,1370,1120,6,7,SaidTssN,Kriti E,33.306433134699866,29.700820829823847,309.57972469971133,8.0,182.47392736054803,421.5023847589164
1371,Suez OUT - Piraeus,SEA,PILOT_TO_PILOT,5,1371,1121,6,7,SaidTssN,Kriti E,33.30781109143874,29.69873651015182,309.57972469971133,8.0,182.6072813349362,421.3690307845282
1372,Suez OUT - Piraeus,SEA,PILOT_TO_PILOT,5,1372,1122,6,7,SaidTssN,Kriti E,33.30918901337854,29.696652124604608,309.57972469971133,8.0,182.74063530932438,421.23567681014003
1373,Suez OUT - Piraeus,SEA,PILOT_TO_PILOT,5,1373,1123,6,7,SaidTssN,Kriti E,33.31056690051636,29.694567673178337,309.57972469971133,8.0,182.87398928371258,421.1023228357518
1374,Suez OUT - Piraeus,SEA,PILOT_TO_PILOT,5,1374,1124,6,7,SaidTssN,Kriti E,33.31194475284927,29.692483155869137,309.57972469971133,8.0,183.00734325810075,420.9689688613637
1375,Suez OUT - Piraeus,SEA,PILOT_TO_PILOT,5,1375,1125,6,7,SaidTssN,Kriti E,33.313322570374346,29.69039857267314,309.57972469971133,8.0,183.14069723248892,420.83561488697546
1376,Suez OUT - Piraeus,SEA,PILOT_TO_PILOT,5,1376,1126,6,7,SaidTssN,Kriti E,33.31470035308867,29.68831392358647,309.57972469971133,8.0,183.2740512068771,420.70226091258735
1377,Suez OUT - Piraeus,SEA,PILOT_TO_PILOT,5,1377,1127,6,7,SaidTssN,Kriti E,33.3160781009893,29.68622920860525,309.57972469971133,8.0,183.40740518126526,420.5689069381991
1378,Suez OUT - Piraeus,SEA,PILOT_TO_PILOT,5,1378,1128,6,7,SaidTssN,Kriti E,33.31745581407333,29.684144427725634,309.57972469971133,8.0,183.54075915565343,420.435552963811
1379,Suez OUT - Piraeus,SEA,PILOT_TO_PILOT,5,1379,1129,6,7,SaidTssN,Kriti E,33.318833492337816,29.68205958094373,309.57972469971133,8.0,183.6741131300416,420.3021989894228
1380,Suez OUT - Piraeus,SEA,PILOT_TO_PILOT,5,1380,1130,6,7,SaidTssN,Kriti E,33.32021113577985,29.67997466825568,309.57972469971133,8.0,183.80746710442978,420.16884501503466
1381,Suez OUT - Piraeus,SEA,PILOT_TO_PILOT,5,1381,1131,6,7,SaidTssN,Kriti E,33.32158874439651,29.677889689657608,309.57972469971133,8.0,183.94082107881795,420.03549104064643
1382,Suez OUT - Piraeus,SEA,PILOT_TO_PILOT,5,1382,1132,6,7,SaidTssN,Kriti E,33.32296631818486,29.67580464514565,309.57972469971133,8.0,184.07417505320612,419.9021370662583
1383,Suez OUT - Piraeus,SEA,PILOT_TO_PILOT,5,1383,1133,6,7,SaidTssN,Kriti E,33.324343857141976,29.673719534715925,309.57972469971133,8.0,184.20752902759432,419.7687830918701
1384,Suez OUT - Piraeus,SEA,PILOT_TO_PILOT,5,1384,1134,6,7,SaidTssN,Kriti E,33.32572136126493,29.671634358364575,309.57972469971133,8.0,184.3408830019825,419.6354291174819
1385,Suez OUT - Piraeus,SEA,PILOT_TO_PILOT,5,1385,1135,6,7,SaidTssN,Kriti E,33.3270988305508,29.66954911608772,309.57972469971133,8.0,184.47423697637066,419.50207514309375
1386,Suez OUT - Piraeus,SEA,PILOT_TO_PILOT,5,1386,1136,6,7,SaidTssN,Kriti E,33.32847626499667,29.6674638078815,309.57972469971133,8.0,184.60759095075883,419.3687211687056
1387,Suez OUT - Piraeus,SEA,PILOT_TO_PILOT,5,1387,1137,6,7,SaidTssN,Kriti E,33.3298536645996,29.665378433742042,309.57972469971133,8.0,184.740944925147,419.2353671943174
1388,Suez OUT - Piraeus,SEA,PILOT_TO_PILOT,5,1388,1138,6,7,SaidTssN,Kriti E,33.33123102935666,29.663292993665472,309.57972469971133,8.0,184.87429889953518,419.10201321992923
1389,Suez OUT - Piraeus,SEA,PILOT_TO_PILOT,5,1389,1139,6,7,SaidTssN,Kriti E,33.33260835926494,29.661207487647925,309.57972469971133,8.0,185.00765287392335,418.96865924554106
1390,Suez OUT - Piraeus,SEA,PILOT_TO_PILOT,5,1390,1140,6,7,SaidTssN,Kriti E,33.333985654321495,29.65912191568554,309.57972469971133,8.0,185.14100684831152,418.8353052711529
1391,Suez OUT - Piraeus,SEA,PILOT_TO_PILOT,5,1391,1141,6,7,SaidTssN,Kriti E,33.33536291452341,29.657036277774427,309.57972469971133,8.0,185.2743608226997,418.7019512967647
1392,Suez OUT - Piraeus,SEA,PILOT_TO_PILOT,5,1392,1142,6,7,SaidTssN,Kriti E,33.33674013986776,29.654950573910735,309.57972469971133,8.0,185.40771479708786,418.56859732237655
1393,Suez OUT - Piraeus,SEA,PILOT_TO_PILOT,5,1393,1143,6,7,SaidTssN,Kriti E,33.3381173303516,29.652864804090584,309.57972469971133,8.0,185.54106877147606,418.4352433479884
1394,Suez OUT - Piraeus,SEA,PILOT_TO_PILOT,5,1394,1144,6,7,SaidTssN,Kriti E,33.339494485972025,29.650778968310114,309.57972469971133,8.0,185.67442274586423,418.30188937360015
1395,Suez OUT - Piraeus,SEA,PILOT_TO_PILOT,5,1395,1145,6,7,SaidTssN,Kriti E,33.3408716067261,29.64869306656545,309.57972469971133,8.0,185.8077767202524,418.16853539921203
1396,Suez OUT - Piraeus,SEA,PILOT_TO_PILOT,5,1396,1146,6,7,SaidTssN,Kriti E,33.342248692610895,29.64660709885272,309.57972469971133,8.0,185.94113069464058,418.0351814248238
1397,Suez OUT - Piraeus,SEA,PILOT_TO_PILOT,5,1397,1147,6,7,SaidTssN,Kriti E,33.343625743623484,29.64452106516806,309.57972469971133,8.0,186.07448466902875,417.9018274504357
1398,Suez OUT - Piraeus,SEA,PILOT_TO_PILOT,5,1398,1148,6,7,SaidTssN,Kriti E,33.34500275976092,29.6424349655076,309.57972469971133,8.0,186.20783864341692,417.76847347604746
1399,Suez OUT - Piraeus,SEA,PILOT_TO_PILOT,5,1399,1149,6,7,SaidTssN,Kriti E,33.3463797410203,29.64034879986747,309.57972469971133,8.0,186.3411926178051,417.63511950165935
1400,Suez OUT - Piraeus,SEA,PILOT_TO_PILOT,5,1400,1150,6,7,SaidTssN,Kriti E,33.3477566873987,29.638262568243807,309.57972469971133,8.0,186.47454659219326,417.5017655272711
1401,Suez OUT - Piraeus,SEA,PILOT_TO_PILOT,5,1401,1151,6,7,SaidTssN,Kriti E,33.34913359889316,29.63617627063274,309.57972469971133,8.0,186.60790056658143,417.368411552883
1402,Suez OUT - Piraeus,SEA,PILOT_TO_PILOT,5,1402,1152,6,7,SaidTssN,Kriti E,33.35051047550077,29.634089907030386,309.57972469971133,8.0,186.7412545409696,417.2350575784948
1403,Suez OUT - Piraeus,SEA,PILOT_TO_PILOT,5,1403,1153,6,7,SaidTssN,Kriti E,33.35188731721859,29.632003477432892,309.57972469971133,8.0,186.87460851535778,417.10170360410666
1404,Suez OUT - Piraeus,SEA,PILOT_TO_PILOT,5,1404,1154,6,7,SaidTssN,Kriti E,33.353264124043726,29.62991698183639,309.57972469971133,8.0,187.00796248974598,416.96834962971843
1405,Suez OUT - Piraeus,SEA,PILOT_TO_PILOT,5,1405,1155,6,7,SaidTssN,Kriti E,33.354640895973205,29.627830420237004,309.57972469971133,8.0,187.14131646413415,416.83499565533026
1406,Suez OUT - Piraeus,SEA,PILOT_TO_PILOT,5,1406,1156,6,7,SaidTssN,Kriti E,33.35601763300411,29.625743792630868,309.57972469971133,8.0,187.27467043852232,416.7016416809421
1407,Suez OUT - Piraeus,SEA,PILOT_TO_PILOT,5,1407,1157,6,7,SaidTssN,Kriti E,33.35739433513353,29.62365709901411,309.57972469971133,8.0,187.4080244129105,416.5682877065539
1408,Suez OUT - Piraeus,SEA,PILOT_TO_PILOT,5,1408,1158,6,7,SaidTssN,Kriti E,33.35877100235851,29.621570339382878,309.57972469971133,8.0,187.54137838729866,416.43493373216575
1409,Suez OUT - Piraeus,SEA,PILOT_TO_PILOT,5,1409,1159,6,7,SaidTssN,Kriti E,33.360147634676125,29.619483513733286,309.57972469971133,8.0,187.67473236168684,416.3015797577776
1410,Suez OUT - Piraeus,SEA,PILOT_TO_PILOT,5,1410,1160,6,7,SaidTssN,Kriti E,33.361524232083454,29.61739662206147,309.57972469971133,8.0,187.808086336075,416.1682257833894
1411,Suez OUT - Piraeus,SEA,PILOT_TO_PILOT,5,1411,1161,6,7,SaidTssN,Kriti E,33.36290079457756,29.615309664363558,309.57972469971133,8.0,187.94144031046318,416.03487180900123
1412,Suez OUT - Piraeus,SEA,PILOT_TO_PILOT,5,1412,1162,6,7,SaidTssN,Kriti E,33.36427732215551,29.61322264063569,309.57972469971133,8.0,188.07479428485135,415.90151783461306
1413,Suez OUT - Piraeus,SEA,PILOT_TO_PILOT,5,1413,1163,6,7,SaidTssN,Kriti E,33.36565381481439,29.611135550874,309.57972469971133,8.0,188.20814825923952,415.7681638602249
1414,Suez OUT - Piraeus,SEA,PILOT_TO_PILOT,5,1414,1164,6,7,SaidTssN,Kriti E,33.36703027255124,29.60904839507461,309.57972469971133,8.0,188.34150223362772,415.6348098858367
1415,Suez OUT - Piraeus,SEA,PILOT_TO_PILOT,5,1415,1165,6,7,SaidTssN,Kriti E,33.36840669536315,29.60696117323366,309.57972469971133,8.0,188.4748562080159,415.5014559114485
1416,Suez OUT - Piraeus,SEA,PILOT_TO_PILOT,5,1416,1166,6,7,SaidTssN,Kriti E,33.36978308324718,29.604873885347285,309.57972469971133,8.0,188.60821018240406,415.3681019370604
1417,Suez OUT - Piraeus,SEA,PILOT_TO_PILOT,5,1417,1167,6,7,SaidTssN,Kriti E,33.371159436200394,29.602786531411596,309.57972469971133,8.0,188.74156415679224,415.23474796267215
1418,Suez OUT - Piraeus,SEA,PILOT_TO_PILOT,5,1418,1168,6,7,SaidTssN,Kriti E,33.37253575421986,29.600699111422745,309.57972469971133,8.0,188.8749181311804,415.10139398828403
1419,Suez OUT - Piraeus,SEA,PILOT_TO_PILOT,5,1419,1169,6,7,SaidTssN,Kriti E,33.37391203730267,29.598611625376865,309.57972469971133,8.0,189.00827210556858,414.9680400138958
1420,Suez OUT - Piraeus,SEA,PILOT_TO_PILOT,5,1420,1170,6,7,SaidTssN,Kriti E,33.37528828544586,29.596524073270082,309.57972469971133,8.0,189.14162607995675,414.8346860395077
1421,Suez OUT - Piraeus,SEA,PILOT_TO_PILOT,5,1421,1171,6,7,SaidTssN,Kriti E,33.37666449864651,29.594436455098528,309.57972469971133,8.0,189.27498005434492,414.70133206511946
1422,Suez OUT - Piraeus,SEA,PILOT_TO_PILOT,5,1422,1172,6,7,SaidTssN,Kriti E,33.3780406769017,29.592348770858337,309.57972469971133,8.0,189.4083340287331,414.56797809073134
1423,Suez OUT - Piraeus,SEA,PILOT_TO_PILOT,5,1423,1173,6,7,SaidTssN,Kriti E,33.37941682020846,29.59026102054564,309.57972469971133,8.0,189.54168800312127,414.4346241163431
1424,Suez OUT - Piraeus,SEA,PILOT_TO_PILOT,5,1424,1174,6,7,SaidTssN,Kriti E,33.3807929285639,29.588173204156572,309.57972469971133,8.0,189.67504197750947,414.30127014195494
1425,Suez OUT - Piraeus,SEA,PILOT_TO_PILOT,5,1425,1175,6,7,SaidTssN,Kriti E,33.38216900196505,29.586085321687268,309.57972469971133,8.0,189.80839595189764,414.1679161675668
1426,Suez OUT - Piraeus,SEA,PILOT_TO_PILOT,5,1426,1176,6,7,SaidTssN,Kriti E,33.38354504040901,29.583997373133855,309.57972469971133,8.0,189.9417499262858,414.0345621931786
1427,Suez OUT - Piraeus,SEA,PILOT_TO_PILOT,5,1427,1177,6,7,SaidTssN,Kriti E,33.38492104389283,29.58190935849247,309.57972469971133,8.0,190.07510390067398,413.90120821879043
1428,Suez OUT - Piraeus,SEA,PILOT_TO_PILOT,5,1428,1178,6,7,SaidTssN,Kriti E,33.386297012413564,29.579821277759244,309.57972469971133,8.0,190.20845787506215,413.76785424440226
1429,Suez OUT - Piraeus,SEA,PILOT_TO_PILOT,5,1429,1179,6,7,SaidTssN,Kriti E,33.38767294596829,29.577733130930305,309.57972469971133,8.0,190.34181184945032,413.6345002700141
1430,Suez OUT - Piraeus,SEA,PILOT_TO_PILOT,5,1430,1180,6,7,SaidTssN,Kriti E,33.38904884455408,29.5756449180018,309.57972469971133,8.0,190.4751658238385,413.5011462956259
1431,Suez OUT - Piraeus,SEA,PILOT_TO_PILOT,5,1431,1181,6,7,SaidTssN,Kriti E,33.390424708167984,29.573556638969844,309.57972469971133,8.0,190.60851979822667,413.36779232123774
1432,Suez OUT - Piraeus,SEA,PILOT_TO_PILOT,5,1432,1182,6,7,SaidTssN,Kriti E,33.3918005368071,29.57146829383059,309.57972469971133,8.0,190.74187377261484,413.2344383468496
1433,Suez OUT - Piraeus,SEA,PILOT_TO_PILOT,5,1433,1183,6,7,SaidTssN,Kriti E,33.39317633046844,29.569379882580144,309.57972469971133,8.0,190.875227747003,413.1010843724614
1434,Suez OUT - Piraeus,SEA,PILOT_TO_PILOT,5,1434,1184,6,7,SaidTssN,Kriti E,33.39455208914911,29.567291405214668,309.57972469971133,8.0,191.00858172139118,412.96773039807323
1435,Suez OUT - Piraeus,SEA,PILOT_TO_PILOT,5,1435,1185,6,7,SaidTssN,Kriti E,33.39592781284615,29.565202861730285,309.57972469971133,8.0,191.14193569577938,412.83437642368506
1436,Suez OUT - Piraeus,SEA,PILOT_TO_PILOT,5,1436,1186,6,7,SaidTssN,Kriti E,33.39730350155664,29.563114252123114,309.57972469971133,8.0,191.27528967016755,412.70102244929683
1437,Suez OUT - Piraeus,SEA,PILOT_TO_PILOT,5,1437,1187,6,7,SaidTssN,Kriti E,33.398679155277655,29.561025576389305,309.57972469971133,8.0,191.40864364455572,412.5676684749087
1438,Suez OUT - Piraeus,SEA,PILOT_TO_PILOT,5,1438,1188,6,7,SaidTssN,Kriti E,33.40005477400623,29.55893683452499,309.57972469971133,8.0,191.5419976189439,412.4343145005205
1439,Suez OUT - Piraeus,SEA,PILOT_TO_PILOT,5,1439,1189,6,7,SaidTssN,Kriti E,33.40143035773945,29.5568480265263,309.57972469971133,8.0,191.67535159333207,412.30096052613237
1440,Suez OUT - Piraeus,SEA,PILOT_TO_PILOT,5,1440,1190,6,7,SaidTssN,Kriti E,33.40280590647437,29.554759152389366,309.57972469971133,8.0,191.80870556772024,412.16760655174414
1441,Suez OUT - Piraeus,SEA,PILOT_TO_PILOT,5,1441,1191,6,7,SaidTssN,Kriti E,33.404181420208054,29.552670212110325,309.57972469971133,8.0,191.9420595421084,412.034252577356
1442,Suez OUT - Piraeus,SEA,PILOT_TO_PILOT,5,1442,1192,6,7,SaidTssN,Kriti E,33.40555689893757,29.5505812056853,309.57972469971133,8.0,192.07541351649658,411.9008986029678
1443,Suez OUT - Piraeus,SEA,PILOT_TO_PILOT,5,1443,1193,6,7,SaidTssN,Kriti E,33.40693234265997,29.548492133110447,309.57972469971133,8.0,192.20876749088475,411.7675446285797
1444,Suez OUT - Piraeus,SEA,PILOT_TO_PILOT,5,1444,1194,6,7,SaidTssN,Kriti E,33.408307751372334,29.546402994381882,309.57972469971133,8.0,192.34212146527292,411.63419065419146
1445,Suez OUT - Piraeus,SEA,PILOT_TO_PILOT,5,1445,1195,6,7,SaidTssN,Kriti E,33.409683125071716,29.54431378949575,309.57972469971133,8.0,192.47547543966112,411.5008366798033
1446,Suez OUT - Piraeus,SEA,PILOT_TO_PILOT,5,1446,1196,6,7,SaidTssN,Kriti E,33.411058463755175,29.542224518448165,309.57972469971133,8.0,192.6088294140493,411.3674827054151
1447,Suez OUT - Piraeus,SEA,PILOT_TO_PILOT,5,1447,1197,6,7,SaidTssN,Kriti E,33.41243376741978,29.540135181235282,309.57972469971133,8.0,192.74218338843747,411.23412873102694
1448,Suez OUT - Piraeus,SEA,PILOT_TO_PILOT,5,1448,1198,6,7,SaidTssN,Kriti E,33.413809036062574,29.538045777853227,309.57972469971133,8.0,192.87553736282564,411.10077475663877
1449,Suez OUT - Piraeus,SEA,PILOT_TO_PILOT,5,1449,1199,6,7,SaidTssN,Kriti E,33.415184269680644,29.535956308298132,309.57972469971133,8.0,193.0088913372138,410.9674207822506
1450,Suez OUT - Piraeus,SEA,PILOT_TO_PILOT,5,1450,1200,6,7,SaidTssN,Kriti E,33.416559468271046,29.533866772566142,309.57972469971133,8.0,193.14224531160198,410.8340668078624
1451,Suez OUT - Piraeus,SEA,PILOT_TO_PILOT,5,1451,1201,6,7,SaidTssN,Kriti E,33.41793463183084,29.531777170653378,309.57972469971133,8.0,193.27559928599015,410.70071283347426
1452,Suez OUT - Piraeus,SEA,PILOT_TO_PILOT,5,1452,1202,6,7,SaidTssN,Kriti E,33.41930976035707,29.529687502555976,309.57972469971133,8.0,193.40895326037833,410.5673588590861
1453,Suez OUT - Piraeus,SEA,PILOT_TO_PILOT,5,1453,1203,6,7,SaidTssN,Kriti E,33.42068485384683,29.52759776827008,309.57972469971133,8.0,193.5423072347665,410.4340048846979
1454,Suez OUT - Piraeus,SEA,PILOT_TO_PILOT,5,1454,1204,6,7,SaidTssN,Kriti E,33.42205991229715,29.525507967791807,309.57972469971133,8.0,193.67566120915467,410.30065091030974
1455,Suez OUT - Piraeus,SEA,PILOT_TO_PILOT,5,1455,1205,6,7,SaidTssN,Kriti E,33.42343493570511,29.52341810111732,309.57972469971133,8.0,193.80901518354284,410.16729693592157
1456,Suez OUT - Piraeus,SEA,PILOT_TO_PILOT,5,1456,1206,6,7,SaidTssN,Kriti E,33.424809924067766,29.52132816824273,309.57972469971133,8.0,193.94236915793104,410.0339429615334
1457,Suez OUT - Piraeus,SEA,PILOT_TO_PILOT,5,1457,1207,6,7,SaidTssN,Kriti E,33.42618487738218,29.519238169164172,309.57972469971133,8.0,194.0757231323192,409.90058898714517
1458,Suez OUT - Piraeus,SEA,PILOT_TO_PILOT,5,1458,1208,6,7,SaidTssN,Kriti E,33.4275597956454,29.51714810387779,309.57972469971133,8.0,194.20907710670738,409.76723501275706
1459,Suez OUT - Piraeus,SEA,PILOT_TO_PILOT,5,1459,1209,6,7,SaidTssN,Kriti E,33.428934678854496,29.515057972379715,309.57972469971133,8.0,194.34243108109555,409.6338810383688
1460,Suez OUT - Piraeus,SEA,PILOT_TO_PILOT,5,1460,1210,6,7,SaidTssN,Kriti E,33.43030952700653,29.51296777466608,309.57972469971133,8.0,194.47578505548373,409.5005270639807
1461,Suez OUT - Piraeus,SEA,PILOT_TO_PILOT,5,1461,1211,6,7,SaidTssN,Kriti E,33.431684340098556,29.51087751073302,309.57972469971133,8.0,194.6091390298719,409.3671730895925
1462,Suez OUT - Piraeus,SEA,PILOT_TO_PILOT,5,1462,1212,6,7,SaidTssN,Kriti E,33.433059118127645,29.508787180576682,309.57972469971133,8.0,194.74249300426007,409.23381911520437
1463,Suez OUT - Piraeus,SEA,PILOT_TO_PILOT,5,1463,1213,6,7,SaidTssN,Kriti E,33.43443386109083,29.506696784193185,309.57972469971133,8.0,194.87584697864824,409.10046514081614
1464,Suez OUT - Piraeus,SEA,PILOT_TO_PILOT,5,1464,1214,6,7,SaidTssN,Kriti E,33.43580856898521,29.504606321578667,309.57972469971133,8.0,195.0092009530364,408.967111166428
1465,Suez OUT - Piraeus,SEA,PILOT_TO_PILOT,5,1465,1215,6,7,SaidTssN,Kriti E,33.4371832418078,29.502515792729273,309.57972469971133,8.0,195.14255492742458,408.8337571920398
1466,Suez OUT - Piraeus,SEA,PILOT_TO_PILOT,5,1466,1216,6,7,SaidTssN,Kriti E,33.438557879555695,29.50042519764112,309.57972469971133,8.0,195.27590890181278,408.7004032176516
1467,Suez OUT - Piraeus,SEA,PILOT_TO_PILOT,5,1467,1217,6,7,SaidTssN,Kriti E,33.43993248222593,29.498334536310367,309.57972469971133,8.0,195.40926287620096,408.56704924326345
1468,Suez OUT - Piraeus,SEA,PILOT_TO_PILOT,5,1468,1218,6,7,SaidTssN,Kriti E,33.44130704981557,29.496243808733134,309.57972469971133,8.0,195.54261685058913,408.4336952688753
1469,Suez OUT - Piraeus,SEA,PILOT_TO_PILOT,5,1469,1219,6,7,SaidTssN,Kriti E,33.44268158232168,29.494153014905557,309.57972469971133,8.0,195.6759708249773,408.3003412944871
1470,Suez OUT - Piraeus,SEA,PILOT_TO_PILOT,5,1470,1220,6,7,SaidTssN,Kriti E,33.4440560797413,29.492062154823763,309.57972469971133,8.0,195.80932479936547,408.16698732009894
1471,Suez OUT - Piraeus,SEA,PILOT_TO_PILOT,5,1471,1221,6,7,SaidTssN,Kriti E,33.44543054207152,29.48997122848391,309.57972469971133,8.0,195.94267877375364,408.03363334571077
1472,Suez OUT - Piraeus,SEA,PILOT_TO_PILOT,5,1472,1222,6,7,SaidTssN,Kriti E,33.44680496930937,29.487880235882123,309.57972469971133,8.0,196.0760327481418,407.9002793713226
1473,Suez OUT - Piraeus,SEA,PILOT_TO_PILOT,5,1473,1223,6,7,SaidTssN,Kriti E,33.44817936145191,29.48578917701452,309.57972469971133,8.0,196.20938672252998,407.7669253969344
1474,Suez OUT - Piraeus,SEA,PILOT_TO_PILOT,5,1474,1224,6,7,SaidTssN,Kriti E,33.44955371849621,29.483698051877273,309.57972469971133,8.0,196.34274069691816,407.63357142254625
1475,Suez OUT - Piraeus,SEA,PILOT_TO_PILOT,5,1475,1225,6,7,SaidTssN,Kriti E,33.450928040439315,29.48160686046648,309.57972469971133,8.0,196.47609467130633,407.5002174481581
1476,Suez OUT - Piraeus,SEA,PILOT_TO_PILOT,5,1476,1226,6,7,SaidTssN,Kriti E,33.45230232727829,29.479515602778307,309.57972469971133,8.0,196.60944864569453,407.36686347376985
1477,Suez OUT - Piraeus,SEA,PILOT_TO_PILOT,5,1477,1227,6,7,SaidTssN,Kriti E,33.453676579010185,29.477424278808872,309.57972469971133,8.0,196.7428026200827,407.23350949938174
1478,Suez OUT - Piraeus,SEA,PILOT_TO_PILOT,5,1478,1228,6,7,SaidTssN,Kriti E,33.45505079563205,29.475332888554316,309.57972469971133,8.0,196.87615659447087,407.1001555249935
1479,Suez OUT - Piraeus,SEA,PILOT_TO_PILOT,5,1479,1229,6,7,SaidTssN,Kriti E,33.45642497714096,29.47324143201078,309.57972469971133,8.0,197.00951056885904,406.9668015506054
1480,Suez OUT - Piraeus,SEA,PILOT_TO_PILOT,5,1480,1230,6,7,SaidTssN,Kriti E,33.45779912353397,29.471149909174393,309.57972469971133,8.0,197.1428645432472,406.83344757621717
1481,Suez OUT - Piraeus,SEA,PILOT_TO_PILOT,5,1481,1231,6,7,SaidTssN,Kriti E,33.459173234808105,29.469058320041295,309.57972469971133,8.0,197.27621851763539,406.70009360182905
1482,Suez OUT - Piraeus,SEA,PILOT_TO_PILOT,5,1482,1232,6,7,SaidTssN,Kriti E,33.46054731096045,29.46696666460761,309.57972469971133,8.0,197.40957249202356,406.5667396274408
1483,Suez OUT - Piraeus,SEA,PILOT_TO_PILOT,5,1483,1233,6,7,SaidTssN,Kriti E,33.46192135198805,29.464874942869493,309.57972469971133,8.0,197.54292646641173,406.4333856530527
1484,Suez OUT - Piraeus,SEA,PILOT_TO_PILOT,5,1484,1234,6,7,SaidTssN,Kriti E,33.46329535788798,29.462783154823065,309.57972469971133,8.0,197.6762804407999,406.3000316786645
1485,Suez OUT - Piraeus,SEA,PILOT_TO_PILOT,5,1485,1235,6,7,SaidTssN,Kriti E,33.46466932865726,29.46069130046448,309.57972469971133,8.0,197.80963441518807,406.16667770427637
1486,Suez OUT - Piraeus,SEA,PILOT_TO_PILOT,5,1486,1236,6,7,SaidTssN,Kriti E,33.46604326429297,29.458599379789856,309.57972469971133,8.0,197.94298838957624,406.03332372988814
1487,Suez OUT - Piraeus,SEA,PILOT_TO_PILOT,5,1487,1237,6,7,SaidTssN,Kriti E,33.46741716479215,29.456507392795334,309.57972469971133,8.0,198.07634236396444,405.89996975549997
1488,Suez OUT - Piraeus,SEA,PILOT_TO_PILOT,5,1488,1238,6,7,SaidTssN,Kriti E,33.46879103015188,29.45441533947706,309.57972469971133,8.0,198.20969633835261,405.7666157811118
1489,Suez OUT - Piraeus,SEA,PILOT_TO_PILOT,5,1489,1239,6,7,SaidTssN,Kriti E,33.470164860369174,29.45232321983116,309.57972469971133,8.0,198.3430503127408,405.6332618067236
1490,Suez OUT - Piraeus,SEA,PILOT_TO_PILOT,5,1490,1240,6,7,SaidTssN,Kriti E,33.47153865544112,29.450231033853782,309.57972469971133,8.0,198.47640428712896,405.49990783233545
1491,Suez OUT - Piraeus,SEA,PILOT_TO_PILOT,5,1491,1241,6,7,SaidTssN,Kriti E,33.47291241536477,29.44813878154105,309.57972469971133,8.0,198.60975826151713,405.3665538579473
1492,Suez OUT - Piraeus,SEA,PILOT_TO_PILOT,5,1492,1242,6,7,SaidTssN,Kriti E,33.474286140137146,29.446046462889107,309.57972469971133,8.0,198.7431122359053,405.2331998835591
1493,Suez OUT - Piraeus,SEA,PILOT_TO_PILOT,5,1493,1243,6,7,SaidTssN,Kriti E,33.47565982975534,29.44395407789409,309.57972469971133,8.0,198.87646621029347,405.09984590917094
1494,Suez OUT - Piraeus,SEA,PILOT_TO_PILOT,5,1494,1244,6,7,SaidTssN,Kriti E,33.47703348421638,29.441861626552143,309.57972469971133,8.0,199.00982018468164,404.96649193478277
1495,Suez OUT - Piraeus,SEA,PILOT_TO_PILOT,5,1495,1245,6,7,SaidTssN,Kriti E,33.47840710351733,29.439769108859384,309.57972469971133,8.0,199.14317415906982,404.8331379603946
1496,Suez OUT - Piraeus,SEA,PILOT_TO_PILOT,5,1496,1246,6,7,SaidTssN,Kriti E,33.47978068765524,29.437676524811963,309.57972469971133,8.0,199.276528133458,404.6997839860064
1497,Suez OUT - Piraeus,SEA,PILOT_TO_PILOT,5,1497,1247,6,7,SaidTssN,Kriti E,33.481154236627155,29.435583874406017,309.57972469971133,8.0,199.4098821078462,404.5664300116182
1498,Suez OUT - Piraeus,SEA,PILOT_TO_PILOT,5,1498,1248,6,7,SaidTssN,Kriti E,33.48252775043015,29.433491157637686,309.57972469971133,8.0,199.54323608223436,404.4330760372301
1499,Suez OUT - Piraeus,SEA,PILOT_TO_PILOT,5,1499,1249,6,7,SaidTssN,Kriti E,33.48390122906125,29.4313983745031,309.57972469971133,8.0,199.67659005662253,404.29972206284185
1500,Suez OUT - Piraeus,SEA,PILOT_TO_PILOT,5,1500,1250,6,7,SaidTssN,Kriti E,33.48527467251753,29.4293055249984,309.57972469971133,8.0,199.8099440310107,404.16636808845374
1501,Suez OUT - Piraeus,SEA,PILOT_TO_PILOT,5,1501,1251,6,7,SaidTssN,Kriti E,33.48664808079603,29.42721260911972,309.57972469971133,8.0,199.94329800539887,404.0330141140655
1502,Suez OUT - Piraeus,SEA,PILOT_TO_PILOT,5,1502,1252,6,7,SaidTssN,Kriti E,33.48802145389379,29.4251196268632,309.57972469971133,8.0,200.07665197978704,403.8996601396774
1503,Suez OUT - Piraeus,SEA,PILOT_TO_PILOT,5,1503,1253,6,7,SaidTssN,Kriti E,33.4893947918079,29.42302657822498,309.57972469971133,8.0,200.21000595417522,403.76630616528917
1504,Suez OUT - Piraeus,SEA,PILOT_TO_PILOT,5,1504,1254,6,7,SaidTssN,Kriti E,33.49076809453537,29.420933463201195,309.57972469971133,8.0,200.3433599285634,403.63295219090105
1505,Suez OUT - Piraeus,SEA,PILOT_TO_PILOT,5,1505,1255,6,7,SaidTssN,Kriti E,33.492141362073276,29.418840281787986,309.57972469971133,8.0,200.47671390295156,403.4995982165128
1506,Suez OUT - Piraeus,SEA,PILOT_TO_PILOT,5,1506,1256,6,7,SaidTssN,Kriti E,33.49351459441865,29.41674703398148,309.57972469971133,8.0,200.61006787733973,403.3662442421247
1507,Suez OUT - Piraeus,SEA,PILOT_TO_PILOT,5,1507,1257,6,7,SaidTssN,Kriti E,33.494887791568566,29.414653719777828,309.57972469971133,8.0,200.74342185172793,403.2328902677365
1508,Suez OUT - Piraeus,SEA,PILOT_TO_PILOT,5,1508,1258,6,7,SaidTssN,Kriti E,33.49626095352006,29.412560339173158,309.57972469971133,8.0,200.8767758261161,403.0995362933483
1509,Suez OUT - Piraeus,SEA,PILOT_TO_PILOT,5,1509,1259,6,7,SaidTssN,Kriti E,33.49763408027018,29.410466892163615,309.57972469971133,8.0,201.01012980050427,402.96618231896014
1510,Suez OUT - Piraeus,SEA,PILOT_TO_PILOT,5,1510,1260,6,7,SaidTssN,Kriti E,33.499007171815975,29.40837337874534,309.57972469971133,8.0,201.14348377489245,402.83282834457196
1511,Suez OUT - Piraeus,SEA,PILOT_TO_PILOT,5,1511,1261,6,7,SaidTssN,Kriti E,33.50038022815452,29.406279798914458,309.57972469971133,8.0,201.27683774928062,402.6994743701838
1512,Suez OUT - Piraeus,SEA,PILOT_TO_PILOT,5,1512,1262,6,7,SaidTssN,Kriti E,33.50175324928283,29.40418615266712,309.57972469971133,8.0,201.4101917236688,402.5661203957956
1513,Suez OUT - Piraeus,SEA,PILOT_TO_PILOT,5,1513,1263,6,7,SaidTssN,Kriti E,33.50312623519797,29.402092439999446,309.57972469971133,8.0,201.54354569805696,402.43276642140745
1514,Suez OUT - Piraeus,SEA,PILOT_TO_PILOT,5,1514,1264,6,7,SaidTssN,Kriti E,33.504499185897004,29.3999986609076,309.57972469971133,8.0,201.67689967244513,402.2994124470193
1515,Suez OUT - Piraeus,SEA,PILOT_TO_PILOT,5,1515,1265,6,7,SaidTssN,Kriti E,33.505872101376944,29.397904815387694,309.57972469971133,8.0,201.8102536468333,402.1660584726311
1516,Suez OUT - Piraeus,SEA,PILOT_TO_PILOT,5,1516,1266,6,7,SaidTssN,Kriti E,33.507244981634884,29.39581090343589,309.57972469971133,8.0,201.94360762122147,402.03270449824294
1517,Suez OUT - Piraeus,SEA,PILOT_TO_PILOT,5,1517,1267,6,7,SaidTssN,Kriti E,33.508617826667844,29.39371692504831,309.57972469971133,8.0,202.07696159560965,401.89935052385476
1518,Suez OUT - Piraeus,SEA,PILOT_TO_PILOT,5,1518,1268,6,7,SaidTssN,Kriti E,33.50999063647287,29.391622880221103,309.57972469971133,8.0,202.21031556999785,401.76599654946654
1519,Suez OUT - Piraeus,SEA,PILOT_TO_PILOT,5,1519,1269,6,7,SaidTssN,Kriti E,33.511363411047036,29.3895287689504,309.57972469971133,8.0,202.34366954438602,401.6326425750784
1520,Suez OUT - Piraeus,SEA,PILOT_TO_PILOT,5,1520,1270,6,7,SaidTssN,Kriti E,33.51273615038736,29.387434591232342,309.57972469971133,8.0,202.4770235187742,401.4992886006902
1521,Suez OUT - Piraeus,SEA,PILOT_TO_PILOT,5,1521,1271,6,7,SaidTssN,Kriti E,33.514108854490914,29.385340347063067,309.57972469971133,8.0,202.61037749316236,401.3659346263021
1522,Suez OUT - Piraeus,SEA,PILOT_TO_PILOT,5,1522,1272,6,7,SaidTssN,Kriti E,33.51548152335474,29.38324603643872,309.57972469971133,8.0,202.74373146755053,401.23258065191385
1523,Suez OUT - Piraeus,SEA,PILOT_TO_PILOT,5,1523,1273,6,7,SaidTssN,Kriti E,33.51685415697586,29.381151659355428,309.57972469971133,8.0,202.8770854419387,401.09922667752573
1524,Suez OUT - Piraeus,SEA,PILOT_TO_PILOT,5,1524,1274,6,7,SaidTssN,Kriti E,33.518226755351364,29.37905721580934,309.57972469971133,8.0,203.01043941632688,400.9658727031375
1525,Suez OUT - Piraeus,SEA,PILOT_TO_PILOT,5,1525,1275,6,7,SaidTssN,Kriti E,33.51959931847827,29.376962705796586,309.57972469971133,8.0,203.14379339071505,400.8325187287494
1526,Suez OUT - Piraeus,SEA,PILOT_TO_PILOT,5,1526,1276,6,7,SaidTssN,Kriti E,33.52097184635363,29.374868129313317,309.57972469971133,8.0,203.27714736510322,400.69916475436116
1527,Suez OUT - Piraeus,SEA,PILOT_TO_PILOT,5,1527,1277,6,7,SaidTssN,Kriti E,33.52234433897451,29.372773486355666,309.57972469971133,8.0,203.4105013394914,400.56581077997305
1528,Suez OUT - Piraeus,SEA,PILOT_TO_PILOT,5,1528,1278,6,7,SaidTssN,Kriti E,33.523716796337936,29.370678776919775,309.57972469971133,8.0,203.5438553138796,400.4324568055848
1529,Suez OUT - Piraeus,SEA,PILOT_TO_PILOT,5,1529,1279,6,7,SaidTssN,Kriti E,33.525089218440954,29.36858400100177,309.57972469971133,8.0,203.67720928826776,400.29910283119665
1530,Suez OUT - Piraeus,SEA,PILOT_TO_PILOT,5,1530,1280,6,7,SaidTssN,Kriti E,33.52646160528062,29.3664891585978,309.57972469971133,8.0,203.81056326265593,400.1657488568085
1531,Suez OUT - Piraeus,SEA,PILOT_TO_PILOT,5,1531,1281,6,7,SaidTssN,Kriti E,33.52783395685398,29.364394249704013,309.57972469971133,8.0,203.9439172370441,400.0323948824203
1532,Suez OUT - Piraeus,SEA,PILOT_TO_PILOT,5,1532,1282,6,7,SaidTssN,Kriti E,33.52920627315808,29.362299274316538,309.57972469971133,8.0,204.07727121143228,399.89904090803213
1533,Suez OUT - Piraeus,SEA,PILOT_TO_PILOT,5,1533,1283,6,7,SaidTssN,Kriti E,33.53057855418995,29.360204232431514,309.57972469971133,8.0,204.21062518582045,399.76568693364396
1534,Suez OUT - Piraeus,SEA,PILOT_TO_PILOT,5,1534,1284,6,7,SaidTssN,Kriti E,33.53195079994665,29.358109124045075,309.57972469971133,8.0,204.34397916020862,399.6323329592558
1535,Suez OUT - Piraeus,SEA,PILOT_TO_PILOT,5,1535,1285,6,7,SaidTssN,Kriti E,33.53332301042524,29.35601394915339,309.57972469971133,8.0,204.4773331345968,399.4989789848676
1536,Suez OUT - Piraeus,SEA,PILOT_TO_PILOT,5,1536,1286,6,7,SaidTssN,Kriti E,33.53469518562273,29.35391870775256,309.57972469971133,8.0,204.61068710898496,399.36562501047945
1537,Suez OUT - Piraeus,SEA,PILOT_TO_PILOT,5,1537,1287,6,7,SaidTssN,Kriti E,33.536067325536195,29.351823399838743,309.57972469971133,8.0,204.74404108337313,399.2322710360913
1538,Suez OUT - Piraeus,SEA,PILOT_TO_PILOT,5,1538,1288,6,7,SaidTssN,Kriti E,33.53743943016267,29.349728025408083,309.57972469971133,8.0,204.87739505776133,399.0989170617031
1539,Suez OUT - Piraeus,SEA,PILOT_TO_PILOT,5,1539,1289,6,7,SaidTssN,Kriti E,33.53881149949919,29.34763258445672,309.57972469971133,8.0,205.0107490321495,398.9655630873149
1540,Suez OUT - Piraeus,SEA,PILOT_TO_PILOT,5,1540,1290,6,7,SaidTssN,Kriti E,33.5401835335428,29.345537076980772,309.57972469971133,8.0,205.14410300653768,398.83220911292676
1541,Suez OUT - Piraeus,SEA,PILOT_TO_PILOT,5,1541,1291,6,7,SaidTssN,Kriti E,33.54155553229056,29.343441502976404,309.57972469971133,8.0,205.27745698092585,398.69885513853853
1542,Suez OUT - Piraeus,SEA,PILOT_TO_PILOT,5,1542,1292,6,7,SaidTssN,Kriti E,33.54292749573952,29.341345862439756,309.57972469971133,8.0,205.41081095531402,398.5655011641504
1543,Suez OUT - Piraeus,SEA,PILOT_TO_PILOT,5,1543,1293,6,7,SaidTssN,Kriti E,33.54429942388669,29.339250155366948,309.57972469971133,8.0,205.5441649297022,398.4321471897622
1544,Suez OUT - Piraeus,SEA,PILOT_TO_PILOT,5,1544,1294,6,7,SaidTssN,Kriti E,33.54567131672915,29.337154381754143,309.57972469971133,8.0,205.67751890409036,398.2987932153741
1545,Suez OUT - Piraeus,SEA,PILOT_TO_PILOT,5,1545,1295,6,7,SaidTssN,Kriti E,33.54704317426391,29.33505854159746,309.57972469971133,8.0,205.81087287847853,398.16543924098585
1546,Suez OUT - Piraeus,SEA,PILOT_TO_PILOT,5,1546,1296,6,7,SaidTssN,Kriti E,33.548414996488034,29.332962634893054,309.57972469971133,8.0,205.9442268528667,398.03208526659773
1547,Suez OUT - Piraeus,SEA,PILOT_TO_PILOT,5,1547,1297,6,7,SaidTssN,Kriti E,33.54978678339857,29.33086666163706,309.57972469971133,8.0,206.07758082725488,397.8987312922095
1548,Suez OUT - Piraeus,SEA,PILOT_TO_PILOT,5,1548,1298,6,7,SaidTssN,Kriti E,33.55115853499255,29.328770621825626,309.57972469971133,8.0,206.21093480164305,397.7653773178214
1549,Suez OUT - Piraeus,SEA,PILOT_TO_PILOT,5,1549,1299,6,7,SaidTssN,Kriti E,33.552530251267015,29.326674515454876,309.57972469971133,8.0,206.34428877603125,397.63202334343316
1550,Suez OUT - Piraeus,SEA,PILOT_TO_PILOT,5,1550,1300,6,7,SaidTssN,Kriti E,33.55390193221901,29.324578342520976,309.57972469971133,8.0,206.47764275041942,397.498669369045
1551,Suez OUT - Piraeus,SEA,PILOT_TO_PILOT,5,1551,1301,6,7,SaidTssN,Kriti E,33.55527357784559,29.322482103020036,309.57972469971133,8.0,206.6109967248076,397.3653153946568
1552,Suez OUT - Piraeus,SEA,PILOT_TO_PILOT,5,1552,1302,6,7,SaidTssN,Kriti E,33.55664518814377,29.32038579694822,309.57972469971133,8.0,206.74435069919576,397.23196142026865
1553,Suez OUT - Piraeus,SEA,PILOT_TO_PILOT,5,1553,1303,6,7,SaidTssN,Kriti E,33.55801676311061,29.31828942430166,309.57972469971133,8.0,206.87770467358393,397.0986074458805
1554,Suez OUT - Piraeus,SEA,PILOT_TO_PILOT,5,1554,1304,6,7,SaidTssN,Kriti E,33.55938830274316,29.316192985076494,309.57972469971133,8.0,207.0110586479721,396.9652534714923
1555,Suez OUT - Piraeus,SEA,PILOT_TO_PILOT,5,1555,1305,6,7,SaidTssN,Kriti E,33.56075980703844,29.31409647926887,309.57972469971133,8.0,207.14441262236028,396.83189949710413
1556,Suez OUT - Piraeus,SEA,PILOT_TO_PILOT,5,1556,1306,6,7,SaidTssN,Kriti E,33.562131275993515,29.311999906874927,309.57972469971133,8.0,207.27776659674845,396.69854552271596
1557,Suez OUT - Piraeus,SEA,PILOT_TO_PILOT,5,1557,1307,6,7,SaidTssN,Kriti E,33.5635027096054,29.3099032678908,309.57972469971133,8.0,207.41112057113662,396.5651915483278
1558,Suez OUT - Piraeus,SEA,PILOT_TO_PILOT,5,1558,1308,6,7,SaidTssN,Kriti E,33.56487410787116,29.307806562312646,309.57972469971133,8.0,207.5444745455248,396.4318375739396
1559,Suez OUT - Piraeus,SEA,PILOT_TO_PILOT,5,1559,1309,6,7,SaidTssN,Kriti E,33.56624547078782,29.30570979013659,309.57972469971133,8.0,207.677828519913,396.29848359955145
1560,Suez OUT - Piraeus,SEA,PILOT_TO_PILOT,5,1560,1310,6,7,SaidTssN,Kriti E,33.567616798352425,29.303612951358772,309.57972469971133,8.0,207.81118249430116,396.1651296251632
1561,Suez OUT - Piraeus,SEA,PILOT_TO_PILOT,5,1561,1311,6,7,SaidTssN,Kriti E,33.568988090562016,29.30151604597535,309.57972469971133,8.0,207.94453646868934,396.0317756507751
1562,Suez OUT - Piraeus,SEA,PILOT_TO_PILOT,5,1562,1312,6,7,SaidTssN,Kriti E,33.570359347413635,29.299419073982452,309.57972469971133,8.0,208.0778904430775,395.8984216763869
1563,Suez OUT - Piraeus,SEA,PILOT_TO_PILOT,5,1563,1313,6,7,SaidTssN,Kriti E,33.57173056890432,29.297322035376222,309.57972469971133,8.0,208.21124441746568,395.76506770199876
1564,Suez OUT - Piraeus,SEA,PILOT_TO_PILOT,5,1564,1314,6,7,SaidTssN,Kriti E,33.57310175503111,29.295224930152802,309.57972469971133,8.0,208.34459839185385,395.63171372761053
1565,Suez OUT - Piraeus,SEA,PILOT_TO_PILOT,5,1565,1315,6,7,SaidTssN,Kriti E,33.57447290579105,29.293127758308334,309.57972469971133,8.0,208.47795236624202,395.4983597532224
1566,Suez OUT - Piraeus,SEA,PILOT_TO_PILOT,5,1566,1316,6,7,SaidTssN,Kriti E,33.57584402118117,29.291030519838966,309.57972469971133,8.0,208.6113063406302,395.3650057788342
1567,Suez OUT - Piraeus,SEA,PILOT_TO_PILOT,5,1567,1317,6,7,SaidTssN,Kriti E,33.57721510119852,29.288933214740826,309.57972469971133,8.0,208.74466031501836,395.2316518044461
1568,Suez OUT - Piraeus,SEA,PILOT_TO_PILOT,5,1568,1318,6,7,SaidTssN,Kriti E,33.57858614584012,29.286835843010067,309.57972469971133,8.0,208.87801428940654,395.09829783005785
1569,Suez OUT - Piraeus,SEA,PILOT_TO_PILOT,5,1569,1319,6,7,SaidTssN,Kriti E,33.57995715510304,29.284738404642823,309.57972469971133,8.0,209.01136826379474,394.9649438556697
1570,Suez OUT - Piraeus,SEA,PILOT_TO_PILOT,5,1570,1320,6,7,SaidTssN,Kriti E,33.58132812898429,29.28264089963525,309.57972469971133,8.0,209.1447222381829,394.8315898812815
1571,Suez OUT - Piraeus,SEA,PILOT_TO_PILOT,5,1571,1321,6,7,SaidTssN,Kriti E,33.58269906748093,29.280543327983477,309.57972469971133,8.0,209.27807621257108,394.69823590689333
1572,Suez OUT - Piraeus,SEA,PILOT_TO_PILOT,5,1572,1322,6,7,SaidTssN,Kriti E,33.584069970589965,29.278445689683647,309.57972469971133,8.0,209.41143018695925,394.56488193250516
1573,Suez OUT - Piraeus,SEA,PILOT_TO_PILOT,5,1573,1323,6,7,SaidTssN,Kriti E,33.58544083830848,29.276347984731903,309.57972469971133,8.0,209.54478416134742,394.431527958117
1574,Suez OUT - Piraeus,SEA,PILOT_TO_PILOT,5,1574,1324,6,7,SaidTssN,Kriti E,33.58681167063349,29.274250213124393,309.57972469971133,8.0,209.6781381357356,394.2981739837288
1575,Suez OUT - Piraeus,SEA,PILOT_TO_PILOT,5,1575,1325,6,7,SaidTssN,Kriti E,33.588182467562014,29.272152374857253,309.57972469971133,8.0,209.81149211012377,394.16482000934064
1576,Suez OUT - Piraeus,SEA,PILOT_TO_PILOT,5,1576,1326,6,7,SaidTssN,Kriti E,33.58955322909111,29.270054469926627,309.57972469971133,8.0,209.94484608451194,394.0314660349525
1577,Suez OUT - Piraeus,SEA,PILOT_TO_PILOT,5,1577,1327,6,7,SaidTssN,Kriti E,33.59092395521782,29.26795649832866,309.57972469971133,8.0,210.0782000589001,393.8981120605643
1578,Suez OUT - Piraeus,SEA,PILOT_TO_PILOT,5,1578,1328,6,7,SaidTssN,Kriti E,33.59229464593916,29.265858460059494,309.57972469971133,8.0,210.21155403328828,393.76475808617613
1579,Suez OUT - Piraeus,SEA,PILOT_TO_PILOT,5,1579,1329,6,7,SaidTssN,Kriti E,33.5936653012522,29.263760355115274,309.57972469971133,8.0,210.34490800767645,393.63140411178796
1580,Suez OUT - Piraeus,SEA,PILOT_TO_PILOT,5,1580,1330,6,7,SaidTssN,Kriti E,33.59503592115394,29.261662183492135,309.57972469971133,8.0,210.47826198206465,393.4980501373998
1581,Suez OUT - Piraeus,SEA,PILOT_TO_PILOT,5,1581,1331,6,7,SaidTssN,Kriti E,33.59640650564144,29.25956394518622,309.57972469971133,8.0,210.61161595645282,393.36469616301156
1582,Suez OUT - Piraeus,SEA,PILOT_TO_PILOT,5,1582,1332,6,7,SaidTssN,Kriti E,33.59777705471174,29.257465640193683,309.57972469971133,8.0,210.744969930841,393.23134218862344
1583,Suez OUT - Piraeus,SEA,PILOT_TO_PILOT,5,1583,1333,6,7,SaidTssN,Kriti E,33.59914756836185,29.25536726851065,309.57972469971133,8.0,210.87832390522917,393.0979882142352
1584,Suez OUT - Piraeus,SEA,PILOT_TO_PILOT,5,1584,1334,6,7,SaidTssN,Kriti E,33.600518046588824,29.253268830133287,309.57972469971133,8.0,211.01167787961734,392.9646342398471
1585,Suez OUT - Piraeus,SEA,PILOT_TO_PILOT,5,1585,1335,6,7,SaidTssN,Kriti E,33.6018884893897,29.25117032505771,309.57972469971133,8.0,211.1450318540055,392.8312802654589
1586,Suez OUT - Piraeus,SEA,PILOT_TO_PILOT,5,1586,1336,6,7,SaidTssN,Kriti E,33.60325889676151,29.249071753280088,309.57972469971133,8.0,211.27838582839368,392.69792629107076
1587,Suez OUT - Piraeus,SEA,PILOT_TO_PILOT,5,1587,1337,6,7,SaidTssN,Kriti E,33.60462926870129,29.24697311479654,309.57972469971133,8.0,211.41173980278185,392.56457231668253
1588,Suez OUT - Piraeus,SEA,PILOT_TO_PILOT,5,1588,1338,6,7,SaidTssN,Kriti E,33.60599960520607,29.244874409603224,309.57972469971133,8.0,211.54509377717002,392.4312183422944
1589,Suez OUT - Piraeus,SEA,PILOT_TO_PILOT,5,1589,1339,6,7,SaidTssN,Kriti E,33.60736990627288,29.242775637696276,309.57972469971133,8.0,211.6784477515582,392.2978643679062
1590,Suez OUT - Piraeus,SEA,PILOT_TO_PILOT,5,1590,1340,6,7,SaidTssN,Kriti E,33.60874017189878,29.240676799071853,309.57972469971133,8.0,211.8118017259464,392.164510393518
1591,Suez OUT - Piraeus,SEA,PILOT_TO_PILOT,5,1591,1341,6,7,SaidTssN,Kriti E,33.610110402080785,29.23857789372609,309.57972469971133,8.0,211.94515570033457,392.03115641912984
1592,Suez OUT - Piraeus,SEA,PILOT_TO_PILOT,5,1592,1342,6,7,SaidTssN,Kriti E,33.61148059681593,29.236478921655124,309.57972469971133,8.0,212.07850967472274,391.89780244474167
1593,Suez OUT - Piraeus,SEA,PILOT_TO_PILOT,5,1593,1343,6,7,SaidTssN,Kriti E,33.612850756101246,29.234379882855105,309.57972469971133,8.0,212.2118636491109,391.7644484703535
1594,Suez OUT - Piraeus,SEA,PILOT_TO_PILOT,5,1594,1344,6,7,SaidTssN,Kriti E,33.61422087993378,29.232280777322185,309.57972469971133,8.0,212.34521762349908,391.6310944959653
1595,Suez OUT - Piraeus,SEA,PILOT_TO_PILOT,5,1595,1345,6,7,SaidTssN,Kriti E,33.61559096831056,29.230181605052486,309.57972469971133,8.0,212.47857159788725,391.49774052157716
1596,Suez OUT - Piraeus,SEA,PILOT_TO_PILOT,5,1596,1346,6,7,SaidTssN,Kriti E,33.616961021228605,29.22808236604217,309.57972469971133,8.0,212.61192557227542,391.364386547189
1597,Suez OUT - Piraeus,SEA,PILOT_TO_PILOT,5,1597,1347,6,7,SaidTssN,Kriti E,33.61833103868498,29.225983060287373,309.57972469971133,8.0,212.7452795466636,391.2310325728008
1598,Suez OUT - Piraeus,SEA,PILOT_TO_PILOT,5,1598,1348,6,7,SaidTssN,Kriti E,33.619701020676686,29.223883687784237,309.57972469971133,8.0,212.87863352105177,391.09767859841264
1599,Suez OUT - Piraeus,SEA,PILOT_TO_PILOT,5,1599,1349,6,7,SaidTssN,Kriti E,33.62107096720078,29.22178424852892,309.57972469971133,8.0,213.01198749543994,390.96432462402447
1600,Suez OUT - Piraeus,SEA,PILOT_TO_PILOT,5,1600,1350,6,7,SaidTssN,Kriti E,33.622440878254274,29.219684742517543,309.57972469971133,8.0,213.14534146982814,390.83097064963624
1601,Suez OUT - Piraeus,SEA,PILOT_TO_PILOT,5,1601,1351,6,7,SaidTssN,Kriti E,33.62381075383422,29.21758516974628,309.57972469971133,8.0,213.2786954442163,390.6976166752481
1602,Suez OUT - Piraeus,SEA,PILOT_TO_PILOT,5,1602,1352,6,7,SaidTssN,Kriti E,33.625180593937635,29.215485530211243,309.57972469971133,8.0,213.41204941860448,390.5642627008599
1603,Suez OUT - Piraeus,SEA,PILOT_TO_PILOT,5,1603,1353,6,7,SaidTssN,Kriti E,33.62655039856156,29.213385823908595,309.57972469971133,8.0,213.54540339299265,390.4309087264718
1604,Suez OUT - Piraeus,SEA,PILOT_TO_PILOT,5,1604,1354,6,7,SaidTssN,Kriti E,33.62792016770304,29.211286050834484,309.57972469971133,8.0,213.67875736738083,390.29755475208356
1605,Suez OUT - Piraeus,SEA,PILOT_TO_PILOT,5,1605,1355,6,7,SaidTssN,Kriti E,33.62928990135908,29.20918621098505,309.57972469971133,8.0,213.812111341769,390.16420077769544
1606,Suez OUT - Piraeus,SEA,PILOT_TO_PILOT,5,1606,1356,6,7,SaidTssN,Kriti E,33.63065959952672,29.20708630435643,309.57972469971133,8.0,213.94546531615717,390.0308468033072
1607,Suez OUT - Piraeus,SEA,PILOT_TO_PILOT,5,1607,1357,6,7,SaidTssN,Kriti E,33.632029262203005,29.204986330944774,309.57972469971133,8.0,214.07881929054534,389.8974928289191
1608,Suez OUT - Piraeus,SEA,PILOT_TO_PILOT,5,1608,1358,6,7,SaidTssN,Kriti E,33.63339888938494,29.202886290746225,309.57972469971133,8.0,214.2121732649335,389.76413885453087
1609,Suez OUT - Piraeus,SEA,PILOT_TO_PILOT,5,1609,1359,6,7,SaidTssN,Kriti E,33.63476848106959,29.20078618375692,309.57972469971133,8.0,214.34552723932168,389.63078488014276
1610,Suez OUT - Piraeus,SEA,PILOT_TO_PILOT,5,1610,1360,6,7,SaidTssN,Kriti E,33.636138037253964,29.198686009973027,309.57972469971133,8.0,214.47888121370985,389.4974309057545
1611,Suez OUT - Piraeus,SEA,PILOT_TO_PILOT,5,1611,1361,6,7,SaidTssN,Kriti E,33.637507557935095,29.196585769390673,309.57972469971133,8.0,214.61223518809805,389.36407693136636
1612,Suez OUT - Piraeus,SEA,PILOT_TO_PILOT,5,1612,1362,6,7,SaidTssN,Kriti E,33.63887704311002,29.194485462006007,309.57972469971133,8.0,214.74558916248623,389.2307229569782
1613,Suez OUT - Piraeus,SEA,PILOT_TO_PILOT,5,1613,1363,6,7,SaidTssN,Kriti E,33.640246492775766,29.192385087815172,309.57972469971133,8.0,214.8789431368744,389.09736898259
1614,Suez OUT - Piraeus,SEA,PILOT_TO_PILOT,5,1614,1364,6,7,SaidTssN,Kriti E,33.64161590692936,29.190284646814312,309.57972469971133,8.0,215.01229711126257,388.96401500820184
1615,Suez OUT - Piraeus,SEA,PILOT_TO_PILOT,5,1615,1365,6,7,SaidTssN,Kriti E,33.64298528556783,29.188184138999578,309.57972469971133,8.0,215.14565108565074,388.83066103381367
1616,Suez OUT - Piraeus,SEA,PILOT_TO_PILOT,5,1616,1366,6,7,SaidTssN,Kriti E,33.64435462868822,29.186083564367113,309.57972469971133,8.0,215.2790050600389,388.6973070594255
1617,Suez OUT - Piraeus,SEA,PILOT_TO_PILOT,5,1617,1367,6,7,SaidTssN,Kriti E,33.645723936287546,29.183982922913057,309.57972469971133,8.0,215.41235903442708,388.5639530850373
1618,Suez OUT - Piraeus,SEA,PILOT_TO_PILOT,5,1618,1368,6,7,SaidTssN,Kriti E,33.64709320836285,29.18188221463356,309.57972469971133,8.0,215.54571300881526,388.43059911064915
1619,Suez OUT - Piraeus,SEA,PILOT_TO_PILOT,5,1619,1369,6,7,SaidTssN,Kriti E,33.64846244491113,29.179781439524767,309.57972469971133,8.0,215.67906698320343,388.297245136261
1620,Suez OUT - Piraeus,SEA,PILOT_TO_PILOT,5,1620,1370,6,7,SaidTssN,Kriti E,33.64983164592946,29.177680597582828,309.57972469971133,8.0,215.8124209575916,388.1638911618728
1621,Suez OUT - Piraeus,SEA,PILOT_TO_PILOT,5,1621,1371,6,7,SaidTssN,Kriti E,33.65120081141483,29.175579688803882,309.57972469971133,8.0,215.9457749319798,388.0305371874846
1622,Suez OUT - Piraeus,SEA,PILOT_TO_PILOT,5,1622,1372,6,7,SaidTssN,Kriti E,33.6525699413643,29.173478713184068,309.57972469971133,8.0,216.07912890636797,387.89718321309647
1623,Suez OUT - Piraeus,SEA,PILOT_TO_PILOT,5,1623,1373,6,7,SaidTssN,Kriti E,33.653939035774876,29.171377670719547,309.57972469971133,8.0,216.21248288075614,387.76382923870824
1624,Suez OUT - Piraeus,SEA,PILOT_TO_PILOT,5,1624,1374,6,7,SaidTssN,Kriti E,33.655308094643594,29.169276561406466,309.57972469971133,8.0,216.3458368551443,387.6304752643201
1625,Suez OUT - Piraeus,SEA,PILOT_TO_PILOT,5,1625,1375,6,7,SaidTssN,Kriti E,33.65667711796749,29.167175385240956,309.57972469971133,8.0,216.47919082953248,387.4971212899319
1626,Suez OUT - Piraeus,SEA,PILOT_TO_PILOT,5,1626,1376,6,7,SaidTssN,Kriti E,33.65804610574357,29.165074142219176,309.57972469971133,8.0,216.61254480392066,387.3637673155438
1627,Suez OUT - Piraeus,SEA,PILOT_TO_PILOT,5,1627,1377,6,7,SaidTssN,Kriti E,33.65941505796888,29.162972832337257,309.57972469971133,8.0,216.74589877830883,387.23041334115555
1628,Suez OUT - Piraeus,SEA,PILOT_TO_PILOT,5,1628,1378,6,7,SaidTssN,Kriti E,33.66078397464045,29.160871455591362,309.57972469971133,8.0,216.879252752697,387.09705936676744
1629,Suez OUT - Piraeus,SEA,PILOT_TO_PILOT,5,1629,1379,6,7,SaidTssN,Kriti E,33.662152855755295,29.15877001197762,309.57972469971133,8.0,217.01260672708517,386.9637053923792
1630,Suez OUT - Piraeus,SEA,PILOT_TO_PILOT,5,1630,1380,6,7,SaidTssN,Kriti E,33.663521701310444,29.156668501492195,309.57972469971133,8.0,217.14596070147334,386.8303514179911
1631,Suez OUT - Piraeus,SEA,PILOT_TO_PILOT,5,1631,1381,6,7,SaidTssN,Kriti E,33.66489051130293,29.154566924131213,309.57972469971133,8.0,217.27931467586154,386.69699744360287
1632,Suez OUT - Piraeus,SEA,PILOT_TO_PILOT,5,1632,1382,6,7,SaidTssN,Kriti E,33.66625928572977,29.15246527989084,309.57972469971133,8.0,217.4126686502497,386.5636434692147
1633,Suez OUT - Piraeus,SEA,PILOT_TO_PILOT,5,1633,1383,6,7,SaidTssN,Kriti E,33.66762802458801,29.15036356876722,309.57972469971133,8.0,217.54602262463789,386.4302894948265
1634,Suez OUT - Piraeus,SEA,PILOT_TO_PILOT,5,1634,1384,6,7,SaidTssN,Kriti E,33.66899672787466,29.148261790756482,309.57972469971133,8.0,217.67937659902606,386.29693552043835
1635,Suez OUT - Piraeus,SEA,PILOT_TO_PILOT,5,1635,1385,6,7,SaidTssN,Kriti E,33.67036539558674,29.146159945854798,309.57972469971133,8.0,217.81273057341423,386.1635815460502
1636,Suez OUT - Piraeus,SEA,PILOT_TO_PILOT,5,1636,1386,6,7,SaidTssN,Kriti E,33.67173402772129,29.144058034058293,309.57972469971133,8.0,217.9460845478024,386.030227571662
1637,Suez OUT - Piraeus,SEA,PILOT_TO_PILOT,5,1637,1387,6,7,SaidTssN,Kriti E,33.67310262427534,29.14195605536312,309.57972469971133,8.0,218.07943852219057,385.89687359727384
1638,Suez OUT - Piraeus,SEA,PILOT_TO_PILOT,5,1638,1388,6,7,SaidTssN,Kriti E,33.6744711852459,29.13985400976543,309.57972469971133,8.0,218.21279249657874,385.76351962288567
1639,Suez OUT - Piraeus,SEA,PILOT_TO_PILOT,5,1639,1389,6,7,SaidTssN,Kriti E,33.67583971063,29.137751897261364,309.57972469971133,8.0,218.34614647096691,385.6301656484975
1640,Suez OUT - Piraeus,SEA,PILOT_TO_PILOT,5,1640,1390,6,7,SaidTssN,Kriti E,33.67720820042467,29.13564971784708,309.57972469971133,8.0,218.4795004453551,385.4968116741093
1641,Suez OUT - Piraeus,SEA,PILOT_TO_PILOT,5,1641,1391,6,7,SaidTssN,Kriti E,33.67857665462693,29.133547471518714,309.57972469971133,8.0,218.61285441974326,385.36345769972115
1642,Suez OUT - Piraeus,SEA,PILOT_TO_PILOT,5,1642,1392,6,7,SaidTssN,Kriti E,33.67994507323381,29.131445158272417,309.57972469971133,8.0,218.74620839413146,385.2301037253329
1643,Suez OUT - Piraeus,SEA,PILOT_TO_PILOT,5,1643,1393,6,7,SaidTssN,Kriti E,33.68131345624233,29.129342778104338,309.57972469971133,8.0,218.87956236851963,385.0967497509448
1644,Suez OUT - Piraeus,SEA,PILOT_TO_PILOT,5,1644,1394,6,7,SaidTssN,Kriti E,33.682681803649515,29.127240331010622,309.57972469971133,8.0,219.0129163429078,384.9633957765566
1645,Suez OUT - Piraeus,SEA,PILOT_TO_PILOT,5,1645,1395,6,7,SaidTssN,Kriti E,33.684050115452386,29.125137816987404,309.57972469971133,8.0,219.14627031729597,384.83004180216847
1646,Suez OUT - Piraeus,SEA,PILOT_TO_PILOT,5,1646,1396,6,7,SaidTssN,Kriti E,33.68541839164798,29.123035236030862,309.57972469971133,8.0,219.27962429168414,384.69668782778024
1647,Suez OUT - Piraeus,SEA,PILOT_TO_PILOT,5,1647,1397,6,7,SaidTssN,Kriti E,33.68678663223331,29.120932588137112,309.57972469971133,8.0,219.41297826607232,384.5633338533921
1648,Suez OUT - Piraeus,SEA,PILOT_TO_PILOT,5,1648,1398,6,7,SaidTssN,Kriti E,33.68815483720539,29.118829873302317,309.57972469971133,8.0,219.5463322404605,384.4299798790039
1649,Suez OUT - Piraeus,SEA,PILOT_TO_PILOT,5,1649,1399,6,7,SaidTssN,Kriti E,33.68952300656127,29.11672709152263,309.57972469971133,8.0,219.67968621484866,384.2966259046158
1650,Suez OUT - Piraeus,SEA,PILOT_TO_PILOT,5,1650,1400,6,7,SaidTssN,Kriti E,33.69089114029794,29.114624242794186,309.57972469971133,8.0,219.81304018923683,384.16327193022755
1651,Suez OUT - Piraeus,SEA,PILOT_TO_PILOT,5,1651,1401,6,7,SaidTssN,Kriti E,33.69225923841246,29.112521327113132,309.57972469971133,8.0,219.946394163625,384.02991795583944
1652,Suez OUT - Piraeus,SEA,PILOT_TO_PILOT,5,1652,1402,6,7,SaidTssN,Kriti E,33.69362730090183,29.110418344475626,309.57972469971133,8.0,220.0797481380132,383.8965639814512
1653,Suez OUT - Piraeus,SEA,PILOT_TO_PILOT,5,1653,1403,6,7,SaidTssN,Kriti E,33.69499532776307,29.108315294877812,309.57972469971133,8.0,220.21310211240137,383.76321000706304
1654,Suez OUT - Piraeus,SEA,PILOT_TO_PILOT,5,1654,1404,6,7,SaidTssN,Kriti E,33.69636331899321,29.106212178315836,309.57972469971133,8.0,220.34645608678954,383.62985603267487
1655,Suez OUT - Piraeus,SEA,PILOT_TO_PILOT,5,1655,1405,6,7,SaidTssN,Kriti E,33.69773127458927,29.104108994785854,309.57972469971133,8.0,220.47981006117772,383.4965020582867
1656,Suez OUT - Piraeus,SEA,PILOT_TO_PILOT,5,1656,1406,6,7,SaidTssN,Kriti E,33.69909919454828,29.102005744284003,309.57972469971133,8.0,220.6131640355659,383.3631480838985
1657,Suez OUT - Piraeus,SEA,PILOT_TO_PILOT,5,1657,1407,6,7,SaidTssN,Kriti E,33.70046707886725,29.099902426806434,309.57972469971133,8.0,220.74651800995406,383.22979410951035
1658,Suez OUT - Piraeus,SEA,PILOT_TO_PILOT,5,1658,1408,6,7,SaidTssN,Kriti E,33.7018349275432,29.097799042349298,309.57972469971133,8.0,220.87987198434223,383.0964401351222
1659,Suez OUT - Piraeus,SEA,PILOT_TO_PILOT,5,1659,1409,6,7,SaidTssN,Kriti E,33.703202740573175,29.09569559090875,309.57972469971133,8.0,221.0132259587304,382.963086160734
1660,Suez OUT - Piraeus,SEA,PILOT_TO_PILOT,5,1660,1410,6,7,SaidTssN,Kriti E,33.70457051795417,29.093592072480916,309.57972469971133,8.0,221.14657993311857,382.82973218634584
1661,Suez OUT - Piraeus,SEA,PILOT_TO_PILOT,5,1661,1411,6,7,SaidTssN,Kriti E,33.705938259683215,29.091488487061973,309.57972469971133,8.0,221.27993390750675,382.69637821195766
1662,Suez OUT - Piraeus,SEA,PILOT_TO_PILOT,5,1662,1412,6,7,SaidTssN,Kriti E,33.70730596575733,29.089384834648047,309.57972469971133,8.0,221.41328788189495,382.5630242375695
1663,Suez OUT - Piraeus,SEA,PILOT_TO_PILOT,5,1663,1413,6,7,SaidTssN,Kriti E,33.70867363617354,29.087281115235296,309.57972469971133,8.0,221.54664185628312,382.42967026318126
1664,Suez OUT - Piraeus,SEA,PILOT_TO_PILOT,5,1664,1414,6,7,SaidTssN,Kriti E,33.710041270928855,29.085177328819867,309.57972469971133,8.0,221.6799958306713,382.29631628879315
1665,Suez OUT - Piraeus,SEA,PILOT_TO_PILOT,5,1665,1415,6,7,SaidTssN,Kriti E,33.711408870020314,29.083073475397914,309.57972469971133,8.0,221.81334980505946,382.1629623144049
1666,Suez OUT - Piraeus,SEA,PILOT_TO_PILOT,5,1666,1416,6,7,SaidTssN,Kriti E,33.71277643344492,29.08096955496559,309.57972469971133,8.0,221.94670377944763,382.0296083400168
1667,Suez OUT - Piraeus,SEA,PILOT_TO_PILOT,5,1667,1417,6,7,SaidTssN,Kriti E,33.71414396119971,29.078865567519017,309.57972469971133,8.0,222.0800577538358,381.8962543656286
1668,Suez OUT - Piraeus,SEA,PILOT_TO_PILOT,5,1668,1418,6,7,SaidTssN,Kriti E,33.71551145328167,29.076761513054375,309.57972469971133,8.0,222.21341172822397,381.76290039124046
1669,Suez OUT - Piraeus,SEA,PILOT_TO_PILOT,5,1669,1419,6,7,SaidTssN,Kriti E,33.716878909687864,29.074657391567797,309.57972469971133,8.0,222.34676570261215,381.62954641685224
1670,Suez OUT - Piraeus,SEA,PILOT_TO_PILOT,5,1670,1420,6,7,SaidTssN,Kriti E,33.71824633041528,29.072553203055445,309.57972469971133,8.0,222.48011967700032,381.4961924424641
1671,Suez OUT - Piraeus,SEA,PILOT_TO_PILOT,5,1671,1421,6,7,SaidTssN,Kriti E,33.719613715460945,29.070448947513448,309.57972469971133,8.0,222.6134736513885,381.3628384680759
1672,Suez OUT - Piraeus,SEA,PILOT_TO_PILOT,5,1672,1422,6,7,SaidTssN,Kriti E,33.72098106482189,29.068344624937975,309.57972469971133,8.0,222.74682762577666,381.2294844936878
1673,Suez OUT - Piraeus,SEA,PILOT_TO_PILOT,5,1673,1423,6,7,SaidTssN,Kriti E,33.722348378495106,29.06624023532516,309.57972469971133,8.0,222.88018160016486,381.09613051929955
1674,Suez OUT - Piraeus,SEA,PILOT_TO_PILOT,5,1674,1424,6,7,SaidTssN,Kriti E,33.723715656477644,29.064135778671158,309.57972469971133,8.0,223.01353557455303,380.9627765449114
1675,Suez OUT - Piraeus,SEA,PILOT_TO_PILOT,5,1675,1425,6,7,SaidTssN,Kriti E,33.7250828987665,29.062031254972133,309.57972469971133,8.0,223.1468895489412,380.8294225705232
1676,Suez OUT - Piraeus,SEA,PILOT_TO_PILOT,5,1676,1426,6,7,SaidTssN,Kriti E,33.72645010535871,29.059926664224207,309.57972469971133,8.0,223.28024352332937,380.69606859613504
1677,Suez OUT - Piraeus,SEA,PILOT_TO_PILOT,5,1677,1427,6,7,SaidTssN,Kriti E,33.72781727625127,29.05782200642355,309.57972469971133,8.0,223.41359749771755,380.56271462174686
1678,Suez OUT - Piraeus,SEA,PILOT_TO_PILOT,5,1678,1428,6,7,SaidTssN,Kriti E,33.72918441144121,29.055717281566302,309.57972469971133,8.0,223.54695147210572,380.4293606473587
1679,Suez OUT - Piraeus,SEA,PILOT_TO_PILOT,5,1679,1429,6,7,SaidTssN,Kriti E,33.73055151092556,29.053612489648625,309.57972469971133,8.0,223.6803054464939,380.2960066729705
1680,Suez OUT - Piraeus,SEA,PILOT_TO_PILOT,5,1680,1430,6,7,SaidTssN,Kriti E,33.73191857470132,29.05150763066666,309.57972469971133,8.0,223.81365942088206,380.16265269858235
1681,Suez OUT - Piraeus,SEA,PILOT_TO_PILOT,5,1681,1431,6,7,SaidTssN,Kriti E,33.73328560276549,29.049402704616547,309.57972469971133,8.0,223.94701339527023,380.0292987241942
1682,Suez OUT - Piraeus,SEA,PILOT_TO_PILOT,5,1682,1432,6,7,SaidTssN,Kriti E,33.73465259511513,29.047297711494462,309.57972469971133,8.0,224.0803673696584,379.895944749806
1683,Suez OUT - Piraeus,SEA,PILOT_TO_PILOT,5,1683,1433,6,7,SaidTssN,Kriti E,33.736019551747226,29.045192651296528,309.57972469971133,8.0,224.2137213440466,379.76259077541783
1684,Suez OUT - Piraeus,SEA,PILOT_TO_PILOT,5,1684,1434,6,7,SaidTssN,Kriti E,33.73738647265881,29.043087524018915,309.57972469971133,8.0,224.34707531843478,379.6292368010296
1685,Suez OUT - Piraeus,SEA,PILOT_TO_PILOT,5,1685,1435,6,7,SaidTssN,Kriti E,33.738753357846896,29.040982329657766,309.57972469971133,8.0,224.48042929282295,379.4958828266415
1686,Suez OUT - Piraeus,SEA,PILOT_TO_PILOT,5,1686,1436,6,7,SaidTssN,Kriti E,33.740120207308486,29.03887706820922,309.57972469971133,8.0,224.61378326721112,379.36252885225326
1687,Suez OUT - Piraeus,SEA,PILOT_TO_PILOT,5,1687,1437,6,7,SaidTssN,Kriti E,33.74148702104061,29.036771739669447,309.57972469971133,8.0,224.7471372415993,379.22917487786515
1688,Suez OUT - Piraeus,SEA,PILOT_TO_PILOT,5,1688,1438,6,7,SaidTssN,Kriti E,33.74285379904028,29.03466634403459,309.57972469971133,8.0,224.88049121598746,379.0958209034769
1689,Suez OUT - Piraeus,SEA,PILOT_TO_PILOT,5,1689,1439,6,7,SaidTssN,Kriti E,33.74422054130452,29.032560881300796,309.57972469971133,8.0,225.01384519037563,378.9624669290888
1690,Suez OUT - Piraeus,SEA,PILOT_TO_PILOT,5,1690,1440,6,7,SaidTssN,Kriti E,33.745587247830336,29.030455351464212,309.57972469971133,8.0,225.1471991647638,378.8291129547006
1691,Suez OUT - Piraeus,SEA,PILOT_TO_PILOT,5,1691,1441,6,7,SaidTssN,Kriti E,33.74695391861474,29.028349754521003,309.57972469971133,8.0,225.28055313915198,378.69575898031246
1692,Suez OUT - Piraeus,SEA,PILOT_TO_PILOT,5,1692,1442,6,7,SaidTssN,Kriti E,33.74832055365476,29.026244090467312,309.57972469971133,8.0,225.41390711354015,378.56240500592423
1693,Suez OUT - Piraeus,SEA,PILOT_TO_PILOT,5,1693,1443,6,7,SaidTssN,Kriti E,33.749687152947395,29.02413835929929,309.57972469971133,8.0,225.54726108792835,378.42905103153606
1694,Suez OUT - Piraeus,SEA,PILOT_TO_PILOT,5,1694,1444,6,7,SaidTssN,Kriti E,33.75105371648967,29.02203256101308,309.57972469971133,8.0,225.68061506231652,378.2956970571479
1695,Suez OUT - Piraeus,SEA,PILOT_TO_PILOT,5,1695,1445,6,7,SaidTssN,Kriti E,33.752420244278596,29.01992669560485,309.57972469971133,8.0,225.8139690367047,378.1623430827597
1696,Suez OUT - Piraeus,SEA,PILOT_TO_PILOT,5,1696,1446,6,7,SaidTssN,Kriti E,33.75378673631119,29.01782076307073,309.57972469971133,8.0,225.94732301109286,378.02898910837155
1697,Suez OUT - Piraeus,SEA,PILOT_TO_PILOT,5,1697,1447,6,7,SaidTssN,Kriti E,33.755153192584466,29.015714763406887,309.57972469971133,8.0,226.08067698548103,377.8956351339834
1698,Suez OUT - Piraeus,SEA,PILOT_TO_PILOT,5,1698,1448,6,7,SaidTssN,Kriti E,33.756519613095435,29.013608696609477,309.57972469971133,8.0,226.2140309598692,377.7622811595952
1699,Suez OUT - Piraeus,SEA,PILOT_TO_PILOT,5,1699,1449,6,7,SaidTssN,Kriti E,33.75788599784111,29.011502562674632,309.57972469971133,8.0,226.34738493425738,377.62892718520703
1700,Suez OUT - Piraeus,SEA,PILOT_TO_PILOT,5,1700,1450,6,7,SaidTssN,Kriti E,33.75925234681851,29.00939636159852,309.57972469971133,8.0,226.48073890864555,377.49557321081886
1701,Suez OUT - Piraeus,SEA,PILOT_TO_PILOT,5,1701,1451,6,7,SaidTssN,Kriti E,33.76061866002464,29.007290093377286,309.57972469971133,8.0,226.61409288303372,377.3622192364307
1702,Suez OUT - Piraeus,SEA,PILOT_TO_PILOT,5,1702,1452,6,7,SaidTssN,Kriti E,33.761984937456525,29.00518375800708,309.57972469971133,8.0,226.7474468574219,377.2288652620425
1703,Suez OUT - Piraeus,SEA,PILOT_TO_PILOT,5,1703,1453,6,7,SaidTssN,Kriti E,33.763351179111176,29.00307735548406,309.57972469971133,8.0,226.88080083181006,377.09551128765435
1704,Suez OUT - Piraeus,SEA,PILOT_TO_PILOT,5,1704,1454,6,7,SaidTssN,Kriti E,33.76471738498559,29.000970885804367,309.57972469971133,8.0,227.01415480619826,376.9621573132662
1705,Suez OUT - Piraeus,SEA,PILOT_TO_PILOT,5,1705,1455,6,7,SaidTssN,Kriti E,33.7660835550768,28.998864348964165,309.57972469971133,8.0,227.14750878058643,376.82880333887795
1706,Suez OUT - Piraeus,SEA,PILOT_TO_PILOT,5,1706,1456,6,7,SaidTssN,Kriti E,33.7674496893818,28.9967577449596,309.57972469971133,8.0,227.2808627549746,376.69544936448983
1707,Suez OUT - Piraeus,SEA,PILOT_TO_PILOT,5,1707,1457,6,7,SaidTssN,Kriti E,33.768815787897616,28.994651073786823,309.57972469971133,8.0,227.41421672936278,376.5620953901016
1708,Suez OUT - Piraeus,SEA,PILOT_TO_PILOT,5,1708,1458,6,7,SaidTssN,Kriti E,33.770181850621256,28.99254433544198,309.57972469971133,8.0,227.54757070375095,376.4287414157135
1709,Suez OUT - Piraeus,SEA,PILOT_TO_PILOT,5,1709,1459,6,7,SaidTssN,Kriti E,33.771547877549736,28.99043752992124,309.57972469971133,8.0,227.68092467813912,376.29538744132526
1710,Suez OUT - Piraeus,SEA,PILOT_TO_PILOT,5,1710,1460,6,7,SaidTssN,Kriti E,33.77291386868006,28.988330657220747,309.57972469971133,8.0,227.8142786525273,376.16203346693715
1711,Suez OUT - Piraeus,SEA,PILOT_TO_PILOT,5,1711,1461,6,7,SaidTssN,Kriti E,33.77427982400923,28.98622371733664,309.57972469971133,8.0,227.94763262691546,376.0286794925489
1712,Suez OUT - Piraeus,SEA,PILOT_TO_PILOT,5,1712,1462,6,7,SaidTssN,Kriti E,33.77564574353428,28.9841167102651,309.57972469971133,8.0,228.08098660130364,375.8953255181608
1713,Suez OUT - Piraeus,SEA,PILOT_TO_PILOT,5,1713,1463,6,7,SaidTssN,Kriti E,33.77701162725221,28.982009636002253,309.57972469971133,8.0,228.2143405756918,375.7619715437726
1714,Suez OUT - Piraeus,SEA,PILOT_TO_PILOT,5,1714,1464,6,7,SaidTssN,Kriti E,33.77837747516002,28.979902494544255,309.57972469971133,8.0,228.34769455008,375.6286175693844
1715,Suez OUT - Piraeus,SEA,PILOT_TO_PILOT,5,1715,1465,6,7,SaidTssN,Kriti E,33.77974328725474,28.977795285887275,309.57972469971133,8.0,228.48104852446818,375.49526359499623
1716,Suez OUT - Piraeus,SEA,PILOT_TO_PILOT,5,1716,1466,6,7,SaidTssN,Kriti E,33.78110906353337,28.97568801002745,309.57972469971133,8.0,228.61440249885635,375.36190962060806
1717,Suez OUT - Piraeus,SEA,PILOT_TO_PILOT,5,1717,1467,6,7,SaidTssN,Kriti E,33.78247480399293,28.97358066696094,309.57972469971133,8.0,228.74775647324452,375.2285556462199
1718,Suez OUT - Piraeus,SEA,PILOT_TO_PILOT,5,1718,1468,6,7,SaidTssN,Kriti E,33.78384050863041,28.971473256683907,309.57972469971133,8.0,228.8811104476327,375.0952016718317
1719,Suez OUT - Piraeus,SEA,PILOT_TO_PILOT,5,1719,1469,6,7,SaidTssN,Kriti E,33.785206177442845,28.969365779192483,309.57972469971133,8.0,229.01446442202086,374.96184769744355
1720,Suez OUT - Piraeus,SEA,PILOT_TO_PILOT,5,1720,1470,6,7,SaidTssN,Kriti E,33.786571810427226,28.967258234482827,309.57972469971133,8.0,229.14781839640904,374.8284937230554
1721,Suez OUT - Piraeus,SEA,PILOT_TO_PILOT,5,1721,1471,6,7,SaidTssN,Kriti E,33.78793740758058,28.9651506225511,309.57972469971133,8.0,229.2811723707972,374.6951397486672
1722,Suez OUT - Piraeus,SEA,PILOT_TO_PILOT,5,1722,1472,6,7,SaidTssN,Kriti E,33.78930296889989,28.96304294339345,309.57972469971133,8.0,229.41452634518538,374.56178577427903
1723,Suez OUT - Piraeus,SEA,PILOT_TO_PILOT,5,1723,1473,6,7,SaidTssN,Kriti E,33.79066849438218,28.960935197006037,309.57972469971133,8.0,229.54788031957355,374.42843179989086
1724,Suez OUT - Piraeus,SEA,PILOT_TO_PILOT,5,1724,1474,6,7,SaidTssN,Kriti E,33.792033984024464,28.958827383385,309.57972469971133,8.0,229.68123429396175,374.29507782550263
1725,Suez OUT - Piraeus,SEA,PILOT_TO_PILOT,5,1725,1475,6,7,SaidTssN,Kriti E,33.793399437823744,28.95671950252651,309.57972469971133,8.0,229.81458826834992,374.1617238511145
1726,Suez OUT - Piraeus,SEA,PILOT_TO_PILOT,5,1726,1476,6,7,SaidTssN,Kriti E,33.794764855777025,28.95461155442671,309.57972469971133,8.0,229.9479422427381,374.0283698767263
1727,Suez OUT - Piraeus,SEA,PILOT_TO_PILOT,5,1727,1477,6,7,SaidTssN,Kriti E,33.79613023788133,28.952503539081746,309.57972469971133,8.0,230.08129621712627,373.8950159023382
1728,Suez OUT - Piraeus,SEA,PILOT_TO_PILOT,5,1728,1478,6,7,SaidTssN,Kriti E,33.79749558413365,28.950395456487797,309.57972469971133,8.0,230.21465019151444,373.76166192794994
1729,Suez OUT - Piraeus,SEA,PILOT_TO_PILOT,5,1729,1479,6,7,SaidTssN,Kriti E,33.798860894530996,28.948287306640985,309.57972469971133,8.0,230.3480041659026,373.62830795356183
1730,Suez OUT - Piraeus,SEA,PILOT_TO_PILOT,5,1730,1480,6,7,SaidTssN,Kriti E,33.80022616907039,28.946179089537484,309.57972469971133,8.0,230.48135814029078,373.4949539791736
1731,Suez OUT - Piraeus,SEA,PILOT_TO_PILOT,5,1731,1481,6,7,SaidTssN,Kriti E,33.80159140774882,28.944070805173446,309.57972469971133,8.0,230.61471211467895,373.3616000047855
1732,Suez OUT - Piraeus,SEA,PILOT_TO_PILOT,5,1732,1482,6,7,SaidTssN,Kriti E,33.802956610563314,28.94196245354502,309.57972469971133,8.0,230.74806608906712,373.22824603039726
1733,Suez OUT - Piraeus,SEA,PILOT_TO_PILOT,5,1733,1483,6,7,SaidTssN,Kriti E,33.804321777510864,28.939854034648366,309.57972469971133,8.0,230.8814200634553,373.09489205600914
1734,Suez OUT - Piraeus,SEA,PILOT_TO_PILOT,5,1734,1484,6,7,SaidTssN,Kriti E,33.805686908588484,28.93774554847963,309.57972469971133,8.0,231.01477403784347,372.9615380816209
1735,Suez OUT - Piraeus,SEA,PILOT_TO_PILOT,5,1735,1485,6,7,SaidTssN,Kriti E,33.807052003793174,28.93563699503497,309.57972469971133,8.0,231.14812801223167,372.82818410723274
1736,Suez OUT - Piraeus,SEA,PILOT_TO_PILOT,5,1736,1486,6,7,SaidTssN,Kriti E,33.80841706312194,28.933528374310537,309.57972469971133,8.0,231.28148198661984,372.6948301328446
1737,Suez OUT - Piraeus,SEA,PILOT_TO_PILOT,5,1737,1487,6,7,SaidTssN,Kriti E,33.80978208657179,28.931419686302494,309.57972469971133,8.0,231.414835961008,372.5614761584564
1738,Suez OUT - Piraeus,SEA,PILOT_TO_PILOT,5,1738,1488,6,7,SaidTssN,Kriti E,33.81114707413975,28.929310931006988,309.57972469971133,8.0,231.54818993539618,372.42812218406823
1739,Suez OUT - Piraeus,SEA,PILOT_TO_PILOT,5,1739,1489,6,7,SaidTssN,Kriti E,33.81251202582279,28.927202108420172,309.57972469971133,8.0,231.68154390978435,372.29476820968006
1740,Suez OUT - Piraeus,SEA,PILOT_TO_PILOT,5,1740,1490,6,7,SaidTssN,Kriti E,33.81387694161794,28.92509321853821,309.57972469971133,8.0,231.81489788417252,372.1614142352919
1741,Suez OUT - Piraeus,SEA,PILOT_TO_PILOT,5,1741,1491,6,7,SaidTssN,Kriti E,33.8152418215222,28.922984261357254,309.57972469971133,8.0,231.9482518585607,372.0280602609037
1742,Suez OUT - Piraeus,SEA,PILOT_TO_PILOT,5,1742,1492,6,7,SaidTssN,Kriti E,33.81660666553258,28.920875236873446,309.57972469971133,8.0,232.08160583294887,371.89470628651554
1743,Suez OUT - Piraeus,SEA,PILOT_TO_PILOT,5,1743,1493,6,7,SaidTssN,Kriti E,33.81797147364608,28.918766145082962,309.57972469971133,8.0,232.21495980733704,371.76135231212737
1744,Suez OUT - Piraeus,SEA,PILOT_TO_PILOT,5,1744,1494,6,7,SaidTssN,Kriti E,33.8193362458597,28.91665698598194,309.57972469971133,8.0,232.3483137817252,371.6279983377392
1745,Suez OUT - Piraeus,SEA,PILOT_TO_PILOT,5,1745,1495,6,7,SaidTssN,Kriti E,33.82070098217046,28.91454775956654,309.57972469971133,8.0,232.4816677561134,371.494644363351
1746,Suez OUT - Piraeus,SEA,PILOT_TO_PILOT,5,1746,1496,6,7,SaidTssN,Kriti E,33.82206568257536,28.91243846583291,309.57972469971133,8.0,232.61502173050158,371.36129038896286
1747,Suez OUT - Piraeus,SEA,PILOT_TO_PILOT,5,1747,1497,6,7,SaidTssN,Kriti E,33.82343034707139,28.91032910477723,309.57972469971133,8.0,232.74837570488975,371.22793641457463
1748,Suez OUT - Piraeus,SEA,PILOT_TO_PILOT,5,1748,1498,6,7,SaidTssN,Kriti E,33.82479497565555,28.90821967639562,309.57972469971133,8.0,232.88172967927792,371.0945824401865
1749,Suez OUT - Piraeus,SEA,PILOT_TO_PILOT,5,1749,1499,6,7,SaidTssN,Kriti E,33.826159568324876,28.90611018068426,309.57972469971133,8.0,233.0150836536661,370.9612284657983
1750,Suez OUT - Piraeus,SEA,PILOT_TO_PILOT,5,1750,1500,6,7,SaidTssN,Kriti E,33.82752412507635,28.904000617639298,309.57972469971133,8.0,233.14843762805427,370.82787449141017
1751,Suez OUT - Piraeus,SEA,PILOT_TO_PILOT,5,1751,1501,6,7,SaidTssN,Kriti E,33.82888864590697,28.90189098725689,309.57972469971133,8.0,233.28179160244244,370.69452051702194
1752,Suez OUT - Piraeus,SEA,PILOT_TO_PILOT,5,1752,1502,6,7,SaidTssN,Kriti E,33.83025313081376,28.89978128953319,309.57972469971133,8.0,233.4151455768306,370.5611665426338
1753,Suez OUT - Piraeus,SEA,PILOT_TO_PILOT,5,1753,1503,6,7,SaidTssN,Kriti E,33.831617579793715,28.897671524464357,309.57972469971133,8.0,233.54849955121878,370.4278125682456
1754,Suez OUT - Piraeus,SEA,PILOT_TO_PILOT,5,1754,1504,6,7,SaidTssN,Kriti E,33.83298199284383,28.895561692046545,309.57972469971133,8.0,233.68185352560695,370.2944585938575
1755,Suez OUT - Piraeus,SEA,PILOT_TO_PILOT,5,1755,1505,6,7,SaidTssN,Kriti E,33.83434636996111,28.893451792275908,309.57972469971133,8.0,233.81520749999515,370.16110461946926
1756,Suez OUT - Piraeus,SEA,PILOT_TO_PILOT,5,1756,1506,6,7,SaidTssN,Kriti E,33.83571071114256,28.891341825148597,309.57972469971133,8.0,233.94856147438333,370.0277506450811
1757,Suez OUT - Piraeus,SEA,PILOT_TO_PILOT,5,1757,1507,6,7,SaidTssN,Kriti E,33.837075016385185,28.889231790660777,309.57972469971133,8.0,234.0819154487715,369.8943966706929
1758,Suez OUT - Piraeus,SEA,PILOT_TO_PILOT,5,1758,1508,6,7,SaidTssN,Kriti E,33.838439285686,28.887121688808605,309.57972469971133,8.0,234.21526942315967,369.76104269630474
1759,Suez OUT - Piraeus,SEA,PILOT_TO_PILOT,5,1759,1509,6,7,SaidTssN,Kriti E,33.83980351904198,28.885011519588232,309.57972469971133,8.0,234.34862339754784,369.62768872191657
1760,Suez OUT - Piraeus,SEA,PILOT_TO_PILOT,5,1760,1510,6,7,SaidTssN,Kriti E,33.84116771645014,28.882901282995817,309.57972469971133,8.0,234.481977371936,369.4943347475284
1761,Suez OUT - Piraeus,SEA,PILOT_TO_PILOT,5,1761,1511,6,7,SaidTssN,Kriti E,33.842531877907476,28.880790979027513,309.57972469971133,8.0,234.61533134632418,369.3609807731402
1762,Suez OUT - Piraeus,SEA,PILOT_TO_PILOT,5,1762,1512,6,7,SaidTssN,Kriti E,33.843896003411004,28.87868060767948,309.57972469971133,8.0,234.74868532071235,369.22762679875206
1763,Suez OUT - Piraeus,SEA,PILOT_TO_PILOT,5,1763,1513,6,7,SaidTssN,Kriti E,33.845260092957716,28.876570168947868,309.57972469971133,8.0,234.88203929510053,369.0942728243639
1764,Suez OUT - Piraeus,SEA,PILOT_TO_PILOT,5,1764,1514,6,7,SaidTssN,Kriti E,33.8466241465446,28.874459662828844,309.57972469971133,8.0,235.0153932694887,368.9609188499757
1765,Suez OUT - Piraeus,SEA,PILOT_TO_PILOT,5,1765,1515,6,7,SaidTssN,Kriti E,33.84798816416868,28.87234908931855,309.57972469971133,8.0,235.14874724387687,368.82756487558754
1766,Suez OUT - Piraeus,SEA,PILOT_TO_PILOT,5,1766,1516,6,7,SaidTssN,Kriti E,33.84935214582695,28.87023844841315,309.57972469971133,8.0,235.28210121826507,368.6942109011993
1767,Suez OUT - Piraeus,SEA,PILOT_TO_PILOT,5,1767,1517,6,7,SaidTssN,Kriti E,33.85071609151641,28.86812774010881,309.57972469971133,8.0,235.41545519265324,368.5608569268112
1768,Suez OUT - Piraeus,SEA,PILOT_TO_PILOT,5,1768,1518,6,7,SaidTssN,Kriti E,33.85208000123405,28.866016964401673,309.57972469971133,8.0,235.5488091670414,368.42750295242297
1769,Suez OUT - Piraeus,SEA,PILOT_TO_PILOT,5,1769,1519,6,7,SaidTssN,Kriti E,33.85344387497688,28.863906121287908,309.57972469971133,8.0,235.68216314142958,368.29414897803485
1770,Suez OUT - Piraeus,SEA,PILOT_TO_PILOT,5,1770,1520,6,7,SaidTssN,Kriti E,33.854807712741895,28.861795210763656,309.57972469971133,8.0,235.81551711581776,368.1607950036466
1771,Suez OUT - Piraeus,SEA,PILOT_TO_PILOT,5,1771,1521,6,7,SaidTssN,Kriti E,33.85617151452611,28.859684232825092,309.57972469971133,8.0,235.94887109020593,368.0274410292585
1772,Suez OUT - Piraeus,SEA,PILOT_TO_PILOT,5,1772,1522,6,7,SaidTssN,Kriti E,33.8575352803265,28.857573187468358,309.57972469971133,8.0,236.0822250645941,367.8940870548703
1773,Suez OUT - Piraeus,SEA,PILOT_TO_PILOT,5,1773,1523,6,7,SaidTssN,Kriti E,33.85889901014008,28.855462074689623,309.57972469971133,8.0,236.21557903898227,367.76073308048217
1774,Suez OUT - Piraeus,SEA,PILOT_TO_PILOT,5,1774,1524,6,7,SaidTssN,Kriti E,33.86026270396385,28.853350894485033,309.57972469971133,8.0,236.34893301337044,367.62737910609394
1775,Suez OUT - Piraeus,SEA,PILOT_TO_PILOT,5,1775,1525,6,7,SaidTssN,Kriti E,33.8616263617948,28.851239646850754,309.57972469971133,8.0,236.4822869877586,367.4940251317058
1776,Suez OUT - Piraeus,SEA,PILOT_TO_PILOT,5,1776,1526,6,7,SaidTssN,Kriti E,33.86298998362994,28.84912833178294,309.57972469971133,8.0,236.6156409621468,367.3606711573176
1777,Suez OUT - Piraeus,SEA,PILOT_TO_PILOT,5,1777,1527,6,7,SaidTssN,Kriti E,33.86435356946625,28.84701694927775,309.57972469971133,8.0,236.74899493653498,367.2273171829294
1778,Suez OUT - Piraeus,SEA,PILOT_TO_PILOT,5,1778,1528,6,7,SaidTssN,Kriti E,33.86571711930075,28.844905499331347,309.57972469971133,8.0,236.88234891092316,367.09396320854125
1779,Suez OUT - Piraeus,SEA,PILOT_TO_PILOT,5,1779,1529,6,7,SaidTssN,Kriti E,33.86708063313043,28.84279398193988,309.57972469971133,8.0,237.01570288531133,366.9606092341531
1780,Suez OUT - Piraeus,SEA,PILOT_TO_PILOT,5,1780,1530,6,7,SaidTssN,Kriti E,33.86844411095228,28.840682397099496,309.57972469971133,8.0,237.1490568596995,366.8272552597649
1781,Suez OUT - Piraeus,SEA,PILOT_TO_PILOT,5,1781,1531,6,7,SaidTssN,Kriti E,33.86980755276331,28.83857074480638,309.57972469971133,8.0,237.28241083408767,366.69390128537674
1782,Suez OUT - Piraeus,SEA,PILOT_TO_PILOT,5,1782,1532,6,7,SaidTssN,Kriti E,33.87117095856051,28.836459025056676,309.57972469971133,8.0,237.41576480847584,366.56054731098857
1783,Suez OUT - Piraeus,SEA,PILOT_TO_PILOT,5,1783,1533,6,7,SaidTssN,Kriti E,33.87253432834089,28.834347237846536,309.57972469971133,8.0,237.549118782864,366.4271933366004
1784,Suez OUT - Piraeus,SEA,PILOT_TO_PILOT,5,1784,1534,6,7,SaidTssN,Kriti E,33.87389766210142,28.83223538317213,309.57972469971133,8.0,237.68247275725219,366.2938393622122
1785,Suez OUT - Piraeus,SEA,PILOT_TO_PILOT,5,1785,1535,6,7,SaidTssN,Kriti E,33.87526095983913,28.83012346102961,309.57972469971133,8.0,237.81582673164036,366.16048538782405
1786,Suez OUT - Piraeus,SEA,PILOT_TO_PILOT,5,1786,1536,6,7,SaidTssN,Kriti E,33.87662422155099,28.828011471415135,309.57972469971133,8.0,237.94918070602853,366.0271314134359
1787,Suez OUT - Piraeus,SEA,PILOT_TO_PILOT,5,1787,1537,6,7,SaidTssN,Kriti E,33.87798744723401,28.82589941432486,309.57972469971133,8.0,238.08253468041673,365.89377743904765
1788,Suez OUT - Piraeus,SEA,PILOT_TO_PILOT,5,1788,1538,6,7,SaidTssN,Kriti E,33.87935063688519,28.82378728975495,309.57972469971133,8.0,238.2158886548049,365.76042346465954
1789,Suez OUT - Piraeus,SEA,PILOT_TO_PILOT,5,1789,1539,6,7,SaidTssN,Kriti E,33.880713790501524,28.821675097701565,309.57972469971133,8.0,238.34924262919307,365.6270694902713
1790,Suez OUT - Piraeus,SEA,PILOT_TO_PILOT,5,1790,1540,6,7,SaidTssN,Kriti E,33.882076908079995,28.81956283816085,309.57972469971133,8.0,238.48259660358124,365.4937155158832
1791,Suez OUT - Piraeus,SEA,PILOT_TO_PILOT,5,1791,1541,6,7,SaidTssN,Kriti E,33.88343998961761,28.81745051112898,309.57972469971133,8.0,238.61595057796941,365.36036154149497
1792,Suez OUT - Piraeus,SEA,PILOT_TO_PILOT,5,1792,1542,6,7,SaidTssN,Kriti E,33.88480303511137,28.815338116602103,309.57972469971133,8.0,238.7493045523576,365.22700756710685
1793,Suez OUT - Piraeus,SEA,PILOT_TO_PILOT,5,1793,1543,6,7,SaidTssN,Kriti E,33.88616604455826,28.813225654576385,309.57972469971133,8.0,238.88265852674576,365.0936535927186
1794,Suez OUT - Piraeus,SEA,PILOT_TO_PILOT,5,1794,1544,6,7,SaidTssN,Kriti E,33.88752901795527,28.811113125047974,309.57972469971133,8.0,239.01601250113393,364.9602996183305
1795,Suez OUT - Piraeus,SEA,PILOT_TO_PILOT,5,1795,1545,6,7,SaidTssN,Kriti E,33.888891955299414,28.80900052801304,309.57972469971133,8.0,239.1493664755221,364.8269456439423
1796,Suez OUT - Piraeus,SEA,PILOT_TO_PILOT,5,1796,1546,6,7,SaidTssN,Kriti E,33.890254856587674,28.806887863467736,309.57972469971133,8.0,239.28272044991027,364.69359166955417
1797,Suez OUT - Piraeus,SEA,PILOT_TO_PILOT,5,1797,1547,6,7,SaidTssN,Kriti E,33.891617721817056,28.804775131408228,309.57972469971133,8.0,239.41607442429847,364.56023769516594
1798,Suez OUT - Piraeus,SEA,PILOT_TO_PILOT,5,1798,1548,6,7,SaidTssN,Kriti E,33.89298055098453,28.80266233183066,309.57972469971133,8.0,239.54942839868664,364.42688372077777
1799,Suez OUT - Piraeus,SEA,PILOT_TO_PILOT,5,1799,1549,6,7,SaidTssN,Kriti E,33.894343344087126,28.800549464731215,309.57972469971133,8.0,239.68278237307482,364.2935297463896
1800,Suez OUT - Piraeus,SEA,PILOT_TO_PILOT,5,1800,1550,6,7,SaidTssN,Kriti E,33.89570610112181,28.79843653010604,309.57972469971133,8.0,239.816136347463,364.1601757720014
1801,Suez OUT - Piraeus,SEA,PILOT_TO_PILOT,5,1801,1551,6,7,SaidTssN,Kriti E,33.897068822085586,28.796323527951287,309.57972469971133,8.0,239.94949032185116,364.02682179761325
1802,Suez OUT - Piraeus,SEA,PILOT_TO_PILOT,5,1802,1552,6,7,SaidTssN,Kriti E,33.89843150697544,28.794210458263123,309.57972469971133,8.0,240.08284429623933,363.8934678232251
1803,Suez OUT - Piraeus,SEA,PILOT_TO_PILOT,5,1803,1553,6,7,SaidTssN,Kriti E,33.89979415578838,28.792097321037716,309.57972469971133,8.0,240.2161982706275,363.7601138488369
1804,Suez OUT - Piraeus,SEA,PILOT_TO_PILOT,5,1804,1554,6,7,SaidTssN,Kriti E,33.90115676852139,28.78998411627121,309.57972469971133,8.0,240.34955224501567,363.62675987444874
1805,Suez OUT - Piraeus,SEA,PILOT_TO_PILOT,5,1805,1555,6,7,SaidTssN,Kriti E,33.90251934517146,28.78787084395977,309.57972469971133,8.0,240.48290621940384,363.49340590006057
1806,Suez OUT - Piraeus,SEA,PILOT_TO_PILOT,5,1806,1556,6,7,SaidTssN,Kriti E,33.90388188573559,28.78575750409956,309.57972469971133,8.0,240.61626019379202,363.3600519256724
1807,Suez OUT - Piraeus,SEA,PILOT_TO_PILOT,5,1807,1557,6,7,SaidTssN,Kriti E,33.90524439021077,28.783644096686743,309.57972469971133,8.0,240.74961416818022,363.2266979512842
1808,Suez OUT - Piraeus,SEA,PILOT_TO_PILOT,5,1808,1558,6,7,SaidTssN,Kriti E,33.906606858593996,28.78153062171747,309.57972469971133,8.0,240.8829681425684,363.093343976896
1809,Suez OUT - Piraeus,SEA,PILOT_TO_PILOT,5,1809,1559,6,7,SaidTssN,Kriti E,33.90796929088226,28.7794170791879,309.57972469971133,8.0,241.01632211695656,362.9599900025079
1810,Suez OUT - Piraeus,SEA,PILOT_TO_PILOT,5,1810,1560,6,7,SaidTssN,Kriti E,33.909331687072545,28.777303469094203,309.57972469971133,8.0,241.14967609134473,362.82663602811965
1811,Suez OUT - Piraeus,SEA,PILOT_TO_PILOT,5,1811,1561,6,7,SaidTssN,Kriti E,33.910694047161854,28.775189791432535,309.57972469971133,8.0,241.2830300657329,362.69328205373154
1812,Suez OUT - Piraeus,SEA,PILOT_TO_PILOT,5,1812,1562,6,7,SaidTssN,Kriti E,33.91205637114717,28.773076046199055,309.57972469971133,8.0,241.41638404012107,362.5599280793433
1813,Suez OUT - Piraeus,SEA,PILOT_TO_PILOT,5,1813,1563,6,7,SaidTssN,Kriti E,33.913418659025496,28.770962233389934,309.57972469971133,8.0,241.54973801450924,362.4265741049552
1814,Suez OUT - Piraeus,SEA,PILOT_TO_PILOT,5,1814,1564,6,7,SaidTssN,Kriti E,33.914780910793816,28.768848353001314,309.57972469971133,8.0,241.68309198889742,362.29322013056697
1815,Suez OUT - Piraeus,SEA,PILOT_TO_PILOT,5,1815,1565,6,7,SaidTssN,Kriti E,33.91614312644912,28.766734405029368,309.57972469971133,8.0,241.8164459632856,362.15986615617885
1816,Suez OUT - Piraeus,SEA,PILOT_TO_PILOT,5,1816,1566,6,7,SaidTssN,Kriti E,33.9175053059884,28.764620389470252,309.57972469971133,8.0,241.94979993767376,362.0265121817906
1817,Suez OUT - Piraeus,SEA,PILOT_TO_PILOT,5,1817,1567,6,7,SaidTssN,Kriti E,33.918867449408644,28.762506306320134,309.57972469971133,8.0,242.08315391206193,361.8931582074025
1818,Suez OUT - Piraeus,SEA,PILOT_TO_PILOT,5,1818,1568,6,7,SaidTssN,Kriti E,33.92022955670685,28.76039215557516,309.57972469971133,8.0,242.21650788645013,361.7598042330143
1819,Suez OUT - Piraeus,SEA,PILOT_TO_PILOT,5,1819,1569,6,7,SaidTssN,Kriti E,33.921591627880005,28.758277937231515,309.57972469971133,8.0,242.3498618608383,361.6264502586261
1820,Suez OUT - Piraeus,SEA,PILOT_TO_PILOT,5,1820,1570,6,7,SaidTssN,Kriti E,33.9229536629251,28.756163651285334,309.57972469971133,8.0,242.48321583522647,361.49309628423794
1821,Suez OUT - Piraeus,SEA,PILOT_TO_PILOT,5,1821,1571,6,7,SaidTssN,Kriti E,33.92431566183912,28.754049297732795,309.57972469971133,8.0,242.61656980961465,361.35974230984976
1822,Suez OUT - Piraeus,SEA,PILOT_TO_PILOT,5,1822,1572,6,7,SaidTssN,Kriti E,33.92567762461906,28.75193487657005,309.57972469971133,8.0,242.74992378400282,361.2263883354616
1823,Suez OUT - Piraeus,SEA,PILOT_TO_PILOT,5,1823,1573,6,7,SaidTssN,Kriti E,33.92703955126192,28.749820387793278,309.57972469971133,8.0,242.883277758391,361.0930343610734
1824,Suez OUT - Piraeus,SEA,PILOT_TO_PILOT,5,1824,1574,6,7,SaidTssN,Kriti E,33.92840144176466,28.74770583139862,309.57972469971133,8.0,243.01663173277916,360.95968038668525
1825,Suez OUT - Piraeus,SEA,PILOT_TO_PILOT,5,1825,1575,6,7,SaidTssN,Kriti E,33.9297632961243,28.745591207382237,309.57972469971133,8.0,243.14998570716733,360.8263264122971
1826,Suez OUT - Piraeus,SEA,PILOT_TO_PILOT,5,1826,1576,6,7,SaidTssN,Kriti E,33.93112511433782,28.743476515740305,309.57972469971133,8.0,243.2833396815555,360.6929724379089
1827,Suez OUT - Piraeus,SEA,PILOT_TO_PILOT,5,1827,1577,6,7,SaidTssN,Kriti E,33.93248689640219,28.741361756468976,309.57972469971133,8.0,243.41669365594367,360.55961846352074
1828,Suez OUT - Piraeus,SEA,PILOT_TO_PILOT,5,1828,1578,6,7,SaidTssN,Kriti E,33.93384864231442,28.73924692956442,309.57972469971133,8.0,243.55004763033187,360.42626448913256
1829,Suez OUT - Piraeus,SEA,PILOT_TO_PILOT,5,1829,1579,6,7,SaidTssN,Kriti E,33.9352103520715,28.737132035022793,309.57972469971133,8.0,243.68340160472005,360.29291051474434
1830,Suez OUT - Piraeus,SEA,PILOT_TO_PILOT,5,1830,1580,6,7,SaidTssN,Kriti E,33.93657202567041,28.735017072840257,309.57972469971133,8.0,243.81675557910822,360.1595565403562
1831,Suez OUT - Piraeus,SEA,PILOT_TO_PILOT,5,1831,1581,6,7,SaidTssN,Kriti E,33.93793366310813,28.732902043012974,309.57972469971133,8.0,243.9501095534964,360.026202565968
1832,Suez OUT - Piraeus,SEA,PILOT_TO_PILOT,5,1832,1582,6,7,SaidTssN,Kriti E,33.93929526438167,28.730786945537105,309.57972469971133,8.0,244.08346352788456,359.8928485915799
1833,Suez OUT - Piraeus,SEA,PILOT_TO_PILOT,5,1833,1583,6,7,SaidTssN,Kriti E,33.94065682948799,28.728671780408817,309.57972469971133,8.0,244.21681750227273,359.75949461719165
1834,Suez OUT - Piraeus,SEA,PILOT_TO_PILOT,5,1834,1584,6,7,SaidTssN,Kriti E,33.9420183584241,28.726556547624273,309.57972469971133,8.0,244.3501714766609,359.62614064280353
1835,Suez OUT - Piraeus,SEA,PILOT_TO_PILOT,5,1835,1585,6,7,SaidTssN,Kriti E,33.94337985118699,28.724441247179623,309.57972469971133,8.0,244.48352545104908,359.4927866684153
1836,Suez OUT - Piraeus,SEA,PILOT_TO_PILOT,5,1836,1586,6,7,SaidTssN,Kriti E,33.94474130777362,28.72232587907105,309.57972469971133,8.0,244.61687942543725,359.3594326940272
1837,Suez OUT - Piraeus,SEA,PILOT_TO_PILOT,5,1837,1587,6,7,SaidTssN,Kriti E,33.946102728180996,28.720210443294693,309.57972469971133,8.0,244.75023339982542,359.22607871963896
1838,Suez OUT - Piraeus,SEA,PILOT_TO_PILOT,5,1838,1588,6,7,SaidTssN,Kriti E,33.94746411240611,28.71809493984673,309.57972469971133,8.0,244.88358737421362,359.0927247452508
1839,Suez OUT - Piraeus,SEA,PILOT_TO_PILOT,5,1839,1589,6,7,SaidTssN,Kriti E,33.94882546044594,28.715979368723325,309.57972469971133,8.0,245.0169413486018,358.9593707708626
1840,Suez OUT - Piraeus,SEA,PILOT_TO_PILOT,5,1840,1590,6,7,SaidTssN,Kriti E,33.95018677229747,28.71386372992063,309.57972469971133,8.0,245.15029532298996,358.82601679647445
1841,Suez OUT - Piraeus,SEA,PILOT_TO_PILOT,5,1841,1591,6,7,SaidTssN,Kriti E,33.95154804795769,28.711748023434815,309.57972469971133,8.0,245.28364929737813,358.6926628220863
1842,Suez OUT - Piraeus,SEA,PILOT_TO_PILOT,5,1842,1592,6,7,SaidTssN,Kriti E,33.95290928742359,28.709632249262047,309.57972469971133,8.0,245.4170032717663,358.5593088476981
1843,Suez OUT - Piraeus,SEA,PILOT_TO_PILOT,5,1843,1593,6,7,SaidTssN,Kriti E,33.954270490692146,28.707516407398483,309.57972469971133,8.0,245.55035724615448,358.42595487330993
1844,Suez OUT - Piraeus,SEA,PILOT_TO_PILOT,5,1844,1594,6,7,SaidTssN,Kriti E,33.95563165776035,28.70540049784029,309.57972469971133,8.0,245.68371122054265,358.29260089892176
1845,Suez OUT - Piraeus,SEA,PILOT_TO_PILOT,5,1845,1595,6,7,SaidTssN,Kriti E,33.95699278862518,28.703284520583622,309.57972469971133,8.0,245.81706519493082,358.1592469245336
1846,Suez OUT - Piraeus,SEA,PILOT_TO_PILOT,5,1846,1596,6,7,SaidTssN,Kriti E,33.95835388328365,28.70116847562465,309.57972469971133,8.0,245.950419169319,358.0258929501454
1847,Suez OUT - Piraeus,SEA,PILOT_TO_PILOT,5,1847,1597,6,7,SaidTssN,Kriti E,33.959714941732706,28.699052362959538,309.57972469971133,8.0,246.08377314370716,357.89253897575725
1848,Suez OUT - Piraeus,SEA,PILOT_TO_PILOT,5,1848,1598,6,7,SaidTssN,Kriti E,33.96107596396935,28.696936182584455,309.57972469971133,8.0,246.21712711809533,357.7591850013691
1849,Suez OUT - Piraeus,SEA,PILOT_TO_PILOT,5,1849,1599,6,7,SaidTssN,Kriti E,33.96243694999057,28.694819934495538,309.57972469971133,8.0,246.35048109248353,357.6258310269809
1850,Suez OUT - Piraeus,SEA,PILOT_TO_PILOT,5,1850,1600,6,7,SaidTssN,Kriti E,33.96379789979334,28.692703618688988,309.57972469971133,8.0,246.4838350668717,357.4924770525927
1851,Suez OUT - Piraeus,SEA,PILOT_TO_PILOT,5,1851,1601,6,7,SaidTssN,Kriti E,33.965158813374664,28.690587235160947,309.57972469971133,8.0,246.61718904125988,357.35912307820456
1852,Suez OUT - Piraeus,SEA,PILOT_TO_PILOT,5,1852,1602,6,7,SaidTssN,Kriti E,33.9665196907315,28.688470783907576,309.57972469971133,8.0,246.75054301564805,357.22576910381633
1853,Suez OUT - Piraeus,SEA,PILOT_TO_PILOT,5,1853,1603,6,7,SaidTssN,Kriti E,33.96788053186085,28.686354264925054,309.57972469971133,8.0,246.88389699003622,357.0924151294282
1854,Suez OUT - Piraeus,SEA,PILOT_TO_PILOT,5,1854,1604,6,7,SaidTssN,Kriti E,33.96924133675969,28.684237678209534,309.57972469971133,8.0,247.0172509644244,356.95906115504
1855,Suez OUT - Piraeus,SEA,PILOT_TO_PILOT,5,1855,1605,6,7,SaidTssN,Kriti E,33.970602105425,28.68212102375718,309.57972469971133,8.0,247.15060493881256,356.8257071806519
1856,Suez OUT - Piraeus,SEA,PILOT_TO_PILOT,5,1856,1606,6,7,SaidTssN,Kriti E,33.97196283785377,28.680004301564164,309.57972469971133,8.0,247.28395891320073,356.69235320626365
1857,Suez OUT - Piraeus,SEA,PILOT_TO_PILOT,5,1857,1607,6,7,SaidTssN,Kriti E,33.973323534043,28.677887511626647,309.57972469971133,8.0,247.4173128875889,356.55899923187553
1858,Suez OUT - Piraeus,SEA,PILOT_TO_PILOT,5,1858,1608,6,7,SaidTssN,Kriti E,33.97468419398964,28.67577065394079,309.57972469971133,8.0,247.55066686197708,356.4256452574873
1859,Suez OUT - Piraeus,SEA,PILOT_TO_PILOT,5,1859,1609,6,7,SaidTssN,Kriti E,33.9760448176907,28.67365372850275,309.57972469971133,8.0,247.68402083636528,356.29229128309913
1860,Suez OUT - Piraeus,SEA,PILOT_TO_PILOT,5,1860,1610,6,7,SaidTssN,Kriti E,33.97740540514313,28.671536735308713,309.57972469971133,8.0,247.81737481075345,356.15893730871096
1861,Suez OUT - Piraeus,SEA,PILOT_TO_PILOT,5,1861,1611,6,7,SaidTssN,Kriti E,33.97876595634395,28.66941967435482,309.57972469971133,8.0,247.95072878514162,356.0255833343228
1862,Suez OUT - Piraeus,SEA,PILOT_TO_PILOT,5,1862,1612,6,7,SaidTssN,Kriti E,33.98012647129011,28.667302545637252,309.57972469971133,8.0,248.0840827595298,355.8922293599346
1863,Suez OUT - Piraeus,SEA,PILOT_TO_PILOT,5,1863,1613,6,7,SaidTssN,Kriti E,33.98148694997862,28.665185349152168,309.57972469971133,8.0,248.21743673391796,355.75887538554645
1864,Suez OUT - Piraeus,SEA,PILOT_TO_PILOT,5,1864,1614,6,7,SaidTssN,Kriti E,33.98284739240644,28.66306808489574,309.57972469971133,8.0,248.35079070830614,355.6255214111583
1865,Suez OUT - Piraeus,SEA,PILOT_TO_PILOT,5,1865,1615,6,7,SaidTssN,Kriti E,33.984207798570566,28.66095075286412,309.57972469971133,8.0,248.4841446826943,355.4921674367701
1866,Suez OUT - Piraeus,SEA,PILOT_TO_PILOT,5,1866,1616,6,7,SaidTssN,Kriti E,33.98556816846797,28.65883335305348,309.57972469971133,8.0,248.61749865708248,355.35881346238193
1867,Suez OUT - Piraeus,SEA,PILOT_TO_PILOT,5,1867,1617,6,7,SaidTssN,Kriti E,33.98692850209562,28.65671588545999,309.57972469971133,8.0,248.75085263147065,355.22545948799376
1868,Suez OUT - Piraeus,SEA,PILOT_TO_PILOT,5,1868,1618,6,7,SaidTssN,Kriti E,33.98828879945054,28.654598350079812,309.57972469971133,8.0,248.88420660585882,355.0921055136056
1869,Suez OUT - Piraeus,SEA,PILOT_TO_PILOT,5,1869,1619,6,7,SaidTssN,Kriti E,33.98964906052968,28.6524807469091,309.57972469971133,8.0,249.01756058024702,354.95875153921736
1870,Suez OUT - Piraeus,SEA,PILOT_TO_PILOT,5,1870,1620,6,7,SaidTssN,Kriti E,33.99100928533001,28.650363075944036,309.57972469971133,8.0,249.1509145546352,354.82539756482925
1871,Suez OUT - Piraeus,SEA,PILOT_TO_PILOT,5,1871,1621,6,7,SaidTssN,Kriti E,33.992369473848534,28.64824533718077,309.57972469971133,8.0,249.28426852902336,354.692043590441
1872,Suez OUT - Piraeus,SEA,PILOT_TO_PILOT,5,1872,1622,6,7,SaidTssN,Kriti E,33.99372962608222,28.646127530615495,309.57972469971133,8.0,249.41762250341154,354.5586896160529
1873,Suez OUT - Piraeus,SEA,PILOT_TO_PILOT,5,1873,1623,6,7,SaidTssN,Kriti E,33.99508974202806,28.644009656244336,309.57972469971133,8.0,249.5509764777997,354.4253356416647
1874,Suez OUT - Piraeus,SEA,PILOT_TO_PILOT,5,1874,1624,6,7,SaidTssN,Kriti E,33.996449821683,28.641891714063494,309.57972469971133,8.0,249.68433045218788,354.29198166727656
1875,Suez OUT - Piraeus,SEA,PILOT_TO_PILOT,5,1875,1625,6,7,SaidTssN,Kriti E,33.99780986504407,28.639773704069114,309.57972469971133,8.0,249.81768442657605,354.15862769288833
1876,Suez OUT - Piraeus,SEA,PILOT_TO_PILOT,5,1876,1626,6,7,SaidTssN,Kriti E,33.99916987210821,28.637655626257384,309.57972469971133,8.0,249.95103840096422,354.0252737185002
1877,Suez OUT - Piraeus,SEA,PILOT_TO_PILOT,5,1877,1627,6,7,SaidTssN,Kriti E,34.00052984287242,28.635537480624436,309.57972469971133,8.0,250.0843923753524,353.891919744112
1878,Suez OUT - Piraeus,SEA,PILOT_TO_PILOT,5,1878,1628,6,7,SaidTssN,Kriti E,34.001889777333666,28.633419267166467,309.57972469971133,8.0,250.21774634974057,353.7585657697239
1879,Suez OUT - Piraeus,SEA,PILOT_TO_PILOT,5,1879,1629,6,7,SaidTssN,Kriti E,34.00324967548893,28.631300985879626,309.57972469971133,8.0,250.35110032412874,353.62521179533564
1880,Suez OUT - Piraeus,SEA,PILOT_TO_PILOT,5,1880,1630,6,7,SaidTssN,Kriti E,34.00460953733519,28.629182636760092,309.57972469971133,8.0,250.48445429851694,353.4918578209475
1881,Suez OUT - Piraeus,SEA,PILOT_TO_PILOT,5,1881,1631,6,7,SaidTssN,Kriti E,34.005969362869436,28.627064219804016,309.57972469971133,8.0,250.6178082729051,353.3585038465593
1882,Suez OUT - Piraeus,SEA,PILOT_TO_PILOT,5,1882,1632,6,7,SaidTssN,Kriti E,34.007329152088644,28.62494573500758,309.57972469971133,8.0,250.75116224729328,353.22514987217113
1883,Suez OUT - Piraeus,SEA,PILOT_TO_PILOT,5,1883,1633,6,7,SaidTssN,Kriti E,34.00868890498978,28.622827182366947,309.57972469971133,8.0,250.88451622168145,353.09179589778296
1884,Suez OUT - Piraeus,SEA,PILOT_TO_PILOT,5,1884,1634,6,7,SaidTssN,Kriti E,34.01004862156983,28.62070856187827,309.57972469971133,8.0,251.01787019606962,352.9584419233948
1885,Suez OUT - Piraeus,SEA,PILOT_TO_PILOT,5,1885,1635,6,7,SaidTssN,Kriti E,34.01140830182576,28.618589873537733,309.57972469971133,8.0,251.1512241704578,352.8250879490066
1886,Suez OUT - Piraeus,SEA,PILOT_TO_PILOT,5,1886,1636,6,7,SaidTssN,Kriti E,34.012767945754554,28.616471117341494,309.57972469971133,8.0,251.28457814484597,352.69173397461844
1887,Suez OUT - Piraeus,SEA,PILOT_TO_PILOT,5,1887,1637,6,7,SaidTssN,Kriti E,34.0141275533532,28.61435229328572,309.57972469971133,8.0,251.41793211923414,352.5583800002303
1888,Suez OUT - Piraeus,SEA,PILOT_TO_PILOT,5,1888,1638,6,7,SaidTssN,Kriti E,34.015487124618666,28.612233401366584,309.57972469971133,8.0,251.5512860936223,352.4250260258421
1889,Suez OUT - Piraeus,SEA,PILOT_TO_PILOT,5,1889,1639,6,7,SaidTssN,Kriti E,34.01684665954794,28.610114441580247,309.57972469971133,8.0,251.68464006801048,352.29167205145393
1890,Suez OUT - Piraeus,SEA,PILOT_TO_PILOT,5,1890,1640,6,7,SaidTssN,Kriti E,34.01820615813797,28.60799541392288,309.57972469971133,8.0,251.81799404239868,352.1583180770657
1891,Suez OUT - Piraeus,SEA,PILOT_TO_PILOT,5,1891,1641,6,7,SaidTssN,Kriti E,34.019565620385755,28.60587631839064,309.57972469971133,8.0,251.95134801678685,352.0249641026776
1892,Suez OUT - Piraeus,SEA,PILOT_TO_PILOT,5,1892,1642,6,7,SaidTssN,Kriti E,34.02092504628828,28.603757154979714,309.57972469971133,8.0,252.08470199117502,351.89161012828936
1893,Suez OUT - Piraeus,SEA,PILOT_TO_PILOT,5,1893,1643,6,7,SaidTssN,Kriti E,34.02228443584249,28.601637923686248,309.57972469971133,8.0,252.2180559655632,351.75825615390124
1894,Suez OUT - Piraeus,SEA,PILOT_TO_PILOT,5,1894,1644,6,7,SaidTssN,Kriti E,34.02364378904539,28.599518624506427,309.57972469971133,8.0,252.35140993995137,351.624902179513
1895,Suez OUT - Piraeus,SEA,PILOT_TO_PILOT,5,1895,1645,6,7,SaidTssN,Kriti E,34.025003105893944,28.597399257436408,309.57972469971133,8.0,252.48476391433954,351.4915482051249
1896,Suez OUT - Piraeus,SEA,PILOT_TO_PILOT,5,1896,1646,6,7,SaidTssN,Kriti E,34.026362386385124,28.595279822472367,309.57972469971133,8.0,252.6181178887277,351.3581942307367
1897,Suez OUT - Piraeus,SEA,PILOT_TO_PILOT,5,1897,1647,6,7,SaidTssN,Kriti E,34.027721630515906,28.593160319610465,309.57972469971133,8.0,252.75147186311588,351.22484025634856
1898,Suez OUT - Piraeus,SEA,PILOT_TO_PILOT,5,1898,1648,6,7,SaidTssN,Kriti E,34.02908083828327,28.59104074884687,309.57972469971133,8.0,252.88482583750405,351.09148628196033
1899,Suez OUT - Piraeus,SEA,PILOT_TO_PILOT,5,1899,1649,6,7,SaidTssN,Kriti E,34.0304400096842,28.58892111017775,309.57972469971133,8.0,253.01817981189222,350.9581323075722
1900,Suez OUT - Piraeus,SEA,PILOT_TO_PILOT,5,1900,1650,6,7,SaidTssN,Kriti E,34.031799144715656,28.586801403599278,309.57972469971133,8.0,253.15153378628042,350.824778333184
1901,Suez OUT - Piraeus,SEA,PILOT_TO_PILOT,5,1901,1651,6,7,SaidTssN,Kriti E,34.033158243374615,28.584681629107617,309.57972469971133,8.0,253.2848877606686,350.6914243587958
1902,Suez OUT - Piraeus,SEA,PILOT_TO_PILOT,5,1902,1652,6,7,SaidTssN,Kriti E,34.03451730565805,28.582561786698943,309.57972469971133,8.0,253.41824173505677,350.55807038440764
1903,Suez OUT - Piraeus,SEA,PILOT_TO_PILOT,5,1903,1653,6,7,SaidTssN,Kriti E,34.03587633156294,28.580441876369413,309.57972469971133,8.0,253.55159570944494,350.42471641001947
1904,Suez OUT - Piraeus,SEA,PILOT_TO_PILOT,5,1904,1654,6,7,SaidTssN,Kriti E,34.03723532108626,28.578321898115206,309.57972469971133,8.0,253.6849496838331,350.2913624356313
1905,Suez OUT - Piraeus,SEA,PILOT_TO_PILOT,5,1905,1655,6,7,SaidTssN,Kriti E,34.03859427422498,28.576201851932478,309.57972469971133,8.0,253.81830365822128,350.1580084612431
1906,Suez OUT - Piraeus,SEA,PILOT_TO_PILOT,5,1906,1656,6,7,SaidTssN,Kriti E,34.039953190976064,28.574081737817412,309.57972469971133,8.0,253.95165763260945,350.02465448685496
1907,Suez OUT - Piraeus,SEA,PILOT_TO_PILOT,5,1907,1657,6,7,SaidTssN,Kriti E,34.041312071336506,28.571961555766165,309.57972469971133,8.0,254.08501160699763,349.8913005124668
1908,Suez OUT - Piraeus,SEA,PILOT_TO_PILOT,5,1908,1658,6,7,SaidTssN,Kriti E,34.042670915303255,28.569841305774915,309.57972469971133,8.0,254.2183655813858,349.7579465380786
1909,Suez OUT - Piraeus,SEA,PILOT_TO_PILOT,5,1909,1659,6,7,SaidTssN,Kriti E,34.04402972287332,28.567720987839827,309.57972469971133,8.0,254.35171955577397,349.62459256369044
1910,Suez OUT - Piraeus,SEA,PILOT_TO_PILOT,5,1910,1660,6,7,SaidTssN,Kriti E,34.04538849404363,28.565600601957065,309.57972469971133,8.0,254.48507353016214,349.49123858930227
1911,Suez OUT - Piraeus,SEA,PILOT_TO_PILOT,5,1911,1661,6,7,SaidTssN,Kriti E,34.04674722881119,28.56348014812281,309.57972469971133,8.0,254.61842750455034,349.35788461491404
1912,Suez OUT - Piraeus,SEA,PILOT_TO_PILOT,5,1912,1662,6,7,SaidTssN,Kriti E,34.048105927172955,28.56135962633322,309.57972469971133,8.0,254.7517814789385,349.2245306405259
1913,Suez OUT - Piraeus,SEA,PILOT_TO_PILOT,5,1913,1663,6,7,SaidTssN,Kriti E,34.04946458912591,28.55923903658447,309.57972469971133,8.0,254.88513545332668,349.0911766661377
1914,Suez OUT - Piraeus,SEA,PILOT_TO_PILOT,5,1914,1664,6,7,SaidTssN,Kriti E,34.05082321466702,28.55711837887273,309.57972469971133,8.0,255.01848942771485,348.9578226917496
1915,Suez OUT - Piraeus,SEA,PILOT_TO_PILOT,5,1915,1665,6,7,SaidTssN,Kriti E,34.05218180379326,28.554997653194167,309.57972469971133,8.0,255.15184340210303,348.82446871736136
1916,Suez OUT - Piraeus,SEA,PILOT_TO_PILOT,5,1916,1666,6,7,SaidTssN,Kriti E,34.05354035650159,28.552876859544945,309.57972469971133,8.0,255.2851973764912,348.69111474297324
1917,Suez OUT - Piraeus,SEA,PILOT_TO_PILOT,5,1917,1667,6,7,SaidTssN,Kriti E,34.05489887278899,28.55075599792124,309.57972469971133,8.0,255.41855135087937,348.557760768585
1918,Suez OUT - Piraeus,SEA,PILOT_TO_PILOT,5,1918,1668,6,7,SaidTssN,Kriti E,34.05625735265244,28.548635068319225,309.57972469971133,8.0,255.55190532526754,348.4244067941969
1919,Suez OUT - Piraeus,SEA,PILOT_TO_PILOT,5,1919,1669,6,7,SaidTssN,Kriti E,34.05761579608889,28.546514070735057,309.57972469971133,8.0,255.6852592996557,348.29105281980867
1920,Suez OUT - Piraeus,SEA,PILOT_TO_PILOT,5,1920,1670,6,7,SaidTssN,Kriti E,34.05897420309534,28.544393005164928,309.57972469971133,8.0,255.81861327404388,348.15769884542055
1921,Suez OUT - Piraeus,SEA,PILOT_TO_PILOT,5,1921,1671,6,7,SaidTssN,Kriti E,34.06033257366873,28.54227187160499,309.57972469971133,8.0,255.95196724843208,348.0243448710323
1922,Suez OUT - Piraeus,SEA,PILOT_TO_PILOT,5,1922,1672,6,7,SaidTssN,Kriti E,34.06169090780605,28.540150670051414,309.57972469971133,8.0,256.08532122282026,347.89099089664415
1923,Suez OUT - Piraeus,SEA,PILOT_TO_PILOT,5,1923,1673,6,7,SaidTssN,Kriti E,34.063049205504264,28.538029400500378,309.57972469971133,8.0,256.2186751972084,347.757636922256
1924,Suez OUT - Piraeus,SEA,PILOT_TO_PILOT,5,1924,1674,6,7,SaidTssN,Kriti E,34.064407466760336,28.535908062948042,309.57972469971133,8.0,256.3520291715966,347.6242829478678
1925,Suez OUT - Piraeus,SEA,PILOT_TO_PILOT,5,1925,1675,6,7,SaidTssN,Kriti E,34.06576569157125,28.53378665739059,309.57972469971133,8.0,256.48538314598477,347.49092897347964
1926,Suez OUT - Piraeus,SEA,PILOT_TO_PILOT,5,1926,1676,6,7,SaidTssN,Kriti E,34.06712387993396,28.53166518382418,309.57972469971133,8.0,256.61873712037294,347.35757499909147
1927,Suez OUT - Piraeus,SEA,PILOT_TO_PILOT,5,1927,1677,6,7,SaidTssN,Kriti E,34.06848203184545,28.529543642244988,309.57972469971133,8.0,256.7520910947611,347.2242210247033
1928,Suez OUT - Piraeus,SEA,PILOT_TO_PILOT,5,1928,1678,6,7,SaidTssN,Kriti E,34.069840147302685,28.52742203264919,309.57972469971133,8.0,256.8854450691493,347.0908670503151
1929,Suez OUT - Piraeus,SEA,PILOT_TO_PILOT,5,1929,1679,6,7,SaidTssN,Kriti E,34.07119822630264,28.52530035503295,309.57972469971133,8.0,257.01879904353746,346.95751307592695
1930,Suez OUT - Piraeus,SEA,PILOT_TO_PILOT,5,1930,1680,6,7,SaidTssN,Kriti E,34.072556268842256,28.52317860939243,309.57972469971133,8.0,257.1521530179256,346.8241591015388
1931,Suez OUT - Piraeus,SEA,PILOT_TO_PILOT,5,1931,1681,6,7,SaidTssN,Kriti E,34.07391427491853,28.521056795723823,309.57972469971133,8.0,257.2855069923138,346.6908051271506
1932,Suez OUT - Piraeus,SEA,PILOT_TO_PILOT,5,1932,1682,6,7,SaidTssN,Kriti E,34.07527224452841,28.51893491402328,309.57972469971133,8.0,257.418860966702,346.5574511527624
1933,Suez OUT - Piraeus,SEA,PILOT_TO_PILOT,5,1933,1683,6,7,SaidTssN,Kriti E,34.07663017766889,28.516812964286984,309.57972469971133,8.0,257.55221494109014,346.42409717837427
1934,Suez OUT - Piraeus,SEA,PILOT_TO_PILOT,5,1934,1684,6,7,SaidTssN,Kriti E,34.07798807433692,28.514690946511102,309.57972469971133,8.0,257.68556891547837,346.29074320398604
1935,Suez OUT - Piraeus,SEA,PILOT_TO_PILOT,5,1935,1685,6,7,SaidTssN,Kriti E,34.079345934529464,28.5125688606918,309.57972469971133,8.0,257.8189228898665,346.1573892295979
1936,Suez OUT - Piraeus,SEA,PILOT_TO_PILOT,5,1936,1686,6,7,SaidTssN,Kriti E,34.08070375824351,28.510446706825263,309.57972469971133,8.0,257.9522768642547,346.0240352552097
1937,Suez OUT - Piraeus,SEA,PILOT_TO_PILOT,5,1937,1687,6,7,SaidTssN,Kriti E,34.08206154547601,28.508324484907646,309.57972469971133,8.0,258.0856308386428,345.8906812808216
1938,Suez OUT - Piraeus,SEA,PILOT_TO_PILOT,5,1938,1688,6,7,SaidTssN,Kriti E,34.08341929622394,28.50620219493513,309.57972469971133,8.0,258.21898481303106,345.75732730643335
1939,Suez OUT - Piraeus,SEA,PILOT_TO_PILOT,5,1939,1689,6,7,SaidTssN,Kriti E,34.084777010484245,28.504079836903887,309.57972469971133,8.0,258.35233878741917,345.62397333204524
1940,Suez OUT - Piraeus,SEA,PILOT_TO_PILOT,5,1940,1690,6,7,SaidTssN,Kriti E,34.08613468825392,28.501957410810085,309.57972469971133,8.0,258.4856927618074,345.490619357657
1941,Suez OUT - Piraeus,SEA,PILOT_TO_PILOT,5,1941,1691,6,7,SaidTssN,Kriti E,34.08749232952992,28.499834916649903,309.57972469971133,8.0,258.6190467361955,345.3572653832689
1942,Suez OUT - Piraeus,SEA,PILOT_TO_PILOT,5,1942,1692,6,7,SaidTssN,Kriti E,34.08884993430921,28.497712354419505,309.57972469971133,8.0,258.75240071058374,345.22391140888067
1943,Suez OUT - Piraeus,SEA,PILOT_TO_PILOT,5,1943,1693,6,7,SaidTssN,Kriti E,34.09020750258875,28.49558972411506,309.57972469971133,8.0,258.8857546849719,345.0905574344925
1944,Suez OUT - Piraeus,SEA,PILOT_TO_PILOT,5,1944,1694,6,7,SaidTssN,Kriti E,34.09156503436552,28.493467025732755,309.57972469971133,8.0,259.0191086593601,344.9572034601043
1945,Suez OUT - Piraeus,SEA,PILOT_TO_PILOT,5,1945,1695,6,7,SaidTssN,Kriti E,34.09292252963649,28.49134425926875,309.57972469971133,8.0,259.15246263374826,344.82384948571615
1946,Suez OUT - Piraeus,SEA,PILOT_TO_PILOT,5,1946,1696,6,7,SaidTssN,Kriti E,34.0942799883986,28.48922142471922,309.57972469971133,8.0,259.28581660813643,344.690495511328
1947,Suez OUT - Piraeus,SEA,PILOT_TO_PILOT,5,1947,1697,6,7,SaidTssN,Kriti E,34.095637410648834,28.487098522080334,309.57972469971133,8.0,259.4191705825246,344.5571415369398
1948,Suez OUT - Piraeus,SEA,PILOT_TO_PILOT,5,1948,1698,6,7,SaidTssN,Kriti E,34.09699479638416,28.484975551348274,309.57972469971133,8.0,259.5525245569128,344.42378756255164
1949,Suez OUT - Piraeus,SEA,PILOT_TO_PILOT,5,1949,1699,6,7,SaidTssN,Kriti E,34.09835214560153,28.4828525125192,309.57972469971133,8.0,259.68587853130094,344.29043358816347
1950,Suez OUT - Piraeus,SEA,PILOT_TO_PILOT,5,1950,1700,6,7,SaidTssN,Kriti E,34.09970945829792,28.480729405589297,309.57972469971133,8.0,259.8192325056891,344.1570796137753
1951,Suez OUT - Piraeus,SEA,PILOT_TO_PILOT,5,1951,1701,6,7,SaidTssN,Kriti E,34.1010667344703,28.47860623055473,309.57972469971133,8.0,259.9525864800773,344.0237256393871
1952,Suez OUT - Piraeus,SEA,PILOT_TO_PILOT,5,1952,1702,6,7,SaidTssN,Kriti E,34.10242397411562,28.47648298741167,309.57972469971133,8.0,260.08594045446546,343.89037166499895
1953,Suez OUT - Piraeus,SEA,PILOT_TO_PILOT,5,1953,1703,6,7,SaidTssN,Kriti E,34.10378117723085,28.474359676156304,309.57972469971133,8.0,260.2192944288537,343.7570176906107
1954,Suez OUT - Piraeus,SEA,PILOT_TO_PILOT,5,1954,1704,6,7,SaidTssN,Kriti E,34.10513834381295,28.472236296784782,309.57972469971133,8.0,260.3526484032418,343.6236637162226
1955,Suez OUT - Piraeus,SEA,PILOT_TO_PILOT,5,1955,1705,6,7,SaidTssN,Kriti E,34.106495473858885,28.4701128492933,309.57972469971133,8.0,260.48600237763003,343.4903097418344
1956,Suez OUT - Piraeus,SEA,PILOT_TO_PILOT,5,1956,1706,6,7,SaidTssN,Kriti E,34.10785256736563,28.467989333678027,309.57972469971133,8.0,260.61935635201814,343.35695576744627
1957,Suez OUT - Piraeus,SEA,PILOT_TO_PILOT,5,1957,1707,6,7,SaidTssN,Kriti E,34.10920962433015,28.465865749935116,309.57972469971133,8.0,260.7527103264064,343.22360179305804
1958,Suez OUT - Piraeus,SEA,PILOT_TO_PILOT,5,1958,1708,6,7,SaidTssN,Kriti E,34.11056664474939,28.463742098060763,309.57972469971133,8.0,260.8860643007945,343.0902478186699
1959,Suez OUT - Piraeus,SEA,PILOT_TO_PILOT,5,1959,1709,6,7,SaidTssN,Kriti E,34.111923628620325,28.461618378051135,309.57972469971133,8.0,261.0194182751827,342.9568938442817
1960,Suez OUT - Piraeus,SEA,PILOT_TO_PILOT,5,1960,1710,6,7,SaidTssN,Kriti E,34.1132805759399,28.459494589902405,309.57972469971133,8.0,261.15277224957083,342.8235398698936
1961,Suez OUT - Piraeus,SEA,PILOT_TO_PILOT,5,1961,1711,6,7,SaidTssN,Kriti E,34.114637486705114,28.45737073361074,309.57972469971133,8.0,261.28612622395906,342.69018589550535
1962,Suez OUT - Piraeus,SEA,PILOT_TO_PILOT,5,1962,1712,6,7,SaidTssN,Kriti E,34.1159943609129,28.45524680917232,309.57972469971133,8.0,261.41948019834723,342.5568319211172
1963,Suez OUT - Piraeus,SEA,PILOT_TO_PILOT,5,1963,1713,6,7,SaidTssN,Kriti E,34.11735119856023,28.453122816583324,309.57972469971133,8.0,261.5528341727354,342.423477946729
1964,Suez OUT - Piraeus,SEA,PILOT_TO_PILOT,5,1964,1714,6,7,SaidTssN,Kriti E,34.118707999644066,28.450998755839915,309.57972469971133,8.0,261.6861881471236,342.29012397234084
1965,Suez OUT - Piraeus,SEA,PILOT_TO_PILOT,5,1965,1715,6,7,SaidTssN,Kriti E,34.12006476416136,28.44887462693828,309.57972469971133,8.0,261.81954212151174,342.15676999795267
1966,Suez OUT - Piraeus,SEA,PILOT_TO_PILOT,5,1966,1716,6,7,SaidTssN,Kriti E,34.12142149210909,28.446750429874573,309.57972469971133,8.0,261.9528960958999,342.0234160235645
1967,Suez OUT - Piraeus,SEA,PILOT_TO_PILOT,5,1967,1717,6,7,SaidTssN,Kriti E,34.12277818348422,28.444626164644994,309.57972469971133,8.0,262.0862500702881,341.8900620491763
1968,Suez OUT - Piraeus,SEA,PILOT_TO_PILOT,5,1968,1718,6,7,SaidTssN,Kriti E,34.124134838283695,28.442501831245696,309.57972469971133,8.0,262.21960404467626,341.75670807478815
1969,Suez OUT - Piraeus,SEA,PILOT_TO_PILOT,5,1969,1719,6,7,SaidTssN,Kriti E,34.125491456504484,28.440377429672864,309.57972469971133,8.0,262.35295801906443,341.6233541004
1970,Suez OUT - Piraeus,SEA,PILOT_TO_PILOT,5,1970,1720,6,7,SaidTssN,Kriti E,34.12684803814355,28.438252959922675,309.57972469971133,8.0,262.4863119934526,341.4900001260118
1971,Suez OUT - Piraeus,SEA,PILOT_TO_PILOT,5,1971,1721,6,7,SaidTssN,Kriti E,34.128204583197856,28.43612842199129,309.57972469971133,8.0,262.6196659678408,341.35664615162364
1972,Suez OUT - Piraeus,SEA,PILOT_TO_PILOT,5,1972,1722,6,7,SaidTssN,Kriti E,34.12956109166434,28.434003815874902,309.57972469971133,8.0,262.75301994222895,341.22329217723546
1973,Suez OUT - Piraeus,SEA,PILOT_TO_PILOT,5,1973,1723,6,7,SaidTssN,Kriti E,34.130917563539995,28.431879141569674,309.57972469971133,8.0,262.8863739166171,341.0899382028473
1974,Suez OUT - Piraeus,SEA,PILOT_TO_PILOT,5,1974,1724,6,7,SaidTssN,Kriti E,34.132273998821766,28.429754399071776,309.57972469971133,8.0,263.01972789100535,340.95658422845906
1975,Suez OUT - Piraeus,SEA,PILOT_TO_PILOT,5,1975,1725,6,7,SaidTssN,Kriti E,34.133630397506614,28.427629588377403,309.57972469971133,8.0,263.15308186539346,340.82323025407095
1976,Suez OUT - Piraeus,SEA,PILOT_TO_PILOT,5,1976,1726,6,7,SaidTssN,Kriti E,34.1349867595915,28.425504709482706,309.57972469971133,8.0,263.2864358397817,340.6898762796827
1977,Suez OUT - Piraeus,SEA,PILOT_TO_PILOT,5,1977,1727,6,7,SaidTssN,Kriti E,34.13634308507338,28.42337976238388,309.57972469971133,8.0,263.4197898141698,340.5565223052946
1978,Suez OUT - Piraeus,SEA,PILOT_TO_PILOT,5,1978,1728,6,7,SaidTssN,Kriti E,34.13769937394921,28.421254747077086,309.57972469971133,8.0,263.55314378855803,340.4231683309064
1979,Suez OUT - Piraeus,SEA,PILOT_TO_PILOT,5,1979,1729,6,7,SaidTssN,Kriti E,34.13905562621596,28.419129663558515,309.57972469971133,8.0,263.68649776294615,340.28981435651826
1980,Suez OUT - Piraeus,SEA,PILOT_TO_PILOT,5,1980,1730,6,7,SaidTssN,Kriti E,34.14041184187059,28.41700451182432,309.57972469971133,8.0,263.8198517373344,340.15646038213004
1981,Suez OUT - Piraeus,SEA,PILOT_TO_PILOT,5,1981,1731,6,7,SaidTssN,Kriti E,34.14176802091005,28.414879291870697,309.57972469971133,8.0,263.9532057117225,340.0231064077419
1982,Suez OUT - Piraeus,SEA,PILOT_TO_PILOT,5,1982,1732,6,7,SaidTssN,Kriti E,34.14312416333131,28.412754003693813,309.57972469971133,8.0,264.0865596861107,339.8897524333537
1983,Suez OUT - Piraeus,SEA,PILOT_TO_PILOT,5,1983,1733,6,7,SaidTssN,Kriti E,34.14448026913131,28.410628647289844,309.57972469971133,8.0,264.2199136604989,339.7563984589655
1984,Suez OUT - Piraeus,SEA,PILOT_TO_PILOT,5,1984,1734,6,7,SaidTssN,Kriti E,34.14583633830702,28.408503222654975,309.57972469971133,8.0,264.35326763488706,339.62304448457735
1985,Suez OUT - Piraeus,SEA,PILOT_TO_PILOT,5,1985,1735,6,7,SaidTssN,Kriti E,34.14719237085539,28.406377729785362,309.57972469971133,8.0,264.48662160927523,339.4896905101892
1986,Suez OUT - Piraeus,SEA,PILOT_TO_PILOT,5,1986,1736,6,7,SaidTssN,Kriti E,34.1485483667734,28.4042521686772,309.57972469971133,8.0,264.6199755836634,339.356336535801
1987,Suez OUT - Piraeus,SEA,PILOT_TO_PILOT,5,1987,1737,6,7,SaidTssN,Kriti E,34.14990432605798,28.402126539326655,309.57972469971133,8.0,264.7533295580516,339.22298256141283
1988,Suez OUT - Piraeus,SEA,PILOT_TO_PILOT,5,1988,1738,6,7,SaidTssN,Kriti E,34.15126024870611,28.400000841729906,309.57972469971133,8.0,264.88668353243975,339.08962858702466
1989,Suez OUT - Piraeus,SEA,PILOT_TO_PILOT,5,1989,1739,6,7,SaidTssN,Kriti E,34.15261613471474,28.39787507588313,309.57972469971133,8.0,265.0200375068279,338.9562746126365
1990,Suez OUT - Piraeus,SEA,PILOT_TO_PILOT,5,1990,1740,6,7,SaidTssN,Kriti E,34.15397198408081,28.39574924178251,309.57972469971133,8.0,265.1533914812161,338.8229206382483
1991,Suez OUT - Piraeus,SEA,PILOT_TO_PILOT,5,1991,1741,6,7,SaidTssN,Kriti E,34.15532779680131,28.393623339424206,309.57972469971133,8.0,265.28674545560426,338.68956666386015
1992,Suez OUT - Piraeus,SEA,PILOT_TO_PILOT,5,1992,1742,6,7,SaidTssN,Kriti E,34.15668357287317,28.39149736880441,309.57972469971133,8.0,265.42009942999243,338.556212689472
1993,Suez OUT - Piraeus,SEA,PILOT_TO_PILOT,5,1993,1743,6,7,SaidTssN,Kriti E,34.158039312293354,28.389371329919285,309.57972469971133,8.0,265.55345340438066,338.42285871508375
1994,Suez OUT - Piraeus,SEA,PILOT_TO_PILOT,5,1994,1744,6,7,SaidTssN,Kriti E,34.15939501505882,28.38724522276502,309.57972469971133,8.0,265.6868073787688,338.28950474069563
1995,Suez OUT - Piraeus,SEA,PILOT_TO_PILOT,5,1995,1745,6,7,SaidTssN,Kriti E,34.16075068116652,28.385119047337792,309.57972469971133,8.0,265.820161353157,338.1561507663074
1996,Suez OUT - Piraeus,SEA,PILOT_TO_PILOT,5,1996,1746,6,7,SaidTssN,Kriti E,34.16210631061342,28.382992803633776,309.57972469971133,8.0,265.9535153275451,338.0227967919193
1997,Suez OUT - Piraeus,SEA,PILOT_TO_PILOT,5,1997,1747,6,7,SaidTssN,Kriti E,34.16346190339647,28.38086649164914,309.57972469971133,8.0,266.08686930193335,337.88944281753106
1998,Suez OUT - Piraeus,SEA,PILOT_TO_PILOT,5,1998,1748,6,7,SaidTssN,Kriti E,34.16481745951262,28.378740111380072,309.57972469971133,8.0,266.22022327632146,337.75608884314295
1999,Suez OUT - Piraeus,SEA,PILOT_TO_PILOT,5,1999,1749,6,7,SaidTssN,Kriti E,34.16617297895883,28.376613662822738,309.57972469971133,8.0,266.3535772507097,337.6227348687547
2000,Suez OUT - Piraeus,SEA,PILOT_TO_PILOT,5,2000,1750,6,7,SaidTssN,Kriti E,34.16752846173206,28.37448714597333,309.57972469971133,8.0,266.4869312250978,337.4893808943666
2001,Suez OUT - Piraeus,SEA,PILOT_TO_PILOT,5,2001,1751,6,7,SaidTssN,Kriti E,34.168883907829255,28.37236056082801,309.57972469971133,8.0,266.62028519948603,337.3560269199784
2002,Suez OUT - Piraeus,SEA,PILOT_TO_PILOT,5,2002,1752,6,7,SaidTssN,Kriti E,34.17023931724738,28.370233907382975,309.57972469971133,8.0,266.75363917387415,337.22267294559026
2003,Suez OUT - Piraeus,SEA,PILOT_TO_PILOT,5,2003,1753,6,7,SaidTssN,Kriti E,34.17159468998339,28.368107185634386,309.57972469971133,8.0,266.8869931482624,337.08931897120203
2004,Suez OUT - Piraeus,SEA,PILOT_TO_PILOT,5,2004,1754,6,7,SaidTssN,Kriti E,34.17295002603422,28.36598039557843,309.57972469971133,8.0,267.02034712265055,336.95596499681386
2005,Suez OUT - Piraeus,SEA,PILOT_TO_PILOT,5,2005,1755,6,7,SaidTssN,Kriti E,34.17430532539686,28.363853537211273,309.57972469971133,8.0,267.1537010970387,336.8226110224257
2006,Suez OUT - Piraeus,SEA,PILOT_TO_PILOT,5,2006,1756,6,7,SaidTssN,Kriti E,34.17566058806822,28.36172661052911,309.57972469971133,8.0,267.2870550714269,336.6892570480375
2007,Suez OUT - Piraeus,SEA,PILOT_TO_PILOT,5,2007,1757,6,7,SaidTssN,Kriti E,34.17701581404528,28.359599615528108,309.57972469971133,8.0,267.42040904581506,336.55590307364935
2008,Suez OUT - Piraeus,SEA,PILOT_TO_PILOT,5,2008,1758,6,7,SaidTssN,Kriti E,34.178371003325005,28.35747255220445,309.57972469971133,8.0,267.55376302020323,336.4225490992612
2009,Suez OUT - Piraeus,SEA,PILOT_TO_PILOT,5,2009,1759,6,7,SaidTssN,Kriti E,34.179726155904326,28.355345420554304,309.57972469971133,8.0,267.6871169945914,336.289195124873
2010,Suez OUT - Piraeus,SEA,PILOT_TO_PILOT,5,2010,1760,6,7,SaidTssN,Kriti E,34.1810812717802,28.35321822057386,309.57972469971133,8.0,267.8204709689796,336.15584115048483
2011,Suez OUT - Piraeus,SEA,PILOT_TO_PILOT,5,2011,1761,6,7,SaidTssN,Kriti E,34.18243635094958,28.351090952259295,309.57972469971133,8.0,267.95382494336775,336.02248717609666
2012,Suez OUT - Piraeus,SEA,PILOT_TO_PILOT,5,2012,1762,6,7,SaidTssN,Kriti E,34.183791393409436,28.348963615606785,309.57972469971133,8.0,268.0871789177559,335.8891332017085
2013,Suez OUT - Piraeus,SEA,PILOT_TO_PILOT,5,2013,1763,6,7,SaidTssN,Kriti E,34.1851463991567,28.346836210612512,309.57972469971133,8.0,268.2205328921441,335.7557792273203
2014,Suez OUT - Piraeus,SEA,PILOT_TO_PILOT,5,2014,1764,6,7,SaidTssN,Kriti E,34.18650136818833,28.34470873727264,309.57972469971133,8.0,268.3538868665323,335.6224252529321
2015,Suez OUT - Piraeus,SEA,PILOT_TO_PILOT,5,2015,1765,6,7,SaidTssN,Kriti E,34.18785630050129,28.342581195583364,309.57972469971133,8.0,268.48724084092044,335.489071278544
2016,Suez OUT - Piraeus,SEA,PILOT_TO_PILOT,5,2016,1766,6,7,SaidTssN,Kriti E,34.18921119609251,28.340453585540864,309.57972469971133,8.0,268.62059481530866,335.35571730415575
2017,Suez OUT - Piraeus,SEA,PILOT_TO_PILOT,5,2017,1767,6,7,SaidTssN,Kriti E,34.19056605495896,28.33832590714131,309.57972469971133,8.0,268.7539487896968,335.22236332976763
2018,Suez OUT - Piraeus,SEA,PILOT_TO_PILOT,5,2018,1768,6,7,SaidTssN,Kriti E,34.19192087709758,28.336198160380885,309.57972469971133,8.0,268.887302764085,335.0890093553794
2019,Suez OUT - Piraeus,SEA,PILOT_TO_PILOT,5,2019,1769,6,7,SaidTssN,Kriti E,34.193275662505336,28.334070345255768,309.57972469971133,8.0,269.0206567384731,334.9556553809913
2020,Suez OUT - Piraeus,SEA,PILOT_TO_PILOT,5,2020,1770,6,7,SaidTssN,Kriti E,34.19463041117916,28.331942461762136,309.57972469971133,8.0,269.15401071286135,334.82230140660306
2021,Suez OUT - Piraeus,SEA,PILOT_TO_PILOT,5,2021,1771,6,7,SaidTssN,Kriti E,34.19598512311602,28.329814509896174,309.57972469971133,8.0,269.28736468724946,334.68894743221495
2022,Suez OUT - Piraeus,SEA,PILOT_TO_PILOT,5,2022,1772,6,7,SaidTssN,Kriti E,34.19733979831286,28.32768648965406,309.57972469971133,8.0,269.4207186616377,334.5555934578267
2023,Suez OUT - Piraeus,SEA,PILOT_TO_PILOT,5,2023,1773,6,7,SaidTssN,Kriti E,34.19869443676663,28.325558401031966,309.57972469971133,8.0,269.5540726360258,334.4222394834386
2024,Suez OUT - Piraeus,SEA,PILOT_TO_PILOT,5,2024,1774,6,7,SaidTssN,Kriti E,34.20004903847428,28.323430244026085,309.57972469971133,8.0,269.68742661041404,334.2888855090504
2025,Suez OUT - Piraeus,SEA,PILOT_TO_PILOT,5,2025,1775,6,7,SaidTssN,Kriti E,34.20140360343278,28.32130201863258,309.57972469971133,8.0,269.8207805848022,334.1555315346622
2026,Suez OUT - Piraeus,SEA,PILOT_TO_PILOT,5,2026,1776,6,7,SaidTssN,Kriti E,34.20275813163904,28.319173724847644,309.57972469971133,8.0,269.9541345591904,334.02217756027403
2027,Suez OUT - Piraeus,SEA,PILOT_TO_PILOT,5,2027,1777,6,7,SaidTssN,Kriti E,34.20411262309004,28.31704536266746,309.57972469971133,8.0,270.08748853357855,333.88882358588586
2028,Suez OUT - Piraeus,SEA,PILOT_TO_PILOT,5,2028,1778,6,7,SaidTssN,Kriti E,34.20546707778272,28.31491693208819,309.57972469971133,8.0,270.2208425079667,333.7554696114977
2029,Suez OUT - Piraeus,SEA,PILOT_TO_PILOT,5,2029,1779,6,7,SaidTssN,Kriti E,34.206821495714046,28.312788433106036,309.57972469971133,8.0,270.3541964823549,333.6221156371095
2030,Suez OUT - Piraeus,SEA,PILOT_TO_PILOT,5,2030,1780,6,7,SaidTssN,Kriti E,34.20817587688092,28.310659865717163,309.57972469971133,8.0,270.48755045674307,333.48876166272134
2031,Suez OUT - Piraeus,SEA,PILOT_TO_PILOT,5,2031,1781,6,7,SaidTssN,Kriti E,34.20953022128035,28.308531229917758,309.57972469971133,8.0,270.62090443113124,333.3554076883332
2032,Suez OUT - Piraeus,SEA,PILOT_TO_PILOT,5,2032,1782,6,7,SaidTssN,Kriti E,34.21088452890925,28.306402525703994,309.57972469971133,8.0,270.7542584055194,333.222053713945
2033,Suez OUT - Piraeus,SEA,PILOT_TO_PILOT,5,2033,1783,6,7,SaidTssN,Kriti E,34.212238799764584,28.304273753072067,309.57972469971133,8.0,270.8876123799076,333.08869973955683
2034,Suez OUT - Piraeus,SEA,PILOT_TO_PILOT,5,2034,1784,6,7,SaidTssN,Kriti E,34.21359303384328,28.30214491201815,309.57972469971133,8.0,271.02096635429575,332.95534576516866
2035,Suez OUT - Piraeus,SEA,PILOT_TO_PILOT,5,2035,1785,6,7,SaidTssN,Kriti E,34.21494723114231,28.30001600253841,309.57972469971133,8.0,271.154320328684,332.82199179078043
2036,Suez OUT - Piraeus,SEA,PILOT_TO_PILOT,5,2036,1786,6,7,SaidTssN,Kriti E,34.21630139165862,28.297887024629052,309.57972469971133,8.0,271.2876743030721,332.6886378163923
2037,Suez OUT - Piraeus,SEA,PILOT_TO_PILOT,5,2037,1787,6,7,SaidTssN,Kriti E,34.21765551538914,28.295757978286243,309.57972469971133,8.0,271.4210282774603,332.5552838420041
2038,Suez OUT - Piraeus,SEA,PILOT_TO_PILOT,5,2038,1788,6,7,SaidTssN,Kriti E,34.219009602330836,28.29362886350616,309.57972469971133,8.0,271.55438225184844,332.421929867616
2039,Suez OUT - Piraeus,SEA,PILOT_TO_PILOT,5,2039,1789,6,7,SaidTssN,Kriti E,34.22036365248064,28.291499680284996,309.57972469971133,8.0,271.68773622623667,332.28857589322774
2040,Suez OUT - Piraeus,SEA,PILOT_TO_PILOT,5,2040,1790,6,7,SaidTssN,Kriti E,34.2217176658355,28.28937042861892,309.57972469971133,8.0,271.8210902006248,332.15522191883963
2041,Suez OUT - Piraeus,SEA,PILOT_TO_PILOT,5,2041,1791,6,7,SaidTssN,Kriti E,34.223071642392384,28.287241108504137,309.57972469971133,8.0,271.954444175013,332.0218679444514
2042,Suez OUT - Piraeus,SEA,PILOT_TO_PILOT,5,2042,1792,6,7,SaidTssN,Kriti E,34.22442558214822,28.285111719936797,309.57972469971133,8.0,272.0877981494011,331.8885139700633
2043,Suez OUT - Piraeus,SEA,PILOT_TO_PILOT,5,2043,1793,6,7,SaidTssN,Kriti E,34.22577948509996,28.282982262913098,309.57972469971133,8.0,272.22115212378935,331.75515999567506
2044,Suez OUT - Piraeus,SEA,PILOT_TO_PILOT,5,2044,1794,6,7,SaidTssN,Kriti E,34.22713335124456,28.28085273742922,309.57972469971133,8.0,272.35450609817747,331.62180602128694
2045,Suez OUT - Piraeus,SEA,PILOT_TO_PILOT,5,2045,1795,6,7,SaidTssN,Kriti E,34.22848718057895,28.27872314348135,309.57972469971133,8.0,272.4878600725657,331.4884520468987
2046,Suez OUT - Piraeus,SEA,PILOT_TO_PILOT,5,2046,1796,6,7,SaidTssN,Kriti E,34.22984097310009,28.27659348106566,309.57972469971133,8.0,272.62121404695387,331.35509807251054
2047,Suez OUT - Piraeus,SEA,PILOT_TO_PILOT,5,2047,1797,6,7,SaidTssN,Kriti E,34.2311947288049,28.274463750178338,309.57972469971133,8.0,272.75456802134204,331.2217440981224
2048,Suez OUT - Piraeus,SEA,PILOT_TO_PILOT,5,2048,1798,6,7,SaidTssN,Kriti E,34.23254844769036,28.27233395081556,309.57972469971133,8.0,272.8879219957302,331.0883901237342
2049,Suez OUT - Piraeus,SEA,PILOT_TO_PILOT,5,2049,1799,6,7,SaidTssN,Kriti E,34.2339021297534,28.270204082973525,309.57972469971133,8.0,273.0212759701184,330.95503614934603
2050,Suez OUT - Piraeus,SEA,PILOT_TO_PILOT,5,2050,1800,6,7,SaidTssN,Kriti E,34.23525577499097,28.2680741466484,309.57972469971133,8.0,273.15462994450655,330.82168217495786
2051,Suez OUT - Piraeus,SEA,PILOT_TO_PILOT,5,2051,1801,6,7,SaidTssN,Kriti E,34.23660938340001,28.265944141836364,309.57972469971133,8.0,273.2879839188947,330.6883282005697
2052,Suez OUT - Piraeus,SEA,PILOT_TO_PILOT,5,2052,1802,6,7,SaidTssN,Kriti E,34.23796295497746,28.263814068533613,309.57972469971133,8.0,273.4213378932829,330.5549742261815
2053,Suez OUT - Piraeus,SEA,PILOT_TO_PILOT,5,2053,1803,6,7,SaidTssN,Kriti E,34.23931648972028,28.261683926736318,309.57972469971133,8.0,273.55469186767107,330.42162025179334
2054,Suez OUT - Piraeus,SEA,PILOT_TO_PILOT,5,2054,1804,6,7,SaidTssN,Kriti E,34.2406699876254,28.259553716440667,309.57972469971133,8.0,273.68804584205924,330.28826627740517
2055,Suez OUT - Piraeus,SEA,PILOT_TO_PILOT,5,2055,1805,6,7,SaidTssN,Kriti E,34.24202344868977,28.257423437642846,309.57972469971133,8.0,273.8213998164474,330.154912303017
2056,Suez OUT - Piraeus,SEA,PILOT_TO_PILOT,5,2056,1806,6,7,SaidTssN,Kriti E,34.24337687291034,28.255293090339034,309.57972469971133,8.0,273.95475379083564,330.02155832862877
2057,Suez OUT - Piraeus,SEA,PILOT_TO_PILOT,5,2057,1807,6,7,SaidTssN,Kriti E,34.244730260284044,28.253162674525413,309.57972469971133,8.0,274.08810776522375,329.88820435424066
2058,Suez OUT - Piraeus,SEA,PILOT_TO_PILOT,5,2058,1808,6,7,SaidTssN,Kriti E,34.24608361080783,28.251032190198163,309.57972469971133,8.0,274.221461739612,329.7548503798524
2059,Suez OUT - Piraeus,SEA,PILOT_TO_PILOT,5,2059,1809,6,7,SaidTssN,Kriti E,34.24743692447865,28.248901637353484,309.57972469971133,8.0,274.3548157140001,329.6214964054643
2060,Suez OUT - Piraeus,SEA,PILOT_TO_PILOT,5,2060,1810,6,7,SaidTssN,Kriti E,34.248790201293424,28.246771015987537,309.57972469971133,8.0,274.4881696883883,329.4881424310761
2061,Suez OUT - Piraeus,SEA,PILOT_TO_PILOT,5,2061,1811,6,7,SaidTssN,Kriti E,34.25014344124913,28.244640326096523,309.57972469971133,8.0,274.62152366277644,329.35478845668797
2062,Suez OUT - Piraeus,SEA,PILOT_TO_PILOT,5,2062,1812,6,7,SaidTssN,Kriti E,34.25149664434267,28.24250956767661,309.57972469971133,8.0,274.75487763716467,329.22143448229974
2063,Suez OUT - Piraeus,SEA,PILOT_TO_PILOT,5,2063,1813,6,7,SaidTssN,Kriti E,34.252849810571036,28.240378740723994,309.57972469971133,8.0,274.8882316115528,329.0880805079116
2064,Suez OUT - Piraeus,SEA,PILOT_TO_PILOT,5,2064,1814,6,7,SaidTssN,Kriti E,34.25420293993113,28.23824784523486,309.57972469971133,8.0,275.021585585941,328.9547265335234
2065,Suez OUT - Piraeus,SEA,PILOT_TO_PILOT,5,2065,1815,6,7,SaidTssN,Kriti E,34.2555560324199,28.236116881205376,309.57972469971133,8.0,275.1549395603291,328.8213725591353
2066,Suez OUT - Piraeus,SEA,PILOT_TO_PILOT,5,2066,1816,6,7,SaidTssN,Kriti E,34.25690908803432,28.233985848631743,309.57972469971133,8.0,275.28829353471735,328.68801858474706
2067,Suez OUT - Piraeus,SEA,PILOT_TO_PILOT,5,2067,1817,6,7,SaidTssN,Kriti E,34.258262106771284,28.231854747510138,309.57972469971133,8.0,275.4216475091055,328.5546646103589
2068,Suez OUT - Piraeus,SEA,PILOT_TO_PILOT,5,2068,1818,6,7,SaidTssN,Kriti E,34.25961508862777,28.22972357783674,309.57972469971133,8.0,275.5550014834937,328.4213106359707
2069,Suez OUT - Piraeus,SEA,PILOT_TO_PILOT,5,2069,1819,6,7,SaidTssN,Kriti E,34.2609680336007,28.227592339607742,309.57972469971133,8.0,275.68835545788187,328.28795666158254
2070,Suez OUT - Piraeus,SEA,PILOT_TO_PILOT,5,2070,1820,6,7,SaidTssN,Kriti E,34.26232094168704,28.225461032819325,309.57972469971133,8.0,275.82170943227004,328.15460268719437
2071,Suez OUT - Piraeus,SEA,PILOT_TO_PILOT,5,2071,1821,6,7,SaidTssN,Kriti E,34.263673812883695,28.22332965746767,309.57972469971133,8.0,275.9550634066582,328.0212487128062
2072,Suez OUT - Piraeus,SEA,PILOT_TO_PILOT,5,2072,1822,6,7,SaidTssN,Kriti E,34.26502664718764,28.221198213548966,309.57972469971133,8.0,276.0884173810464,327.887894738418
2073,Suez OUT - Piraeus,SEA,PILOT_TO_PILOT,5,2073,1823,6,7,SaidTssN,Kriti E,34.2663794445958,28.2190667010594,309.57972469971133,8.0,276.22177135543456,327.75454076402985
2074,Suez OUT - Piraeus,SEA,PILOT_TO_PILOT,5,2074,1824,6,7,SaidTssN,Kriti E,34.26773220510512,28.216935119995153,309.57972469971133,8.0,276.3551253298227,327.6211867896417
2075,Suez OUT - Piraeus,SEA,PILOT_TO_PILOT,5,2075,1825,6,7,SaidTssN,Kriti E,34.26908492871254,28.214803470352404,309.57972469971133,8.0,276.4884793042109,327.4878328152535
2076,Suez OUT - Piraeus,SEA,PILOT_TO_PILOT,5,2076,1826,6,7,SaidTssN,Kriti E,34.270437615414984,28.212671752127353,309.57972469971133,8.0,276.62183327859907,327.35447884086534
2077,Suez OUT - Piraeus,SEA,PILOT_TO_PILOT,5,2077,1827,6,7,SaidTssN,Kriti E,34.271790265209425,28.210539965316176,309.57972469971133,8.0,276.7551872529873,327.2211248664771
2078,Suez OUT - Piraeus,SEA,PILOT_TO_PILOT,5,2078,1828,6,7,SaidTssN,Kriti E,34.27314287809277,28.20840810991505,309.57972469971133,8.0,276.8885412273754,327.087770892089
2079,Suez OUT - Piraeus,SEA,PILOT_TO_PILOT,5,2079,1829,6,7,SaidTssN,Kriti E,34.274495454061984,28.20627618592017,309.57972469971133,8.0,277.02189520176364,326.95441691770077
2080,Suez OUT - Piraeus,SEA,PILOT_TO_PILOT,5,2080,1830,6,7,SaidTssN,Kriti E,34.27584799311399,28.20414419332772,309.57972469971133,8.0,277.15524917615176,326.82106294331265
2081,Suez OUT - Piraeus,SEA,PILOT_TO_PILOT,5,2081,1831,6,7,SaidTssN,Kriti E,34.277200495245744,28.20201213213389,309.57972469971133,8.0,277.28860315054,326.6877089689244
2082,Suez OUT - Piraeus,SEA,PILOT_TO_PILOT,5,2082,1832,6,7,SaidTssN,Kriti E,34.27855296045416,28.199880002334854,309.57972469971133,8.0,277.4219571249281,326.5543549945363
2083,Suez OUT - Piraeus,SEA,PILOT_TO_PILOT,5,2083,1833,6,7,SaidTssN,Kriti E,34.279905388736196,28.197747803926813,309.57972469971133,8.0,277.5553110993163,326.4210010201481
2084,Suez OUT - Piraeus,SEA,PILOT_TO_PILOT,5,2084,1834,6,7,SaidTssN,Kriti E,34.28125778008879,28.195615536905937,309.57972469971133,8.0,277.68866507370444,326.28764704575997
2085,Suez OUT - Piraeus,SEA,PILOT_TO_PILOT,5,2085,1835,6,7,SaidTssN,Kriti E,34.28261013450887,28.19348320126842,309.57972469971133,8.0,277.82201904809267,326.15429307137174
2086,Suez OUT - Piraeus,SEA,PILOT_TO_PILOT,5,2086,1836,6,7,SaidTssN,Kriti E,34.283962451993396,28.19135079701045,309.57972469971133,8.0,277.95537302248084,326.02093909698357
2087,Suez OUT - Piraeus,SEA,PILOT_TO_PILOT,5,2087,1837,6,7,SaidTssN,Kriti E,34.28531473253928,28.189218324128205,309.57972469971133,8.0,278.088726996869,325.8875851225954
2088,Suez OUT - Piraeus,SEA,PILOT_TO_PILOT,5,2088,1838,6,7,SaidTssN,Kriti E,34.286666976143465,28.187085782617878,309.57972469971133,8.0,278.2220809712572,325.7542311482072
2089,Suez OUT - Piraeus,SEA,PILOT_TO_PILOT,5,2089,1839,6,7,SaidTssN,Kriti E,34.28801918280291,28.18495317247566,309.57972469971133,8.0,278.35543494564536,325.62087717381905
2090,Suez OUT - Piraeus,SEA,PILOT_TO_PILOT,5,2090,1840,6,7,SaidTssN,Kriti E,34.28937135251453,28.18282049369773,309.57972469971133,8.0,278.4887889200335,325.4875231994309
2091,Suez OUT - Piraeus,SEA,PILOT_TO_PILOT,5,2091,1841,6,7,SaidTssN,Kriti E,34.290723485275265,28.180687746280267,309.57972469971133,8.0,278.6221428944217,325.3541692250427
2092,Suez OUT - Piraeus,SEA,PILOT_TO_PILOT,5,2092,1842,6,7,SaidTssN,Kriti E,34.292075581082074,28.178554930219473,309.57972469971133,8.0,278.75549686880987,325.22081525065454
2093,Suez OUT - Piraeus,SEA,PILOT_TO_PILOT,5,2093,1843,6,7,SaidTssN,Kriti E,34.29342763993187,28.17642204551152,309.57972469971133,8.0,278.88885084319804,325.08746127626637
2094,Suez OUT - Piraeus,SEA,PILOT_TO_PILOT,5,2094,1844,6,7,SaidTssN,Kriti E,34.29477966182159,28.1742890921526,309.57972469971133,8.0,279.0222048175862,324.9541073018782
2095,Suez OUT - Piraeus,SEA,PILOT_TO_PILOT,5,2095,1845,6,7,SaidTssN,Kriti E,34.296131646748194,28.17215607013891,309.57972469971133,8.0,279.1555587919744,324.82075332749
2096,Suez OUT - Piraeus,SEA,PILOT_TO_PILOT,5,2096,1846,6,7,SaidTssN,Kriti E,34.29748359470859,28.17002297946663,309.57972469971133,8.0,279.28891276636256,324.68739935310185
2097,Suez OUT - Piraeus,SEA,PILOT_TO_PILOT,5,2097,1847,6,7,SaidTssN,Kriti E,34.29883550569972,28.16788982013194,309.57972469971133,8.0,279.42226674075073,324.5540453787137
2098,Suez OUT - Piraeus,SEA,PILOT_TO_PILOT,5,2098,1848,6,7,SaidTssN,Kriti E,34.300187379718544,28.165756592131043,309.57972469971133,8.0,279.55562071513896,324.42069140432545
2099,Suez OUT - Piraeus,SEA,PILOT_TO_PILOT,5,2099,1849,6,7,SaidTssN,Kriti E,34.30153921676197,28.163623295460106,309.57972469971133,8.0,279.6889746895271,324.28733742993734
2100,Suez OUT - Piraeus,SEA,PILOT_TO_PILOT,5,2100,1850,6,7,SaidTssN,Kriti E,34.30289101682695,28.161489930115334,309.57972469971133,8.0,279.8223286639153,324.1539834555491
2101,Suez OUT - Piraeus,SEA,PILOT_TO_PILOT,5,2101,1851,6,7,SaidTssN,Kriti E,34.3042427799104,28.159356496092904,309.57972469971133,8.0,279.9556826383034,324.020629481161
2102,Suez OUT - Piraeus,SEA,PILOT_TO_PILOT,5,2102,1852,6,7,SaidTssN,Kriti E,34.30559450600929,28.157222993389013,309.57972469971133,8.0,280.08903661269164,323.88727550677277
2103,Suez OUT - Piraeus,SEA,PILOT_TO_PILOT,5,2103,1853,6,7,SaidTssN,Kriti E,34.30694619512052,28.155089421999833,309.57972469971133,8.0,280.22239058707976,323.75392153238465
2104,Suez OUT - Piraeus,SEA,PILOT_TO_PILOT,5,2104,1854,6,7,SaidTssN,Kriti E,34.308297847241036,28.152955781921566,309.57972469971133,8.0,280.355744561468,323.6205675579964
2105,Suez OUT - Piraeus,SEA,PILOT_TO_PILOT,5,2105,1855,6,7,SaidTssN,Kriti E,34.30964946236778,28.150822073150394,309.57972469971133,8.0,280.4890985358561,323.4872135836083
2106,Suez OUT - Piraeus,SEA,PILOT_TO_PILOT,5,2106,1856,6,7,SaidTssN,Kriti E,34.311001040497686,28.148688295682515,309.57972469971133,8.0,280.62245251024433,323.3538596092201
2107,Suez OUT - Piraeus,SEA,PILOT_TO_PILOT,5,2107,1857,6,7,SaidTssN,Kriti E,34.31235258162768,28.146554449514102,309.57972469971133,8.0,280.7558064846325,323.2205056348319
2108,Suez OUT - Piraeus,SEA,PILOT_TO_PILOT,5,2108,1858,6,7,SaidTssN,Kriti E,34.31370408575471,28.144420534641352,309.57972469971133,8.0,280.8891604590207,323.08715166044374
2109,Suez OUT - Piraeus,SEA,PILOT_TO_PILOT,5,2109,1859,6,7,SaidTssN,Kriti E,34.31505555287569,28.14228655106045,309.57972469971133,8.0,281.02251443340884,322.95379768605557
2110,Suez OUT - Piraeus,SEA,PILOT_TO_PILOT,5,2110,1860,6,7,SaidTssN,Kriti E,34.31640698298756,28.140152498767595,309.57972469971133,8.0,281.155868407797,322.8204437116674
2111,Suez OUT - Piraeus,SEA,PILOT_TO_PILOT,5,2111,1861,6,7,SaidTssN,Kriti E,34.31775837608726,28.13801837775895,309.57972469971133,8.0,281.2892223821852,322.6870897372792
2112,Suez OUT - Piraeus,SEA,PILOT_TO_PILOT,5,2112,1862,6,7,SaidTssN,Kriti E,34.319109732171725,28.13588418803073,309.57972469971133,8.0,281.42257635657336,322.55373576289105
2113,Suez OUT - Piraeus,SEA,PILOT_TO_PILOT,5,2113,1863,6,7,SaidTssN,Kriti E,34.32046105123789,28.13374992957911,309.57972469971133,8.0,281.55593033096153,322.4203817885029
2114,Suez OUT - Piraeus,SEA,PILOT_TO_PILOT,5,2114,1864,6,7,SaidTssN,Kriti E,34.321812333282665,28.131615602400284,309.57972469971133,8.0,281.6892843053497,322.2870278141147
2115,Suez OUT - Piraeus,SEA,PILOT_TO_PILOT,5,2115,1865,6,7,SaidTssN,Kriti E,34.32316357830301,28.12948120649044,309.57972469971133,8.0,281.8226382797379,322.15367383972654
2116,Suez OUT - Piraeus,SEA,PILOT_TO_PILOT,5,2116,1866,6,7,SaidTssN,Kriti E,34.32451478629584,28.127346741845766,309.57972469971133,8.0,281.95599225412604,322.02031986533837
2117,Suez OUT - Piraeus,SEA,PILOT_TO_PILOT,5,2117,1867,6,7,SaidTssN,Kriti E,34.3258659572581,28.12521220846245,309.57972469971133,8.0,282.0893462285143,321.88696589095014
2118,Suez OUT - Piraeus,SEA,PILOT_TO_PILOT,5,2118,1868,6,7,SaidTssN,Kriti E,34.327217091186725,28.123077606336683,309.57972469971133,8.0,282.2227002029024,321.753611916562
2119,Suez OUT - Piraeus,SEA,PILOT_TO_PILOT,5,2119,1869,6,7,SaidTssN,Kriti E,34.32856818807862,28.12094293546466,309.57972469971133,8.0,282.3560541772906,321.6202579421738
2120,Suez OUT - Piraeus,SEA,PILOT_TO_PILOT,5,2120,1870,6,7,SaidTssN,Kriti E,34.32991924793075,28.118808195842554,309.57972469971133,8.0,282.48940815167873,321.4869039677857
2121,Suez OUT - Piraeus,SEA,PILOT_TO_PILOT,5,2121,1871,6,7,SaidTssN,Kriti E,34.33127027074002,28.116673387466577,309.57972469971133,8.0,282.62276212606696,321.35354999339745
2122,Suez OUT - Piraeus,SEA,PILOT_TO_PILOT,5,2122,1872,6,7,SaidTssN,Kriti E,34.33262125650337,28.1145385103329,309.57972469971133,8.0,282.7561161004551,321.22019601900934
2123,Suez OUT - Piraeus,SEA,PILOT_TO_PILOT,5,2123,1873,6,7,SaidTssN,Kriti E,34.333972205217755,28.112403564437724,309.57972469971133,8.0,282.8894700748433,321.0868420446211
2124,Suez OUT - Piraeus,SEA,PILOT_TO_PILOT,5,2124,1874,6,7,SaidTssN,Kriti E,34.33532311688006,28.11026854977723,309.57972469971133,8.0,283.0228240492314,320.953488070233
2125,Suez OUT - Piraeus,SEA,PILOT_TO_PILOT,5,2125,1875,6,7,SaidTssN,Kriti E,34.33667399148726,28.10813346634762,309.57972469971133,8.0,283.15617802361965,320.82013409584476
2126,Suez OUT - Piraeus,SEA,PILOT_TO_PILOT,5,2126,1876,6,7,SaidTssN,Kriti E,34.33802482903625,28.105998314145072,309.57972469971133,8.0,283.28953199800776,320.68678012145665
2127,Suez OUT - Piraeus,SEA,PILOT_TO_PILOT,5,2127,1877,6,7,SaidTssN,Kriti E,34.339375629523985,28.10386309316578,309.57972469971133,8.0,283.422885972396,320.5534261470684
2128,Suez OUT - Piraeus,SEA,PILOT_TO_PILOT,5,2128,1878,6,7,SaidTssN,Kriti E,34.34072639294739,28.101727803405936,309.57972469971133,8.0,283.55623994678416,320.42007217268025
2129,Suez OUT - Piraeus,SEA,PILOT_TO_PILOT,5,2129,1879,6,7,SaidTssN,Kriti E,34.34207711930339,28.099592444861727,309.57972469971133,8.0,283.68959392117233,320.2867181982921
2130,Suez OUT - Piraeus,SEA,PILOT_TO_PILOT,5,2130,1880,6,7,SaidTssN,Kriti E,34.343427808588906,28.097457017529354,309.57972469971133,8.0,283.8229478955605,320.1533642239039
2131,Suez OUT - Piraeus,SEA,PILOT_TO_PILOT,5,2131,1881,6,7,SaidTssN,Kriti E,34.34477846080089,28.095321521404994,309.57972469971133,8.0,283.9563018699487,320.02001024951574
2132,Suez OUT - Piraeus,SEA,PILOT_TO_PILOT,5,2132,1882,6,7,SaidTssN,Kriti E,34.34612907593626,28.093185956484845,309.57972469971133,8.0,284.08965584433685,319.88665627512756
2133,Suez OUT - Piraeus,SEA,PILOT_TO_PILOT,5,2133,1883,6,7,SaidTssN,Kriti E,34.347479653991925,28.0910503227651,309.57972469971133,8.0,284.223009818725,319.7533023007394
2134,Suez OUT - Piraeus,SEA,PILOT_TO_PILOT,5,2134,1884,6,7,SaidTssN,Kriti E,34.34883019496486,28.088914620241948,309.57972469971133,8.0,284.3563637931132,319.6199483263512
2135,Suez OUT - Piraeus,SEA,PILOT_TO_PILOT,5,2135,1885,6,7,SaidTssN,Kriti E,34.35018069885195,28.086778848911575,309.57972469971133,8.0,284.48971776750136,319.48659435196305
2136,Suez OUT - Piraeus,SEA,PILOT_TO_PILOT,5,2136,1886,6,7,SaidTssN,Kriti E,34.35153116565015,28.084643008770175,309.57972469971133,8.0,284.62307174188953,319.3532403775749
2137,Suez OUT - Piraeus,SEA,PILOT_TO_PILOT,5,2137,1887,6,7,SaidTssN,Kriti E,34.35288159535637,28.082507099813935,309.57972469971133,8.0,284.7564257162777,319.2198864031867
2138,Suez OUT - Piraeus,SEA,PILOT_TO_PILOT,5,2138,1888,6,7,SaidTssN,Kriti E,34.354231987967566,28.08037112203906,309.57972469971133,8.0,284.88977969066593,319.0865324287985
2139,Suez OUT - Piraeus,SEA,PILOT_TO_PILOT,5,2139,1889,6,7,SaidTssN,Kriti E,34.35558234348063,28.078235075441732,309.57972469971133,8.0,285.02313366505405,318.95317845441036
2140,Suez OUT - Piraeus,SEA,PILOT_TO_PILOT,5,2140,1890,6,7,SaidTssN,Kriti E,34.35693266189251,28.07609896001814,309.57972469971133,8.0,285.1564876394423,318.81982448002213
2141,Suez OUT - Piraeus,SEA,PILOT_TO_PILOT,5,2141,1891,6,7,SaidTssN,Kriti E,34.35828294320013,28.07396277576448,309.57972469971133,8.0,285.2898416138304,318.686470505634
2142,Suez OUT - Piraeus,SEA,PILOT_TO_PILOT,5,2142,1892,6,7,SaidTssN,Kriti E,34.359633187400426,28.071826522676947,309.57972469971133,8.0,285.4231955882186,318.5531165312458
2143,Suez OUT - Piraeus,SEA,PILOT_TO_PILOT,5,2143,1893,6,7,SaidTssN,Kriti E,34.360983394490304,28.06969020075172,309.57972469971133,8.0,285.55654956260673,318.4197625568577
2144,Suez OUT - Piraeus,SEA,PILOT_TO_PILOT,5,2144,1894,6,7,SaidTssN,Kriti E,34.36233356446671,28.06755380998501,309.57972469971133,8.0,285.68990353699496,318.28640858246945
2145,Suez OUT - Piraeus,SEA,PILOT_TO_PILOT,5,2145,1895,6,7,SaidTssN,Kriti E,34.363683697326564,28.06541735037299,309.57972469971133,8.0,285.8232575113831,318.15305460808133
2146,Suez OUT - Piraeus,SEA,PILOT_TO_PILOT,5,2146,1896,6,7,SaidTssN,Kriti E,34.36503379306679,28.063280821911867,309.57972469971133,8.0,285.9566114857713,318.0197006336931
2147,Suez OUT - Piraeus,SEA,PILOT_TO_PILOT,5,2147,1897,6,7,SaidTssN,Kriti E,34.36638385168434,28.06114422459782,309.57972469971133,8.0,286.0899654601594,317.886346659305
2148,Suez OUT - Piraeus,SEA,PILOT_TO_PILOT,5,2148,1898,6,7,SaidTssN,Kriti E,34.36773387317611,28.059007558427066,309.57972469971133,8.0,286.22331943454765,317.75299268491676
2149,Suez OUT - Piraeus,SEA,PILOT_TO_PILOT,5,2149,1899,6,7,SaidTssN,Kriti E,34.369083857539025,28.056870823395762,309.57972469971133,8.0,286.3566734089358,317.6196387105286
2150,Suez OUT - Piraeus,SEA,PILOT_TO_PILOT,5,2150,1900,6,7,SaidTssN,Kriti E,34.37043380477002,28.054734019500124,309.57972469971133,8.0,286.490027383324,317.4862847361404
2151,Suez OUT - Piraeus,SEA,PILOT_TO_PILOT,5,2151,1901,6,7,SaidTssN,Kriti E,34.37178371486603,28.052597146736346,309.57972469971133,8.0,286.62338135771216,317.35293076175225
2152,Suez OUT - Piraeus,SEA,PILOT_TO_PILOT,5,2152,1902,6,7,SaidTssN,Kriti E,34.373133587823965,28.050460205100613,309.57972469971133,8.0,286.75673533210033,317.2195767873641
2153,Suez OUT - Piraeus,SEA,PILOT_TO_PILOT,5,2153,1903,6,7,SaidTssN,Kriti E,34.374483423640754,28.048323194589113,309.57972469971133,8.0,286.8900893064885,317.0862228129759
2154,Suez OUT - Piraeus,SEA,PILOT_TO_PILOT,5,2154,1904,6,7,SaidTssN,Kriti E,34.37583322231334,28.046186115198054,309.57972469971133,8.0,287.0234432808767,316.95286883858773
2155,Suez OUT - Piraeus,SEA,PILOT_TO_PILOT,5,2155,1905,6,7,SaidTssN,Kriti E,34.37718298383862,28.044048966923615,309.57972469971133,8.0,287.15679725526485,316.81951486419956
2156,Suez OUT - Piraeus,SEA,PILOT_TO_PILOT,5,2156,1906,6,7,SaidTssN,Kriti E,34.378532708213534,28.041911749762008,309.57972469971133,8.0,287.290151229653,316.6861608898114
2157,Suez OUT - Piraeus,SEA,PILOT_TO_PILOT,5,2157,1907,6,7,SaidTssN,Kriti E,34.37988239543501,28.039774463709392,309.57972469971133,8.0,287.4235052040412,316.5528069154232
2158,Suez OUT - Piraeus,SEA,PILOT_TO_PILOT,5,2158,1908,6,7,SaidTssN,Kriti E,34.38123204549996,28.037637108762,309.57972469971133,8.0,287.55685917842936,316.41945294103505
2159,Suez OUT - Piraeus,SEA,PILOT_TO_PILOT,5,2159,1909,6,7,SaidTssN,Kriti E,34.382581658405314,28.035499684916,309.57972469971133,8.0,287.6902131528176,316.2860989666468
2160,Suez OUT - Piraeus,SEA,PILOT_TO_PILOT,5,2160,1910,6,7,SaidTssN,Kriti E,34.383931234147994,28.033362192167594,309.57972469971133,8.0,287.8235671272057,316.1527449922587
2161,Suez OUT - Piraeus,SEA,PILOT_TO_PILOT,5,2161,1911,6,7,SaidTssN,Kriti E,34.385280772724926,28.03122463051298,309.57972469971133,8.0,287.95692110159393,316.0193910178705
2162,Suez OUT - Piraeus,SEA,PILOT_TO_PILOT,5,2162,1912,6,7,SaidTssN,Kriti E,34.38663027413304,28.02908699994835,309.57972469971133,8.0,288.09027507598205,315.88603704348236
2163,Suez OUT - Piraeus,SEA,PILOT_TO_PILOT,5,2163,1913,6,7,SaidTssN,Kriti E,34.387979738369246,28.026949300469887,309.57972469971133,8.0,288.2236290503703,315.75268306909413
2164,Suez OUT - Piraeus,SEA,PILOT_TO_PILOT,5,2164,1914,6,7,SaidTssN,Kriti E,34.389329165430475,28.024811532073798,309.57972469971133,8.0,288.3569830247584,315.619329094706
2165,Suez OUT - Piraeus,SEA,PILOT_TO_PILOT,5,2165,1915,6,7,SaidTssN,Kriti E,34.390678555313656,28.022673694756268,309.57972469971133,8.0,288.4903369991466,315.4859751203178
2166,Suez OUT - Piraeus,SEA,PILOT_TO_PILOT,5,2166,1916,6,7,SaidTssN,Kriti E,34.3920279080157,28.0205357885135,309.57972469971133,8.0,288.62369097353474,315.3526211459297
2167,Suez OUT - Piraeus,SEA,PILOT_TO_PILOT,5,2167,1917,6,7,SaidTssN,Kriti E,34.39337722353353,28.018397813341682,309.57972469971133,8.0,288.75704494792296,315.21926717154145
2168,Suez OUT - Piraeus,SEA,PILOT_TO_PILOT,5,2168,1918,6,7,SaidTssN,Kriti E,34.39472650186407,28.016259769237013,309.57972469971133,8.0,288.8903989223111,315.08591319715333
2169,Suez OUT - Piraeus,SEA,PILOT_TO_PILOT,5,2169,1919,6,7,SaidTssN,Kriti E,34.39607574300426,28.014121656195687,309.57972469971133,8.0,289.0237528966993,314.9525592227651
2170,Suez OUT - Piraeus,SEA,PILOT_TO_PILOT,5,2170,1920,6,7,SaidTssN,Kriti E,34.39742494695099,28.0119834742139,309.57972469971133,8.0,289.1571068710875,314.81920524837693
2171,Suez OUT - Piraeus,SEA,PILOT_TO_PILOT,5,2171,1921,6,7,SaidTssN,Kriti E,34.398774113701194,28.009845223287837,309.57972469971133,8.0,289.29046084547565,314.68585127398876
2172,Suez OUT - Piraeus,SEA,PILOT_TO_PILOT,5,2172,1922,6,7,SaidTssN,Kriti E,34.40012324325181,28.00770690341371,309.57972469971133,8.0,289.4238148198638,314.5524972996006
2173,Suez OUT - Piraeus,SEA,PILOT_TO_PILOT,5,2173,1923,6,7,SaidTssN,Kriti E,34.40147233559975,28.005568514587697,309.57972469971133,8.0,289.557168794252,314.4191433252124
2174,Suez OUT - Piraeus,SEA,PILOT_TO_PILOT,5,2174,1924,6,7,SaidTssN,Kriti E,34.40282139074193,28.003430056806003,309.57972469971133,8.0,289.69052276864016,314.28578935082425
2175,Suez OUT - Piraeus,SEA,PILOT_TO_PILOT,5,2175,1925,6,7,SaidTssN,Kriti E,34.40417040867526,28.001291530064822,309.57972469971133,8.0,289.82387674302834,314.1524353764361
2176,Suez OUT - Piraeus,SEA,PILOT_TO_PILOT,5,2176,1926,6,7,SaidTssN,Kriti E,34.405519389396694,27.999152934360353,309.57972469971133,8.0,289.9572307174165,314.0190814020479
2177,Suez OUT - Piraeus,SEA,PILOT_TO_PILOT,5,2177,1927,6,7,SaidTssN,Kriti E,34.40686833290311,27.997014269688783,309.57972469971133,8.0,290.0905846918047,313.88572742765973
2178,Suez OUT - Piraeus,SEA,PILOT_TO_PILOT,5,2178,1928,6,7,SaidTssN,Kriti E,34.408217239191465,27.99487553604631,309.57972469971133,8.0,290.22393866619285,313.75237345327156
2179,Suez OUT - Piraeus,SEA,PILOT_TO_PILOT,5,2179,1929,6,7,SaidTssN,Kriti E,34.409566108258666,27.99273673342914,309.57972469971133,8.0,290.357292640581,313.6190194788834
2180,Suez OUT - Piraeus,SEA,PILOT_TO_PILOT,5,2180,1930,6,7,SaidTssN,Kriti E,34.41091494010161,27.990597861833454,309.57972469971133,8.0,290.4906466149692,313.4856655044952
2181,Suez OUT - Piraeus,SEA,PILOT_TO_PILOT,5,2181,1931,6,7,SaidTssN,Kriti E,34.412263734717264,27.988458921255457,309.57972469971133,8.0,290.62400058935737,313.35231153010704
2182,Suez OUT - Piraeus,SEA,PILOT_TO_PILOT,5,2182,1932,6,7,SaidTssN,Kriti E,34.41361249210251,27.986319911691336,309.57972469971133,8.0,290.75735456374554,313.2189575557189
2183,Suez OUT - Piraeus,SEA,PILOT_TO_PILOT,5,2183,1933,6,7,SaidTssN,Kriti E,34.41496121225428,27.984180833137305,309.57972469971133,8.0,290.8907085381337,313.0856035813307
2184,Suez OUT - Piraeus,SEA,PILOT_TO_PILOT,5,2184,1934,6,7,SaidTssN,Kriti E,34.416309895169505,27.982041685589543,309.57972469971133,8.0,291.0240625125219,312.95224960694253
2185,Suez OUT - Piraeus,SEA,PILOT_TO_PILOT,5,2185,1935,6,7,SaidTssN,Kriti E,34.417658540845075,27.97990246904425,309.57972469971133,8.0,291.1574164869101,312.8188956325543
2186,Suez OUT - Piraeus,SEA,PILOT_TO_PILOT,5,2186,1936,6,7,SaidTssN,Kriti E,34.41900714927793,27.977763183497636,309.57972469971133,8.0,291.2907704612983,312.68554165816613
2187,Suez OUT - Piraeus,SEA,PILOT_TO_PILOT,5,2187,1937,6,7,SaidTssN,Kriti E,34.42035572046499,27.975623828945874,309.57972469971133,8.0,291.42412443568645,312.55218768377796
2188,Suez OUT - Piraeus,SEA,PILOT_TO_PILOT,5,2188,1938,6,7,SaidTssN,Kriti E,34.42170425440317,27.973484405385186,309.57972469971133,8.0,291.5574784100746,312.4188337093898
2189,Suez OUT - Piraeus,SEA,PILOT_TO_PILOT,5,2189,1939,6,7,SaidTssN,Kriti E,34.42305275108937,27.971344912811748,309.57972469971133,8.0,291.6908323844628,312.2854797350016
2190,Suez OUT - Piraeus,SEA,PILOT_TO_PILOT,5,2190,1940,6,7,SaidTssN,Kriti E,34.424401210520536,27.969205351221774,309.57972469971133,8.0,291.82418635885097,312.15212576061344
2191,Suez OUT - Piraeus,SEA,PILOT_TO_PILOT,5,2191,1941,6,7,SaidTssN,Kriti E,34.42574963269357,27.967065720611444,309.57972469971133,8.0,291.95754033323914,312.0187717862253
2192,Suez OUT - Piraeus,SEA,PILOT_TO_PILOT,5,2192,1942,6,7,SaidTssN,Kriti E,34.42709801760538,27.964926020976968,309.57972469971133,8.0,292.0908943076273,311.8854178118371
2193,Suez OUT - Piraeus,SEA,PILOT_TO_PILOT,5,2193,1943,6,7,SaidTssN,Kriti E,34.428446365252924,27.96278625231454,309.57972469971133,8.0,292.2242482820155,311.75206383744893
2194,Suez OUT - Piraeus,SEA,PILOT_TO_PILOT,5,2194,1944,6,7,SaidTssN,Kriti E,34.42979467563306,27.96064641462035,309.57972469971133,8.0,292.35760225640365,311.61870986306076
2195,Suez OUT - Piraeus,SEA,PILOT_TO_PILOT,5,2195,1945,6,7,SaidTssN,Kriti E,34.43114294874277,27.958506507890608,309.57972469971133,8.0,292.4909562307918,311.4853558886726
2196,Suez OUT - Piraeus,SEA,PILOT_TO_PILOT,5,2196,1946,6,7,SaidTssN,Kriti E,34.432491184578915,27.956366532121507,309.57972469971133,8.0,292.62431020518,311.3520019142844
2197,Suez OUT - Piraeus,SEA,PILOT_TO_PILOT,5,2197,1947,6,7,SaidTssN,Kriti E,34.43383938313844,27.95422648730924,309.57972469971133,8.0,292.75766417956817,311.21864793989624
2198,Suez OUT - Piraeus,SEA,PILOT_TO_PILOT,5,2198,1948,6,7,SaidTssN,Kriti E,34.43518754441825,27.952086373450005,309.57972469971133,8.0,292.89101815395634,311.0852939655081
2199,Suez OUT - Piraeus,SEA,PILOT_TO_PILOT,5,2199,1949,6,7,SaidTssN,Kriti E,34.436535668415274,27.94994619054001,309.57972469971133,8.0,293.0243721283445,310.9519399911199
2200,Suez OUT - Piraeus,SEA,PILOT_TO_PILOT,5,2200,1950,6,7,SaidTssN,Kriti E,34.437883755126414,27.94780593857545,309.57972469971133,8.0,293.1577261027327,310.81858601673173
2201,Suez OUT - Piraeus,SEA,PILOT_TO_PILOT,5,2201,1951,6,7,SaidTssN,Kriti E,34.4392318045486,27.945665617552514,309.57972469971133,8.0,293.29108007712085,310.68523204234356
2202,Suez OUT - Piraeus,SEA,PILOT_TO_PILOT,5,2202,1952,6,7,SaidTssN,Kriti E,34.440579816678735,27.9435252274674,309.57972469971133,8.0,293.424434051509,310.5518780679554
2203,Suez OUT - Piraeus,SEA,PILOT_TO_PILOT,5,2203,1953,6,7,SaidTssN,Kriti E,34.44192779151374,27.941384768316322,309.57972469971133,8.0,293.5577880258972,310.4185240935672
2204,Suez OUT - Piraeus,SEA,PILOT_TO_PILOT,5,2204,1954,6,7,SaidTssN,Kriti E,34.443275729050534,27.93924424009547,309.57972469971133,8.0,293.69114200028537,310.28517011917904
2205,Suez OUT - Piraeus,SEA,PILOT_TO_PILOT,5,2205,1955,6,7,SaidTssN,Kriti E,34.44462362928603,27.937103642801038,309.57972469971133,8.0,293.8244959746736,310.1518161447908
2206,Suez OUT - Piraeus,SEA,PILOT_TO_PILOT,5,2206,1956,6,7,SaidTssN,Kriti E,34.44597149221713,27.934962976429226,309.57972469971133,8.0,293.95784994906177,310.01846217040264
2207,Suez OUT - Piraeus,SEA,PILOT_TO_PILOT,5,2207,1957,6,7,SaidTssN,Kriti E,34.447319317840766,27.932822240976233,309.57972469971133,8.0,294.09120392344994,309.88510819601447
2208,Suez OUT - Piraeus,SEA,PILOT_TO_PILOT,5,2208,1958,6,7,SaidTssN,Kriti E,34.44866710615385,27.930681436438267,309.57972469971133,8.0,294.2245578978381,309.7517542216263
2209,Suez OUT - Piraeus,SEA,PILOT_TO_PILOT,5,2209,1959,6,7,SaidTssN,Kriti E,34.45001485715329,27.928540562811516,309.57972469971133,8.0,294.3579118722263,309.6184002472381
2210,Suez OUT - Piraeus,SEA,PILOT_TO_PILOT,5,2210,1960,6,7,SaidTssN,Kriti E,34.451362570836,27.926399620092187,309.57972469971133,8.0,294.49126584661445,309.48504627284996
2211,Suez OUT - Piraeus,SEA,PILOT_TO_PILOT,5,2211,1961,6,7,SaidTssN,Kriti E,34.452710247198894,27.92425860827647,309.57972469971133,8.0,294.6246198210026,309.3516922984618
2212,Suez OUT - Piraeus,SEA,PILOT_TO_PILOT,5,2212,1962,6,7,SaidTssN,Kriti E,34.45405788623889,27.922117527360573,309.57972469971133,8.0,294.7579737953908,309.2183383240736
2213,Suez OUT - Piraeus,SEA,PILOT_TO_PILOT,5,2213,1963,6,7,SaidTssN,Kriti E,34.45540548795291,27.919976377340692,309.57972469971133,8.0,294.89132776977897,309.08498434968544
2214,Suez OUT - Piraeus,SEA,PILOT_TO_PILOT,5,2214,1964,6,7,SaidTssN,Kriti E,34.45675305233784,27.917835158213027,309.57972469971133,8.0,295.02468174416714,308.95163037529727
2215,Suez OUT - Piraeus,SEA,PILOT_TO_PILOT,5,2215,1965,6,7,SaidTssN,Kriti E,34.45810057939062,27.91569386997378,309.57972469971133,8.0,295.1580357185553,308.8182764009091
2216,Suez OUT - Piraeus,SEA,PILOT_TO_PILOT,5,2216,1966,6,7,SaidTssN,Kriti E,34.459448069108134,27.913552512619145,309.57972469971133,8.0,295.2913896929435,308.6849224265209
2217,Suez OUT - Piraeus,SEA,PILOT_TO_PILOT,5,2217,1967,6,7,SaidTssN,Kriti E,34.460795521487334,27.911411086145332,309.57972469971133,8.0,295.42474366733165,308.55156845213276
2218,Suez OUT - Piraeus,SEA,PILOT_TO_PILOT,5,2218,1968,6,7,SaidTssN,Kriti E,34.462142936525105,27.909269590548533,309.57972469971133,8.0,295.5580976417198,308.4182144777446
2219,Suez OUT - Piraeus,SEA,PILOT_TO_PILOT,5,2219,1969,6,7,SaidTssN,Kriti E,34.46349031421837,27.907128025824953,309.57972469971133,8.0,295.691451616108,308.2848605033564
2220,Suez OUT - Piraeus,SEA,PILOT_TO_PILOT,5,2220,1970,6,7,SaidTssN,Kriti E,34.464837654564036,27.904986391970784,309.57972469971133,8.0,295.82480559049617,308.15150652896824
2221,Suez OUT - Piraeus,SEA,PILOT_TO_PILOT,5,2221,1971,6,7,SaidTssN,Kriti E,34.466184957559015,27.90284468898223,309.57972469971133,8.0,295.95815956488434,308.01815255458007
2222,Suez OUT - Piraeus,SEA,PILOT_TO_PILOT,5,2222,1972,6,7,SaidTssN,Kriti E,34.467532223200216,27.9007029168555,309.57972469971133,8.0,296.0915135392725,307.8847985801919
2223,Suez OUT - Piraeus,SEA,PILOT_TO_PILOT,5,2223,1973,6,7,SaidTssN,Kriti E,34.468879451484554,27.898561075586784,309.57972469971133,8.0,296.2248675136607,307.7514446058037
2224,Suez OUT - Piraeus,SEA,PILOT_TO_PILOT,5,2224,1974,6,7,SaidTssN,Kriti E,34.47022664240894,27.896419165172283,309.57972469971133,8.0,296.35822148804886,307.61809063141555
2225,Suez OUT - Piraeus,SEA,PILOT_TO_PILOT,5,2225,1975,6,7,SaidTssN,Kriti E,34.47157379597029,27.894277185608203,309.57972469971133,8.0,296.491575462437,307.4847366570274
2226,Suez OUT - Piraeus,SEA,PILOT_TO_PILOT,5,2226,1976,6,7,SaidTssN,Kriti E,34.47292091216552,27.892135136890744,309.57972469971133,8.0,296.62492943682525,307.35138268263916
2227,Suez OUT - Piraeus,SEA,PILOT_TO_PILOT,5,2227,1977,6,7,SaidTssN,Kriti E,34.47426799099152,27.88999301901611,309.57972469971133,8.0,296.7582834112134,307.218028708251
2228,Suez OUT - Piraeus,SEA,PILOT_TO_PILOT,5,2228,1978,6,7,SaidTssN,Kriti E,34.47561503244521,27.887850831980497,309.57972469971133,8.0,296.8916373856016,307.0846747338628
2229,Suez OUT - Piraeus,SEA,PILOT_TO_PILOT,5,2229,1979,6,7,SaidTssN,Kriti E,34.47696203652352,27.88570857578011,309.57972469971133,8.0,297.02499135998977,306.95132075947464
2230,Suez OUT - Piraeus,SEA,PILOT_TO_PILOT,5,2230,1980,6,7,SaidTssN,Kriti E,34.478309003223316,27.88356625041115,309.57972469971133,8.0,297.15834533437794,306.81796678508647
2231,Suez OUT - Piraeus,SEA,PILOT_TO_PILOT,5,2231,1981,6,7,SaidTssN,Kriti E,34.479655932541554,27.881423855869816,309.57972469971133,8.0,297.2916993087661,306.6846128106983
2232,Suez OUT - Piraeus,SEA,PILOT_TO_PILOT,5,2232,1982,6,7,SaidTssN,Kriti E,34.48100282447512,27.879281392152308,309.57972469971133,8.0,297.4250532831543,306.5512588363101
2233,Suez OUT - Piraeus,SEA,PILOT_TO_PILOT,5,2233,1983,6,7,SaidTssN,Kriti E,34.48234967902092,27.877138859254824,309.57972469971133,8.0,297.55840725754246,306.41790486192195
2234,Suez OUT - Piraeus,SEA,PILOT_TO_PILOT,5,2234,1984,6,7,SaidTssN,Kriti E,34.483696496175874,27.874996257173578,309.57972469971133,8.0,297.6917612319306,306.2845508875338
2235,Suez OUT - Piraeus,SEA,PILOT_TO_PILOT,5,2235,1985,6,7,SaidTssN,Kriti E,34.4850432759369,27.872853585904775,309.57972469971133,8.0,297.8251152063188,306.1511969131456
2236,Suez OUT - Piraeus,SEA,PILOT_TO_PILOT,5,2236,1986,6,7,SaidTssN,Kriti E,34.48639001830088,27.8707108454446,309.57972469971133,8.0,297.95846918070697,306.01784293875744
2237,Suez OUT - Piraeus,SEA,PILOT_TO_PILOT,5,2237,1987,6,7,SaidTssN,Kriti E,34.48773672326475,27.868568035789266,309.57972469971133,8.0,298.09182315509514,305.88448896436927
2238,Suez OUT - Piraeus,SEA,PILOT_TO_PILOT,5,2238,1988,6,7,SaidTssN,Kriti E,34.48908339082541,27.866425156934973,309.57972469971133,8.0,298.2251771294833,305.7511349899811
2239,Suez OUT - Piraeus,SEA,PILOT_TO_PILOT,5,2239,1989,6,7,SaidTssN,Kriti E,34.490430020979744,27.864282208877917,309.57972469971133,8.0,298.3585311038715,305.6177810155929
2240,Suez OUT - Piraeus,SEA,PILOT_TO_PILOT,5,2240,1990,6,7,SaidTssN,Kriti E,34.491776613724696,27.862139191614318,309.57972469971133,8.0,298.49188507825966,305.48442704120475
2241,Suez OUT - Piraeus,SEA,PILOT_TO_PILOT,5,2241,1991,6,7,SaidTssN,Kriti E,34.49312316905716,27.859996105140365,309.57972469971133,8.0,298.6252390526478,305.3510730668166
2242,Suez OUT - Piraeus,SEA,PILOT_TO_PILOT,5,2242,1992,6,7,SaidTssN,Kriti E,34.494469686974035,27.85785294945226,309.57972469971133,8.0,298.758593027036,305.2177190924284
2243,Suez OUT - Piraeus,SEA,PILOT_TO_PILOT,5,2243,1993,6,7,SaidTssN,Kriti E,34.49581616747224,27.85570972454621,309.57972469971133,8.0,298.89194700142417,305.08436511804024
2244,Suez OUT - Piraeus,SEA,PILOT_TO_PILOT,5,2244,1994,6,7,SaidTssN,Kriti E,34.497162610548685,27.853566430418415,309.57972469971133,8.0,299.02530097581234,304.95101114365207
2245,Suez OUT - Piraeus,SEA,PILOT_TO_PILOT,5,2245,1995,6,7,SaidTssN,Kriti E,34.498509016200266,27.851423067065085,309.57972469971133,8.0,299.1586549502005,304.8176571692639
2246,Suez OUT - Piraeus,SEA,PILOT_TO_PILOT,5,2246,1996,6,7,SaidTssN,Kriti E,34.499855384423896,27.849279634482414,309.57972469971133,8.0,299.2920089245887,304.6843031948757
2247,Suez OUT - Piraeus,SEA,PILOT_TO_PILOT,5,2247,1997,6,7,SaidTssN,Kriti E,34.50120171521648,27.847136132666616,309.57972469971133,8.0,299.4253628989769,304.5509492204875
2248,Suez OUT - Piraeus,SEA,PILOT_TO_PILOT,5,2248,1998,6,7,SaidTssN,Kriti E,34.502548008574934,27.844992561613882,309.57972469971133,8.0,299.5587168733651,304.4175952460993
2249,Suez OUT - Piraeus,SEA,PILOT_TO_PILOT,5,2249,1999,6,7,SaidTssN,Kriti E,34.50389426449614,27.842848921320428,309.57972469971133,8.0,299.69207084775326,304.28424127171115
2250,Suez OUT - Piraeus,SEA,PILOT_TO_PILOT,5,2250,2000,6,7,SaidTssN,Kriti E,34.50524048297703,27.840705211782453,309.57972469971133,8.0,299.82542482214143,304.150887297323
2251,Suez OUT - Piraeus,SEA,PILOT_TO_PILOT,5,2251,2001,6,7,SaidTssN,Kriti E,34.506586664014506,27.838561432996155,309.57972469971133,8.0,299.9587787965296,304.0175333229348
2252,Suez OUT - Piraeus,SEA,PILOT_TO_PILOT,5,2252,2002,6,7,SaidTssN,Kriti E,34.50793280760545,27.836417584957744,309.57972469971133,8.0,300.0921327709178,303.88417934854664
2253,Suez OUT - Piraeus,SEA,PILOT_TO_PILOT,5,2253,2003,6,7,SaidTssN,Kriti E,34.5092789137468,27.834273667663417,309.57972469971133,8.0,300.22548674530594,303.75082537415847
2254,Suez OUT - Piraeus,SEA,PILOT_TO_PILOT,5,2254,2004,6,7,SaidTssN,Kriti E,34.510624982435445,27.832129681109393,309.57972469971133,8.0,300.3588407196941,303.6174713997703
2255,Suez OUT - Piraeus,SEA,PILOT_TO_PILOT,5,2255,2005,6,7,SaidTssN,Kriti E,34.511971013668294,27.82998562529186,309.57972469971133,8.0,300.4921946940823,303.4841174253821
2256,Suez OUT - Piraeus,SEA,PILOT_TO_PILOT,5,2256,2006,6,7,SaidTssN,Kriti E,34.51331700744225,27.827841500207033,309.57972469971133,8.0,300.62554866847046,303.35076345099395
2257,Suez OUT - Piraeus,SEA,PILOT_TO_PILOT,5,2257,2007,6,7,SaidTssN,Kriti E,34.514662963754205,27.82569730585111,309.57972469971133,8.0,300.75890264285863,303.2174094766058
2258,Suez OUT - Piraeus,SEA,PILOT_TO_PILOT,5,2258,2008,6,7,SaidTssN,Kriti E,34.5160088826011,27.823553042220304,309.57972469971133,8.0,300.8922566172468,303.0840555022176
2259,Suez OUT - Piraeus,SEA,PILOT_TO_PILOT,5,2259,2009,6,7,SaidTssN,Kriti E,34.517354763979796,27.82140870931081,309.57972469971133,8.0,301.025610591635,302.95070152782944
2260,Suez OUT - Piraeus,SEA,PILOT_TO_PILOT,5,2260,2010,6,7,SaidTssN,Kriti E,34.51870060788723,27.81926430711884,309.57972469971133,8.0,301.15896456602314,302.81734755344127
2261,Suez OUT - Piraeus,SEA,PILOT_TO_PILOT,5,2261,2011,6,7,SaidTssN,Kriti E,34.520046414320284,27.81711983564059,309.57972469971133,8.0,301.2923185404113,302.6839935790531
2262,Suez OUT - Piraeus,SEA,PILOT_TO_PILOT,5,2262,2012,6,7,SaidTssN,Kriti E,34.52139218327588,27.814975294872273,309.57972469971133,8.0,301.4256725147995,302.5506396046649
2263,Suez OUT - Piraeus,SEA,PILOT_TO_PILOT,5,2263,2013,6,7,SaidTssN,Kriti E,34.52273791475091,27.812830684810095,309.57972469971133,8.0,301.55902648918766,302.41728563027675
2264,Suez OUT - Piraeus,SEA,PILOT_TO_PILOT,5,2264,2014,6,7,SaidTssN,Kriti E,34.52408360874228,27.810686005450254,309.57972469971133,8.0,301.69238046357583,302.2839316558886
2265,Suez OUT - Piraeus,SEA,PILOT_TO_PILOT,5,2265,2015,6,7,SaidTssN,Kriti E,34.52542926524689,27.808541256788967,309.57972469971133,8.0,301.825734437964,302.1505776815004
2266,Suez OUT - Piraeus,SEA,PILOT_TO_PILOT,5,2266,2016,6,7,SaidTssN,Kriti E,34.526774884261656,27.806396438822425,309.57972469971133,8.0,301.9590884123522,302.01722370711224
2267,Suez OUT - Piraeus,SEA,PILOT_TO_PILOT,5,2267,2017,6,7,SaidTssN,Kriti E,34.52812046578347,27.804251551546848,309.57972469971133,8.0,302.0924423867404,301.883869732724
2268,Suez OUT - Piraeus,SEA,PILOT_TO_PILOT,5,2268,2018,6,7,SaidTssN,Kriti E,34.529466009809234,27.80210659495843,309.57972469971133,8.0,302.2257963611286,301.75051575833584
2269,Suez OUT - Piraeus,SEA,PILOT_TO_PILOT,5,2269,2019,6,7,SaidTssN,Kriti E,34.53081151633585,27.79996156905338,309.57972469971133,8.0,302.35915033551674,301.61716178394767
2270,Suez OUT - Piraeus,SEA,PILOT_TO_PILOT,5,2270,2020,6,7,SaidTssN,Kriti E,34.53215698536023,27.797816473827908,309.57972469971133,8.0,302.4925043099049,301.4838078095595
2271,Suez OUT - Piraeus,SEA,PILOT_TO_PILOT,5,2271,2021,6,7,SaidTssN,Kriti E,34.533502416879266,27.795671309278223,309.57972469971133,8.0,302.6258582842931,301.3504538351713
2272,Suez OUT - Piraeus,SEA,PILOT_TO_PILOT,5,2272,2022,6,7,SaidTssN,Kriti E,34.53484781088986,27.793526075400514,309.57972469971133,8.0,302.75921225868126,301.21709986078315
2273,Suez OUT - Piraeus,SEA,PILOT_TO_PILOT,5,2273,2023,6,7,SaidTssN,Kriti E,34.53619316738892,27.79138077219101,309.57972469971133,8.0,302.89256623306943,301.083745886395
2274,Suez OUT - Piraeus,SEA,PILOT_TO_PILOT,5,2274,2024,6,7,SaidTssN,Kriti E,34.53753848637334,27.7892353996459,309.57972469971133,8.0,303.0259202074576,300.9503919120068
2275,Suez OUT - Piraeus,SEA,PILOT_TO_PILOT,5,2275,2025,6,7,SaidTssN,Kriti E,34.53888376784004,27.787089957761395,309.57972469971133,8.0,303.1592741818458,300.81703793761864
2276,Suez OUT - Piraeus,SEA,PILOT_TO_PILOT,5,2276,2026,6,7,SaidTssN,Kriti E,34.54022901178589,27.78494444653371,309.57972469971133,8.0,303.29262815623395,300.68368396323046
2277,Suez OUT - Piraeus,SEA,PILOT_TO_PILOT,5,2277,2027,6,7,SaidTssN,Kriti E,34.54157421820781,27.782798865959048,309.57972469971133,8.0,303.4259821306221,300.5503299888423
2278,Suez OUT - Piraeus,SEA,PILOT_TO_PILOT,5,2278,2028,6,7,SaidTssN,Kriti E,34.542919387102714,27.78065321603361,309.57972469971133,8.0,303.5593361050103,300.4169760144541
2279,Suez OUT - Piraeus,SEA,PILOT_TO_PILOT,5,2279,2029,6,7,SaidTssN,Kriti E,34.54426451846748,27.778507496753605,309.57972469971133,8.0,303.69269007939846,300.28362204006595
2280,Suez OUT - Piraeus,SEA,PILOT_TO_PILOT,5,2280,2030,6,7,SaidTssN,Kriti E,34.545609612299,27.776361708115243,309.57972469971133,8.0,303.82604405378663,300.1502680656778
2281,Suez OUT - Piraeus,SEA,PILOT_TO_PILOT,5,2281,2031,6,7,SaidTssN,Kriti E,34.54695466859421,27.774215850114725,309.57972469971133,8.0,303.9593980281748,300.0169140912896
2282,Suez OUT - Piraeus,SEA,PILOT_TO_PILOT,5,2282,2032,6,7,SaidTssN,Kriti E,34.54829968734998,27.772069922748276,309.57972469971133,8.0,304.092752002563,299.88356011690144
2283,Suez OUT - Piraeus,SEA,PILOT_TO_PILOT,5,2283,2033,6,7,SaidTssN,Kriti E,34.549644668563225,27.76992392601208,309.57972469971133,8.0,304.22610597695115,299.75020614251326
2284,Suez OUT - Piraeus,SEA,PILOT_TO_PILOT,5,2284,2034,6,7,SaidTssN,Kriti E,34.55098961223083,27.76777785990236,309.57972469971133,8.0,304.3594599513393,299.6168521681251
2285,Suez OUT - Piraeus,SEA,PILOT_TO_PILOT,5,2285,2035,6,7,SaidTssN,Kriti E,34.55233451834971,27.76563172441532,309.57972469971133,8.0,304.4928139257275,299.4834981937369
2286,Suez OUT - Piraeus,SEA,PILOT_TO_PILOT,5,2286,2036,6,7,SaidTssN,Kriti E,34.55367938691675,27.763485519547164,309.57972469971133,8.0,304.62616790011566,299.35014421934875
2287,Suez OUT - Piraeus,SEA,PILOT_TO_PILOT,5,2287,2037,6,7,SaidTssN,Kriti E,34.55502421792885,27.761339245294106,309.57972469971133,8.0,304.75952187450383,299.2167902449606
2288,Suez OUT - Piraeus,SEA,PILOT_TO_PILOT,5,2288,2038,6,7,SaidTssN,Kriti E,34.556369011382934,27.759192901652348,309.57972469971133,8.0,304.89287584889206,299.08343627057235
2289,Suez OUT - Piraeus,SEA,PILOT_TO_PILOT,5,2289,2039,6,7,SaidTssN,Kriti E,34.55771376727587,27.757046488618105,309.57972469971133,8.0,305.02622982328023,298.9500822961842
2290,Suez OUT - Piraeus,SEA,PILOT_TO_PILOT,5,2290,2040,6,7,SaidTssN,Kriti E,34.559058485604574,27.75490000618758,309.57972469971133,8.0,305.1595837976684,298.816728321796
2291,Suez OUT - Piraeus,SEA,PILOT_TO_PILOT,5,2291,2041,6,7,SaidTssN,Kriti E,34.56040316636592,27.75275345435698,309.57972469971133,8.0,305.2929377720566,298.68337434740783
2292,Suez OUT - Piraeus,SEA,PILOT_TO_PILOT,5,2292,2042,6,7,SaidTssN,Kriti E,34.56174780955685,27.75060683312252,309.57972469971133,8.0,305.42629174644475,298.55002037301966
2293,Suez OUT - Piraeus,SEA,PILOT_TO_PILOT,5,2293,2043,6,7,SaidTssN,Kriti E,34.56309241517422,27.748460142480404,309.57972469971133,8.0,305.5596457208329,298.4166663986315
2294,Suez OUT - Piraeus,SEA,PILOT_TO_PILOT,5,2294,2044,6,7,SaidTssN,Kriti E,34.56443698321495,27.74631338242684,309.57972469971133,8.0,305.6929996952211,298.2833124242433
2295,Suez OUT - Piraeus,SEA,PILOT_TO_PILOT,5,2295,2045,6,7,SaidTssN,Kriti E,34.56578151367592,27.744166552958042,309.57972469971133,8.0,305.82635366960926,298.14995844985515
2296,Suez OUT - Piraeus,SEA,PILOT_TO_PILOT,5,2296,2046,6,7,SaidTssN,Kriti E,34.56712600655405,27.74201965407021,309.57972469971133,8.0,305.95970764399743,298.016604475467
2297,Suez OUT - Piraeus,SEA,PILOT_TO_PILOT,5,2297,2047,6,7,SaidTssN,Kriti E,34.56847046184622,27.73987268575957,309.57972469971133,8.0,306.0930616183856,297.8832505010788
2298,Suez OUT - Piraeus,SEA,PILOT_TO_PILOT,5,2298,2048,6,7,SaidTssN,Kriti E,34.569814879549334,27.737725648022312,309.57972469971133,8.0,306.2264155927738,297.74989652669063
2299,Suez OUT - Piraeus,SEA,PILOT_TO_PILOT,5,2299,2049,6,7,SaidTssN,Kriti E,34.57115925966028,27.735578540854654,309.57972469971133,8.0,306.35976956716195,297.61654255230246
2300,Suez OUT - Piraeus,SEA,PILOT_TO_PILOT,5,2300,2050,6,7,SaidTssN,Kriti E,34.57250360217596,27.733431364252805,309.57972469971133,8.0,306.4931235415501,297.4831885779143
2301,Suez OUT - Piraeus,SEA,PILOT_TO_PILOT,5,2301,2051,6,7,SaidTssN,Kriti E,34.573847907093274,27.731284118212972,309.57972469971133,8.0,306.6264775159383,297.3498346035261
2302,Suez OUT - Piraeus,SEA,PILOT_TO_PILOT,5,2302,2052,6,7,SaidTssN,Kriti E,34.57519217440912,27.72913680273138,309.57972469971133,8.0,306.75983149032646,297.21648062913795
2303,Suez OUT - Piraeus,SEA,PILOT_TO_PILOT,5,2303,2053,6,7,SaidTssN,Kriti E,34.576536404120375,27.726989417804216,309.57972469971133,8.0,306.89318546471463,297.0831266547498
2304,Suez OUT - Piraeus,SEA,PILOT_TO_PILOT,5,2304,2054,6,7,SaidTssN,Kriti E,34.57788059622396,27.724841963427696,309.57972469971133,8.0,307.0265394391028,296.9497726803616
2305,Suez OUT - Piraeus,SEA,PILOT_TO_PILOT,5,2305,2055,6,7,SaidTssN,Kriti E,34.57922475071676,27.722694439598047,309.57972469971133,8.0,307.159893413491,296.81641870597343
2306,Suez OUT - Piraeus,SEA,PILOT_TO_PILOT,5,2306,2056,6,7,SaidTssN,Kriti E,34.58056886759566,27.72054684631145,309.57972469971133,8.0,307.29324738787915,296.68306473158526
2307,Suez OUT - Piraeus,SEA,PILOT_TO_PILOT,5,2307,2057,6,7,SaidTssN,Kriti E,34.58191294685757,27.718399183564145,309.57972469971133,8.0,307.4266013622673,296.5497107571971
2308,Suez OUT - Piraeus,SEA,PILOT_TO_PILOT,5,2308,2058,6,7,SaidTssN,Kriti E,34.58325698849937,27.71625145135232,309.57972469971133,8.0,307.5599553366555,296.4163567828089
2309,Suez OUT - Piraeus,SEA,PILOT_TO_PILOT,5,2309,2059,6,7,SaidTssN,Kriti E,34.58460099251797,27.714103649672204,309.57972469971133,8.0,307.6933093110437,296.2830028084207
2310,Suez OUT - Piraeus,SEA,PILOT_TO_PILOT,5,2310,2060,6,7,SaidTssN,Kriti E,34.585944958910254,27.71195577851999,309.57972469971133,8.0,307.8266632854319,296.1496488340325
2311,Suez OUT - Piraeus,SEA,PILOT_TO_PILOT,5,2311,2061,6,7,SaidTssN,Kriti E,34.58728888767313,27.7098078378919,309.57972469971133,8.0,307.96001725982006,296.01629485964435
2312,Suez OUT - Piraeus,SEA,PILOT_TO_PILOT,5,2312,2062,6,7,SaidTssN,Kriti E,34.58863277880347,27.70765982778414,309.57972469971133,8.0,308.09337123420823,295.8829408852562
2313,Suez OUT - Piraeus,SEA,PILOT_TO_PILOT,5,2313,2063,6,7,SaidTssN,Kriti E,34.58997663229818,27.70551174819293,309.57972469971133,8.0,308.2267252085964,295.749586910868
2314,Suez OUT - Piraeus,SEA,PILOT_TO_PILOT,5,2314,2064,6,7,SaidTssN,Kriti E,34.591320448154164,27.70336359911447,309.57972469971133,8.0,308.3600791829846,295.61623293647983
2315,Suez OUT - Piraeus,SEA,PILOT_TO_PILOT,5,2315,2065,6,7,SaidTssN,Kriti E,34.59266422636829,27.701215380544976,309.57972469971133,8.0,308.49343315737275,295.48287896209166
2316,Suez OUT - Piraeus,SEA,PILOT_TO_PILOT,5,2316,2066,6,7,SaidTssN,Kriti E,34.594007966937475,27.699067092480657,309.57972469971133,8.0,308.6267871317609,295.3495249877035
2317,Suez OUT - Piraeus,SEA,PILOT_TO_PILOT,5,2317,2067,6,7,SaidTssN,Kriti E,34.5953516698586,27.696918734917723,309.57972469971133,8.0,308.7601411061491,295.2161710133153
2318,Suez OUT - Piraeus,SEA,PILOT_TO_PILOT,5,2318,2068,6,7,SaidTssN,Kriti E,34.59669533512856,27.694770307852398,309.57972469971133,8.0,308.89349508053726,295.08281703892715
2319,Suez OUT - Piraeus,SEA,PILOT_TO_PILOT,5,2319,2069,6,7,SaidTssN,Kriti E,34.59803896274425,27.692621811280873,309.57972469971133,8.0,309.02684905492544,294.949463064539
2320,Suez OUT - Piraeus,SEA,PILOT_TO_PILOT,5,2320,2070,6,7,SaidTssN,Kriti E,34.59938255270256,27.69047324519938,309.57972469971133,8.0,309.1602030293136,294.8161090901508
2321,Suez OUT - Piraeus,SEA,PILOT_TO_PILOT,5,2321,2071,6,7,SaidTssN,Kriti E,34.60072610500039,27.68832460960412,309.57972469971133,8.0,309.2935570037018,294.68275511576263
2322,Suez OUT - Piraeus,SEA,PILOT_TO_PILOT,5,2322,2072,6,7,SaidTssN,Kriti E,34.60206961963461,27.686175904491304,309.57972469971133,8.0,309.42691097808995,294.54940114137446
2323,Suez OUT - Piraeus,SEA,PILOT_TO_PILOT,5,2323,2073,6,7,SaidTssN,Kriti E,34.60341309660214,27.68402712985715,309.57972469971133,8.0,309.5602649524781,294.4160471669863
2324,Suez OUT - Piraeus,SEA,PILOT_TO_PILOT,5,2324,2074,6,7,SaidTssN,Kriti E,34.60475653589986,27.681878285697866,309.57972469971133,8.0,309.6936189268663,294.2826931925981
2325,Suez OUT - Piraeus,SEA,PILOT_TO_PILOT,5,2325,2075,6,7,SaidTssN,Kriti E,34.606099937524654,27.679729372009675,309.57972469971133,8.0,309.82697290125446,294.14933921820995
2326,Suez OUT - Piraeus,SEA,PILOT_TO_PILOT,5,2326,2076,6,7,SaidTssN,Kriti E,34.60744330147342,27.677580388788773,309.57972469971133,8.0,309.96032687564264,294.0159852438218
2327,Suez OUT - Piraeus,SEA,PILOT_TO_PILOT,5,2327,2077,6,7,SaidTssN,Kriti E,34.60878662774305,27.675431336031384,309.57972469971133,8.0,310.0936808500308,293.8826312694336
2328,Suez OUT - Piraeus,SEA,PILOT_TO_PILOT,5,2328,2078,6,7,SaidTssN,Kriti E,34.61012991633043,27.67328221373371,309.57972469971133,8.0,310.227034824419,293.74927729504543
2329,Suez OUT - Piraeus,SEA,PILOT_TO_PILOT,5,2329,2079,6,7,SaidTssN,Kriti E,34.61147316723246,27.671133021891986,309.57972469971133,8.0,310.36038879880715,293.61592332065726
2330,Suez OUT - Piraeus,SEA,PILOT_TO_PILOT,5,2330,2080,6,7,SaidTssN,Kriti E,34.61281638044602,27.66898376050239,309.57972469971133,8.0,310.4937427731954,293.48256934626903
2331,Suez OUT - Piraeus,SEA,PILOT_TO_PILOT,5,2331,2081,6,7,SaidTssN,Kriti E,34.61415955596801,27.666834429561167,309.57972469971133,8.0,310.62709674758355,293.34921537188086
2332,Suez OUT - Piraeus,SEA,PILOT_TO_PILOT,5,2332,2082,6,7,SaidTssN,Kriti E,34.6155026937953,27.664685029064522,309.57972469971133,8.0,310.7604507219717,293.2158613974927
2333,Suez OUT - Piraeus,SEA,PILOT_TO_PILOT,5,2333,2083,6,7,SaidTssN,Kriti E,34.61684579392482,27.66253555900866,309.57972469971133,8.0,310.8938046963599,293.0825074231045
2334,Suez OUT - Piraeus,SEA,PILOT_TO_PILOT,5,2334,2084,6,7,SaidTssN,Kriti E,34.61818885635341,27.6603860193898,309.57972469971133,8.0,311.02715867074807,292.94915344871634
2335,Suez OUT - Piraeus,SEA,PILOT_TO_PILOT,5,2335,2085,6,7,SaidTssN,Kriti E,34.619531881078,27.658236410204157,309.57972469971133,8.0,311.16051264513624,292.8157994743282
2336,Suez OUT - Piraeus,SEA,PILOT_TO_PILOT,5,2336,2086,6,7,SaidTssN,Kriti E,34.620874868095456,27.65608673144794,309.57972469971133,8.0,311.2938666195244,292.68244549994
2337,Suez OUT - Piraeus,SEA,PILOT_TO_PILOT,5,2337,2087,6,7,SaidTssN,Kriti E,34.62221781740268,27.653936983117365,309.57972469971133,8.0,311.4272205939126,292.54909152555183
2338,Suez OUT - Piraeus,SEA,PILOT_TO_PILOT,5,2338,2088,6,7,SaidTssN,Kriti E,34.62356072899655,27.651787165208656,309.57972469971133,8.0,311.56057456830075,292.41573755116366
2339,Suez OUT - Piraeus,SEA,PILOT_TO_PILOT,5,2339,2089,6,7,SaidTssN,Kriti E,34.624903602873964,27.64963727771801,309.57972469971133,8.0,311.6939285426889,292.2823835767755
2340,Suez OUT - Piraeus,SEA,PILOT_TO_PILOT,5,2340,2090,6,7,SaidTssN,Kriti E,34.626246439031796,27.64748732064165,309.57972469971133,8.0,311.8272825170771,292.1490296023873
2341,Suez OUT - Piraeus,SEA,PILOT_TO_PILOT,5,2341,2091,6,7,SaidTssN,Kriti E,34.62758923746696,27.64533729397579,309.57972469971133,8.0,311.96063649146527,292.01567562799914
2342,Suez OUT - Piraeus,SEA,PILOT_TO_PILOT,5,2342,2092,6,7,SaidTssN,Kriti E,34.62893199817632,27.643187197716646,309.57972469971133,8.0,312.09399046585344,291.882321653611
2343,Suez OUT - Piraeus,SEA,PILOT_TO_PILOT,5,2343,2093,6,7,SaidTssN,Kriti E,34.63027472115677,27.641037031860428,309.57972469971133,8.0,312.2273444402416,291.7489676792228
2344,Suez OUT - Piraeus,SEA,PILOT_TO_PILOT,5,2344,2094,6,7,SaidTssN,Kriti E,34.63161740640521,27.63888679640335,309.57972469971133,8.0,312.3606984146298,291.61561370483463
2345,Suez OUT - Piraeus,SEA,PILOT_TO_PILOT,5,2345,2095,6,7,SaidTssN,Kriti E,34.63296005391851,27.636736491341637,309.57972469971133,8.0,312.49405238901795,291.48225973044646
2346,Suez OUT - Piraeus,SEA,PILOT_TO_PILOT,5,2346,2096,6,7,SaidTssN,Kriti E,34.634302663693575,27.634586116671496,309.57972469971133,8.0,312.6274063634061,291.3489057560583
2347,Suez OUT - Piraeus,SEA,PILOT_TO_PILOT,5,2347,2097,6,7,SaidTssN,Kriti E,34.635645235727274,27.63243567238914,309.57972469971133,8.0,312.7607603377943,291.2155517816701
2348,Suez OUT - Piraeus,SEA,PILOT_TO_PILOT,5,2348,2098,6,7,SaidTssN,Kriti E,34.6369877700165,27.63028515849079,309.57972469971133,8.0,312.89411431218247,291.08219780728194
2349,Suez OUT - Piraeus,SEA,PILOT_TO_PILOT,5,2349,2099,6,7,SaidTssN,Kriti E,34.63833026655815,27.62813457497266,309.57972469971133,8.0,313.02746828657064,290.9488438328938
2350,Suez OUT - Piraeus,SEA,PILOT_TO_PILOT,5,2350,2100,6,7,SaidTssN,Kriti E,34.6396727253491,27.62598392183096,309.57972469971133,8.0,313.16082226095887,290.81548985850554
2351,Suez OUT - Piraeus,SEA,PILOT_TO_PILOT,5,2351,2101,6,7,SaidTssN,Kriti E,34.64101514638624,27.623833199061917,309.57972469971133,8.0,313.29417623534704,290.6821358841174
2352,Suez OUT - Piraeus,SEA,PILOT_TO_PILOT,5,2352,2102,6,7,SaidTssN,Kriti E,34.64235752966646,27.62168240666173,309.57972469971133,8.0,313.4275302097352,290.5487819097292
2353,Suez OUT - Piraeus,SEA,PILOT_TO_PILOT,5,2353,2103,6,7,SaidTssN,Kriti E,34.643699875186634,27.61953154462663,309.57972469971133,8.0,313.5608841841234,290.41542793534103
2354,Suez OUT - Piraeus,SEA,PILOT_TO_PILOT,5,2354,2104,6,7,SaidTssN,Kriti E,34.64504218294366,27.617380612952825,309.57972469971133,8.0,313.69423815851155,290.28207396095286
2355,Suez OUT - Piraeus,SEA,PILOT_TO_PILOT,5,2355,2105,6,7,SaidTssN,Kriti E,34.64638445293441,27.615229611636533,309.57972469971133,8.0,313.8275921328997,290.1487199865647
2356,Suez OUT - Piraeus,SEA,PILOT_TO_PILOT,5,2356,2106,6,7,SaidTssN,Kriti E,34.64772668515579,27.613078540673975,309.57972469971133,8.0,313.9609461072879,290.0153660121765
2357,Suez OUT - Piraeus,SEA,PILOT_TO_PILOT,5,2357,2107,6,7,SaidTssN,Kriti E,34.64906887960467,27.61092740006136,309.57972469971133,8.0,314.09430008167607,289.88201203778834
2358,Suez OUT - Piraeus,SEA,PILOT_TO_PILOT,5,2358,2108,6,7,SaidTssN,Kriti E,34.65041103627793,27.608776189794906,309.57972469971133,8.0,314.22765405606424,289.74865806340017
2359,Suez OUT - Piraeus,SEA,PILOT_TO_PILOT,5,2359,2109,6,7,SaidTssN,Kriti E,34.65175315517247,27.606624909870828,309.57972469971133,8.0,314.3610080304524,289.615304089012
2360,Suez OUT - Piraeus,SEA,PILOT_TO_PILOT,5,2360,2110,6,7,SaidTssN,Kriti E,34.65309523628516,27.60447356028535,309.57972469971133,8.0,314.4943620048406,289.4819501146238
2361,Suez OUT - Piraeus,SEA,PILOT_TO_PILOT,5,2361,2111,6,7,SaidTssN,Kriti E,34.6544372796129,27.602322141034684,309.57972469971133,8.0,314.62771597922875,289.34859614023566
2362,Suez OUT - Piraeus,SEA,PILOT_TO_PILOT,5,2362,2112,6,7,SaidTssN,Kriti E,34.65577928515257,27.600170652115043,309.57972469971133,8.0,314.7610699536169,289.2152421658475
2363,Suez OUT - Piraeus,SEA,PILOT_TO_PILOT,5,2363,2113,6,7,SaidTssN,Kriti E,34.65712125290104,27.598019093522648,309.57972469971133,8.0,314.8944239280051,289.0818881914593
2364,Suez OUT - Piraeus,SEA,PILOT_TO_PILOT,5,2364,2114,6,7,SaidTssN,Kriti E,34.658463182855215,27.595867465253725,309.57972469971133,8.0,315.02777790239327,288.94853421707114
2365,Suez OUT - Piraeus,SEA,PILOT_TO_PILOT,5,2365,2115,6,7,SaidTssN,Kriti E,34.65980507501195,27.59371576730447,309.57972469971133,8.0,315.16113187678144,288.81518024268297
2366,Suez OUT - Piraeus,SEA,PILOT_TO_PILOT,5,2366,2116,6,7,SaidTssN,Kriti E,34.66114692936816,27.591563999671116,309.57972469971133,8.0,315.2944858511696,288.6818262682948
2367,Suez OUT - Piraeus,SEA,PILOT_TO_PILOT,5,2367,2117,6,7,SaidTssN,Kriti E,34.662488745920705,27.58941216234988,309.57972469971133,8.0,315.4278398255578,288.5484722939066
2368,Suez OUT - Piraeus,SEA,PILOT_TO_PILOT,5,2368,2118,6,7,SaidTssN,Kriti E,34.66383052466649,27.587260255336982,309.57972469971133,8.0,315.56119379994595,288.41511831951846
2369,Suez OUT - Piraeus,SEA,PILOT_TO_PILOT,5,2369,2119,6,7,SaidTssN,Kriti E,34.66517226560237,27.58510827862863,309.57972469971133,8.0,315.6945477743341,288.2817643451303
2370,Suez OUT - Piraeus,SEA,PILOT_TO_PILOT,5,2370,2120,6,7,SaidTssN,Kriti E,34.66651396872525,27.582956232221044,309.57972469971133,8.0,315.8279017487223,288.1484103707421
2371,Suez OUT - Piraeus,SEA,PILOT_TO_PILOT,5,2371,2121,6,7,SaidTssN,Kriti E,34.667855634032,27.580804116110446,309.57972469971133,8.0,315.9612557231105,288.0150563963539
2372,Suez OUT - Piraeus,SEA,PILOT_TO_PILOT,5,2372,2122,6,7,SaidTssN,Kriti E,34.669197261519514,27.578651930293052,309.57972469971133,8.0,316.0946096974987,287.8817024219657
2373,Suez OUT - Piraeus,SEA,PILOT_TO_PILOT,5,2373,2123,6,7,SaidTssN,Kriti E,34.670538851184666,27.576499674765085,309.57972469971133,8.0,316.22796367188687,287.74834844757754
2374,Suez OUT - Piraeus,SEA,PILOT_TO_PILOT,5,2374,2124,6,7,SaidTssN,Kriti E,34.67188040302434,27.574347349522764,309.57972469971133,8.0,316.36131764627504,287.61499447318937
2375,Suez OUT - Piraeus,SEA,PILOT_TO_PILOT,5,2375,2125,6,7,SaidTssN,Kriti E,34.673221917035406,27.572194954562292,309.57972469971133,8.0,316.4946716206632,287.4816404988012
2376,Suez OUT - Piraeus,SEA,PILOT_TO_PILOT,5,2376,2126,6,7,SaidTssN,Kriti E,34.67456339321477,27.570042489879903,309.57972469971133,8.0,316.6280255950514,287.348286524413
2377,Suez OUT - Piraeus,SEA,PILOT_TO_PILOT,5,2377,2127,6,7,SaidTssN,Kriti E,34.67590483155929,27.567889955471806,309.57972469971133,8.0,316.76137956943955,287.21493255002486
2378,Suez OUT - Piraeus,SEA,PILOT_TO_PILOT,5,2378,2128,6,7,SaidTssN,Kriti E,34.67724623206586,27.56573735133423,309.57972469971133,8.0,316.8947335438277,287.0815785756367
2379,Suez OUT - Piraeus,SEA,PILOT_TO_PILOT,5,2379,2129,6,7,SaidTssN,Kriti E,34.678587594731354,27.56358467746339,309.57972469971133,8.0,317.0280875182159,286.9482246012485
2380,Suez OUT - Piraeus,SEA,PILOT_TO_PILOT,5,2380,2130,6,7,SaidTssN,Kriti E,34.67992891955266,27.561431933855502,309.57972469971133,8.0,317.16144149260407,286.81487062686034
2381,Suez OUT - Piraeus,SEA,PILOT_TO_PILOT,5,2381,2131,6,7,SaidTssN,Kriti E,34.68127020652664,27.55927912050679,309.57972469971133,8.0,317.29479546699224,286.68151665247217
2382,Suez OUT - Piraeus,SEA,PILOT_TO_PILOT,5,2382,2132,6,7,SaidTssN,Kriti E,34.6826114556502,27.55712623741347,309.57972469971133,8.0,317.4281494413804,286.548162678084
2383,Suez OUT - Piraeus,SEA,PILOT_TO_PILOT,5,2383,2133,6,7,SaidTssN,Kriti E,34.68395266692021,27.554973284571762,309.57972469971133,8.0,317.5615034157686,286.4148087036958
2384,Suez OUT - Piraeus,SEA,PILOT_TO_PILOT,5,2384,2134,6,7,SaidTssN,Kriti E,34.68529384033355,27.552820261977885,309.57972469971133,8.0,317.69485739015676,286.28145472930765
2385,Suez OUT - Piraeus,SEA,PILOT_TO_PILOT,5,2385,2135,6,7,SaidTssN,Kriti E,34.686634975887095,27.550667169628056,309.57972469971133,8.0,317.8282113645449,286.1481007549195
2386,Suez OUT - Piraeus,SEA,PILOT_TO_PILOT,5,2386,2136,6,7,SaidTssN,Kriti E,34.68797607357772,27.548514007518506,309.57972469971133,8.0,317.9615653389331,286.0147467805313
2387,Suez OUT - Piraeus,SEA,PILOT_TO_PILOT,5,2387,2137,6,7,SaidTssN,Kriti E,34.68931713340233,27.546360775645443,309.57972469971133,8.0,318.09491931332127,285.88139280614314
2388,Suez OUT - Piraeus,SEA,PILOT_TO_PILOT,5,2388,2138,6,7,SaidTssN,Kriti E,34.69065815535777,27.544207474005088,309.57972469971133,8.0,318.22827328770944,285.74803883175497
2389,Suez OUT - Piraeus,SEA,PILOT_TO_PILOT,5,2389,2139,6,7,SaidTssN,Kriti E,34.69199913944093,27.542054102593674,309.57972469971133,8.0,318.3616272620976,285.6146848573668
2390,Suez OUT - Piraeus,SEA,PILOT_TO_PILOT,5,2390,2140,6,7,SaidTssN,Kriti E,34.693340085648714,27.539900661407405,309.57972469971133,8.0,318.4949812364858,285.4813308829786
2391,Suez OUT - Piraeus,SEA,PILOT_TO_PILOT,5,2391,2141,6,7,SaidTssN,Kriti E,34.69468099397796,27.537747150442506,309.57972469971133,8.0,318.62833521087396,285.34797690859045
2392,Suez OUT - Piraeus,SEA,PILOT_TO_PILOT,5,2392,2142,6,7,SaidTssN,Kriti E,34.696021864425575,27.53559356969521,309.57972469971133,8.0,318.7616891852622,285.2146229342022
2393,Suez OUT - Piraeus,SEA,PILOT_TO_PILOT,5,2393,2143,6,7,SaidTssN,Kriti E,34.69736269698843,27.533439919161726,309.57972469971133,8.0,318.89504315965036,285.08126895981405
2394,Suez OUT - Piraeus,SEA,PILOT_TO_PILOT,5,2394,2144,6,7,SaidTssN,Kriti E,34.69870349166339,27.531286198838266,309.57972469971133,8.0,319.0283971340385,284.9479149854259
2395,Suez OUT - Piraeus,SEA,PILOT_TO_PILOT,5,2395,2145,6,7,SaidTssN,Kriti E,34.70004424844735,27.52913240872107,309.57972469971133,8.0,319.1617511084267,284.8145610110377
2396,Suez OUT - Piraeus,SEA,PILOT_TO_PILOT,5,2396,2146,6,7,SaidTssN,Kriti E,34.70138496733717,27.52697854880635,309.57972469971133,8.0,319.29510508281487,284.68120703664954
2397,Suez OUT - Piraeus,SEA,PILOT_TO_PILOT,5,2397,2147,6,7,SaidTssN,Kriti E,34.70272564832975,27.52482461909032,309.57972469971133,8.0,319.42845905720304,284.54785306226137
2398,Suez OUT - Piraeus,SEA,PILOT_TO_PILOT,5,2398,2148,6,7,SaidTssN,Kriti E,34.70406629142196,27.522670619569222,309.57972469971133,8.0,319.5618130315912,284.4144990878732
2399,Suez OUT - Piraeus,SEA,PILOT_TO_PILOT,5,2399,2149,6,7,SaidTssN,Kriti E,34.70540689661067,27.520516550239257,309.57972469971133,8.0,319.6951670059794,284.281145113485
2400,Suez OUT - Piraeus,SEA,PILOT_TO_PILOT,5,2400,2150,6,7,SaidTssN,Kriti E,34.706747463892754,27.51836241109666,309.57972469971133,8.0,319.82852098036756,284.14779113909685
2401,Suez OUT - Piraeus,SEA,PILOT_TO_PILOT,5,2401,2151,6,7,SaidTssN,Kriti E,34.708087993265096,27.516208202137644,309.57972469971133,8.0,319.96187495475573,284.0144371647087
2402,Suez OUT - Piraeus,SEA,PILOT_TO_PILOT,5,2402,2152,6,7,SaidTssN,Kriti E,34.70942848472456,27.514053923358436,309.57972469971133,8.0,320.0952289291439,283.8810831903205
2403,Suez OUT - Piraeus,SEA,PILOT_TO_PILOT,5,2403,2153,6,7,SaidTssN,Kriti E,34.710768938268046,27.511899574755255,309.57972469971133,8.0,320.2285829035321,283.74772921593234
2404,Suez OUT - Piraeus,SEA,PILOT_TO_PILOT,5,2404,2154,6,7,SaidTssN,Kriti E,34.71210935389241,27.50974515632432,309.57972469971133,8.0,320.36193687792024,283.61437524154417
2405,Suez OUT - Piraeus,SEA,PILOT_TO_PILOT,5,2405,2155,6,7,SaidTssN,Kriti E,34.71344973159453,27.507590668061855,309.57972469971133,8.0,320.4952908523084,283.481021267156
2406,Suez OUT - Piraeus,SEA,PILOT_TO_PILOT,5,2406,2156,6,7,SaidTssN,Kriti E,34.7147900713713,27.505436109964098,309.57972469971133,8.0,320.6286448266966,283.3476672927678
2407,Suez OUT - Piraeus,SEA,PILOT_TO_PILOT,5,2407,2157,6,7,SaidTssN,Kriti E,34.71613037321956,27.50328148202725,309.57972469971133,8.0,320.76199880108476,283.21431331837965
2408,Suez OUT - Piraeus,SEA,PILOT_TO_PILOT,5,2408,2158,6,7,SaidTssN,Kriti E,34.71747063713621,27.501126784247532,309.57972469971133,8.0,320.89535277547293,283.0809593439915
2409,Suez OUT - Piraeus,SEA,PILOT_TO_PILOT,5,2409,2159,6,7,SaidTssN,Kriti E,34.71881086311813,27.49897201662119,309.57972469971133,8.0,321.0287067498611,282.9476053696033
2410,Suez OUT - Piraeus,SEA,PILOT_TO_PILOT,5,2410,2160,6,7,SaidTssN,Kriti E,34.720151051162176,27.496817179144433,309.57972469971133,8.0,321.1620607242493,282.81425139521514
2411,Suez OUT - Piraeus,SEA,PILOT_TO_PILOT,5,2411,2161,6,7,SaidTssN,Kriti E,34.72149120126524,27.494662271813475,309.57972469971133,8.0,321.29541469863744,282.68089742082697
2412,Suez OUT - Piraeus,SEA,PILOT_TO_PILOT,5,2412,2162,6,7,SaidTssN,Kriti E,34.72283131342417,27.492507294624556,309.57972469971133,8.0,321.4287686730257,282.54754344643874
2413,Suez OUT - Piraeus,SEA,PILOT_TO_PILOT,5,2413,2163,6,7,SaidTssN,Kriti E,34.72417138763587,27.490352247573888,309.57972469971133,8.0,321.56212264741384,282.41418947205057
2414,Suez OUT - Piraeus,SEA,PILOT_TO_PILOT,5,2414,2164,6,7,SaidTssN,Kriti E,34.72551142389721,27.488197130657703,309.57972469971133,8.0,321.695476621802,282.2808354976624
2415,Suez OUT - Piraeus,SEA,PILOT_TO_PILOT,5,2415,2165,6,7,SaidTssN,Kriti E,34.72685142220505,27.48604194387221,309.57972469971133,8.0,321.8288305961902,282.1474815232742
2416,Suez OUT - Piraeus,SEA,PILOT_TO_PILOT,5,2416,2166,6,7,SaidTssN,Kriti E,34.72819138255627,27.48388668721365,309.57972469971133,8.0,321.96218457057836,282.01412754888605
2417,Suez OUT - Piraeus,SEA,PILOT_TO_PILOT,5,2417,2167,6,7,SaidTssN,Kriti E,34.72953130494774,27.481731360678232,309.57972469971133,8.0,322.09553854496653,281.8807735744979
2418,Suez OUT - Piraeus,SEA,PILOT_TO_PILOT,5,2418,2168,6,7,SaidTssN,Kriti E,34.73087118937632,27.479575964262192,309.57972469971133,8.0,322.2288925193547,281.7474196001097
2419,Suez OUT - Piraeus,SEA,PILOT_TO_PILOT,5,2419,2169,6,7,SaidTssN,Kriti E,34.73221103583893,27.477420497961745,309.57972469971133,8.0,322.3622464937429,281.61406562572154
2420,Suez OUT - Piraeus,SEA,PILOT_TO_PILOT,5,2420,2170,6,7,SaidTssN,Kriti E,34.73355084433239,27.47526496177312,309.57972469971133,8.0,322.49560046813104,281.48071165133337
2421,Suez OUT - Piraeus,SEA,PILOT_TO_PILOT,5,2421,2171,6,7,SaidTssN,Kriti E,34.734890614853605,27.47310935569254,309.57972469971133,8.0,322.6289544425192,281.3473576769452
2422,Suez OUT - Piraeus,SEA,PILOT_TO_PILOT,5,2422,2172,6,7,SaidTssN,Kriti E,34.73623034739943,27.47095367971623,309.57972469971133,8.0,322.7623084169074,281.214003702557
2423,Suez OUT - Piraeus,SEA,PILOT_TO_PILOT,5,2423,2173,6,7,SaidTssN,Kriti E,34.73757004196674,27.468797933840417,309.57972469971133,8.0,322.89566239129556,281.08064972816885
2424,Suez OUT - Piraeus,SEA,PILOT_TO_PILOT,5,2424,2174,6,7,SaidTssN,Kriti E,34.73890969855241,27.466642118061312,309.57972469971133,8.0,323.02901636568373,280.9472957537807
2425,Suez OUT - Piraeus,SEA,PILOT_TO_PILOT,5,2425,2175,6,7,SaidTssN,Kriti E,34.74024931715332,27.464486232375155,309.57972469971133,8.0,323.1623703400719,280.8139417793925
2426,Suez OUT - Piraeus,SEA,PILOT_TO_PILOT,5,2426,2176,6,7,SaidTssN,Kriti E,34.741588897766334,27.462330276778168,309.57972469971133,8.0,323.2957243144601,280.68058780500434
2427,Suez OUT - Piraeus,SEA,PILOT_TO_PILOT,5,2427,2177,6,7,SaidTssN,Kriti E,34.742928440388326,27.46017425126658,309.57972469971133,8.0,323.42907828884825,280.54723383061616
2428,Suez OUT - Piraeus,SEA,PILOT_TO_PILOT,5,2428,2178,6,7,SaidTssN,Kriti E,34.74426794501614,27.458018155836594,309.57972469971133,8.0,323.5624322632364,280.413879856228
2429,Suez OUT - Piraeus,SEA,PILOT_TO_PILOT,5,2429,2179,6,7,SaidTssN,Kriti E,34.7456074116467,27.455861990484465,309.57972469971133,8.0,323.6957862376246,280.2805258818398
2430,Suez OUT - Piraeus,SEA,PILOT_TO_PILOT,5,2430,2180,6,7,SaidTssN,Kriti E,34.74694684027684,27.453705755206396,309.57972469971133,8.0,323.82914021201276,280.14717190745165
2431,Suez OUT - Piraeus,SEA,PILOT_TO_PILOT,5,2431,2181,6,7,SaidTssN,Kriti E,34.74828623090344,27.451549449998627,309.57972469971133,8.0,323.96249418640093,280.0138179330635
2432,Suez OUT - Piraeus,SEA,PILOT_TO_PILOT,5,2432,2182,6,7,SaidTssN,Kriti E,34.74962558352336,27.449393074857372,309.57972469971133,8.0,324.0958481607891,279.8804639586753
2433,Suez OUT - Piraeus,SEA,PILOT_TO_PILOT,5,2433,2183,6,7,SaidTssN,Kriti E,34.75096489813349,27.447236629778867,309.57972469971133,8.0,324.22920213517733,279.7471099842871
2434,Suez OUT - Piraeus,SEA,PILOT_TO_PILOT,5,2434,2184,6,7,SaidTssN,Kriti E,34.75230417473068,27.445080114759328,309.57972469971133,8.0,324.3625561095655,279.6137560098989
2435,Suez OUT - Piraeus,SEA,PILOT_TO_PILOT,5,2435,2185,6,7,SaidTssN,Kriti E,34.75364341331181,27.442923529794992,309.57972469971133,8.0,324.4959100839537,279.48040203551074
2436,Suez OUT - Piraeus,SEA,PILOT_TO_PILOT,5,2436,2186,6,7,SaidTssN,Kriti E,34.75498261387376,27.44076687488208,309.57972469971133,8.0,324.62926405834185,279.34704806112256
2437,Suez OUT - Piraeus,SEA,PILOT_TO_PILOT,5,2437,2187,6,7,SaidTssN,Kriti E,34.756321776413365,27.438610150016817,309.57972469971133,8.0,324.76261803273,279.2136940867344
2438,Suez OUT - Piraeus,SEA,PILOT_TO_PILOT,5,2438,2188,6,7,SaidTssN,Kriti E,34.75766090092753,27.43645335519543,309.57972469971133,8.0,324.8959720071182,279.0803401123462
2439,Suez OUT - Piraeus,SEA,PILOT_TO_PILOT,5,2439,2189,6,7,SaidTssN,Kriti E,34.75899998741313,27.434296490414145,309.57972469971133,8.0,325.02932598150636,278.94698613795805
2440,Suez OUT - Piraeus,SEA,PILOT_TO_PILOT,5,2440,2190,6,7,SaidTssN,Kriti E,34.760339035866984,27.43213955566918,309.57972469971133,8.0,325.16267995589453,278.8136321635699
2441,Suez OUT - Piraeus,SEA,PILOT_TO_PILOT,5,2441,2191,6,7,SaidTssN,Kriti E,34.76167804628601,27.429982550956783,309.57972469971133,8.0,325.2960339302827,278.6802781891817
2442,Suez OUT - Piraeus,SEA,PILOT_TO_PILOT,5,2442,2192,6,7,SaidTssN,Kriti E,34.76301701866705,27.427825476273163,309.57972469971133,8.0,325.4293879046709,278.54692421479353
2443,Suez OUT - Piraeus,SEA,PILOT_TO_PILOT,5,2443,2193,6,7,SaidTssN,Kriti E,34.76435595300698,27.425668331614556,309.57972469971133,8.0,325.56274187905905,278.41357024040536
2444,Suez OUT - Piraeus,SEA,PILOT_TO_PILOT,5,2444,2194,6,7,SaidTssN,Kriti E,34.765694849302676,27.42351111697719,309.57972469971133,8.0,325.6960958534472,278.2802162660172
2445,Suez OUT - Piraeus,SEA,PILOT_TO_PILOT,5,2445,2195,6,7,SaidTssN,Kriti E,34.767033707550986,27.421353832357283,309.57972469971133,8.0,325.8294498278354,278.146862291629
2446,Suez OUT - Piraeus,SEA,PILOT_TO_PILOT,5,2446,2196,6,7,SaidTssN,Kriti E,34.768372527748795,27.41919647775107,309.57972469971133,8.0,325.96280380222356,278.01350831724085
2447,Suez OUT - Piraeus,SEA,PILOT_TO_PILOT,5,2447,2197,6,7,SaidTssN,Kriti E,34.76971130989297,27.417039053154774,309.57972469971133,8.0,326.09615777661173,277.8801543428527
2448,Suez OUT - Piraeus,SEA,PILOT_TO_PILOT,5,2448,2198,6,7,SaidTssN,Kriti E,34.77105005398037,27.414881558564627,309.57972469971133,8.0,326.2295117509999,277.7468003684645
2449,Suez OUT - Piraeus,SEA,PILOT_TO_PILOT,5,2449,2199,6,7,SaidTssN,Kriti E,34.772388760007864,27.412723993976858,309.57972469971133,8.0,326.3628657253881,277.61344639407633
2450,Suez OUT - Piraeus,SEA,PILOT_TO_PILOT,5,2450,2200,6,7,SaidTssN,Kriti E,34.77372742797232,27.410566359387683,309.57972469971133,8.0,326.49621969977625,277.48009241968816
2451,Suez OUT - Piraeus,SEA,PILOT_TO_PILOT,5,2451,2201,6,7,SaidTssN,Kriti E,34.7750660578706,27.408408654793345,309.57972469971133,8.0,326.6295736741644,277.3467384453
2452,Suez OUT - Piraeus,SEA,PILOT_TO_PILOT,5,2452,2202,6,7,SaidTssN,Kriti E,34.77640464969959,27.40625088019007,309.57972469971133,8.0,326.7629276485526,277.2133844709118
2453,Suez OUT - Piraeus,SEA,PILOT_TO_PILOT,5,2453,2203,6,7,SaidTssN,Kriti E,34.77774320345613,27.404093035574075,309.57972469971133,8.0,326.89628162294076,277.08003049652365
2454,Suez OUT - Piraeus,SEA,PILOT_TO_PILOT,5,2454,2204,6,7,SaidTssN,Kriti E,34.7790817191371,27.401935120941594,309.57972469971133,8.0,327.029635597329,276.9466765221354
2455,Suez OUT - Piraeus,SEA,PILOT_TO_PILOT,5,2455,2205,6,7,SaidTssN,Kriti E,34.780420196739364,27.39977713628887,309.57972469971133,8.0,327.16298957171716,276.81332254774725
2456,Suez OUT - Piraeus,SEA,PILOT_TO_PILOT,5,2456,2206,6,7,SaidTssN,Kriti E,34.78175863625978,27.39761908161211,309.57972469971133,8.0,327.29634354610533,276.6799685733591
2457,Suez OUT - Piraeus,SEA,PILOT_TO_PILOT,5,2457,2207,6,7,SaidTssN,Kriti E,34.783097037695235,27.395460956907545,309.57972469971133,8.0,327.4296975204935,276.5466145989709
2458,Suez OUT - Piraeus,SEA,PILOT_TO_PILOT,5,2458,2208,6,7,SaidTssN,Kriti E,34.78443540104257,27.393302762171423,309.57972469971133,8.0,327.5630514948817,276.41326062458273
2459,Suez OUT - Piraeus,SEA,PILOT_TO_PILOT,5,2459,2209,6,7,SaidTssN,Kriti E,34.785773726298665,27.391144497399956,309.57972469971133,8.0,327.69640546926985,276.27990665019456
2460,Suez OUT - Piraeus,SEA,PILOT_TO_PILOT,5,2460,2210,6,7,SaidTssN,Kriti E,34.78711201346037,27.38898616258938,309.57972469971133,8.0,327.829759443658,276.1465526758064
2461,Suez OUT - Piraeus,SEA,PILOT_TO_PILOT,5,2461,2211,6,7,SaidTssN,Kriti E,34.78845026252457,27.38682775773592,309.57972469971133,8.0,327.9631134180462,276.0131987014182
2462,Suez OUT - Piraeus,SEA,PILOT_TO_PILOT,5,2462,2212,6,7,SaidTssN,Kriti E,34.78978847348811,27.384669282835805,309.57972469971133,8.0,328.09646739243436,275.87984472703005
2463,Suez OUT - Piraeus,SEA,PILOT_TO_PILOT,5,2463,2213,6,7,SaidTssN,Kriti E,34.79112664634787,27.382510737885276,309.57972469971133,8.0,328.22982136682253,275.7464907526419
2464,Suez OUT - Piraeus,SEA,PILOT_TO_PILOT,5,2464,2214,6,7,SaidTssN,Kriti E,34.792464781100705,27.380352122880556,309.57972469971133,8.0,328.3631753412107,275.6131367782537
2465,Suez OUT - Piraeus,SEA,PILOT_TO_PILOT,5,2465,2215,6,7,SaidTssN,Kriti E,34.79380287774348,27.378193437817867,309.57972469971133,8.0,328.4965293155989,275.47978280386553
2466,Suez OUT - Piraeus,SEA,PILOT_TO_PILOT,5,2466,2216,6,7,SaidTssN,Kriti E,34.79514093627305,27.376034682693437,309.57972469971133,8.0,328.62988328998705,275.34642882947736
2467,Suez OUT - Piraeus,SEA,PILOT_TO_PILOT,5,2467,2217,6,7,SaidTssN,Kriti E,34.7964789566863,27.373875857503513,309.57972469971133,8.0,328.7632372643752,275.2130748550892
2468,Suez OUT - Piraeus,SEA,PILOT_TO_PILOT,5,2468,2218,6,7,SaidTssN,Kriti E,34.79781693898008,27.371716962244317,309.57972469971133,8.0,328.8965912387634,275.079720880701
2469,Suez OUT - Piraeus,SEA,PILOT_TO_PILOT,5,2469,2219,6,7,SaidTssN,Kriti E,34.79915488315125,27.36955799691208,309.57972469971133,8.0,329.02994521315156,274.94636690631285
2470,Suez OUT - Piraeus,SEA,PILOT_TO_PILOT,5,2470,2220,6,7,SaidTssN,Kriti E,34.80049278919669,27.36739896150303,309.57972469971133,8.0,329.16329918753974,274.8130129319247
2471,Suez OUT - Piraeus,SEA,PILOT_TO_PILOT,5,2471,2221,6,7,SaidTssN,Kriti E,34.80183065711323,27.365239856013403,309.57972469971133,8.0,329.2966531619279,274.6796589575365
2472,Suez OUT - Piraeus,SEA,PILOT_TO_PILOT,5,2472,2222,6,7,SaidTssN,Kriti E,34.80316848689776,27.363080680439417,309.57972469971133,8.0,329.4300071363161,274.54630498314833
2473,Suez OUT - Piraeus,SEA,PILOT_TO_PILOT,5,2473,2223,6,7,SaidTssN,Kriti E,34.80450627854714,27.360921434777318,309.57972469971133,8.0,329.56336111070425,274.41295100876016
2474,Suez OUT - Piraeus,SEA,PILOT_TO_PILOT,5,2474,2224,6,7,SaidTssN,Kriti E,34.80584403205823,27.358762119023332,309.57972469971133,8.0,329.6967150850925,274.27959703437193
2475,Suez OUT - Piraeus,SEA,PILOT_TO_PILOT,5,2475,2225,6,7,SaidTssN,Kriti E,34.80718174742788,27.356602733173684,309.57972469971133,8.0,329.83006905948065,274.14624305998376
2476,Suez OUT - Piraeus,SEA,PILOT_TO_PILOT,5,2476,2226,6,7,SaidTssN,Kriti E,34.808519424652964,27.354443277224615,309.57972469971133,8.0,329.9634230338688,274.0128890855956
2477,Suez OUT - Piraeus,SEA,PILOT_TO_PILOT,5,2477,2227,6,7,SaidTssN,Kriti E,34.809857063730334,27.352283751172347,309.57972469971133,8.0,330.096777008257,273.8795351112074
2478,Suez OUT - Piraeus,SEA,PILOT_TO_PILOT,5,2478,2228,6,7,SaidTssN,Kriti E,34.81119466465687,27.350124155013116,309.57972469971133,8.0,330.23013098264516,273.74618113681925
2479,Suez OUT - Piraeus,SEA,PILOT_TO_PILOT,5,2479,2229,6,7,SaidTssN,Kriti E,34.81253222742941,27.34796448874316,309.57972469971133,8.0,330.36348495703334,273.6128271624311
2480,Suez OUT - Piraeus,SEA,PILOT_TO_PILOT,5,2480,2230,6,7,SaidTssN,Kriti E,34.81386975204483,27.345804752358703,309.57972469971133,8.0,330.4968389314215,273.4794731880429
2481,Suez OUT - Piraeus,SEA,PILOT_TO_PILOT,5,2481,2231,6,7,SaidTssN,Kriti E,34.81520723849999,27.343644945855974,309.57972469971133,8.0,330.6301929058097,273.34611921365473
2482,Suez OUT - Piraeus,SEA,PILOT_TO_PILOT,5,2482,2232,6,7,SaidTssN,Kriti E,34.816544686791744,27.34148506923122,309.57972469971133,8.0,330.76354688019785,273.21276523926656
2483,Suez OUT - Piraeus,SEA,PILOT_TO_PILOT,5,2483,2233,6,7,SaidTssN,Kriti E,34.81788209691695,27.339325122480652,309.57972469971133,8.0,330.896900854586,273.0794112648784
2484,Suez OUT - Piraeus,SEA,PILOT_TO_PILOT,5,2484,2234,6,7,SaidTssN,Kriti E,34.81921946887247,27.337165105600523,309.57972469971133,8.0,331.0302548289742,272.9460572904902
2485,Suez OUT - Piraeus,SEA,PILOT_TO_PILOT,5,2485,2235,6,7,SaidTssN,Kriti E,34.82055680265516,27.335005018587047,309.57972469971133,8.0,331.16360880336237,272.81270331610204
2486,Suez OUT - Piraeus,SEA,PILOT_TO_PILOT,5,2486,2236,6,7,SaidTssN,Kriti E,34.82189409826191,27.332844861436463,309.57972469971133,8.0,331.29696277775054,272.6793493417139
2487,Suez OUT - Piraeus,SEA,PILOT_TO_PILOT,5,2487,2237,6,7,SaidTssN,Kriti E,34.823231355689536,27.330684634145015,309.57972469971133,8.0,331.4303167521387,272.5459953673257
2488,Suez OUT - Piraeus,SEA,PILOT_TO_PILOT,5,2488,2238,6,7,SaidTssN,Kriti E,34.82456857493493,27.328524336708924,309.57972469971133,8.0,331.5636707265269,272.41264139293753
2489,Suez OUT - Piraeus,SEA,PILOT_TO_PILOT,5,2489,2239,6,7,SaidTssN,Kriti E,34.82590575599494,27.32636396912443,309.57972469971133,8.0,331.69702470091505,272.27928741854936
2490,Suez OUT - Piraeus,SEA,PILOT_TO_PILOT,5,2490,2240,6,7,SaidTssN,Kriti E,34.82724289886641,27.32420353138776,309.57972469971133,8.0,331.8303786753032,272.1459334441612
2491,Suez OUT - Piraeus,SEA,PILOT_TO_PILOT,5,2491,2241,6,7,SaidTssN,Kriti E,34.82858000354622,27.322043023495144,309.57972469971133,8.0,331.9637326496914,272.012579469773
2492,Suez OUT - Piraeus,SEA,PILOT_TO_PILOT,5,2492,2242,6,7,SaidTssN,Kriti E,34.82991707003122,27.319882445442822,309.57972469971133,8.0,332.09708662407957,271.87922549538484
2493,Suez OUT - Piraeus,SEA,PILOT_TO_PILOT,5,2493,2243,6,7,SaidTssN,Kriti E,34.831254098318276,27.317721797227026,309.57972469971133,8.0,332.23044059846774,271.7458715209967
2494,Suez OUT - Piraeus,SEA,PILOT_TO_PILOT,5,2494,2244,6,7,SaidTssN,Kriti E,34.83259108840423,27.315561078844002,309.57972469971133,8.0,332.3637945728559,271.6125175466085
2495,Suez OUT - Piraeus,SEA,PILOT_TO_PILOT,5,2495,2245,6,7,SaidTssN,Kriti E,34.833928040285954,27.313400290289962,309.57972469971133,8.0,332.49714854724414,271.4791635722203
2496,Suez OUT - Piraeus,SEA,PILOT_TO_PILOT,5,2496,2246,6,7,SaidTssN,Kriti E,34.8352649539603,27.311239431561145,309.57972469971133,8.0,332.6305025216323,271.3458095978321
2497,Suez OUT - Piraeus,SEA,PILOT_TO_PILOT,5,2497,2247,6,7,SaidTssN,Kriti E,34.83660182942412,27.309078502653794,309.57972469971133,8.0,332.7638564960205,271.21245562344393
2498,Suez OUT - Piraeus,SEA,PILOT_TO_PILOT,5,2498,2248,6,7,SaidTssN,Kriti E,34.83793866667429,27.306917503564147,309.57972469971133,8.0,332.89721047040865,271.07910164905576
2499,Suez OUT - Piraeus,SEA,PILOT_TO_PILOT,5,2499,2249,6,7,SaidTssN,Kriti E,34.839275465707644,27.30475643428842,309.57972469971133,8.0,333.0305644447968,270.9457476746676
2500,Suez OUT - Piraeus,SEA,PILOT_TO_PILOT,5,2500,2250,6,7,SaidTssN,Kriti E,34.84061222652105,27.302595294822858,309.57972469971133,8.0,333.163918419185,270.8123937002794
2501,Suez OUT - Piraeus,SEA,PILOT_TO_PILOT,5,2501,2251,6,7,SaidTssN,Kriti E,34.84194894911137,27.300434085163705,309.57972469971133,8.0,333.29727239357317,270.67903972589124
2502,Suez OUT - Piraeus,SEA,PILOT_TO_PILOT,5,2502,2252,6,7,SaidTssN,Kriti E,34.84328563347545,27.298272805307175,309.57972469971133,8.0,333.43062636796134,270.5456857515031
2503,Suez OUT - Piraeus,SEA,PILOT_TO_PILOT,5,2503,2253,6,7,SaidTssN,Kriti E,34.844622279610164,27.29611145524952,309.57972469971133,8.0,333.5639803423495,270.4123317771149
2504,Suez OUT - Piraeus,SEA,PILOT_TO_PILOT,5,2504,2254,6,7,SaidTssN,Kriti E,34.845958887512346,27.293950034986967,309.57972469971133,8.0,333.6973343167377,270.27897780272673
2505,Suez OUT - Piraeus,SEA,PILOT_TO_PILOT,5,2505,2255,6,7,SaidTssN,Kriti E,34.847295457178866,27.29178854451575,309.57972469971133,8.0,333.83068829112585,270.14562382833856
2506,Suez OUT - Piraeus,SEA,PILOT_TO_PILOT,5,2506,2256,6,7,SaidTssN,Kriti E,34.84863198860658,27.289626983832118,309.57972469971133,8.0,333.964042265514,270.0122698539504
2507,Suez OUT - Piraeus,SEA,PILOT_TO_PILOT,5,2507,2257,6,7,SaidTssN,Kriti E,34.849968481792324,27.287465352932287,309.57972469971133,8.0,334.0973962399022,269.8789158795622
2508,Suez OUT - Piraeus,SEA,PILOT_TO_PILOT,5,2508,2258,6,7,SaidTssN,Kriti E,34.85130493673298,27.2853036518125,309.57972469971133,8.0,334.23075021429037,269.74556190517404
2509,Suez OUT - Piraeus,SEA,PILOT_TO_PILOT,5,2509,2259,6,7,SaidTssN,Kriti E,34.85264135342539,27.283141880468996,309.57972469971133,8.0,334.36410418867854,269.61220793078587
2510,Suez OUT - Piraeus,SEA,PILOT_TO_PILOT,5,2510,2260,6,7,SaidTssN,Kriti E,34.85397773186641,27.28098003889801,309.57972469971133,8.0,334.4974581630667,269.4788539563977
2511,Suez OUT - Piraeus,SEA,PILOT_TO_PILOT,5,2511,2261,6,7,SaidTssN,Kriti E,34.85531407205289,27.27881812709577,309.57972469971133,8.0,334.6308121374549,269.3454999820095
2512,Suez OUT - Piraeus,SEA,PILOT_TO_PILOT,5,2512,2262,6,7,SaidTssN,Kriti E,34.8566503739817,27.276656145058528,309.57972469971133,8.0,334.76416611184305,269.21214600762136
2513,Suez OUT - Piraeus,SEA,PILOT_TO_PILOT,5,2513,2263,6,7,SaidTssN,Kriti E,34.85798663764968,27.274494092782504,309.57972469971133,8.0,334.8975200862312,269.0787920332332
2514,Suez OUT - Piraeus,SEA,PILOT_TO_PILOT,5,2514,2264,6,7,SaidTssN,Kriti E,34.8593228630537,27.27233197026395,309.57972469971133,8.0,335.0308740606194,268.945438058845
2515,Suez OUT - Piraeus,SEA,PILOT_TO_PILOT,5,2515,2265,6,7,SaidTssN,Kriti E,34.86065905019058,27.27016977749908,309.57972469971133,8.0,335.16422803500757,268.81208408445684
2516,Suez OUT - Piraeus,SEA,PILOT_TO_PILOT,5,2516,2266,6,7,SaidTssN,Kriti E,34.86199519905721,27.268007514484154,309.57972469971133,8.0,335.2975820093958,268.6787301100686
2517,Suez OUT - Piraeus,SEA,PILOT_TO_PILOT,5,2517,2267,6,7,SaidTssN,Kriti E,34.863331309650434,27.265845181215397,309.57972469971133,8.0,335.43093598378397,268.54537613568044
2518,Suez OUT - Piraeus,SEA,PILOT_TO_PILOT,5,2518,2268,6,7,SaidTssN,Kriti E,34.86466738196709,27.263682777689045,309.57972469971133,8.0,335.56428995817214,268.41202216129227
2519,Suez OUT - Piraeus,SEA,PILOT_TO_PILOT,5,2519,2269,6,7,SaidTssN,Kriti E,34.86600341600404,27.261520303901335,309.57972469971133,8.0,335.6976439325603,268.2786681869041
2520,Suez OUT - Piraeus,SEA,PILOT_TO_PILOT,5,2520,2270,6,7,SaidTssN,Kriti E,34.86733941175815,27.259357759848516,309.57972469971133,8.0,335.8309979069485,268.1453142125159
2521,Suez OUT - Piraeus,SEA,PILOT_TO_PILOT,5,2521,2271,6,7,SaidTssN,Kriti E,34.86867536922627,27.257195145526808,309.57972469971133,8.0,335.96435188133665,268.01196023812776
2522,Suez OUT - Piraeus,SEA,PILOT_TO_PILOT,5,2522,2272,6,7,SaidTssN,Kriti E,34.87001128840523,27.255032460932455,309.57972469971133,8.0,336.0977058557248,267.8786062637396
2523,Suez OUT - Piraeus,SEA,PILOT_TO_PILOT,5,2523,2273,6,7,SaidTssN,Kriti E,34.8713471692919,27.252869706061702,309.57972469971133,8.0,336.231059830113,267.7452522893514
2524,Suez OUT - Piraeus,SEA,PILOT_TO_PILOT,5,2524,2274,6,7,SaidTssN,Kriti E,34.87268301188313,27.250706880910773,309.57972469971133,8.0,336.36441380450117,267.61189831496324
2525,Suez OUT - Piraeus,SEA,PILOT_TO_PILOT,5,2525,2275,6,7,SaidTssN,Kriti E,34.87401881617577,27.24854398547592,309.57972469971133,8.0,336.49776777888934,267.47854434057507
2526,Suez OUT - Piraeus,SEA,PILOT_TO_PILOT,5,2526,2276,6,7,SaidTssN,Kriti E,34.87535458216668,27.24638101975337,309.57972469971133,8.0,336.6311217532775,267.3451903661869
2527,Suez OUT - Piraeus,SEA,PILOT_TO_PILOT,5,2527,2277,6,7,SaidTssN,Kriti E,34.876690309852705,27.244217983739368,309.57972469971133,8.0,336.7644757276657,267.2118363917987
2528,Suez OUT - Piraeus,SEA,PILOT_TO_PILOT,5,2528,2278,6,7,SaidTssN,Kriti E,34.8780259992307,27.242054877430142,309.57972469971133,8.0,336.89782970205385,267.07848241741056
2529,Suez OUT - Piraeus,SEA,PILOT_TO_PILOT,5,2529,2279,6,7,SaidTssN,Kriti E,34.879361650297504,27.239891700821946,309.57972469971133,8.0,337.031183676442,266.9451284430224
2530,Suez OUT - Piraeus,SEA,PILOT_TO_PILOT,5,2530,2280,6,7,SaidTssN,Kriti E,34.88069726304998,27.23772845391101,309.57972469971133,8.0,337.1645376508302,266.8117744686342
2531,Suez OUT - Piraeus,SEA,PILOT_TO_PILOT,5,2531,2281,6,7,SaidTssN,Kriti E,34.88203283748498,27.235565136693573,309.57972469971133,8.0,337.29789162521837,266.67842049424604
2532,Suez OUT - Piraeus,SEA,PILOT_TO_PILOT,5,2532,2282,6,7,SaidTssN,Kriti E,34.88336837359934,27.23340174916587,309.57972469971133,8.0,337.43124559960654,266.54506651985787
2533,Suez OUT - Piraeus,SEA,PILOT_TO_PILOT,5,2533,2283,6,7,SaidTssN,Kriti E,34.88470387138993,27.231238291324143,309.57972469971133,8.0,337.5645995739947,266.4117125454697
2534,Suez OUT - Piraeus,SEA,PILOT_TO_PILOT,5,2534,2284,6,7,SaidTssN,Kriti E,34.88603933085359,27.229074763164636,309.57972469971133,8.0,337.6979535483829,266.2783585710815
2535,Suez OUT - Piraeus,SEA,PILOT_TO_PILOT,5,2535,2285,6,7,SaidTssN,Kriti E,34.88737475198717,27.226911164683575,309.57972469971133,8.0,337.83130752277106,266.14500459669335
2536,Suez OUT - Piraeus,SEA,PILOT_TO_PILOT,5,2536,2286,6,7,SaidTssN,Kriti E,34.88871013478752,27.224747495877217,309.57972469971133,8.0,337.9646614971593,266.0116506223051
2537,Suez OUT - Piraeus,SEA,PILOT_TO_PILOT,5,2537,2287,6,7,SaidTssN,Kriti E,34.89004547925149,27.222583756741784,309.57972469971133,8.0,338.09801547154746,265.87829664791695
2538,Suez OUT - Piraeus,SEA,PILOT_TO_PILOT,5,2538,2288,6,7,SaidTssN,Kriti E,34.89138078537593,27.220419947273527,309.57972469971133,8.0,338.2313694459356,265.7449426735288
2539,Suez OUT - Piraeus,SEA,PILOT_TO_PILOT,5,2539,2289,6,7,SaidTssN,Kriti E,34.89271605315769,27.218256067468683,309.57972469971133,8.0,338.3647234203238,265.6115886991406
2540,Suez OUT - Piraeus,SEA,PILOT_TO_PILOT,5,2540,2290,6,7,SaidTssN,Kriti E,34.894051282593615,27.216092117323495,309.57972469971133,8.0,338.49807739471197,265.47823472475244
2541,Suez OUT - Piraeus,SEA,PILOT_TO_PILOT,5,2541,2291,6,7,SaidTssN,Kriti E,34.89538647368057,27.213928096834195,309.57972469971133,8.0,338.63143136910014,265.34488075036427
2542,Suez OUT - Piraeus,SEA,PILOT_TO_PILOT,5,2542,2292,6,7,SaidTssN,Kriti E,34.896721626415385,27.21176400599703,309.57972469971133,8.0,338.7647853434883,265.2115267759761
2543,Suez OUT - Piraeus,SEA,PILOT_TO_PILOT,5,2543,2293,6,7,SaidTssN,Kriti E,34.89805674079491,27.209599844808228,309.57972469971133,8.0,338.8981393178765,265.0781728015879
2544,Suez OUT - Piraeus,SEA,PILOT_TO_PILOT,5,2544,2294,6,7,SaidTssN,Kriti E,34.89939181681599,27.207435613264046,309.57972469971133,8.0,339.03149329226466,264.94481882719975
2545,Suez OUT - Piraeus,SEA,PILOT_TO_PILOT,5,2545,2295,6,7,SaidTssN,Kriti E,34.900726854475494,27.20527131136072,309.57972469971133,8.0,339.1648472666528,264.8114648528116
2546,Suez OUT - Piraeus,SEA,PILOT_TO_PILOT,5,2546,2296,6,7,SaidTssN,Kriti E,34.902061853770256,27.203106939094482,309.57972469971133,8.0,339.298201241041,264.6781108784234
2547,Suez OUT - Piraeus,SEA,PILOT_TO_PILOT,5,2547,2297,6,7,SaidTssN,Kriti E,34.90339681469711,27.200942496461582,309.57972469971133,8.0,339.43155521542917,264.54475690403524
2548,Suez OUT - Piraeus,SEA,PILOT_TO_PILOT,5,2548,2298,6,7,SaidTssN,Kriti E,34.90473173725293,27.198777983458253,309.57972469971133,8.0,339.56490918981734,264.41140292964707
2549,Suez OUT - Piraeus,SEA,PILOT_TO_PILOT,5,2549,2299,6,7,SaidTssN,Kriti E,34.906066621434555,27.196613400080743,309.57972469971133,8.0,339.6982631642055,264.2780489552589
2550,Suez OUT - Piraeus,SEA,PILOT_TO_PILOT,5,2550,2300,6,7,SaidTssN,Kriti E,34.90740146723882,27.194448746325296,309.57972469971133,8.0,339.8316171385937,264.1446949808707
2551,Suez OUT - Piraeus,SEA,PILOT_TO_PILOT,5,2551,2301,6,7,SaidTssN,Kriti E,34.90873627466258,27.192284022188137,309.57972469971133,8.0,339.96497111298186,264.01134100648255
2552,Suez OUT - Piraeus,SEA,PILOT_TO_PILOT,5,2552,2302,6,7,SaidTssN,Kriti E,34.910071043702686,27.190119227665527,309.57972469971133,8.0,340.09832508737003,263.8779870320944
2553,Suez OUT - Piraeus,SEA,PILOT_TO_PILOT,5,2553,2303,6,7,SaidTssN,Kriti E,34.91140577435596,27.18795436275369,309.57972469971133,8.0,340.2316790617582,263.7446330577062
2554,Suez OUT - Piraeus,SEA,PILOT_TO_PILOT,5,2554,2304,6,7,SaidTssN,Kriti E,34.912740466619304,27.185789427448885,309.57972469971133,8.0,340.3650330361464,263.61127908331804
2555,Suez OUT - Piraeus,SEA,PILOT_TO_PILOT,5,2555,2305,6,7,SaidTssN,Kriti E,34.91407512048951,27.183624421747343,309.57972469971133,8.0,340.49838701053454,263.47792510892987
2556,Suez OUT - Piraeus,SEA,PILOT_TO_PILOT,5,2556,2306,6,7,SaidTssN,Kriti E,34.915409735963436,27.181459345645315,309.57972469971133,8.0,340.6317409849227,263.3445711345417
2557,Suez OUT - Piraeus,SEA,PILOT_TO_PILOT,5,2557,2307,6,7,SaidTssN,Kriti E,34.916744313037945,27.179294199139022,309.57972469971133,8.0,340.76509495931094,263.21121716015347
2558,Suez OUT - Piraeus,SEA,PILOT_TO_PILOT,5,2558,2308,6,7,SaidTssN,Kriti E,34.918078851709865,27.17712898222473,309.57972469971133,8.0,340.8984489336991,263.0778631857653
2559,Suez OUT - Piraeus,SEA,PILOT_TO_PILOT,5,2559,2309,6,7,SaidTssN,Kriti E,34.91941335197605,27.174963694898672,309.57972469971133,8.0,341.0318029080873,262.9445092113771
2560,Suez OUT - Piraeus,SEA,PILOT_TO_PILOT,5,2560,2310,6,7,SaidTssN,Kriti E,34.92074781383334,27.172798337157086,309.57972469971133,8.0,341.16515688247546,262.81115523698895
2561,Suez OUT - Piraeus,SEA,PILOT_TO_PILOT,5,2561,2311,6,7,SaidTssN,Kriti E,34.922082237278595,27.17063290899623,309.57972469971133,8.0,341.29851085686363,262.6778012626008
2562,Suez OUT - Piraeus,SEA,PILOT_TO_PILOT,5,2562,2312,6,7,SaidTssN,Kriti E,34.923416622308636,27.16846741041233,309.57972469971133,8.0,341.4318648312518,262.5444472882126
2563,Suez OUT - Piraeus,SEA,PILOT_TO_PILOT,5,2563,2313,6,7,SaidTssN,Kriti E,34.92475096892032,27.166301841401634,309.57972469971133,8.0,341.56521880564,262.41109331382444
2564,Suez OUT - Piraeus,SEA,PILOT_TO_PILOT,5,2564,2314,6,7,SaidTssN,Kriti E,34.92608527711049,27.164136201960382,309.57972469971133,8.0,341.69857278002814,262.27773933943627
2565,Suez OUT - Piraeus,SEA,PILOT_TO_PILOT,5,2565,2315,6,7,SaidTssN,Kriti E,34.927419546875996,27.161970492084826,309.57972469971133,8.0,341.8319267544163,262.1443853650481
2566,Suez OUT - Piraeus,SEA,PILOT_TO_PILOT,5,2566,2316,6,7,SaidTssN,Kriti E,34.92875377821366,27.1598047117712,309.57972469971133,8.0,341.9652807288045,262.0110313906599
2567,Suez OUT - Piraeus,SEA,PILOT_TO_PILOT,5,2567,2317,6,7,SaidTssN,Kriti E,34.930087971120365,27.15763886101576,309.57972469971133,8.0,342.09863470319266,261.87767741627175
2568,Suez OUT - Piraeus,SEA,PILOT_TO_PILOT,5,2568,2318,6,7,SaidTssN,Kriti E,34.93142212559292,27.155472939814732,309.57972469971133,8.0,342.23198867758083,261.7443234418836
2569,Suez OUT - Piraeus,SEA,PILOT_TO_PILOT,5,2569,2319,6,7,SaidTssN,Kriti E,34.932756241628184,27.15330694816438,309.57972469971133,8.0,342.365342651969,261.6109694674954
2570,Suez OUT - Piraeus,SEA,PILOT_TO_PILOT,5,2570,2320,6,7,SaidTssN,Kriti E,34.93409031922299,27.151140886060936,309.57972469971133,8.0,342.4986966263572,261.47761549310724
2571,Suez OUT - Piraeus,SEA,PILOT_TO_PILOT,5,2571,2321,6,7,SaidTssN,Kriti E,34.93542435837419,27.148974753500646,309.57972469971133,8.0,342.63205060074534,261.34426151871907
2572,Suez OUT - Piraeus,SEA,PILOT_TO_PILOT,5,2572,2322,6,7,SaidTssN,Kriti E,34.93675835907862,27.146808550479747,309.57972469971133,8.0,342.7654045751335,261.2109075443309
2573,Suez OUT - Piraeus,SEA,PILOT_TO_PILOT,5,2573,2323,6,7,SaidTssN,Kriti E,34.93809232133314,27.1446422769945,309.57972469971133,8.0,342.8987585495217,261.0775535699427
2574,Suez OUT - Piraeus,SEA,PILOT_TO_PILOT,5,2574,2324,6,7,SaidTssN,Kriti E,34.93942624513456,27.142475933041126,309.57972469971133,8.0,343.03211252390986,260.94419959555455
2575,Suez OUT - Piraeus,SEA,PILOT_TO_PILOT,5,2575,2325,6,7,SaidTssN,Kriti E,34.94076013047976,27.14030951861589,309.57972469971133,8.0,343.16546649829803,260.8108456211664
2576,Suez OUT - Piraeus,SEA,PILOT_TO_PILOT,5,2576,2326,6,7,SaidTssN,Kriti E,34.942093977365545,27.13814303371503,309.57972469971133,8.0,343.2988204726862,260.6774916467782
2577,Suez OUT - Piraeus,SEA,PILOT_TO_PILOT,5,2577,2327,6,7,SaidTssN,Kriti E,34.943427785788785,27.135976478334793,309.57972469971133,8.0,343.4321744470744,260.54413767239004
2578,Suez OUT - Piraeus,SEA,PILOT_TO_PILOT,5,2578,2328,6,7,SaidTssN,Kriti E,34.944761555746304,27.133809852471416,309.57972469971133,8.0,343.5655284214626,260.4107836980018
2579,Suez OUT - Piraeus,SEA,PILOT_TO_PILOT,5,2579,2329,6,7,SaidTssN,Kriti E,34.94609528723496,27.131643156121157,309.57972469971133,8.0,343.6988823958508,260.27742972361364
2580,Suez OUT - Piraeus,SEA,PILOT_TO_PILOT,5,2580,2330,6,7,SaidTssN,Kriti E,34.94742898025158,27.12947638928025,309.57972469971133,8.0,343.83223637023895,260.14407574922546
2581,Suez OUT - Piraeus,SEA,PILOT_TO_PILOT,5,2581,2331,6,7,SaidTssN,Kriti E,34.948762634793006,27.127309551944943,309.57972469971133,8.0,343.9655903446271,260.0107217748373
2582,Suez OUT - Piraeus,SEA,PILOT_TO_PILOT,5,2582,2332,6,7,SaidTssN,Kriti E,34.950096250856085,27.125142644111484,309.57972469971133,8.0,344.0989443190153,259.8773678004491
2583,Suez OUT - Piraeus,SEA,PILOT_TO_PILOT,5,2583,2333,6,7,SaidTssN,Kriti E,34.95142982843765,27.12297566577612,309.57972469971133,8.0,344.23229829340346,259.74401382606095
2584,Suez OUT - Piraeus,SEA,PILOT_TO_PILOT,5,2584,2334,6,7,SaidTssN,Kriti E,34.95276336753455,27.120808616935093,309.57972469971133,8.0,344.36565226779163,259.6106598516728
2585,Suez OUT - Piraeus,SEA,PILOT_TO_PILOT,5,2585,2335,6,7,SaidTssN,Kriti E,34.95409686814362,27.118641497584647,309.57972469971133,8.0,344.4990062421798,259.4773058772846
2586,Suez OUT - Piraeus,SEA,PILOT_TO_PILOT,5,2586,2336,6,7,SaidTssN,Kriti E,34.955430330261706,27.116474307721035,309.57972469971133,8.0,344.632360216568,259.34395190289644
2587,Suez OUT - Piraeus,SEA,PILOT_TO_PILOT,5,2587,2337,6,7,SaidTssN,Kriti E,34.956763753885646,27.114307047340503,309.57972469971133,8.0,344.76571419095615,259.21059792850826
2588,Suez OUT - Piraeus,SEA,PILOT_TO_PILOT,5,2588,2338,6,7,SaidTssN,Kriti E,34.95809713901227,27.11213971643929,309.57972469971133,8.0,344.8990681653443,259.0772439541201
2589,Suez OUT - Piraeus,SEA,PILOT_TO_PILOT,5,2589,2339,6,7,SaidTssN,Kriti E,34.95943048563842,27.10997231501365,309.57972469971133,8.0,345.0324221397325,258.9438899797319
2590,Suez OUT - Piraeus,SEA,PILOT_TO_PILOT,5,2590,2340,6,7,SaidTssN,Kriti E,34.96076379376095,27.107804843059824,309.57972469971133,8.0,345.16577611412066,258.81053600534375
2591,Suez OUT - Piraeus,SEA,PILOT_TO_PILOT,5,2591,2341,6,7,SaidTssN,Kriti E,34.962097063376675,27.105637300574063,309.57972469971133,8.0,345.29913008850883,258.6771820309556
2592,Suez OUT - Piraeus,SEA,PILOT_TO_PILOT,5,2592,2342,6,7,SaidTssN,Kriti E,34.96343029448244,27.103469687552607,309.57972469971133,8.0,345.432484062897,258.5438280565674
2593,Suez OUT - Piraeus,SEA,PILOT_TO_PILOT,5,2593,2343,6,7,SaidTssN,Kriti E,34.96476348707511,27.101302003991712,309.57972469971133,8.0,345.5658380372852,258.41047408217923
2594,Suez OUT - Piraeus,SEA,PILOT_TO_PILOT,5,2594,2344,6,7,SaidTssN,Kriti E,34.9660966411515,27.099134249887623,309.57972469971133,8.0,345.69919201167335,258.27712010779106
2595,Suez OUT - Piraeus,SEA,PILOT_TO_PILOT,5,2595,2345,6,7,SaidTssN,Kriti E,34.96742975670845,27.09696642523659,309.57972469971133,8.0,345.8325459860615,258.1437661334029
2596,Suez OUT - Piraeus,SEA,PILOT_TO_PILOT,5,2596,2346,6,7,SaidTssN,Kriti E,34.968762833742794,27.094798530034847,309.57972469971133,8.0,345.9658999604497,258.0104121590147
2597,Suez OUT - Piraeus,SEA,PILOT_TO_PILOT,5,2597,2347,6,7,SaidTssN,Kriti E,34.97009587225138,27.092630564278654,309.57972469971133,8.0,346.09925393483786,257.87705818462655
2598,Suez OUT - Piraeus,SEA,PILOT_TO_PILOT,5,2598,2348,6,7,SaidTssN,Kriti E,34.971428872231044,27.09046252796426,309.57972469971133,8.0,346.2326079092261,257.7437042102383
2599,Suez OUT - Piraeus,SEA,PILOT_TO_PILOT,5,2599,2349,6,7,SaidTssN,Kriti E,34.97276183367862,27.088294421087905,309.57972469971133,8.0,346.36596188361426,257.61035023585015
2600,Suez OUT - Piraeus,SEA,PILOT_TO_PILOT,5,2600,2350,6,7,SaidTssN,Kriti E,34.97409475659095,27.086126243645843,309.57972469971133,8.0,346.49931585800243,257.476996261462
2601,Suez OUT - Piraeus,SEA,PILOT_TO_PILOT,5,2601,2351,6,7,SaidTssN,Kriti E,34.97542764096485,27.08395799563432,309.57972469971133,8.0,346.6326698323906,257.3436422870738
2602,Suez OUT - Piraeus,SEA,PILOT_TO_PILOT,5,2602,2352,6,7,SaidTssN,Kriti E,34.97676048679718,27.081789677049585,309.57972469971133,8.0,346.7660238067788,257.21028831268563
2603,Suez OUT - Piraeus,SEA,PILOT_TO_PILOT,5,2603,2353,6,7,SaidTssN,Kriti E,34.97809329408478,27.079621287887882,309.57972469971133,8.0,346.89937778116695,257.07693433829746
2604,Suez OUT - Piraeus,SEA,PILOT_TO_PILOT,5,2604,2354,6,7,SaidTssN,Kriti E,34.97942606282447,27.077452828145468,309.57972469971133,8.0,347.0327317555551,256.9435803639093
2605,Suez OUT - Piraeus,SEA,PILOT_TO_PILOT,5,2605,2355,6,7,SaidTssN,Kriti E,34.9807587930131,27.07528429781858,309.57972469971133,8.0,347.1660857299433,256.8102263895211
2606,Suez OUT - Piraeus,SEA,PILOT_TO_PILOT,5,2606,2356,6,7,SaidTssN,Kriti E,34.98209148464749,27.07311569690348,309.57972469971133,8.0,347.29943970433146,256.67687241513295
2607,Suez OUT - Piraeus,SEA,PILOT_TO_PILOT,5,2607,2357,6,7,SaidTssN,Kriti E,34.983424137724484,27.070947025396414,309.57972469971133,8.0,347.43279367871963,256.5435184407448
2608,Suez OUT - Piraeus,SEA,PILOT_TO_PILOT,5,2608,2358,6,7,SaidTssN,Kriti E,34.984756752240926,27.06877828329362,309.57972469971133,8.0,347.5661476531078,256.4101644663566
2609,Suez OUT - Piraeus,SEA,PILOT_TO_PILOT,5,2609,2359,6,7,SaidTssN,Kriti E,34.986089328193636,27.066609470591363,309.57972469971133,8.0,347.699501627496,256.27681049196843
2610,Suez OUT - Piraeus,SEA,PILOT_TO_PILOT,5,2610,2360,6,7,SaidTssN,Kriti E,34.98742186557946,27.06444058728588,309.57972469971133,8.0,347.83285560188415,256.14345651758026
2611,Suez OUT - Piraeus,SEA,PILOT_TO_PILOT,5,2611,2361,6,7,SaidTssN,Kriti E,34.988754364395234,27.062271633373427,309.57972469971133,8.0,347.9662095762723,256.0101025431921
2612,Suez OUT - Piraeus,SEA,PILOT_TO_PILOT,5,2612,2362,6,7,SaidTssN,Kriti E,34.990086824637785,27.06010260885025,309.57972469971133,8.0,348.0995635506605,255.87674856880392
2613,Suez OUT - Piraeus,SEA,PILOT_TO_PILOT,5,2613,2363,6,7,SaidTssN,Kriti E,34.99141924630395,27.057933513712616,309.57972469971133,8.0,348.23291752504866,255.74339459441575
2614,Suez OUT - Piraeus,SEA,PILOT_TO_PILOT,5,2614,2364,6,7,SaidTssN,Kriti E,34.99275162939056,27.055764347956746,309.57972469971133,8.0,348.36627149943683,255.61004062002758
2615,Suez OUT - Piraeus,SEA,PILOT_TO_PILOT,5,2615,2365,6,7,SaidTssN,Kriti E,34.99408397389447,27.05359511157891,309.57972469971133,8.0,348.499625473825,255.4766866456394
2616,Suez OUT - Piraeus,SEA,PILOT_TO_PILOT,5,2616,2366,6,7,SaidTssN,Kriti E,34.995416279812474,27.05142580457535,309.57972469971133,8.0,348.6329794482132,255.34333267125123
2617,Suez OUT - Piraeus,SEA,PILOT_TO_PILOT,5,2617,2367,6,7,SaidTssN,Kriti E,34.99674854714145,27.049256426942318,309.57972469971133,8.0,348.76633342260135,255.20997869686306
2618,Suez OUT - Piraeus,SEA,PILOT_TO_PILOT,5,2618,2368,6,7,SaidTssN,Kriti E,34.99808077587821,27.04708697867607,309.57972469971133,8.0,348.8996873969895,255.0766247224749
2619,Suez OUT - Piraeus,SEA,PILOT_TO_PILOT,5,2619,2369,6,7,SaidTssN,Kriti E,34.99941296601958,27.04491745977285,309.57972469971133,8.0,349.03304137137775,254.94327074808666
2620,Suez OUT - Piraeus,SEA,PILOT_TO_PILOT,5,2620,2370,6,7,SaidTssN,Kriti E,35.0007451175624,27.042747870228908,309.57972469971133,8.0,349.1663953457659,254.8099167736985
2621,Suez OUT - Piraeus,SEA,PILOT_TO_PILOT,5,2621,2371,6,7,SaidTssN,Kriti E,35.00207723050352,27.04057821004051,309.57972469971133,8.0,349.2997493201541,254.67656279931032
2622,Suez OUT - Piraeus,SEA,PILOT_TO_PILOT,5,2622,2372,6,7,SaidTssN,Kriti E,35.003409304839735,27.03840847920388,309.57972469971133,8.0,349.43310329454226,254.54320882492215
2623,Suez OUT - Piraeus,SEA,PILOT_TO_PILOT,5,2623,2373,6,7,SaidTssN,Kriti E,35.004741340567925,27.0362386777153,309.57972469971133,8.0,349.56645726893044,254.40985485053397
2624,Suez OUT - Piraeus,SEA,PILOT_TO_PILOT,5,2624,2374,6,7,SaidTssN,Kriti E,35.00607333768488,27.034068805571,309.57972469971133,8.0,349.6998112433186,254.2765008761458
2625,Suez OUT - Piraeus,SEA,PILOT_TO_PILOT,5,2625,2375,6,7,SaidTssN,Kriti E,35.00740529618746,27.031898862767235,309.57972469971133,8.0,349.8331652177068,254.14314690175763
2626,Suez OUT - Piraeus,SEA,PILOT_TO_PILOT,5,2626,2376,6,7,SaidTssN,Kriti E,35.00873721607248,27.029728849300263,309.57972469971133,8.0,349.96651919209495,254.00979292736946
2627,Suez OUT - Piraeus,SEA,PILOT_TO_PILOT,5,2627,2377,6,7,SaidTssN,Kriti E,35.01006909733679,27.027558765166336,309.57972469971133,8.0,350.0998731664831,253.8764389529813
2628,Suez OUT - Piraeus,SEA,PILOT_TO_PILOT,5,2628,2378,6,7,SaidTssN,Kriti E,35.0114009399772,27.0253886103617,309.57972469971133,8.0,350.2332271408713,253.74308497859312
2629,Suez OUT - Piraeus,SEA,PILOT_TO_PILOT,5,2629,2379,6,7,SaidTssN,Kriti E,35.01273274399056,27.023218384882608,309.57972469971133,8.0,350.36658111525946,253.60973100420495
2630,Suez OUT - Piraeus,SEA,PILOT_TO_PILOT,5,2630,2380,6,7,SaidTssN,Kriti E,35.01406450937369,27.02104808872532,309.57972469971133,8.0,350.49993508964764,253.47637702981677
2631,Suez OUT - Piraeus,SEA,PILOT_TO_PILOT,5,2631,2381,6,7,SaidTssN,Kriti E,35.01539623612343,27.018877721886078,309.57972469971133,8.0,350.6332890640358,253.3430230554286
2632,Suez OUT - Piraeus,SEA,PILOT_TO_PILOT,5,2632,2382,6,7,SaidTssN,Kriti E,35.0167279242366,27.016707284361136,309.57972469971133,8.0,350.766643038424,253.20966908104043
2633,Suez OUT - Piraeus,SEA,PILOT_TO_PILOT,5,2633,2383,6,7,SaidTssN,Kriti E,35.01805957371003,27.014536776146755,309.57972469971133,8.0,350.89999701281215,253.07631510665226
2634,Suez OUT - Piraeus,SEA,PILOT_TO_PILOT,5,2634,2384,6,7,SaidTssN,Kriti E,35.019391184540574,27.012366197239178,309.57972469971133,8.0,351.0333509872003,252.9429611322641
2635,Suez OUT - Piraeus,SEA,PILOT_TO_PILOT,5,2635,2385,6,7,SaidTssN,Kriti E,35.02072275672503,27.010195547634666,309.57972469971133,8.0,351.1667049615885,252.80960715787592
2636,Suez OUT - Piraeus,SEA,PILOT_TO_PILOT,5,2636,2386,6,7,SaidTssN,Kriti E,35.02205429026025,27.00802482732947,309.57972469971133,8.0,351.30005893597666,252.67625318348774
2637,Suez OUT - Piraeus,SEA,PILOT_TO_PILOT,5,2637,2387,6,7,SaidTssN,Kriti E,35.02338578514305,27.00585403631984,309.57972469971133,8.0,351.43341291036484,252.54289920909957
2638,Suez OUT - Piraeus,SEA,PILOT_TO_PILOT,5,2638,2388,6,7,SaidTssN,Kriti E,35.02471724137026,27.003683174602035,309.57972469971133,8.0,351.566766884753,252.4095452347114
2639,Suez OUT - Piraeus,SEA,PILOT_TO_PILOT,5,2639,2389,6,7,SaidTssN,Kriti E,35.026048658938734,27.001512242172304,309.57972469971133,8.0,351.7001208591412,252.27619126032323
2640,Suez OUT - Piraeus,SEA,PILOT_TO_PILOT,5,2640,2390,6,7,SaidTssN,Kriti E,35.02738003784527,26.999341239026897,309.57972469971133,8.0,351.8334748335294,252.142837285935
2641,Suez OUT - Piraeus,SEA,PILOT_TO_PILOT,5,2641,2391,6,7,SaidTssN,Kriti E,35.02871137808672,26.99717016516208,309.57972469971133,8.0,351.9668288079176,252.00948331154683
2642,Suez OUT - Piraeus,SEA,PILOT_TO_PILOT,5,2642,2392,6,7,SaidTssN,Kriti E,35.0300426796599,26.9949990205741,309.57972469971133,8.0,352.10018278230575,251.87612933715866
2643,Suez OUT - Piraeus,SEA,PILOT_TO_PILOT,5,2643,2393,6,7,SaidTssN,Kriti E,35.031373942561636,26.992827805259203,309.57972469971133,8.0,352.2335367566939,251.7427753627705
2644,Suez OUT - Piraeus,SEA,PILOT_TO_PILOT,5,2644,2394,6,7,SaidTssN,Kriti E,35.032705166788766,26.990656519213655,309.57972469971133,8.0,352.3668907310821,251.60942138838232
2645,Suez OUT - Piraeus,SEA,PILOT_TO_PILOT,5,2645,2395,6,7,SaidTssN,Kriti E,35.03403635233812,26.988485162433708,309.57972469971133,8.0,352.50024470547027,251.47606741399414
2646,Suez OUT - Piraeus,SEA,PILOT_TO_PILOT,5,2646,2396,6,7,SaidTssN,Kriti E,35.03536749920651,26.986313734915615,309.57972469971133,8.0,352.63359867985844,251.34271343960597
2647,Suez OUT - Piraeus,SEA,PILOT_TO_PILOT,5,2647,2397,6,7,SaidTssN,Kriti E,35.036698607390775,26.98414223665563,309.57972469971133,8.0,352.7669526542466,251.2093594652178
2648,Suez OUT - Piraeus,SEA,PILOT_TO_PILOT,5,2648,2398,6,7,SaidTssN,Kriti E,35.038029676887746,26.98197066765001,309.57972469971133,8.0,352.9003066286348,251.07600549082963
2649,Suez OUT - Piraeus,SEA,PILOT_TO_PILOT,5,2649,2399,6,7,SaidTssN,Kriti E,35.03936070769425,26.979799027895012,309.57972469971133,8.0,353.03366060302295,250.94265151644146
2650,Suez OUT - Piraeus,SEA,PILOT_TO_PILOT,5,2650,2400,6,7,SaidTssN,Kriti E,35.04069169980711,26.977627317386883,309.57972469971133,8.0,353.1670145774111,250.8092975420533
2651,Suez OUT - Piraeus,SEA,PILOT_TO_PILOT,5,2651,2401,6,7,SaidTssN,Kriti E,35.04202265322315,26.97545553612188,309.57972469971133,8.0,353.3003685517993,250.67594356766512
2652,Suez OUT - Piraeus,SEA,PILOT_TO_PILOT,5,2652,2402,6,7,SaidTssN,Kriti E,35.04335356793921,26.97328368409627,309.57972469971133,8.0,353.43372252618747,250.54258959327694
2653,Suez OUT - Piraeus,SEA,PILOT_TO_PILOT,5,2653,2403,6,7,SaidTssN,Kriti E,35.0446844439521,26.9711117613063,309.57972469971133,8.0,353.56707650057564,250.40923561888877
2654,Suez OUT - Piraeus,SEA,PILOT_TO_PILOT,5,2654,2404,6,7,SaidTssN,Kriti E,35.04601528125865,26.96893976774822,309.57972469971133,8.0,353.7004304749638,250.2758816445006
2655,Suez OUT - Piraeus,SEA,PILOT_TO_PILOT,5,2655,2405,6,7,SaidTssN,Kriti E,35.04734607985571,26.9667677034183,309.57972469971133,8.0,353.833784449352,250.14252767011243
2656,Suez OUT - Piraeus,SEA,PILOT_TO_PILOT,5,2656,2406,6,7,SaidTssN,Kriti E,35.04867683974006,26.96459556831278,309.57972469971133,8.0,353.96713842374015,250.00917369572426
2657,Suez OUT - Piraeus,SEA,PILOT_TO_PILOT,5,2657,2407,6,7,SaidTssN,Kriti E,35.05000756090857,26.96242336242792,309.57972469971133,8.0,354.1004923981283,249.8758197213361
2658,Suez OUT - Piraeus,SEA,PILOT_TO_PILOT,5,2658,2408,6,7,SaidTssN,Kriti E,35.05133824335804,26.960251085759996,309.57972469971133,8.0,354.2338463725165,249.74246574694791
2659,Suez OUT - Piraeus,SEA,PILOT_TO_PILOT,5,2659,2409,6,7,SaidTssN,Kriti E,35.052668887085304,26.95807873830524,309.57972469971133,8.0,354.36720034690467,249.60911177255974
2660,Suez OUT - Piraeus,SEA,PILOT_TO_PILOT,5,2660,2410,6,7,SaidTssN,Kriti E,35.053999492087186,26.955906320059917,309.57972469971133,8.0,354.50055432129284,249.47575779817157
2661,Suez OUT - Piraeus,SEA,PILOT_TO_PILOT,5,2661,2411,6,7,SaidTssN,Kriti E,35.055330058360525,26.953733831020287,309.57972469971133,8.0,354.63390829568107,249.34240382378334
2662,Suez OUT - Piraeus,SEA,PILOT_TO_PILOT,5,2662,2412,6,7,SaidTssN,Kriti E,35.05666058590212,26.951561271182605,309.57972469971133,8.0,354.76726227006924,249.20904984939517
2663,Suez OUT - Piraeus,SEA,PILOT_TO_PILOT,5,2663,2413,6,7,SaidTssN,Kriti E,35.05799107470881,26.94938864054313,309.57972469971133,8.0,354.9006162444574,249.075695875007
2664,Suez OUT - Piraeus,SEA,PILOT_TO_PILOT,5,2664,2414,6,7,SaidTssN,Kriti E,35.059321524777424,26.947215939098104,309.57972469971133,8.0,355.0339702188456,248.94234190061883
2665,Suez OUT - Piraeus,SEA,PILOT_TO_PILOT,5,2665,2415,6,7,SaidTssN,Kriti E,35.06065193610477,26.945043166843806,309.57972469971133,8.0,355.16732419323375,248.80898792623066
2666,Suez OUT - Piraeus,SEA,PILOT_TO_PILOT,5,2666,2416,6,7,SaidTssN,Kriti E,35.06198230868769,26.942870323776486,309.57972469971133,8.0,355.3006781676219,248.67563395184249
2667,Suez OUT - Piraeus,SEA,PILOT_TO_PILOT,5,2667,2417,6,7,SaidTssN,Kriti E,35.063312642523,26.94069740989239,309.57972469971133,8.0,355.4340321420101,248.5422799774543
2668,Suez OUT - Piraeus,SEA,PILOT_TO_PILOT,5,2668,2418,6,7,SaidTssN,Kriti E,35.06464293760752,26.938524425187794,309.57972469971133,8.0,355.56738611639827,248.40892600306614
2669,Suez OUT - Piraeus,SEA,PILOT_TO_PILOT,5,2669,2419,6,7,SaidTssN,Kriti E,35.06597319393809,26.936351369658947,309.57972469971133,8.0,355.70074009078644,248.27557202867797
2670,Suez OUT - Piraeus,SEA,PILOT_TO_PILOT,5,2670,2420,6,7,SaidTssN,Kriti E,35.06730341151151,26.934178243302107,309.57972469971133,8.0,355.8340940651746,248.1422180542898
2671,Suez OUT - Piraeus,SEA,PILOT_TO_PILOT,5,2671,2421,6,7,SaidTssN,Kriti E,35.06863359032462,26.93200504611353,309.57972469971133,8.0,355.9674480395628,248.00886407990163
2672,Suez OUT - Piraeus,SEA,PILOT_TO_PILOT,5,2672,2422,6,7,SaidTssN,Kriti E,35.06996373037423,26.929831778089476,309.57972469971133,8.0,356.10080201395095,247.87551010551346
2673,Suez OUT - Piraeus,SEA,PILOT_TO_PILOT,5,2673,2423,6,7,SaidTssN,Kriti E,35.07129383165719,26.927658439226207,309.57972469971133,8.0,356.2341559883391,247.74215613112528
2674,Suez OUT - Piraeus,SEA,PILOT_TO_PILOT,5,2674,2424,6,7,SaidTssN,Kriti E,35.072623894170285,26.92548502951998,309.57972469971133,8.0,356.3675099627273,247.6088021567371
2675,Suez OUT - Piraeus,SEA,PILOT_TO_PILOT,5,2675,2425,6,7,SaidTssN,Kriti E,35.07395391791035,26.92331154896705,309.57972469971133,8.0,356.50086393711547,247.47544818234894
2676,Suez OUT - Piraeus,SEA,PILOT_TO_PILOT,5,2676,2426,6,7,SaidTssN,Kriti E,35.07528390287422,26.921137997563683,309.57972469971133,8.0,356.63421791150364,247.34209420796077
2677,Suez OUT - Piraeus,SEA,PILOT_TO_PILOT,5,2677,2427,6,7,SaidTssN,Kriti E,35.07661384905872,26.918964375306132,309.57972469971133,8.0,356.7675718858918,247.2087402335726
2678,Suez OUT - Piraeus,SEA,PILOT_TO_PILOT,5,2678,2428,6,7,SaidTssN,Kriti E,35.07794375646065,26.916790682190662,309.57972469971133,8.0,356.90092586028,247.07538625918443
2679,Suez OUT - Piraeus,SEA,PILOT_TO_PILOT,5,2679,2429,6,7,SaidTssN,Kriti E,35.07927362507683,26.91461691821352,309.57972469971133,8.0,357.03427983466815,246.94203228479626
2680,Suez OUT - Piraeus,SEA,PILOT_TO_PILOT,5,2680,2430,6,7,SaidTssN,Kriti E,35.080603454904114,26.912443083370977,309.57972469971133,8.0,357.1676338090563,246.80867831040808
2681,Suez OUT - Piraeus,SEA,PILOT_TO_PILOT,5,2681,2431,6,7,SaidTssN,Kriti E,35.0819332459393,26.9102691776593,309.57972469971133,8.0,357.30098778344455,246.67532433601986
2682,Suez OUT - Piraeus,SEA,PILOT_TO_PILOT,5,2682,2432,6,7,SaidTssN,Kriti E,35.083262998179194,26.90809520107473,309.57972469971133,8.0,357.4343417578327,246.54197036163168
2683,Suez OUT - Piraeus,SEA,PILOT_TO_PILOT,5,2683,2433,6,7,SaidTssN,Kriti E,35.08459271162065,26.90592115361353,309.57972469971133,8.0,357.5676957322209,246.4086163872435
2684,Suez OUT - Piraeus,SEA,PILOT_TO_PILOT,5,2684,2434,6,7,SaidTssN,Kriti E,35.08592238626047,26.90374703527197,309.57972469971133,8.0,357.70104970660907,246.27526241285534
2685,Suez OUT - Piraeus,SEA,PILOT_TO_PILOT,5,2685,2435,6,7,SaidTssN,Kriti E,35.08725202209548,26.90157284604631,309.57972469971133,8.0,357.83440368099724,246.14190843846717
2686,Suez OUT - Piraeus,SEA,PILOT_TO_PILOT,5,2686,2436,6,7,SaidTssN,Kriti E,35.08858161912249,26.899398585932797,309.57972469971133,8.0,357.9677576553854,246.008554464079
2687,Suez OUT - Piraeus,SEA,PILOT_TO_PILOT,5,2687,2437,6,7,SaidTssN,Kriti E,35.08991117733834,26.897224254927707,309.57972469971133,8.0,358.1011116297736,245.87520048969083
2688,Suez OUT - Piraeus,SEA,PILOT_TO_PILOT,5,2688,2438,6,7,SaidTssN,Kriti E,35.09124069673982,26.8950498530273,309.57972469971133,8.0,358.23446560416176,245.74184651530265
2689,Suez OUT - Piraeus,SEA,PILOT_TO_PILOT,5,2689,2439,6,7,SaidTssN,Kriti E,35.09257017732378,26.892875380227824,309.57972469971133,8.0,358.3678195785499,245.60849254091448
2690,Suez OUT - Piraeus,SEA,PILOT_TO_PILOT,5,2690,2440,6,7,SaidTssN,Kriti E,35.093899619087026,26.890700836525543,309.57972469971133,8.0,358.5011735529381,245.4751385665263
2691,Suez OUT - Piraeus,SEA,PILOT_TO_PILOT,5,2691,2441,6,7,SaidTssN,Kriti E,35.09522902202637,26.88852622191673,309.57972469971133,8.0,358.63452752732627,245.34178459213814
2692,Suez OUT - Piraeus,SEA,PILOT_TO_PILOT,5,2692,2442,6,7,SaidTssN,Kriti E,35.09655838613864,26.886351536397633,309.57972469971133,8.0,358.76788150171444,245.20843061774997
2693,Suez OUT - Piraeus,SEA,PILOT_TO_PILOT,5,2693,2443,6,7,SaidTssN,Kriti E,35.09788771142066,26.884176779964527,309.57972469971133,8.0,358.9012354761026,245.0750766433618
2694,Suez OUT - Piraeus,SEA,PILOT_TO_PILOT,5,2694,2444,6,7,SaidTssN,Kriti E,35.099216997869235,26.882001952613653,309.57972469971133,8.0,359.0345894504908,244.94172266897363
2695,Suez OUT - Piraeus,SEA,PILOT_TO_PILOT,5,2695,2445,6,7,SaidTssN,Kriti E,35.10054624548119,26.879827054341295,309.57972469971133,8.0,359.16794342487896,244.80836869458545
2696,Suez OUT - Piraeus,SEA,PILOT_TO_PILOT,5,2696,2446,6,7,SaidTssN,Kriti E,35.101875454253346,26.877652085143705,309.57972469971133,8.0,359.3012973992671,244.67501472019728
2697,Suez OUT - Piraeus,SEA,PILOT_TO_PILOT,5,2697,2447,6,7,SaidTssN,Kriti E,35.10320462418252,26.875477045017135,309.57972469971133,8.0,359.4346513736553,244.5416607458091
2698,Suez OUT - Piraeus,SEA,PILOT_TO_PILOT,5,2698,2448,6,7,SaidTssN,Kriti E,35.10453375526553,26.873301933957872,309.57972469971133,8.0,359.56800534804347,244.40830677142094
2699,Suez OUT - Piraeus,SEA,PILOT_TO_PILOT,5,2699,2449,6,7,SaidTssN,Kriti E,35.10586284749918,26.871126751962162,309.57972469971133,8.0,359.70135932243164,244.27495279703277
2700,Suez OUT - Piraeus,SEA,PILOT_TO_PILOT,5,2700,2450,6,7,SaidTssN,Kriti E,35.10719190088031,26.86895149902626,309.57972469971133,8.0,359.8347132968198,244.1415988226446
2701,Suez OUT - Piraeus,SEA,PILOT_TO_PILOT,5,2701,2451,6,7,SaidTssN,Kriti E,35.10852091540572,26.866776175146438,309.57972469971133,8.0,359.968067271208,244.00824484825642
2702,Suez OUT - Piraeus,SEA,PILOT_TO_PILOT,5,2702,2452,6,7,SaidTssN,Kriti E,35.10984989107223,26.864600780318963,309.57972469971133,8.0,360.1014212455962,243.8748908738682
2703,Suez OUT - Piraeus,SEA,PILOT_TO_PILOT,5,2703,2453,6,7,SaidTssN,Kriti E,35.11117882787667,26.86242531454009,309.57972469971133,8.0,360.2347752199844,243.74153689948002
2704,Suez OUT - Piraeus,SEA,PILOT_TO_PILOT,5,2704,2454,6,7,SaidTssN,Kriti E,35.112507725815846,26.860249777806086,309.57972469971133,8.0,360.36812919437256,243.60818292509185
2705,Suez OUT - Piraeus,SEA,PILOT_TO_PILOT,5,2705,2455,6,7,SaidTssN,Kriti E,35.11383658488656,26.858074170113216,309.57972469971133,8.0,360.5014831687607,243.47482895070368
2706,Suez OUT - Piraeus,SEA,PILOT_TO_PILOT,5,2706,2456,6,7,SaidTssN,Kriti E,35.11516540508566,26.855898491457737,309.57972469971133,8.0,360.6348371431489,243.3414749763155
2707,Suez OUT - Piraeus,SEA,PILOT_TO_PILOT,5,2707,2457,6,7,SaidTssN,Kriti E,35.116494186409945,26.853722741835917,309.57972469971133,8.0,360.76819111753707,243.20812100192734
2708,Suez OUT - Piraeus,SEA,PILOT_TO_PILOT,5,2708,2458,6,7,SaidTssN,Kriti E,35.11782292885623,26.851546921244022,309.57972469971133,8.0,360.90154509192524,243.07476702753917
2709,Suez OUT - Piraeus,SEA,PILOT_TO_PILOT,5,2709,2459,6,7,SaidTssN,Kriti E,35.11915163242132,26.849371029678313,309.57972469971133,8.0,361.0348990663134,242.941413053151
2710,Suez OUT - Piraeus,SEA,PILOT_TO_PILOT,5,2710,2460,6,7,SaidTssN,Kriti E,35.120480297102056,26.84719506713505,309.57972469971133,8.0,361.1682530407016,242.80805907876282
2711,Suez OUT - Piraeus,SEA,PILOT_TO_PILOT,5,2711,2461,6,7,SaidTssN,Kriti E,35.121808922895234,26.845019033610498,309.57972469971133,8.0,361.30160701508976,242.67470510437465
2712,Suez OUT - Piraeus,SEA,PILOT_TO_PILOT,5,2712,2462,6,7,SaidTssN,Kriti E,35.123137509797665,26.842842929100932,309.57972469971133,8.0,361.43496098947793,242.54135112998648
2713,Suez OUT - Piraeus,SEA,PILOT_TO_PILOT,5,2713,2463,6,7,SaidTssN,Kriti E,35.12446605780619,26.8406667536026,309.57972469971133,8.0,361.5683149638661,242.4079971555983
2714,Suez OUT - Piraeus,SEA,PILOT_TO_PILOT,5,2714,2464,6,7,SaidTssN,Kriti E,35.12579456691759,26.838490507111782,309.57972469971133,8.0,361.7016689382543,242.27464318121014
2715,Suez OUT - Piraeus,SEA,PILOT_TO_PILOT,5,2715,2465,6,7,SaidTssN,Kriti E,35.12712303712871,26.836314189624733,309.57972469971133,8.0,361.83502291264244,242.14128920682197
2716,Suez OUT - Piraeus,SEA,PILOT_TO_PILOT,5,2716,2466,6,7,SaidTssN,Kriti E,35.12845146843634,26.834137801137718,309.57972469971133,8.0,361.9683768870306,242.0079352324338
2717,Suez OUT - Piraeus,SEA,PILOT_TO_PILOT,5,2717,2467,6,7,SaidTssN,Kriti E,35.12977986083731,26.831961341647002,309.57972469971133,8.0,362.1017308614188,241.87458125804562
2718,Suez OUT - Piraeus,SEA,PILOT_TO_PILOT,5,2718,2468,6,7,SaidTssN,Kriti E,35.13110821432842,26.82978481114886,309.57972469971133,8.0,362.23508483580696,241.74122728365745
2719,Suez OUT - Piraeus,SEA,PILOT_TO_PILOT,5,2719,2469,6,7,SaidTssN,Kriti E,35.1324365289065,26.827608209639543,309.57972469971133,8.0,362.36843881019513,241.60787330926928
2720,Suez OUT - Piraeus,SEA,PILOT_TO_PILOT,5,2720,2470,6,7,SaidTssN,Kriti E,35.13376480456836,26.825431537115325,309.57972469971133,8.0,362.5017927845833,241.4745193348811
2721,Suez OUT - Piraeus,SEA,PILOT_TO_PILOT,5,2721,2471,6,7,SaidTssN,Kriti E,35.135093041310796,26.823254793572474,309.57972469971133,8.0,362.6351467589715,241.34116536049294
2722,Suez OUT - Piraeus,SEA,PILOT_TO_PILOT,5,2722,2472,6,7,SaidTssN,Kriti E,35.136421239130634,26.821077979007242,309.57972469971133,8.0,362.76850073335964,241.20781138610477
2723,Suez OUT - Piraeus,SEA,PILOT_TO_PILOT,5,2723,2473,6,7,SaidTssN,Kriti E,35.137749398024695,26.818901093415914,309.57972469971133,8.0,362.9018547077479,241.07445741171654
2724,Suez OUT - Piraeus,SEA,PILOT_TO_PILOT,5,2724,2474,6,7,SaidTssN,Kriti E,35.139077517989776,26.816724136794743,309.57972469971133,8.0,363.03520868213604,240.94110343732837
2725,Suez OUT - Piraeus,SEA,PILOT_TO_PILOT,5,2725,2475,6,7,SaidTssN,Kriti E,35.1404055990227,26.81454710913999,309.57972469971133,8.0,363.1685626565242,240.8077494629402
2726,Suez OUT - Piraeus,SEA,PILOT_TO_PILOT,5,2726,2476,6,7,SaidTssN,Kriti E,35.14173364112027,26.81237001044794,309.57972469971133,8.0,363.3019166309124,240.67439548855202
2727,Suez OUT - Piraeus,SEA,PILOT_TO_PILOT,5,2727,2477,6,7,SaidTssN,Kriti E,35.14306164427932,26.810192840714848,309.57972469971133,8.0,363.43527060530056,240.54104151416385
2728,Suez OUT - Piraeus,SEA,PILOT_TO_PILOT,5,2728,2478,6,7,SaidTssN,Kriti E,35.14438960849662,26.808015599936976,309.57972469971133,8.0,363.56862457968873,240.40768753977568
2729,Suez OUT - Piraeus,SEA,PILOT_TO_PILOT,5,2729,2479,6,7,SaidTssN,Kriti E,35.14571753376902,26.805838288110603,309.57972469971133,8.0,363.7019785540769,240.2743335653875
2730,Suez OUT - Piraeus,SEA,PILOT_TO_PILOT,5,2730,2480,6,7,SaidTssN,Kriti E,35.147045420093335,26.80366090523199,309.57972469971133,8.0,363.8353325284651,240.14097959099934
2731,Suez OUT - Piraeus,SEA,PILOT_TO_PILOT,5,2731,2481,6,7,SaidTssN,Kriti E,35.148373267466326,26.801483451297397,309.57972469971133,8.0,363.96868650285325,240.00762561661116
2732,Suez OUT - Piraeus,SEA,PILOT_TO_PILOT,5,2732,2482,6,7,SaidTssN,Kriti E,35.14970107588486,26.799305926303102,309.57972469971133,8.0,364.1020404772414,239.874271642223
2733,Suez OUT - Piraeus,SEA,PILOT_TO_PILOT,5,2733,2483,6,7,SaidTssN,Kriti E,35.15102884534573,26.797128330245364,309.57972469971133,8.0,364.2353944516296,239.74091766783482
2734,Suez OUT - Piraeus,SEA,PILOT_TO_PILOT,5,2734,2484,6,7,SaidTssN,Kriti E,35.15235657584573,26.794950663120456,309.57972469971133,8.0,364.36874842601776,239.60756369344665
2735,Suez OUT - Piraeus,SEA,PILOT_TO_PILOT,5,2735,2485,6,7,SaidTssN,Kriti E,35.153684267381685,26.792772924924652,309.57972469971133,8.0,364.50210240040593,239.47420971905848
2736,Suez OUT - Piraeus,SEA,PILOT_TO_PILOT,5,2736,2486,6,7,SaidTssN,Kriti E,35.1550119199504,26.790595115654206,309.57972469971133,8.0,364.6354563747941,239.3408557446703
2737,Suez OUT - Piraeus,SEA,PILOT_TO_PILOT,5,2737,2487,6,7,SaidTssN,Kriti E,35.1563395335487,26.788417235305392,309.57972469971133,8.0,364.7688103491823,239.20750177028214
2738,Suez OUT - Piraeus,SEA,PILOT_TO_PILOT,5,2738,2488,6,7,SaidTssN,Kriti E,35.15766710817337,26.78623928387448,309.57972469971133,8.0,364.90216432357045,239.07414779589396
2739,Suez OUT - Piraeus,SEA,PILOT_TO_PILOT,5,2739,2489,6,7,SaidTssN,Kriti E,35.15899464382124,26.78406126135773,309.57972469971133,8.0,365.0355182979586,238.9407938215058
2740,Suez OUT - Piraeus,SEA,PILOT_TO_PILOT,5,2740,2490,6,7,SaidTssN,Kriti E,35.16032214048911,26.78188316775143,309.57972469971133,8.0,365.1688722723468,238.80743984711762
2741,Suez OUT - Piraeus,SEA,PILOT_TO_PILOT,5,2741,2491,6,7,SaidTssN,Kriti E,35.16164959817378,26.779705003051816,309.57972469971133,8.0,365.30222624673496,238.67408587272945
2742,Suez OUT - Piraeus,SEA,PILOT_TO_PILOT,5,2742,2492,6,7,SaidTssN,Kriti E,35.16297701687209,26.777526767255196,309.57972469971133,8.0,365.43558022112313,238.54073189834128
2743,Suez OUT - Piraeus,SEA,PILOT_TO_PILOT,5,2743,2493,6,7,SaidTssN,Kriti E,35.16430439658082,26.775348460357808,309.57972469971133,8.0,365.56893419551136,238.40737792395305
2744,Suez OUT - Piraeus,SEA,PILOT_TO_PILOT,5,2744,2494,6,7,SaidTssN,Kriti E,35.165631737296785,26.773170082355932,309.57972469971133,8.0,365.70228816989953,238.27402394956488
2745,Suez OUT - Piraeus,SEA,PILOT_TO_PILOT,5,2745,2495,6,7,SaidTssN,Kriti E,35.166959039016795,26.77099163324584,309.57972469971133,8.0,365.8356421442877,238.1406699751767
2746,Suez OUT - Piraeus,SEA,PILOT_TO_PILOT,5,2746,2496,6,7,SaidTssN,Kriti E,35.168286301737666,26.7688131130238,309.57972469971133,8.0,365.9689961186759,238.00731600078853
2747,Suez OUT - Piraeus,SEA,PILOT_TO_PILOT,5,2747,2497,6,7,SaidTssN,Kriti E,35.1696135254562,26.766634521686075,309.57972469971133,8.0,366.10235009306405,237.87396202640036
2748,Suez OUT - Piraeus,SEA,PILOT_TO_PILOT,5,2748,2498,6,7,SaidTssN,Kriti E,35.1709407101692,26.764455859228946,309.57972469971133,8.0,366.2357040674522,237.7406080520122
2749,Suez OUT - Piraeus,SEA,PILOT_TO_PILOT,5,2749,2499,6,7,SaidTssN,Kriti E,35.17226785587348,26.76227712564867,309.57972469971133,8.0,366.3690580418404,237.60725407762402
2750,Suez OUT - Piraeus,SEA,PILOT_TO_PILOT,5,2750,2500,6,7,SaidTssN,Kriti E,35.17359496256584,26.760098320941527,309.57972469971133,8.0,366.50241201622856,237.47390010323585
2751,Suez OUT - Piraeus,SEA,PILOT_TO_PILOT,5,2751,2501,6,7,SaidTssN,Kriti E,35.1749220302431,26.75791944510378,309.57972469971133,8.0,366.63576599061673,237.34054612884768
2752,Suez OUT - Piraeus,SEA,PILOT_TO_PILOT,5,2752,2502,6,7,SaidTssN,Kriti E,35.176249058902066,26.75574049813171,309.57972469971133,8.0,366.7691199650049,237.2071921544595
2753,Suez OUT - Piraeus,SEA,PILOT_TO_PILOT,5,2753,2503,6,7,SaidTssN,Kriti E,35.17757604853952,26.753561480021578,309.57972469971133,8.0,366.9024739393931,237.07383818007133
2754,Suez OUT - Piraeus,SEA,PILOT_TO_PILOT,5,2754,2504,6,7,SaidTssN,Kriti E,35.17890299915229,26.751382390769646,309.57972469971133,8.0,367.03582791378125,236.94048420568316
2755,Suez OUT - Piraeus,SEA,PILOT_TO_PILOT,5,2755,2505,6,7,SaidTssN,Kriti E,35.1802299107372,26.74920323037221,309.57972469971133,8.0,367.1691818881694,236.807130231295
2756,Suez OUT - Piraeus,SEA,PILOT_TO_PILOT,5,2756,2506,6,7,SaidTssN,Kriti E,35.18155678329103,26.74702399882552,309.57972469971133,8.0,367.3025358625576,236.67377625690682
2757,Suez OUT - Piraeus,SEA,PILOT_TO_PILOT,5,2757,2507,6,7,SaidTssN,Kriti E,35.18288361681058,26.74484469612585,309.57972469971133,8.0,367.43588983694576,236.54042228251865
2758,Suez OUT - Piraeus,SEA,PILOT_TO_PILOT,5,2758,2508,6,7,SaidTssN,Kriti E,35.18421041129267,26.742665322269474,309.57972469971133,8.0,367.56924381133393,236.40706830813048
2759,Suez OUT - Piraeus,SEA,PILOT_TO_PILOT,5,2759,2509,6,7,SaidTssN,Kriti E,35.185537166734115,26.740485877252677,309.57972469971133,8.0,367.7025977857221,236.2737143337423
2760,Suez OUT - Piraeus,SEA,PILOT_TO_PILOT,5,2760,2510,6,7,SaidTssN,Kriti E,35.186863883131714,26.7383063610717,309.57972469971133,8.0,367.8359517601103,236.14036035935413
2761,Suez OUT - Piraeus,SEA,PILOT_TO_PILOT,5,2761,2511,6,7,SaidTssN,Kriti E,35.18819056048225,26.736126773722837,309.57972469971133,8.0,367.96930573449845,236.00700638496596
2762,Suez OUT - Piraeus,SEA,PILOT_TO_PILOT,5,2762,2512,6,7,SaidTssN,Kriti E,35.189517198782546,26.733947115202355,309.57972469971133,8.0,368.1026597088866,235.8736524105778
2763,Suez OUT - Piraeus,SEA,PILOT_TO_PILOT,5,2763,2513,6,7,SaidTssN,Kriti E,35.19084379802942,26.731767385506526,309.57972469971133,8.0,368.2360136832748,235.74029843618962
2764,Suez OUT - Piraeus,SEA,PILOT_TO_PILOT,5,2764,2514,6,7,SaidTssN,Kriti E,35.192170358219656,26.729587584631624,309.57972469971133,8.0,368.369367657663,235.6069444618014
2765,Suez OUT - Piraeus,SEA,PILOT_TO_PILOT,5,2765,2515,6,7,SaidTssN,Kriti E,35.19349687935007,26.727407712573918,309.57972469971133,8.0,368.5027216320512,235.47359048741322
2766,Suez OUT - Piraeus,SEA,PILOT_TO_PILOT,5,2766,2516,6,7,SaidTssN,Kriti E,35.194823361417455,26.725227769329678,309.57972469971133,8.0,368.63607560643936,235.34023651302505
2767,Suez OUT - Piraeus,SEA,PILOT_TO_PILOT,5,2767,2517,6,7,SaidTssN,Kriti E,35.19614980441863,26.723047754895177,309.57972469971133,8.0,368.76942958082753,235.20688253863688
2768,Suez OUT - Piraeus,SEA,PILOT_TO_PILOT,5,2768,2518,6,7,SaidTssN,Kriti E,35.197476208350395,26.720867669266696,309.57972469971133,8.0,368.9027835552157,235.0735285642487
2769,Suez OUT - Piraeus,SEA,PILOT_TO_PILOT,5,2769,2519,6,7,SaidTssN,Kriti E,35.19880257320954,26.718687512440496,309.57972469971133,8.0,369.0361375296039,234.94017458986053
2770,Suez OUT - Piraeus,SEA,PILOT_TO_PILOT,5,2770,2520,6,7,SaidTssN,Kriti E,35.20012889899288,26.71650728441286,309.57972469971133,8.0,369.16949150399205,234.80682061547236
2771,Suez OUT - Piraeus,SEA,PILOT_TO_PILOT,5,2771,2521,6,7,SaidTssN,Kriti E,35.20145518569722,26.714326985180058,309.57972469971133,8.0,369.3028454783802,234.6734666410842
2772,Suez OUT - Piraeus,SEA,PILOT_TO_PILOT,5,2772,2522,6,7,SaidTssN,Kriti E,35.20278143331936,26.712146614738366,309.57972469971133,8.0,369.4361994527684,234.54011266669602
2773,Suez OUT - Piraeus,SEA,PILOT_TO_PILOT,5,2773,2523,6,7,SaidTssN,Kriti E,35.2041076418561,26.709966173084045,309.57972469971133,8.0,369.56955342715656,234.40675869230785
2774,Suez OUT - Piraeus,SEA,PILOT_TO_PILOT,5,2774,2524,6,7,SaidTssN,Kriti E,35.20543381130425,26.707785660213382,309.57972469971133,8.0,369.70290740154473,234.27340471791968
2775,Suez OUT - Piraeus,SEA,PILOT_TO_PILOT,5,2775,2525,6,7,SaidTssN,Kriti E,35.2067599416606,26.705605076122644,309.57972469971133,8.0,369.8362613759329,234.1400507435315
2776,Suez OUT - Piraeus,SEA,PILOT_TO_PILOT,5,2776,2526,6,7,SaidTssN,Kriti E,35.20808603292197,26.70342442080811,309.57972469971133,8.0,369.9696153503211,234.00669676914333
2777,Suez OUT - Piraeus,SEA,PILOT_TO_PILOT,5,2777,2527,6,7,SaidTssN,Kriti E,35.20941208508514,26.70124369426605,309.57972469971133,8.0,370.10296932470925,233.87334279475516
2778,Suez OUT - Piraeus,SEA,PILOT_TO_PILOT,5,2778,2528,6,7,SaidTssN,Kriti E,35.21073809814693,26.699062896492737,309.57972469971133,8.0,370.2363232990974,233.739988820367
2779,Suez OUT - Piraeus,SEA,PILOT_TO_PILOT,5,2779,2529,6,7,SaidTssN,Kriti E,35.21206407210414,26.69688202748445,309.57972469971133,8.0,370.3696772734856,233.60663484597882
2780,Suez OUT - Piraeus,SEA,PILOT_TO_PILOT,5,2780,2530,6,7,SaidTssN,Kriti E,35.21339000695357,26.69470108723746,309.57972469971133,8.0,370.50303124787376,233.47328087159065
2781,Suez OUT - Piraeus,SEA,PILOT_TO_PILOT,5,2781,2531,6,7,SaidTssN,Kriti E,35.214715902692014,26.69252007574805,309.57972469971133,8.0,370.63638522226194,233.33992689720247
2782,Suez OUT - Piraeus,SEA,PILOT_TO_PILOT,5,2782,2532,6,7,SaidTssN,Kriti E,35.21604175931628,26.69033899301248,309.57972469971133,8.0,370.7697391966501,233.2065729228143
2783,Suez OUT - Piraeus,SEA,PILOT_TO_PILOT,5,2783,2533,6,7,SaidTssN,Kriti E,35.217367576823165,26.688157839027035,309.57972469971133,8.0,370.9030931710383,233.07321894842613
2784,Suez OUT - Piraeus,SEA,PILOT_TO_PILOT,5,2784,2534,6,7,SaidTssN,Kriti E,35.21869335520947,26.685976613787986,309.57972469971133,8.0,371.03644714542645,232.93986497403796
2785,Suez OUT - Piraeus,SEA,PILOT_TO_PILOT,5,2785,2535,6,7,SaidTssN,Kriti E,35.220019094472,26.68379531729161,309.57972469971133,8.0,371.1698011198147,232.80651099964973
2786,Suez OUT - Piraeus,SEA,PILOT_TO_PILOT,5,2786,2536,6,7,SaidTssN,Kriti E,35.221344794607546,26.681613949534192,309.57972469971133,8.0,371.30315509420285,232.67315702526156
2787,Suez OUT - Piraeus,SEA,PILOT_TO_PILOT,5,2787,2537,6,7,SaidTssN,Kriti E,35.22267045561293,26.679432510511983,309.57972469971133,8.0,371.436509068591,232.5398030508734
2788,Suez OUT - Piraeus,SEA,PILOT_TO_PILOT,5,2788,2538,6,7,SaidTssN,Kriti E,35.22399607748493,26.677251000221286,309.57972469971133,8.0,371.5698630429792,232.40644907648522
2789,Suez OUT - Piraeus,SEA,PILOT_TO_PILOT,5,2789,2539,6,7,SaidTssN,Kriti E,35.225321660220345,26.67506941865836,309.57972469971133,8.0,371.70321701736736,232.27309510209705
2790,Suez OUT - Piraeus,SEA,PILOT_TO_PILOT,5,2790,2540,6,7,SaidTssN,Kriti E,35.226647203815986,26.67288776581948,309.57972469971133,8.0,371.83657099175554,232.13974112770887
2791,Suez OUT - Piraeus,SEA,PILOT_TO_PILOT,5,2791,2541,6,7,SaidTssN,Kriti E,35.22797270826866,26.670706041700935,309.57972469971133,8.0,371.9699249661437,232.0063871533207
2792,Suez OUT - Piraeus,SEA,PILOT_TO_PILOT,5,2792,2542,6,7,SaidTssN,Kriti E,35.22929817357513,26.668524246298997,309.57972469971133,8.0,372.1032789405319,231.87303317893253
2793,Suez OUT - Piraeus,SEA,PILOT_TO_PILOT,5,2793,2543,6,7,SaidTssN,Kriti E,35.23062359973225,26.666342379609937,309.57972469971133,8.0,372.23663291492005,231.73967920454436
2794,Suez OUT - Piraeus,SEA,PILOT_TO_PILOT,5,2794,2544,6,7,SaidTssN,Kriti E,35.23194898673676,26.664160441630035,309.57972469971133,8.0,372.3699868893082,231.6063252301562
2795,Suez OUT - Piraeus,SEA,PILOT_TO_PILOT,5,2795,2545,6,7,SaidTssN,Kriti E,35.233274334585495,26.661978432355568,309.57972469971133,8.0,372.5033408636964,231.47297125576802
2796,Suez OUT - Piraeus,SEA,PILOT_TO_PILOT,5,2796,2546,6,7,SaidTssN,Kriti E,35.23459964327525,26.659796351782813,309.57972469971133,8.0,372.63669483808457,231.33961728137984
2797,Suez OUT - Piraeus,SEA,PILOT_TO_PILOT,5,2797,2547,6,7,SaidTssN,Kriti E,35.235924912802815,26.657614199908046,309.57972469971133,8.0,372.77004881247274,231.20626330699167
2798,Suez OUT - Piraeus,SEA,PILOT_TO_PILOT,5,2798,2548,6,7,SaidTssN,Kriti E,35.237250143165,26.655431976727545,309.57972469971133,8.0,372.9034027868609,231.0729093326035
2799,Suez OUT - Piraeus,SEA,PILOT_TO_PILOT,5,2799,2549,6,7,SaidTssN,Kriti E,35.238575334358586,26.653249682237586,309.57972469971133,8.0,373.0367567612491,230.93955535821533
2800,Suez OUT - Piraeus,SEA,PILOT_TO_PILOT,5,2800,2550,6,7,SaidTssN,Kriti E,35.23990048638037,26.651067316434446,309.57972469971133,8.0,373.17011073563725,230.80620138382716
2801,Suez OUT - Piraeus,SEA,PILOT_TO_PILOT,5,2801,2551,6,7,SaidTssN,Kriti E,35.24122559922717,26.648884879314412,309.57972469971133,8.0,373.3034647100254,230.672847409439
2802,Suez OUT - Piraeus,SEA,PILOT_TO_PILOT,5,2802,2552,6,7,SaidTssN,Kriti E,35.24255067289577,26.64670237087375,309.57972469971133,8.0,373.4368186844136,230.53949343505082
2803,Suez OUT - Piraeus,SEA,PILOT_TO_PILOT,5,2803,2553,6,7,SaidTssN,Kriti E,35.24387570738296,26.64451979110874,309.57972469971133,8.0,373.57017265880177,230.40613946066264
2804,Suez OUT - Piraeus,SEA,PILOT_TO_PILOT,5,2804,2554,6,7,SaidTssN,Kriti E,35.24520070268555,26.64233714001567,309.57972469971133,8.0,373.70352663318994,230.27278548627447
2805,Suez OUT - Piraeus,SEA,PILOT_TO_PILOT,5,2805,2555,6,7,SaidTssN,Kriti E,35.24652565880034,26.640154417590804,309.57972469971133,8.0,373.83688060757817,230.13943151188624
2806,Suez OUT - Piraeus,SEA,PILOT_TO_PILOT,5,2806,2556,6,7,SaidTssN,Kriti E,35.2478505757241,26.637971623830435,309.57972469971133,8.0,373.97023458196634,230.00607753749807
2807,Suez OUT - Piraeus,SEA,PILOT_TO_PILOT,5,2807,2557,6,7,SaidTssN,Kriti E,35.24917545345365,26.635788758730833,309.57972469971133,8.0,374.1035885563545,229.8727235631099
2808,Suez OUT - Piraeus,SEA,PILOT_TO_PILOT,5,2808,2558,6,7,SaidTssN,Kriti E,35.25050029198579,26.633605822288278,309.57972469971133,8.0,374.2369425307427,229.73936958872173
2809,Suez OUT - Piraeus,SEA,PILOT_TO_PILOT,5,2809,2559,6,7,SaidTssN,Kriti E,35.2518250913173,26.631422814499054,309.57972469971133,8.0,374.37029650513085,229.60601561433356
2810,Suez OUT - Piraeus,SEA,PILOT_TO_PILOT,5,2810,2560,6,7,SaidTssN,Kriti E,35.253149851444974,26.629239735359427,309.57972469971133,8.0,374.503650479519,229.4726616399454
2811,Suez OUT - Piraeus,SEA,PILOT_TO_PILOT,5,2811,2561,6,7,SaidTssN,Kriti E,35.254474572365616,26.62705658486569,309.57972469971133,8.0,374.6370044539072,229.33930766555721
2812,Suez OUT - Piraeus,SEA,PILOT_TO_PILOT,5,2812,2562,6,7,SaidTssN,Kriti E,35.255799254076024,26.62487336301412,309.57972469971133,8.0,374.77035842829537,229.20595369116904
2813,Suez OUT - Piraeus,SEA,PILOT_TO_PILOT,5,2813,2563,6,7,SaidTssN,Kriti E,35.257123896573,26.62269006980099,309.57972469971133,8.0,374.90371240268354,229.07259971678087
2814,Suez OUT - Piraeus,SEA,PILOT_TO_PILOT,5,2814,2564,6,7,SaidTssN,Kriti E,35.2584484998533,26.62050670522259,309.57972469971133,8.0,375.0370663770717,228.9392457423927
2815,Suez OUT - Piraeus,SEA,PILOT_TO_PILOT,5,2815,2565,6,7,SaidTssN,Kriti E,35.25977306391377,26.618323269275184,309.57972469971133,8.0,375.1704203514599,228.80589176800453
2816,Suez OUT - Piraeus,SEA,PILOT_TO_PILOT,5,2816,2566,6,7,SaidTssN,Kriti E,35.26109758875116,26.616139761955072,309.57972469971133,8.0,375.30377432584805,228.67253779361636
2817,Suez OUT - Piraeus,SEA,PILOT_TO_PILOT,5,2817,2567,6,7,SaidTssN,Kriti E,35.2624220743623,26.61395618325852,309.57972469971133,8.0,375.4371283002362,228.53918381922819
2818,Suez OUT - Piraeus,SEA,PILOT_TO_PILOT,5,2818,2568,6,7,SaidTssN,Kriti E,35.263746520743965,26.611772533181814,309.57972469971133,8.0,375.5704822746244,228.40582984484
2819,Suez OUT - Piraeus,SEA,PILOT_TO_PILOT,5,2819,2569,6,7,SaidTssN,Kriti E,35.26507092789296,26.609588811721235,309.57972469971133,8.0,375.70383624901257,228.27247587045184
2820,Suez OUT - Piraeus,SEA,PILOT_TO_PILOT,5,2820,2570,6,7,SaidTssN,Kriti E,35.26639529580605,26.607405018873052,309.57972469971133,8.0,375.83719022340074,228.13912189606367
2821,Suez OUT - Piraeus,SEA,PILOT_TO_PILOT,5,2821,2571,6,7,SaidTssN,Kriti E,35.26771962448007,26.60522115463357,309.57972469971133,8.0,375.9705441977889,228.0057679216755
2822,Suez OUT - Piraeus,SEA,PILOT_TO_PILOT,5,2822,2572,6,7,SaidTssN,Kriti E,35.26904391391179,26.60303721899905,309.57972469971133,8.0,376.1038981721771,227.87241394728733
2823,Suez OUT - Piraeus,SEA,PILOT_TO_PILOT,5,2823,2573,6,7,SaidTssN,Kriti E,35.27036816409799,26.600853211965784,309.57972469971133,8.0,376.23725214656525,227.73905997289916
2824,Suez OUT - Piraeus,SEA,PILOT_TO_PILOT,5,2824,2574,6,7,SaidTssN,Kriti E,35.271692375035485,26.59866913353004,309.57972469971133,8.0,376.3706061209534,227.60570599851098
2825,Suez OUT - Piraeus,SEA,PILOT_TO_PILOT,5,2825,2575,6,7,SaidTssN,Kriti E,35.273016546721074,26.596484983688114,309.57972469971133,8.0,376.5039600953416,227.4723520241228
2826,Suez OUT - Piraeus,SEA,PILOT_TO_PILOT,5,2826,2576,6,7,SaidTssN,Kriti E,35.27434067915152,26.594300762436287,309.57972469971133,8.0,376.6373140697298,227.33899804973458
2827,Suez OUT - Piraeus,SEA,PILOT_TO_PILOT,5,2827,2577,6,7,SaidTssN,Kriti E,35.27566477232364,26.592116469770826,309.57972469971133,8.0,376.770668044118,227.2056440753464
2828,Suez OUT - Piraeus,SEA,PILOT_TO_PILOT,5,2828,2578,6,7,SaidTssN,Kriti E,35.276988826234216,26.58993210568803,309.57972469971133,8.0,376.90402201850617,227.07229010095824
2829,Suez OUT - Piraeus,SEA,PILOT_TO_PILOT,5,2829,2579,6,7,SaidTssN,Kriti E,35.278312840880034,26.587747670184168,309.57972469971133,8.0,377.03737599289434,226.93893612657007
2830,Suez OUT - Piraeus,SEA,PILOT_TO_PILOT,5,2830,2580,6,7,SaidTssN,Kriti E,35.2796368162579,26.585563163255532,309.57972469971133,8.0,377.1707299672825,226.8055821521819
2831,Suez OUT - Piraeus,SEA,PILOT_TO_PILOT,5,2831,2581,6,7,SaidTssN,Kriti E,35.28096075236459,26.5833785848984,309.57972469971133,8.0,377.3040839416707,226.67222817779373
2832,Suez OUT - Piraeus,SEA,PILOT_TO_PILOT,5,2832,2582,6,7,SaidTssN,Kriti E,35.28228464919691,26.58119393510906,309.57972469971133,8.0,377.43743791605885,226.53887420340556
2833,Suez OUT - Piraeus,SEA,PILOT_TO_PILOT,5,2833,2583,6,7,SaidTssN,Kriti E,35.28360850675165,26.579009213883783,309.57972469971133,8.0,377.570791890447,226.40552022901738
2834,Suez OUT - Piraeus,SEA,PILOT_TO_PILOT,5,2834,2584,6,7,SaidTssN,Kriti E,35.284932325025586,26.576824421218866,309.57972469971133,8.0,377.7041458648352,226.2721662546292
2835,Suez OUT - Piraeus,SEA,PILOT_TO_PILOT,5,2835,2585,6,7,SaidTssN,Kriti E,35.286256104015514,26.57463955711058,309.57972469971133,8.0,377.83749983922337,226.13881228024104
2836,Suez OUT - Piraeus,SEA,PILOT_TO_PILOT,5,2836,2586,6,7,SaidTssN,Kriti E,35.28757984371824,26.57245462155522,309.57972469971133,8.0,377.97085381361154,226.00545830585287
2837,Suez OUT - Piraeus,SEA,PILOT_TO_PILOT,5,2837,2587,6,7,SaidTssN,Kriti E,35.28890354413054,26.570269614549055,309.57972469971133,8.0,378.1042077879997,225.8721043314647
2838,Suez OUT - Piraeus,SEA,PILOT_TO_PILOT,5,2838,2588,6,7,SaidTssN,Kriti E,35.2902272052492,26.568084536088385,309.57972469971133,8.0,378.2375617623879,225.73875035707653
2839,Suez OUT - Piraeus,SEA,PILOT_TO_PILOT,5,2839,2589,6,7,SaidTssN,Kriti E,35.29155082707103,26.56589938616948,309.57972469971133,8.0,378.37091573677606,225.60539638268835
2840,Suez OUT - Piraeus,SEA,PILOT_TO_PILOT,5,2840,2590,6,7,SaidTssN,Kriti E,35.2928744095928,26.56371416478863,309.57972469971133,8.0,378.5042697111642,225.47204240830018
2841,Suez OUT - Piraeus,SEA,PILOT_TO_PILOT,5,2841,2591,6,7,SaidTssN,Kriti E,35.294197952811295,26.56152887194212,309.57972469971133,8.0,378.6376236855524,225.338688433912
2842,Suez OUT - Piraeus,SEA,PILOT_TO_PILOT,5,2842,2592,6,7,SaidTssN,Kriti E,35.29552145672332,26.559343507626235,309.57972469971133,8.0,378.77097765994057,225.20533445952384
2843,Suez OUT - Piraeus,SEA,PILOT_TO_PILOT,5,2843,2593,6,7,SaidTssN,Kriti E,35.296844921325665,26.557158071837247,309.57972469971133,8.0,378.90433163432874,225.07198048513567
2844,Suez OUT - Piraeus,SEA,PILOT_TO_PILOT,5,2844,2594,6,7,SaidTssN,Kriti E,35.29816834661511,26.55497256457146,309.57972469971133,8.0,379.0376856087169,224.9386265107475
2845,Suez OUT - Piraeus,SEA,PILOT_TO_PILOT,5,2845,2595,6,7,SaidTssN,Kriti E,35.299491732588436,26.552786985825147,309.57972469971133,8.0,379.1710395831051,224.80527253635933
2846,Suez OUT - Piraeus,SEA,PILOT_TO_PILOT,5,2846,2596,6,7,SaidTssN,Kriti E,35.30081507924245,26.550601335594596,309.57972469971133,8.0,379.30439355749326,224.67191856197115
2847,Suez OUT - Piraeus,SEA,PILOT_TO_PILOT,5,2847,2597,6,7,SaidTssN,Kriti E,35.30213838657394,26.548415613876088,309.57972469971133,8.0,379.4377475318815,224.53856458758293
2848,Suez OUT - Piraeus,SEA,PILOT_TO_PILOT,5,2848,2598,6,7,SaidTssN,Kriti E,35.30346165457967,26.546229820665914,309.57972469971133,8.0,379.57110150626966,224.40521061319475
2849,Suez OUT - Piraeus,SEA,PILOT_TO_PILOT,5,2849,2599,6,7,SaidTssN,Kriti E,35.304784883256445,26.54404395596036,309.57972469971133,8.0,379.7044554806578,224.27185663880658
2850,Suez OUT - Piraeus,SEA,PILOT_TO_PILOT,5,2850,2600,6,7,SaidTssN,Kriti E,35.30610807260105,26.5418580197557,309.57972469971133,8.0,379.837809455046,224.1385026644184
2851,Suez OUT - Piraeus,SEA,PILOT_TO_PILOT,5,2851,2601,6,7,SaidTssN,Kriti E,35.30743122261028,26.539672012048232,309.57972469971133,8.0,379.97116342943417,224.00514869003024
2852,Suez OUT - Piraeus,SEA,PILOT_TO_PILOT,5,2852,2602,6,7,SaidTssN,Kriti E,35.308754333280916,26.537485932834237,309.57972469971133,8.0,380.10451740382234,223.87179471564207
2853,Suez OUT - Piraeus,SEA,PILOT_TO_PILOT,5,2853,2603,6,7,SaidTssN,Kriti E,35.31007740460975,26.535299782110005,309.57972469971133,8.0,380.2378713782105,223.7384407412539
2854,Suez OUT - Piraeus,SEA,PILOT_TO_PILOT,5,2854,2604,6,7,SaidTssN,Kriti E,35.31140043659356,26.533113559871815,309.57972469971133,8.0,380.3712253525987,223.60508676686572
2855,Suez OUT - Piraeus,SEA,PILOT_TO_PILOT,5,2855,2605,6,7,SaidTssN,Kriti E,35.31272342922914,26.530927266115963,309.57972469971133,8.0,380.50457932698686,223.47173279247755
2856,Suez OUT - Piraeus,SEA,PILOT_TO_PILOT,5,2856,2606,6,7,SaidTssN,Kriti E,35.314046382513254,26.528740900838724,309.57972469971133,8.0,380.637933301375,223.33837881808938
2857,Suez OUT - Piraeus,SEA,PILOT_TO_PILOT,5,2857,2607,6,7,SaidTssN,Kriti E,35.315369296442725,26.526554464036387,309.57972469971133,8.0,380.7712872757632,223.2050248437012
2858,Suez OUT - Piraeus,SEA,PILOT_TO_PILOT,5,2858,2608,6,7,SaidTssN,Kriti E,35.3166921710143,26.524367955705248,309.57972469971133,8.0,380.90464125015137,223.07167086931304
2859,Suez OUT - Piraeus,SEA,PILOT_TO_PILOT,5,2859,2609,6,7,SaidTssN,Kriti E,35.31801500622481,26.52218137584159,309.57972469971133,8.0,381.03799522453954,222.93831689492487
2860,Suez OUT - Piraeus,SEA,PILOT_TO_PILOT,5,2860,2610,6,7,SaidTssN,Kriti E,35.31933780207101,26.519994724441695,309.57972469971133,8.0,381.1713491989277,222.8049629205367
2861,Suez OUT - Piraeus,SEA,PILOT_TO_PILOT,5,2861,2611,6,7,SaidTssN,Kriti E,35.32066055854969,26.517808001501848,309.57972469971133,8.0,381.3047031733159,222.67160894614852
2862,Suez OUT - Piraeus,SEA,PILOT_TO_PILOT,5,2862,2612,6,7,SaidTssN,Kriti E,35.32198327565763,26.51562120701835,309.57972469971133,8.0,381.43805714770406,222.53825497176035
2863,Suez OUT - Piraeus,SEA,PILOT_TO_PILOT,5,2863,2613,6,7,SaidTssN,Kriti E,35.32330595339164,26.513434340987477,309.57972469971133,8.0,381.57141112209223,222.40490099737218
2864,Suez OUT - Piraeus,SEA,PILOT_TO_PILOT,5,2864,2614,6,7,SaidTssN,Kriti E,35.32462859174847,26.511247403405516,309.57972469971133,8.0,381.7047650964804,222.271547022984
2865,Suez OUT - Piraeus,SEA,PILOT_TO_PILOT,5,2865,2615,6,7,SaidTssN,Kriti E,35.32595119072493,26.509060394268765,309.57972469971133,8.0,381.8381190708686,222.13819304859584
2866,Suez OUT - Piraeus,SEA,PILOT_TO_PILOT,5,2866,2616,6,7,SaidTssN,Kriti E,35.327273750317794,26.506873313573504,309.57972469971133,8.0,381.97147304525674,222.00483907420767
2867,Suez OUT - Piraeus,SEA,PILOT_TO_PILOT,5,2867,2617,6,7,SaidTssN,Kriti E,35.32859627052385,26.504686161316023,309.57972469971133,8.0,382.104827019645,221.87148509981944
2868,Suez OUT - Piraeus,SEA,PILOT_TO_PILOT,5,2868,2618,6,7,SaidTssN,Kriti E,35.32991875133988,26.502498937492607,309.57972469971133,8.0,382.23818099403314,221.73813112543127
2869,Suez OUT - Piraeus,SEA,PILOT_TO_PILOT,5,2869,2619,6,7,SaidTssN,Kriti E,35.33124119276267,26.500311642099554,309.57972469971133,8.0,382.3715349684213,221.6047771510431
2870,Suez OUT - Piraeus,SEA,PILOT_TO_PILOT,5,2870,2620,6,7,SaidTssN,Kriti E,35.332563594788994,26.498124275133147,309.57972469971133,8.0,382.5048889428095,221.47142317665492
2871,Suez OUT - Piraeus,SEA,PILOT_TO_PILOT,5,2871,2621,6,7,SaidTssN,Kriti E,35.333885957415646,26.49593683658967,309.57972469971133,8.0,382.63824291719766,221.33806920226675
2872,Suez OUT - Piraeus,SEA,PILOT_TO_PILOT,5,2872,2622,6,7,SaidTssN,Kriti E,35.335208280639414,26.493749326465423,309.57972469971133,8.0,382.77159689158583,221.20471522787858
2873,Suez OUT - Piraeus,SEA,PILOT_TO_PILOT,5,2873,2623,6,7,SaidTssN,Kriti E,35.336530564457064,26.491561744756687,309.57972469971133,8.0,382.904950865974,221.0713612534904
2874,Suez OUT - Piraeus,SEA,PILOT_TO_PILOT,5,2874,2624,6,7,SaidTssN,Kriti E,35.3378528088654,26.489374091459748,309.57972469971133,8.0,383.0383048403622,220.93800727910224
2875,Suez OUT - Piraeus,SEA,PILOT_TO_PILOT,5,2875,2625,6,7,SaidTssN,Kriti E,35.33917501386119,26.48718636657091,309.57972469971133,8.0,383.17165881475034,220.80465330471407
2876,Suez OUT - Piraeus,SEA,PILOT_TO_PILOT,5,2876,2626,6,7,SaidTssN,Kriti E,35.34049717944121,26.484998570086447,309.57972469971133,8.0,383.3050127891385,220.6712993303259
2877,Suez OUT - Piraeus,SEA,PILOT_TO_PILOT,5,2877,2627,6,7,SaidTssN,Kriti E,35.341819305602264,26.48281070200266,309.57972469971133,8.0,383.4383667635267,220.53794535593772
2878,Suez OUT - Piraeus,SEA,PILOT_TO_PILOT,5,2878,2628,6,7,SaidTssN,Kriti E,35.34314139234111,26.480622762315825,309.57972469971133,8.0,383.57172073791486,220.40459138154955
2879,Suez OUT - Piraeus,SEA,PILOT_TO_PILOT,5,2879,2629,6,7,SaidTssN,Kriti E,35.34446343965455,26.478434751022252,309.57972469971133,8.0,383.70507471230303,220.27123740716138
2880,Suez OUT - Piraeus,SEA,PILOT_TO_PILOT,5,2880,2630,6,7,SaidTssN,Kriti E,35.34578544753936,26.476246668118222,309.57972469971133,8.0,383.8384286866912,220.1378834327732
2881,Suez OUT - Piraeus,SEA,PILOT_TO_PILOT,5,2881,2631,6,7,SaidTssN,Kriti E,35.34710741599232,26.474058513600017,309.57972469971133,8.0,383.9717826610794,220.00452945838504
2882,Suez OUT - Piraeus,SEA,PILOT_TO_PILOT,5,2882,2632,6,7,SaidTssN,Kriti E,35.348429345010196,26.471870287463933,309.57972469971133,8.0,384.10513663546755,219.87117548399686
2883,Suez OUT - Piraeus,SEA,PILOT_TO_PILOT,5,2883,2633,6,7,SaidTssN,Kriti E,35.349751234589796,26.46968198970627,309.57972469971133,8.0,384.2384906098557,219.7378215096087
2884,Suez OUT - Piraeus,SEA,PILOT_TO_PILOT,5,2884,2634,6,7,SaidTssN,Kriti E,35.35107308472789,26.46749362032331,309.57972469971133,8.0,384.3718445842439,219.60446753522052
2885,Suez OUT - Piraeus,SEA,PILOT_TO_PILOT,5,2885,2635,6,7,SaidTssN,Kriti E,35.35239489542124,26.465305179311347,309.57972469971133,8.0,384.50519855863206,219.47111356083235
2886,Suez OUT - Piraeus,SEA,PILOT_TO_PILOT,6,2886,0,7,8,Kriti E,Paximadi,35.353716666666664,26.463116666666664,304.8268158618691,8.0,384.63855253302023,219.33775958644418
2887,Suez OUT - Piraeus,SEA,PILOT_TO_PILOT,6,2887,1,7,8,Kriti E,Paximadi,35.354985402914146,26.46088062111387,304.8268158618691,8.0,384.77193903432874,219.20437308513567
2888,Suez OUT - Piraeus,SEA,PILOT_TO_PILOT,6,2888,2,7,8,Kriti E,Paximadi,35.356254097977555,26.45864450530238,304.8268158618691,8.0,384.90532553563725,219.07098658382716
2889,Suez OUT - Piraeus,SEA,PILOT_TO_PILOT,6,2889,3,7,8,Kriti E,Paximadi,35.35752275185368,26.456408319228974,304.8268158618691,8.0,385.0387120369457,218.9376000825187
2890,Suez OUT - Piraeus,SEA,PILOT_TO_PILOT,6,2890,4,7,8,Kriti E,Paximadi,35.358791364539286,26.45417206289044,304.8268158618691,8.0,385.1720985382542,218.8042135812102
2891,Suez OUT - Piraeus,SEA,PILOT_TO_PILOT,6,2891,5,7,8,Kriti E,Paximadi,35.360059936031156,26.45193573628355,304.8268158618691,8.0,385.3054850395627,218.6708270799017
2892,Suez OUT - Piraeus,SEA,PILOT_TO_PILOT,6,2892,6,7,8,Kriti E,Paximadi,35.36132846632605,26.449699339405065,304.8268158618691,8.0,385.4388715408712,218.5374405785932
2893,Suez OUT - Piraeus,SEA,PILOT_TO_PILOT,6,2893,7,7,8,Kriti E,Paximadi,35.36259695542074,26.447462872251787,304.8268158618691,8.0,385.5722580421797,218.40405407728468
2894,Suez OUT - Piraeus,SEA,PILOT_TO_PILOT,6,2894,8,7,8,Kriti E,Paximadi,35.36386540331202,26.445226334820482,304.8268158618691,8.0,385.70564454348823,218.27066757597618
2895,Suez OUT - Piraeus,SEA,PILOT_TO_PILOT,6,2895,9,7,8,Kriti E,Paximadi,35.36513380999666,26.44298972710793,304.8268158618691,8.0,385.8390310447967,218.13728107466773
2896,Suez OUT - Piraeus,SEA,PILOT_TO_PILOT,6,2896,10,7,8,Kriti E,Paximadi,35.3664021754714,26.440753049110906,304.8268158618691,8.0,385.9724175461052,218.00389457335922
2897,Suez OUT - Piraeus,SEA,PILOT_TO_PILOT,6,2897,11,7,8,Kriti E,Paximadi,35.36767049973304,26.438516300826194,304.8268158618691,8.0,386.1058040474137,217.8705080720507
2898,Suez OUT - Piraeus,SEA,PILOT_TO_PILOT,6,2898,12,7,8,Kriti E,Paximadi,35.36893878277834,26.436279482250573,304.8268158618691,8.0,386.2391905487222,217.7371215707422
2899,Suez OUT - Piraeus,SEA,PILOT_TO_PILOT,6,2899,13,7,8,Kriti E,Paximadi,35.370207024604085,26.43404259338081,304.8268158618691,8.0,386.3725770500307,217.6037350694337
2900,Suez OUT - Piraeus,SEA,PILOT_TO_PILOT,6,2900,14,7,8,Kriti E,Paximadi,35.37147522520703,26.431805634213703,304.8268158618691,8.0,386.5059635513392,217.4703485681252
2901,Suez OUT - Piraeus,SEA,PILOT_TO_PILOT,6,2901,15,7,8,Kriti E,Paximadi,35.37274338458395,26.429568604746013,304.8268158618691,8.0,386.63935005264767,217.33696206681674
2902,Suez OUT - Piraeus,SEA,PILOT_TO_PILOT,6,2902,16,7,8,Kriti E,Paximadi,35.37401150273163,26.427331504974532,304.8268158618691,8.0,386.7727365539562,217.20357556550823
2903,Suez OUT - Piraeus,SEA,PILOT_TO_PILOT,6,2903,17,7,8,Kriti E,Paximadi,35.37527957964683,26.425094334896038,304.8268158618691,8.0,386.9061230552647,217.07018906419972
2904,Suez OUT - Piraeus,SEA,PILOT_TO_PILOT,6,2904,18,7,8,Kriti E,Paximadi,35.376547615326324,26.422857094507307,304.8268158618691,8.0,387.0395095565732,216.93680256289122
2905,Suez OUT - Piraeus,SEA,PILOT_TO_PILOT,6,2905,19,7,8,Kriti E,Paximadi,35.37781560976687,26.420619783805122,304.8268158618691,8.0,387.1728960578817,216.8034160615827
2906,Suez OUT - Piraeus,SEA,PILOT_TO_PILOT,6,2906,20,7,8,Kriti E,Paximadi,35.37908356296527,26.418382402786264,304.8268158618691,8.0,387.3062825591902,216.6700295602742
2907,Suez OUT - Piraeus,SEA,PILOT_TO_PILOT,6,2907,21,7,8,Kriti E,Paximadi,35.38035147491825,26.416144951447517,304.8268158618691,8.0,387.43966906049866,216.53664305896575
2908,Suez OUT - Piraeus,SEA,PILOT_TO_PILOT,6,2908,22,7,8,Kriti E,Paximadi,35.38161934562262,26.41390742978565,304.8268158618691,8.0,387.57305556180717,216.40325655765724
2909,Suez OUT - Piraeus,SEA,PILOT_TO_PILOT,6,2909,23,7,8,Kriti E,Paximadi,35.38288717507513,26.411669837797454,304.8268158618691,8.0,387.7064420631157,216.26987005634874
2910,Suez OUT - Piraeus,SEA,PILOT_TO_PILOT,6,2910,24,7,8,Kriti E,Paximadi,35.38415496327256,26.409432175479715,304.8268158618691,8.0,387.8398285644242,216.13648355504023
2911,Suez OUT - Piraeus,SEA,PILOT_TO_PILOT,6,2911,25,7,8,Kriti E,Paximadi,35.385422710211664,26.407194442829205,304.8268158618691,8.0,387.9732150657327,216.00309705373172
2912,Suez OUT - Piraeus,SEA,PILOT_TO_PILOT,6,2912,26,7,8,Kriti E,Paximadi,35.38669041588922,26.404956639842705,304.8268158618691,8.0,388.10660156704114,215.86971055242327
2913,Suez OUT - Piraeus,SEA,PILOT_TO_PILOT,6,2913,27,7,8,Kriti E,Paximadi,35.387958080302,26.402718766517008,304.8268158618691,8.0,388.23998806834965,215.73632405111476
2914,Suez OUT - Piraeus,SEA,PILOT_TO_PILOT,6,2914,28,7,8,Kriti E,Paximadi,35.38922570344677,26.400480822848888,304.8268158618691,8.0,388.37337456965815,215.60293754980626
2915,Suez OUT - Piraeus,SEA,PILOT_TO_PILOT,6,2915,29,7,8,Kriti E,Paximadi,35.3904932853203,26.39824280883513,304.8268158618691,8.0,388.50676107096666,215.46955104849775
2916,Suez OUT - Piraeus,SEA,PILOT_TO_PILOT,6,2916,30,7,8,Kriti E,Paximadi,35.39176082591936,26.396004724472515,304.8268158618691,8.0,388.64014757227517,215.33616454718924
2917,Suez OUT - Piraeus,SEA,PILOT_TO_PILOT,6,2917,31,7,8,Kriti E,Paximadi,35.393028325240714,26.393766569757833,304.8268158618691,8.0,388.7735340735837,215.20277804588073
2918,Suez OUT - Piraeus,SEA,PILOT_TO_PILOT,6,2918,32,7,8,Kriti E,Paximadi,35.39429578328114,26.391528344687863,304.8268158618691,8.0,388.9069205748921,215.06939154457228
2919,Suez OUT - Piraeus,SEA,PILOT_TO_PILOT,6,2919,33,7,8,Kriti E,Paximadi,35.39556320003739,26.38929004925938,304.8268158618691,8.0,389.04030707620063,214.93600504326378
2920,Suez OUT - Piraeus,SEA,PILOT_TO_PILOT,6,2920,34,7,8,Kriti E,Paximadi,35.396830575506236,26.38705168346918,304.8268158618691,8.0,389.17369357750914,214.80261854195527
2921,Suez OUT - Piraeus,SEA,PILOT_TO_PILOT,6,2921,35,7,8,Kriti E,Paximadi,35.398097909684466,26.384813247314042,304.8268158618691,8.0,389.30708007881765,214.66923204064676
2922,Suez OUT - Piraeus,SEA,PILOT_TO_PILOT,6,2922,36,7,8,Kriti E,Paximadi,35.39936520256882,26.382574740790755,304.8268158618691,8.0,389.44046658012616,214.53584553933825
2923,Suez OUT - Piraeus,SEA,PILOT_TO_PILOT,6,2923,37,7,8,Kriti E,Paximadi,35.40063245415609,26.380336163896096,304.8268158618691,8.0,389.57385308143466,214.40245903802975
2924,Suez OUT - Piraeus,SEA,PILOT_TO_PILOT,6,2924,38,7,8,Kriti E,Paximadi,35.40189966444303,26.37809751662686,304.8268158618691,8.0,389.7072395827431,214.2690725367213
2925,Suez OUT - Piraeus,SEA,PILOT_TO_PILOT,6,2925,39,7,8,Kriti E,Paximadi,35.4031668334264,26.37585879897982,304.8268158618691,8.0,389.8406260840516,214.1356860354128
2926,Suez OUT - Piraeus,SEA,PILOT_TO_PILOT,6,2926,40,7,8,Kriti E,Paximadi,35.40443396110298,26.373620010951768,304.8268158618691,8.0,389.97401258536013,214.00229953410428
2927,Suez OUT - Piraeus,SEA,PILOT_TO_PILOT,6,2927,41,7,8,Kriti E,Paximadi,35.40570104746953,26.37138115253949,304.8268158618691,8.0,390.10739908666864,213.86891303279577
2928,Suez OUT - Piraeus,SEA,PILOT_TO_PILOT,6,2928,42,7,8,Kriti E,Paximadi,35.40696809252281,26.369142223739765,304.8268158618691,8.0,390.24078558797714,213.73552653148727
2929,Suez OUT - Piraeus,SEA,PILOT_TO_PILOT,6,2929,43,7,8,Kriti E,Paximadi,35.40823509625961,26.36690322454939,304.8268158618691,8.0,390.37417208928565,213.60214003017876
2930,Suez OUT - Piraeus,SEA,PILOT_TO_PILOT,6,2930,44,7,8,Kriti E,Paximadi,35.40950205867667,26.36466415496514,304.8268158618691,8.0,390.5075585905941,213.4687535288703
2931,Suez OUT - Piraeus,SEA,PILOT_TO_PILOT,6,2931,45,7,8,Kriti E,Paximadi,35.41076897977078,26.36242501498381,304.8268158618691,8.0,390.6409450919026,213.3353670275618
2932,Suez OUT - Piraeus,SEA,PILOT_TO_PILOT,6,2932,46,7,8,Kriti E,Paximadi,35.412035859538676,26.360185804602185,304.8268158618691,8.0,390.7743315932111,213.2019805262533
2933,Suez OUT - Piraeus,SEA,PILOT_TO_PILOT,6,2933,47,7,8,Kriti E,Paximadi,35.413302697977144,26.35794652381705,304.8268158618691,8.0,390.9077180945196,213.0685940249448
2934,Suez OUT - Piraeus,SEA,PILOT_TO_PILOT,6,2934,48,7,8,Kriti E,Paximadi,35.41456949508296,26.355707172625195,304.8268158618691,8.0,391.04110459582813,212.93520752363628
2935,Suez OUT - Piraeus,SEA,PILOT_TO_PILOT,6,2935,49,7,8,Kriti E,Paximadi,35.41583625085286,26.3534677510234,304.8268158618691,8.0,391.17449109713664,212.80182102232777
2936,Suez OUT - Piraeus,SEA,PILOT_TO_PILOT,6,2936,50,7,8,Kriti E,Paximadi,35.41710296528363,26.351228259008455,304.8268158618691,8.0,391.3078775984451,212.66843452101932
2937,Suez OUT - Piraeus,SEA,PILOT_TO_PILOT,6,2937,51,7,8,Kriti E,Paximadi,35.41836963837202,26.348988696577152,304.8268158618691,8.0,391.4412640997536,212.5350480197108
2938,Suez OUT - Piraeus,SEA,PILOT_TO_PILOT,6,2938,52,7,8,Kriti E,Paximadi,35.41963627011483,26.346749063726282,304.8268158618691,8.0,391.5746506010621,212.4016615184023
2939,Suez OUT - Piraeus,SEA,PILOT_TO_PILOT,6,2939,53,7,8,Kriti E,Paximadi,35.420902860508775,26.344509360452623,304.8268158618691,8.0,391.7080371023706,212.2682750170938
2940,Suez OUT - Piraeus,SEA,PILOT_TO_PILOT,6,2940,54,7,8,Kriti E,Paximadi,35.42216940955065,26.34226958675297,304.8268158618691,8.0,391.8414236036791,212.1348885157853
2941,Suez OUT - Piraeus,SEA,PILOT_TO_PILOT,6,2941,55,7,8,Kriti E,Paximadi,35.423435917237214,26.340029742624107,304.8268158618691,8.0,391.97481010498757,212.00150201447684
2942,Suez OUT - Piraeus,SEA,PILOT_TO_PILOT,6,2942,56,7,8,Kriti E,Paximadi,35.42470238356522,26.33778982806284,304.8268158618691,8.0,392.1081966062961,211.86811551316833
2943,Suez OUT - Piraeus,SEA,PILOT_TO_PILOT,6,2943,57,7,8,Kriti E,Paximadi,35.42596880853145,26.335549843065937,304.8268158618691,8.0,392.2415831076046,211.73472901185983
2944,Suez OUT - Piraeus,SEA,PILOT_TO_PILOT,6,2944,58,7,8,Kriti E,Paximadi,35.427235192132656,26.333309787630196,304.8268158618691,8.0,392.3749696089131,211.60134251055132
2945,Suez OUT - Piraeus,SEA,PILOT_TO_PILOT,6,2945,59,7,8,Kriti E,Paximadi,35.4285015343656,26.3310696617524,304.8268158618691,8.0,392.5083561102216,211.4679560092428
2946,Suez OUT - Piraeus,SEA,PILOT_TO_PILOT,6,2946,60,7,8,Kriti E,Paximadi,35.42976783522706,26.32882946542936,304.8268158618691,8.0,392.6417426115301,211.3345695079343
2947,Suez OUT - Piraeus,SEA,PILOT_TO_PILOT,6,2947,61,7,8,Kriti E,Paximadi,35.43103409471379,26.326589198657835,304.8268158618691,8.0,392.77512911283856,211.20118300662585
2948,Suez OUT - Piraeus,SEA,PILOT_TO_PILOT,6,2948,62,7,8,Kriti E,Paximadi,35.432300312822534,26.324348861434647,304.8268158618691,8.0,392.90851561414706,211.06779650531735
2949,Suez OUT - Piraeus,SEA,PILOT_TO_PILOT,6,2949,63,7,8,Kriti E,Paximadi,35.43356648955008,26.322108453756567,304.8268158618691,8.0,393.04190211545557,210.93441000400884
2950,Suez OUT - Piraeus,SEA,PILOT_TO_PILOT,6,2950,64,7,8,Kriti E,Paximadi,35.43483262489319,26.319867975620383,304.8268158618691,8.0,393.1752886167641,210.80102350270033
2951,Suez OUT - Piraeus,SEA,PILOT_TO_PILOT,6,2951,65,7,8,Kriti E,Paximadi,35.43609871884861,26.317627427022906,304.8268158618691,8.0,393.3086751180726,210.66763700139182
2952,Suez OUT - Piraeus,SEA,PILOT_TO_PILOT,6,2952,66,7,8,Kriti E,Paximadi,35.437364771413115,26.315386807960905,304.8268158618691,8.0,393.4420616193811,210.53425050008332
2953,Suez OUT - Piraeus,SEA,PILOT_TO_PILOT,6,2953,67,7,8,Kriti E,Paximadi,35.438630782583466,26.313146118431188,304.8268158618691,8.0,393.57544812068954,210.40086399877487
2954,Suez OUT - Piraeus,SEA,PILOT_TO_PILOT,6,2954,68,7,8,Kriti E,Paximadi,35.43989675235642,26.310905358430535,304.8268158618691,8.0,393.70883462199805,210.26747749746636
2955,Suez OUT - Piraeus,SEA,PILOT_TO_PILOT,6,2955,69,7,8,Kriti E,Paximadi,35.441162680728745,26.30866452795575,304.8268158618691,8.0,393.84222112330656,210.13409099615785
2956,Suez OUT - Piraeus,SEA,PILOT_TO_PILOT,6,2956,70,7,8,Kriti E,Paximadi,35.44242856769719,26.306423627003614,304.8268158618691,8.0,393.97560762461507,210.00070449484934
2957,Suez OUT - Piraeus,SEA,PILOT_TO_PILOT,6,2957,71,7,8,Kriti E,Paximadi,35.443694413258534,26.304182655570926,304.8268158618691,8.0,394.1089941259236,209.86731799354084
2958,Suez OUT - Piraeus,SEA,PILOT_TO_PILOT,6,2958,72,7,8,Kriti E,Paximadi,35.44496021740953,26.301941613654474,304.8268158618691,8.0,394.2423806272321,209.73393149223233
2959,Suez OUT - Piraeus,SEA,PILOT_TO_PILOT,6,2959,73,7,8,Kriti E,Paximadi,35.44622598014692,26.29970050125106,304.8268158618691,8.0,394.37576712854053,209.60054499092388
2960,Suez OUT - Piraeus,SEA,PILOT_TO_PILOT,6,2960,74,7,8,Kriti E,Paximadi,35.447491701467506,26.29745931835747,304.8268158618691,8.0,394.50915362984904,209.46715848961537
2961,Suez OUT - Piraeus,SEA,PILOT_TO_PILOT,6,2961,75,7,8,Kriti E,Paximadi,35.44875738136801,26.2952180649705,304.8268158618691,8.0,394.64254013115755,209.33377198830686
2962,Suez OUT - Piraeus,SEA,PILOT_TO_PILOT,6,2962,76,7,8,Kriti E,Paximadi,35.45002301984521,26.29297674108694,304.8268158618691,8.0,394.77592663246605,209.20038548699836
2963,Suez OUT - Piraeus,SEA,PILOT_TO_PILOT,6,2963,77,7,8,Kriti E,Paximadi,35.45128861689587,26.29073534670358,304.8268158618691,8.0,394.90931313377456,209.06699898568985
2964,Suez OUT - Piraeus,SEA,PILOT_TO_PILOT,6,2964,78,7,8,Kriti E,Paximadi,35.45255417251675,26.288493881817235,304.8268158618691,8.0,395.042699635083,208.9336124843814
2965,Suez OUT - Piraeus,SEA,PILOT_TO_PILOT,6,2965,79,7,8,Kriti E,Paximadi,35.4538196867046,26.286252346424675,304.8268158618691,8.0,395.1760861363915,208.8002259830729
2966,Suez OUT - Piraeus,SEA,PILOT_TO_PILOT,6,2966,80,7,8,Kriti E,Paximadi,35.45508515945618,26.284010740522714,304.8268158618691,8.0,395.3094726377,208.66683948176438
2967,Suez OUT - Piraeus,SEA,PILOT_TO_PILOT,6,2967,81,7,8,Kriti E,Paximadi,35.45635059076825,26.281769064108136,304.8268158618691,8.0,395.44285913900853,208.53345298045588
2968,Suez OUT - Piraeus,SEA,PILOT_TO_PILOT,6,2968,82,7,8,Kriti E,Paximadi,35.457615980637584,26.27952731717773,304.8268158618691,8.0,395.57624564031704,208.40006647914737
2969,Suez OUT - Piraeus,SEA,PILOT_TO_PILOT,6,2969,83,7,8,Kriti E,Paximadi,35.45888132906092,26.277285499728304,304.8268158618691,8.0,395.70963214162555,208.26667997783886
2970,Suez OUT - Piraeus,SEA,PILOT_TO_PILOT,6,2970,84,7,8,Kriti E,Paximadi,35.46014663603504,26.275043611756654,304.8268158618691,8.0,395.843018642934,208.1332934765304
2971,Suez OUT - Piraeus,SEA,PILOT_TO_PILOT,6,2971,85,7,8,Kriti E,Paximadi,35.46141190155668,26.27280165325957,304.8268158618691,8.0,395.9764051442425,207.9999069752219
2972,Suez OUT - Piraeus,SEA,PILOT_TO_PILOT,6,2972,86,7,8,Kriti E,Paximadi,35.46267712562261,26.270559624233844,304.8268158618691,8.0,396.109791645551,207.8665204739134
2973,Suez OUT - Piraeus,SEA,PILOT_TO_PILOT,6,2973,87,7,8,Kriti E,Paximadi,35.46394230822959,26.268317524676277,304.8268158618691,8.0,396.2431781468595,207.7331339726049
2974,Suez OUT - Piraeus,SEA,PILOT_TO_PILOT,6,2974,88,7,8,Kriti E,Paximadi,35.465207449374375,26.266075354583673,304.8268158618691,8.0,396.376564648168,207.59974747129638
2975,Suez OUT - Piraeus,SEA,PILOT_TO_PILOT,6,2975,89,7,8,Kriti E,Paximadi,35.46647254905373,26.26383311395282,304.8268158618691,8.0,396.50995114947654,207.46636096998787
2976,Suez OUT - Piraeus,SEA,PILOT_TO_PILOT,6,2976,90,7,8,Kriti E,Paximadi,35.4677376072644,26.261590802780518,304.8268158618691,8.0,396.643337650785,207.33297446867942
2977,Suez OUT - Piraeus,SEA,PILOT_TO_PILOT,6,2977,91,7,8,Kriti E,Paximadi,35.469002624003146,26.25934842106356,304.8268158618691,8.0,396.7767241520935,207.19958796737092
2978,Suez OUT - Piraeus,SEA,PILOT_TO_PILOT,6,2978,92,7,8,Kriti E,Paximadi,35.470267599266734,26.25710596879875,304.8268158618691,8.0,396.910110653402,207.0662014660624
2979,Suez OUT - Piraeus,SEA,PILOT_TO_PILOT,6,2979,93,7,8,Kriti E,Paximadi,35.471532533051914,26.25486344598288,304.8268158618691,8.0,397.0434971547105,206.9328149647539
2980,Suez OUT - Piraeus,SEA,PILOT_TO_PILOT,6,2980,94,7,8,Kriti E,Paximadi,35.472797425355445,26.252620852612754,304.8268158618691,8.0,397.176883656019,206.7994284634454
2981,Suez OUT - Piraeus,SEA,PILOT_TO_PILOT,6,2981,95,7,8,Kriti E,Paximadi,35.47406227617409,26.250378188685165,304.8268158618691,8.0,397.3102701573275,206.6660419621369
2982,Suez OUT - Piraeus,SEA,PILOT_TO_PILOT,6,2982,96,7,8,Kriti E,Paximadi,35.475327085504595,26.248135454196916,304.8268158618691,8.0,397.443656658636,206.53265546082844
2983,Suez OUT - Piraeus,SEA,PILOT_TO_PILOT,6,2983,97,7,8,Kriti E,Paximadi,35.47659185334373,26.245892649144803,304.8268158618691,8.0,397.5770431599445,206.39926895951993
2984,Suez OUT - Piraeus,SEA,PILOT_TO_PILOT,6,2984,98,7,8,Kriti E,Paximadi,35.47785657968824,26.243649773525625,304.8268158618691,8.0,397.710429661253,206.26588245821142
2985,Suez OUT - Piraeus,SEA,PILOT_TO_PILOT,6,2985,99,7,8,Kriti E,Paximadi,35.47912126453489,26.241406827336178,304.8268158618691,8.0,397.8438161625615,206.13249595690291
2986,Suez OUT - Piraeus,SEA,PILOT_TO_PILOT,6,2986,100,7,8,Kriti E,Paximadi,35.48038590788042,26.23916381057327,304.8268158618691,8.0,397.97720266387,205.9991094555944
2987,Suez OUT - Piraeus,SEA,PILOT_TO_PILOT,6,2987,101,7,8,Kriti E,Paximadi,35.481650509721604,26.23692072323369,304.8268158618691,8.0,398.11058916517845,205.86572295428596
2988,Suez OUT - Piraeus,SEA,PILOT_TO_PILOT,6,2988,102,7,8,Kriti E,Paximadi,35.48291507005519,26.234677565314254,304.8268158618691,8.0,398.24397566648696,205.73233645297745
2989,Suez OUT - Piraeus,SEA,PILOT_TO_PILOT,6,2989,103,7,8,Kriti E,Paximadi,35.484179588877936,26.232434336811743,304.8268158618691,8.0,398.37736216779547,205.59894995166894
2990,Suez OUT - Piraeus,SEA,PILOT_TO_PILOT,6,2990,104,7,8,Kriti E,Paximadi,35.4854440661866,26.23019103772297,304.8268158618691,8.0,398.510748669104,205.46556345036043
2991,Suez OUT - Piraeus,SEA,PILOT_TO_PILOT,6,2991,105,7,8,Kriti E,Paximadi,35.48670850197792,26.22794766804473,304.8268158618691,8.0,398.6441351704125,205.33217694905193
2992,Suez OUT - Piraeus,SEA,PILOT_TO_PILOT,6,2992,106,7,8,Kriti E,Paximadi,35.487972896248685,26.225704227773832,304.8268158618691,8.0,398.777521671721,205.19879044774342
2993,Suez OUT - Piraeus,SEA,PILOT_TO_PILOT,6,2993,107,7,8,Kriti E,Paximadi,35.489237248995614,26.223460716907066,304.8268158618691,8.0,398.91090817302944,205.06540394643497
2994,Suez OUT - Piraeus,SEA,PILOT_TO_PILOT,6,2994,108,7,8,Kriti E,Paximadi,35.49050156021549,26.221217135441233,304.8268158618691,8.0,399.04429467433795,204.93201744512646
2995,Suez OUT - Piraeus,SEA,PILOT_TO_PILOT,6,2995,109,7,8,Kriti E,Paximadi,35.49176582990505,26.218973483373148,304.8268158618691,8.0,399.17768117564646,204.79863094381795
2996,Suez OUT - Piraeus,SEA,PILOT_TO_PILOT,6,2996,110,7,8,Kriti E,Paximadi,35.49303005806105,26.216729760699597,304.8268158618691,8.0,399.31106767695496,204.66524444250945
2997,Suez OUT - Piraeus,SEA,PILOT_TO_PILOT,6,2997,111,7,8,Kriti E,Paximadi,35.49429424468024,26.2144859674174,304.8268158618691,8.0,399.44445417826347,204.53185794120094
2998,Suez OUT - Piraeus,SEA,PILOT_TO_PILOT,6,2998,112,7,8,Kriti E,Paximadi,35.4955583897594,26.21224210352334,304.8268158618691,8.0,399.577840679572,204.39847143989243
2999,Suez OUT - Piraeus,SEA,PILOT_TO_PILOT,6,2999,113,7,8,Kriti E,Paximadi,35.49682249329525,26.209998169014234,304.8268158618691,8.0,399.7112271808804,204.26508493858398
3000,Suez OUT - Piraeus,SEA,PILOT_TO_PILOT,6,3000,114,7,8,Kriti E,Paximadi,35.49808655528457,26.20775416388688,304.8268158618691,8.0,399.84461368218894,204.13169843727547
3001,Suez OUT - Piraeus,SEA,PILOT_TO_PILOT,6,3001,115,7,8,Kriti E,Paximadi,35.499350575724094,26.20551008813808,304.8268158618691,8.0,399.97800018349744,203.99831193596697
3002,Suez OUT - Piraeus,SEA,PILOT_TO_PILOT,6,3002,116,7,8,Kriti E,Paximadi,35.500614554610586,26.203265941764634,304.8268158618691,8.0,400.11138668480595,203.86492543465846
3003,Suez OUT - Piraeus,SEA,PILOT_TO_PILOT,6,3003,117,7,8,Kriti E,Paximadi,35.5018784919408,26.20102172476336,304.8268158618691,8.0,400.24477318611446,203.73153893334995
3004,Suez OUT - Piraeus,SEA,PILOT_TO_PILOT,6,3004,118,7,8,Kriti E,Paximadi,35.50314238771149,26.198777437131042,304.8268158618691,8.0,400.37815968742296,203.59815243204145
3005,Suez OUT - Piraeus,SEA,PILOT_TO_PILOT,6,3005,119,7,8,Kriti E,Paximadi,35.5044062419194,26.196533078864494,304.8268158618691,8.0,400.5115461887314,203.464765930733
3006,Suez OUT - Piraeus,SEA,PILOT_TO_PILOT,6,3006,120,7,8,Kriti E,Paximadi,35.50567005456129,26.194288649960527,304.8268158618691,8.0,400.6449326900399,203.3313794294245
3007,Suez OUT - Piraeus,SEA,PILOT_TO_PILOT,6,3007,121,7,8,Kriti E,Paximadi,35.5069338256339,26.192044150415935,304.8268158618691,8.0,400.77831919134843,203.19799292811598
3008,Suez OUT - Piraeus,SEA,PILOT_TO_PILOT,6,3008,122,7,8,Kriti E,Paximadi,35.508197555134004,26.18979958022752,304.8268158618691,8.0,400.91170569265694,203.06460642680747
3009,Suez OUT - Piraeus,SEA,PILOT_TO_PILOT,6,3009,123,7,8,Kriti E,Paximadi,35.50946124305833,26.187554939392097,304.8268158618691,8.0,401.04509219396544,202.93121992549897
3010,Suez OUT - Piraeus,SEA,PILOT_TO_PILOT,6,3010,124,7,8,Kriti E,Paximadi,35.510724889403654,26.185310227906474,304.8268158618691,8.0,401.17847869527395,202.79783342419046
3011,Suez OUT - Piraeus,SEA,PILOT_TO_PILOT,6,3011,125,7,8,Kriti E,Paximadi,35.511988494166715,26.183065445767436,304.8268158618691,8.0,401.3118651965824,202.664446922882
3012,Suez OUT - Piraeus,SEA,PILOT_TO_PILOT,6,3012,126,7,8,Kriti E,Paximadi,35.51325205734426,26.180820592971816,304.8268158618691,8.0,401.4452516978909,202.5310604215735
3013,Suez OUT - Piraeus,SEA,PILOT_TO_PILOT,6,3013,127,7,8,Kriti E,Paximadi,35.51451557893304,26.178575669516395,304.8268158618691,8.0,401.5786381991994,202.397673920265
3014,Suez OUT - Piraeus,SEA,PILOT_TO_PILOT,6,3014,128,7,8,Kriti E,Paximadi,35.515779058929816,26.176330675398003,304.8268158618691,8.0,401.7120247005079,202.26428741895648
3015,Suez OUT - Piraeus,SEA,PILOT_TO_PILOT,6,3015,129,7,8,Kriti E,Paximadi,35.517042497331346,26.174085610613417,304.8268158618691,8.0,401.84541120181643,202.13090091764798
3016,Suez OUT - Piraeus,SEA,PILOT_TO_PILOT,6,3016,130,7,8,Kriti E,Paximadi,35.51830589413436,26.171840475159478,304.8268158618691,8.0,401.9787977031249,201.99751441633953
3017,Suez OUT - Piraeus,SEA,PILOT_TO_PILOT,6,3017,131,7,8,Kriti E,Paximadi,35.51956924933561,26.169595269032968,304.8268158618691,8.0,402.1121842044334,201.86412791503102
3018,Suez OUT - Piraeus,SEA,PILOT_TO_PILOT,6,3018,132,7,8,Kriti E,Paximadi,35.52083256293187,26.1673499922307,304.8268158618691,8.0,402.2455707057419,201.7307414137225
3019,Suez OUT - Piraeus,SEA,PILOT_TO_PILOT,6,3019,133,7,8,Kriti E,Paximadi,35.522095834919874,26.165104644749483,304.8268158618691,8.0,402.3789572070504,201.597354912414
3020,Suez OUT - Piraeus,SEA,PILOT_TO_PILOT,6,3020,134,7,8,Kriti E,Paximadi,35.52335906529637,26.16285922658613,304.8268158618691,8.0,402.5123437083589,201.4639684111055
3021,Suez OUT - Piraeus,SEA,PILOT_TO_PILOT,6,3021,135,7,8,Kriti E,Paximadi,35.524622254058116,26.16061373773744,304.8268158618691,8.0,402.6457302096674,201.330581909797
3022,Suez OUT - Piraeus,SEA,PILOT_TO_PILOT,6,3022,136,7,8,Kriti E,Paximadi,35.52588540120184,26.15836817820022,304.8268158618691,8.0,402.77911671097587,201.19719540848854
3023,Suez OUT - Piraeus,SEA,PILOT_TO_PILOT,6,3023,137,7,8,Kriti E,Paximadi,35.52714850672431,26.156122547971293,304.8268158618691,8.0,402.9125032122844,201.06380890718003
3024,Suez OUT - Piraeus,SEA,PILOT_TO_PILOT,6,3024,138,7,8,Kriti E,Paximadi,35.52841157062228,26.153876847047457,304.8268158618691,8.0,403.0458897135929,200.93042240587152
3025,Suez OUT - Piraeus,SEA,PILOT_TO_PILOT,6,3025,139,7,8,Kriti E,Paximadi,35.529674592892505,26.15163107542552,304.8268158618691,8.0,403.1792762149014,200.79703590456302
3026,Suez OUT - Piraeus,SEA,PILOT_TO_PILOT,6,3026,140,7,8,Kriti E,Paximadi,35.53093757353171,26.149385233102286,304.8268158618691,8.0,403.3126627162099,200.6636494032545
3027,Suez OUT - Piraeus,SEA,PILOT_TO_PILOT,6,3027,141,7,8,Kriti E,Paximadi,35.53220051253666,26.14713932007458,304.8268158618691,8.0,403.4460492175184,200.530262901946
3028,Suez OUT - Piraeus,SEA,PILOT_TO_PILOT,6,3028,142,7,8,Kriti E,Paximadi,35.53346340990409,26.144893336339198,304.8268158618691,8.0,403.57943571882686,200.39687640063755
3029,Suez OUT - Piraeus,SEA,PILOT_TO_PILOT,6,3029,143,7,8,Kriti E,Paximadi,35.534726265630766,26.14264728189296,304.8268158618691,8.0,403.71282222013537,200.26348989932904
3030,Suez OUT - Piraeus,SEA,PILOT_TO_PILOT,6,3030,144,7,8,Kriti E,Paximadi,35.535989079713424,26.14040115673266,304.8268158618691,8.0,403.8462087214439,200.13010339802054
3031,Suez OUT - Piraeus,SEA,PILOT_TO_PILOT,6,3031,145,7,8,Kriti E,Paximadi,35.53725185214882,26.13815496085513,304.8268158618691,8.0,403.9795952227524,199.99671689671203
3032,Suez OUT - Piraeus,SEA,PILOT_TO_PILOT,6,3032,146,7,8,Kriti E,Paximadi,35.53851458293371,26.135908694257168,304.8268158618691,8.0,404.1129817240609,199.86333039540352
3033,Suez OUT - Piraeus,SEA,PILOT_TO_PILOT,6,3033,147,7,8,Kriti E,Paximadi,35.53977727206481,26.133662356935584,304.8268158618691,8.0,404.24636822536934,199.72994389409507
3034,Suez OUT - Piraeus,SEA,PILOT_TO_PILOT,6,3034,148,7,8,Kriti E,Paximadi,35.541039919538896,26.131415948887188,304.8268158618691,8.0,404.37975472667785,199.59655739278656
3035,Suez OUT - Piraeus,SEA,PILOT_TO_PILOT,6,3035,149,7,8,Kriti E,Paximadi,35.54230252535271,26.129169470108803,304.8268158618691,8.0,404.51314122798635,199.46317089147806
3036,Suez OUT - Piraeus,SEA,PILOT_TO_PILOT,6,3036,150,7,8,Kriti E,Paximadi,35.54356508950299,26.126922920597227,304.8268158618691,8.0,404.64652772929486,199.32978439016955
3037,Suez OUT - Piraeus,SEA,PILOT_TO_PILOT,6,3037,151,7,8,Kriti E,Paximadi,35.54482761198649,26.12467630034927,304.8268158618691,8.0,404.77991423060337,199.19639788886104
3038,Suez OUT - Piraeus,SEA,PILOT_TO_PILOT,6,3038,152,7,8,Kriti E,Paximadi,35.54609009279996,26.122429609361763,304.8268158618691,8.0,404.9133007319119,199.06301138755254
3039,Suez OUT - Piraeus,SEA,PILOT_TO_PILOT,6,3039,153,7,8,Kriti E,Paximadi,35.54735253194014,26.120182847631504,304.8268158618691,8.0,405.0466872332204,198.92962488624403
3040,Suez OUT - Piraeus,SEA,PILOT_TO_PILOT,6,3040,154,7,8,Kriti E,Paximadi,35.54861492940379,26.117936015155305,304.8268158618691,8.0,405.18007373452883,198.79623838493558
3041,Suez OUT - Piraeus,SEA,PILOT_TO_PILOT,6,3041,155,7,8,Kriti E,Paximadi,35.54987728518763,26.115689111929985,304.8268158618691,8.0,405.31346023583734,198.66285188362707
3042,Suez OUT - Piraeus,SEA,PILOT_TO_PILOT,6,3042,156,7,8,Kriti E,Paximadi,35.551139599288426,26.11344213795235,304.8268158618691,8.0,405.44684673714585,198.52946538231856
3043,Suez OUT - Piraeus,SEA,PILOT_TO_PILOT,6,3043,157,7,8,Kriti E,Paximadi,35.552401871702926,26.11119509321922,304.8268158618691,8.0,405.58023323845435,198.39607888101006
3044,Suez OUT - Piraeus,SEA,PILOT_TO_PILOT,6,3044,158,7,8,Kriti E,Paximadi,35.55366410242787,26.108947977727404,304.8268158618691,8.0,405.71361973976286,198.26269237970155
3045,Suez OUT - Piraeus,SEA,PILOT_TO_PILOT,6,3045,159,7,8,Kriti E,Paximadi,35.55492629146,26.106700791473717,304.8268158618691,8.0,405.8470062410713,198.1293058783931
3046,Suez OUT - Piraeus,SEA,PILOT_TO_PILOT,6,3046,160,7,8,Kriti E,Paximadi,35.55618843879606,26.104453534454976,304.8268158618691,8.0,405.9803927423798,197.9959193770846
3047,Suez OUT - Piraeus,SEA,PILOT_TO_PILOT,6,3047,161,7,8,Kriti E,Paximadi,35.55745054443282,26.102206206667987,304.8268158618691,8.0,406.1137792436883,197.86253287577608
3048,Suez OUT - Piraeus,SEA,PILOT_TO_PILOT,6,3048,162,7,8,Kriti E,Paximadi,35.55871260836699,26.099958808109573,304.8268158618691,8.0,406.24716574499683,197.72914637446758
3049,Suez OUT - Piraeus,SEA,PILOT_TO_PILOT,6,3049,163,7,8,Kriti E,Paximadi,35.559974630595335,26.097711338776545,304.8268158618691,8.0,406.38055224630534,197.59575987315907
3050,Suez OUT - Piraeus,SEA,PILOT_TO_PILOT,6,3050,164,7,8,Kriti E,Paximadi,35.56123661111459,26.09546379866572,304.8268158618691,8.0,406.51393874761385,197.46237337185056
3051,Suez OUT - Piraeus,SEA,PILOT_TO_PILOT,6,3051,165,7,8,Kriti E,Paximadi,35.56249854992151,26.093216187773915,304.8268158618691,8.0,406.6473252489223,197.3289868705421
3052,Suez OUT - Piraeus,SEA,PILOT_TO_PILOT,6,3052,166,7,8,Kriti E,Paximadi,35.563760447012825,26.09096850609793,304.8268158618691,8.0,406.7807117502308,197.1956003692336
3053,Suez OUT - Piraeus,SEA,PILOT_TO_PILOT,6,3053,167,7,8,Kriti E,Paximadi,35.565022302385294,26.0887207536346,304.8268158618691,8.0,406.9140982515393,197.0622138679251
3054,Suez OUT - Piraeus,SEA,PILOT_TO_PILOT,6,3054,168,7,8,Kriti E,Paximadi,35.56628411603565,26.086472930380737,304.8268158618691,8.0,407.0474847528478,196.9288273666166
3055,Suez OUT - Piraeus,SEA,PILOT_TO_PILOT,6,3055,169,7,8,Kriti E,Paximadi,35.567545887960655,26.08422503633315,304.8268158618691,8.0,407.18087125415633,196.79544086530808
3056,Suez OUT - Piraeus,SEA,PILOT_TO_PILOT,6,3056,170,7,8,Kriti E,Paximadi,35.56880761815703,26.081977071488662,304.8268158618691,8.0,407.31425775546484,196.66205436399957
3057,Suez OUT - Piraeus,SEA,PILOT_TO_PILOT,6,3057,171,7,8,Kriti E,Paximadi,35.57006930662154,26.07972903584409,304.8268158618691,8.0,407.4476442567733,196.52866786269112
3058,Suez OUT - Piraeus,SEA,PILOT_TO_PILOT,6,3058,172,7,8,Kriti E,Paximadi,35.5713309533509,26.07748092939624,304.8268158618691,8.0,407.5810307580818,196.39528136138262
3059,Suez OUT - Piraeus,SEA,PILOT_TO_PILOT,6,3059,173,7,8,Kriti E,Paximadi,35.57259255834188,26.075232752141947,304.8268158618691,8.0,407.7144172593903,196.2618948600741
3060,Suez OUT - Piraeus,SEA,PILOT_TO_PILOT,6,3060,174,7,8,Kriti E,Paximadi,35.573854121591204,26.072984504078015,304.8268158618691,8.0,407.8478037606988,196.1285083587656
3061,Suez OUT - Piraeus,SEA,PILOT_TO_PILOT,6,3061,175,7,8,Kriti E,Paximadi,35.57511564309563,26.07073618520126,304.8268158618691,8.0,407.9811902620073,195.9951218574571
3062,Suez OUT - Piraeus,SEA,PILOT_TO_PILOT,6,3062,176,7,8,Kriti E,Paximadi,35.576377122851895,26.068487795508506,304.8268158618691,8.0,408.11457676331577,195.86173535614864
3063,Suez OUT - Piraeus,SEA,PILOT_TO_PILOT,6,3063,177,7,8,Kriti E,Paximadi,35.57763856085674,26.066239334996574,304.8268158618691,8.0,408.2479632646243,195.72834885484014
3064,Suez OUT - Piraeus,SEA,PILOT_TO_PILOT,6,3064,178,7,8,Kriti E,Paximadi,35.578899957106906,26.06399080366228,304.8268158618691,8.0,408.3813497659328,195.59496235353163
3065,Suez OUT - Piraeus,SEA,PILOT_TO_PILOT,6,3065,179,7,8,Kriti E,Paximadi,35.58016131159915,26.06174220150244,304.8268158618691,8.0,408.5147362672413,195.46157585222312
3066,Suez OUT - Piraeus,SEA,PILOT_TO_PILOT,6,3066,180,7,8,Kriti E,Paximadi,35.58142262433018,26.059493528513876,304.8268158618691,8.0,408.6481227685498,195.3281893509146
3067,Suez OUT - Piraeus,SEA,PILOT_TO_PILOT,6,3067,181,7,8,Kriti E,Paximadi,35.582683895296775,26.057244784693403,304.8268158618691,8.0,408.7815092698583,195.1948028496061
3068,Suez OUT - Piraeus,SEA,PILOT_TO_PILOT,6,3068,182,7,8,Kriti E,Paximadi,35.58394512449565,26.05499597003784,304.8268158618691,8.0,408.91489577116675,195.06141634829766
3069,Suez OUT - Piraeus,SEA,PILOT_TO_PILOT,6,3069,183,7,8,Kriti E,Paximadi,35.58520631192355,26.052747084544013,304.8268158618691,8.0,409.04828227247526,194.92802984698915
3070,Suez OUT - Piraeus,SEA,PILOT_TO_PILOT,6,3070,184,7,8,Kriti E,Paximadi,35.58646745757724,26.05049812820874,304.8268158618691,8.0,409.18166877378377,194.79464334568064
3071,Suez OUT - Piraeus,SEA,PILOT_TO_PILOT,6,3071,185,7,8,Kriti E,Paximadi,35.58772856145344,26.048249101028837,304.8268158618691,8.0,409.3150552750923,194.66125684437213
3072,Suez OUT - Piraeus,SEA,PILOT_TO_PILOT,6,3072,186,7,8,Kriti E,Paximadi,35.58898962354889,26.046000003001126,304.8268158618691,8.0,409.4484417764008,194.52787034306363
3073,Suez OUT - Piraeus,SEA,PILOT_TO_PILOT,6,3073,187,7,8,Kriti E,Paximadi,35.59025064386034,26.04375083412243,304.8268158618691,8.0,409.5818282777093,194.39448384175512
3074,Suez OUT - Piraeus,SEA,PILOT_TO_PILOT,6,3074,188,7,8,Kriti E,Paximadi,35.5915116223845,26.04150159438957,304.8268158618691,8.0,409.71521477901774,194.26109734044667
3075,Suez OUT - Piraeus,SEA,PILOT_TO_PILOT,6,3075,189,7,8,Kriti E,Paximadi,35.59277255911816,26.03925228379936,304.8268158618691,8.0,409.84860128032625,194.12771083913816
3076,Suez OUT - Piraeus,SEA,PILOT_TO_PILOT,6,3076,190,7,8,Kriti E,Paximadi,35.59403345405804,26.037002902348636,304.8268158618691,8.0,409.98198778163476,193.99432433782965
3077,Suez OUT - Piraeus,SEA,PILOT_TO_PILOT,6,3077,191,7,8,Kriti E,Paximadi,35.59529430720087,26.0347534500342,304.8268158618691,8.0,410.11537428294326,193.86093783652115
3078,Suez OUT - Piraeus,SEA,PILOT_TO_PILOT,6,3078,192,7,8,Kriti E,Paximadi,35.59655511854339,26.03250392685289,304.8268158618691,8.0,410.2487607842518,193.72755133521264
3079,Suez OUT - Piraeus,SEA,PILOT_TO_PILOT,6,3079,193,7,8,Kriti E,Paximadi,35.59781588808235,26.03025433280152,304.8268158618691,8.0,410.3821472855603,193.59416483390413
3080,Suez OUT - Piraeus,SEA,PILOT_TO_PILOT,6,3080,194,7,8,Kriti E,Paximadi,35.59907661581448,26.028004667876914,304.8268158618691,8.0,410.51553378686873,193.46077833259568
3081,Suez OUT - Piraeus,SEA,PILOT_TO_PILOT,6,3081,195,7,8,Kriti E,Paximadi,35.60033730173654,26.025754932075905,304.8268158618691,8.0,410.64892028817724,193.32739183128717
3082,Suez OUT - Piraeus,SEA,PILOT_TO_PILOT,6,3082,196,7,8,Kriti E,Paximadi,35.60159794584523,26.023505125395296,304.8268158618691,8.0,410.78230678948574,193.19400532997867
3083,Suez OUT - Piraeus,SEA,PILOT_TO_PILOT,6,3083,197,7,8,Kriti E,Paximadi,35.60285854813733,26.021255247831924,304.8268158618691,8.0,410.91569329079425,193.06061882867016
3084,Suez OUT - Piraeus,SEA,PILOT_TO_PILOT,6,3084,198,7,8,Kriti E,Paximadi,35.60411910860955,26.019005299382606,304.8268158618691,8.0,411.04907979210276,192.92723232736165
3085,Suez OUT - Piraeus,SEA,PILOT_TO_PILOT,6,3085,199,7,8,Kriti E,Paximadi,35.60537962725864,26.016755280044173,304.8268158618691,8.0,411.18246629341127,192.79384582605314
3086,Suez OUT - Piraeus,SEA,PILOT_TO_PILOT,6,3086,200,7,8,Kriti E,Paximadi,35.60664010408134,26.014505189813438,304.8268158618691,8.0,411.3158527947197,192.6604593247447
3087,Suez OUT - Piraeus,SEA,PILOT_TO_PILOT,6,3087,201,7,8,Kriti E,Paximadi,35.607900539074386,26.01225502868724,304.8268158618691,8.0,411.4492392960282,192.52707282343619
3088,Suez OUT - Piraeus,SEA,PILOT_TO_PILOT,6,3088,202,7,8,Kriti E,Paximadi,35.60916093223451,26.010004796662386,304.8268158618691,8.0,411.58262579733673,192.39368632212768
3089,Suez OUT - Piraeus,SEA,PILOT_TO_PILOT,6,3089,203,7,8,Kriti E,Paximadi,35.61042128355846,26.00775449373571,304.8268158618691,8.0,411.71601229864524,192.26029982081917
3090,Suez OUT - Piraeus,SEA,PILOT_TO_PILOT,6,3090,204,7,8,Kriti E,Paximadi,35.61168159304297,26.00550411990403,304.8268158618691,8.0,411.84939879995375,192.12691331951066
3091,Suez OUT - Piraeus,SEA,PILOT_TO_PILOT,6,3091,205,7,8,Kriti E,Paximadi,35.61294186068477,26.003253675164192,304.8268158618691,8.0,411.9827853012622,191.9935268182022
3092,Suez OUT - Piraeus,SEA,PILOT_TO_PILOT,6,3092,206,7,8,Kriti E,Paximadi,35.6142020864806,26.001003159512997,304.8268158618691,8.0,412.1161718025707,191.8601403168937
3093,Suez OUT - Piraeus,SEA,PILOT_TO_PILOT,6,3093,207,7,8,Kriti E,Paximadi,35.61546227042721,25.998752572947286,304.8268158618691,8.0,412.2495583038792,191.7267538155852
3094,Suez OUT - Piraeus,SEA,PILOT_TO_PILOT,6,3094,208,7,8,Kriti E,Paximadi,35.61672241252133,25.996501915463874,304.8268158618691,8.0,412.3829448051877,191.5933673142767
3095,Suez OUT - Piraeus,SEA,PILOT_TO_PILOT,6,3095,209,7,8,Kriti E,Paximadi,35.61798251275968,25.994251187059593,304.8268158618691,8.0,412.5163313064962,191.45998081296818
3096,Suez OUT - Piraeus,SEA,PILOT_TO_PILOT,6,3096,210,7,8,Kriti E,Paximadi,35.619242571139026,25.992000387731263,304.8268158618691,8.0,412.64971780780473,191.32659431165968
3097,Suez OUT - Piraeus,SEA,PILOT_TO_PILOT,6,3097,211,7,8,Kriti E,Paximadi,35.620502587656084,25.989749517475722,304.8268158618691,8.0,412.7831043091132,191.19320781035123
3098,Suez OUT - Piraeus,SEA,PILOT_TO_PILOT,6,3098,212,7,8,Kriti E,Paximadi,35.62176256230759,25.987498576289788,304.8268158618691,8.0,412.9164908104217,191.05982130904272
3099,Suez OUT - Piraeus,SEA,PILOT_TO_PILOT,6,3099,213,7,8,Kriti E,Paximadi,35.62302249509029,25.985247564170287,304.8268158618691,8.0,413.0498773117302,190.9264348077342
3100,Suez OUT - Piraeus,SEA,PILOT_TO_PILOT,6,3100,214,7,8,Kriti E,Paximadi,35.624282386000914,25.98299648111406,304.8268158618691,8.0,413.1832638130387,190.7930483064257
3101,Suez OUT - Piraeus,SEA,PILOT_TO_PILOT,6,3101,215,7,8,Kriti E,Paximadi,35.6255422350362,25.98074532711792,304.8268158618691,8.0,413.3166503143472,190.6596618051172
3102,Suez OUT - Piraeus,SEA,PILOT_TO_PILOT,6,3102,216,7,8,Kriti E,Paximadi,35.626802042192885,25.978494102178697,304.8268158618691,8.0,413.4500368156557,190.5262753038087
3103,Suez OUT - Piraeus,SEA,PILOT_TO_PILOT,6,3103,217,7,8,Kriti E,Paximadi,35.628061807467695,25.97624280629322,304.8268158618691,8.0,413.5834233169642,190.39288880250024
3104,Suez OUT - Piraeus,SEA,PILOT_TO_PILOT,6,3104,218,7,8,Kriti E,Paximadi,35.629321530857375,25.973991439458324,304.8268158618691,8.0,413.7168098182727,190.25950230119173
3105,Suez OUT - Piraeus,SEA,PILOT_TO_PILOT,6,3105,219,7,8,Kriti E,Paximadi,35.630581212358656,25.971740001670824,304.8268158618691,8.0,413.8501963195812,190.12611579988322
3106,Suez OUT - Piraeus,SEA,PILOT_TO_PILOT,6,3106,220,7,8,Kriti E,Paximadi,35.631840851968285,25.969488492927567,304.8268158618691,8.0,413.9835828208897,189.99272929857472
3107,Suez OUT - Piraeus,SEA,PILOT_TO_PILOT,6,3107,221,7,8,Kriti E,Paximadi,35.63310044968296,25.967236913225364,304.8268158618691,8.0,414.1169693221982,189.8593427972662
3108,Suez OUT - Piraeus,SEA,PILOT_TO_PILOT,6,3108,222,7,8,Kriti E,Paximadi,35.63436000549946,25.964985262561058,304.8268158618691,8.0,414.25035582350665,189.72595629595776
3109,Suez OUT - Piraeus,SEA,PILOT_TO_PILOT,6,3109,223,7,8,Kriti E,Paximadi,35.63561951941449,25.96273354093147,304.8268158618691,8.0,414.38374232481516,189.59256979464925
3110,Suez OUT - Piraeus,SEA,PILOT_TO_PILOT,6,3110,224,7,8,Kriti E,Paximadi,35.63687899142481,25.960481748333436,304.8268158618691,8.0,414.51712882612367,189.45918329334074
3111,Suez OUT - Piraeus,SEA,PILOT_TO_PILOT,6,3111,225,7,8,Kriti E,Paximadi,35.63813842152712,25.958229884763774,304.8268158618691,8.0,414.6505153274322,189.32579679203224
3112,Suez OUT - Piraeus,SEA,PILOT_TO_PILOT,6,3112,226,7,8,Kriti E,Paximadi,35.63939780971817,25.955977950219328,304.8268158618691,8.0,414.7839018287407,189.19241029072373
3113,Suez OUT - Piraeus,SEA,PILOT_TO_PILOT,6,3113,227,7,8,Kriti E,Paximadi,35.6406571559947,25.953725944696927,304.8268158618691,8.0,414.9172883300492,189.05902378941522
3114,Suez OUT - Piraeus,SEA,PILOT_TO_PILOT,6,3114,228,7,8,Kriti E,Paximadi,35.64191646035344,25.9514738681934,304.8268158618691,8.0,415.0506748313577,188.9256372881067
3115,Suez OUT - Piraeus,SEA,PILOT_TO_PILOT,6,3115,229,7,8,Kriti E,Paximadi,35.64317572279112,25.94922172070557,304.8268158618691,8.0,415.18406133266615,188.79225078679826
3116,Suez OUT - Piraeus,SEA,PILOT_TO_PILOT,6,3116,230,7,8,Kriti E,Paximadi,35.644434943304475,25.94696950223028,304.8268158618691,8.0,415.31744783397465,188.65886428548976
3117,Suez OUT - Piraeus,SEA,PILOT_TO_PILOT,6,3117,231,7,8,Kriti E,Paximadi,35.64569412189024,25.944717212764356,304.8268158618691,8.0,415.45083433528316,188.52547778418125
3118,Suez OUT - Piraeus,SEA,PILOT_TO_PILOT,6,3118,232,7,8,Kriti E,Paximadi,35.646953258545146,25.942464852304628,304.8268158618691,8.0,415.58422083659167,188.39209128287274
3119,Suez OUT - Piraeus,SEA,PILOT_TO_PILOT,6,3119,233,7,8,Kriti E,Paximadi,35.648212353265905,25.94021242084793,304.8268158618691,8.0,415.7176073379002,188.25870478156423
3120,Suez OUT - Piraeus,SEA,PILOT_TO_PILOT,6,3120,234,7,8,Kriti E,Paximadi,35.64947140604929,25.937959918391105,304.8268158618691,8.0,415.8509938392086,188.12531828025578
3121,Suez OUT - Piraeus,SEA,PILOT_TO_PILOT,6,3121,235,7,8,Kriti E,Paximadi,35.650730416892,25.93570734493096,304.8268158618691,8.0,415.98438034051713,187.99193177894728
3122,Suez OUT - Piraeus,SEA,PILOT_TO_PILOT,6,3122,236,7,8,Kriti E,Paximadi,35.651989385790785,25.933454700464356,304.8268158618691,8.0,416.11776684182564,187.85854527763877
3123,Suez OUT - Piraeus,SEA,PILOT_TO_PILOT,6,3123,237,7,8,Kriti E,Paximadi,35.65324831274236,25.931201984988103,304.8268158618691,8.0,416.25115334313415,187.72515877633026
3124,Suez OUT - Piraeus,SEA,PILOT_TO_PILOT,6,3124,238,7,8,Kriti E,Paximadi,35.65450719774348,25.928949198499048,304.8268158618691,8.0,416.38453984444266,187.59177227502175
3125,Suez OUT - Piraeus,SEA,PILOT_TO_PILOT,6,3125,239,7,8,Kriti E,Paximadi,35.65576604079085,25.926696340994027,304.8268158618691,8.0,416.51792634575116,187.45838577371325
3126,Suez OUT - Piraeus,SEA,PILOT_TO_PILOT,6,3126,240,7,8,Kriti E,Paximadi,35.65702484188123,25.924443412469863,304.8268158618691,8.0,416.6513128470596,187.3249992724048
3127,Suez OUT - Piraeus,SEA,PILOT_TO_PILOT,6,3127,241,7,8,Kriti E,Paximadi,35.65828360101131,25.922190412923396,304.8268158618691,8.0,416.7846993483681,187.1916127710963
3128,Suez OUT - Piraeus,SEA,PILOT_TO_PILOT,6,3128,242,7,8,Kriti E,Paximadi,35.65954231817787,25.919937342351457,304.8268158618691,8.0,416.91808584967663,187.05822626978778
3129,Suez OUT - Piraeus,SEA,PILOT_TO_PILOT,6,3129,243,7,8,Kriti E,Paximadi,35.660800993377606,25.917684200750887,304.8268158618691,8.0,417.05147235098514,186.92483976847927
3130,Suez OUT - Piraeus,SEA,PILOT_TO_PILOT,6,3130,244,7,8,Kriti E,Paximadi,35.66205962660727,25.915430988118512,304.8268158618691,8.0,417.18485885229364,186.79145326717077
3131,Suez OUT - Piraeus,SEA,PILOT_TO_PILOT,6,3131,245,7,8,Kriti E,Paximadi,35.663318217863576,25.913177704451176,304.8268158618691,8.0,417.31824535360215,186.65806676586226
3132,Suez OUT - Piraeus,SEA,PILOT_TO_PILOT,6,3132,246,7,8,Kriti E,Paximadi,35.664576767143245,25.91092434974571,304.8268158618691,8.0,417.4516318549106,186.5246802645538
3133,Suez OUT - Piraeus,SEA,PILOT_TO_PILOT,6,3133,247,7,8,Kriti E,Paximadi,35.66583527444303,25.908670923998947,304.8268158618691,8.0,417.5850183562191,186.3912937632453
3134,Suez OUT - Piraeus,SEA,PILOT_TO_PILOT,6,3134,248,7,8,Kriti E,Paximadi,35.66709373975967,25.90641742720773,304.8268158618691,8.0,417.7184048575276,186.2579072619368
3135,Suez OUT - Piraeus,SEA,PILOT_TO_PILOT,6,3135,249,7,8,Kriti E,Paximadi,35.66835216308985,25.90416385936889,304.8268158618691,8.0,417.8517913588361,186.1245207606283
3136,Suez OUT - Piraeus,SEA,PILOT_TO_PILOT,6,3136,250,7,8,Kriti E,Paximadi,35.669610544430356,25.901910220479262,304.8268158618691,8.0,417.98517786014463,185.99113425931978
3137,Suez OUT - Piraeus,SEA,PILOT_TO_PILOT,6,3137,251,7,8,Kriti E,Paximadi,35.67086888377786,25.899656510535685,304.8268158618691,8.0,418.1185643614531,185.85774775801133
3138,Suez OUT - Piraeus,SEA,PILOT_TO_PILOT,6,3138,252,7,8,Kriti E,Paximadi,35.67212718112913,25.897402729534996,304.8268158618691,8.0,418.2519508627616,185.72436125670282
3139,Suez OUT - Piraeus,SEA,PILOT_TO_PILOT,6,3139,253,7,8,Kriti E,Paximadi,35.67338543648088,25.895148877474035,304.8268158618691,8.0,418.3853373640701,185.5909747553943
3140,Suez OUT - Piraeus,SEA,PILOT_TO_PILOT,6,3140,254,7,8,Kriti E,Paximadi,35.674643649829854,25.89289495434963,304.8268158618691,8.0,418.5187238653786,185.4575882540858
3141,Suez OUT - Piraeus,SEA,PILOT_TO_PILOT,6,3141,255,7,8,Kriti E,Paximadi,35.675901821172765,25.890640960158635,304.8268158618691,8.0,418.6521103666871,185.3242017527773
3142,Suez OUT - Piraeus,SEA,PILOT_TO_PILOT,6,3142,256,7,8,Kriti E,Paximadi,35.67715995050633,25.888386894897867,304.8268158618691,8.0,418.7854968679956,185.1908152514688
3143,Suez OUT - Piraeus,SEA,PILOT_TO_PILOT,6,3143,257,7,8,Kriti E,Paximadi,35.6784180378273,25.886132758564177,304.8268158618691,8.0,418.9188833693041,185.05742875016028
3144,Suez OUT - Piraeus,SEA,PILOT_TO_PILOT,6,3144,258,7,8,Kriti E,Paximadi,35.6796760831324,25.883878551154407,304.8268158618691,8.0,419.0522698706126,184.92404224885183
3145,Suez OUT - Piraeus,SEA,PILOT_TO_PILOT,6,3145,259,7,8,Kriti E,Paximadi,35.680934086418354,25.88162427266538,304.8268158618691,8.0,419.1856563719211,184.79065574754333
3146,Suez OUT - Piraeus,SEA,PILOT_TO_PILOT,6,3146,260,7,8,Kriti E,Paximadi,35.68219204768189,25.87936992309395,304.8268158618691,8.0,419.3190428732296,184.65726924623482
3147,Suez OUT - Piraeus,SEA,PILOT_TO_PILOT,6,3147,261,7,8,Kriti E,Paximadi,35.68344996691973,25.877115502436954,304.8268158618691,8.0,419.4524293745381,184.5238827449263
3148,Suez OUT - Piraeus,SEA,PILOT_TO_PILOT,6,3148,262,7,8,Kriti E,Paximadi,35.68470784412861,25.874861010691223,304.8268158618691,8.0,419.5858158758466,184.3904962436178
3149,Suez OUT - Piraeus,SEA,PILOT_TO_PILOT,6,3149,263,7,8,Kriti E,Paximadi,35.68596567930525,25.87260644785361,304.8268158618691,8.0,419.71920237715506,184.25710974230935
3150,Suez OUT - Piraeus,SEA,PILOT_TO_PILOT,6,3150,264,7,8,Kriti E,Paximadi,35.68722347244637,25.870351813920937,304.8268158618691,8.0,419.85258887846356,184.12372324100085
3151,Suez OUT - Piraeus,SEA,PILOT_TO_PILOT,6,3151,265,7,8,Kriti E,Paximadi,35.68848122354871,25.86809710889006,304.8268158618691,8.0,419.98597537977207,183.99033673969234
3152,Suez OUT - Piraeus,SEA,PILOT_TO_PILOT,6,3152,266,7,8,Kriti E,Paximadi,35.689738932609,25.865842332757808,304.8268158618691,8.0,420.1193618810806,183.85695023838383
3153,Suez OUT - Piraeus,SEA,PILOT_TO_PILOT,6,3153,267,7,8,Kriti E,Paximadi,35.69099659962396,25.86358748552103,304.8268158618691,8.0,420.2527483823891,183.72356373707532
3154,Suez OUT - Piraeus,SEA,PILOT_TO_PILOT,6,3154,268,7,8,Kriti E,Paximadi,35.69225422459031,25.861332567176568,304.8268158618691,8.0,420.38613488369754,183.59017723576687
3155,Suez OUT - Piraeus,SEA,PILOT_TO_PILOT,6,3155,269,7,8,Kriti E,Paximadi,35.693511807504784,25.859077577721255,304.8268158618691,8.0,420.51952138500604,183.45679073445837
3156,Suez OUT - Piraeus,SEA,PILOT_TO_PILOT,6,3156,270,7,8,Kriti E,Paximadi,35.694769348364105,25.856822517151933,304.8268158618691,8.0,420.65290788631455,183.32340423314986
3157,Suez OUT - Piraeus,SEA,PILOT_TO_PILOT,6,3157,271,7,8,Kriti E,Paximadi,35.696026847165,25.85456738546545,304.8268158618691,8.0,420.78629438762306,183.19001773184135
3158,Suez OUT - Piraeus,SEA,PILOT_TO_PILOT,6,3158,272,7,8,Kriti E,Paximadi,35.69728430390419,25.85231218265865,304.8268158618691,8.0,420.91968088893157,183.05663123053284
3159,Suez OUT - Piraeus,SEA,PILOT_TO_PILOT,6,3159,273,7,8,Kriti E,Paximadi,35.698541718578404,25.850056908728366,304.8268158618691,8.0,421.0530673902401,182.92324472922434
3160,Suez OUT - Piraeus,SEA,PILOT_TO_PILOT,6,3160,274,7,8,Kriti E,Paximadi,35.699799091184374,25.847801563671446,304.8268158618691,8.0,421.1864538915486,182.78985822791583
3161,Suez OUT - Piraeus,SEA,PILOT_TO_PILOT,6,3161,275,7,8,Kriti E,Paximadi,35.70105642171881,25.84554614748473,304.8268158618691,8.0,421.31984039285703,182.65647172660738
3162,Suez OUT - Piraeus,SEA,PILOT_TO_PILOT,6,3162,276,7,8,Kriti E,Paximadi,35.70231371017845,25.843290660165064,304.8268158618691,8.0,421.45322689416554,182.52308522529887
3163,Suez OUT - Piraeus,SEA,PILOT_TO_PILOT,6,3163,277,7,8,Kriti E,Paximadi,35.70357095656001,25.841035101709288,304.8268158618691,8.0,421.58661339547405,182.38969872399036
3164,Suez OUT - Piraeus,SEA,PILOT_TO_PILOT,6,3164,278,7,8,Kriti E,Paximadi,35.70482816086022,25.838779472114247,304.8268158618691,8.0,421.71999989678255,182.25631222268186
3165,Suez OUT - Piraeus,SEA,PILOT_TO_PILOT,6,3165,279,7,8,Kriti E,Paximadi,35.70608532307579,25.836523771376786,304.8268158618691,8.0,421.85338639809106,182.12292572137335
3166,Suez OUT - Piraeus,SEA,PILOT_TO_PILOT,6,3166,280,7,8,Kriti E,Paximadi,35.70734244320347,25.834267999493743,304.8268158618691,8.0,421.9867728993995,181.9895392200649
3167,Suez OUT - Piraeus,SEA,PILOT_TO_PILOT,6,3167,281,7,8,Kriti E,Paximadi,35.70859952123997,25.83201215646197,304.8268158618691,8.0,422.120159400708,181.8561527187564
3168,Suez OUT - Piraeus,SEA,PILOT_TO_PILOT,6,3168,282,7,8,Kriti E,Paximadi,35.709856557182015,25.82975624227831,304.8268158618691,8.0,422.2535459020165,181.72276621744788
3169,Suez OUT - Piraeus,SEA,PILOT_TO_PILOT,6,3169,283,7,8,Kriti E,Paximadi,35.71111355102632,25.827500256939604,304.8268158618691,8.0,422.38693240332503,181.58937971613938
3170,Suez OUT - Piraeus,SEA,PILOT_TO_PILOT,6,3170,284,7,8,Kriti E,Paximadi,35.712370502769616,25.825244200442704,304.8268158618691,8.0,422.52031890463354,181.45599321483087
3171,Suez OUT - Piraeus,SEA,PILOT_TO_PILOT,6,3171,285,7,8,Kriti E,Paximadi,35.71362741240863,25.822988072784444,304.8268158618691,8.0,422.65370540594205,181.32260671352236
3172,Suez OUT - Piraeus,SEA,PILOT_TO_PILOT,6,3172,286,7,8,Kriti E,Paximadi,35.71488427994008,25.82073187396168,304.8268158618691,8.0,422.7870919072505,181.1892202122139
3173,Suez OUT - Piraeus,SEA,PILOT_TO_PILOT,6,3173,287,7,8,Kriti E,Paximadi,35.71614110536069,25.81847560397125,304.8268158618691,8.0,422.920478408559,181.0558337109054
3174,Suez OUT - Piraeus,SEA,PILOT_TO_PILOT,6,3174,288,7,8,Kriti E,Paximadi,35.71739788866718,25.816219262810012,304.8268158618691,8.0,423.0538649098675,180.9224472095969
3175,Suez OUT - Piraeus,SEA,PILOT_TO_PILOT,6,3175,289,7,8,Kriti E,Paximadi,35.71865462985627,25.813962850474795,304.8268158618691,8.0,423.187251411176,180.7890607082884
3176,Suez OUT - Piraeus,SEA,PILOT_TO_PILOT,6,3176,290,7,8,Kriti E,Paximadi,35.7199113289247,25.811706366962458,304.8268158618691,8.0,423.32063791248453,180.65567420697988
3177,Suez OUT - Piraeus,SEA,PILOT_TO_PILOT,6,3177,291,7,8,Kriti E,Paximadi,35.72116798586917,25.809449812269843,304.8268158618691,8.0,423.45402441379304,180.52228770567137
3178,Suez OUT - Piraeus,SEA,PILOT_TO_PILOT,6,3178,292,7,8,Kriti E,Paximadi,35.72242460068641,25.807193186393803,304.8268158618691,8.0,423.5874109151015,180.38890120436292
3179,Suez OUT - Piraeus,SEA,PILOT_TO_PILOT,6,3179,293,7,8,Kriti E,Paximadi,35.72368117337315,25.804936489331176,304.8268158618691,8.0,423.72079741641,180.25551470305442
3180,Suez OUT - Piraeus,SEA,PILOT_TO_PILOT,6,3180,294,7,8,Kriti E,Paximadi,35.7249377039261,25.80267972107881,304.8268158618691,8.0,423.8541839177185,180.1221282017459
3181,Suez OUT - Piraeus,SEA,PILOT_TO_PILOT,6,3181,295,7,8,Kriti E,Paximadi,35.726194192341985,25.800422881633565,304.8268158618691,8.0,423.987570419027,179.9887417004374
3182,Suez OUT - Piraeus,SEA,PILOT_TO_PILOT,6,3182,296,7,8,Kriti E,Paximadi,35.727450638617526,25.79816597099228,304.8268158618691,8.0,424.1209569203355,179.8553551991289
3183,Suez OUT - Piraeus,SEA,PILOT_TO_PILOT,6,3183,297,7,8,Kriti E,Paximadi,35.728707042749456,25.795908989151805,304.8268158618691,8.0,424.25434342164397,179.72196869782044
3184,Suez OUT - Piraeus,SEA,PILOT_TO_PILOT,6,3184,298,7,8,Kriti E,Paximadi,35.72996340473448,25.793651936108983,304.8268158618691,8.0,424.3877299229525,179.58858219651194
3185,Suez OUT - Piraeus,SEA,PILOT_TO_PILOT,6,3185,299,7,8,Kriti E,Paximadi,35.731219724569314,25.79139481186067,304.8268158618691,8.0,424.521116424261,179.45519569520343
3186,Suez OUT - Piraeus,SEA,PILOT_TO_PILOT,6,3186,300,7,8,Kriti E,Paximadi,35.73247600225069,25.789137616403714,304.8268158618691,8.0,424.6545029255695,179.32180919389492
3187,Suez OUT - Piraeus,SEA,PILOT_TO_PILOT,6,3187,301,7,8,Kriti E,Paximadi,35.73373223777533,25.78688034973496,304.8268158618691,8.0,424.787889426878,179.1884226925864
3188,Suez OUT - Piraeus,SEA,PILOT_TO_PILOT,6,3188,302,7,8,Kriti E,Paximadi,35.73498843113995,25.784623011851266,304.8268158618691,8.0,424.9212759281865,179.0550361912779
3189,Suez OUT - Piraeus,SEA,PILOT_TO_PILOT,6,3189,303,7,8,Kriti E,Paximadi,35.736244582341286,25.782365602749472,304.8268158618691,8.0,425.054662429495,178.9216496899694
3190,Suez OUT - Piraeus,SEA,PILOT_TO_PILOT,6,3190,304,7,8,Kriti E,Paximadi,35.73750069137602,25.780108122426437,304.8268158618691,8.0,425.18804893080346,178.78826318866095
3191,Suez OUT - Piraeus,SEA,PILOT_TO_PILOT,6,3191,305,7,8,Kriti E,Paximadi,35.73875675824092,25.77785057087901,304.8268158618691,8.0,425.32143543211197,178.65487668735244
3192,Suez OUT - Piraeus,SEA,PILOT_TO_PILOT,6,3192,306,7,8,Kriti E,Paximadi,35.74001278293265,25.77559294810403,304.8268158618691,8.0,425.4548219334205,178.52149018604393
3193,Suez OUT - Piraeus,SEA,PILOT_TO_PILOT,6,3193,307,7,8,Kriti E,Paximadi,35.74126876544798,25.77333525409836,304.8268158618691,8.0,425.588208434729,178.38810368473543
3194,Suez OUT - Piraeus,SEA,PILOT_TO_PILOT,6,3194,308,7,8,Kriti E,Paximadi,35.74252470578359,25.77107748885885,304.8268158618691,8.0,425.7215949360375,178.25471718342692
3195,Suez OUT - Piraeus,SEA,PILOT_TO_PILOT,6,3195,309,7,8,Kriti E,Paximadi,35.74378060393623,25.768819652382348,304.8268158618691,8.0,425.85498143734594,178.12133068211847
3196,Suez OUT - Piraeus,SEA,PILOT_TO_PILOT,6,3196,310,7,8,Kriti E,Paximadi,35.7450364599026,25.766561744665704,304.8268158618691,8.0,425.98836793865445,177.98794418080996
3197,Suez OUT - Piraeus,SEA,PILOT_TO_PILOT,6,3197,311,7,8,Kriti E,Paximadi,35.74629227367943,25.764303765705776,304.8268158618691,8.0,426.12175443996296,177.85455767950145
3198,Suez OUT - Piraeus,SEA,PILOT_TO_PILOT,6,3198,312,7,8,Kriti E,Paximadi,35.74754804526342,25.762045715499415,304.8268158618691,8.0,426.25514094127146,177.72117117819295
3199,Suez OUT - Piraeus,SEA,PILOT_TO_PILOT,6,3199,313,7,8,Kriti E,Paximadi,35.748803774651314,25.759787594043466,304.8268158618691,8.0,426.38852744257997,177.58778467688444
3200,Suez OUT - Piraeus,SEA,PILOT_TO_PILOT,6,3200,314,7,8,Kriti E,Paximadi,35.750059461839825,25.757529401334796,304.8268158618691,8.0,426.5219139438885,177.45439817557593
3201,Suez OUT - Piraeus,SEA,PILOT_TO_PILOT,6,3201,315,7,8,Kriti E,Paximadi,35.75131510682564,25.755271137370244,304.8268158618691,8.0,426.65530044519693,177.32101167426748
3202,Suez OUT - Piraeus,SEA,PILOT_TO_PILOT,6,3202,316,7,8,Kriti E,Paximadi,35.75257070960551,25.75301280214667,304.8268158618691,8.0,426.78868694650544,177.18762517295897
3203,Suez OUT - Piraeus,SEA,PILOT_TO_PILOT,6,3203,317,7,8,Kriti E,Paximadi,35.75382627017614,25.750754395660923,304.8268158618691,8.0,426.92207344781394,177.05423867165047
3204,Suez OUT - Piraeus,SEA,PILOT_TO_PILOT,6,3204,318,7,8,Kriti E,Paximadi,35.755081788534255,25.74849591790986,304.8268158618691,8.0,427.05545994912245,176.92085217034196
3205,Suez OUT - Piraeus,SEA,PILOT_TO_PILOT,6,3205,319,7,8,Kriti E,Paximadi,35.75633726467656,25.746237368890338,304.8268158618691,8.0,427.18884645043096,176.78746566903345
3206,Suez OUT - Piraeus,SEA,PILOT_TO_PILOT,6,3206,320,7,8,Kriti E,Paximadi,35.75759269859977,25.743978748599204,304.8268158618691,8.0,427.32223295173947,176.65407916772494
3207,Suez OUT - Piraeus,SEA,PILOT_TO_PILOT,6,3207,321,7,8,Kriti E,Paximadi,35.75884809030063,25.74172005703332,304.8268158618691,8.0,427.4556194530479,176.5206926664165
3208,Suez OUT - Piraeus,SEA,PILOT_TO_PILOT,6,3208,322,7,8,Kriti E,Paximadi,35.76010343977582,25.73946129418953,304.8268158618691,8.0,427.5890059543564,176.387306165108
3209,Suez OUT - Piraeus,SEA,PILOT_TO_PILOT,6,3209,323,7,8,Kriti E,Paximadi,35.761358747022086,25.737202460064708,304.8268158618691,8.0,427.72239245566493,176.25391966379948
3210,Suez OUT - Piraeus,SEA,PILOT_TO_PILOT,6,3210,324,7,8,Kriti E,Paximadi,35.76261401203613,25.73494355465569,304.8268158618691,8.0,427.85577895697344,176.12053316249097
3211,Suez OUT - Piraeus,SEA,PILOT_TO_PILOT,6,3211,325,7,8,Kriti E,Paximadi,35.763869234814656,25.732684577959336,304.8268158618691,8.0,427.98916545828195,175.98714666118246
3212,Suez OUT - Piraeus,SEA,PILOT_TO_PILOT,6,3212,326,7,8,Kriti E,Paximadi,35.7651244153544,25.730425529972507,304.8268158618691,8.0,428.1225519595904,175.853760159874
3213,Suez OUT - Piraeus,SEA,PILOT_TO_PILOT,6,3213,327,7,8,Kriti E,Paximadi,35.76637955365207,25.72816641069206,304.8268158618691,8.0,428.2559384608989,175.7203736585655
3214,Suez OUT - Piraeus,SEA,PILOT_TO_PILOT,6,3214,328,7,8,Kriti E,Paximadi,35.76763464970439,25.725907220114845,304.8268158618691,8.0,428.3893249622074,175.586987157257
3215,Suez OUT - Piraeus,SEA,PILOT_TO_PILOT,6,3215,329,7,8,Kriti E,Paximadi,35.768889703508066,25.723647958237727,304.8268158618691,8.0,428.5227114635159,175.4536006559485
3216,Suez OUT - Piraeus,SEA,PILOT_TO_PILOT,6,3216,330,7,8,Kriti E,Paximadi,35.77014471505981,25.721388625057557,304.8268158618691,8.0,428.6560979648244,175.32021415463998
3217,Suez OUT - Piraeus,SEA,PILOT_TO_PILOT,6,3217,331,7,8,Kriti E,Paximadi,35.771399684356346,25.719129220571183,304.8268158618691,8.0,428.78948446613293,175.18682765333148
3218,Suez OUT - Piraeus,SEA,PILOT_TO_PILOT,6,3218,332,7,8,Kriti E,Paximadi,35.77265461139437,25.71686974477548,304.8268158618691,8.0,428.92287096744144,175.05344115202297
3219,Suez OUT - Piraeus,SEA,PILOT_TO_PILOT,6,3219,333,7,8,Kriti E,Paximadi,35.77390949617063,25.7146101976673,304.8268158618691,8.0,429.0562574687499,174.92005465071452
3220,Suez OUT - Piraeus,SEA,PILOT_TO_PILOT,6,3220,334,7,8,Kriti E,Paximadi,35.77516433868181,25.7123505792435,304.8268158618691,8.0,429.1896439700584,174.786668149406
3221,Suez OUT - Piraeus,SEA,PILOT_TO_PILOT,6,3221,335,7,8,Kriti E,Paximadi,35.776419138924645,25.710090889500933,304.8268158618691,8.0,429.3230304713669,174.6532816480975
3222,Suez OUT - Piraeus,SEA,PILOT_TO_PILOT,6,3222,336,7,8,Kriti E,Paximadi,35.77767389689584,25.707831128436457,304.8268158618691,8.0,429.4564169726754,174.519895146789
3223,Suez OUT - Piraeus,SEA,PILOT_TO_PILOT,6,3223,337,7,8,Kriti E,Paximadi,35.778928612592104,25.705571296046937,304.8268158618691,8.0,429.5898034739839,174.3865086454805
3224,Suez OUT - Piraeus,SEA,PILOT_TO_PILOT,6,3224,338,7,8,Kriti E,Paximadi,35.78018328601015,25.70331139232923,304.8268158618691,8.0,429.72318997529237,174.25312214417204
3225,Suez OUT - Piraeus,SEA,PILOT_TO_PILOT,6,3225,339,7,8,Kriti E,Paximadi,35.78143791714672,25.701051417280198,304.8268158618691,8.0,429.8565764766009,174.11973564286353
3226,Suez OUT - Piraeus,SEA,PILOT_TO_PILOT,6,3226,340,7,8,Kriti E,Paximadi,35.78269250599848,25.698791370896696,304.8268158618691,8.0,429.9899629779094,173.98634914155502
3227,Suez OUT - Piraeus,SEA,PILOT_TO_PILOT,6,3227,341,7,8,Kriti E,Paximadi,35.78394705256218,25.696531253175582,304.8268158618691,8.0,430.1233494792179,173.85296264024652
3228,Suez OUT - Piraeus,SEA,PILOT_TO_PILOT,6,3228,342,7,8,Kriti E,Paximadi,35.78520155683452,25.694271064113725,304.8268158618691,8.0,430.2567359805264,173.719576138938
3229,Suez OUT - Piraeus,SEA,PILOT_TO_PILOT,6,3229,343,7,8,Kriti E,Paximadi,35.78645601881222,25.692010803707976,304.8268158618691,8.0,430.39012248183485,173.58618963762956
3230,Suez OUT - Piraeus,SEA,PILOT_TO_PILOT,6,3230,344,7,8,Kriti E,Paximadi,35.787710438491985,25.689750471955197,304.8268158618691,8.0,430.52350898314336,173.45280313632105
3231,Suez OUT - Piraeus,SEA,PILOT_TO_PILOT,6,3231,345,7,8,Kriti E,Paximadi,35.78896481587052,25.687490068852252,304.8268158618691,8.0,430.65689548445187,173.31941663501254
3232,Suez OUT - Piraeus,SEA,PILOT_TO_PILOT,6,3232,346,7,8,Kriti E,Paximadi,35.79021915094455,25.685229594396,304.8268158618691,8.0,430.7902819857604,173.18603013370404
3233,Suez OUT - Piraeus,SEA,PILOT_TO_PILOT,6,3233,347,7,8,Kriti E,Paximadi,35.79147344371079,25.68296904858331,304.8268158618691,8.0,430.9236684870689,173.05264363239553
3234,Suez OUT - Piraeus,SEA,PILOT_TO_PILOT,6,3234,348,7,8,Kriti E,Paximadi,35.79272769416593,25.680708431411027,304.8268158618691,8.0,431.0570549883774,172.91925713108702
3235,Suez OUT - Piraeus,SEA,PILOT_TO_PILOT,6,3235,349,7,8,Kriti E,Paximadi,35.79398190230672,25.678447742876024,304.8268158618691,8.0,431.1904414896859,172.78587062977851
3236,Suez OUT - Piraeus,SEA,PILOT_TO_PILOT,6,3236,350,7,8,Kriti E,Paximadi,35.79523606812984,25.676186982975167,304.8268158618691,8.0,431.32382799099435,172.65248412847006
3237,Suez OUT - Piraeus,SEA,PILOT_TO_PILOT,6,3237,351,7,8,Kriti E,Paximadi,35.796490191632,25.673926151705306,304.8268158618691,8.0,431.45721449230285,172.51909762716156
3238,Suez OUT - Piraeus,SEA,PILOT_TO_PILOT,6,3238,352,7,8,Kriti E,Paximadi,35.797744272809936,25.671665249063313,304.8268158618691,8.0,431.59060099361136,172.38571112585305
3239,Suez OUT - Piraeus,SEA,PILOT_TO_PILOT,6,3239,353,7,8,Kriti E,Paximadi,35.79899831166034,25.669404275046045,304.8268158618691,8.0,431.72398749491987,172.25232462454454
3240,Suez OUT - Piraeus,SEA,PILOT_TO_PILOT,6,3240,354,7,8,Kriti E,Paximadi,35.800252308179935,25.66714322965037,304.8268158618691,8.0,431.8573739962284,172.11893812323603
3241,Suez OUT - Piraeus,SEA,PILOT_TO_PILOT,6,3241,355,7,8,Kriti E,Paximadi,35.801506262365415,25.664882112873148,304.8268158618691,8.0,431.9907604975368,171.98555162192758
3242,Suez OUT - Piraeus,SEA,PILOT_TO_PILOT,6,3242,356,7,8,Kriti E,Paximadi,35.802760174213496,25.662620924711252,304.8268158618691,8.0,432.12414699884533,171.85216512061908
3243,Suez OUT - Piraeus,SEA,PILOT_TO_PILOT,6,3243,357,7,8,Kriti E,Paximadi,35.804014043720905,25.66035966516153,304.8268158618691,8.0,432.25753350015384,171.71877861931057
3244,Suez OUT - Piraeus,SEA,PILOT_TO_PILOT,6,3244,358,7,8,Kriti E,Paximadi,35.805267870884336,25.658098334220856,304.8268158618691,8.0,432.39092000146235,171.58539211800206
3245,Suez OUT - Piraeus,SEA,PILOT_TO_PILOT,6,3245,359,7,8,Kriti E,Paximadi,35.80652165570049,25.65583693188609,304.8268158618691,8.0,432.52430650277086,171.45200561669355
3246,Suez OUT - Piraeus,SEA,PILOT_TO_PILOT,6,3246,360,7,8,Kriti E,Paximadi,35.80777539816611,25.653575458154105,304.8268158618691,8.0,432.65769300407936,171.31861911538505
3247,Suez OUT - Piraeus,SEA,PILOT_TO_PILOT,6,3247,361,7,8,Kriti E,Paximadi,35.80902909827787,25.651313913021756,304.8268158618691,8.0,432.7910795053878,171.1852326140766
3248,Suez OUT - Piraeus,SEA,PILOT_TO_PILOT,6,3248,362,7,8,Kriti E,Paximadi,35.810282756032514,25.649052296485916,304.8268158618691,8.0,432.9244660066963,171.0518461127681
3249,Suez OUT - Piraeus,SEA,PILOT_TO_PILOT,6,3249,363,7,8,Kriti E,Paximadi,35.81153637142671,25.646790608543444,304.8268158618691,8.0,433.0578525080048,170.91845961145958
3250,Suez OUT - Piraeus,SEA,PILOT_TO_PILOT,6,3250,364,7,8,Kriti E,Paximadi,35.8127899444572,25.64452884919121,304.8268158618691,8.0,433.19123900931334,170.78507311015107
3251,Suez OUT - Piraeus,SEA,PILOT_TO_PILOT,6,3251,365,7,8,Kriti E,Paximadi,35.814043475120684,25.64226701842608,304.8268158618691,8.0,433.32462551062184,170.65168660884257
3252,Suez OUT - Piraeus,SEA,PILOT_TO_PILOT,6,3252,366,7,8,Kriti E,Paximadi,35.815296963413864,25.64000511624491,304.8268158618691,8.0,433.45801201193035,170.51830010753406
3253,Suez OUT - Piraeus,SEA,PILOT_TO_PILOT,6,3253,367,7,8,Kriti E,Paximadi,35.81655040933346,25.637743142644585,304.8268158618691,8.0,433.5913985132388,170.3849136062256
3254,Suez OUT - Piraeus,SEA,PILOT_TO_PILOT,6,3254,368,7,8,Kriti E,Paximadi,35.81780381287616,25.635481097621955,304.8268158618691,8.0,433.7247850145473,170.2515271049171
3255,Suez OUT - Piraeus,SEA,PILOT_TO_PILOT,6,3255,369,7,8,Kriti E,Paximadi,35.819057174038704,25.633218981173897,304.8268158618691,8.0,433.8581715158558,170.1181406036086
3256,Suez OUT - Piraeus,SEA,PILOT_TO_PILOT,6,3256,370,7,8,Kriti E,Paximadi,35.82031049281777,25.630956793297276,304.8268158618691,8.0,433.9915580171643,169.9847541023001
3257,Suez OUT - Piraeus,SEA,PILOT_TO_PILOT,6,3257,371,7,8,Kriti E,Paximadi,35.82156376921008,25.628694533988963,304.8268158618691,8.0,434.12494451847283,169.85136760099158
3258,Suez OUT - Piraeus,SEA,PILOT_TO_PILOT,6,3258,372,7,8,Kriti E,Paximadi,35.82281700321234,25.626432203245816,304.8268158618691,8.0,434.2583310197813,169.71798109968313
3259,Suez OUT - Piraeus,SEA,PILOT_TO_PILOT,6,3259,373,7,8,Kriti E,Paximadi,35.82407019482127,25.62416980106471,304.8268158618691,8.0,434.3917175210898,169.58459459837462
3260,Suez OUT - Piraeus,SEA,PILOT_TO_PILOT,6,3260,374,7,8,Kriti E,Paximadi,35.82532334403355,25.621907327442518,304.8268158618691,8.0,434.5251040223983,169.45120809706611
3261,Suez OUT - Piraeus,SEA,PILOT_TO_PILOT,6,3261,375,7,8,Kriti E,Paximadi,35.826576450845906,25.619644782376096,304.8268158618691,8.0,434.6584905237068,169.3178215957576
3262,Suez OUT - Piraeus,SEA,PILOT_TO_PILOT,6,3262,376,7,8,Kriti E,Paximadi,35.82782951525504,25.617382165862317,304.8268158618691,8.0,434.7918770250153,169.1844350944491
3263,Suez OUT - Piraeus,SEA,PILOT_TO_PILOT,6,3263,377,7,8,Kriti E,Paximadi,35.829082537257655,25.615119477898062,304.8268158618691,8.0,434.9252635263238,169.0510485931406
3264,Suez OUT - Piraeus,SEA,PILOT_TO_PILOT,6,3264,378,7,8,Kriti E,Paximadi,35.830335516850475,25.612856718480185,304.8268158618691,8.0,435.0586500276323,168.91766209183209
3265,Suez OUT - Piraeus,SEA,PILOT_TO_PILOT,6,3265,379,7,8,Kriti E,Paximadi,35.83158845403018,25.610593887605564,304.8268158618691,8.0,435.1920365289408,168.78427559052363
3266,Suez OUT - Piraeus,SEA,PILOT_TO_PILOT,6,3266,380,7,8,Kriti E,Paximadi,35.8328413487935,25.60833098527107,304.8268158618691,8.0,435.3254230302493,168.65088908921513
3267,Suez OUT - Piraeus,SEA,PILOT_TO_PILOT,6,3267,381,7,8,Kriti E,Paximadi,35.83409420113713,25.606068011473564,304.8268158618691,8.0,435.4588095315578,168.51750258790662
3268,Suez OUT - Piraeus,SEA,PILOT_TO_PILOT,6,3268,382,7,8,Kriti E,Paximadi,35.835347011057785,25.603804966209935,304.8268158618691,8.0,435.5921960328663,168.3841160865981
3269,Suez OUT - Piraeus,SEA,PILOT_TO_PILOT,6,3269,383,7,8,Kriti E,Paximadi,35.83659977855215,25.601541849477027,304.8268158618691,8.0,435.7255825341748,168.2507295852896
3270,Suez OUT - Piraeus,SEA,PILOT_TO_PILOT,6,3270,384,7,8,Kriti E,Paximadi,35.83785250361695,25.599278661271732,304.8268158618691,8.0,435.85896903548326,168.11734308398115
3271,Suez OUT - Piraeus,SEA,PILOT_TO_PILOT,6,3271,385,7,8,Kriti E,Paximadi,35.83910518624889,25.597015401590912,304.8268158618691,8.0,435.99235553679176,167.98395658267265
3272,Suez OUT - Piraeus,SEA,PILOT_TO_PILOT,6,3272,386,7,8,Kriti E,Paximadi,35.84035782644465,25.594752070431444,304.8268158618691,8.0,436.12574203810027,167.85057008136414
3273,Suez OUT - Piraeus,SEA,PILOT_TO_PILOT,6,3273,387,7,8,Kriti E,Paximadi,35.841610424200965,25.5924886677902,304.8268158618691,8.0,436.2591285394088,167.71718358005563
3274,Suez OUT - Piraeus,SEA,PILOT_TO_PILOT,6,3274,388,7,8,Kriti E,Paximadi,35.84286297951453,25.59022519366404,304.8268158618691,8.0,436.3925150407173,167.58379707874712
3275,Suez OUT - Piraeus,SEA,PILOT_TO_PILOT,6,3275,389,7,8,Kriti E,Paximadi,35.844115492382045,25.587961648049852,304.8268158618691,8.0,436.5259015420258,167.45041057743862
3276,Suez OUT - Piraeus,SEA,PILOT_TO_PILOT,6,3276,390,7,8,Kriti E,Paximadi,35.84536796280023,25.5856980309445,304.8268158618691,8.0,436.65928804333424,167.31702407613017
3277,Suez OUT - Piraeus,SEA,PILOT_TO_PILOT,6,3277,391,7,8,Kriti E,Paximadi,35.84662039076577,25.583434342344862,304.8268158618691,8.0,436.79267454464275,167.18363757482166
3278,Suez OUT - Piraeus,SEA,PILOT_TO_PILOT,6,3278,392,7,8,Kriti E,Paximadi,35.84787277627537,25.581170582247797,304.8268158618691,8.0,436.92606104595126,167.05025107351315
3279,Suez OUT - Piraeus,SEA,PILOT_TO_PILOT,6,3279,393,7,8,Kriti E,Paximadi,35.849125119325755,25.5789067506502,304.8268158618691,8.0,437.05944754725977,166.91686457220464
3280,Suez OUT - Piraeus,SEA,PILOT_TO_PILOT,6,3280,394,7,8,Kriti E,Paximadi,35.850377419913606,25.576642847548936,304.8268158618691,8.0,437.1928340485683,166.78347807089614
3281,Suez OUT - Piraeus,SEA,PILOT_TO_PILOT,6,3281,395,7,8,Kriti E,Paximadi,35.851629678035636,25.574378872940873,304.8268158618691,8.0,437.3262205498768,166.65009156958763
3282,Suez OUT - Piraeus,SEA,PILOT_TO_PILOT,6,3282,396,7,8,Kriti E,Paximadi,35.85288189368854,25.572114826822887,304.8268158618691,8.0,437.45960705118523,166.51670506827918
3283,Suez OUT - Piraeus,SEA,PILOT_TO_PILOT,6,3283,397,7,8,Kriti E,Paximadi,35.854134066869044,25.569850709191858,304.8268158618691,8.0,437.59299355249374,166.38331856697067
3284,Suez OUT - Piraeus,SEA,PILOT_TO_PILOT,6,3284,398,7,8,Kriti E,Paximadi,35.855386197573836,25.567586520044653,304.8268158618691,8.0,437.72638005380225,166.24993206566216
3285,Suez OUT - Piraeus,SEA,PILOT_TO_PILOT,6,3285,399,7,8,Kriti E,Paximadi,35.856638285799605,25.565322259378153,304.8268158618691,8.0,437.85976655511075,166.11654556435366
3286,Suez OUT - Piraeus,SEA,PILOT_TO_PILOT,6,3286,400,7,8,Kriti E,Paximadi,35.85789033154309,25.563057927189238,304.8268158618691,8.0,437.99315305641926,165.98315906304515
3287,Suez OUT - Piraeus,SEA,PILOT_TO_PILOT,6,3287,401,7,8,Kriti E,Paximadi,35.85914233480094,25.560793523474768,304.8268158618691,8.0,438.1265395577277,165.8497725617367
3288,Suez OUT - Piraeus,SEA,PILOT_TO_PILOT,6,3288,402,7,8,Kriti E,Paximadi,35.86039429556991,25.55852904823163,304.8268158618691,8.0,438.2599260590362,165.7163860604282
3289,Suez OUT - Piraeus,SEA,PILOT_TO_PILOT,6,3289,403,7,8,Kriti E,Paximadi,35.86164621384668,25.5562645014567,304.8268158618691,8.0,438.3933125603447,165.58299955911968
3290,Suez OUT - Piraeus,SEA,PILOT_TO_PILOT,6,3290,404,7,8,Kriti E,Paximadi,35.86289808962795,25.55399988314685,304.8268158618691,8.0,438.52669906165323,165.44961305781118
3291,Suez OUT - Piraeus,SEA,PILOT_TO_PILOT,6,3291,405,7,8,Kriti E,Paximadi,35.864149922910414,25.551735193298956,304.8268158618691,8.0,438.66008556296174,165.31622655650267
3292,Suez OUT - Piraeus,SEA,PILOT_TO_PILOT,6,3292,406,7,8,Kriti E,Paximadi,35.8654017136908,25.549470431909906,304.8268158618691,8.0,438.79347206427025,165.18284005519416
3293,Suez OUT - Piraeus,SEA,PILOT_TO_PILOT,6,3293,407,7,8,Kriti E,Paximadi,35.86665346196579,25.547205598976564,304.8268158618691,8.0,438.92685856557875,165.04945355388566
3294,Suez OUT - Piraeus,SEA,PILOT_TO_PILOT,6,3294,408,7,8,Kriti E,Paximadi,35.86790516773208,25.544940694495807,304.8268158618691,8.0,439.0602450668872,164.9160670525772
3295,Suez OUT - Piraeus,SEA,PILOT_TO_PILOT,6,3295,409,7,8,Kriti E,Paximadi,35.86915683098639,25.542675718464523,304.8268158618691,8.0,439.1936315681957,164.7826805512687
3296,Suez OUT - Piraeus,SEA,PILOT_TO_PILOT,6,3296,410,7,8,Kriti E,Paximadi,35.87040845172542,25.540410670879588,304.8268158618691,8.0,439.3270180695042,164.6492940499602
3297,Suez OUT - Piraeus,SEA,PILOT_TO_PILOT,6,3297,411,7,8,Kriti E,Paximadi,35.87166002994585,25.538145551737873,304.8268158618691,8.0,439.4604045708127,164.51590754865168
3298,Suez OUT - Piraeus,SEA,PILOT_TO_PILOT,6,3298,412,7,8,Kriti E,Paximadi,35.872911565644394,25.535880361036263,304.8268158618691,8.0,439.59379107212123,164.38252104734318
3299,Suez OUT - Piraeus,SEA,PILOT_TO_PILOT,6,3299,413,7,8,Kriti E,Paximadi,35.87416305881775,25.53361509877163,304.8268158618691,8.0,439.7271775734297,164.24913454603472
3300,Suez OUT - Piraeus,SEA,PILOT_TO_PILOT,6,3300,414,7,8,Kriti E,Paximadi,35.875414509462615,25.53134976494086,304.8268158618691,8.0,439.8605640747382,164.11574804472622
3301,Suez OUT - Piraeus,SEA,PILOT_TO_PILOT,6,3301,415,7,8,Kriti E,Paximadi,35.87666591757571,25.529084359540825,304.8268158618691,8.0,439.9939505760467,163.9823615434177
3302,Suez OUT - Piraeus,SEA,PILOT_TO_PILOT,6,3302,416,7,8,Kriti E,Paximadi,35.8779172831537,25.52681888256841,304.8268158618691,8.0,440.1273370773552,163.8489750421092
3303,Suez OUT - Piraeus,SEA,PILOT_TO_PILOT,6,3303,417,7,8,Kriti E,Paximadi,35.879168606193325,25.524553334020503,304.8268158618691,8.0,440.2607235786637,163.7155885408007
3304,Suez OUT - Piraeus,SEA,PILOT_TO_PILOT,6,3304,418,7,8,Kriti E,Paximadi,35.88041988669124,25.52228771389396,304.8268158618691,8.0,440.39411007997217,163.58220203949224
3305,Suez OUT - Piraeus,SEA,PILOT_TO_PILOT,6,3305,419,7,8,Kriti E,Paximadi,35.88167112464417,25.520022022185678,304.8268158618691,8.0,440.5274965812807,163.44881553818374
3306,Suez OUT - Piraeus,SEA,PILOT_TO_PILOT,6,3306,420,7,8,Kriti E,Paximadi,35.88292232004883,25.517756258892543,304.8268158618691,8.0,440.6608830825892,163.31542903687523
3307,Suez OUT - Piraeus,SEA,PILOT_TO_PILOT,6,3307,421,7,8,Kriti E,Paximadi,35.88417347290188,25.515490424011425,304.8268158618691,8.0,440.7942695838977,163.18204253556672
3308,Suez OUT - Piraeus,SEA,PILOT_TO_PILOT,6,3308,422,7,8,Kriti E,Paximadi,35.885424583200056,25.51322451753921,304.8268158618691,8.0,440.9276560852062,163.04865603425822
3309,Suez OUT - Piraeus,SEA,PILOT_TO_PILOT,6,3309,423,7,8,Kriti E,Paximadi,35.88667565094003,25.510958539472774,304.8268158618691,8.0,441.0610425865147,162.9152695329497
3310,Suez OUT - Piraeus,SEA,PILOT_TO_PILOT,6,3310,424,7,8,Kriti E,Paximadi,35.88792667611851,25.508692489809004,304.8268158618691,8.0,441.1944290878232,162.7818830316412
3311,Suez OUT - Piraeus,SEA,PILOT_TO_PILOT,6,3311,425,7,8,Kriti E,Paximadi,35.889177658732194,25.506426368544787,304.8268158618691,8.0,441.32781558913166,162.64849653033275
3312,Suez OUT - Piraeus,SEA,PILOT_TO_PILOT,6,3312,426,7,8,Kriti E,Paximadi,35.890428598777774,25.504160175676986,304.8268158618691,8.0,441.46120209044017,162.51511002902424
3313,Suez OUT - Piraeus,SEA,PILOT_TO_PILOT,6,3313,427,7,8,Kriti E,Paximadi,35.89167949625197,25.501893911202508,304.8268158618691,8.0,441.5945885917487,162.38172352771574
3314,Suez OUT - Piraeus,SEA,PILOT_TO_PILOT,6,3314,428,7,8,Kriti E,Paximadi,35.892930351151456,25.499627575118215,304.8268158618691,8.0,441.7279750930572,162.24833702640723
3315,Suez OUT - Piraeus,SEA,PILOT_TO_PILOT,6,3315,429,7,8,Kriti E,Paximadi,35.894181163472936,25.497361167421005,304.8268158618691,8.0,441.8613615943657,162.11495052509872
3316,Suez OUT - Piraeus,SEA,PILOT_TO_PILOT,6,3316,430,7,8,Kriti E,Paximadi,35.89543193321311,25.495094688107752,304.8268158618691,8.0,441.99474809567414,161.98156402379027
3317,Suez OUT - Piraeus,SEA,PILOT_TO_PILOT,6,3317,431,7,8,Kriti E,Paximadi,35.89668266036868,25.492828137175344,304.8268158618691,8.0,442.12813459698265,161.84817752248176
3318,Suez OUT - Piraeus,SEA,PILOT_TO_PILOT,6,3318,432,7,8,Kriti E,Paximadi,35.89793334493634,25.490561514620662,304.8268158618691,8.0,442.26152109829115,161.71479102117326
3319,Suez OUT - Piraeus,SEA,PILOT_TO_PILOT,6,3319,433,7,8,Kriti E,Paximadi,35.899183986912774,25.488294820440593,304.8268158618691,8.0,442.39490759959966,161.58140451986475
3320,Suez OUT - Piraeus,SEA,PILOT_TO_PILOT,6,3320,434,7,8,Kriti E,Paximadi,35.90043458629469,25.486028054632012,304.8268158618691,8.0,442.52829410090817,161.44801801855624
3321,Suez OUT - Piraeus,SEA,PILOT_TO_PILOT,6,3321,435,7,8,Kriti E,Paximadi,35.901685143078794,25.48376121719182,304.8268158618691,8.0,442.6616806022167,161.31463151724773
3322,Suez OUT - Piraeus,SEA,PILOT_TO_PILOT,6,3322,436,7,8,Kriti E,Paximadi,35.90293565726176,25.481494308116893,304.8268158618691,8.0,442.7950671035251,161.18124501593928
3323,Suez OUT - Piraeus,SEA,PILOT_TO_PILOT,6,3323,437,7,8,Kriti E,Paximadi,35.90418612884031,25.479227327404114,304.8268158618691,8.0,442.92845360483363,161.04785851463078
3324,Suez OUT - Piraeus,SEA,PILOT_TO_PILOT,6,3324,438,7,8,Kriti E,Paximadi,35.90543655781112,25.476960275050374,304.8268158618691,8.0,443.06184010614214,160.91447201332227
3325,Suez OUT - Piraeus,SEA,PILOT_TO_PILOT,6,3325,439,7,8,Kriti E,Paximadi,35.906686944170886,25.474693151052552,304.8268158618691,8.0,443.19522660745065,160.78108551201376
3326,Suez OUT - Piraeus,SEA,PILOT_TO_PILOT,6,3326,440,7,8,Kriti E,Paximadi,35.90793728791632,25.47242595540754,304.8268158618691,8.0,443.32861310875916,160.64769901070525
3327,Suez OUT - Piraeus,SEA,PILOT_TO_PILOT,6,3327,441,7,8,Kriti E,Paximadi,35.9091875890441,25.47015868811222,304.8268158618691,8.0,443.46199961006766,160.51431250939675
3328,Suez OUT - Piraeus,SEA,PILOT_TO_PILOT,6,3328,442,7,8,Kriti E,Paximadi,35.91043784755093,25.467891349163484,304.8268158618691,8.0,443.5953861113761,160.3809260080883
3329,Suez OUT - Piraeus,SEA,PILOT_TO_PILOT,6,3329,443,7,8,Kriti E,Paximadi,35.9116880634335,25.465623938558206,304.8268158618691,8.0,443.7287726126846,160.2475395067798
3330,Suez OUT - Piraeus,SEA,PILOT_TO_PILOT,6,3330,444,7,8,Kriti E,Paximadi,35.91293823668852,25.463356456293287,304.8268158618691,8.0,443.86215911399313,160.11415300547128
3331,Suez OUT - Piraeus,SEA,PILOT_TO_PILOT,6,3331,445,7,8,Kriti E,Paximadi,35.91418836731266,25.461088902365617,304.8268158618691,8.0,443.99554561530164,159.98076650416277
3332,Suez OUT - Piraeus,SEA,PILOT_TO_PILOT,6,3332,446,7,8,Kriti E,Paximadi,35.915438455302635,25.458821276772067,304.8268158618691,8.0,444.12893211661014,159.84738000285427
3333,Suez OUT - Piraeus,SEA,PILOT_TO_PILOT,6,3333,447,7,8,Kriti E,Paximadi,35.916688500655134,25.456553579509535,304.8268158618691,8.0,444.2623186179186,159.71399350154581
3334,Suez OUT - Piraeus,SEA,PILOT_TO_PILOT,6,3334,448,7,8,Kriti E,Paximadi,35.91793850336684,25.454285810574913,304.8268158618691,8.0,444.3957051192271,159.5806070002373
3335,Suez OUT - Piraeus,SEA,PILOT_TO_PILOT,6,3335,449,7,8,Kriti E,Paximadi,35.919188463434466,25.452017969965077,304.8268158618691,8.0,444.5290916205356,159.4472204989288
3336,Suez OUT - Piraeus,SEA,PILOT_TO_PILOT,6,3336,450,7,8,Kriti E,Paximadi,35.92043838085469,25.44975005767693,304.8268158618691,8.0,444.6624781218441,159.3138339976203
3337,Suez OUT - Piraeus,SEA,PILOT_TO_PILOT,6,3337,451,7,8,Kriti E,Paximadi,35.92168825562422,25.447482073707352,304.8268158618691,8.0,444.7958646231526,159.18044749631179
3338,Suez OUT - Piraeus,SEA,PILOT_TO_PILOT,6,3338,452,7,8,Kriti E,Paximadi,35.92293808773974,25.445214018053232,304.8268158618691,8.0,444.92925112446113,159.04706099500328
3339,Suez OUT - Piraeus,SEA,PILOT_TO_PILOT,6,3339,453,7,8,Kriti E,Paximadi,35.92418787719793,25.442945890711457,304.8268158618691,8.0,445.06263762576964,158.91367449369477
3340,Suez OUT - Piraeus,SEA,PILOT_TO_PILOT,6,3340,454,7,8,Kriti E,Paximadi,35.92543762399551,25.440677691678925,304.8268158618691,8.0,445.1960241270781,158.78028799238632
3341,Suez OUT - Piraeus,SEA,PILOT_TO_PILOT,6,3341,455,7,8,Kriti E,Paximadi,35.92668732812917,25.43840942095253,304.8268158618691,8.0,445.3294106283866,158.6469014910778
3342,Suez OUT - Piraeus,SEA,PILOT_TO_PILOT,6,3342,456,7,8,Kriti E,Paximadi,35.92793698959559,25.436141078529147,304.8268158618691,8.0,445.4627971296951,158.5135149897693
3343,Suez OUT - Piraeus,SEA,PILOT_TO_PILOT,6,3343,457,7,8,Kriti E,Paximadi,35.92918660839146,25.433872664405683,304.8268158618691,8.0,445.5961836310036,158.3801284884608
3344,Suez OUT - Piraeus,SEA,PILOT_TO_PILOT,6,3344,458,7,8,Kriti E,Paximadi,35.930436184513475,25.431604178579008,304.8268158618691,8.0,445.7295701323121,158.2467419871523
3345,Suez OUT - Piraeus,SEA,PILOT_TO_PILOT,6,3345,459,7,8,Kriti E,Paximadi,35.93168571795834,25.429335621046032,304.8268158618691,8.0,445.86295663362057,158.11335548584384
3346,Suez OUT - Piraeus,SEA,PILOT_TO_PILOT,6,3346,460,7,8,Kriti E,Paximadi,35.93293520872273,25.42706699180364,304.8268158618691,8.0,445.9963431349291,157.97996898453533
3347,Suez OUT - Piraeus,SEA,PILOT_TO_PILOT,6,3347,461,7,8,Kriti E,Paximadi,35.934184656803346,25.42479829084872,304.8268158618691,8.0,446.1297296362376,157.84658248322683
3348,Suez OUT - Piraeus,SEA,PILOT_TO_PILOT,6,3348,462,7,8,Kriti E,Paximadi,35.9354340621969,25.422529518178163,304.8268158618691,8.0,446.2631161375461,157.71319598191832
3349,Suez OUT - Piraeus,SEA,PILOT_TO_PILOT,6,3349,463,7,8,Kriti E,Paximadi,35.936683424900046,25.420260673788874,304.8268158618691,8.0,446.3965026388546,157.5798094806098
3350,Suez OUT - Piraeus,SEA,PILOT_TO_PILOT,6,3350,464,7,8,Kriti E,Paximadi,35.937932744909475,25.41799175767773,304.8268158618691,8.0,446.5298891401631,157.4464229793013
3351,Suez OUT - Piraeus,SEA,PILOT_TO_PILOT,6,3351,465,7,8,Kriti E,Paximadi,35.939182022221914,25.41572276984164,304.8268158618691,8.0,446.66327564147156,157.31303647799285
3352,Suez OUT - Piraeus,SEA,PILOT_TO_PILOT,6,3352,466,7,8,Kriti E,Paximadi,35.940431256834046,25.41345371027748,304.8268158618691,8.0,446.79666214278006,157.17964997668435
3353,Suez OUT - Piraeus,SEA,PILOT_TO_PILOT,6,3353,467,7,8,Kriti E,Paximadi,35.94168044874253,25.411184578982155,304.8268158618691,8.0,446.9300486440886,157.04626347537584
3354,Suez OUT - Piraeus,SEA,PILOT_TO_PILOT,6,3354,468,7,8,Kriti E,Paximadi,35.94292959794409,25.408915375952553,304.8268158618691,8.0,447.0634351453971,156.91287697406733
3355,Suez OUT - Piraeus,SEA,PILOT_TO_PILOT,6,3355,469,7,8,Kriti E,Paximadi,35.94417870443539,25.40664610118557,304.8268158618691,8.0,447.1968216467056,156.77949047275882
3356,Suez OUT - Piraeus,SEA,PILOT_TO_PILOT,6,3356,470,7,8,Kriti E,Paximadi,35.94542776821314,25.404376754678093,304.8268158618691,8.0,447.3302081480141,156.64610397145032
3357,Suez OUT - Piraeus,SEA,PILOT_TO_PILOT,6,3357,471,7,8,Kriti E,Paximadi,35.94667678927403,25.40210733642703,304.8268158618691,8.0,447.46359464932254,156.51271747014187
3358,Suez OUT - Piraeus,SEA,PILOT_TO_PILOT,6,3358,472,7,8,Kriti E,Paximadi,35.94792576761475,25.399837846429264,304.8268158618691,8.0,447.59698115063105,156.37933096883336
3359,Suez OUT - Piraeus,SEA,PILOT_TO_PILOT,6,3359,473,7,8,Kriti E,Paximadi,35.949174703231975,25.39756828468169,304.8268158618691,8.0,447.73036765193956,156.24594446752485
3360,Suez OUT - Piraeus,SEA,PILOT_TO_PILOT,6,3360,474,7,8,Kriti E,Paximadi,35.95042359612241,25.395298651181214,304.8268158618691,8.0,447.86375415324807,156.11255796621634
3361,Suez OUT - Piraeus,SEA,PILOT_TO_PILOT,6,3361,475,7,8,Kriti E,Paximadi,35.95167244628273,25.393028945924726,304.8268158618691,8.0,447.9971406545566,155.97917146490784
3362,Suez OUT - Piraeus,SEA,PILOT_TO_PILOT,6,3362,476,7,8,Kriti E,Paximadi,35.95292125370963,25.39075916890912,304.8268158618691,8.0,448.130527155865,155.84578496359939
3363,Suez OUT - Piraeus,SEA,PILOT_TO_PILOT,6,3363,477,7,8,Kriti E,Paximadi,35.95417001839981,25.388489320131285,304.8268158618691,8.0,448.26391365717353,155.71239846229088
3364,Suez OUT - Piraeus,SEA,PILOT_TO_PILOT,6,3364,478,7,8,Kriti E,Paximadi,35.95541874034996,25.38621939958814,304.8268158618691,8.0,448.39730015848204,155.57901196098237
3365,Suez OUT - Piraeus,SEA,PILOT_TO_PILOT,6,3365,479,7,8,Kriti E,Paximadi,35.956667419556744,25.383949407276557,304.8268158618691,8.0,448.53068665979055,155.44562545967386
3366,Suez OUT - Piraeus,SEA,PILOT_TO_PILOT,6,3366,480,7,8,Kriti E,Paximadi,35.95791605601687,25.381679343193436,304.8268158618691,8.0,448.66407316109905,155.31223895836536
3367,Suez OUT - Piraeus,SEA,PILOT_TO_PILOT,6,3367,481,7,8,Kriti E,Paximadi,35.95916464972702,25.379409207335687,304.8268158618691,8.0,448.7974596624075,155.1788524570569
3368,Suez OUT - Piraeus,SEA,PILOT_TO_PILOT,6,3368,482,7,8,Kriti E,Paximadi,35.960413200683895,25.377138999700204,304.8268158618691,8.0,448.93084616371607,155.04546595574834
3369,Suez OUT - Piraeus,SEA,PILOT_TO_PILOT,6,3369,483,7,8,Kriti E,Paximadi,35.96166170888416,25.37486872028387,304.8268158618691,8.0,449.0642326650245,154.9120794544399
3370,Suez OUT - Piraeus,SEA,PILOT_TO_PILOT,6,3370,484,7,8,Kriti E,Paximadi,35.96291017432452,25.37259836908361,304.8268158618691,8.0,449.197619166333,154.77869295313138
3371,Suez OUT - Piraeus,SEA,PILOT_TO_PILOT,6,3371,485,7,8,Kriti E,Paximadi,35.964158597001656,25.370327946096296,304.8268158618691,8.0,449.33100566764153,154.64530645182288
3372,Suez OUT - Piraeus,SEA,PILOT_TO_PILOT,6,3372,486,7,8,Kriti E,Paximadi,35.96540697691227,25.368057451318844,304.8268158618691,8.0,449.46439216895004,154.51191995051437
3373,Suez OUT - Piraeus,SEA,PILOT_TO_PILOT,6,3373,487,7,8,Kriti E,Paximadi,35.96665531405302,25.36578688474814,304.8268158618691,8.0,449.59777867025855,154.37853344920586
3374,Suez OUT - Piraeus,SEA,PILOT_TO_PILOT,6,3374,488,7,8,Kriti E,Paximadi,35.96790360842061,25.36351624638109,304.8268158618691,8.0,449.731165171567,154.2451469478974
3375,Suez OUT - Piraeus,SEA,PILOT_TO_PILOT,6,3375,489,7,8,Kriti E,Paximadi,35.96915186001173,25.36124553621459,304.8268158618691,8.0,449.8645516728755,154.1117604465889
3376,Suez OUT - Piraeus,SEA,PILOT_TO_PILOT,6,3376,490,7,8,Kriti E,Paximadi,35.97040006882307,25.358974754245544,304.8268158618691,8.0,449.997938174184,153.9783739452804
3377,Suez OUT - Piraeus,SEA,PILOT_TO_PILOT,6,3377,491,7,8,Kriti E,Paximadi,35.9716482348513,25.356703900470848,304.8268158618691,8.0,450.1313246754925,153.8449874439719
3378,Suez OUT - Piraeus,SEA,PILOT_TO_PILOT,6,3378,492,7,8,Kriti E,Paximadi,35.97289635809313,25.354432974887402,304.8268158618691,8.0,450.26471117680103,153.71160094266338
3379,Suez OUT - Piraeus,SEA,PILOT_TO_PILOT,6,3379,493,7,8,Kriti E,Paximadi,35.974144438545224,25.352161977492113,304.8268158618691,8.0,450.3980976781095,153.57821444135493
3380,Suez OUT - Piraeus,SEA,PILOT_TO_PILOT,6,3380,494,7,8,Kriti E,Paximadi,35.97539247620428,25.34989090828187,304.8268158618691,8.0,450.531484179418,153.44482794004642
3381,Suez OUT - Piraeus,SEA,PILOT_TO_PILOT,6,3381,495,7,8,Kriti E,Paximadi,35.976640471066986,25.347619767253587,304.8268158618691,8.0,450.6648706807265,153.31144143873792
3382,Suez OUT - Piraeus,SEA,PILOT_TO_PILOT,6,3382,496,7,8,Kriti E,Paximadi,35.977888423130004,25.345348554404158,304.8268158618691,8.0,450.798257182035,153.1780549374294
3383,Suez OUT - Piraeus,SEA,PILOT_TO_PILOT,6,3383,497,7,8,Kriti E,Paximadi,35.979136332390055,25.34307726973048,304.8268158618691,8.0,450.9316436833435,153.0446684361209
3384,Suez OUT - Piraeus,SEA,PILOT_TO_PILOT,6,3384,498,7,8,Kriti E,Paximadi,35.9803841988438,25.34080591322946,304.8268158618691,8.0,451.065030184652,152.9112819348124
3385,Suez OUT - Piraeus,SEA,PILOT_TO_PILOT,6,3385,499,7,8,Kriti E,Paximadi,35.98163202248794,25.338534484898002,304.8268158618691,8.0,451.1984166859605,152.7778954335039
3386,Suez OUT - Piraeus,SEA,PILOT_TO_PILOT,6,3386,500,7,8,Kriti E,Paximadi,35.982879803319136,25.33626298473301,304.8268158618691,8.0,451.331803187269,152.64450893219544
3387,Suez OUT - Piraeus,SEA,PILOT_TO_PILOT,6,3387,501,7,8,Kriti E,Paximadi,35.98412754133411,25.333991412731375,304.8268158618691,8.0,451.4651896885775,152.51112243088693
3388,Suez OUT - Piraeus,SEA,PILOT_TO_PILOT,6,3388,502,7,8,Kriti E,Paximadi,35.985375236529514,25.331719768890018,304.8268158618691,8.0,451.598576189886,152.37773592957842
3389,Suez OUT - Piraeus,SEA,PILOT_TO_PILOT,6,3389,503,7,8,Kriti E,Paximadi,35.98662288890203,25.329448053205823,304.8268158618691,8.0,451.7319626911945,152.2443494282699
3390,Suez OUT - Piraeus,SEA,PILOT_TO_PILOT,6,3390,504,7,8,Kriti E,Paximadi,35.98787049844837,25.327176265675707,304.8268158618691,8.0,451.865349192503,152.1109629269614
3391,Suez OUT - Piraeus,SEA,PILOT_TO_PILOT,6,3391,505,7,8,Kriti E,Paximadi,35.98911806516521,25.324904406296568,304.8268158618691,8.0,451.99873569381145,151.97757642565296
3392,Suez OUT - Piraeus,SEA,PILOT_TO_PILOT,6,3392,506,7,8,Kriti E,Paximadi,35.990365589049226,25.32263247506531,304.8268158618691,8.0,452.13212219511996,151.84418992434445
3393,Suez OUT - Piraeus,SEA,PILOT_TO_PILOT,6,3393,507,7,8,Kriti E,Paximadi,35.991613070097095,25.32036047197884,304.8268158618691,8.0,452.26550869642847,151.71080342303594
3394,Suez OUT - Piraeus,SEA,PILOT_TO_PILOT,6,3394,508,7,8,Kriti E,Paximadi,35.992860508305505,25.318088397034057,304.8268158618691,8.0,452.398895197737,151.57741692172743
3395,Suez OUT - Piraeus,SEA,PILOT_TO_PILOT,6,3395,509,7,8,Kriti E,Paximadi,35.99410790367116,25.315816250227872,304.8268158618691,8.0,452.5322816990455,151.44403042041893
3396,Suez OUT - Piraeus,SEA,PILOT_TO_PILOT,6,3396,510,7,8,Kriti E,Paximadi,35.99535525619071,25.31354403155719,304.8268158618691,8.0,452.66566820035393,151.31064391911048
3397,Suez OUT - Piraeus,SEA,PILOT_TO_PILOT,6,3397,511,7,8,Kriti E,Paximadi,35.99660256586087,25.311271741018913,304.8268158618691,8.0,452.7990547016625,151.1772574178019
3398,Suez OUT - Piraeus,SEA,PILOT_TO_PILOT,6,3398,512,7,8,Kriti E,Paximadi,35.9978498326783,25.308999378609943,304.8268158618691,8.0,452.93244120297095,151.04387091649346
3399,Suez OUT - Piraeus,SEA,PILOT_TO_PILOT,6,3399,513,7,8,Kriti E,Paximadi,35.99909705663969,25.30672694432719,304.8268158618691,8.0,453.06582770427946,150.91048441518495
3400,Suez OUT - Piraeus,SEA,PILOT_TO_PILOT,6,3400,514,7,8,Kriti E,Paximadi,36.00034423774173,25.304454438167564,304.8268158618691,8.0,453.19921420558796,150.77709791387645
3401,Suez OUT - Piraeus,SEA,PILOT_TO_PILOT,6,3401,515,7,8,Kriti E,Paximadi,36.00159137598108,25.302181860127966,304.8268158618691,8.0,453.33260070689647,150.64371141256794
3402,Suez OUT - Piraeus,SEA,PILOT_TO_PILOT,6,3402,516,7,8,Kriti E,Paximadi,36.002838471354444,25.299909210205303,304.8268158618691,8.0,453.465987208205,150.51032491125943
3403,Suez OUT - Piraeus,SEA,PILOT_TO_PILOT,6,3403,517,7,8,Kriti E,Paximadi,36.0040855238585,25.297636488396495,304.8268158618691,8.0,453.59937370951343,150.37693840995098
3404,Suez OUT - Piraeus,SEA,PILOT_TO_PILOT,6,3404,518,7,8,Kriti E,Paximadi,36.00533253348993,25.29536369469843,304.8268158618691,8.0,453.73276021082194,150.24355190864247
3405,Suez OUT - Piraeus,SEA,PILOT_TO_PILOT,6,3405,519,7,8,Kriti E,Paximadi,36.0065795002454,25.29309082910802,304.8268158618691,8.0,453.86614671213044,150.11016540733397
3406,Suez OUT - Piraeus,SEA,PILOT_TO_PILOT,6,3406,520,7,8,Kriti E,Paximadi,36.00782642412162,25.290817891622183,304.8268158618691,8.0,453.99953321343895,149.97677890602546
3407,Suez OUT - Piraeus,SEA,PILOT_TO_PILOT,6,3407,521,7,8,Kriti E,Paximadi,36.00907330511525,25.28854488223782,304.8268158618691,8.0,454.13291971474746,149.84339240471695
3408,Suez OUT - Piraeus,SEA,PILOT_TO_PILOT,6,3408,522,7,8,Kriti E,Paximadi,36.01032014322298,25.286271800951834,304.8268158618691,8.0,454.2663062160559,149.7100059034085
3409,Suez OUT - Piraeus,SEA,PILOT_TO_PILOT,6,3409,523,7,8,Kriti E,Paximadi,36.01156693844149,25.28399864776114,304.8268158618691,8.0,454.3996927173644,149.5766194021
3410,Suez OUT - Piraeus,SEA,PILOT_TO_PILOT,6,3410,524,7,8,Kriti E,Paximadi,36.012813690767445,25.281725422662653,304.8268158618691,8.0,454.5330792186729,149.4432329007915
3411,Suez OUT - Piraeus,SEA,PILOT_TO_PILOT,6,3411,525,7,8,Kriti E,Paximadi,36.01406040019755,25.279452125653275,304.8268158618691,8.0,454.66646571998143,149.30984639948298
3412,Suez OUT - Piraeus,SEA,PILOT_TO_PILOT,6,3412,526,7,8,Kriti E,Paximadi,36.01530706672847,25.27717875672991,304.8268158618691,8.0,454.79985222128994,149.17645989817447
3413,Suez OUT - Piraeus,SEA,PILOT_TO_PILOT,6,3413,527,7,8,Kriti E,Paximadi,36.01655369035689,25.274905315889477,304.8268158618691,8.0,454.93323872259845,149.04307339686596
3414,Suez OUT - Piraeus,SEA,PILOT_TO_PILOT,6,3414,528,7,8,Kriti E,Paximadi,36.017800271079494,25.27263180312889,304.8268158618691,8.0,455.06662522390695,148.90968689555746
3415,Suez OUT - Piraeus,SEA,PILOT_TO_PILOT,6,3415,529,7,8,Kriti E,Paximadi,36.01904680889296,25.270358218445047,304.8268158618691,8.0,455.2000117252154,148.776300394249
3416,Suez OUT - Piraeus,SEA,PILOT_TO_PILOT,6,3416,530,7,8,Kriti E,Paximadi,36.020293303793956,25.26808456183486,304.8268158618691,8.0,455.3333982265239,148.6429138929405
3417,Suez OUT - Piraeus,SEA,PILOT_TO_PILOT,6,3417,531,7,8,Kriti E,Paximadi,36.02153975577917,25.26581083329525,304.8268158618691,8.0,455.4667847278324,148.509527391632
3418,Suez OUT - Piraeus,SEA,PILOT_TO_PILOT,6,3418,532,7,8,Kriti E,Paximadi,36.02278616484529,25.263537032823116,304.8268158618691,8.0,455.6001712291409,148.37614089032348
3419,Suez OUT - Piraeus,SEA,PILOT_TO_PILOT,6,3419,533,7,8,Kriti E,Paximadi,36.02403253098898,25.261263160415375,304.8268158618691,8.0,455.73355773044943,148.24275438901498
3420,Suez OUT - Piraeus,SEA,PILOT_TO_PILOT,6,3420,534,7,8,Kriti E,Paximadi,36.02527885420694,25.258989216068947,304.8268158618691,8.0,455.8669442317579,148.10936788770653
3421,Suez OUT - Piraeus,SEA,PILOT_TO_PILOT,6,3421,535,7,8,Kriti E,Paximadi,36.02652513449581,25.25671519978073,304.8268158618691,8.0,456.0003307330664,147.97598138639802
3422,Suez OUT - Piraeus,SEA,PILOT_TO_PILOT,6,3422,536,7,8,Kriti E,Paximadi,36.027771371852324,25.254441111547646,304.8268158618691,8.0,456.1337172343749,147.8425948850895
3423,Suez OUT - Piraeus,SEA,PILOT_TO_PILOT,6,3423,537,7,8,Kriti E,Paximadi,36.02901756627312,25.252166951366604,304.8268158618691,8.0,456.2671037356834,147.709208383781
3424,Suez OUT - Piraeus,SEA,PILOT_TO_PILOT,6,3424,538,7,8,Kriti E,Paximadi,36.03026371775487,25.24989271923451,304.8268158618691,8.0,456.4004902369919,147.5758218824725
3425,Suez OUT - Piraeus,SEA,PILOT_TO_PILOT,6,3425,539,7,8,Kriti E,Paximadi,36.03150982629429,25.247618415148292,304.8268158618691,8.0,456.53387673830036,147.44243538116405
3426,Suez OUT - Piraeus,SEA,PILOT_TO_PILOT,6,3426,540,7,8,Kriti E,Paximadi,36.03275589188802,25.245344039104857,304.8268158618691,8.0,456.6672632396089,147.30904887985548
3427,Suez OUT - Piraeus,SEA,PILOT_TO_PILOT,6,3427,541,7,8,Kriti E,Paximadi,36.03400191453276,25.24306959110111,304.8268158618691,8.0,456.8006497409174,147.17566237854703
3428,Suez OUT - Piraeus,SEA,PILOT_TO_PILOT,6,3428,542,7,8,Kriti E,Paximadi,36.035247894225186,25.240795071133977,304.8268158618691,8.0,456.9340362422259,147.04227587723852
3429,Suez OUT - Piraeus,SEA,PILOT_TO_PILOT,6,3429,543,7,8,Kriti E,Paximadi,36.03649383096196,25.238520479200364,304.8268158618691,8.0,457.0674227435344,146.90888937593002
3430,Suez OUT - Piraeus,SEA,PILOT_TO_PILOT,6,3430,544,7,8,Kriti E,Paximadi,36.03773972473977,25.236245815297192,304.8268158618691,8.0,457.2008092448429,146.7755028746215
3431,Suez OUT - Piraeus,SEA,PILOT_TO_PILOT,6,3431,545,7,8,Kriti E,Paximadi,36.03898557555531,25.23397107942137,304.8268158618691,8.0,457.3341957461514,146.642116373313
3432,Suez OUT - Piraeus,SEA,PILOT_TO_PILOT,6,3432,546,7,8,Kriti E,Paximadi,36.040231383405235,25.231696271569813,304.8268158618691,8.0,457.46758224745986,146.50872987200455
3433,Suez OUT - Piraeus,SEA,PILOT_TO_PILOT,6,3433,547,7,8,Kriti E,Paximadi,36.04147714828622,25.229421391739447,304.8268158618691,8.0,457.60096874876837,146.37534337069604
3434,Suez OUT - Piraeus,SEA,PILOT_TO_PILOT,6,3434,548,7,8,Kriti E,Paximadi,36.04272287019495,25.227146439927175,304.8268158618691,8.0,457.7343552500769,146.24195686938754
3435,Suez OUT - Piraeus,SEA,PILOT_TO_PILOT,6,3435,549,7,8,Kriti E,Paximadi,36.0439685491281,25.22487141612992,304.8268158618691,8.0,457.8677417513854,146.10857036807903
3436,Suez OUT - Piraeus,SEA,PILOT_TO_PILOT,6,3436,550,7,8,Kriti E,Paximadi,36.04521418508235,25.22259632034459,304.8268158618691,8.0,458.0011282526939,145.97518386677052
3437,Suez OUT - Piraeus,SEA,PILOT_TO_PILOT,6,3437,551,7,8,Kriti E,Paximadi,36.04645977805438,25.220321152568108,304.8268158618691,8.0,458.13451475400234,145.84179736546207
3438,Suez OUT - Piraeus,SEA,PILOT_TO_PILOT,6,3438,552,7,8,Kriti E,Paximadi,36.04770532804084,25.218045912797393,304.8268158618691,8.0,458.26790125531085,145.70841086415356
3439,Suez OUT - Piraeus,SEA,PILOT_TO_PILOT,6,3439,553,7,8,Kriti E,Paximadi,36.048950835038426,25.215770601029362,304.8268158618691,8.0,458.40128775661935,145.57502436284506
3440,Suez OUT - Piraeus,SEA,PILOT_TO_PILOT,6,3440,554,7,8,Kriti E,Paximadi,36.05019629904382,25.213495217260924,304.8268158618691,8.0,458.53467425792786,145.44163786153655
3441,Suez OUT - Piraeus,SEA,PILOT_TO_PILOT,6,3441,555,7,8,Kriti E,Paximadi,36.05144172005368,25.211219761489005,304.8268158618691,8.0,458.66806075923637,145.30825136022804
3442,Suez OUT - Piraeus,SEA,PILOT_TO_PILOT,6,3442,556,7,8,Kriti E,Paximadi,36.052687098064695,25.208944233710522,304.8268158618691,8.0,458.8014472605448,145.1748648589196
3443,Suez OUT - Piraeus,SEA,PILOT_TO_PILOT,6,3443,557,7,8,Kriti E,Paximadi,36.053932433073534,25.206668633922387,304.8268158618691,8.0,458.9348337618534,145.04147835761103
3444,Suez OUT - Piraeus,SEA,PILOT_TO_PILOT,6,3444,558,7,8,Kriti E,Paximadi,36.05517772507686,25.20439296212152,304.8268158618691,8.0,459.06822026316183,144.90809185630258
3445,Suez OUT - Piraeus,SEA,PILOT_TO_PILOT,6,3445,559,7,8,Kriti E,Paximadi,36.05642297407137,25.202117218304846,304.8268158618691,8.0,459.20160676447034,144.77470535499407
3446,Suez OUT - Piraeus,SEA,PILOT_TO_PILOT,6,3446,560,7,8,Kriti E,Paximadi,36.057668180053724,25.199841402469275,304.8268158618691,8.0,459.33499326577885,144.64131885368556
3447,Suez OUT - Piraeus,SEA,PILOT_TO_PILOT,6,3447,561,7,8,Kriti E,Paximadi,36.0589133430206,25.19756551461174,304.8268158618691,8.0,459.46837976708736,144.50793235237705
3448,Suez OUT - Piraeus,SEA,PILOT_TO_PILOT,6,3448,562,7,8,Kriti E,Paximadi,36.06015846296868,25.195289554729143,304.8268158618691,8.0,459.60176626839586,144.37454585106855
3449,Suez OUT - Piraeus,SEA,PILOT_TO_PILOT,6,3449,563,7,8,Kriti E,Paximadi,36.06140353989462,25.19301352281842,304.8268158618691,8.0,459.7351527697043,144.2411593497601
3450,Suez OUT - Piraeus,SEA,PILOT_TO_PILOT,6,3450,564,7,8,Kriti E,Paximadi,36.06264857379511,25.190737418876473,304.8268158618691,8.0,459.8685392710128,144.1077728484516
3451,Suez OUT - Piraeus,SEA,PILOT_TO_PILOT,6,3451,565,7,8,Kriti E,Paximadi,36.06389356466681,25.188461242900246,304.8268158618691,8.0,460.00192577232133,143.97438634714308
3452,Suez OUT - Piraeus,SEA,PILOT_TO_PILOT,6,3452,566,7,8,Kriti E,Paximadi,36.0651385125064,25.18618499488664,304.8268158618691,8.0,460.13531227362984,143.84099984583457
3453,Suez OUT - Piraeus,SEA,PILOT_TO_PILOT,6,3453,567,7,8,Kriti E,Paximadi,36.066383417310554,25.183908674832583,304.8268158618691,8.0,460.26869877493834,143.70761334452607
3454,Suez OUT - Piraeus,SEA,PILOT_TO_PILOT,6,3454,568,7,8,Kriti E,Paximadi,36.067628279075954,25.181632282735002,304.8268158618691,8.0,460.4020852762468,143.57422684321762
3455,Suez OUT - Piraeus,SEA,PILOT_TO_PILOT,6,3455,569,7,8,Kriti E,Paximadi,36.068873097799255,25.1793558185908,304.8268158618691,8.0,460.5354717775553,143.4408403419091
3456,Suez OUT - Piraeus,SEA,PILOT_TO_PILOT,6,3456,570,7,8,Kriti E,Paximadi,36.07011787347713,25.17707928239692,304.8268158618691,8.0,460.6688582788638,143.3074538406006
3457,Suez OUT - Piraeus,SEA,PILOT_TO_PILOT,6,3457,571,7,8,Kriti E,Paximadi,36.07136260610628,25.174802674150282,304.8268158618691,8.0,460.8022447801723,143.1740673392921
3458,Suez OUT - Piraeus,SEA,PILOT_TO_PILOT,6,3458,572,7,8,Kriti E,Paximadi,36.07260729568333,25.172525993847792,304.8268158618691,8.0,460.9356312814808,143.0406808379836
3459,Suez OUT - Piraeus,SEA,PILOT_TO_PILOT,6,3459,573,7,8,Kriti E,Paximadi,36.073851942205,25.170249241486385,304.8268158618691,8.0,461.06901778278933,142.90729433667508
3460,Suez OUT - Piraeus,SEA,PILOT_TO_PILOT,6,3460,574,7,8,Kriti E,Paximadi,36.07509654566794,25.16797241706298,304.8268158618691,8.0,461.20240428409784,142.77390783536657
3461,Suez OUT - Piraeus,SEA,PILOT_TO_PILOT,6,3461,575,7,8,Kriti E,Paximadi,36.07634110606881,25.165695520574506,304.8268158618691,8.0,461.3357907854063,142.64052133405812
3462,Suez OUT - Piraeus,SEA,PILOT_TO_PILOT,6,3462,576,7,8,Kriti E,Paximadi,36.0775856234043,25.16341855201788,304.8268158618691,8.0,461.4691772867148,142.5071348327496
3463,Suez OUT - Piraeus,SEA,PILOT_TO_PILOT,6,3463,577,7,8,Kriti E,Paximadi,36.07883009767107,25.161141511390028,304.8268158618691,8.0,461.6025637880233,142.3737483314411
3464,Suez OUT - Piraeus,SEA,PILOT_TO_PILOT,6,3464,578,7,8,Kriti E,Paximadi,36.0800745288658,25.15886439868787,304.8268158618691,8.0,461.7359502893318,142.2403618301326
3465,Suez OUT - Piraeus,SEA,PILOT_TO_PILOT,6,3465,579,7,8,Kriti E,Paximadi,36.081318916985154,25.156587213908338,304.8268158618691,8.0,461.8693367906403,142.1069753288241
3466,Suez OUT - Piraeus,SEA,PILOT_TO_PILOT,6,3466,580,7,8,Kriti E,Paximadi,36.08256326202581,25.15430995704835,304.8268158618691,8.0,462.00272329194877,141.97358882751564
3467,Suez OUT - Piraeus,SEA,PILOT_TO_PILOT,6,3467,581,7,8,Kriti E,Paximadi,36.083807563984436,25.152032628104845,304.8268158618691,8.0,462.1361097932573,141.84020232620713
3468,Suez OUT - Piraeus,SEA,PILOT_TO_PILOT,6,3468,582,7,8,Kriti E,Paximadi,36.08505182285771,25.149755227074728,304.8268158618691,8.0,462.2694962945658,141.70681582489863
3469,Suez OUT - Piraeus,SEA,PILOT_TO_PILOT,6,3469,583,7,8,Kriti E,Paximadi,36.08629603864228,25.14747775395493,304.8268158618691,8.0,462.4028827958743,141.57342932359012
3470,Suez OUT - Piraeus,SEA,PILOT_TO_PILOT,6,3470,584,7,8,Kriti E,Paximadi,36.08754021133483,25.145200208742388,304.8268158618691,8.0,462.5362692971828,141.4400428222816
3471,Suez OUT - Piraeus,SEA,PILOT_TO_PILOT,6,3471,585,7,8,Kriti E,Paximadi,36.08878434093204,25.14292259143402,304.8268158618691,8.0,462.66965579849125,141.30665632097316
3472,Suez OUT - Piraeus,SEA,PILOT_TO_PILOT,6,3472,586,7,8,Kriti E,Paximadi,36.090028427430546,25.140644902026747,304.8268158618691,8.0,462.8030422997998,141.1732698196646
3473,Suez OUT - Piraeus,SEA,PILOT_TO_PILOT,6,3473,587,7,8,Kriti E,Paximadi,36.09127247082707,25.138367140517506,304.8268158618691,8.0,462.93642880110826,141.03988331835615
3474,Suez OUT - Piraeus,SEA,PILOT_TO_PILOT,6,3474,588,7,8,Kriti E,Paximadi,36.09251647111823,25.136089306903216,304.8268158618691,8.0,463.06981530241677,140.90649681704764
3475,Suez OUT - Piraeus,SEA,PILOT_TO_PILOT,6,3475,589,7,8,Kriti E,Paximadi,36.09376042830073,25.13381140118081,304.8268158618691,8.0,463.2032018037253,140.77311031573913
3476,Suez OUT - Piraeus,SEA,PILOT_TO_PILOT,6,3476,590,7,8,Kriti E,Paximadi,36.09500434237122,25.13153342334721,304.8268158618691,8.0,463.3365883050338,140.63972381443062
3477,Suez OUT - Piraeus,SEA,PILOT_TO_PILOT,6,3477,591,7,8,Kriti E,Paximadi,36.09624821332638,25.12925537339935,304.8268158618691,8.0,463.4699748063423,140.50633731312212
3478,Suez OUT - Piraeus,SEA,PILOT_TO_PILOT,6,3478,592,7,8,Kriti E,Paximadi,36.09749204116288,25.126977251334154,304.8268158618691,8.0,463.60336130765074,140.37295081181367
3479,Suez OUT - Piraeus,SEA,PILOT_TO_PILOT,6,3479,593,7,8,Kriti E,Paximadi,36.09873582587738,25.124699057148547,304.8268158618691,8.0,463.73674780895925,140.23956431050516
3480,Suez OUT - Piraeus,SEA,PILOT_TO_PILOT,6,3480,594,7,8,Kriti E,Paximadi,36.09997956746655,25.122420790839463,304.8268158618691,8.0,463.87013431026776,140.10617780919665
3481,Suez OUT - Piraeus,SEA,PILOT_TO_PILOT,6,3481,595,7,8,Kriti E,Paximadi,36.101223265927054,25.120142452403833,304.8268158618691,8.0,464.00352081157627,139.97279130788814
3482,Suez OUT - Piraeus,SEA,PILOT_TO_PILOT,6,3482,596,7,8,Kriti E,Paximadi,36.10246692125557,25.117864041838583,304.8268158618691,8.0,464.1369073128848,139.83940480657964
3483,Suez OUT - Piraeus,SEA,PILOT_TO_PILOT,6,3483,597,7,8,Kriti E,Paximadi,36.10371053344876,25.115585559140637,304.8268158618691,8.0,464.2702938141932,139.7060183052712
3484,Suez OUT - Piraeus,SEA,PILOT_TO_PILOT,6,3484,598,7,8,Kriti E,Paximadi,36.1049541025033,25.11330700430693,304.8268158618691,8.0,464.40368031550173,139.57263180396268
3485,Suez OUT - Piraeus,SEA,PILOT_TO_PILOT,6,3485,599,7,8,Kriti E,Paximadi,36.10619762841584,25.111028377334392,304.8268158618691,8.0,464.53706681681024,139.43924530265417
3486,Suez OUT - Piraeus,SEA,PILOT_TO_PILOT,6,3486,600,7,8,Kriti E,Paximadi,36.10744111118306,25.108749678219958,304.8268158618691,8.0,464.67045331811875,139.30585880134566
3487,Suez OUT - Piraeus,SEA,PILOT_TO_PILOT,6,3487,601,7,8,Kriti E,Paximadi,36.10868455080163,25.10647090696055,304.8268158618691,8.0,464.80383981942725,139.17247230003716
3488,Suez OUT - Piraeus,SEA,PILOT_TO_PILOT,6,3488,602,7,8,Kriti E,Paximadi,36.10992794726821,25.1041920635531,304.8268158618691,8.0,464.93722632073576,139.03908579872865
3489,Suez OUT - Piraeus,SEA,PILOT_TO_PILOT,6,3489,603,7,8,Kriti E,Paximadi,36.11117130057947,25.101913147994548,304.8268158618691,8.0,465.07061282204427,138.90569929742014
3490,Suez OUT - Piraeus,SEA,PILOT_TO_PILOT,6,3490,604,7,8,Kriti E,Paximadi,36.112414610732074,25.099634160281813,304.8268158618691,8.0,465.2039993233527,138.7723127961117
3491,Suez OUT - Piraeus,SEA,PILOT_TO_PILOT,6,3491,605,7,8,Kriti E,Paximadi,36.11365787772269,25.097355100411843,304.8268158618691,8.0,465.3373858246612,138.63892629480318
3492,Suez OUT - Piraeus,SEA,PILOT_TO_PILOT,6,3492,606,7,8,Kriti E,Paximadi,36.11490110154798,25.095075968381543,304.8268158618691,8.0,465.47077232596973,138.50553979349468
3493,Suez OUT - Piraeus,SEA,PILOT_TO_PILOT,6,3493,607,7,8,Kriti E,Paximadi,36.116144282204615,25.092796764187874,304.8268158618691,8.0,465.60415882727824,138.37215329218617
3494,Suez OUT - Piraeus,SEA,PILOT_TO_PILOT,6,3494,608,7,8,Kriti E,Paximadi,36.11738741968926,25.090517487827753,304.8268158618691,8.0,465.73754532858675,138.23876679087766
3495,Suez OUT - Piraeus,SEA,PILOT_TO_PILOT,6,3495,609,7,8,Kriti E,Paximadi,36.11863051399858,25.08823813929812,304.8268158618691,8.0,465.8709318298952,138.1053802895692
3496,Suez OUT - Piraeus,SEA,PILOT_TO_PILOT,6,3496,610,7,8,Kriti E,Paximadi,36.11987356512925,25.085958718595904,304.8268158618691,8.0,466.0043183312037,137.9719937882607
3497,Suez OUT - Piraeus,SEA,PILOT_TO_PILOT,6,3497,611,7,8,Kriti E,Paximadi,36.12111657307792,25.083679225718036,304.8268158618691,8.0,466.1377048325122,137.8386072869522
3498,Suez OUT - Piraeus,SEA,PILOT_TO_PILOT,6,3498,612,7,8,Kriti E,Paximadi,36.12235953784127,25.081399660661457,304.8268158618691,8.0,466.2710913338207,137.7052207856437
3499,Suez OUT - Piraeus,SEA,PILOT_TO_PILOT,6,3499,613,7,8,Kriti E,Paximadi,36.12360245941594,25.079120023423094,304.8268158618691,8.0,466.4044778351292,137.57183428433518
3500,Suez OUT - Piraeus,SEA,PILOT_TO_PILOT,6,3500,614,7,8,Kriti E,Paximadi,36.124845337798625,25.07684031399988,304.8268158618691,8.0,466.5378643364377,137.43844778302673
3501,Suez OUT - Piraeus,SEA,PILOT_TO_PILOT,6,3501,615,7,8,Kriti E,Paximadi,36.12608817298597,25.074560532388762,304.8268158618691,8.0,466.67125083774624,137.30506128171817
3502,Suez OUT - Piraeus,SEA,PILOT_TO_PILOT,6,3502,616,7,8,Kriti E,Paximadi,36.12733096497465,25.07228067858666,304.8268158618691,8.0,466.8046373390547,137.17167478040972
3503,Suez OUT - Piraeus,SEA,PILOT_TO_PILOT,6,3503,617,7,8,Kriti E,Paximadi,36.12857371376132,25.070000752590516,304.8268158618691,8.0,466.9380238403632,137.0382882791012
3504,Suez OUT - Piraeus,SEA,PILOT_TO_PILOT,6,3504,618,7,8,Kriti E,Paximadi,36.12981641934265,25.067720754397275,304.8268158618691,8.0,467.0714103416717,136.9049017777927
3505,Suez OUT - Piraeus,SEA,PILOT_TO_PILOT,6,3505,619,7,8,Kriti E,Paximadi,36.131059081715314,25.065440684003853,304.8268158618691,8.0,467.2047968429802,136.7715152764842
3506,Suez OUT - Piraeus,SEA,PILOT_TO_PILOT,6,3506,620,7,8,Kriti E,Paximadi,36.13230170087595,25.0631605414072,304.8268158618691,8.0,467.3381833442887,136.6381287751757
3507,Suez OUT - Piraeus,SEA,PILOT_TO_PILOT,6,3507,621,7,8,Kriti E,Paximadi,36.13354427682125,25.060880326604245,304.8268158618691,8.0,467.4715698455972,136.50474227386724
3508,Suez OUT - Piraeus,SEA,PILOT_TO_PILOT,6,3508,622,7,8,Kriti E,Paximadi,36.134786809547855,25.058600039591926,304.8268158618691,8.0,467.6049563469057,136.37135577255873
3509,Suez OUT - Piraeus,SEA,PILOT_TO_PILOT,6,3509,623,7,8,Kriti E,Paximadi,36.13602929905244,25.056319680367192,304.8268158618691,8.0,467.7383428482142,136.23796927125022
3510,Suez OUT - Piraeus,SEA,PILOT_TO_PILOT,6,3510,624,7,8,Kriti E,Paximadi,36.13727174533167,25.054039248926966,304.8268158618691,8.0,467.8717293495227,136.10458276994171
3511,Suez OUT - Piraeus,SEA,PILOT_TO_PILOT,6,3511,625,7,8,Kriti E,Paximadi,36.138514148382185,25.051758745268184,304.8268158618691,8.0,468.0051158508312,135.9711962686332
3512,Suez OUT - Piraeus,SEA,PILOT_TO_PILOT,6,3512,626,7,8,Kriti E,Paximadi,36.13975650820068,25.049478169387786,304.8268158618691,8.0,468.13850235213965,135.83780976732476
3513,Suez OUT - Piraeus,SEA,PILOT_TO_PILOT,6,3513,627,7,8,Kriti E,Paximadi,36.14099882478381,25.047197521282722,304.8268158618691,8.0,468.27188885344816,135.70442326601625
3514,Suez OUT - Piraeus,SEA,PILOT_TO_PILOT,6,3514,628,7,8,Kriti E,Paximadi,36.14224109812822,25.044916800949917,304.8268158618691,8.0,468.40527535475667,135.57103676470774
3515,Suez OUT - Piraeus,SEA,PILOT_TO_PILOT,6,3515,629,7,8,Kriti E,Paximadi,36.14348332823059,25.042636008386317,304.8268158618691,8.0,468.5386618560652,135.43765026339923
3516,Suez OUT - Piraeus,SEA,PILOT_TO_PILOT,6,3516,630,7,8,Kriti E,Paximadi,36.144725515087565,25.040355143588855,304.8268158618691,8.0,468.6720483573737,135.30426376209073
3517,Suez OUT - Piraeus,SEA,PILOT_TO_PILOT,6,3517,631,7,8,Kriti E,Paximadi,36.145967658695824,25.038074206554477,304.8268158618691,8.0,468.80543485868213,135.17087726078228
3518,Suez OUT - Piraeus,SEA,PILOT_TO_PILOT,6,3518,632,7,8,Kriti E,Paximadi,36.14720975905202,25.03579319728011,304.8268158618691,8.0,468.9388213599907,135.0374907594737
3519,Suez OUT - Piraeus,SEA,PILOT_TO_PILOT,6,3519,633,7,8,Kriti E,Paximadi,36.14845181615282,25.03351211576272,304.8268158618691,8.0,469.07220786129915,134.90410425816526
3520,Suez OUT - Piraeus,SEA,PILOT_TO_PILOT,6,3520,634,7,8,Kriti E,Paximadi,36.149693829994874,25.031230961999213,304.8268158618691,8.0,469.20559436260766,134.77071775685675
3521,Suez OUT - Piraeus,SEA,PILOT_TO_PILOT,6,3521,635,7,8,Kriti E,Paximadi,36.15093580057486,25.028949735986547,304.8268158618691,8.0,469.33898086391616,134.63733125554825
3522,Suez OUT - Piraeus,SEA,PILOT_TO_PILOT,6,3522,636,7,8,Kriti E,Paximadi,36.152177727889416,25.02666843772166,304.8268158618691,8.0,469.47236736522467,134.50394475423974
3523,Suez OUT - Piraeus,SEA,PILOT_TO_PILOT,6,3523,637,7,8,Kriti E,Paximadi,36.15341961193522,25.0243870672015,304.8268158618691,8.0,469.6057538665332,134.37055825293123
3524,Suez OUT - Piraeus,SEA,PILOT_TO_PILOT,6,3524,638,7,8,Kriti E,Paximadi,36.15466145270893,25.022105624423,304.8268158618691,8.0,469.7391403678416,134.23717175162278
3525,Suez OUT - Piraeus,SEA,PILOT_TO_PILOT,6,3525,639,7,8,Kriti E,Paximadi,36.15590325020721,25.019824109383105,304.8268158618691,8.0,469.87252686915014,134.10378525031427
3526,Suez OUT - Piraeus,SEA,PILOT_TO_PILOT,6,3526,640,7,8,Kriti E,Paximadi,36.15714500442672,25.017542522078752,304.8268158618691,8.0,470.00591337045864,133.97039874900577
3527,Suez OUT - Piraeus,SEA,PILOT_TO_PILOT,6,3527,641,7,8,Kriti E,Paximadi,36.1583867153641,25.015260862506885,304.8268158618691,8.0,470.13929987176715,133.83701224769726
3528,Suez OUT - Piraeus,SEA,PILOT_TO_PILOT,6,3528,642,7,8,Kriti E,Paximadi,36.159628383016035,25.012979130664455,304.8268158618691,8.0,470.27268637307566,133.70362574638875
3529,Suez OUT - Piraeus,SEA,PILOT_TO_PILOT,6,3529,643,7,8,Kriti E,Paximadi,36.160870007379174,25.010697326548392,304.8268158618691,8.0,470.4060728743841,133.5702392450803
3530,Suez OUT - Piraeus,SEA,PILOT_TO_PILOT,6,3530,644,7,8,Kriti E,Paximadi,36.16211158845018,25.008415450155653,304.8268158618691,8.0,470.5394593756926,133.4368527437718
3531,Suez OUT - Piraeus,SEA,PILOT_TO_PILOT,6,3531,645,7,8,Kriti E,Paximadi,36.1633531262257,25.006133501483163,304.8268158618691,8.0,470.6728458770011,133.3034662424633
3532,Suez OUT - Piraeus,SEA,PILOT_TO_PILOT,6,3532,646,7,8,Kriti E,Paximadi,36.16459462070242,25.003851480527878,304.8268158618691,8.0,470.80623237830963,133.17007974115478
3533,Suez OUT - Piraeus,SEA,PILOT_TO_PILOT,6,3533,647,7,8,Kriti E,Paximadi,36.16583607187696,25.001569387286736,304.8268158618691,8.0,470.93961887961814,133.03669323984627
3534,Suez OUT - Piraeus,SEA,PILOT_TO_PILOT,6,3534,648,7,8,Kriti E,Paximadi,36.16707747974602,24.999287221756692,304.8268158618691,8.0,471.07300538092665,132.90330673853776
3535,Suez OUT - Piraeus,SEA,PILOT_TO_PILOT,6,3535,649,7,8,Kriti E,Paximadi,36.168318844306235,24.997004983934673,304.8268158618691,8.0,471.20639188223515,132.76992023722926
3536,Suez OUT - Piraeus,SEA,PILOT_TO_PILOT,6,3536,650,7,8,Kriti E,Paximadi,36.169560165554266,24.994722673817638,304.8268158618691,8.0,471.3397783835436,132.6365337359208
3537,Suez OUT - Piraeus,SEA,PILOT_TO_PILOT,6,3537,651,7,8,Kriti E,Paximadi,36.17080144348677,24.992440291402527,304.8268158618691,8.0,471.4731648848521,132.5031472346123
3538,Suez OUT - Piraeus,SEA,PILOT_TO_PILOT,6,3538,652,7,8,Kriti E,Paximadi,36.17204267810041,24.990157836686283,304.8268158618691,8.0,471.6065513861606,132.3697607333038
3539,Suez OUT - Piraeus,SEA,PILOT_TO_PILOT,6,3539,653,7,8,Kriti E,Paximadi,36.17328386939185,24.987875309665856,304.8268158618691,8.0,471.7399378874691,132.23637423199528
3540,Suez OUT - Piraeus,SEA,PILOT_TO_PILOT,6,3540,654,7,8,Kriti E,Paximadi,36.17452501735773,24.98559271033819,304.8268158618691,8.0,471.87332438877763,132.10298773068678
3541,Suez OUT - Piraeus,SEA,PILOT_TO_PILOT,6,3541,655,7,8,Kriti E,Paximadi,36.17576612199473,24.98331003870023,304.8268158618691,8.0,472.0067108900861,131.96960122937833
3542,Suez OUT - Piraeus,SEA,PILOT_TO_PILOT,6,3542,656,7,8,Kriti E,Paximadi,36.17700718329948,24.981027294748916,304.8268158618691,8.0,472.1400973913946,131.83621472806982
3543,Suez OUT - Piraeus,SEA,PILOT_TO_PILOT,6,3543,657,7,8,Kriti E,Paximadi,36.178248201268666,24.978744478481207,304.8268158618691,8.0,472.2734838927031,131.7028282267613
3544,Suez OUT - Piraeus,SEA,PILOT_TO_PILOT,6,3544,658,7,8,Kriti E,Paximadi,36.17948917589892,24.976461589894047,304.8268158618691,8.0,472.4068703940116,131.5694417254528
3545,Suez OUT - Piraeus,SEA,PILOT_TO_PILOT,6,3545,659,7,8,Kriti E,Paximadi,36.18073010718691,24.974178628984376,304.8268158618691,8.0,472.5402568953201,131.4360552241443
3546,Suez OUT - Piraeus,SEA,PILOT_TO_PILOT,6,3546,660,7,8,Kriti E,Paximadi,36.181970995129305,24.97189559574915,304.8268158618691,8.0,472.67364339662856,131.30266872283585
3547,Suez OUT - Piraeus,SEA,PILOT_TO_PILOT,6,3547,661,7,8,Kriti E,Paximadi,36.183211839722745,24.969612490185312,304.8268158618691,8.0,472.8070298979371,131.16928222152728
3548,Suez OUT - Piraeus,SEA,PILOT_TO_PILOT,6,3548,662,7,8,Kriti E,Paximadi,36.1844526409639,24.96732931228981,304.8268158618691,8.0,472.9404163992456,131.03589572021883
3549,Suez OUT - Piraeus,SEA,PILOT_TO_PILOT,6,3549,663,7,8,Kriti E,Paximadi,36.18569339884941,24.965046062059596,304.8268158618691,8.0,473.0738029005541,130.90250921891032
3550,Suez OUT - Piraeus,SEA,PILOT_TO_PILOT,6,3550,664,7,8,Kriti E,Paximadi,36.18693411337593,24.962762739491613,304.8268158618691,8.0,473.2071894018626,130.76912271760182
3551,Suez OUT - Piraeus,SEA,PILOT_TO_PILOT,6,3551,665,7,8,Kriti E,Paximadi,36.18817478454013,24.96047934458282,304.8268158618691,8.0,473.3405759031711,130.6357362162933
3552,Suez OUT - Piraeus,SEA,PILOT_TO_PILOT,6,3552,666,7,8,Kriti E,Paximadi,36.189415412338654,24.95819587733015,304.8268158618691,8.0,473.4739624044796,130.5023497149848
3553,Suez OUT - Piraeus,SEA,PILOT_TO_PILOT,6,3553,667,7,8,Kriti E,Paximadi,36.19065599676818,24.955912337730574,304.8268158618691,8.0,473.60734890578806,130.36896321367635
3554,Suez OUT - Piraeus,SEA,PILOT_TO_PILOT,6,3554,668,7,8,Kriti E,Paximadi,36.19189653782533,24.95362872578102,304.8268158618691,8.0,473.74073540709657,130.23557671236784
3555,Suez OUT - Piraeus,SEA,PILOT_TO_PILOT,6,3555,669,7,8,Kriti E,Paximadi,36.19313703550679,24.95134504147845,304.8268158618691,8.0,473.8741219084051,130.10219021105934
3556,Suez OUT - Piraeus,SEA,PILOT_TO_PILOT,6,3556,670,7,8,Kriti E,Paximadi,36.19437748980919,24.949061284819816,304.8268158618691,8.0,474.0075084097136,129.96880370975083
3557,Suez OUT - Piraeus,SEA,PILOT_TO_PILOT,6,3557,671,7,8,Kriti E,Paximadi,36.195617900729204,24.946777455802067,304.8268158618691,8.0,474.1408949110221,129.83541720844232
3558,Suez OUT - Piraeus,SEA,PILOT_TO_PILOT,6,3558,672,7,8,Kriti E,Paximadi,36.19685826826346,24.944493554422152,304.8268158618691,8.0,474.27428141233054,129.70203070713387
3559,Suez OUT - Piraeus,SEA,PILOT_TO_PILOT,6,3559,673,7,8,Kriti E,Paximadi,36.198098592408655,24.94220958067702,304.8268158618691,8.0,474.40766791363905,129.56864420582536
3560,Suez OUT - Piraeus,SEA,PILOT_TO_PILOT,6,3560,674,7,8,Kriti E,Paximadi,36.1993388731614,24.939925534563624,304.8268158618691,8.0,474.54105441494755,129.43525770451686
3561,Suez OUT - Piraeus,SEA,PILOT_TO_PILOT,6,3561,675,7,8,Kriti E,Paximadi,36.20057911051837,24.937641416078918,304.8268158618691,8.0,474.67444091625606,129.30187120320835
3562,Suez OUT - Piraeus,SEA,PILOT_TO_PILOT,6,3562,676,7,8,Kriti E,Paximadi,36.20181930447623,24.935357225219853,304.8268158618691,8.0,474.80782741756457,129.16848470189984
3563,Suez OUT - Piraeus,SEA,PILOT_TO_PILOT,6,3563,677,7,8,Kriti E,Paximadi,36.203059455031614,24.933072961983388,304.8268158618691,8.0,474.9412139188731,129.03509820059134
3564,Suez OUT - Piraeus,SEA,PILOT_TO_PILOT,6,3564,678,7,8,Kriti E,Paximadi,36.20429956218118,24.930788626366468,304.8268158618691,8.0,475.0746004201816,128.90171169928283
3565,Suez OUT - Piraeus,SEA,PILOT_TO_PILOT,6,3565,679,7,8,Kriti E,Paximadi,36.20553962592158,24.928504218366044,304.8268158618691,8.0,475.20798692149003,128.76832519797438
3566,Suez OUT - Piraeus,SEA,PILOT_TO_PILOT,6,3566,680,7,8,Kriti E,Paximadi,36.20677964624947,24.926219737979075,304.8268158618691,8.0,475.34137342279854,128.63493869666587
3567,Suez OUT - Piraeus,SEA,PILOT_TO_PILOT,6,3567,681,7,8,Kriti E,Paximadi,36.20801962316151,24.923935185202517,304.8268158618691,8.0,475.47475992410705,128.50155219535736
3568,Suez OUT - Piraeus,SEA,PILOT_TO_PILOT,6,3568,682,7,8,Kriti E,Paximadi,36.209259556654345,24.92165056003331,304.8268158618691,8.0,475.60814642541555,128.36816569404886
3569,Suez OUT - Piraeus,SEA,PILOT_TO_PILOT,6,3569,683,7,8,Kriti E,Paximadi,36.210499446724626,24.919365862468428,304.8268158618691,8.0,475.74153292672406,128.23477919274035
3570,Suez OUT - Piraeus,SEA,PILOT_TO_PILOT,6,3570,684,7,8,Kriti E,Paximadi,36.21173929336901,24.917081092504812,304.8268158618691,8.0,475.8749194280325,128.1013926914319
3571,Suez OUT - Piraeus,SEA,PILOT_TO_PILOT,6,3571,685,7,8,Kriti E,Paximadi,36.21297909658414,24.91479625013942,304.8268158618691,8.0,476.008305929341,127.96800619012339
3572,Suez OUT - Piraeus,SEA,PILOT_TO_PILOT,6,3572,686,7,8,Kriti E,Paximadi,36.214218856366685,24.91251133536921,304.8268158618691,8.0,476.1416924306495,127.83461968881488
3573,Suez OUT - Piraeus,SEA,PILOT_TO_PILOT,6,3573,687,7,8,Kriti E,Paximadi,36.2154585727133,24.91022634819113,304.8268158618691,8.0,476.27507893195803,127.70123318750638
3574,Suez OUT - Piraeus,SEA,PILOT_TO_PILOT,6,3574,688,7,8,Kriti E,Paximadi,36.216698245620606,24.90794128860215,304.8268158618691,8.0,476.40846543326654,127.56784668619787
3575,Suez OUT - Piraeus,SEA,PILOT_TO_PILOT,6,3575,689,7,8,Kriti E,Paximadi,36.21793787508528,24.905656156599207,304.8268158618691,8.0,476.541851934575,127.43446018488942
3576,Suez OUT - Piraeus,SEA,PILOT_TO_PILOT,6,3576,690,7,8,Kriti E,Paximadi,36.21917746110397,24.903370952179277,304.8268158618691,8.0,476.67523843588356,127.30107368358085
3577,Suez OUT - Piraeus,SEA,PILOT_TO_PILOT,6,3577,691,7,8,Kriti E,Paximadi,36.22041700367332,24.901085675339303,304.8268158618691,8.0,476.808624937192,127.1676871822724
3578,Suez OUT - Piraeus,SEA,PILOT_TO_PILOT,6,3578,692,7,8,Kriti E,Paximadi,36.22165650278998,24.898800326076238,304.8268158618691,8.0,476.9420114385005,127.0343006809639
3579,Suez OUT - Piraeus,SEA,PILOT_TO_PILOT,6,3579,693,7,8,Kriti E,Paximadi,36.222895958450614,24.896514904387054,304.8268158618691,8.0,477.075397939809,126.90091417965539
3580,Suez OUT - Piraeus,SEA,PILOT_TO_PILOT,6,3580,694,7,8,Kriti E,Paximadi,36.224135370651865,24.894229410268697,304.8268158618691,8.0,477.20878444111753,126.76752767834688
3581,Suez OUT - Piraeus,SEA,PILOT_TO_PILOT,6,3581,695,7,8,Kriti E,Paximadi,36.225374739390375,24.891943843718135,304.8268158618691,8.0,477.34217094242604,126.63414117703837
3582,Suez OUT - Piraeus,SEA,PILOT_TO_PILOT,6,3582,696,7,8,Kriti E,Paximadi,36.226614064662805,24.889658204732314,304.8268158618691,8.0,477.4755574437345,126.50075467572992
3583,Suez OUT - Piraeus,SEA,PILOT_TO_PILOT,6,3583,697,7,8,Kriti E,Paximadi,36.227853346465814,24.887372493308202,304.8268158618691,8.0,477.608943945043,126.36736817442142
3584,Suez OUT - Piraeus,SEA,PILOT_TO_PILOT,6,3584,698,7,8,Kriti E,Paximadi,36.22909258479602,24.885086709442753,304.8268158618691,8.0,477.7423304463515,126.23398167311291
3585,Suez OUT - Piraeus,SEA,PILOT_TO_PILOT,6,3585,699,7,8,Kriti E,Paximadi,36.23033177965011,24.882800853132924,304.8268158618691,8.0,477.87571694766,126.1005951718044
3586,Suez OUT - Piraeus,SEA,PILOT_TO_PILOT,6,3586,700,7,8,Kriti E,Paximadi,36.23157093102471,24.880514924375685,304.8268158618691,8.0,478.0091034489685,125.96720867049589
3587,Suez OUT - Piraeus,SEA,PILOT_TO_PILOT,6,3587,701,7,8,Kriti E,Paximadi,36.23281003891649,24.878228923167985,304.8268158618691,8.0,478.14248995027697,125.83382216918744
3588,Suez OUT - Piraeus,SEA,PILOT_TO_PILOT,6,3588,702,7,8,Kriti E,Paximadi,36.23404910332207,24.875942849506785,304.8268158618691,8.0,478.2758764515855,125.70043566787893
3589,Suez OUT - Piraeus,SEA,PILOT_TO_PILOT,6,3589,703,7,8,Kriti E,Paximadi,36.235288124238124,24.87365670338904,304.8268158618691,8.0,478.409262952894,125.56704916657043
3590,Suez OUT - Piraeus,SEA,PILOT_TO_PILOT,6,3590,704,7,8,Kriti E,Paximadi,36.23652710166129,24.871370484811727,304.8268158618691,8.0,478.5426494542025,125.43366266526192
3591,Suez OUT - Piraeus,SEA,PILOT_TO_PILOT,6,3591,705,7,8,Kriti E,Paximadi,36.237766035588216,24.86908419377179,304.8268158618691,8.0,478.676035955511,125.30027616395341
3592,Suez OUT - Piraeus,SEA,PILOT_TO_PILOT,6,3592,706,7,8,Kriti E,Paximadi,36.239004926015554,24.8667978302662,304.8268158618691,8.0,478.80942245681945,125.16688966264496
3593,Suez OUT - Piraeus,SEA,PILOT_TO_PILOT,6,3593,707,7,8,Kriti E,Paximadi,36.24024377293996,24.864511394291924,304.8268158618691,8.0,478.942808958128,125.0335031613364
3594,Suez OUT - Piraeus,SEA,PILOT_TO_PILOT,6,3594,708,7,8,Kriti E,Paximadi,36.24148257635807,24.8622248858459,304.8268158618691,8.0,479.07619545943646,124.90011666002795
3595,Suez OUT - Piraeus,SEA,PILOT_TO_PILOT,6,3595,709,7,8,Kriti E,Paximadi,36.24272133626653,24.859938304925112,304.8268158618691,8.0,479.20958196074497,124.76673015871944
3596,Suez OUT - Piraeus,SEA,PILOT_TO_PILOT,6,3596,710,7,8,Kriti E,Paximadi,36.243960052662004,24.857651651526513,304.8268158618691,8.0,479.3429684620535,124.63334365741093
3597,Suez OUT - Piraeus,SEA,PILOT_TO_PILOT,6,3597,711,7,8,Kriti E,Paximadi,36.24519872554112,24.855364925647063,304.8268158618691,8.0,479.476354963362,124.49995715610243
3598,Suez OUT - Piraeus,SEA,PILOT_TO_PILOT,6,3598,712,7,8,Kriti E,Paximadi,36.24643735490054,24.853078127283737,304.8268158618691,8.0,479.6097414646705,124.36657065479392
3599,Suez OUT - Piraeus,SEA,PILOT_TO_PILOT,6,3599,713,7,8,Kriti E,Paximadi,36.24767594073692,24.850791256433485,304.8268158618691,8.0,479.74312796597894,124.23318415348547
3600,Suez OUT - Piraeus,SEA,PILOT_TO_PILOT,6,3600,714,7,8,Kriti E,Paximadi,36.24891448304688,24.848504313093272,304.8268158618691,8.0,479.87651446728745,124.09979765217696
3601,Suez OUT - Piraeus,SEA,PILOT_TO_PILOT,6,3601,715,7,8,Kriti E,Paximadi,36.25015298182708,24.846217297260072,304.8268158618691,8.0,480.00990096859596,123.96641115086845
3602,Suez OUT - Piraeus,SEA,PILOT_TO_PILOT,6,3602,716,7,8,Kriti E,Paximadi,36.25139143707417,24.84393020893084,304.8268158618691,8.0,480.14328746990446,123.83302464955995
3603,Suez OUT - Piraeus,SEA,PILOT_TO_PILOT,6,3603,717,7,8,Kriti E,Paximadi,36.2526298487848,24.841643048102544,304.8268158618691,8.0,480.276673971213,123.69963814825144
3604,Suez OUT - Piraeus,SEA,PILOT_TO_PILOT,6,3604,718,7,8,Kriti E,Paximadi,36.253868216955595,24.83935581477214,304.8268158618691,8.0,480.4100604725214,123.56625164694299
3605,Suez OUT - Piraeus,SEA,PILOT_TO_PILOT,6,3605,719,7,8,Kriti E,Paximadi,36.25510654158324,24.837068508936603,304.8268158618691,8.0,480.54344697382993,123.43286514563448
3606,Suez OUT - Piraeus,SEA,PILOT_TO_PILOT,6,3606,720,7,8,Kriti E,Paximadi,36.256344822664346,24.834781130592894,304.8268158618691,8.0,480.67683347513844,123.29947864432597
3607,Suez OUT - Piraeus,SEA,PILOT_TO_PILOT,6,3607,721,7,8,Kriti E,Paximadi,36.25758306019557,24.832493679737983,304.8268158618691,8.0,480.81021997644694,123.16609214301747
3608,Suez OUT - Piraeus,SEA,PILOT_TO_PILOT,6,3608,722,7,8,Kriti E,Paximadi,36.25882125417357,24.83020615636883,304.8268158618691,8.0,480.94360647775545,123.03270564170896
3609,Suez OUT - Piraeus,SEA,PILOT_TO_PILOT,6,3609,723,7,8,Kriti E,Paximadi,36.26005940459497,24.827918560482402,304.8268158618691,8.0,481.07699297906396,122.89931914040045
3610,Suez OUT - Piraeus,SEA,PILOT_TO_PILOT,6,3610,724,7,8,Kriti E,Paximadi,36.261297511456426,24.825630892075665,304.8268158618691,8.0,481.21037948037247,122.76593263909194
3611,Suez OUT - Piraeus,SEA,PILOT_TO_PILOT,6,3611,725,7,8,Kriti E,Paximadi,36.2625355747546,24.823343151145593,304.8268158618691,8.0,481.3437659816809,122.63254613778349
3612,Suez OUT - Piraeus,SEA,PILOT_TO_PILOT,6,3612,726,7,8,Kriti E,Paximadi,36.26377359448611,24.82105533768914,304.8268158618691,8.0,481.4771524829894,122.49915963647499
3613,Suez OUT - Piraeus,SEA,PILOT_TO_PILOT,6,3613,727,7,8,Kriti E,Paximadi,36.2650115706476,24.81876745170328,304.8268158618691,8.0,481.61053898429793,122.36577313516648
3614,Suez OUT - Piraeus,SEA,PILOT_TO_PILOT,6,3614,728,7,8,Kriti E,Paximadi,36.26624950323575,24.816479493184982,304.8268158618691,8.0,481.74392548560644,122.23238663385797
3615,Suez OUT - Piraeus,SEA,PILOT_TO_PILOT,6,3615,729,7,8,Kriti E,Paximadi,36.26748739224716,24.814191462131213,304.8268158618691,8.0,481.87731198691495,122.09900013254946
3616,Suez OUT - Piraeus,SEA,PILOT_TO_PILOT,6,3616,730,7,8,Kriti E,Paximadi,36.26872523767851,24.81190335853894,304.8268158618691,8.0,482.0106984882234,121.96561363124101
3617,Suez OUT - Piraeus,SEA,PILOT_TO_PILOT,6,3617,731,7,8,Kriti E,Paximadi,36.26996303952642,24.80961518240513,304.8268158618691,8.0,482.1440849895319,121.8322271299325
3618,Suez OUT - Piraeus,SEA,PILOT_TO_PILOT,6,3618,732,7,8,Kriti E,Paximadi,36.27120079778755,24.807326933726756,304.8268158618691,8.0,482.2774714908404,121.698840628624
3619,Suez OUT - Piraeus,SEA,PILOT_TO_PILOT,6,3619,733,7,8,Kriti E,Paximadi,36.272438512458535,24.805038612500784,304.8268158618691,8.0,482.4108579921489,121.56545412731549
3620,Suez OUT - Piraeus,SEA,PILOT_TO_PILOT,6,3620,734,7,8,Kriti E,Paximadi,36.27367618353602,24.80275021872418,304.8268158618691,8.0,482.5442444934574,121.43206762600698
3621,Suez OUT - Piraeus,SEA,PILOT_TO_PILOT,6,3621,735,7,8,Kriti E,Paximadi,36.27491381101665,24.800461752393918,304.8268158618691,8.0,482.6776309947659,121.29868112469853
3622,Suez OUT - Piraeus,SEA,PILOT_TO_PILOT,6,3622,736,7,8,Kriti E,Paximadi,36.27615139489707,24.798173213506974,304.8268158618691,8.0,482.81101749607444,121.16529462338997
3623,Suez OUT - Piraeus,SEA,PILOT_TO_PILOT,6,3623,737,7,8,Kriti E,Paximadi,36.277388935173924,24.795884602060305,304.8268158618691,8.0,482.9444039973829,121.03190812208152
3624,Suez OUT - Piraeus,SEA,PILOT_TO_PILOT,6,3624,738,7,8,Kriti E,Paximadi,36.27862643184385,24.79359591805089,304.8268158618691,8.0,483.0777904986914,120.89852162077301
3625,Suez OUT - Piraeus,SEA,PILOT_TO_PILOT,6,3625,739,7,8,Kriti E,Paximadi,36.27986388490349,24.7913071614757,304.8268158618691,8.0,483.2111769999999,120.7651351194645
3626,Suez OUT - Piraeus,SEA,PILOT_TO_PILOT,6,3626,740,7,8,Kriti E,Paximadi,36.28110129434949,24.7890183323317,304.8268158618691,8.0,483.3445635013084,120.631748618156
3627,Suez OUT - Piraeus,SEA,PILOT_TO_PILOT,6,3627,741,7,8,Kriti E,Paximadi,36.282338660178496,24.786729430615868,304.8268158618691,8.0,483.4779500026169,120.49836211684749
3628,Suez OUT - Piraeus,SEA,PILOT_TO_PILOT,6,3628,742,7,8,Kriti E,Paximadi,36.28357598238714,24.784440456325164,304.8268158618691,8.0,483.6113365039254,120.36497561553904
3629,Suez OUT - Piraeus,SEA,PILOT_TO_PILOT,6,3629,743,7,8,Kriti E,Paximadi,36.284813260972065,24.782151409456585,304.8268158618691,8.0,483.7447230052339,120.23158911423053
3630,Suez OUT - Piraeus,SEA,PILOT_TO_PILOT,6,3630,744,7,8,Kriti E,Paximadi,36.286050495929935,24.77986229000707,304.8268158618691,8.0,483.8781095065424,120.09820261292202
3631,Suez OUT - Piraeus,SEA,PILOT_TO_PILOT,6,3631,745,7,8,Kriti E,Paximadi,36.28728768725736,24.777573097973615,304.8268158618691,8.0,484.0114960078509,119.96481611161352
3632,Suez OUT - Piraeus,SEA,PILOT_TO_PILOT,6,3632,746,7,8,Kriti E,Paximadi,36.288524834951005,24.775283833353186,304.8268158618691,8.0,484.1448825091594,119.83142961030501
3633,Suez OUT - Piraeus,SEA,PILOT_TO_PILOT,6,3633,747,7,8,Kriti E,Paximadi,36.289761939007505,24.77299449614276,304.8268158618691,8.0,484.27826901046785,119.69804310899656
3634,Suez OUT - Piraeus,SEA,PILOT_TO_PILOT,6,3634,748,7,8,Kriti E,Paximadi,36.2909989994235,24.7707050863393,304.8268158618691,8.0,484.41165551177636,119.56465660768805
3635,Suez OUT - Piraeus,SEA,PILOT_TO_PILOT,6,3635,749,7,8,Kriti E,Paximadi,36.29223601619562,24.768415603939793,304.8268158618691,8.0,484.54504201308487,119.43127010637954
3636,Suez OUT - Piraeus,SEA,PILOT_TO_PILOT,6,3636,750,7,8,Kriti E,Paximadi,36.29347298932053,24.766126048941203,304.8268158618691,8.0,484.6784285143934,119.29788360507104
3637,Suez OUT - Piraeus,SEA,PILOT_TO_PILOT,6,3637,751,7,8,Kriti E,Paximadi,36.294709918794844,24.76383642134051,304.8268158618691,8.0,484.8118150157019,119.16449710376253
3638,Suez OUT - Piraeus,SEA,PILOT_TO_PILOT,6,3638,752,7,8,Kriti E,Paximadi,36.29594680461521,24.761546721134682,304.8268158618691,8.0,484.9452015170104,119.03111060245402
3639,Suez OUT - Piraeus,SEA,PILOT_TO_PILOT,6,3639,753,7,8,Kriti E,Paximadi,36.297183646778294,24.75925694832071,304.8268158618691,8.0,485.0785880183189,118.89772410114551
3640,Suez OUT - Piraeus,SEA,PILOT_TO_PILOT,6,3640,754,7,8,Kriti E,Paximadi,36.298420445280705,24.756967102895548,304.8268158618691,8.0,485.21197451962735,118.76433759983706
3641,Suez OUT - Piraeus,SEA,PILOT_TO_PILOT,6,3641,755,7,8,Kriti E,Paximadi,36.2996572001191,24.754677184856185,304.8268158618691,8.0,485.34536102093585,118.63095109852856
3642,Suez OUT - Piraeus,SEA,PILOT_TO_PILOT,6,3642,756,7,8,Kriti E,Paximadi,36.3008939112901,24.752387194199596,304.8268158618691,8.0,485.47874752224436,118.49756459722005
3643,Suez OUT - Piraeus,SEA,PILOT_TO_PILOT,6,3643,757,7,8,Kriti E,Paximadi,36.30213057879037,24.75009713092275,304.8268158618691,8.0,485.61213402355287,118.36417809591154
3644,Suez OUT - Piraeus,SEA,PILOT_TO_PILOT,6,3644,758,7,8,Kriti E,Paximadi,36.30336720261652,24.747806995022625,304.8268158618691,8.0,485.7455205248614,118.23079159460303
3645,Suez OUT - Piraeus,SEA,PILOT_TO_PILOT,6,3645,759,7,8,Kriti E,Paximadi,36.30460378276523,24.745516786496207,304.8268158618691,8.0,485.8789070261698,118.09740509329458
3646,Suez OUT - Piraeus,SEA,PILOT_TO_PILOT,6,3646,760,7,8,Kriti E,Paximadi,36.3058403192331,24.743226505340463,304.8268158618691,8.0,486.01229352747833,117.96401859198608
3647,Suez OUT - Piraeus,SEA,PILOT_TO_PILOT,6,3647,761,7,8,Kriti E,Paximadi,36.30707681201678,24.740936151552376,304.8268158618691,8.0,486.14568002878684,117.83063209067757
3648,Suez OUT - Piraeus,SEA,PILOT_TO_PILOT,6,3648,762,7,8,Kriti E,Paximadi,36.30831326111292,24.738645725128922,304.8268158618691,8.0,486.27906653009535,117.69724558936906
3649,Suez OUT - Piraeus,SEA,PILOT_TO_PILOT,6,3649,763,7,8,Kriti E,Paximadi,36.30954966651816,24.736355226067076,304.8268158618691,8.0,486.41245303140386,117.56385908806055
3650,Suez OUT - Piraeus,SEA,PILOT_TO_PILOT,6,3650,764,7,8,Kriti E,Paximadi,36.31078602822911,24.73406465436382,304.8268158618691,8.0,486.5458395327123,117.4304725867521
3651,Suez OUT - Piraeus,SEA,PILOT_TO_PILOT,6,3651,765,7,8,Kriti E,Paximadi,36.31202234624244,24.731774010016135,304.8268158618691,8.0,486.67922603402087,117.29708608544354
3652,Suez OUT - Piraeus,SEA,PILOT_TO_PILOT,6,3652,766,7,8,Kriti E,Paximadi,36.313258620554784,24.729483293020998,304.8268158618691,8.0,486.8126125353293,117.16369958413509
3653,Suez OUT - Piraeus,SEA,PILOT_TO_PILOT,6,3653,767,7,8,Kriti E,Paximadi,36.314494851162756,24.72719250337538,304.8268158618691,8.0,486.94599903663783,117.03031308282658
3654,Suez OUT - Piraeus,SEA,PILOT_TO_PILOT,6,3654,768,7,8,Kriti E,Paximadi,36.31573103806301,24.72490164107627,304.8268158618691,8.0,487.07938553794634,116.89692658151807
3655,Suez OUT - Piraeus,SEA,PILOT_TO_PILOT,6,3655,769,7,8,Kriti E,Paximadi,36.3169671812522,24.72261070612064,304.8268158618691,8.0,487.21277203925484,116.76354008020957
3656,Suez OUT - Piraeus,SEA,PILOT_TO_PILOT,6,3656,770,7,8,Kriti E,Paximadi,36.318203280726934,24.720319698505474,304.8268158618691,8.0,487.34615854056335,116.63015357890106
3657,Suez OUT - Piraeus,SEA,PILOT_TO_PILOT,6,3657,771,7,8,Kriti E,Paximadi,36.31943933648386,24.71802861822776,304.8268158618691,8.0,487.4795450418718,116.49676707759261
3658,Suez OUT - Piraeus,SEA,PILOT_TO_PILOT,6,3658,772,7,8,Kriti E,Paximadi,36.32067534851962,24.71573746528447,304.8268158618691,8.0,487.6129315431803,116.3633805762841
3659,Suez OUT - Piraeus,SEA,PILOT_TO_PILOT,6,3659,773,7,8,Kriti E,Paximadi,36.32191131683084,24.71344623967259,304.8268158618691,8.0,487.7463180444888,116.2299940749756
3660,Suez OUT - Piraeus,SEA,PILOT_TO_PILOT,6,3660,774,7,8,Kriti E,Paximadi,36.32314724141419,24.71115494138909,304.8268158618691,8.0,487.8797045457973,116.09660757366709
3661,Suez OUT - Piraeus,SEA,PILOT_TO_PILOT,6,3661,775,7,8,Kriti E,Paximadi,36.32438312226625,24.708863570430967,304.8268158618691,8.0,488.01309104710583,115.96322107235858
3662,Suez OUT - Piraeus,SEA,PILOT_TO_PILOT,6,3662,776,7,8,Kriti E,Paximadi,36.325618959383704,24.706572126795187,304.8268158618691,8.0,488.1464775484143,115.82983457105013
3663,Suez OUT - Piraeus,SEA,PILOT_TO_PILOT,6,3663,777,7,8,Kriti E,Paximadi,36.32685475276317,24.70428061047875,304.8268158618691,8.0,488.2798640497228,115.69644806974162
3664,Suez OUT - Piraeus,SEA,PILOT_TO_PILOT,6,3664,778,7,8,Kriti E,Paximadi,36.328090502401274,24.70198902147862,304.8268158618691,8.0,488.4132505510313,115.56306156843311
3665,Suez OUT - Piraeus,SEA,PILOT_TO_PILOT,6,3665,779,7,8,Kriti E,Paximadi,36.329326208294674,24.69969735979179,304.8268158618691,8.0,488.5466370523398,115.4296750671246
3666,Suez OUT - Piraeus,SEA,PILOT_TO_PILOT,6,3666,780,7,8,Kriti E,Paximadi,36.330561870439986,24.697405625415247,304.8268158618691,8.0,488.6800235536483,115.2962885658161
3667,Suez OUT - Piraeus,SEA,PILOT_TO_PILOT,6,3667,781,7,8,Kriti E,Paximadi,36.331797488833864,24.695113818345966,304.8268158618691,8.0,488.81341005495676,115.16290206450765
3668,Suez OUT - Piraeus,SEA,PILOT_TO_PILOT,6,3668,782,7,8,Kriti E,Paximadi,36.33303306347291,24.692821938580938,304.8268158618691,8.0,488.9467965562653,115.02951556319908
3669,Suez OUT - Piraeus,SEA,PILOT_TO_PILOT,6,3669,783,7,8,Kriti E,Paximadi,36.33426859435381,24.69052998611714,304.8268158618691,8.0,489.0801830575738,114.89612906189063
3670,Suez OUT - Piraeus,SEA,PILOT_TO_PILOT,6,3670,784,7,8,Kriti E,Paximadi,36.33550408147316,24.68823796095156,304.8268158618691,8.0,489.2135695588823,114.76274256058213
3671,Suez OUT - Piraeus,SEA,PILOT_TO_PILOT,6,3671,785,7,8,Kriti E,Paximadi,36.33673952482761,24.685945863081173,304.8268158618691,8.0,489.3469560601908,114.62935605927362
3672,Suez OUT - Piraeus,SEA,PILOT_TO_PILOT,6,3672,786,7,8,Kriti E,Paximadi,36.33797492441377,24.683653692502983,304.8268158618691,8.0,489.4803425614993,114.49596955796511
3673,Suez OUT - Piraeus,SEA,PILOT_TO_PILOT,6,3673,787,7,8,Kriti E,Paximadi,36.33921028022832,24.68136144921396,304.8268158618691,8.0,489.6137290628078,114.3625830566566
3674,Suez OUT - Piraeus,SEA,PILOT_TO_PILOT,6,3674,788,7,8,Kriti E,Paximadi,36.34044559226786,24.679069133211094,304.8268158618691,8.0,489.74711556411626,114.22919655534815
3675,Suez OUT - Piraeus,SEA,PILOT_TO_PILOT,6,3675,789,7,8,Kriti E,Paximadi,36.341680860529024,24.676776744491374,304.8268158618691,8.0,489.88050206542476,114.09581005403965
3676,Suez OUT - Piraeus,SEA,PILOT_TO_PILOT,6,3676,790,7,8,Kriti E,Paximadi,36.34291608500847,24.674484283051783,304.8268158618691,8.0,490.01388856673327,113.96242355273114
3677,Suez OUT - Piraeus,SEA,PILOT_TO_PILOT,6,3677,791,7,8,Kriti E,Paximadi,36.3441512657028,24.6721917488893,304.8268158618691,8.0,490.1472750680418,113.82903705142263
3678,Suez OUT - Piraeus,SEA,PILOT_TO_PILOT,6,3678,792,7,8,Kriti E,Paximadi,36.345386402608675,24.669899142000926,304.8268158618691,8.0,490.2806615693503,113.69565055011412
3679,Suez OUT - Piraeus,SEA,PILOT_TO_PILOT,6,3679,793,7,8,Kriti E,Paximadi,36.34662149572271,24.667606462383638,304.8268158618691,8.0,490.41404807065874,113.56226404880567
3680,Suez OUT - Piraeus,SEA,PILOT_TO_PILOT,6,3680,794,7,8,Kriti E,Paximadi,36.34785654504155,24.665313710034432,304.8268158618691,8.0,490.54743457196724,113.42887754749717
3681,Suez OUT - Piraeus,SEA,PILOT_TO_PILOT,6,3681,795,7,8,Kriti E,Paximadi,36.34909155056183,24.663020884950285,304.8268158618691,8.0,490.68082107327575,113.29549104618866
3682,Suez OUT - Piraeus,SEA,PILOT_TO_PILOT,6,3682,796,7,8,Kriti E,Paximadi,36.35032651228016,24.660727987128194,304.8268158618691,8.0,490.81420757458426,113.16210454488015
3683,Suez OUT - Piraeus,SEA,PILOT_TO_PILOT,6,3683,797,7,8,Kriti E,Paximadi,36.351561430193186,24.658435016565136,304.8268158618691,8.0,490.94759407589277,113.02871804357164
3684,Suez OUT - Piraeus,SEA,PILOT_TO_PILOT,6,3684,798,7,8,Kriti E,Paximadi,36.35279630429756,24.656141973258112,304.8268158618691,8.0,491.0809805772013,112.89533154226314
3685,Suez OUT - Piraeus,SEA,PILOT_TO_PILOT,6,3685,799,7,8,Kriti E,Paximadi,36.354031134589896,24.653848857204107,304.8268158618691,8.0,491.2143670785098,112.76194504095463
3686,Suez OUT - Piraeus,SEA,PILOT_TO_PILOT,6,3686,800,7,8,Kriti E,Paximadi,36.35526592106682,24.651555668400103,304.8268158618691,8.0,491.34775357981823,112.62855853964618
3687,Suez OUT - Piraeus,SEA,PILOT_TO_PILOT,6,3687,801,7,8,Kriti E,Paximadi,36.35650066372497,24.649262406843093,304.8268158618691,8.0,491.48114008112674,112.49517203833767
3688,Suez OUT - Piraeus,SEA,PILOT_TO_PILOT,6,3688,802,7,8,Kriti E,Paximadi,36.35773536256098,24.646969072530073,304.8268158618691,8.0,491.61452658243525,112.36178553702916
3689,Suez OUT - Piraeus,SEA,PILOT_TO_PILOT,6,3689,803,7,8,Kriti E,Paximadi,36.35897001757149,24.64467566545803,304.8268158618691,8.0,491.74791308374375,112.22839903572066
3690,Suez OUT - Piraeus,SEA,PILOT_TO_PILOT,6,3690,804,7,8,Kriti E,Paximadi,36.36020462875311,24.642382185623955,304.8268158618691,8.0,491.88129958505226,112.09501253441215
3691,Suez OUT - Piraeus,SEA,PILOT_TO_PILOT,6,3691,805,7,8,Kriti E,Paximadi,36.36143919610248,24.640088633024835,304.8268158618691,8.0,492.0146860863607,111.9616260331037
3692,Suez OUT - Piraeus,SEA,PILOT_TO_PILOT,6,3692,806,7,8,Kriti E,Paximadi,36.36267371961624,24.63779500765766,304.8268158618691,8.0,492.1480725876692,111.82823953179519
3693,Suez OUT - Piraeus,SEA,PILOT_TO_PILOT,6,3693,807,7,8,Kriti E,Paximadi,36.36390819929102,24.635501309519427,304.8268158618691,8.0,492.2814590889777,111.69485303048668
3694,Suez OUT - Piraeus,SEA,PILOT_TO_PILOT,6,3694,808,7,8,Kriti E,Paximadi,36.36514263512345,24.63320753860712,304.8268158618691,8.0,492.41484559028623,111.56146652917818
3695,Suez OUT - Piraeus,SEA,PILOT_TO_PILOT,6,3695,809,7,8,Kriti E,Paximadi,36.36637702711014,24.63091369491774,304.8268158618691,8.0,492.54823209159474,111.42808002786967
3696,Suez OUT - Piraeus,SEA,PILOT_TO_PILOT,6,3696,810,7,8,Kriti E,Paximadi,36.36761137524774,24.62861977844827,304.8268158618691,8.0,492.6816185929032,111.29469352656122
3697,Suez OUT - Piraeus,SEA,PILOT_TO_PILOT,6,3697,811,7,8,Kriti E,Paximadi,36.36884567953288,24.626325789195707,304.8268158618691,8.0,492.81500509421176,111.16130702525265
3698,Suez OUT - Piraeus,SEA,PILOT_TO_PILOT,6,3698,812,7,8,Kriti E,Paximadi,36.37007993996218,24.62403172715705,304.8268158618691,8.0,492.9483915955202,111.0279205239442
3699,Suez OUT - Piraeus,SEA,PILOT_TO_PILOT,6,3699,813,7,8,Kriti E,Paximadi,36.371314156532286,24.621737592329282,304.8268158618691,8.0,493.0817780968287,110.8945340226357
3700,Suez OUT - Piraeus,SEA,PILOT_TO_PILOT,6,3700,814,7,8,Kriti E,Paximadi,36.37254832923981,24.619443384709395,304.8268158618691,8.0,493.2151645981372,110.76114752132719
3701,Suez OUT - Piraeus,SEA,PILOT_TO_PILOT,6,3701,815,7,8,Kriti E,Paximadi,36.3737824580814,24.617149104294395,304.8268158618691,8.0,493.34855109944573,110.62776102001868
3702,Suez OUT - Piraeus,SEA,PILOT_TO_PILOT,6,3702,816,7,8,Kriti E,Paximadi,36.37501654305367,24.614854751081264,304.8268158618691,8.0,493.48193760075424,110.49437451871017
3703,Suez OUT - Piraeus,SEA,PILOT_TO_PILOT,6,3703,817,7,8,Kriti E,Paximadi,36.376250584153254,24.612560325067008,304.8268158618691,8.0,493.6153241020627,110.36098801740172
3704,Suez OUT - Piraeus,SEA,PILOT_TO_PILOT,6,3704,818,7,8,Kriti E,Paximadi,36.37748458137678,24.61026582624861,304.8268158618691,8.0,493.7487106033712,110.22760151609322
3705,Suez OUT - Piraeus,SEA,PILOT_TO_PILOT,6,3705,819,7,8,Kriti E,Paximadi,36.37871853472087,24.60797125462307,304.8268158618691,8.0,493.8820971046797,110.09421501478471
3706,Suez OUT - Piraeus,SEA,PILOT_TO_PILOT,6,3706,820,7,8,Kriti E,Paximadi,36.37995244418216,24.605676610187377,304.8268158618691,8.0,494.0154836059882,109.9608285134762
3707,Suez OUT - Piraeus,SEA,PILOT_TO_PILOT,6,3707,821,7,8,Kriti E,Paximadi,36.38118630975729,24.60338189293854,304.8268158618691,8.0,494.1488701072967,109.8274420121677
3708,Suez OUT - Piraeus,SEA,PILOT_TO_PILOT,6,3708,822,7,8,Kriti E,Paximadi,36.38242013144287,24.60108710287355,304.8268158618691,8.0,494.28225660860517,109.69405551085924
3709,Suez OUT - Piraeus,SEA,PILOT_TO_PILOT,6,3709,823,7,8,Kriti E,Paximadi,36.38365390923554,24.598792239989393,304.8268158618691,8.0,494.4156431099137,109.56066900955074
3710,Suez OUT - Piraeus,SEA,PILOT_TO_PILOT,6,3710,824,7,8,Kriti E,Paximadi,36.38488764313191,24.596497304283076,304.8268158618691,8.0,494.5490296112222,109.42728250824223
3711,Suez OUT - Piraeus,SEA,PILOT_TO_PILOT,6,3711,825,7,8,Kriti E,Paximadi,36.38612133312863,24.594202295751586,304.8268158618691,8.0,494.6824161125307,109.29389600693372
3712,Suez OUT - Piraeus,SEA,PILOT_TO_PILOT,6,3712,826,7,8,Kriti E,Paximadi,36.387354979222316,24.591907214391934,304.8268158618691,8.0,494.8158026138392,109.16050950562521
3713,Suez OUT - Piraeus,SEA,PILOT_TO_PILOT,6,3713,827,7,8,Kriti E,Paximadi,36.388588581409586,24.58961206020111,304.8268158618691,8.0,494.9491891151477,109.0271230043167
3714,Suez OUT - Piraeus,SEA,PILOT_TO_PILOT,6,3714,828,7,8,Kriti E,Paximadi,36.3898221396871,24.587316833176104,304.8268158618691,8.0,495.0825756164562,108.8937365030082
3715,Suez OUT - Piraeus,SEA,PILOT_TO_PILOT,6,3715,829,7,8,Kriti E,Paximadi,36.39105565405145,24.58502153331393,304.8268158618691,8.0,495.21596211776466,108.76035000169975
3716,Suez OUT - Piraeus,SEA,PILOT_TO_PILOT,6,3716,830,7,8,Kriti E,Paximadi,36.39228912449928,24.58272616061157,304.8268158618691,8.0,495.34934861907317,108.62696350039124
3717,Suez OUT - Piraeus,SEA,PILOT_TO_PILOT,6,3717,831,7,8,Kriti E,Paximadi,36.3935225510272,24.58043071506604,304.8268158618691,8.0,495.4827351203817,108.49357699908273
3718,Suez OUT - Piraeus,SEA,PILOT_TO_PILOT,6,3718,832,7,8,Kriti E,Paximadi,36.394755933631856,24.578135196674317,304.8268158618691,8.0,495.6161216216902,108.36019049777423
3719,Suez OUT - Piraeus,SEA,PILOT_TO_PILOT,6,3719,833,7,8,Kriti E,Paximadi,36.395989272309876,24.57583960543342,304.8268158618691,8.0,495.7495081229987,108.22680399646572
3720,Suez OUT - Piraeus,SEA,PILOT_TO_PILOT,6,3720,834,7,8,Kriti E,Paximadi,36.397222567057874,24.573543941340343,304.8268158618691,8.0,495.88289462430714,108.09341749515727
3721,Suez OUT - Piraeus,SEA,PILOT_TO_PILOT,6,3721,835,7,8,Kriti E,Paximadi,36.39845581787247,24.571248204392084,304.8268158618691,8.0,496.01628112561565,107.96003099384876
3722,Suez OUT - Piraeus,SEA,PILOT_TO_PILOT,6,3722,836,7,8,Kriti E,Paximadi,36.3996890247503,24.568952394585637,304.8268158618691,8.0,496.14966762692416,107.82664449254025
3723,Suez OUT - Piraeus,SEA,PILOT_TO_PILOT,6,3723,837,7,8,Kriti E,Paximadi,36.400922187687996,24.566656511918012,304.8268158618691,8.0,496.28305412823266,107.69325799123175
3724,Suez OUT - Piraeus,SEA,PILOT_TO_PILOT,6,3724,838,7,8,Kriti E,Paximadi,36.402155306682175,24.564360556386205,304.8268158618691,8.0,496.41644062954117,107.55987148992324
3725,Suez OUT - Piraeus,SEA,PILOT_TO_PILOT,6,3725,839,7,8,Kriti E,Paximadi,36.403388381729464,24.56206452798722,304.8268158618691,8.0,496.5498271308496,107.42648498861479
3726,Suez OUT - Piraeus,SEA,PILOT_TO_PILOT,6,3726,840,7,8,Kriti E,Paximadi,36.40462141282649,24.55976842671805,304.8268158618691,8.0,496.6832136321582,107.29309848730622
3727,Suez OUT - Piraeus,SEA,PILOT_TO_PILOT,6,3727,841,7,8,Kriti E,Paximadi,36.40585439996987,24.557472252575707,304.8268158618691,8.0,496.81660013346664,107.15971198599777
3728,Suez OUT - Piraeus,SEA,PILOT_TO_PILOT,6,3728,842,7,8,Kriti E,Paximadi,36.40708734315624,24.55517600555719,304.8268158618691,8.0,496.94998663477514,107.02632548468927
3729,Suez OUT - Piraeus,SEA,PILOT_TO_PILOT,6,3729,843,7,8,Kriti E,Paximadi,36.4083202423822,24.5528796856595,304.8268158618691,8.0,497.08337313608365,106.89293898338076
3730,Suez OUT - Piraeus,SEA,PILOT_TO_PILOT,6,3730,844,7,8,Kriti E,Paximadi,36.40955309764442,24.55058329287964,304.8268158618691,8.0,497.21675963739216,106.75955248207225
3731,Suez OUT - Piraeus,SEA,PILOT_TO_PILOT,6,3731,845,7,8,Kriti E,Paximadi,36.41078590893948,24.54828682721461,304.8268158618691,8.0,497.35014613870067,106.62616598076374
3732,Suez OUT - Piraeus,SEA,PILOT_TO_PILOT,6,3732,846,7,8,Kriti E,Paximadi,36.412018676264026,24.54599028866142,304.8268158618691,8.0,497.4835326400091,106.4927794794553
3733,Suez OUT - Piraeus,SEA,PILOT_TO_PILOT,6,3733,847,7,8,Kriti E,Paximadi,36.41325139961467,24.543693677217068,304.8268158618691,8.0,497.6169191413176,106.35939297814679
3734,Suez OUT - Piraeus,SEA,PILOT_TO_PILOT,6,3734,848,7,8,Kriti E,Paximadi,36.41448407898806,24.541396992878553,304.8268158618691,8.0,497.75030564262613,106.22600647683828
3735,Suez OUT - Piraeus,SEA,PILOT_TO_PILOT,6,3735,849,7,8,Kriti E,Paximadi,36.41571671438078,24.53910023564289,304.8268158618691,8.0,497.88369214393464,106.09261997552977
3736,Suez OUT - Piraeus,SEA,PILOT_TO_PILOT,6,3736,850,7,8,Kriti E,Paximadi,36.41694930578949,24.536803405507083,304.8268158618691,8.0,498.01707864524315,105.95923347422126
3737,Suez OUT - Piraeus,SEA,PILOT_TO_PILOT,6,3737,851,7,8,Kriti E,Paximadi,36.41818185321079,24.534506502468126,304.8268158618691,8.0,498.1504651465516,105.82584697291281
3738,Suez OUT - Piraeus,SEA,PILOT_TO_PILOT,6,3738,852,7,8,Kriti E,Paximadi,36.41941435664132,24.53220952652303,304.8268158618691,8.0,498.2838516478601,105.6924604716043
3739,Suez OUT - Piraeus,SEA,PILOT_TO_PILOT,6,3739,853,7,8,Kriti E,Paximadi,36.420646816077685,24.52991247766881,304.8268158618691,8.0,498.4172381491686,105.5590739702958
3740,Suez OUT - Piraeus,SEA,PILOT_TO_PILOT,6,3740,854,7,8,Kriti E,Paximadi,36.42187923151652,24.527615355902455,304.8268158618691,8.0,498.5506246504771,105.42568746898729
3741,Suez OUT - Piraeus,SEA,PILOT_TO_PILOT,6,3741,855,7,8,Kriti E,Paximadi,36.42311160295444,24.525318161220977,304.8268158618691,8.0,498.6840111517856,105.29230096767878
3742,Suez OUT - Piraeus,SEA,PILOT_TO_PILOT,6,3742,856,7,8,Kriti E,Paximadi,36.42434393038808,24.523020893621386,304.8268158618691,8.0,498.8173976530941,105.15891446637033
3743,Suez OUT - Piraeus,SEA,PILOT_TO_PILOT,6,3743,857,7,8,Kriti E,Paximadi,36.425576213814054,24.520723553100694,304.8268158618691,8.0,498.95078415440264,105.02552796506177
3744,Suez OUT - Piraeus,SEA,PILOT_TO_PILOT,6,3744,858,7,8,Kriti E,Paximadi,36.426808453228986,24.518426139655883,304.8268158618691,8.0,499.0841706557111,104.89214146375332
3745,Suez OUT - Piraeus,SEA,PILOT_TO_PILOT,6,3745,859,7,8,Kriti E,Paximadi,36.428040648629484,24.516128653283992,304.8268158618691,8.0,499.2175571570196,104.75875496244481
3746,Suez OUT - Piraeus,SEA,PILOT_TO_PILOT,6,3746,860,7,8,Kriti E,Paximadi,36.429272800012185,24.513831093982006,304.8268158618691,8.0,499.3509436583281,104.6253684611363
3747,Suez OUT - Piraeus,SEA,PILOT_TO_PILOT,6,3747,861,7,8,Kriti E,Paximadi,36.43050490737371,24.511533461746946,304.8268158618691,8.0,499.4843301596366,104.4919819598278
3748,Suez OUT - Piraeus,SEA,PILOT_TO_PILOT,6,3748,862,7,8,Kriti E,Paximadi,36.431736970710666,24.509235756575812,304.8268158618691,8.0,499.6177166609451,104.35859545851929
3749,Suez OUT - Piraeus,SEA,PILOT_TO_PILOT,6,3749,863,7,8,Kriti E,Paximadi,36.432968990019695,24.50693797846562,304.8268158618691,8.0,499.75110316225357,104.22520895721084
3750,Suez OUT - Piraeus,SEA,PILOT_TO_PILOT,6,3750,864,7,8,Kriti E,Paximadi,36.4342009652974,24.504640127413367,304.8268158618691,8.0,499.8844896635621,104.09182245590233
3751,Suez OUT - Piraeus,SEA,PILOT_TO_PILOT,6,3751,865,7,8,Kriti E,Paximadi,36.43543289654042,24.502342203416074,304.8268158618691,8.0,500.0178761648706,103.95843595459382
3752,Suez OUT - Piraeus,SEA,PILOT_TO_PILOT,6,3752,866,7,8,Kriti E,Paximadi,36.43666478374536,24.500044206470747,304.8268158618691,8.0,500.1512626661791,103.82504945328532
3753,Suez OUT - Piraeus,SEA,PILOT_TO_PILOT,6,3753,867,7,8,Kriti E,Paximadi,36.437896626908824,24.49774613657438,304.8268158618691,8.0,500.2846491674876,103.69166295197681
3754,Suez OUT - Piraeus,SEA,PILOT_TO_PILOT,6,3754,868,7,8,Kriti E,Paximadi,36.43912842602748,24.49544799372401,304.8268158618691,8.0,500.41803566879605,103.55827645066836
3755,Suez OUT - Piraeus,SEA,PILOT_TO_PILOT,6,3755,869,7,8,Kriti E,Paximadi,36.44036018109791,24.49314977791664,304.8268158618691,8.0,500.55142217010456,103.42488994935985
3756,Suez OUT - Piraeus,SEA,PILOT_TO_PILOT,6,3756,870,7,8,Kriti E,Paximadi,36.44159189211675,24.490851489149268,304.8268158618691,8.0,500.68480867141307,103.29150344805134
3757,Suez OUT - Piraeus,SEA,PILOT_TO_PILOT,6,3757,871,7,8,Kriti E,Paximadi,36.4428235590806,24.488553127418907,304.8268158618691,8.0,500.8181951727216,103.15811694674284
3758,Suez OUT - Piraeus,SEA,PILOT_TO_PILOT,6,3758,872,7,8,Kriti E,Paximadi,36.44405518198611,24.48625469272258,304.8268158618691,8.0,500.9515816740301,103.02473044543433
3759,Suez OUT - Piraeus,SEA,PILOT_TO_PILOT,6,3759,873,7,8,Kriti E,Paximadi,36.44528676082988,24.483956185057288,304.8268158618691,8.0,501.0849681753386,102.89134394412582
3760,Suez OUT - Piraeus,SEA,PILOT_TO_PILOT,6,3760,874,7,8,Kriti E,Paximadi,36.44651829560853,24.481657604420054,304.8268158618691,8.0,501.2183546766471,102.75795744281731
3761,Suez OUT - Piraeus,SEA,PILOT_TO_PILOT,6,3761,875,7,8,Kriti E,Paximadi,36.447749786318674,24.479358950807875,304.8268158618691,8.0,501.35174117795555,102.62457094150886
3762,Suez OUT - Piraeus,SEA,PILOT_TO_PILOT,6,3762,876,7,8,Kriti E,Paximadi,36.448981232956946,24.47706022421777,304.8268158618691,8.0,501.48512767926405,102.49118444020036
3763,Suez OUT - Piraeus,SEA,PILOT_TO_PILOT,6,3763,877,7,8,Kriti E,Paximadi,36.450212635519954,24.474761424646758,304.8268158618691,8.0,501.61851418057256,102.35779793889185
3764,Suez OUT - Piraeus,SEA,PILOT_TO_PILOT,6,3764,878,7,8,Kriti E,Paximadi,36.451443994004315,24.472462552091844,304.8268158618691,8.0,501.75190068188107,102.22441143758334
3765,Suez OUT - Piraeus,SEA,PILOT_TO_PILOT,6,3765,879,7,8,Kriti E,Paximadi,36.452675308406654,24.47016360655005,304.8268158618691,8.0,501.8852871831896,102.09102493627483
3766,Suez OUT - Piraeus,SEA,PILOT_TO_PILOT,6,3766,880,7,8,Kriti E,Paximadi,36.45390657872358,24.467864588018383,304.8268158618691,8.0,502.018673684498,101.95763843496638
3767,Suez OUT - Piraeus,SEA,PILOT_TO_PILOT,6,3767,881,7,8,Kriti E,Paximadi,36.45513780495173,24.465565496493856,304.8268158618691,8.0,502.15206018580653,101.82425193365788
3768,Suez OUT - Piraeus,SEA,PILOT_TO_PILOT,6,3768,882,7,8,Kriti E,Paximadi,36.4563689870877,24.46326633197348,304.8268158618691,8.0,502.28544668711504,101.69086543234937
3769,Suez OUT - Piraeus,SEA,PILOT_TO_PILOT,6,3769,883,7,8,Kriti E,Paximadi,36.457600125128124,24.46096709445429,304.8268158618691,8.0,502.41883318842355,101.55747893104086
3770,Suez OUT - Piraeus,SEA,PILOT_TO_PILOT,6,3770,884,7,8,Kriti E,Paximadi,36.458831219069594,24.458667783933272,304.8268158618691,8.0,502.55221968973206,101.42409242973235
3771,Suez OUT - Piraeus,SEA,PILOT_TO_PILOT,6,3771,885,7,8,Kriti E,Paximadi,36.460062268908764,24.456368400407463,304.8268158618691,8.0,502.6856061910405,101.2907059284239
3772,Suez OUT - Piraeus,SEA,PILOT_TO_PILOT,6,3772,886,7,8,Kriti E,Paximadi,36.46129327464222,24.454068943873867,304.8268158618691,8.0,502.81899269234907,101.15731942711534
3773,Suez OUT - Piraeus,SEA,PILOT_TO_PILOT,6,3773,887,7,8,Kriti E,Paximadi,36.462524236266596,24.451769414329508,304.8268158618691,8.0,502.9523791936575,101.02393292580689
3774,Suez OUT - Piraeus,SEA,PILOT_TO_PILOT,6,3774,888,7,8,Kriti E,Paximadi,36.46375515377851,24.4494698117714,304.8268158618691,8.0,503.085765694966,100.89054642449838
3775,Suez OUT - Piraeus,SEA,PILOT_TO_PILOT,6,3775,889,7,8,Kriti E,Paximadi,36.464986027174554,24.447170136196554,304.8268158618691,8.0,503.21915219627454,100.75715992318987
3776,Suez OUT - Piraeus,SEA,PILOT_TO_PILOT,6,3776,890,7,8,Kriti E,Paximadi,36.46621685645136,24.444870387601995,304.8268158618691,8.0,503.35253869758304,100.62377342188137
3777,Suez OUT - Piraeus,SEA,PILOT_TO_PILOT,6,3777,891,7,8,Kriti E,Paximadi,36.46744764160557,24.44257056598473,304.8268158618691,8.0,503.48592519889155,100.49038692057286
3778,Suez OUT - Piraeus,SEA,PILOT_TO_PILOT,6,3778,892,7,8,Kriti E,Paximadi,36.468678382633755,24.440270671341782,304.8268158618691,8.0,503.6193117002,100.35700041926441
3779,Suez OUT - Piraeus,SEA,PILOT_TO_PILOT,6,3779,893,7,8,Kriti E,Paximadi,36.46990907953256,24.437970703670178,304.8268158618691,8.0,503.7526982015085,100.2236139179559
3780,Suez OUT - Piraeus,SEA,PILOT_TO_PILOT,6,3780,894,7,8,Kriti E,Paximadi,36.47113973229859,24.435670662966917,304.8268158618691,8.0,503.886084702817,100.0902274166474
3781,Suez OUT - Piraeus,SEA,PILOT_TO_PILOT,6,3781,895,7,8,Kriti E,Paximadi,36.472370340928464,24.433370549229036,304.8268158618691,8.0,504.0194712041255,99.95684091533889
3782,Suez OUT - Piraeus,SEA,PILOT_TO_PILOT,6,3782,896,7,8,Kriti E,Paximadi,36.47360090541879,24.43107036245354,304.8268158618691,8.0,504.15285770543403,99.82345441403038
3783,Suez OUT - Piraeus,SEA,PILOT_TO_PILOT,6,3783,897,7,8,Kriti E,Paximadi,36.474831425766205,24.428770102637454,304.8268158618691,8.0,504.2862442067425,99.69006791272193
3784,Suez OUT - Piraeus,SEA,PILOT_TO_PILOT,6,3784,898,7,8,Kriti E,Paximadi,36.4760619019673,24.4264697697778,304.8268158618691,8.0,504.419630708051,99.55668141141342
3785,Suez OUT - Piraeus,SEA,PILOT_TO_PILOT,6,3785,899,7,8,Kriti E,Paximadi,36.4772923340187,24.424169363871595,304.8268158618691,8.0,504.5530172093595,99.42329491010491
3786,Suez OUT - Piraeus,SEA,PILOT_TO_PILOT,6,3786,900,7,8,Kriti E,Paximadi,36.47852272191701,24.421868884915853,304.8268158618691,8.0,504.686403710668,99.2899084087964
3787,Suez OUT - Piraeus,SEA,PILOT_TO_PILOT,6,3787,901,7,8,Kriti E,Paximadi,36.479753065658855,24.419568332907602,304.8268158618691,8.0,504.8197902119765,99.1565219074879
3788,Suez OUT - Piraeus,SEA,PILOT_TO_PILOT,6,3788,902,7,8,Kriti E,Paximadi,36.48098336524084,24.41726770784386,304.8268158618691,8.0,504.953176713285,99.02313540617939
3789,Suez OUT - Piraeus,SEA,PILOT_TO_PILOT,6,3789,903,7,8,Kriti E,Paximadi,36.482213620659586,24.414967009721646,304.8268158618691,8.0,505.0865632145935,98.88974890487088
3790,Suez OUT - Piraeus,SEA,PILOT_TO_PILOT,6,3790,904,7,8,Kriti E,Paximadi,36.483443831911714,24.412666238537987,304.8268158618691,8.0,505.219949715902,98.75636240356243
3791,Suez OUT - Piraeus,SEA,PILOT_TO_PILOT,6,3791,905,7,8,Kriti E,Paximadi,36.48467399899381,24.4103653942899,304.8268158618691,8.0,505.3533362172105,98.62297590225393
3792,Suez OUT - Piraeus,SEA,PILOT_TO_PILOT,6,3792,906,7,8,Kriti E,Paximadi,36.485904121902536,24.40806447697441,304.8268158618691,8.0,505.486722718519,98.48958940094542
3793,Suez OUT - Piraeus,SEA,PILOT_TO_PILOT,6,3793,907,7,8,Kriti E,Paximadi,36.487134200634465,24.40576348658853,304.8268158618691,8.0,505.6201092198275,98.35620289963691
3794,Suez OUT - Piraeus,SEA,PILOT_TO_PILOT,6,3794,908,7,8,Kriti E,Paximadi,36.48836423518621,24.403462423129294,304.8268158618691,8.0,505.753495721136,98.2228163983284
3795,Suez OUT - Piraeus,SEA,PILOT_TO_PILOT,6,3795,909,7,8,Kriti E,Paximadi,36.4895942255544,24.40116128659372,304.8268158618691,8.0,505.88688222244446,98.08942989701995
3796,Suez OUT - Piraeus,SEA,PILOT_TO_PILOT,6,3796,910,7,8,Kriti E,Paximadi,36.49082417173565,24.398860076978835,304.8268158618691,8.0,506.02026872375296,97.95604339571145
3797,Suez OUT - Piraeus,SEA,PILOT_TO_PILOT,6,3797,911,7,8,Kriti E,Paximadi,36.492054073726564,24.396558794281656,304.8268158618691,8.0,506.15365522506147,97.82265689440294
3798,Suez OUT - Piraeus,SEA,PILOT_TO_PILOT,6,3798,912,7,8,Kriti E,Paximadi,36.49328393152375,24.394257438499206,304.8268158618691,8.0,506.28704172637,97.68927039309443
3799,Suez OUT - Piraeus,SEA,PILOT_TO_PILOT,6,3799,913,7,8,Kriti E,Paximadi,36.49451374512383,24.39195600962852,304.8268158618691,8.0,506.4204282276785,97.55588389178592
3800,Suez OUT - Piraeus,SEA,PILOT_TO_PILOT,6,3800,914,7,8,Kriti E,Paximadi,36.495743514523404,24.38965450766661,304.8268158618691,8.0,506.55381472898694,97.42249739047747
3801,Suez OUT - Piraeus,SEA,PILOT_TO_PILOT,6,3801,915,7,8,Kriti E,Paximadi,36.49697323971911,24.387352932610508,304.8268158618691,8.0,506.6872012302955,97.28911088916891
3802,Suez OUT - Piraeus,SEA,PILOT_TO_PILOT,6,3802,916,7,8,Kriti E,Paximadi,36.498202920707534,24.385051284457234,304.8268158618691,8.0,506.82058773160395,97.15572438786046
3803,Suez OUT - Piraeus,SEA,PILOT_TO_PILOT,6,3803,917,7,8,Kriti E,Paximadi,36.49943255748529,24.38274956320382,304.8268158618691,8.0,506.95397423291246,97.02233788655195
3804,Suez OUT - Piraeus,SEA,PILOT_TO_PILOT,6,3804,918,7,8,Kriti E,Paximadi,36.50066215004901,24.380447768847276,304.8268158618691,8.0,507.08736073422097,96.88895138524344
3805,Suez OUT - Piraeus,SEA,PILOT_TO_PILOT,6,3805,919,7,8,Kriti E,Paximadi,36.501891698395276,24.37814590138465,304.8268158618691,8.0,507.2207472355295,96.75556488393494
3806,Suez OUT - Piraeus,SEA,PILOT_TO_PILOT,6,3806,920,7,8,Kriti E,Paximadi,36.50312120252072,24.375843960812965,304.8268158618691,8.0,507.354133736838,96.62217838262643
3807,Suez OUT - Piraeus,SEA,PILOT_TO_PILOT,6,3807,921,7,8,Kriti E,Paximadi,36.50435066242194,24.373541947129226,304.8268158618691,8.0,507.48752023814643,96.48879188131798
3808,Suez OUT - Piraeus,SEA,PILOT_TO_PILOT,6,3808,922,7,8,Kriti E,Paximadi,36.50558007809556,24.37123986033048,304.8268158618691,8.0,507.62090673945494,96.35540538000947
3809,Suez OUT - Piraeus,SEA,PILOT_TO_PILOT,6,3809,923,7,8,Kriti E,Paximadi,36.506809449538174,24.36893770041375,304.8268158618691,8.0,507.75429324076345,96.22201887870096
3810,Suez OUT - Piraeus,SEA,PILOT_TO_PILOT,6,3810,924,7,8,Kriti E,Paximadi,36.50803877674641,24.366635467376057,304.8268158618691,8.0,507.88767974207195,96.08863237739246
3811,Suez OUT - Piraeus,SEA,PILOT_TO_PILOT,6,3811,925,7,8,Kriti E,Paximadi,36.50926805971688,24.364333161214443,304.8268158618691,8.0,508.02106624338046,95.95524587608395
3812,Suez OUT - Piraeus,SEA,PILOT_TO_PILOT,6,3812,926,7,8,Kriti E,Paximadi,36.51049729844617,24.36203078192592,304.8268158618691,8.0,508.1544527446889,95.8218593747755
3813,Suez OUT - Piraeus,SEA,PILOT_TO_PILOT,6,3813,927,7,8,Kriti E,Paximadi,36.5117264929309,24.359728329507522,304.8268158618691,8.0,508.2878392459974,95.68847287346699
3814,Suez OUT - Piraeus,SEA,PILOT_TO_PILOT,6,3814,928,7,8,Kriti E,Paximadi,36.51295564316769,24.35742580395628,304.8268158618691,8.0,508.4212257473059,95.55508637215848
3815,Suez OUT - Piraeus,SEA,PILOT_TO_PILOT,6,3815,929,7,8,Kriti E,Paximadi,36.51418474915315,24.355123205269226,304.8268158618691,8.0,508.55461224861443,95.42169987084998
3816,Suez OUT - Piraeus,SEA,PILOT_TO_PILOT,6,3816,930,7,8,Kriti E,Paximadi,36.515413810883885,24.35282053344339,304.8268158618691,8.0,508.68799874992294,95.28831336954147
3817,Suez OUT - Piraeus,SEA,PILOT_TO_PILOT,6,3817,931,7,8,Kriti E,Paximadi,36.51664282835649,24.35051778847579,304.8268158618691,8.0,508.8213852512314,95.15492686823302
3818,Suez OUT - Piraeus,SEA,PILOT_TO_PILOT,6,3818,932,7,8,Kriti E,Paximadi,36.51787180156758,24.348214970363465,304.8268158618691,8.0,508.95477175253995,95.02154036692446
3819,Suez OUT - Piraeus,SEA,PILOT_TO_PILOT,6,3819,933,7,8,Kriti E,Paximadi,36.51910073051377,24.345912079103446,304.8268158618691,8.0,509.0881582538484,94.888153865616
3820,Suez OUT - Piraeus,SEA,PILOT_TO_PILOT,6,3820,934,7,8,Kriti E,Paximadi,36.520329615191685,24.343609114692764,304.8268158618691,8.0,509.2215447551569,94.7547673643075
3821,Suez OUT - Piraeus,SEA,PILOT_TO_PILOT,6,3821,935,7,8,Kriti E,Paximadi,36.521558455597905,24.34130607712844,304.8268158618691,8.0,509.3549312564654,94.62138086299899
3822,Suez OUT - Piraeus,SEA,PILOT_TO_PILOT,6,3822,936,7,8,Kriti E,Paximadi,36.52278725172905,24.339002966407513,304.8268158618691,8.0,509.4883177577739,94.48799436169048
3823,Suez OUT - Piraeus,SEA,PILOT_TO_PILOT,6,3823,937,7,8,Kriti E,Paximadi,36.52401600358173,24.336699782527017,304.8268158618691,8.0,509.62170425908243,94.35460786038198
3824,Suez OUT - Piraeus,SEA,PILOT_TO_PILOT,6,3824,938,7,8,Kriti E,Paximadi,36.52524471115254,24.334396525483985,304.8268158618691,8.0,509.7550907603909,94.22122135907352
3825,Suez OUT - Piraeus,SEA,PILOT_TO_PILOT,6,3825,939,7,8,Kriti E,Paximadi,36.52647337443812,24.332093195275444,304.8268158618691,8.0,509.8884772616994,94.08783485776502
3826,Suez OUT - Piraeus,SEA,PILOT_TO_PILOT,6,3826,940,7,8,Kriti E,Paximadi,36.527701993435024,24.32978979189843,304.8268158618691,8.0,510.0218637630079,93.95444835645651
3827,Suez OUT - Piraeus,SEA,PILOT_TO_PILOT,6,3827,941,7,8,Kriti E,Paximadi,36.52893056813991,24.327486315349976,304.8268158618691,8.0,510.1552502643164,93.821061855148
3828,Suez OUT - Piraeus,SEA,PILOT_TO_PILOT,6,3828,942,7,8,Kriti E,Paximadi,36.530159098549376,24.32518276562711,304.8268158618691,8.0,510.2886367656249,93.6876753538395
3829,Suez OUT - Piraeus,SEA,PILOT_TO_PILOT,6,3829,943,7,8,Kriti E,Paximadi,36.53138758466,24.32287914272687,304.8268158618691,8.0,510.42202326693337,93.55428885253104
3830,Suez OUT - Piraeus,SEA,PILOT_TO_PILOT,6,3830,944,7,8,Kriti E,Paximadi,36.53261602646842,24.32057544664629,304.8268158618691,8.0,510.5554097682419,93.42090235122254
3831,Suez OUT - Piraeus,SEA,PILOT_TO_PILOT,6,3831,945,7,8,Kriti E,Paximadi,36.53384442397123,24.318271677382402,304.8268158618691,8.0,510.6887962695504,93.28751584991403
3832,Suez OUT - Piraeus,SEA,PILOT_TO_PILOT,6,3832,946,7,8,Kriti E,Paximadi,36.535072777165034,24.315967834932245,304.8268158618691,8.0,510.8221827708589,93.15412934860552
3833,Suez OUT - Piraeus,SEA,PILOT_TO_PILOT,6,3833,947,7,8,Kriti E,Paximadi,36.53630108604644,24.313663919292843,304.8268158618691,8.0,510.9555692721674,93.02074284729702
3834,Suez OUT - Piraeus,SEA,PILOT_TO_PILOT,6,3834,948,7,8,Kriti E,Paximadi,36.537529350612054,24.311359930461244,304.8268158618691,8.0,511.0889557734759,92.88735634598851
3835,Suez OUT - Piraeus,SEA,PILOT_TO_PILOT,6,3835,949,7,8,Kriti E,Paximadi,36.5387575708585,24.309055868434477,304.8268158618691,8.0,511.2223422747844,92.75396984468
3836,Suez OUT - Piraeus,SEA,PILOT_TO_PILOT,6,3836,950,7,8,Kriti E,Paximadi,36.53998574678235,24.306751733209584,304.8268158618691,8.0,511.35572877609286,92.62058334337155
3837,Suez OUT - Piraeus,SEA,PILOT_TO_PILOT,6,3837,951,7,8,Kriti E,Paximadi,36.54121387838023,24.304447524783587,304.8268158618691,8.0,511.48911527740137,92.48719684206304
3838,Suez OUT - Piraeus,SEA,PILOT_TO_PILOT,6,3838,952,7,8,Kriti E,Paximadi,36.542441965648756,24.302143243153534,304.8268158618691,8.0,511.6225017787099,92.35381034075453
3839,Suez OUT - Piraeus,SEA,PILOT_TO_PILOT,6,3839,953,7,8,Kriti E,Paximadi,36.5436700085845,24.29983888831646,304.8268158618691,8.0,511.7558882800184,92.22042383944603
3840,Suez OUT - Piraeus,SEA,PILOT_TO_PILOT,6,3840,954,7,8,Kriti E,Paximadi,36.5448980071841,24.2975344602694,304.8268158618691,8.0,511.8892747813269,92.08703733813752
3841,Suez OUT - Piraeus,SEA,PILOT_TO_PILOT,6,3841,955,7,8,Kriti E,Paximadi,36.54612596144415,24.295229959009397,304.8268158618691,8.0,512.0226612826353,91.95365083682907
3842,Suez OUT - Piraeus,SEA,PILOT_TO_PILOT,6,3842,956,7,8,Kriti E,Paximadi,36.54735387136125,24.29292538453348,304.8268158618691,8.0,512.1560477839439,91.8202643355205
3843,Suez OUT - Piraeus,SEA,PILOT_TO_PILOT,6,3843,957,7,8,Kriti E,Paximadi,36.548581736932,24.29062073683869,304.8268158618691,8.0,512.2894342852524,91.68687783421205
3844,Suez OUT - Piraeus,SEA,PILOT_TO_PILOT,6,3844,958,7,8,Kriti E,Paximadi,36.54980955815302,24.288316015922074,304.8268158618691,8.0,512.4228207865608,91.5534913329036
3845,Suez OUT - Piraeus,SEA,PILOT_TO_PILOT,6,3845,959,7,8,Kriti E,Paximadi,36.55103733502091,24.286011221780658,304.8268158618691,8.0,512.5562072878694,91.42010483159504
3846,Suez OUT - Piraeus,SEA,PILOT_TO_PILOT,6,3846,960,7,8,Kriti E,Paximadi,36.55226506753226,24.283706354411486,304.8268158618691,8.0,512.6895937891778,91.28671833028659
3847,Suez OUT - Piraeus,SEA,PILOT_TO_PILOT,6,3847,961,7,8,Kriti E,Paximadi,36.553492755683685,24.2814014138116,304.8268158618691,8.0,512.8229802904864,91.15333182897803
3848,Suez OUT - Piraeus,SEA,PILOT_TO_PILOT,6,3848,962,7,8,Kriti E,Paximadi,36.55472039947179,24.279096399978034,304.8268158618691,8.0,512.9563667917948,91.01994532766957
3849,Suez OUT - Piraeus,SEA,PILOT_TO_PILOT,6,3849,963,7,8,Kriti E,Paximadi,36.55594799889318,24.276791312907832,304.8268158618691,8.0,513.0897532931033,90.88655882636112
3850,Suez OUT - Piraeus,SEA,PILOT_TO_PILOT,6,3850,964,7,8,Kriti E,Paximadi,36.557175553944454,24.274486152598033,304.8268158618691,8.0,513.2231397944118,90.75317232505256
3851,Suez OUT - Piraeus,SEA,PILOT_TO_PILOT,6,3851,965,7,8,Kriti E,Paximadi,36.55840306462221,24.272180919045677,304.8268158618691,8.0,513.3565262957203,90.61978582374411
3852,Suez OUT - Piraeus,SEA,PILOT_TO_PILOT,6,3852,966,7,8,Kriti E,Paximadi,36.559630530923066,24.269875612247805,304.8268158618691,8.0,513.4899127970289,90.48639932243555
3853,Suez OUT - Piraeus,SEA,PILOT_TO_PILOT,6,3853,967,7,8,Kriti E,Paximadi,36.5608579528436,24.26757023220146,304.8268158618691,8.0,513.6232992983373,90.3530128211271
3854,Suez OUT - Piraeus,SEA,PILOT_TO_PILOT,6,3854,968,7,8,Kriti E,Paximadi,36.56208533038044,24.26526477890368,304.8268158618691,8.0,513.7566857996458,90.21962631981864
3855,Suez OUT - Piraeus,SEA,PILOT_TO_PILOT,6,3855,969,7,8,Kriti E,Paximadi,36.56331266353018,24.262959252351514,304.8268158618691,8.0,513.8900723009543,90.08623981851008
3856,Suez OUT - Piraeus,SEA,PILOT_TO_PILOT,6,3856,970,7,8,Kriti E,Paximadi,36.56453995228942,24.260653652541993,304.8268158618691,8.0,514.0234588022629,89.95285331720152
3857,Suez OUT - Piraeus,SEA,PILOT_TO_PILOT,6,3857,971,7,8,Kriti E,Paximadi,36.56576719665476,24.258347979472173,304.8268158618691,8.0,514.1568453035713,89.81946681589307
3858,Suez OUT - Piraeus,SEA,PILOT_TO_PILOT,6,3858,972,7,8,Kriti E,Paximadi,36.56699439662282,24.256042233139087,304.8268158618691,8.0,514.2902318048798,89.68608031458461
3859,Suez OUT - Piraeus,SEA,PILOT_TO_PILOT,6,3859,973,7,8,Kriti E,Paximadi,36.56822155219017,24.253736413539777,304.8268158618691,8.0,514.4236183061884,89.55269381327605
3860,Suez OUT - Piraeus,SEA,PILOT_TO_PILOT,6,3860,974,7,8,Kriti E,Paximadi,36.569448663353434,24.251430520671295,304.8268158618691,8.0,514.5570048074968,89.4193073119676
3861,Suez OUT - Piraeus,SEA,PILOT_TO_PILOT,6,3861,975,7,8,Kriti E,Paximadi,36.57067573010921,24.249124554530677,304.8268158618691,8.0,514.6903913088054,89.28592081065904
3862,Suez OUT - Piraeus,SEA,PILOT_TO_PILOT,6,3862,976,7,8,Kriti E,Paximadi,36.57190275245409,24.24681851511497,304.8268158618691,8.0,514.8237778101138,89.15253430935059
3863,Suez OUT - Piraeus,SEA,PILOT_TO_PILOT,6,3863,977,7,8,Kriti E,Paximadi,36.57312973038469,24.244512402421226,304.8268158618691,8.0,514.9571643114223,89.01914780804213
3864,Suez OUT - Piraeus,SEA,PILOT_TO_PILOT,6,3864,978,7,8,Kriti E,Paximadi,36.5743566638976,24.24220621644647,304.8268158618691,8.0,515.0905508127308,88.88576130673357
3865,Suez OUT - Piraeus,SEA,PILOT_TO_PILOT,6,3865,979,7,8,Kriti E,Paximadi,36.575583552989436,24.239899957187767,304.8268158618691,8.0,515.2239373140393,88.75237480542512
3866,Suez OUT - Piraeus,SEA,PILOT_TO_PILOT,6,3866,980,7,8,Kriti E,Paximadi,36.576810397656764,24.237593624642148,304.8268158618691,8.0,515.3573238153479,88.61898830411656
3867,Suez OUT - Piraeus,SEA,PILOT_TO_PILOT,6,3867,981,7,8,Kriti E,Paximadi,36.57803719789622,24.23528721880667,304.8268158618691,8.0,515.4907103166563,88.4856018028081
3868,Suez OUT - Piraeus,SEA,PILOT_TO_PILOT,6,3868,982,7,8,Kriti E,Paximadi,36.5792639537044,24.23298073967837,304.8268158618691,8.0,515.6240968179648,88.35221530149965
3869,Suez OUT - Piraeus,SEA,PILOT_TO_PILOT,6,3869,983,7,8,Kriti E,Paximadi,36.58049066507789,24.230674187254312,304.8268158618691,8.0,515.7574833192733,88.21882880019109
3870,Suez OUT - Piraeus,SEA,PILOT_TO_PILOT,6,3870,984,7,8,Kriti E,Paximadi,36.581717332013284,24.228367561531513,304.8268158618691,8.0,515.8908698205818,88.08544229888264
3871,Suez OUT - Piraeus,SEA,PILOT_TO_PILOT,6,3871,985,7,8,Kriti E,Paximadi,36.58294395450721,24.226060862507044,304.8268158618691,8.0,516.0242563218903,87.95205579757408
3872,Suez OUT - Piraeus,SEA,PILOT_TO_PILOT,6,3872,986,7,8,Kriti E,Paximadi,36.58417053255623,24.223754090177945,304.8268158618691,8.0,516.1576428231988,87.81866929626563
3873,Suez OUT - Piraeus,SEA,PILOT_TO_PILOT,6,3873,987,7,8,Kriti E,Paximadi,36.58539706615697,24.22144724454126,304.8268158618691,8.0,516.2910293245072,87.68528279495717
3874,Suez OUT - Piraeus,SEA,PILOT_TO_PILOT,6,3874,988,7,8,Kriti E,Paximadi,36.58662355530604,24.21914032559404,304.8268158618691,8.0,516.4244158258158,87.55189629364861
3875,Suez OUT - Piraeus,SEA,PILOT_TO_PILOT,7,3875,0,8,9,Paximadi,PiraeusTssS,36.58785,24.216833333333337,341.44402689474754,8.0,516.5578023271243,87.41850979234016
3876,Suez OUT - Piraeus,SEA,PILOT_TO_PILOT,7,3876,1,8,9,Paximadi,PiraeusTssS,36.58995402707448,24.215953689963023,341.44402689474754,8.0,516.6910567357849,87.28525538367956
3877,Suez OUT - Piraeus,SEA,PILOT_TO_PILOT,7,3877,2,8,9,Paximadi,PiraeusTssS,36.59205804768505,24.21507399862923,341.44402689474754,8.0,516.8243111444455,87.15200097501895
3878,Suez OUT - Piraeus,SEA,PILOT_TO_PILOT,7,3878,3,8,9,Paximadi,PiraeusTssS,36.59416206183085,24.214194259325808,341.44402689474754,8.0,516.9575655531062,87.01874656635823
3879,Suez OUT - Piraeus,SEA,PILOT_TO_PILOT,7,3879,4,8,9,Paximadi,PiraeusTssS,36.596266069511046,24.213314472046616,341.44402689474754,8.0,517.0908199617668,86.88549215769763
3880,Suez OUT - Piraeus,SEA,PILOT_TO_PILOT,7,3880,5,8,9,Paximadi,PiraeusTssS,36.59837007072479,24.21243463678549,341.44402689474754,8.0,517.2240743704274,86.75223774903702
3881,Suez OUT - Piraeus,SEA,PILOT_TO_PILOT,7,3881,6,8,9,Paximadi,PiraeusTssS,36.600474065471246,24.211554753536287,341.44402689474754,8.0,517.357328779088,86.61898334037642
3882,Suez OUT - Piraeus,SEA,PILOT_TO_PILOT,7,3882,7,8,9,Paximadi,PiraeusTssS,36.60257805374953,24.210674822292862,341.44402689474754,8.0,517.4905831877486,86.48572893171581
3883,Suez OUT - Piraeus,SEA,PILOT_TO_PILOT,7,3883,8,8,9,Paximadi,PiraeusTssS,36.604682035558824,24.209794843049046,341.44402689474754,8.0,517.6238375964093,86.3524745230551
3884,Suez OUT - Piraeus,SEA,PILOT_TO_PILOT,7,3884,9,8,9,Paximadi,PiraeusTssS,36.60678601089826,24.208914815798703,341.44402689474754,8.0,517.7570920050699,86.21922011439449
3885,Suez OUT - Piraeus,SEA,PILOT_TO_PILOT,7,3885,10,8,9,Paximadi,PiraeusTssS,36.60888997976701,24.208034740535663,341.44402689474754,8.0,517.8903464137305,86.08596570573388
3886,Suez OUT - Piraeus,SEA,PILOT_TO_PILOT,7,3886,11,8,9,Paximadi,PiraeusTssS,36.61099394216419,24.207154617253785,341.44402689474754,8.0,518.0236008223911,85.95271129707328
3887,Suez OUT - Piraeus,SEA,PILOT_TO_PILOT,7,3887,12,8,9,Paximadi,PiraeusTssS,36.61309789808898,24.2062744459469,341.44402689474754,8.0,518.1568552310517,85.81945688841267
3888,Suez OUT - Piraeus,SEA,PILOT_TO_PILOT,7,3888,13,8,9,Paximadi,PiraeusTssS,36.61520184754052,24.205394226608856,341.44402689474754,8.0,518.2901096397125,85.68620247975196
3889,Suez OUT - Piraeus,SEA,PILOT_TO_PILOT,7,3889,14,8,9,Paximadi,PiraeusTssS,36.61730579051797,24.204513959233495,341.44402689474754,8.0,518.4233640483731,85.55294807109135
3890,Suez OUT - Piraeus,SEA,PILOT_TO_PILOT,7,3890,15,8,9,Paximadi,PiraeusTssS,36.61940972702046,24.20363364381466,341.44402689474754,8.0,518.5566184570337,85.41969366243075
3891,Suez OUT - Piraeus,SEA,PILOT_TO_PILOT,7,3891,16,8,9,Paximadi,PiraeusTssS,36.62151365704715,24.20275328034619,341.44402689474754,8.0,518.6898728656943,85.28643925377014
3892,Suez OUT - Piraeus,SEA,PILOT_TO_PILOT,7,3892,17,8,9,Paximadi,PiraeusTssS,36.6236175805972,24.20187286882193,341.44402689474754,8.0,518.8231272743549,85.15318484510954
3893,Suez OUT - Piraeus,SEA,PILOT_TO_PILOT,7,3893,18,8,9,Paximadi,PiraeusTssS,36.62572149766975,24.200992409235706,341.44402689474754,8.0,518.9563816830156,85.01993043644882
3894,Suez OUT - Piraeus,SEA,PILOT_TO_PILOT,7,3894,19,8,9,Paximadi,PiraeusTssS,36.62782540826395,24.200111901581366,341.44402689474754,8.0,519.0896360916762,84.88667602778821
3895,Suez OUT - Piraeus,SEA,PILOT_TO_PILOT,7,3895,20,8,9,Paximadi,PiraeusTssS,36.629929312378955,24.199231345852745,341.44402689474754,8.0,519.2228905003368,84.75342161912761
3896,Suez OUT - Piraeus,SEA,PILOT_TO_PILOT,7,3896,21,8,9,Paximadi,PiraeusTssS,36.63203321001391,24.198350742043676,341.44402689474754,8.0,519.3561449089974,84.620167210467
3897,Suez OUT - Piraeus,SEA,PILOT_TO_PILOT,7,3897,22,8,9,Paximadi,PiraeusTssS,36.634137101167944,24.197470090148,341.44402689474754,8.0,519.4893993176581,84.48691280180628
3898,Suez OUT - Piraeus,SEA,PILOT_TO_PILOT,7,3898,23,8,9,Paximadi,PiraeusTssS,36.63624098584024,24.196589390159545,341.44402689474754,8.0,519.6226537263187,84.35365839314568
3899,Suez OUT - Piraeus,SEA,PILOT_TO_PILOT,7,3899,24,8,9,Paximadi,PiraeusTssS,36.638344864029946,24.19570864207214,341.44402689474754,8.0,519.7559081349793,84.22040398448507
3900,Suez OUT - Piraeus,SEA,PILOT_TO_PILOT,7,3900,25,8,9,Paximadi,PiraeusTssS,36.64044873573617,24.19482784587963,341.44402689474754,8.0,519.8891625436399,84.08714957582447
3901,Suez OUT - Piraeus,SEA,PILOT_TO_PILOT,7,3901,26,8,9,Paximadi,PiraeusTssS,36.642552600958105,24.19394700157584,341.44402689474754,8.0,520.0224169523005,83.95389516716386
3902,Suez OUT - Piraeus,SEA,PILOT_TO_PILOT,7,3902,27,8,9,Paximadi,PiraeusTssS,36.64465645969488,24.1930661091546,341.44402689474754,8.0,520.1556713609613,83.82064075850315
3903,Suez OUT - Piraeus,SEA,PILOT_TO_PILOT,7,3903,28,8,9,Paximadi,PiraeusTssS,36.64676031194564,24.192185168609743,341.44402689474754,8.0,520.2889257696219,83.68738634984254
3904,Suez OUT - Piraeus,SEA,PILOT_TO_PILOT,7,3904,29,8,9,Paximadi,PiraeusTssS,36.648864157709546,24.191304179935102,341.44402689474754,8.0,520.4221801782825,83.55413194118194
3905,Suez OUT - Piraeus,SEA,PILOT_TO_PILOT,7,3905,30,8,9,Paximadi,PiraeusTssS,36.65096799698573,24.19042314312449,341.44402689474754,8.0,520.5554345869431,83.42087753252133
3906,Suez OUT - Piraeus,SEA,PILOT_TO_PILOT,7,3906,31,8,9,Paximadi,PiraeusTssS,36.65307182977335,24.189542058171753,341.44402689474754,8.0,520.6886889956037,83.28762312386073
3907,Suez OUT - Piraeus,SEA,PILOT_TO_PILOT,7,3907,32,8,9,Paximadi,PiraeusTssS,36.655175656071556,24.188660925070696,341.44402689474754,8.0,520.8219434042644,83.15436871520001
3908,Suez OUT - Piraeus,SEA,PILOT_TO_PILOT,7,3908,33,8,9,Paximadi,PiraeusTssS,36.657279475879506,24.18777974381517,341.44402689474754,8.0,520.955197812925,83.0211143065394
3909,Suez OUT - Piraeus,SEA,PILOT_TO_PILOT,7,3909,34,8,9,Paximadi,PiraeusTssS,36.65938328919632,24.186898514398973,341.44402689474754,8.0,521.0884522215856,82.8878598978788
3910,Suez OUT - Piraeus,SEA,PILOT_TO_PILOT,7,3910,35,8,9,Paximadi,PiraeusTssS,36.66148709602116,24.186017236815953,341.44402689474754,8.0,521.2217066302462,82.75460548921819
3911,Suez OUT - Piraeus,SEA,PILOT_TO_PILOT,7,3911,36,8,9,Paximadi,PiraeusTssS,36.663590896353185,24.18513591105992,341.44402689474754,8.0,521.3549610389068,82.62135108055759
3912,Suez OUT - Piraeus,SEA,PILOT_TO_PILOT,7,3912,37,8,9,Paximadi,PiraeusTssS,36.665694690191515,24.184254537124694,341.44402689474754,8.0,521.4882154475675,82.48809667189687
3913,Suez OUT - Piraeus,SEA,PILOT_TO_PILOT,7,3913,38,8,9,Paximadi,PiraeusTssS,36.66779847753532,24.183373115004102,341.44402689474754,8.0,521.6214698562281,82.35484226323626
3914,Suez OUT - Piraeus,SEA,PILOT_TO_PILOT,7,3914,39,8,9,Paximadi,PiraeusTssS,36.66990225838374,24.182491644691968,341.44402689474754,8.0,521.7547242648888,82.22158785457566
3915,Suez OUT - Piraeus,SEA,PILOT_TO_PILOT,7,3915,40,8,9,Paximadi,PiraeusTssS,36.672006032735915,24.181610126182104,341.44402689474754,8.0,521.8879786735494,82.08833344591505
3916,Suez OUT - Piraeus,SEA,PILOT_TO_PILOT,7,3916,41,8,9,Paximadi,PiraeusTssS,36.67410980059101,24.180728559468324,341.44402689474754,8.0,522.02123308221,81.95507903725445
3917,Suez OUT - Piraeus,SEA,PILOT_TO_PILOT,7,3917,42,8,9,Paximadi,PiraeusTssS,36.67621356194815,24.17984694454446,341.44402689474754,8.0,522.1544874908707,81.82182462859373
3918,Suez OUT - Piraeus,SEA,PILOT_TO_PILOT,7,3918,43,8,9,Paximadi,PiraeusTssS,36.678317316806506,24.17896528140432,341.44402689474754,8.0,522.2877418995313,81.68857021993313
3919,Suez OUT - Piraeus,SEA,PILOT_TO_PILOT,7,3919,44,8,9,Paximadi,PiraeusTssS,36.680421065165206,24.178083570041714,341.44402689474754,8.0,522.4209963081919,81.55531581127252
3920,Suez OUT - Piraeus,SEA,PILOT_TO_PILOT,7,3920,45,8,9,Paximadi,PiraeusTssS,36.68252480702339,24.177201810450473,341.44402689474754,8.0,522.5542507168525,81.42206140261192
3921,Suez OUT - Piraeus,SEA,PILOT_TO_PILOT,7,3921,46,8,9,Paximadi,PiraeusTssS,36.68462854238023,24.176320002624404,341.44402689474754,8.0,522.6875051255131,81.28880699395131
3922,Suez OUT - Piraeus,SEA,PILOT_TO_PILOT,7,3922,47,8,9,Paximadi,PiraeusTssS,36.68673227123484,24.17543814655731,341.44402689474754,8.0,522.8207595341738,81.1555525852906
3923,Suez OUT - Piraeus,SEA,PILOT_TO_PILOT,7,3923,48,8,9,Paximadi,PiraeusTssS,36.68883599358639,24.174556242243018,341.44402689474754,8.0,522.9540139428344,81.02229817662999
3924,Suez OUT - Piraeus,SEA,PILOT_TO_PILOT,7,3924,49,8,9,Paximadi,PiraeusTssS,36.690939709434026,24.173674289675333,341.44402689474754,8.0,523.087268351495,80.88904376796938
3925,Suez OUT - Piraeus,SEA,PILOT_TO_PILOT,7,3925,50,8,9,Paximadi,PiraeusTssS,36.69304341877688,24.172792288848065,341.44402689474754,8.0,523.2205227601556,80.75578935930878
3926,Suez OUT - Piraeus,SEA,PILOT_TO_PILOT,7,3926,51,8,9,Paximadi,PiraeusTssS,36.695147121614106,24.17191023975502,341.44402689474754,8.0,523.3537771688162,80.62253495064817
3927,Suez OUT - Piraeus,SEA,PILOT_TO_PILOT,7,3927,52,8,9,Paximadi,PiraeusTssS,36.69725081794483,24.171028142390014,341.44402689474754,8.0,523.487031577477,80.48928054198745
3928,Suez OUT - Piraeus,SEA,PILOT_TO_PILOT,7,3928,53,8,9,Paximadi,PiraeusTssS,36.699354507768234,24.17014599674686,341.44402689474754,8.0,523.6202859861376,80.35602613332685
3929,Suez OUT - Piraeus,SEA,PILOT_TO_PILOT,7,3929,54,8,9,Paximadi,PiraeusTssS,36.70145819108344,24.169263802819355,341.44402689474754,8.0,523.7535403947982,80.22277172466625
3930,Suez OUT - Piraeus,SEA,PILOT_TO_PILOT,7,3930,55,8,9,Paximadi,PiraeusTssS,36.7035618678896,24.1683815606013,341.44402689474754,8.0,523.8867948034588,80.08951731600564
3931,Suez OUT - Piraeus,SEA,PILOT_TO_PILOT,7,3931,56,8,9,Paximadi,PiraeusTssS,36.70566553818585,24.167499270086523,341.44402689474754,8.0,524.0200492121195,79.95626290734492
3932,Suez OUT - Piraeus,SEA,PILOT_TO_PILOT,7,3932,57,8,9,Paximadi,PiraeusTssS,36.70776920197133,24.166616931268806,341.44402689474754,8.0,524.1533036207801,79.82300849868432
3933,Suez OUT - Piraeus,SEA,PILOT_TO_PILOT,7,3933,58,8,9,Paximadi,PiraeusTssS,36.7098728592452,24.165734544141966,341.44402689474754,8.0,524.2865580294407,79.68975409002371
3934,Suez OUT - Piraeus,SEA,PILOT_TO_PILOT,7,3934,59,8,9,Paximadi,PiraeusTssS,36.711976510006615,24.164852108699797,341.44402689474754,8.0,524.4198124381013,79.5564996813631
3935,Suez OUT - Piraeus,SEA,PILOT_TO_PILOT,7,3935,60,8,9,Paximadi,PiraeusTssS,36.71408015425469,24.1639696249361,341.44402689474754,8.0,524.5530668467619,79.4232452727025
3936,Suez OUT - Piraeus,SEA,PILOT_TO_PILOT,7,3936,61,8,9,Paximadi,PiraeusTssS,36.71618379198858,24.163087092844687,341.44402689474754,8.0,524.6863212554226,79.28999086404178
3937,Suez OUT - Piraeus,SEA,PILOT_TO_PILOT,7,3937,62,8,9,Paximadi,PiraeusTssS,36.71828742320744,24.162204512419354,341.44402689474754,8.0,524.8195756640832,79.15673645538118
3938,Suez OUT - Piraeus,SEA,PILOT_TO_PILOT,7,3938,63,8,9,Paximadi,PiraeusTssS,36.7203910479104,24.161321883653894,341.44402689474754,8.0,524.9528300727438,79.02348204672057
3939,Suez OUT - Piraeus,SEA,PILOT_TO_PILOT,7,3939,64,8,9,Paximadi,PiraeusTssS,36.72249466609662,24.160439206542108,341.44402689474754,8.0,525.0860844814044,78.89022763805997
3940,Suez OUT - Piraeus,SEA,PILOT_TO_PILOT,7,3940,65,8,9,Paximadi,PiraeusTssS,36.724598277765224,24.159556481077804,341.44402689474754,8.0,525.219338890065,78.75697322939936
3941,Suez OUT - Piraeus,SEA,PILOT_TO_PILOT,7,3941,66,8,9,Paximadi,PiraeusTssS,36.726701882915364,24.15867370725476,341.44402689474754,8.0,525.3525932987258,78.62371882073865
3942,Suez OUT - Piraeus,SEA,PILOT_TO_PILOT,7,3942,67,8,9,Paximadi,PiraeusTssS,36.72880548154619,24.157790885066788,341.44402689474754,8.0,525.4858477073864,78.49046441207804
3943,Suez OUT - Piraeus,SEA,PILOT_TO_PILOT,7,3943,68,8,9,Paximadi,PiraeusTssS,36.730909073656846,24.156908014507675,341.44402689474754,8.0,525.619102116047,78.35721000341744
3944,Suez OUT - Piraeus,SEA,PILOT_TO_PILOT,7,3944,69,8,9,Paximadi,PiraeusTssS,36.73301265924645,24.156025095571213,341.44402689474754,8.0,525.7523565247076,78.22395559475683
3945,Suez OUT - Piraeus,SEA,PILOT_TO_PILOT,7,3945,70,8,9,Paximadi,PiraeusTssS,36.73511623831418,24.155142128251207,341.44402689474754,8.0,525.8856109333682,78.09070118609623
3946,Suez OUT - Piraeus,SEA,PILOT_TO_PILOT,7,3946,71,8,9,Paximadi,PiraeusTssS,36.73721981085916,24.15425911254143,341.44402689474754,8.0,526.0188653420289,77.9574467774355
3947,Suez OUT - Piraeus,SEA,PILOT_TO_PILOT,7,3947,72,8,9,Paximadi,PiraeusTssS,36.73932337688055,24.153376048435693,341.44402689474754,8.0,526.1521197506895,77.8241923687749
3948,Suez OUT - Piraeus,SEA,PILOT_TO_PILOT,7,3948,73,8,9,Paximadi,PiraeusTssS,36.74142693637746,24.152492935927775,341.44402689474754,8.0,526.2853741593501,77.6909379601143
3949,Suez OUT - Piraeus,SEA,PILOT_TO_PILOT,7,3949,74,8,9,Paximadi,PiraeusTssS,36.74353048934905,24.151609775011465,341.44402689474754,8.0,526.4186285680107,77.55768355145369
3950,Suez OUT - Piraeus,SEA,PILOT_TO_PILOT,7,3950,75,8,9,Paximadi,PiraeusTssS,36.745634035794474,24.15072656568056,341.44402689474754,8.0,526.5518829766713,77.42442914279309
3951,Suez OUT - Piraeus,SEA,PILOT_TO_PILOT,7,3951,76,8,9,Paximadi,PiraeusTssS,36.74773757571286,24.14984330792884,341.44402689474754,8.0,526.685137385332,77.29117473413237
3952,Suez OUT - Piraeus,SEA,PILOT_TO_PILOT,7,3952,77,8,9,Paximadi,PiraeusTssS,36.749841109103365,24.148960001750094,341.44402689474754,8.0,526.8183917939926,77.15792032547176
3953,Suez OUT - Piraeus,SEA,PILOT_TO_PILOT,7,3953,78,8,9,Paximadi,PiraeusTssS,36.75194463596511,24.14807664713811,341.44402689474754,8.0,526.9516462026533,77.02466591681116
3954,Suez OUT - Piraeus,SEA,PILOT_TO_PILOT,7,3954,79,8,9,Paximadi,PiraeusTssS,36.75404815629726,24.147193244086687,341.44402689474754,8.0,527.0849006113139,76.89141150815055
3955,Suez OUT - Piraeus,SEA,PILOT_TO_PILOT,7,3955,80,8,9,Paximadi,PiraeusTssS,36.75615167009892,24.146309792589573,341.44402689474754,8.0,527.2181550199745,76.75815709948995
3956,Suez OUT - Piraeus,SEA,PILOT_TO_PILOT,7,3956,81,8,9,Paximadi,PiraeusTssS,36.75825517736927,24.14542629264058,341.44402689474754,8.0,527.3514094286352,76.62490269082923
3957,Suez OUT - Piraeus,SEA,PILOT_TO_PILOT,7,3957,82,8,9,Paximadi,PiraeusTssS,36.76035867810745,24.14454274423349,341.44402689474754,8.0,527.4846638372958,76.49164828216863
3958,Suez OUT - Piraeus,SEA,PILOT_TO_PILOT,7,3958,83,8,9,Paximadi,PiraeusTssS,36.76246217231258,24.143659147362072,341.44402689474754,8.0,527.6179182459564,76.35839387350802
3959,Suez OUT - Piraeus,SEA,PILOT_TO_PILOT,7,3959,84,8,9,Paximadi,PiraeusTssS,36.764565659983816,24.14277550202011,341.44402689474754,8.0,527.751172654617,76.22513946484742
3960,Suez OUT - Piraeus,SEA,PILOT_TO_PILOT,7,3960,85,8,9,Paximadi,PiraeusTssS,36.766669141120296,24.1418918082014,341.44402689474754,8.0,527.8844270632776,76.09188505618681
3961,Suez OUT - Piraeus,SEA,PILOT_TO_PILOT,7,3961,86,8,9,Paximadi,PiraeusTssS,36.76877261572115,24.141008065899697,341.44402689474754,8.0,528.0176814719383,75.95863064752609
3962,Suez OUT - Piraeus,SEA,PILOT_TO_PILOT,7,3962,87,8,9,Paximadi,PiraeusTssS,36.77087608378553,24.140124275108796,341.44402689474754,8.0,528.1509358805989,75.82537623886549
3963,Suez OUT - Piraeus,SEA,PILOT_TO_PILOT,7,3963,88,8,9,Paximadi,PiraeusTssS,36.77297954531257,24.13924043582246,341.44402689474754,8.0,528.2841902892595,75.69212183020488
3964,Suez OUT - Piraeus,SEA,PILOT_TO_PILOT,7,3964,89,8,9,Paximadi,PiraeusTssS,36.77508300030143,24.138356548034487,341.44402689474754,8.0,528.4174446979201,75.55886742154428
3965,Suez OUT - Piraeus,SEA,PILOT_TO_PILOT,7,3965,90,8,9,Paximadi,PiraeusTssS,36.77718644875123,24.137472611738634,341.44402689474754,8.0,528.5506991065809,75.42561301288356
3966,Suez OUT - Piraeus,SEA,PILOT_TO_PILOT,7,3966,91,8,9,Paximadi,PiraeusTssS,36.77928989066111,24.13658862692868,341.44402689474754,8.0,528.6839535152415,75.29235860422295
3967,Suez OUT - Piraeus,SEA,PILOT_TO_PILOT,7,3967,92,8,9,Paximadi,PiraeusTssS,36.781393326030226,24.1357045935984,341.44402689474754,8.0,528.8172079239021,75.15910419556235
3968,Suez OUT - Piraeus,SEA,PILOT_TO_PILOT,7,3968,93,8,9,Paximadi,PiraeusTssS,36.78349675485771,24.13482051174157,341.44402689474754,8.0,528.9504623325627,75.02584978690174
3969,Suez OUT - Piraeus,SEA,PILOT_TO_PILOT,7,3969,94,8,9,Paximadi,PiraeusTssS,36.78560017714269,24.133936381351955,341.44402689474754,8.0,529.0837167412233,74.89259537824114
3970,Suez OUT - Piraeus,SEA,PILOT_TO_PILOT,7,3970,95,8,9,Paximadi,PiraeusTssS,36.78770359288433,24.13305220242333,341.44402689474754,8.0,529.216971149884,74.75934096958042
3971,Suez OUT - Piraeus,SEA,PILOT_TO_PILOT,7,3971,96,8,9,Paximadi,PiraeusTssS,36.78980700208176,24.132167974949464,341.44402689474754,8.0,529.3502255585446,74.62608656091982
3972,Suez OUT - Piraeus,SEA,PILOT_TO_PILOT,7,3972,97,8,9,Paximadi,PiraeusTssS,36.791910404734104,24.13128369892413,341.44402689474754,8.0,529.4834799672052,74.49283215225921
3973,Suez OUT - Piraeus,SEA,PILOT_TO_PILOT,7,3973,98,8,9,Paximadi,PiraeusTssS,36.79401380084052,24.130399374341096,341.44402689474754,8.0,529.6167343758658,74.3595777435986
3974,Suez OUT - Piraeus,SEA,PILOT_TO_PILOT,7,3974,99,8,9,Paximadi,PiraeusTssS,36.796117190400146,24.129515001194125,341.44402689474754,8.0,529.7499887845264,74.226323334938
3975,Suez OUT - Piraeus,SEA,PILOT_TO_PILOT,7,3975,100,8,9,Paximadi,PiraeusTssS,36.79822057341211,24.12863057947699,341.44402689474754,8.0,529.8832431931871,74.09306892627728
3976,Suez OUT - Piraeus,SEA,PILOT_TO_PILOT,7,3976,101,8,9,Paximadi,PiraeusTssS,36.80032394987557,24.127746109183448,341.44402689474754,8.0,530.0164976018477,73.95981451761668
3977,Suez OUT - Piraeus,SEA,PILOT_TO_PILOT,7,3977,102,8,9,Paximadi,PiraeusTssS,36.80242731978964,24.126861590307275,341.44402689474754,8.0,530.1497520105083,73.82656010895607
3978,Suez OUT - Piraeus,SEA,PILOT_TO_PILOT,7,3978,103,8,9,Paximadi,PiraeusTssS,36.80453068315348,24.12597702284223,341.44402689474754,8.0,530.2830064191689,73.69330570029547
3979,Suez OUT - Piraeus,SEA,PILOT_TO_PILOT,7,3979,104,8,9,Paximadi,PiraeusTssS,36.80663403996623,24.125092406782066,341.44402689474754,8.0,530.4162608278295,73.56005129163486
3980,Suez OUT - Piraeus,SEA,PILOT_TO_PILOT,7,3980,105,8,9,Paximadi,PiraeusTssS,36.80873739022701,24.124207742120554,341.44402689474754,8.0,530.5495152364903,73.42679688297414
3981,Suez OUT - Piraeus,SEA,PILOT_TO_PILOT,7,3981,106,8,9,Paximadi,PiraeusTssS,36.810840733934974,24.123323028851466,341.44402689474754,8.0,530.6827696451509,73.29354247431354
3982,Suez OUT - Piraeus,SEA,PILOT_TO_PILOT,7,3982,107,8,9,Paximadi,PiraeusTssS,36.81294407108924,24.12243826696855,341.44402689474754,8.0,530.8160240538115,73.16028806565294
3983,Suez OUT - Piraeus,SEA,PILOT_TO_PILOT,7,3983,108,8,9,Paximadi,PiraeusTssS,36.81504740168898,24.121553456465566,341.44402689474754,8.0,530.9492784624721,73.02703365699233
3984,Suez OUT - Piraeus,SEA,PILOT_TO_PILOT,7,3984,109,8,9,Paximadi,PiraeusTssS,36.8171507257333,24.120668597336277,341.44402689474754,8.0,531.0825328711327,72.89377924833173
3985,Suez OUT - Piraeus,SEA,PILOT_TO_PILOT,7,3985,110,8,9,Paximadi,PiraeusTssS,36.81925404322136,24.119783689574437,341.44402689474754,8.0,531.2157872797934,72.760524839671
3986,Suez OUT - Piraeus,SEA,PILOT_TO_PILOT,7,3986,111,8,9,Paximadi,PiraeusTssS,36.82135735415228,24.1188987331738,341.44402689474754,8.0,531.349041688454,72.6272704310104
3987,Suez OUT - Piraeus,SEA,PILOT_TO_PILOT,7,3987,112,8,9,Paximadi,PiraeusTssS,36.82346065852523,24.118013728128137,341.44402689474754,8.0,531.4822960971146,72.4940160223498
3988,Suez OUT - Piraeus,SEA,PILOT_TO_PILOT,7,3988,113,8,9,Paximadi,PiraeusTssS,36.82556395633931,24.117128674431186,341.44402689474754,8.0,531.6155505057752,72.36076161368919
3989,Suez OUT - Piraeus,SEA,PILOT_TO_PILOT,7,3989,114,8,9,Paximadi,PiraeusTssS,36.82766724759366,24.116243572076705,341.44402689474754,8.0,531.7488049144358,72.22750720502859
3990,Suez OUT - Piraeus,SEA,PILOT_TO_PILOT,7,3990,115,8,9,Paximadi,PiraeusTssS,36.82977053228745,24.11535842105846,341.44402689474754,8.0,531.8820593230965,72.09425279636787
3991,Suez OUT - Piraeus,SEA,PILOT_TO_PILOT,7,3991,116,8,9,Paximadi,PiraeusTssS,36.831873810419786,24.114473221370194,341.44402689474754,8.0,532.0153137317571,71.96099838770726
3992,Suez OUT - Piraeus,SEA,PILOT_TO_PILOT,7,3992,117,8,9,Paximadi,PiraeusTssS,36.833977081989815,24.11358797300565,341.44402689474754,8.0,532.1485681404178,71.82774397904666
3993,Suez OUT - Piraeus,SEA,PILOT_TO_PILOT,7,3993,118,8,9,Paximadi,PiraeusTssS,36.83608034699668,24.11270267595859,341.44402689474754,8.0,532.2818225490784,71.69448957038605
3994,Suez OUT - Piraeus,SEA,PILOT_TO_PILOT,7,3994,119,8,9,Paximadi,PiraeusTssS,36.83818360543952,24.11181733022277,341.44402689474754,8.0,532.415076957739,71.56123516172545
3995,Suez OUT - Piraeus,SEA,PILOT_TO_PILOT,7,3995,120,8,9,Paximadi,PiraeusTssS,36.84028685731746,24.110931935791925,341.44402689474754,8.0,532.5483313663997,71.42798075306473
3996,Suez OUT - Piraeus,SEA,PILOT_TO_PILOT,7,3996,121,8,9,Paximadi,PiraeusTssS,36.84239010262963,24.1100464926598,341.44402689474754,8.0,532.6815857750603,71.29472634440413
3997,Suez OUT - Piraeus,SEA,PILOT_TO_PILOT,7,3997,122,8,9,Paximadi,PiraeusTssS,36.8444933413752,24.10916100082017,341.44402689474754,8.0,532.8148401837209,71.16147193574352
3998,Suez OUT - Piraeus,SEA,PILOT_TO_PILOT,7,3998,123,8,9,Paximadi,PiraeusTssS,36.84659657355326,24.108275460266746,341.44402689474754,8.0,532.9480945923815,71.02821752708292
3999,Suez OUT - Piraeus,SEA,PILOT_TO_PILOT,7,3999,124,8,9,Paximadi,PiraeusTssS,36.84869979916299,24.1073898709933,341.44402689474754,8.0,533.0813490010421,70.89496311842231
4000,Suez OUT - Piraeus,SEA,PILOT_TO_PILOT,7,4000,125,8,9,Paximadi,PiraeusTssS,36.8508030182035,24.106504232993558,341.44402689474754,8.0,533.2146034097028,70.76170870976159
4001,Suez OUT - Piraeus,SEA,PILOT_TO_PILOT,7,4001,126,8,9,Paximadi,PiraeusTssS,36.852906230673945,24.10561854626128,341.44402689474754,8.0,533.3478578183634,70.62845430110099
4002,Suez OUT - Piraeus,SEA,PILOT_TO_PILOT,7,4002,127,8,9,Paximadi,PiraeusTssS,36.85500943657344,24.104732810790193,341.44402689474754,8.0,533.481112227024,70.49519989244038
4003,Suez OUT - Piraeus,SEA,PILOT_TO_PILOT,7,4003,128,8,9,Paximadi,PiraeusTssS,36.857112635901125,24.103847026574048,341.44402689474754,8.0,533.6143666356846,70.36194548377978
4004,Suez OUT - Piraeus,SEA,PILOT_TO_PILOT,7,4004,129,8,9,Paximadi,PiraeusTssS,36.85921582865615,24.10296119360659,341.44402689474754,8.0,533.7476210443454,70.22869107511906
4005,Suez OUT - Piraeus,SEA,PILOT_TO_PILOT,7,4005,130,8,9,Paximadi,PiraeusTssS,36.86131901483763,24.10207531188155,341.44402689474754,8.0,533.880875453006,70.09543666645845
4006,Suez OUT - Piraeus,SEA,PILOT_TO_PILOT,7,4006,131,8,9,Paximadi,PiraeusTssS,36.863422194444716,24.101189381392672,341.44402689474754,8.0,534.0141298616666,69.96218225779785
4007,Suez OUT - Piraeus,SEA,PILOT_TO_PILOT,7,4007,132,8,9,Paximadi,PiraeusTssS,36.865525367476536,24.10030340213369,341.44402689474754,8.0,534.1473842703272,69.82892784913724
4008,Suez OUT - Piraeus,SEA,PILOT_TO_PILOT,7,4008,133,8,9,Paximadi,PiraeusTssS,36.86762853393223,24.099417374098344,341.44402689474754,8.0,534.2806386789878,69.69567344047664
4009,Suez OUT - Piraeus,SEA,PILOT_TO_PILOT,7,4009,134,8,9,Paximadi,PiraeusTssS,36.869731693810934,24.098531297280378,341.44402689474754,8.0,534.4138930876485,69.56241903181592
4010,Suez OUT - Piraeus,SEA,PILOT_TO_PILOT,7,4010,135,8,9,Paximadi,PiraeusTssS,36.87183484711177,24.09764517167352,341.44402689474754,8.0,534.5471474963091,69.42916462315532
4011,Suez OUT - Piraeus,SEA,PILOT_TO_PILOT,7,4011,136,8,9,Paximadi,PiraeusTssS,36.87393799383389,24.096758997271504,341.44402689474754,8.0,534.6804019049697,69.29591021449471
4012,Suez OUT - Piraeus,SEA,PILOT_TO_PILOT,7,4012,137,8,9,Paximadi,PiraeusTssS,36.87604113397642,24.095872774068066,341.44402689474754,8.0,534.8136563136303,69.1626558058341
4013,Suez OUT - Piraeus,SEA,PILOT_TO_PILOT,7,4013,138,8,9,Paximadi,PiraeusTssS,36.878144267538495,24.094986502056937,341.44402689474754,8.0,534.9469107222909,69.0294013971735
4014,Suez OUT - Piraeus,SEA,PILOT_TO_PILOT,7,4014,139,8,9,Paximadi,PiraeusTssS,36.88024739451925,24.094100181231855,341.44402689474754,8.0,535.0801651309516,68.89614698851278
4015,Suez OUT - Piraeus,SEA,PILOT_TO_PILOT,7,4015,140,8,9,Paximadi,PiraeusTssS,36.88235051491782,24.09321381158654,341.44402689474754,8.0,535.2134195396122,68.76289257985218
4016,Suez OUT - Piraeus,SEA,PILOT_TO_PILOT,7,4016,141,8,9,Paximadi,PiraeusTssS,36.88445362873333,24.092327393114736,341.44402689474754,8.0,535.3466739482728,68.62963817119157
4017,Suez OUT - Piraeus,SEA,PILOT_TO_PILOT,7,4017,142,8,9,Paximadi,PiraeusTssS,36.88655673596493,24.09144092581016,341.44402689474754,8.0,535.4799283569334,68.49638376253097
4018,Suez OUT - Piraeus,SEA,PILOT_TO_PILOT,7,4018,143,8,9,Paximadi,PiraeusTssS,36.888659836611744,24.090554409666552,341.44402689474754,8.0,535.613182765594,68.36312935387036
4019,Suez OUT - Piraeus,SEA,PILOT_TO_PILOT,7,4019,144,8,9,Paximadi,PiraeusTssS,36.8907629306729,24.08966784467763,341.44402689474754,8.0,535.7464371742548,68.22987494520964
4020,Suez OUT - Piraeus,SEA,PILOT_TO_PILOT,7,4020,145,8,9,Paximadi,PiraeusTssS,36.892866018147544,24.088781230837125,341.44402689474754,8.0,535.8796915829154,68.09662053654904
4021,Suez OUT - Piraeus,SEA,PILOT_TO_PILOT,7,4021,146,8,9,Paximadi,PiraeusTssS,36.89496909903481,24.087894568138772,341.44402689474754,8.0,536.012945991576,67.96336612788843
4022,Suez OUT - Piraeus,SEA,PILOT_TO_PILOT,7,4022,147,8,9,Paximadi,PiraeusTssS,36.897072173333825,24.08700785657627,341.44402689474754,8.0,536.1462004002366,67.83011171922783
4023,Suez OUT - Piraeus,SEA,PILOT_TO_PILOT,7,4023,148,8,9,Paximadi,PiraeusTssS,36.899175241043714,24.086121096143373,341.44402689474754,8.0,536.2794548088972,67.69685731056722
4024,Suez OUT - Piraeus,SEA,PILOT_TO_PILOT,7,4024,149,8,9,Paximadi,PiraeusTssS,36.90127830216363,24.085234286833792,341.44402689474754,8.0,536.4127092175579,67.5636029019065
4025,Suez OUT - Piraeus,SEA,PILOT_TO_PILOT,7,4025,150,8,9,Paximadi,PiraeusTssS,36.903381356692684,24.084347428641244,341.44402689474754,8.0,536.5459636262185,67.4303484932459
4026,Suez OUT - Piraeus,SEA,PILOT_TO_PILOT,7,4026,151,8,9,Paximadi,PiraeusTssS,36.90548440463002,24.08346052155945,341.44402689474754,8.0,536.6792180348791,67.2970940845853
4027,Suez OUT - Piraeus,SEA,PILOT_TO_PILOT,7,4027,152,8,9,Paximadi,PiraeusTssS,36.907587445974784,24.082573565582138,341.44402689474754,8.0,536.8124724435397,67.16383967592469
4028,Suez OUT - Piraeus,SEA,PILOT_TO_PILOT,7,4028,153,8,9,Paximadi,PiraeusTssS,36.909690480726084,24.081686560703034,341.44402689474754,8.0,536.9457268522003,67.03058526726409
4029,Suez OUT - Piraeus,SEA,PILOT_TO_PILOT,7,4029,154,8,9,Paximadi,PiraeusTssS,36.911793508883065,24.080799506915834,341.44402689474754,8.0,537.078981260861,66.89733085860337
4030,Suez OUT - Piraeus,SEA,PILOT_TO_PILOT,7,4030,155,8,9,Paximadi,PiraeusTssS,36.91389653044486,24.07991240421428,341.44402689474754,8.0,537.2122356695216,66.76407644994276
4031,Suez OUT - Piraeus,SEA,PILOT_TO_PILOT,7,4031,156,8,9,Paximadi,PiraeusTssS,36.91599954541059,24.07902525259207,341.44402689474754,8.0,537.3454900781823,66.63082204128216
4032,Suez OUT - Piraeus,SEA,PILOT_TO_PILOT,7,4032,157,8,9,Paximadi,PiraeusTssS,36.91810255377941,24.078138052042934,341.44402689474754,8.0,537.4787444868429,66.49756763262155
4033,Suez OUT - Piraeus,SEA,PILOT_TO_PILOT,7,4033,158,8,9,Paximadi,PiraeusTssS,36.920205555550424,24.07725080256058,341.44402689474754,8.0,537.6119988955035,66.36431322396095
4034,Suez OUT - Piraeus,SEA,PILOT_TO_PILOT,7,4034,159,8,9,Paximadi,PiraeusTssS,36.92230855072279,24.07636350413873,341.44402689474754,8.0,537.7452533041642,66.23105881530023
4035,Suez OUT - Piraeus,SEA,PILOT_TO_PILOT,7,4035,160,8,9,Paximadi,PiraeusTssS,36.92441153929562,24.075476156771085,341.44402689474754,8.0,537.8785077128248,66.09780440663963
4036,Suez OUT - Piraeus,SEA,PILOT_TO_PILOT,7,4036,161,8,9,Paximadi,PiraeusTssS,36.926514521268054,24.074588760451366,341.44402689474754,8.0,538.0117621214854,65.96454999797902
4037,Suez OUT - Piraeus,SEA,PILOT_TO_PILOT,7,4037,162,8,9,Paximadi,PiraeusTssS,36.92861749663922,24.07370131517328,341.44402689474754,8.0,538.145016530146,65.83129558931842
4038,Suez OUT - Piraeus,SEA,PILOT_TO_PILOT,7,4038,163,8,9,Paximadi,PiraeusTssS,36.93072046540826,24.07281382093054,341.44402689474754,8.0,538.2782709388066,65.69804118065781
4039,Suez OUT - Piraeus,SEA,PILOT_TO_PILOT,7,4039,164,8,9,Paximadi,PiraeusTssS,36.932823427574284,24.071926277716866,341.44402689474754,8.0,538.4115253474673,65.56478677199709
4040,Suez OUT - Piraeus,SEA,PILOT_TO_PILOT,7,4040,165,8,9,Paximadi,PiraeusTssS,36.93492638313644,24.07103868552595,341.44402689474754,8.0,538.5447797561279,65.43153236333649
4041,Suez OUT - Piraeus,SEA,PILOT_TO_PILOT,7,4041,166,8,9,Paximadi,PiraeusTssS,36.93702933209385,24.070151044351498,341.44402689474754,8.0,538.6780341647885,65.29827795467588
4042,Suez OUT - Piraeus,SEA,PILOT_TO_PILOT,7,4042,167,8,9,Paximadi,PiraeusTssS,36.93913227444566,24.06926335418724,341.44402689474754,8.0,538.8112885734491,65.16502354601528
4043,Suez OUT - Piraeus,SEA,PILOT_TO_PILOT,7,4043,168,8,9,Paximadi,PiraeusTssS,36.94123521019099,24.068375615026866,341.44402689474754,8.0,538.9445429821099,65.03176913735456
4044,Suez OUT - Piraeus,SEA,PILOT_TO_PILOT,7,4044,169,8,9,Paximadi,PiraeusTssS,36.94333813932896,24.067487826864078,341.44402689474754,8.0,539.0777973907705,64.89851472869395
4045,Suez OUT - Piraeus,SEA,PILOT_TO_PILOT,7,4045,170,8,9,Paximadi,PiraeusTssS,36.94544106185871,24.06659998969259,341.44402689474754,8.0,539.2110517994311,64.76526032003335
4046,Suez OUT - Piraeus,SEA,PILOT_TO_PILOT,7,4046,171,8,9,Paximadi,PiraeusTssS,36.947543977779375,24.0657121035061,341.44402689474754,8.0,539.3443062080917,64.63200591137274
4047,Suez OUT - Piraeus,SEA,PILOT_TO_PILOT,7,4047,172,8,9,Paximadi,PiraeusTssS,36.94964688709009,24.064824168298315,341.44402689474754,8.0,539.4775606167523,64.49875150271214
4048,Suez OUT - Piraeus,SEA,PILOT_TO_PILOT,7,4048,173,8,9,Paximadi,PiraeusTssS,36.951749789789964,24.063936184062932,341.44402689474754,8.0,539.610815025413,64.36549709405142
4049,Suez OUT - Piraeus,SEA,PILOT_TO_PILOT,7,4049,174,8,9,Paximadi,PiraeusTssS,36.95385268587815,24.06304815079365,341.44402689474754,8.0,539.7440694340736,64.23224268539082
4050,Suez OUT - Piraeus,SEA,PILOT_TO_PILOT,7,4050,175,8,9,Paximadi,PiraeusTssS,36.955955575353755,24.062160068484182,341.44402689474754,8.0,539.8773238427342,64.09898827673021
4051,Suez OUT - Piraeus,SEA,PILOT_TO_PILOT,7,4051,176,8,9,Paximadi,PiraeusTssS,36.958058458215916,24.061271937128215,341.44402689474754,8.0,540.0105782513948,63.965733868069606
4052,Suez OUT - Piraeus,SEA,PILOT_TO_PILOT,7,4052,177,8,9,Paximadi,PiraeusTssS,36.960161334463784,24.06038375671945,341.44402689474754,8.0,540.1438326600554,63.832479459409
4053,Suez OUT - Piraeus,SEA,PILOT_TO_PILOT,7,4053,178,8,9,Paximadi,PiraeusTssS,36.96226420409646,24.05949552725158,341.44402689474754,8.0,540.2770870687161,63.69922505074828
4054,Suez OUT - Piraeus,SEA,PILOT_TO_PILOT,7,4054,179,8,9,Paximadi,PiraeusTssS,36.96436706711308,24.058607248718314,341.44402689474754,8.0,540.4103414773767,63.56597064208768
4055,Suez OUT - Piraeus,SEA,PILOT_TO_PILOT,7,4055,180,8,9,Paximadi,PiraeusTssS,36.96646992351278,24.057718921113334,341.44402689474754,8.0,540.5435958860373,63.43271623342707
4056,Suez OUT - Piraeus,SEA,PILOT_TO_PILOT,7,4056,181,8,9,Paximadi,PiraeusTssS,36.968572773294696,24.056830544430344,341.44402689474754,8.0,540.6768502946979,63.29946182476647
4057,Suez OUT - Piraeus,SEA,PILOT_TO_PILOT,7,4057,182,8,9,Paximadi,PiraeusTssS,36.97067561645793,24.05594211866303,341.44402689474754,8.0,540.8101047033585,63.16620741610586
4058,Suez OUT - Piraeus,SEA,PILOT_TO_PILOT,7,4058,183,8,9,Paximadi,PiraeusTssS,36.97277845300164,24.055053643805092,341.44402689474754,8.0,540.9433591120193,63.032953007445144
4059,Suez OUT - Piraeus,SEA,PILOT_TO_PILOT,7,4059,184,8,9,Paximadi,PiraeusTssS,36.97488128292494,24.054165119850218,341.44402689474754,8.0,541.0766135206799,62.89969859878454
4060,Suez OUT - Piraeus,SEA,PILOT_TO_PILOT,7,4060,185,8,9,Paximadi,PiraeusTssS,36.97698410622697,24.0532765467921,341.44402689474754,8.0,541.2098679293405,62.766444190123934
4061,Suez OUT - Piraeus,SEA,PILOT_TO_PILOT,7,4061,186,8,9,Paximadi,PiraeusTssS,36.97908692290683,24.052387924624423,341.44402689474754,8.0,541.3431223380011,62.63318978146333
4062,Suez OUT - Piraeus,SEA,PILOT_TO_PILOT,7,4062,187,8,9,Paximadi,PiraeusTssS,36.98118973296368,24.051499253340886,341.44402689474754,8.0,541.4763767466617,62.499935372802724
4063,Suez OUT - Piraeus,SEA,PILOT_TO_PILOT,7,4063,188,8,9,Paximadi,PiraeusTssS,36.98329253639663,24.050610532935167,341.44402689474754,8.0,541.6096311553224,62.366680964142006
4064,Suez OUT - Piraeus,SEA,PILOT_TO_PILOT,7,4064,189,8,9,Paximadi,PiraeusTssS,36.985395333204806,24.049721763400964,341.44402689474754,8.0,541.742885563983,62.2334265554814
4065,Suez OUT - Piraeus,SEA,PILOT_TO_PILOT,7,4065,190,8,9,Paximadi,PiraeusTssS,36.987498123387354,24.048832944731952,341.44402689474754,8.0,541.8761399726436,62.100172146820796
4066,Suez OUT - Piraeus,SEA,PILOT_TO_PILOT,7,4066,191,8,9,Paximadi,PiraeusTssS,36.98960090694339,24.04794407692183,341.44402689474754,8.0,542.0093943813042,61.96691773816019
4067,Suez OUT - Piraeus,SEA,PILOT_TO_PILOT,7,4067,192,8,9,Paximadi,PiraeusTssS,36.99170368387203,24.047055159964273,341.44402689474754,8.0,542.1426487899648,61.833663329499586
4068,Suez OUT - Piraeus,SEA,PILOT_TO_PILOT,7,4068,193,8,9,Paximadi,PiraeusTssS,36.99380645417242,24.04616619385296,341.44402689474754,8.0,542.2759031986255,61.70040892083887
4069,Suez OUT - Piraeus,SEA,PILOT_TO_PILOT,7,4069,194,8,9,Paximadi,PiraeusTssS,36.99590921784369,24.04527717858159,341.44402689474754,8.0,542.4091576072861,61.56715451217826
4070,Suez OUT - Piraeus,SEA,PILOT_TO_PILOT,7,4070,195,8,9,Paximadi,PiraeusTssS,36.998011974884946,24.044388114143832,341.44402689474754,8.0,542.5424120159468,61.43390010351766
4071,Suez OUT - Piraeus,SEA,PILOT_TO_PILOT,7,4071,196,8,9,Paximadi,PiraeusTssS,37.00011472529533,24.043499000533377,341.44402689474754,8.0,542.6756664246074,61.30064569485705
4072,Suez OUT - Piraeus,SEA,PILOT_TO_PILOT,7,4072,197,8,9,Paximadi,PiraeusTssS,37.00221746907396,24.04260983774389,341.44402689474754,8.0,542.8089208332681,61.167391286196334
4073,Suez OUT - Piraeus,SEA,PILOT_TO_PILOT,7,4073,198,8,9,Paximadi,PiraeusTssS,37.00432020621998,24.041720625769063,341.44402689474754,8.0,542.9421752419287,61.03413687753573
4074,Suez OUT - Piraeus,SEA,PILOT_TO_PILOT,7,4074,199,8,9,Paximadi,PiraeusTssS,37.0064229367325,24.040831364602575,341.44402689474754,8.0,543.0754296505893,60.900882468875125
4075,Suez OUT - Piraeus,SEA,PILOT_TO_PILOT,7,4075,200,8,9,Paximadi,PiraeusTssS,37.00852566061065,24.039942054238104,341.44402689474754,8.0,543.2086840592499,60.76762806021452
4076,Suez OUT - Piraeus,SEA,PILOT_TO_PILOT,7,4076,201,8,9,Paximadi,PiraeusTssS,37.01062837785355,24.03905269466931,341.44402689474754,8.0,543.3419384679105,60.634373651553915
4077,Suez OUT - Piraeus,SEA,PILOT_TO_PILOT,7,4077,202,8,9,Paximadi,PiraeusTssS,37.01273108846035,24.038163285889894,341.44402689474754,8.0,543.4751928765712,60.501119242893196
4078,Suez OUT - Piraeus,SEA,PILOT_TO_PILOT,7,4078,203,8,9,Paximadi,PiraeusTssS,37.014833792430146,24.037273827893507,341.44402689474754,8.0,543.6084472852318,60.36786483423259
4079,Suez OUT - Piraeus,SEA,PILOT_TO_PILOT,7,4079,204,8,9,Paximadi,PiraeusTssS,37.01693648976209,24.03638432067384,341.44402689474754,8.0,543.7417016938924,60.23461042557199
4080,Suez OUT - Piraeus,SEA,PILOT_TO_PILOT,7,4080,205,8,9,Paximadi,PiraeusTssS,37.01903918045529,24.035494764224556,341.44402689474754,8.0,543.874956102553,60.10135601691138
4081,Suez OUT - Piraeus,SEA,PILOT_TO_PILOT,7,4081,206,8,9,Paximadi,PiraeusTssS,37.02114186450888,24.03460515853934,341.44402689474754,8.0,544.0082105112136,59.96810160825078
4082,Suez OUT - Piraeus,SEA,PILOT_TO_PILOT,7,4082,207,8,9,Paximadi,PiraeusTssS,37.023244541921976,24.033715503611845,341.44402689474754,8.0,544.1414649198744,59.83484719959006
4083,Suez OUT - Piraeus,SEA,PILOT_TO_PILOT,7,4083,208,8,9,Paximadi,PiraeusTssS,37.025347212693724,24.032825799435752,341.44402689474754,8.0,544.274719328535,59.70159279092945
4084,Suez OUT - Piraeus,SEA,PILOT_TO_PILOT,7,4084,209,8,9,Paximadi,PiraeusTssS,37.02744987682322,24.03193604600473,341.44402689474754,8.0,544.4079737371956,59.56833838226885
4085,Suez OUT - Piraeus,SEA,PILOT_TO_PILOT,7,4085,210,8,9,Paximadi,PiraeusTssS,37.029552534309616,24.031046243312453,341.44402689474754,8.0,544.5412281458562,59.43508397360824
4086,Suez OUT - Piraeus,SEA,PILOT_TO_PILOT,7,4086,211,8,9,Paximadi,PiraeusTssS,37.03165518515201,24.030156391352577,341.44402689474754,8.0,544.6744825545168,59.30182956494764
4087,Suez OUT - Piraeus,SEA,PILOT_TO_PILOT,7,4087,212,8,9,Paximadi,PiraeusTssS,37.03375782934956,24.029266490118776,341.44402689474754,8.0,544.8077369631775,59.16857515628692
4088,Suez OUT - Piraeus,SEA,PILOT_TO_PILOT,7,4088,213,8,9,Paximadi,PiraeusTssS,37.035860466901376,24.028376539604704,341.44402689474754,8.0,544.9409913718381,59.035320747626315
4089,Suez OUT - Piraeus,SEA,PILOT_TO_PILOT,7,4089,214,8,9,Paximadi,PiraeusTssS,37.03796309780656,24.02748653980404,341.44402689474754,8.0,545.0742457804987,58.90206633896571
4090,Suez OUT - Piraeus,SEA,PILOT_TO_PILOT,7,4090,215,8,9,Paximadi,PiraeusTssS,37.04006572206428,24.026596490710453,341.44402689474754,8.0,545.2075001891593,58.768811930305105
4091,Suez OUT - Piraeus,SEA,PILOT_TO_PILOT,7,4091,216,8,9,Paximadi,PiraeusTssS,37.04216833967362,24.025706392317588,341.44402689474754,8.0,545.3407545978199,58.6355575216445
4092,Suez OUT - Piraeus,SEA,PILOT_TO_PILOT,7,4092,217,8,9,Paximadi,PiraeusTssS,37.04427095063373,24.024816244619114,341.44402689474754,8.0,545.4740090064806,58.50230311298378
4093,Suez OUT - Piraeus,SEA,PILOT_TO_PILOT,7,4093,218,8,9,Paximadi,PiraeusTssS,37.046373554943735,24.023926047608704,341.44402689474754,8.0,545.6072634151412,58.36904870432318
4094,Suez OUT - Piraeus,SEA,PILOT_TO_PILOT,7,4094,219,8,9,Paximadi,PiraeusTssS,37.048476152602746,24.02303580128,341.44402689474754,8.0,545.7405178238018,58.23579429566257
4095,Suez OUT - Piraeus,SEA,PILOT_TO_PILOT,7,4095,220,8,9,Paximadi,PiraeusTssS,37.05057874360988,24.02214550562667,341.44402689474754,8.0,545.8737722324624,58.10253988700197
4096,Suez OUT - Piraeus,SEA,PILOT_TO_PILOT,7,4096,221,8,9,Paximadi,PiraeusTssS,37.05268132796428,24.021255160642376,341.44402689474754,8.0,546.007026641123,57.96928547834136
4097,Suez OUT - Piraeus,SEA,PILOT_TO_PILOT,7,4097,222,8,9,Paximadi,PiraeusTssS,37.054783905665055,24.02036476632078,341.44402689474754,8.0,546.1402810497838,57.836031069680644
4098,Suez OUT - Piraeus,SEA,PILOT_TO_PILOT,7,4098,223,8,9,Paximadi,PiraeusTssS,37.05688647671134,24.019474322655515,341.44402689474754,8.0,546.2735354584444,57.70277666102004
4099,Suez OUT - Piraeus,SEA,PILOT_TO_PILOT,7,4099,224,8,9,Paximadi,PiraeusTssS,37.058989041102244,24.018583829640264,341.44402689474754,8.0,546.406789867105,57.569522252359434
4100,Suez OUT - Piraeus,SEA,PILOT_TO_PILOT,7,4100,225,8,9,Paximadi,PiraeusTssS,37.06109159883691,24.01769328726867,341.44402689474754,8.0,546.5400442757656,57.43626784369883
4101,Suez OUT - Piraeus,SEA,PILOT_TO_PILOT,7,4101,226,8,9,Paximadi,PiraeusTssS,37.063194149914445,24.016802695534388,341.44402689474754,8.0,546.6732986844262,57.303013435038224
4102,Suez OUT - Piraeus,SEA,PILOT_TO_PILOT,7,4102,227,8,9,Paximadi,PiraeusTssS,37.06529669433398,24.015912054431073,341.44402689474754,8.0,546.8065530930869,57.169759026377506
4103,Suez OUT - Piraeus,SEA,PILOT_TO_PILOT,7,4103,228,8,9,Paximadi,PiraeusTssS,37.06739923209463,24.01502136395236,341.44402689474754,8.0,546.9398075017475,57.0365046177169
4104,Suez OUT - Piraeus,SEA,PILOT_TO_PILOT,7,4104,229,8,9,Paximadi,PiraeusTssS,37.06950176319553,24.014130624091937,341.44402689474754,8.0,547.0730619104081,56.903250209056296
4105,Suez OUT - Piraeus,SEA,PILOT_TO_PILOT,7,4105,230,8,9,Paximadi,PiraeusTssS,37.071604287635786,24.01323983484342,341.44402689474754,8.0,547.2063163190687,56.76999580039569
4106,Suez OUT - Piraeus,SEA,PILOT_TO_PILOT,7,4106,231,8,9,Paximadi,PiraeusTssS,37.07370680541454,24.01234899620048,341.44402689474754,8.0,547.3395707277293,56.636741391735086
4107,Suez OUT - Piraeus,SEA,PILOT_TO_PILOT,7,4107,232,8,9,Paximadi,PiraeusTssS,37.0758093165309,24.011458108156756,341.44402689474754,8.0,547.47282513639,56.50348698307437
4108,Suez OUT - Piraeus,SEA,PILOT_TO_PILOT,7,4108,233,8,9,Paximadi,PiraeusTssS,37.077911820984,24.01056717070589,341.44402689474754,8.0,547.6060795450506,56.37023257441376
4109,Suez OUT - Piraeus,SEA,PILOT_TO_PILOT,7,4109,234,8,9,Paximadi,PiraeusTssS,37.080014318772946,24.009676183841545,341.44402689474754,8.0,547.7393339537113,56.23697816575316
4110,Suez OUT - Piraeus,SEA,PILOT_TO_PILOT,7,4110,235,8,9,Paximadi,PiraeusTssS,37.08211680989687,24.008785147557347,341.44402689474754,8.0,547.8725883623719,56.10372375709255
4111,Suez OUT - Piraeus,SEA,PILOT_TO_PILOT,7,4111,236,8,9,Paximadi,PiraeusTssS,37.08421929435488,24.007894061846965,341.44402689474754,8.0,548.0058427710326,55.970469348431834
4112,Suez OUT - Piraeus,SEA,PILOT_TO_PILOT,7,4112,237,8,9,Paximadi,PiraeusTssS,37.086321772146135,24.007002926704022,341.44402689474754,8.0,548.1390971796932,55.83721493977123
4113,Suez OUT - Piraeus,SEA,PILOT_TO_PILOT,7,4113,238,8,9,Paximadi,PiraeusTssS,37.08842424326971,24.006111742122172,341.44402689474754,8.0,548.2723515883538,55.703960531110624
4114,Suez OUT - Piraeus,SEA,PILOT_TO_PILOT,7,4114,239,8,9,Paximadi,PiraeusTssS,37.090526707724756,24.005220508095054,341.44402689474754,8.0,548.4056059970144,55.57070612245002
4115,Suez OUT - Piraeus,SEA,PILOT_TO_PILOT,7,4115,240,8,9,Paximadi,PiraeusTssS,37.092629165510395,24.004329224616313,341.44402689474754,8.0,548.538860405675,55.437451713789414
4116,Suez OUT - Piraeus,SEA,PILOT_TO_PILOT,7,4116,241,8,9,Paximadi,PiraeusTssS,37.09473161662573,24.003437891679585,341.44402689474754,8.0,548.6721148143357,55.304197305128696
4117,Suez OUT - Piraeus,SEA,PILOT_TO_PILOT,7,4117,242,8,9,Paximadi,PiraeusTssS,37.0968340610699,24.00254650927851,341.44402689474754,8.0,548.8053692229963,55.17094289646809
4118,Suez OUT - Piraeus,SEA,PILOT_TO_PILOT,7,4118,243,8,9,Paximadi,PiraeusTssS,37.098936498842,24.001655077406724,341.44402689474754,8.0,548.9386236316569,55.037688487807486
4119,Suez OUT - Piraeus,SEA,PILOT_TO_PILOT,7,4119,244,8,9,Paximadi,PiraeusTssS,37.101038929941176,24.000763596057876,341.44402689474754,8.0,549.0718780403175,54.90443407914688
4120,Suez OUT - Piraeus,SEA,PILOT_TO_PILOT,7,4120,245,8,9,Paximadi,PiraeusTssS,37.10314135436654,23.99987206522559,341.44402689474754,8.0,549.2051324489781,54.771179670486276
4121,Suez OUT - Piraeus,SEA,PILOT_TO_PILOT,7,4121,246,8,9,Paximadi,PiraeusTssS,37.10524377211723,23.99898048490351,341.44402689474754,8.0,549.3383868576389,54.63792526182556
4122,Suez OUT - Piraeus,SEA,PILOT_TO_PILOT,7,4122,247,8,9,Paximadi,PiraeusTssS,37.10734618319233,23.998088855085264,341.44402689474754,8.0,549.4716412662995,54.50467085316495
4123,Suez OUT - Piraeus,SEA,PILOT_TO_PILOT,7,4123,248,8,9,Paximadi,PiraeusTssS,37.109448587590975,23.9971971757645,341.44402689474754,8.0,549.6048956749601,54.37141644450435
4124,Suez OUT - Piraeus,SEA,PILOT_TO_PILOT,7,4124,249,8,9,Paximadi,PiraeusTssS,37.1115509853123,23.99630544693483,341.44402689474754,8.0,549.7381500836207,54.23816203584374
4125,Suez OUT - Piraeus,SEA,PILOT_TO_PILOT,7,4125,250,8,9,Paximadi,PiraeusTssS,37.113653376355416,23.995413668589904,341.44402689474754,8.0,549.8714044922813,54.10490762718314
4126,Suez OUT - Piraeus,SEA,PILOT_TO_PILOT,7,4126,251,8,9,Paximadi,PiraeusTssS,37.115755760719445,23.99452184072335,341.44402689474754,8.0,550.004658900942,53.97165321852242
4127,Suez OUT - Piraeus,SEA,PILOT_TO_PILOT,7,4127,252,8,9,Paximadi,PiraeusTssS,37.11785813840349,23.993629963328793,341.44402689474754,8.0,550.1379133096026,53.838398809861815
4128,Suez OUT - Piraeus,SEA,PILOT_TO_PILOT,7,4128,253,8,9,Paximadi,PiraeusTssS,37.11996050940669,23.992738036399864,341.44402689474754,8.0,550.2711677182632,53.70514440120121
4129,Suez OUT - Piraeus,SEA,PILOT_TO_PILOT,7,4129,254,8,9,Paximadi,PiraeusTssS,37.12206287372816,23.991846059930197,341.44402689474754,8.0,550.4044221269238,53.571889992540605
4130,Suez OUT - Piraeus,SEA,PILOT_TO_PILOT,7,4130,255,8,9,Paximadi,PiraeusTssS,37.12416523136702,23.990954033913415,341.44402689474754,8.0,550.5376765355844,53.43863558388
4131,Suez OUT - Piraeus,SEA,PILOT_TO_PILOT,7,4131,256,8,9,Paximadi,PiraeusTssS,37.126267582322384,23.990061958343144,341.44402689474754,8.0,550.6709309442451,53.30538117521928
4132,Suez OUT - Piraeus,SEA,PILOT_TO_PILOT,7,4132,257,8,9,Paximadi,PiraeusTssS,37.12836992659338,23.989169833213015,341.44402689474754,8.0,550.8041853529057,53.17212676655868
4133,Suez OUT - Piraeus,SEA,PILOT_TO_PILOT,7,4133,258,8,9,Paximadi,PiraeusTssS,37.13047226417911,23.98827765851665,341.44402689474754,8.0,550.9374397615663,53.03887235789807
4134,Suez OUT - Piraeus,SEA,PILOT_TO_PILOT,7,4134,259,8,9,Paximadi,PiraeusTssS,37.1325745950787,23.98738543424767,341.44402689474754,8.0,551.070694170227,52.90561794923747
4135,Suez OUT - Piraeus,SEA,PILOT_TO_PILOT,7,4135,260,8,9,Paximadi,PiraeusTssS,37.13467691929129,23.9864931603997,341.44402689474754,8.0,551.2039485788875,52.77236354057686
4136,Suez OUT - Piraeus,SEA,PILOT_TO_PILOT,7,4136,261,8,9,Paximadi,PiraeusTssS,37.13677923681597,23.98560083696637,341.44402689474754,8.0,551.3372029875483,52.63910913191614
4137,Suez OUT - Piraeus,SEA,PILOT_TO_PILOT,7,4137,262,8,9,Paximadi,PiraeusTssS,37.13888154765188,23.98470846394129,341.44402689474754,8.0,551.4704573962089,52.50585472325554
4138,Suez OUT - Piraeus,SEA,PILOT_TO_PILOT,7,4138,263,8,9,Paximadi,PiraeusTssS,37.140983851798104,23.983816041318082,341.44402689474754,8.0,551.6037118048695,52.37260031459493
4139,Suez OUT - Piraeus,SEA,PILOT_TO_PILOT,7,4139,264,8,9,Paximadi,PiraeusTssS,37.143086149253804,23.982923569090378,341.44402689474754,8.0,551.7369662135301,52.23934590593433
4140,Suez OUT - Piraeus,SEA,PILOT_TO_PILOT,7,4140,265,8,9,Paximadi,PiraeusTssS,37.14518844001807,23.98203104725178,341.44402689474754,8.0,551.8702206221908,52.10609149727361
4141,Suez OUT - Piraeus,SEA,PILOT_TO_PILOT,7,4141,266,8,9,Paximadi,PiraeusTssS,37.14729072409003,23.98113847579592,341.44402689474754,8.0,552.0034750308514,51.972837088613005
4142,Suez OUT - Piraeus,SEA,PILOT_TO_PILOT,7,4142,267,8,9,Paximadi,PiraeusTssS,37.14939300146879,23.980245854716404,341.44402689474754,8.0,552.136729439512,51.8395826799524
4143,Suez OUT - Piraeus,SEA,PILOT_TO_PILOT,7,4143,268,8,9,Paximadi,PiraeusTssS,37.15149527215349,23.979353184006854,341.44402689474754,8.0,552.2699838481726,51.706328271291795
4144,Suez OUT - Piraeus,SEA,PILOT_TO_PILOT,7,4144,269,8,9,Paximadi,PiraeusTssS,37.15359753614323,23.978460463660884,341.44402689474754,8.0,552.4032382568332,51.57307386263119
4145,Suez OUT - Piraeus,SEA,PILOT_TO_PILOT,7,4145,270,8,9,Paximadi,PiraeusTssS,37.15569979343714,23.977567693672103,341.44402689474754,8.0,552.5364926654938,51.439819453970586
4146,Suez OUT - Piraeus,SEA,PILOT_TO_PILOT,7,4146,271,8,9,Paximadi,PiraeusTssS,37.157802044034305,23.976674874034135,341.44402689474754,8.0,552.6697470741545,51.30656504530987
4147,Suez OUT - Piraeus,SEA,PILOT_TO_PILOT,7,4147,272,8,9,Paximadi,PiraeusTssS,37.15990428793388,23.97578200474058,341.44402689474754,8.0,552.8030014828151,51.17331063664926
4148,Suez OUT - Piraeus,SEA,PILOT_TO_PILOT,7,4148,273,8,9,Paximadi,PiraeusTssS,37.16200652513497,23.97488908578506,341.44402689474754,8.0,552.9362558914758,51.04005622798866
4149,Suez OUT - Piraeus,SEA,PILOT_TO_PILOT,7,4149,274,8,9,Paximadi,PiraeusTssS,37.16410875563668,23.97399611716118,341.44402689474754,8.0,553.0695103001364,50.90680181932805
4150,Suez OUT - Piraeus,SEA,PILOT_TO_PILOT,7,4150,275,8,9,Paximadi,PiraeusTssS,37.166210979438155,23.97310309886255,341.44402689474754,8.0,553.2027647087971,50.773547410667334
4151,Suez OUT - Piraeus,SEA,PILOT_TO_PILOT,7,4151,276,8,9,Paximadi,PiraeusTssS,37.168313196538485,23.972210030882774,341.44402689474754,8.0,553.3360191174577,50.64029300200673
4152,Suez OUT - Piraeus,SEA,PILOT_TO_PILOT,7,4152,277,8,9,Paximadi,PiraeusTssS,37.170415406936776,23.971316913215468,341.44402689474754,8.0,553.4692735261183,50.507038593346124
4153,Suez OUT - Piraeus,SEA,PILOT_TO_PILOT,7,4153,278,8,9,Paximadi,PiraeusTssS,37.172517610632184,23.97042374585424,341.44402689474754,8.0,553.6025279347789,50.37378418468552
4154,Suez OUT - Piraeus,SEA,PILOT_TO_PILOT,7,4154,279,8,9,Paximadi,PiraeusTssS,37.1746198076238,23.96953052879269,341.44402689474754,8.0,553.7357823434395,50.240529776024914
4155,Suez OUT - Piraeus,SEA,PILOT_TO_PILOT,7,4155,280,8,9,Paximadi,PiraeusTssS,37.17672199791075,23.968637262024423,341.44402689474754,8.0,553.8690367521002,50.107275367364196
4156,Suez OUT - Piraeus,SEA,PILOT_TO_PILOT,7,4156,281,8,9,Paximadi,PiraeusTssS,37.178824181492125,23.96774394554304,341.44402689474754,8.0,554.0022911607608,49.97402095870359
4157,Suez OUT - Piraeus,SEA,PILOT_TO_PILOT,7,4157,282,8,9,Paximadi,PiraeusTssS,37.180926358367074,23.966850579342154,341.44402689474754,8.0,554.1355455694214,49.840766550042986
4158,Suez OUT - Piraeus,SEA,PILOT_TO_PILOT,7,4158,283,8,9,Paximadi,PiraeusTssS,37.1830285285347,23.96595716341536,341.44402689474754,8.0,554.268799978082,49.70751214138238
4159,Suez OUT - Piraeus,SEA,PILOT_TO_PILOT,7,4159,284,8,9,Paximadi,PiraeusTssS,37.18513069199411,23.965063697756268,341.44402689474754,8.0,554.4020543867426,49.574257732721776
4160,Suez OUT - Piraeus,SEA,PILOT_TO_PILOT,7,4160,285,8,9,Paximadi,PiraeusTssS,37.187232848744415,23.964170182358462,341.44402689474754,8.0,554.5353087954034,49.44100332406106
4161,Suez OUT - Piraeus,SEA,PILOT_TO_PILOT,7,4161,286,8,9,Paximadi,PiraeusTssS,37.18933499878476,23.963276617215552,341.44402689474754,8.0,554.668563204064,49.30774891540045
4162,Suez OUT - Piraeus,SEA,PILOT_TO_PILOT,7,4162,287,8,9,Paximadi,PiraeusTssS,37.19143714211423,23.96238300232114,341.44402689474754,8.0,554.8018176127246,49.17449450673985
4163,Suez OUT - Piraeus,SEA,PILOT_TO_PILOT,7,4163,288,8,9,Paximadi,PiraeusTssS,37.19353927873197,23.961489337668823,341.44402689474754,8.0,554.9350720213852,49.04124009807924
4164,Suez OUT - Piraeus,SEA,PILOT_TO_PILOT,7,4164,289,8,9,Paximadi,PiraeusTssS,37.19564140863705,23.96059562325219,341.44402689474754,8.0,555.0683264300458,48.90798568941864
4165,Suez OUT - Piraeus,SEA,PILOT_TO_PILOT,7,4165,290,8,9,Paximadi,PiraeusTssS,37.19774353182863,23.959701859064843,341.44402689474754,8.0,555.2015808387065,48.77473128075792
4166,Suez OUT - Piraeus,SEA,PILOT_TO_PILOT,7,4166,291,8,9,Paximadi,PiraeusTssS,37.199845648305796,23.95880804510037,341.44402689474754,8.0,555.3348352473671,48.641476872097314
4167,Suez OUT - Piraeus,SEA,PILOT_TO_PILOT,7,4167,292,8,9,Paximadi,PiraeusTssS,37.20194775806768,23.957914181352372,341.44402689474754,8.0,555.4680896560277,48.50822246343671
4168,Suez OUT - Piraeus,SEA,PILOT_TO_PILOT,7,4168,293,8,9,Paximadi,PiraeusTssS,37.20404986111338,23.95702026781444,341.44402689474754,8.0,555.6013440646883,48.374968054776105
4169,Suez OUT - Piraeus,SEA,PILOT_TO_PILOT,7,4169,294,8,9,Paximadi,PiraeusTssS,37.20615195744202,23.956126304480165,341.44402689474754,8.0,555.7345984733489,48.2417136461155
4170,Suez OUT - Piraeus,SEA,PILOT_TO_PILOT,7,4170,295,8,9,Paximadi,PiraeusTssS,37.20825404705272,23.955232291343144,341.44402689474754,8.0,555.8678528820096,48.10845923745478
4171,Suez OUT - Piraeus,SEA,PILOT_TO_PILOT,7,4171,296,8,9,Paximadi,PiraeusTssS,37.21035612994457,23.954338228396963,341.44402689474754,8.0,556.0011072906702,47.975204828794176
4172,Suez OUT - Piraeus,SEA,PILOT_TO_PILOT,7,4172,297,8,9,Paximadi,PiraeusTssS,37.212458206116715,23.95344411563521,341.44402689474754,8.0,556.1343616993308,47.84195042013357
4173,Suez OUT - Piraeus,SEA,PILOT_TO_PILOT,7,4173,298,8,9,Paximadi,PiraeusTssS,37.214560275568246,23.952549953051477,341.44402689474754,8.0,556.2676161079914,47.708696011472966
4174,Suez OUT - Piraeus,SEA,PILOT_TO_PILOT,7,4174,299,8,9,Paximadi,PiraeusTssS,37.216662338298285,23.951655740639346,341.44402689474754,8.0,556.400870516652,47.57544160281236
4175,Suez OUT - Piraeus,SEA,PILOT_TO_PILOT,7,4175,300,8,9,Paximadi,PiraeusTssS,37.21876439430596,23.950761478392405,341.44402689474754,8.0,556.5341249253128,47.44218719415164
4176,Suez OUT - Piraeus,SEA,PILOT_TO_PILOT,7,4176,301,8,9,Paximadi,PiraeusTssS,37.22086644359035,23.949867166304244,341.44402689474754,8.0,556.6673793339734,47.30893278549104
4177,Suez OUT - Piraeus,SEA,PILOT_TO_PILOT,7,4177,302,8,9,Paximadi,PiraeusTssS,37.2229684861506,23.948972804368456,341.44402689474754,8.0,556.800633742634,47.17567837683043
4178,Suez OUT - Piraeus,SEA,PILOT_TO_PILOT,7,4178,303,8,9,Paximadi,PiraeusTssS,37.2250705219858,23.9480783925786,341.44402689474754,8.0,556.9338881512946,47.04242396816983
4179,Suez OUT - Piraeus,SEA,PILOT_TO_PILOT,7,4179,304,8,9,Paximadi,PiraeusTssS,37.22717255109508,23.94718393092828,341.44402689474754,8.0,557.0671425599553,46.90916955950911
4180,Suez OUT - Piraeus,SEA,PILOT_TO_PILOT,7,4180,305,8,9,Paximadi,PiraeusTssS,37.22927457347755,23.946289419411077,341.44402689474754,8.0,557.2003969686159,46.775915150848505
4181,Suez OUT - Piraeus,SEA,PILOT_TO_PILOT,7,4181,306,8,9,Paximadi,PiraeusTssS,37.23137658913231,23.945394858020553,341.44402689474754,8.0,557.3336513772765,46.6426607421879
4182,Suez OUT - Piraeus,SEA,PILOT_TO_PILOT,7,4182,307,8,9,Paximadi,PiraeusTssS,37.23347859805848,23.944500246750316,341.44402689474754,8.0,557.4669057859371,46.509406333527295
4183,Suez OUT - Piraeus,SEA,PILOT_TO_PILOT,7,4183,308,8,9,Paximadi,PiraeusTssS,37.235580600255176,23.94360558559393,341.44402689474754,8.0,557.6001601945977,46.37615192486669
4184,Suez OUT - Piraeus,SEA,PILOT_TO_PILOT,7,4184,309,8,9,Paximadi,PiraeusTssS,37.2376825957215,23.94271087454497,341.44402689474754,8.0,557.7334146032583,46.242897516206085
4185,Suez OUT - Piraeus,SEA,PILOT_TO_PILOT,7,4185,310,8,9,Paximadi,PiraeusTssS,37.23978458445659,23.941816113597024,341.44402689474754,8.0,557.866669011919,46.10964310754537
4186,Suez OUT - Piraeus,SEA,PILOT_TO_PILOT,7,4186,311,8,9,Paximadi,PiraeusTssS,37.24188656645953,23.940921302743657,341.44402689474754,8.0,557.9999234205796,45.97638869888476
4187,Suez OUT - Piraeus,SEA,PILOT_TO_PILOT,7,4187,312,8,9,Paximadi,PiraeusTssS,37.24398854172943,23.940026441978457,341.44402689474754,8.0,558.1331778292403,45.84313429022416
4188,Suez OUT - Piraeus,SEA,PILOT_TO_PILOT,7,4188,313,8,9,Paximadi,PiraeusTssS,37.24609051026543,23.939131531294993,341.44402689474754,8.0,558.2664322379009,45.70987988156355
4189,Suez OUT - Piraeus,SEA,PILOT_TO_PILOT,7,4189,314,8,9,Paximadi,PiraeusTssS,37.24819247206661,23.938236570686833,341.44402689474754,8.0,558.3996866465616,45.57662547290283
4190,Suez OUT - Piraeus,SEA,PILOT_TO_PILOT,7,4190,315,8,9,Paximadi,PiraeusTssS,37.250294427132104,23.937341560147566,341.44402689474754,8.0,558.5329410552222,45.44337106424223
4191,Suez OUT - Piraeus,SEA,PILOT_TO_PILOT,7,4191,316,8,9,Paximadi,PiraeusTssS,37.25239637546101,23.93644649967074,341.44402689474754,8.0,558.6661954638828,45.31011665558162
4192,Suez OUT - Piraeus,SEA,PILOT_TO_PILOT,7,4192,317,8,9,Paximadi,PiraeusTssS,37.25449831705246,23.93555138924994,341.44402689474754,8.0,558.7994498725434,45.17686224692102
4193,Suez OUT - Piraeus,SEA,PILOT_TO_PILOT,7,4193,318,8,9,Paximadi,PiraeusTssS,37.25660025190553,23.934656228878744,341.44402689474754,8.0,558.932704281204,45.043607838260414
4194,Suez OUT - Piraeus,SEA,PILOT_TO_PILOT,7,4194,319,8,9,Paximadi,PiraeusTssS,37.258702180019355,23.933761018550708,341.44402689474754,8.0,559.0659586898647,44.910353429599695
4195,Suez OUT - Piraeus,SEA,PILOT_TO_PILOT,7,4195,320,8,9,Paximadi,PiraeusTssS,37.26080410139304,23.93286575825941,341.44402689474754,8.0,559.1992130985253,44.77709902093909
4196,Suez OUT - Piraeus,SEA,PILOT_TO_PILOT,7,4196,321,8,9,Paximadi,PiraeusTssS,37.26290601602571,23.93197044799841,341.44402689474754,8.0,559.3324675071859,44.643844612278485
4197,Suez OUT - Piraeus,SEA,PILOT_TO_PILOT,7,4197,322,8,9,Paximadi,PiraeusTssS,37.26500792391645,23.931075087761283,341.44402689474754,8.0,559.4657219158465,44.51059020361788
4198,Suez OUT - Piraeus,SEA,PILOT_TO_PILOT,7,4198,323,8,9,Paximadi,PiraeusTssS,37.26710982506439,23.93017967754158,341.44402689474754,8.0,559.5989763245071,44.377335794957276
4199,Suez OUT - Piraeus,SEA,PILOT_TO_PILOT,7,4199,324,8,9,Paximadi,PiraeusTssS,37.26921171946862,23.92928421733288,341.44402689474754,8.0,559.7322307331679,44.24408138629656
4200,Suez OUT - Piraeus,SEA,PILOT_TO_PILOT,7,4200,325,8,9,Paximadi,PiraeusTssS,37.27131360712827,23.928388707128743,341.44402689474754,8.0,559.8654851418285,44.11082697763595
4201,Suez OUT - Piraeus,SEA,PILOT_TO_PILOT,7,4201,326,8,9,Paximadi,PiraeusTssS,37.273415488042446,23.927493146922718,341.44402689474754,8.0,559.9987395504891,43.97757256897535
4202,Suez OUT - Piraeus,SEA,PILOT_TO_PILOT,7,4202,327,8,9,Paximadi,PiraeusTssS,37.27551736221025,23.926597536708393,341.44402689474754,8.0,560.1319939591497,43.84431816031474
4203,Suez OUT - Piraeus,SEA,PILOT_TO_PILOT,7,4203,328,8,9,Paximadi,PiraeusTssS,37.2776192296308,23.925701876479305,341.44402689474754,8.0,560.2652483678103,43.71106375165414
4204,Suez OUT - Piraeus,SEA,PILOT_TO_PILOT,7,4204,329,8,9,Paximadi,PiraeusTssS,37.27972109030319,23.92480616622903,341.44402689474754,8.0,560.398502776471,43.57780934299342
4205,Suez OUT - Piraeus,SEA,PILOT_TO_PILOT,7,4205,330,8,9,Paximadi,PiraeusTssS,37.281822944226555,23.923910405951116,341.44402689474754,8.0,560.5317571851316,43.444554934332814
4206,Suez OUT - Piraeus,SEA,PILOT_TO_PILOT,7,4206,331,8,9,Paximadi,PiraeusTssS,37.28392479139998,23.923014595639128,341.44402689474754,8.0,560.6650115937922,43.31130052567221
4207,Suez OUT - Piraeus,SEA,PILOT_TO_PILOT,7,4207,332,8,9,Paximadi,PiraeusTssS,37.286026631822594,23.922118735286617,341.44402689474754,8.0,560.7982660024528,43.178046117011604
4208,Suez OUT - Piraeus,SEA,PILOT_TO_PILOT,7,4208,333,8,9,Paximadi,PiraeusTssS,37.28812846549349,23.921222824887153,341.44402689474754,8.0,560.9315204111134,43.044791708351
4209,Suez OUT - Piraeus,SEA,PILOT_TO_PILOT,7,4209,334,8,9,Paximadi,PiraeusTssS,37.29023029241179,23.920326864434273,341.44402689474754,8.0,561.0647748197741,42.91153729969028
4210,Suez OUT - Piraeus,SEA,PILOT_TO_PILOT,7,4210,335,8,9,Paximadi,PiraeusTssS,37.29233211257659,23.919430853921547,341.44402689474754,8.0,561.1980292284347,42.778282891029676
4211,Suez OUT - Piraeus,SEA,PILOT_TO_PILOT,7,4211,336,8,9,Paximadi,PiraeusTssS,37.29443392598701,23.91853479334252,341.44402689474754,8.0,561.3312836370953,42.64502848236907
4212,Suez OUT - Piraeus,SEA,PILOT_TO_PILOT,7,4212,337,8,9,Paximadi,PiraeusTssS,37.29653573264214,23.917638682690747,341.44402689474754,8.0,561.464538045756,42.511774073708466
4213,Suez OUT - Piraeus,SEA,PILOT_TO_PILOT,7,4213,338,8,9,Paximadi,PiraeusTssS,37.298637532541115,23.91674252195978,341.44402689474754,8.0,561.5977924544165,42.37851966504786
4214,Suez OUT - Piraeus,SEA,PILOT_TO_PILOT,7,4214,339,8,9,Paximadi,PiraeusTssS,37.30073932568303,23.915846311143174,341.44402689474754,8.0,561.7310468630773,42.24526525638714
4215,Suez OUT - Piraeus,SEA,PILOT_TO_PILOT,7,4215,340,8,9,Paximadi,PiraeusTssS,37.302841112066986,23.914950050234467,341.44402689474754,8.0,561.8643012717379,42.11201084772654
4216,Suez OUT - Piraeus,SEA,PILOT_TO_PILOT,7,4216,341,8,9,Paximadi,PiraeusTssS,37.3049428916921,23.914053739227217,341.44402689474754,8.0,561.9975556803985,41.97875643906593
4217,Suez OUT - Piraeus,SEA,PILOT_TO_PILOT,7,4217,342,8,9,Paximadi,PiraeusTssS,37.30704466455748,23.91315737811497,341.44402689474754,8.0,562.1308100890591,41.84550203040533
4218,Suez OUT - Piraeus,SEA,PILOT_TO_PILOT,7,4218,343,8,9,Paximadi,PiraeusTssS,37.309146430662224,23.91226096689127,341.44402689474754,8.0,562.2640644977198,41.71224762174461
4219,Suez OUT - Piraeus,SEA,PILOT_TO_PILOT,7,4219,344,8,9,Paximadi,PiraeusTssS,37.31124819000546,23.911364505549678,341.44402689474754,8.0,562.3973189063804,41.578993213084004
4220,Suez OUT - Piraeus,SEA,PILOT_TO_PILOT,7,4220,345,8,9,Paximadi,PiraeusTssS,37.31334994258628,23.910467994083717,341.44402689474754,8.0,562.530573315041,41.4457388044234
4221,Suez OUT - Piraeus,SEA,PILOT_TO_PILOT,7,4221,346,8,9,Paximadi,PiraeusTssS,37.31545168840379,23.909571432486945,341.44402689474754,8.0,562.6638277237016,41.312484395762795
4222,Suez OUT - Piraeus,SEA,PILOT_TO_PILOT,7,4222,347,8,9,Paximadi,PiraeusTssS,37.31755342745709,23.908674820752903,341.44402689474754,8.0,562.7970821323622,41.17922998710219
4223,Suez OUT - Piraeus,SEA,PILOT_TO_PILOT,7,4223,348,8,9,Paximadi,PiraeusTssS,37.31965515974531,23.907778158875136,341.44402689474754,8.0,562.9303365410229,41.04597557844147
4224,Suez OUT - Piraeus,SEA,PILOT_TO_PILOT,7,4224,349,8,9,Paximadi,PiraeusTssS,37.32175688526755,23.90688144684718,341.44402689474754,8.0,563.0635909496835,40.912721169780866
4225,Suez OUT - Piraeus,SEA,PILOT_TO_PILOT,7,4225,350,8,9,Paximadi,PiraeusTssS,37.323858604022895,23.905984684662577,341.44402689474754,8.0,563.1968453583441,40.77946676112026
4226,Suez OUT - Piraeus,SEA,PILOT_TO_PILOT,7,4226,351,8,9,Paximadi,PiraeusTssS,37.32596031601048,23.90508787231487,341.44402689474754,8.0,563.3300997670048,40.646212352459656
4227,Suez OUT - Piraeus,SEA,PILOT_TO_PILOT,7,4227,352,8,9,Paximadi,PiraeusTssS,37.3280620212294,23.904191009797593,341.44402689474754,8.0,563.4633541756654,40.51295794379905
4228,Suez OUT - Piraeus,SEA,PILOT_TO_PILOT,7,4228,353,8,9,Paximadi,PiraeusTssS,37.33016371967875,23.903294097104293,341.44402689474754,8.0,563.5966085843261,40.37970353513833
4229,Suez OUT - Piraeus,SEA,PILOT_TO_PILOT,7,4229,354,8,9,Paximadi,PiraeusTssS,37.33226541135765,23.90239713422849,341.44402689474754,8.0,563.7298629929867,40.24644912647773
4230,Suez OUT - Piraeus,SEA,PILOT_TO_PILOT,7,4230,355,8,9,Paximadi,PiraeusTssS,37.33436709626522,23.90150012116374,341.44402689474754,8.0,563.8631174016473,40.11319471781712
4231,Suez OUT - Piraeus,SEA,PILOT_TO_PILOT,7,4231,356,8,9,Paximadi,PiraeusTssS,37.33646877440054,23.900603057903563,341.44402689474754,8.0,563.9963718103079,39.97994030915652
4232,Suez OUT - Piraeus,SEA,PILOT_TO_PILOT,7,4232,357,8,9,Paximadi,PiraeusTssS,37.33857044576271,23.899705944441504,341.44402689474754,8.0,564.1296262189685,39.84668590049591
4233,Suez OUT - Piraeus,SEA,PILOT_TO_PILOT,7,4233,358,8,9,Paximadi,PiraeusTssS,37.340672110350866,23.898808780771088,341.44402689474754,8.0,564.2628806276292,39.713431491835195
4234,Suez OUT - Piraeus,SEA,PILOT_TO_PILOT,7,4234,359,8,9,Paximadi,PiraeusTssS,37.34277376816409,23.897911566885853,341.44402689474754,8.0,564.3961350362898,39.58017708317459
4235,Suez OUT - Piraeus,SEA,PILOT_TO_PILOT,7,4235,360,8,9,Paximadi,PiraeusTssS,37.3448754192015,23.897014302779322,341.44402689474754,8.0,564.5293894449504,39.446922674513985
4236,Suez OUT - Piraeus,SEA,PILOT_TO_PILOT,7,4236,361,8,9,Paximadi,PiraeusTssS,37.346977063462205,23.896116988445037,341.44402689474754,8.0,564.662643853611,39.31366826585338
4237,Suez OUT - Piraeus,SEA,PILOT_TO_PILOT,7,4237,362,8,9,Paximadi,PiraeusTssS,37.34907870094529,23.89521962387652,341.44402689474754,8.0,564.7958982622716,39.180413857192775
4238,Suez OUT - Piraeus,SEA,PILOT_TO_PILOT,7,4238,363,8,9,Paximadi,PiraeusTssS,37.35118033164988,23.894322209067305,341.44402689474754,8.0,564.9291526709324,39.04715944853206
4239,Suez OUT - Piraeus,SEA,PILOT_TO_PILOT,7,4239,364,8,9,Paximadi,PiraeusTssS,37.35328195557507,23.89342474401091,341.44402689474754,8.0,565.062407079593,38.91390503987145
4240,Suez OUT - Piraeus,SEA,PILOT_TO_PILOT,7,4240,365,8,9,Paximadi,PiraeusTssS,37.355383572719965,23.892527228700875,341.44402689474754,8.0,565.1956614882536,38.78065063121085
4241,Suez OUT - Piraeus,SEA,PILOT_TO_PILOT,7,4241,366,8,9,Paximadi,PiraeusTssS,37.35748518308367,23.891629663130708,341.44402689474754,8.0,565.3289158969142,38.64739622255024
4242,Suez OUT - Piraeus,SEA,PILOT_TO_PILOT,7,4242,367,8,9,Paximadi,PiraeusTssS,37.3595867866653,23.89073204729395,341.44402689474754,8.0,565.4621703055748,38.51414181388964
4243,Suez OUT - Piraeus,SEA,PILOT_TO_PILOT,7,4243,368,8,9,Paximadi,PiraeusTssS,37.36168838346393,23.88983438118412,341.44402689474754,8.0,565.5954247142355,38.38088740522892
4244,Suez OUT - Piraeus,SEA,PILOT_TO_PILOT,7,4244,369,8,9,Paximadi,PiraeusTssS,37.3637899734787,23.888936664794745,341.44402689474754,8.0,565.7286791228961,38.24763299656831
4245,Suez OUT - Piraeus,SEA,PILOT_TO_PILOT,7,4245,370,8,9,Paximadi,PiraeusTssS,37.365891556708696,23.888038898119333,341.44402689474754,8.0,565.8619335315567,38.11437858790771
4246,Suez OUT - Piraeus,SEA,PILOT_TO_PILOT,7,4246,371,8,9,Paximadi,PiraeusTssS,37.36799313315302,23.887141081151427,341.44402689474754,8.0,565.9951879402173,37.981124179247104
4247,Suez OUT - Piraeus,SEA,PILOT_TO_PILOT,7,4247,372,8,9,Paximadi,PiraeusTssS,37.37009470281079,23.88624321388452,341.44402689474754,8.0,566.128442348878,37.847869770586385
4248,Suez OUT - Piraeus,SEA,PILOT_TO_PILOT,7,4248,373,8,9,Paximadi,PiraeusTssS,37.37219626568109,23.885345296312156,341.44402689474754,8.0,566.2616967575386,37.71461536192578
4249,Suez OUT - Piraeus,SEA,PILOT_TO_PILOT,7,4249,374,8,9,Paximadi,PiraeusTssS,37.37429782176304,23.88444732842784,341.44402689474754,8.0,566.3949511661992,37.581360953265175
4250,Suez OUT - Piraeus,SEA,PILOT_TO_PILOT,7,4250,375,8,9,Paximadi,PiraeusTssS,37.37639937105573,23.883549310225096,341.44402689474754,8.0,566.5282055748598,37.44810654460457
4251,Suez OUT - Piraeus,SEA,PILOT_TO_PILOT,7,4251,376,8,9,Paximadi,PiraeusTssS,37.37850091355828,23.88265124169743,341.44402689474754,8.0,566.6614599835204,37.314852135943966
4252,Suez OUT - Piraeus,SEA,PILOT_TO_PILOT,7,4252,377,8,9,Paximadi,PiraeusTssS,37.38060244926977,23.881753122838372,341.44402689474754,8.0,566.794714392181,37.18159772728336
4253,Suez OUT - Piraeus,SEA,PILOT_TO_PILOT,7,4253,378,8,9,Paximadi,PiraeusTssS,37.382703978189326,23.880854953641435,341.44402689474754,8.0,566.9279688008418,37.04834331862264
4254,Suez OUT - Piraeus,SEA,PILOT_TO_PILOT,7,4254,379,8,9,Paximadi,PiraeusTssS,37.38480550031604,23.87995673410012,341.44402689474754,8.0,567.0612232095024,36.91508890996204
4255,Suez OUT - Piraeus,SEA,PILOT_TO_PILOT,7,4255,380,8,9,Paximadi,PiraeusTssS,37.386907015649015,23.879058464207947,341.44402689474754,8.0,567.194477618163,36.78183450130143
4256,Suez OUT - Piraeus,SEA,PILOT_TO_PILOT,7,4256,381,8,9,Paximadi,PiraeusTssS,37.38900852418735,23.878160143958432,341.44402689474754,8.0,567.3277320268236,36.64858009264083
4257,Suez OUT - Piraeus,SEA,PILOT_TO_PILOT,7,4257,382,8,9,Paximadi,PiraeusTssS,37.39111002593017,23.877261773345076,341.44402689474754,8.0,567.4609864354843,36.51532568398011
4258,Suez OUT - Piraeus,SEA,PILOT_TO_PILOT,7,4258,383,8,9,Paximadi,PiraeusTssS,37.39321152087654,23.876363352361405,341.44402689474754,8.0,567.5942408441449,36.382071275319504
4259,Suez OUT - Piraeus,SEA,PILOT_TO_PILOT,7,4259,384,8,9,Paximadi,PiraeusTssS,37.39531300902559,23.875464881000912,341.44402689474754,8.0,567.7274952528055,36.2488168666589
4260,Suez OUT - Piraeus,SEA,PILOT_TO_PILOT,7,4260,385,8,9,Paximadi,PiraeusTssS,37.397414490376406,23.87456635925711,341.44402689474754,8.0,567.8607496614661,36.115562457998294
4261,Suez OUT - Piraeus,SEA,PILOT_TO_PILOT,7,4261,386,8,9,Paximadi,PiraeusTssS,37.3995159649281,23.873667787123512,341.44402689474754,8.0,567.9940040701267,35.98230804933769
4262,Suez OUT - Piraeus,SEA,PILOT_TO_PILOT,7,4262,387,8,9,Paximadi,PiraeusTssS,37.40161743267977,23.87276916459362,341.44402689474754,8.0,568.1272584787874,35.84905364067697
4263,Suez OUT - Piraeus,SEA,PILOT_TO_PILOT,7,4263,388,8,9,Paximadi,PiraeusTssS,37.403718893630526,23.87187049166094,341.44402689474754,8.0,568.260512887448,35.715799232016366
4264,Suez OUT - Piraeus,SEA,PILOT_TO_PILOT,7,4264,389,8,9,Paximadi,PiraeusTssS,37.40582034777946,23.87097176831897,341.44402689474754,8.0,568.3937672961086,35.58254482335576
4265,Suez OUT - Piraeus,SEA,PILOT_TO_PILOT,7,4265,390,8,9,Paximadi,PiraeusTssS,37.407921795125674,23.870072994561223,341.44402689474754,8.0,568.5270217047693,35.449290414695156
4266,Suez OUT - Piraeus,SEA,PILOT_TO_PILOT,7,4266,391,8,9,Paximadi,PiraeusTssS,37.41002323566827,23.8691741703812,341.44402689474754,8.0,568.6602761134299,35.31603600603455
4267,Suez OUT - Piraeus,SEA,PILOT_TO_PILOT,7,4267,392,8,9,Paximadi,PiraeusTssS,37.41212466940636,23.86827529577239,341.44402689474754,8.0,568.7935305220906,35.18278159737383
4268,Suez OUT - Piraeus,SEA,PILOT_TO_PILOT,7,4268,393,8,9,Paximadi,PiraeusTssS,37.41422609633902,23.867376370728312,341.44402689474754,8.0,568.9267849307512,35.04952718871323
4269,Suez OUT - Piraeus,SEA,PILOT_TO_PILOT,7,4269,394,8,9,Paximadi,PiraeusTssS,37.41632751646538,23.866477395242462,341.44402689474754,8.0,569.0600393394118,34.91627278005262
4270,Suez OUT - Piraeus,SEA,PILOT_TO_PILOT,7,4270,395,8,9,Paximadi,PiraeusTssS,37.41842892978452,23.86557836930833,341.44402689474754,8.0,569.1932937480724,34.78301837139202
4271,Suez OUT - Piraeus,SEA,PILOT_TO_PILOT,7,4271,396,8,9,Paximadi,PiraeusTssS,37.42053033629555,23.864679292919423,341.44402689474754,8.0,569.326548156733,34.64976396273141
4272,Suez OUT - Piraeus,SEA,PILOT_TO_PILOT,7,4272,397,8,9,Paximadi,PiraeusTssS,37.42263173599756,23.863780166069226,341.44402689474754,8.0,569.4598025653937,34.516509554070694
4273,Suez OUT - Piraeus,SEA,PILOT_TO_PILOT,7,4273,398,8,9,Paximadi,PiraeusTssS,37.42473312888966,23.86288098875125,341.44402689474754,8.0,569.5930569740543,34.38325514541009
4274,Suez OUT - Piraeus,SEA,PILOT_TO_PILOT,7,4274,399,8,9,Paximadi,PiraeusTssS,37.42683451497095,23.861981760958976,341.44402689474754,8.0,569.7263113827149,34.250000736749485
4275,Suez OUT - Piraeus,SEA,PILOT_TO_PILOT,7,4275,400,8,9,Paximadi,PiraeusTssS,37.42893589424053,23.86108248268591,341.44402689474754,8.0,569.8595657913755,34.11674632808888
4276,Suez OUT - Piraeus,SEA,PILOT_TO_PILOT,7,4276,401,8,9,Paximadi,PiraeusTssS,37.43103726669751,23.860183153925544,341.44402689474754,8.0,569.9928202000361,33.983491919428275
4277,Suez OUT - Piraeus,SEA,PILOT_TO_PILOT,7,4277,402,8,9,Paximadi,PiraeusTssS,37.43313863234096,23.859283774671354,341.44402689474754,8.0,570.1260746086969,33.850237510767556
4278,Suez OUT - Piraeus,SEA,PILOT_TO_PILOT,7,4278,403,8,9,Paximadi,PiraeusTssS,37.43523999117001,23.85838434491685,341.44402689474754,8.0,570.2593290173575,33.71698310210695
4279,Suez OUT - Piraeus,SEA,PILOT_TO_PILOT,7,4279,404,8,9,Paximadi,PiraeusTssS,37.43734134318374,23.857484864655518,341.44402689474754,8.0,570.3925834260181,33.583728693446346
4280,Suez OUT - Piraeus,SEA,PILOT_TO_PILOT,7,4280,405,8,9,Paximadi,PiraeusTssS,37.43944268838126,23.856585333880847,341.44402689474754,8.0,570.5258378346787,33.45047428478574
4281,Suez OUT - Piraeus,SEA,PILOT_TO_PILOT,7,4281,406,8,9,Paximadi,PiraeusTssS,37.44154402676166,23.855685752586318,341.44402689474754,8.0,570.6590922433393,33.31721987612514
4282,Suez OUT - Piraeus,SEA,PILOT_TO_PILOT,7,4282,407,8,9,Paximadi,PiraeusTssS,37.44364535832405,23.85478612076543,341.44402689474754,8.0,570.792346652,33.18396546746442
4283,Suez OUT - Piraeus,SEA,PILOT_TO_PILOT,7,4283,408,8,9,Paximadi,PiraeusTssS,37.44574668306753,23.853886438411664,341.44402689474754,8.0,570.9256010606606,33.05071105880381
4284,Suez OUT - Piraeus,SEA,PILOT_TO_PILOT,7,4284,409,8,9,Paximadi,PiraeusTssS,37.44784800099118,23.8529867055185,341.44402689474754,8.0,571.0588554693212,32.91745665014321
4285,Suez OUT - Piraeus,SEA,PILOT_TO_PILOT,7,4285,410,8,9,Paximadi,PiraeusTssS,37.44994931209412,23.852086922079437,341.44402689474754,8.0,571.1921098779818,32.7842022414826
4286,Suez OUT - Piraeus,SEA,PILOT_TO_PILOT,7,4286,411,8,9,Paximadi,PiraeusTssS,37.45205061637543,23.851187088087947,341.44402689474754,8.0,571.3253642866425,32.650947832821885
4287,Suez OUT - Piraeus,SEA,PILOT_TO_PILOT,7,4287,412,8,9,Paximadi,PiraeusTssS,37.45415191383423,23.85028720353752,341.44402689474754,8.0,571.4586186953031,32.51769342416128
4288,Suez OUT - Piraeus,SEA,PILOT_TO_PILOT,7,4288,413,8,9,Paximadi,PiraeusTssS,37.456253204469604,23.849387268421637,341.44402689474754,8.0,571.5918731039637,32.384439015500675
4289,Suez OUT - Piraeus,SEA,PILOT_TO_PILOT,7,4289,414,8,9,Paximadi,PiraeusTssS,37.45835448828064,23.848487282733768,341.44402689474754,8.0,571.7251275126243,32.25118460684007
4290,Suez OUT - Piraeus,SEA,PILOT_TO_PILOT,7,4290,415,8,9,Paximadi,PiraeusTssS,37.46045576526647,23.84758724646741,341.44402689474754,8.0,571.858381921285,32.117930198179465
4291,Suez OUT - Piraeus,SEA,PILOT_TO_PILOT,7,4291,416,8,9,Paximadi,PiraeusTssS,37.46255703542616,23.846687159616028,341.44402689474754,8.0,571.9916363299455,31.98467578951886
4292,Suez OUT - Piraeus,SEA,PILOT_TO_PILOT,7,4292,417,8,9,Paximadi,PiraeusTssS,37.46465829875882,23.84578702217311,341.44402689474754,8.0,572.1248907386063,31.85142138085814
4293,Suez OUT - Piraeus,SEA,PILOT_TO_PILOT,7,4293,418,8,9,Paximadi,PiraeusTssS,37.46675955526354,23.844886834132126,341.44402689474754,8.0,572.2581451472669,31.718166972197537
4294,Suez OUT - Piraeus,SEA,PILOT_TO_PILOT,7,4294,419,8,9,Paximadi,PiraeusTssS,37.46886080493944,23.843986595486562,341.44402689474754,8.0,572.3913995559275,31.584912563536932
4295,Suez OUT - Piraeus,SEA,PILOT_TO_PILOT,7,4295,420,8,9,Paximadi,PiraeusTssS,37.47096204778558,23.84308630622989,341.44402689474754,8.0,572.5246539645881,31.451658154876327
4296,Suez OUT - Piraeus,SEA,PILOT_TO_PILOT,7,4296,421,8,9,Paximadi,PiraeusTssS,37.473063283801096,23.842185966355576,341.44402689474754,8.0,572.6579083732488,31.31840374621561
4297,Suez OUT - Piraeus,SEA,PILOT_TO_PILOT,7,4297,422,8,9,Paximadi,PiraeusTssS,37.47516451298505,23.841285575857103,341.44402689474754,8.0,572.7911627819094,31.185149337555004
4298,Suez OUT - Piraeus,SEA,PILOT_TO_PILOT,7,4298,423,8,9,Paximadi,PiraeusTssS,37.47726573533657,23.84038513472794,341.44402689474754,8.0,572.92441719057,31.0518949288944
4299,Suez OUT - Piraeus,SEA,PILOT_TO_PILOT,7,4299,424,8,9,Paximadi,PiraeusTssS,37.47936695085474,23.839484642961555,341.44402689474754,8.0,573.0576715992306,30.918640520233794
4300,Suez OUT - Piraeus,SEA,PILOT_TO_PILOT,7,4300,425,8,9,Paximadi,PiraeusTssS,37.48146815953864,23.83858410055143,341.44402689474754,8.0,573.1909260078912,30.78538611157319
4301,Suez OUT - Piraeus,SEA,PILOT_TO_PILOT,7,4301,426,8,9,Paximadi,PiraeusTssS,37.48356936138741,23.837683507491022,341.44402689474754,8.0,573.3241804165519,30.65213170291247
4302,Suez OUT - Piraeus,SEA,PILOT_TO_PILOT,7,4302,427,8,9,Paximadi,PiraeusTssS,37.485670556400095,23.83678286377381,341.44402689474754,8.0,573.4574348252125,30.518877294251865
4303,Suez OUT - Piraeus,SEA,PILOT_TO_PILOT,7,4303,428,8,9,Paximadi,PiraeusTssS,37.487771744575824,23.835882169393255,341.44402689474754,8.0,573.5906892338731,30.38562288559126
4304,Suez OUT - Piraeus,SEA,PILOT_TO_PILOT,7,4304,429,8,9,Paximadi,PiraeusTssS,37.48987292591368,23.834981424342825,341.44402689474754,8.0,573.7239436425338,30.252368476930656
4305,Suez OUT - Piraeus,SEA,PILOT_TO_PILOT,7,4305,430,8,9,Paximadi,PiraeusTssS,37.49197410041277,23.834080628615993,341.44402689474754,8.0,573.8571980511944,30.11911406827005
4306,Suez OUT - Piraeus,SEA,PILOT_TO_PILOT,7,4306,431,8,9,Paximadi,PiraeusTssS,37.49407526807217,23.833179782206212,341.44402689474754,8.0,573.9904524598551,29.985859659609332
4307,Suez OUT - Piraeus,SEA,PILOT_TO_PILOT,7,4307,432,8,9,Paximadi,PiraeusTssS,37.496176428891,23.832278885106955,341.44402689474754,8.0,574.1237068685157,29.852605250948727
4308,Suez OUT - Piraeus,SEA,PILOT_TO_PILOT,7,4308,433,8,9,Paximadi,PiraeusTssS,37.49827758286834,23.831377937311682,341.44402689474754,8.0,574.2569612771763,29.719350842288122
4309,Suez OUT - Piraeus,SEA,PILOT_TO_PILOT,7,4309,434,8,9,Paximadi,PiraeusTssS,37.500378730003284,23.830476938813863,341.44402689474754,8.0,574.3902156858369,29.586096433627517
4310,Suez OUT - Piraeus,SEA,PILOT_TO_PILOT,7,4310,435,8,9,Paximadi,PiraeusTssS,37.50247987029495,23.82957588960695,341.44402689474754,8.0,574.5234700944975,29.452842024966913
4311,Suez OUT - Piraeus,SEA,PILOT_TO_PILOT,7,4311,436,8,9,Paximadi,PiraeusTssS,37.5045810037424,23.828674789684403,341.44402689474754,8.0,574.6567245031582,29.319587616306194
4312,Suez OUT - Piraeus,SEA,PILOT_TO_PILOT,7,4312,437,8,9,Paximadi,PiraeusTssS,37.50668213034475,23.827773639039687,341.44402689474754,8.0,574.7899789118188,29.18633320764559
4313,Suez OUT - Piraeus,SEA,PILOT_TO_PILOT,7,4313,438,8,9,Paximadi,PiraeusTssS,37.5087832501011,23.826872437666257,341.44402689474754,8.0,574.9232333204794,29.053078798984984
4314,Suez OUT - Piraeus,SEA,PILOT_TO_PILOT,7,4314,439,8,9,Paximadi,PiraeusTssS,37.51088436301052,23.825971185557574,341.44402689474754,8.0,575.05648772914,28.91982439032438
4315,Suez OUT - Piraeus,SEA,PILOT_TO_PILOT,7,4315,440,8,9,Paximadi,PiraeusTssS,37.51298546907212,23.825069882707087,341.44402689474754,8.0,575.1897421378006,28.786569981663774
4316,Suez OUT - Piraeus,SEA,PILOT_TO_PILOT,7,4316,441,8,9,Paximadi,PiraeusTssS,37.51508656828501,23.824168529108267,341.44402689474754,8.0,575.3229965464614,28.653315573003056
4317,Suez OUT - Piraeus,SEA,PILOT_TO_PILOT,7,4317,442,8,9,Paximadi,PiraeusTssS,37.517187660648254,23.82326712475455,341.44402689474754,8.0,575.456250955122,28.52006116434245
4318,Suez OUT - Piraeus,SEA,PILOT_TO_PILOT,7,4318,443,8,9,Paximadi,PiraeusTssS,37.51928874616097,23.822365669639403,341.44402689474754,8.0,575.5895053637826,28.386806755681846
4319,Suez OUT - Piraeus,SEA,PILOT_TO_PILOT,7,4319,444,8,9,Paximadi,PiraeusTssS,37.52138982482223,23.82146416375628,341.44402689474754,8.0,575.7227597724432,28.25355234702124
4320,Suez OUT - Piraeus,SEA,PILOT_TO_PILOT,7,4320,445,8,9,Paximadi,PiraeusTssS,37.523490896631145,23.820562607098616,341.44402689474754,8.0,575.8560141811038,28.120297938360636
4321,Suez OUT - Piraeus,SEA,PILOT_TO_PILOT,7,4321,446,8,9,Paximadi,PiraeusTssS,37.525591961586805,23.819660999659884,341.44402689474754,8.0,575.9892685897645,27.987043529699918
4322,Suez OUT - Piraeus,SEA,PILOT_TO_PILOT,7,4322,447,8,9,Paximadi,PiraeusTssS,37.527693019688314,23.818759341433523,341.44402689474754,8.0,576.1225229984251,27.853789121039313
4323,Suez OUT - Piraeus,SEA,PILOT_TO_PILOT,7,4323,448,8,9,Paximadi,PiraeusTssS,37.52979407093475,23.817857632412977,341.44402689474754,8.0,576.2557774070857,27.720534712378708
4324,Suez OUT - Piraeus,SEA,PILOT_TO_PILOT,7,4324,449,8,9,Paximadi,PiraeusTssS,37.5318951153252,23.816955872591706,341.44402689474754,8.0,576.3890318157463,27.587280303718103
4325,Suez OUT - Piraeus,SEA,PILOT_TO_PILOT,7,4325,450,8,9,Paximadi,PiraeusTssS,37.53399615285878,23.816054061963143,341.44402689474754,8.0,576.522286224407,27.454025895057384
4326,Suez OUT - Piraeus,SEA,PILOT_TO_PILOT,7,4326,451,8,9,Paximadi,PiraeusTssS,37.536097183534565,23.815152200520753,341.44402689474754,8.0,576.6555406330676,27.32077148639678
4327,Suez OUT - Piraeus,SEA,PILOT_TO_PILOT,7,4327,452,8,9,Paximadi,PiraeusTssS,37.538198207351655,23.814250288257966,341.44402689474754,8.0,576.7887950417282,27.187517077736175
4328,Suez OUT - Piraeus,SEA,PILOT_TO_PILOT,7,4328,453,8,9,Paximadi,PiraeusTssS,37.540299224309145,23.813348325168235,341.44402689474754,8.0,576.9220494503888,27.05426266907557
4329,Suez OUT - Piraeus,SEA,PILOT_TO_PILOT,7,4329,454,8,9,Paximadi,PiraeusTssS,37.542400234406124,23.812446311244997,341.44402689474754,8.0,577.0553038590494,26.921008260414965
4330,Suez OUT - Piraeus,SEA,PILOT_TO_PILOT,7,4330,455,8,9,Paximadi,PiraeusTssS,37.54450123764169,23.8115442464817,341.44402689474754,8.0,577.1885582677102,26.787753851754246
4331,Suez OUT - Piraeus,SEA,PILOT_TO_PILOT,7,4331,456,8,9,Paximadi,PiraeusTssS,37.54660223401492,23.810642130871784,341.44402689474754,8.0,577.3218126763708,26.65449944309364
4332,Suez OUT - Piraeus,SEA,PILOT_TO_PILOT,7,4332,457,8,9,Paximadi,PiraeusTssS,37.54870322352492,23.80973996440868,341.44402689474754,8.0,577.4550670850314,26.521245034433036
4333,Suez OUT - Piraeus,SEA,PILOT_TO_PILOT,7,4333,458,8,9,Paximadi,PiraeusTssS,37.55080420617078,23.80883774708584,341.44402689474754,8.0,577.588321493692,26.38799062577243
4334,Suez OUT - Piraeus,SEA,PILOT_TO_PILOT,7,4334,459,8,9,Paximadi,PiraeusTssS,37.5529051819516,23.807935478896706,341.44402689474754,8.0,577.7215759023526,26.254736217111827
4335,Suez OUT - Piraeus,SEA,PILOT_TO_PILOT,7,4335,460,8,9,Paximadi,PiraeusTssS,37.55500615086646,23.807033159834702,341.44402689474754,8.0,577.8548303110133,26.121481808451108
4336,Suez OUT - Piraeus,SEA,PILOT_TO_PILOT,7,4336,461,8,9,Paximadi,PiraeusTssS,37.55710711291446,23.806130789893277,341.44402689474754,8.0,577.9880847196739,25.988227399790503
4337,Suez OUT - Piraeus,SEA,PILOT_TO_PILOT,7,4337,462,8,9,Paximadi,PiraeusTssS,37.55920806809468,23.80522836906586,341.44402689474754,8.0,578.1213391283345,25.854972991129898
4338,Suez OUT - Piraeus,SEA,PILOT_TO_PILOT,7,4338,463,8,9,Paximadi,PiraeusTssS,37.56130901640622,23.804325897345883,341.44402689474754,8.0,578.2545935369951,25.721718582469293
4339,Suez OUT - Piraeus,SEA,PILOT_TO_PILOT,7,4339,464,8,9,Paximadi,PiraeusTssS,37.563409957848165,23.803423374726794,341.44402689474754,8.0,578.3878479456557,25.58846417380869
4340,Suez OUT - Piraeus,SEA,PILOT_TO_PILOT,7,4340,465,8,9,Paximadi,PiraeusTssS,37.565510892419624,23.80252080120201,341.44402689474754,8.0,578.5211023543164,25.45520976514797
4341,Suez OUT - Piraeus,SEA,PILOT_TO_PILOT,7,4341,466,8,9,Paximadi,PiraeusTssS,37.567611820119666,23.80161817676498,341.44402689474754,8.0,578.654356762977,25.321955356487365
4342,Suez OUT - Piraeus,SEA,PILOT_TO_PILOT,7,4342,467,8,9,Paximadi,PiraeusTssS,37.569712740947395,23.800715501409115,341.44402689474754,8.0,578.7876111716376,25.18870094782676
4343,Suez OUT - Piraeus,SEA,PILOT_TO_PILOT,7,4343,468,8,9,Paximadi,PiraeusTssS,37.5718136549019,23.799812775127858,341.44402689474754,8.0,578.9208655802983,25.055446539166155
4344,Suez OUT - Piraeus,SEA,PILOT_TO_PILOT,7,4344,469,8,9,Paximadi,PiraeusTssS,37.57391456198226,23.798909997914635,341.44402689474754,8.0,579.0541199889589,24.92219213050555
4345,Suez OUT - Piraeus,SEA,PILOT_TO_PILOT,7,4345,470,8,9,Paximadi,PiraeusTssS,37.57601546218758,23.798007169762876,341.44402689474754,8.0,579.1873743976196,24.78893772184483
4346,Suez OUT - Piraeus,SEA,PILOT_TO_PILOT,7,4346,471,8,9,Paximadi,PiraeusTssS,37.57811635551695,23.79710429066601,341.44402689474754,8.0,579.3206288062802,24.655683313184227
4347,Suez OUT - Piraeus,SEA,PILOT_TO_PILOT,7,4347,472,8,9,Paximadi,PiraeusTssS,37.58021724196945,23.79620136061746,341.44402689474754,8.0,579.4538832149408,24.522428904523622
4348,Suez OUT - Piraeus,SEA,PILOT_TO_PILOT,7,4348,473,8,9,Paximadi,PiraeusTssS,37.58231812154418,23.795298379610653,341.44402689474754,8.0,579.5871376236014,24.389174495863017
4349,Suez OUT - Piraeus,SEA,PILOT_TO_PILOT,7,4349,474,8,9,Paximadi,PiraeusTssS,37.584418994240224,23.794395347639007,341.44402689474754,8.0,579.720392032262,24.255920087202412
4350,Suez OUT - Piraeus,SEA,PILOT_TO_PILOT,7,4350,475,8,9,Paximadi,PiraeusTssS,37.586519860056676,23.79349226469596,341.44402689474754,8.0,579.8536464409227,24.122665678541694
4351,Suez OUT - Piraeus,SEA,PILOT_TO_PILOT,7,4351,476,8,9,Paximadi,PiraeusTssS,37.58862071899262,23.792589130774925,341.44402689474754,8.0,579.9869008495833,23.98941126988109
4352,Suez OUT - Piraeus,SEA,PILOT_TO_PILOT,7,4352,477,8,9,Paximadi,PiraeusTssS,37.59072157104716,23.791685945869325,341.44402689474754,8.0,580.1201552582439,23.856156861220484
4353,Suez OUT - Piraeus,SEA,PILOT_TO_PILOT,7,4353,478,8,9,Paximadi,PiraeusTssS,37.59282241621936,23.790782709972586,341.44402689474754,8.0,580.2534096669045,23.72290245255988
4354,Suez OUT - Piraeus,SEA,PILOT_TO_PILOT,7,4354,479,8,9,Paximadi,PiraeusTssS,37.59492325450833,23.789879423078112,341.44402689474754,8.0,580.3866640755651,23.589648043899274
4355,Suez OUT - Piraeus,SEA,PILOT_TO_PILOT,7,4355,480,8,9,Paximadi,PiraeusTssS,37.59702408591316,23.78897608517934,341.44402689474754,8.0,580.5199184842259,23.456393635238555
4356,Suez OUT - Piraeus,SEA,PILOT_TO_PILOT,7,4356,481,8,9,Paximadi,PiraeusTssS,37.59912491043293,23.78807269626968,341.44402689474754,8.0,580.6531728928865,23.32313922657795
4357,Suez OUT - Piraeus,SEA,PILOT_TO_PILOT,7,4357,482,8,9,Paximadi,PiraeusTssS,37.60122572806672,23.78716925634255,341.44402689474754,8.0,580.7864273015471,23.189884817917346
4358,Suez OUT - Piraeus,SEA,PILOT_TO_PILOT,7,4358,483,8,9,Paximadi,PiraeusTssS,37.60332653881363,23.786265765391363,341.44402689474754,8.0,580.9196817102077,23.05663040925674
4359,Suez OUT - Piraeus,SEA,PILOT_TO_PILOT,7,4359,484,8,9,Paximadi,PiraeusTssS,37.60542734267277,23.785362223409532,341.44402689474754,8.0,581.0529361188683,22.923376000596136
4360,Suez OUT - Piraeus,SEA,PILOT_TO_PILOT,7,4360,485,8,9,Paximadi,PiraeusTssS,37.60752813964319,23.784458630390485,341.44402689474754,8.0,581.186190527529,22.790121591935417
4361,Suez OUT - Piraeus,SEA,PILOT_TO_PILOT,7,4361,486,8,9,Paximadi,PiraeusTssS,37.609628929724,23.783554986327623,341.44402689474754,8.0,581.3194449361896,22.656867183274812
4362,Suez OUT - Piraeus,SEA,PILOT_TO_PILOT,7,4362,487,8,9,Paximadi,PiraeusTssS,37.61172971291428,23.78265129121436,341.44402689474754,8.0,581.4526993448502,22.523612774614207
4363,Suez OUT - Piraeus,SEA,PILOT_TO_PILOT,7,4363,488,8,9,Paximadi,PiraeusTssS,37.61383048921312,23.781747545044112,341.44402689474754,8.0,581.5859537535108,22.390358365953603
4364,Suez OUT - Piraeus,SEA,PILOT_TO_PILOT,7,4364,489,8,9,Paximadi,PiraeusTssS,37.61593125861962,23.78084374781029,341.44402689474754,8.0,581.7192081621715,22.257103957292884
4365,Suez OUT - Piraeus,SEA,PILOT_TO_PILOT,7,4365,490,8,9,Paximadi,PiraeusTssS,37.618032021132855,23.779939899506296,341.44402689474754,8.0,581.8524625708321,22.12384954863228
4366,Suez OUT - Piraeus,SEA,PILOT_TO_PILOT,7,4366,491,8,9,Paximadi,PiraeusTssS,37.62013277675191,23.77903600012554,341.44402689474754,8.0,581.9857169794927,21.990595139971674
4367,Suez OUT - Piraeus,SEA,PILOT_TO_PILOT,7,4367,492,8,9,Paximadi,PiraeusTssS,37.62223352547588,23.778132049661426,341.44402689474754,8.0,582.1189713881533,21.85734073131107
4368,Suez OUT - Piraeus,SEA,PILOT_TO_PILOT,7,4368,493,8,9,Paximadi,PiraeusTssS,37.624334267303844,23.777228048107375,341.44402689474754,8.0,582.252225796814,21.724086322650464
4369,Suez OUT - Piraeus,SEA,PILOT_TO_PILOT,7,4369,494,8,9,Paximadi,PiraeusTssS,37.626435002234906,23.77632399545678,341.44402689474754,8.0,582.3854802054746,21.59083191398986
4370,Suez OUT - Piraeus,SEA,PILOT_TO_PILOT,7,4370,495,8,9,Paximadi,PiraeusTssS,37.62853573026814,23.775419891703052,341.44402689474754,8.0,582.5187346141353,21.45757750532914
4371,Suez OUT - Piraeus,SEA,PILOT_TO_PILOT,7,4371,496,8,9,Paximadi,PiraeusTssS,37.63063645140263,23.774515736839593,341.44402689474754,8.0,582.6519890227959,21.324323096668536
4372,Suez OUT - Piraeus,SEA,PILOT_TO_PILOT,7,4372,497,8,9,Paximadi,PiraeusTssS,37.63273716563748,23.773611530859807,341.44402689474754,8.0,582.7852434314565,21.19106868800793
4373,Suez OUT - Piraeus,SEA,PILOT_TO_PILOT,7,4373,498,8,9,Paximadi,PiraeusTssS,37.63483787297175,23.77270727375708,341.44402689474754,8.0,582.9184978401171,21.057814279347326
4374,Suez OUT - Piraeus,SEA,PILOT_TO_PILOT,7,4374,499,8,9,Paximadi,PiraeusTssS,37.63693857340455,23.771802965524834,341.44402689474754,8.0,583.0517522487778,20.924559870686608
4375,Suez OUT - Piraeus,SEA,PILOT_TO_PILOT,7,4375,500,8,9,Paximadi,PiraeusTssS,37.63903926693496,23.77089860615647,341.44402689474754,8.0,583.1850066574384,20.791305462026003
4376,Suez OUT - Piraeus,SEA,PILOT_TO_PILOT,7,4376,501,8,9,Paximadi,PiraeusTssS,37.64113995356206,23.76999419564537,341.44402689474754,8.0,583.318261066099,20.658051053365398
4377,Suez OUT - Piraeus,SEA,PILOT_TO_PILOT,7,4377,502,8,9,Paximadi,PiraeusTssS,37.64324063328495,23.769089733984934,341.44402689474754,8.0,583.4515154747596,20.524796644704793
4378,Suez OUT - Piraeus,SEA,PILOT_TO_PILOT,7,4378,503,8,9,Paximadi,PiraeusTssS,37.64534130610269,23.768185221168576,341.44402689474754,8.0,583.5847698834202,20.391542236044188
4379,Suez OUT - Piraeus,SEA,PILOT_TO_PILOT,7,4379,504,8,9,Paximadi,PiraeusTssS,37.647441972014384,23.767280657189673,341.44402689474754,8.0,583.7180242920809,20.25828782738347
4380,Suez OUT - Piraeus,SEA,PILOT_TO_PILOT,7,4380,505,8,9,Paximadi,PiraeusTssS,37.64954263101913,23.766376042041635,341.44402689474754,8.0,583.8512787007415,20.125033418722865
4381,Suez OUT - Piraeus,SEA,PILOT_TO_PILOT,7,4381,506,8,9,Paximadi,PiraeusTssS,37.651643283115995,23.76547137571785,341.44402689474754,8.0,583.9845331094022,19.99177901006226
4382,Suez OUT - Piraeus,SEA,PILOT_TO_PILOT,7,4382,507,8,9,Paximadi,PiraeusTssS,37.65374392830407,23.76456665821171,341.44402689474754,8.0,584.1177875180628,19.858524601401655
4383,Suez OUT - Piraeus,SEA,PILOT_TO_PILOT,7,4383,508,8,9,Paximadi,PiraeusTssS,37.655844566582424,23.76366188951661,341.44402689474754,8.0,584.2510419267234,19.72527019274105
4384,Suez OUT - Piraeus,SEA,PILOT_TO_PILOT,7,4384,509,8,9,Paximadi,PiraeusTssS,37.657945197950184,23.762757069625938,341.44402689474754,8.0,584.3842963353841,19.59201578408033
4385,Suez OUT - Piraeus,SEA,PILOT_TO_PILOT,7,4385,510,8,9,Paximadi,PiraeusTssS,37.66004582240638,23.76185219853308,341.44402689474754,8.0,584.5175507440447,19.458761375419726
4386,Suez OUT - Piraeus,SEA,PILOT_TO_PILOT,7,4386,511,8,9,Paximadi,PiraeusTssS,37.662146439950156,23.76094727623144,341.44402689474754,8.0,584.6508051527053,19.32550696675912
4387,Suez OUT - Piraeus,SEA,PILOT_TO_PILOT,7,4387,512,8,9,Paximadi,PiraeusTssS,37.66424705058054,23.760042302714396,341.44402689474754,8.0,584.7840595613659,19.192252558098517
4388,Suez OUT - Piraeus,SEA,PILOT_TO_PILOT,7,4388,513,8,9,Paximadi,PiraeusTssS,37.66634765429666,23.759137277975338,341.44402689474754,8.0,584.9173139700265,19.05899814943791
4389,Suez OUT - Piraeus,SEA,PILOT_TO_PILOT,7,4389,514,8,9,Paximadi,PiraeusTssS,37.66844825109758,23.758232202007644,341.44402689474754,8.0,585.0505683786872,18.925743740777193
4390,Suez OUT - Piraeus,SEA,PILOT_TO_PILOT,7,4390,515,8,9,Paximadi,PiraeusTssS,37.67054884098239,23.75732707480472,341.44402689474754,8.0,585.1838227873478,18.79248933211659
4391,Suez OUT - Piraeus,SEA,PILOT_TO_PILOT,7,4391,516,8,9,Paximadi,PiraeusTssS,37.67264942395017,23.75642189635993,341.44402689474754,8.0,585.3170771960084,18.659234923455983
4392,Suez OUT - Piraeus,SEA,PILOT_TO_PILOT,8,4392,0,9,10,PiraeusTssS,PiraeusTssN,37.67475,23.75551666666667,334.53776116597,8.0,585.450331604669,18.52598051479538
4393,Suez OUT - Piraeus,SEA,PILOT_TO_PILOT,8,4393,1,9,10,PiraeusTssS,PiraeusTssN,37.67675150769459,23.754312511764205,334.53776116597,8.0,585.583431565465,18.392880553999362
4394,Suez OUT - Piraeus,SEA,PILOT_TO_PILOT,8,4394,2,9,10,PiraeusTssS,PiraeusTssN,37.67875300314615,23.753108291892236,334.53776116597,8.0,585.7165315262611,18.259780593203345
4395,Suez OUT - Piraeus,SEA,PILOT_TO_PILOT,8,4395,3,9,10,PiraeusTssS,PiraeusTssN,37.68075448635316,23.751904007042953,334.53776116597,8.0,585.8496314870571,18.12668063240733
4396,Suez OUT - Piraeus,SEA,PILOT_TO_PILOT,8,4396,4,9,10,PiraeusTssS,PiraeusTssN,37.68275595731405,23.750699657208553,334.53776116597,8.0,585.9827314478532,17.9935806716112
4397,Suez OUT - Piraeus,SEA,PILOT_TO_PILOT,8,4397,5,9,10,PiraeusTssS,PiraeusTssN,37.6847574160273,23.749495242381244,334.53776116597,8.0,586.1158314086492,17.86048071081518
4398,Suez OUT - Piraeus,SEA,PILOT_TO_PILOT,8,4398,6,9,10,PiraeusTssS,PiraeusTssN,37.686758862491345,23.74829076255321,334.53776116597,8.0,586.2489313694452,17.727380750019165
4399,Suez OUT - Piraeus,SEA,PILOT_TO_PILOT,8,4399,7,9,10,PiraeusTssS,PiraeusTssN,37.68876029670466,23.74708621771666,334.53776116597,8.0,586.3820313302413,17.59428078922315
4400,Suez OUT - Piraeus,SEA,PILOT_TO_PILOT,8,4400,8,9,10,PiraeusTssS,PiraeusTssN,37.690761718665684,23.745881607863783,334.53776116597,8.0,586.5151312910373,17.461180828427132
4401,Suez OUT - Piraeus,SEA,PILOT_TO_PILOT,8,4401,9,9,10,PiraeusTssS,PiraeusTssN,37.69276312837287,23.744676932986774,334.53776116597,8.0,586.6482312518333,17.328080867631115
4402,Suez OUT - Piraeus,SEA,PILOT_TO_PILOT,8,4402,10,9,10,PiraeusTssS,PiraeusTssN,37.694764525824674,23.743472193077825,334.53776116597,8.0,586.7813312126293,17.1949809068351
4403,Suez OUT - Piraeus,SEA,PILOT_TO_PILOT,8,4403,11,9,10,PiraeusTssS,PiraeusTssN,37.696765911019554,23.742267388129132,334.53776116597,8.0,586.9144311734254,17.06188094603897
4404,Suez OUT - Piraeus,SEA,PILOT_TO_PILOT,8,4404,12,9,10,PiraeusTssS,PiraeusTssN,37.69876728395596,23.741062518132875,334.53776116597,8.0,587.0475311342215,16.928780985242952
4405,Suez OUT - Piraeus,SEA,PILOT_TO_PILOT,8,4405,13,9,10,PiraeusTssS,PiraeusTssN,37.70076864463234,23.739857583081253,334.53776116597,8.0,587.1806310950175,16.795681024446935
4406,Suez OUT - Piraeus,SEA,PILOT_TO_PILOT,8,4406,14,9,10,PiraeusTssS,PiraeusTssN,37.70276999304716,23.73865258296646,334.53776116597,8.0,587.3137310558135,16.66258106365092
4407,Suez OUT - Piraeus,SEA,PILOT_TO_PILOT,8,4407,15,9,10,PiraeusTssS,PiraeusTssN,37.70477132919886,23.737447517780673,334.53776116597,8.0,587.4468310166095,16.529481102854902
4408,Suez OUT - Piraeus,SEA,PILOT_TO_PILOT,8,4408,16,9,10,PiraeusTssS,PiraeusTssN,37.706772653085906,23.73624238751608,334.53776116597,8.0,587.5799309774055,16.396381142058885
4409,Suez OUT - Piraeus,SEA,PILOT_TO_PILOT,8,4409,17,9,10,PiraeusTssS,PiraeusTssN,37.708773964706744,23.735037192164874,334.53776116597,8.0,587.7130309382015,16.26328118126287
4410,Suez OUT - Piraeus,SEA,PILOT_TO_PILOT,8,4410,18,9,10,PiraeusTssS,PiraeusTssN,37.71077526405981,23.733831931719234,334.53776116597,8.0,587.8461308989977,16.13018122046674
4411,Suez OUT - Piraeus,SEA,PILOT_TO_PILOT,8,4411,19,9,10,PiraeusTssS,PiraeusTssN,37.71277655114359,23.73262660617135,334.53776116597,8.0,587.9792308597937,15.997081259670722
4412,Suez OUT - Piraeus,SEA,PILOT_TO_PILOT,8,4412,20,9,10,PiraeusTssS,PiraeusTssN,37.7147778259565,23.7314212155134,334.53776116597,8.0,588.1123308205897,15.863981298874705
4413,Suez OUT - Piraeus,SEA,PILOT_TO_PILOT,8,4413,21,9,10,PiraeusTssS,PiraeusTssN,37.716779088497006,23.73021575973757,334.53776116597,8.0,588.2454307813857,15.730881338078689
4414,Suez OUT - Piraeus,SEA,PILOT_TO_PILOT,8,4414,22,9,10,PiraeusTssS,PiraeusTssN,37.718780338763565,23.72901023883604,334.53776116597,8.0,588.3785307421817,15.597781377282672
4415,Suez OUT - Piraeus,SEA,PILOT_TO_PILOT,8,4415,23,9,10,PiraeusTssS,PiraeusTssN,37.72078157675462,23.727804652800977,334.53776116597,8.0,588.5116307029778,15.464681416486656
4416,Suez OUT - Piraeus,SEA,PILOT_TO_PILOT,8,4416,24,9,10,PiraeusTssS,PiraeusTssN,37.72278280246862,23.726599001624578,334.53776116597,8.0,588.6447306637738,15.331581455690639
4417,Suez OUT - Piraeus,SEA,PILOT_TO_PILOT,8,4417,25,9,10,PiraeusTssS,PiraeusTssN,37.72478401590403,23.725393285299017,334.53776116597,8.0,588.7778306245699,15.198481494894509
4418,Suez OUT - Piraeus,SEA,PILOT_TO_PILOT,8,4418,26,9,10,PiraeusTssS,PiraeusTssN,37.72678521705928,23.724187503816466,334.53776116597,8.0,588.9109305853659,15.065381534098492
4419,Suez OUT - Piraeus,SEA,PILOT_TO_PILOT,8,4419,27,9,10,PiraeusTssS,PiraeusTssN,37.72878640593283,23.7229816571691,334.53776116597,8.0,589.0440305461619,14.932281573302475
4420,Suez OUT - Piraeus,SEA,PILOT_TO_PILOT,8,4420,28,9,10,PiraeusTssS,PiraeusTssN,37.730787582523135,23.721775745349102,334.53776116597,8.0,589.177130506958,14.799181612506459
4421,Suez OUT - Piraeus,SEA,PILOT_TO_PILOT,8,4421,29,9,10,PiraeusTssS,PiraeusTssN,37.732788746828646,23.72056976834864,334.53776116597,8.0,589.310230467754,14.666081651710442
4422,Suez OUT - Piraeus,SEA,PILOT_TO_PILOT,8,4422,30,9,10,PiraeusTssS,PiraeusTssN,37.7347898988478,23.71936372615989,334.53776116597,8.0,589.44333042855,14.532981690914426
4423,Suez OUT - Piraeus,SEA,PILOT_TO_PILOT,8,4423,31,9,10,PiraeusTssS,PiraeusTssN,37.73679103857904,23.718157618775017,334.53776116597,8.0,589.576430389346,14.399881730118409
4424,Suez OUT - Piraeus,SEA,PILOT_TO_PILOT,8,4424,32,9,10,PiraeusTssS,PiraeusTssN,37.738792166020836,23.716951446186197,334.53776116597,8.0,589.709530350142,14.266781769322392
4425,Suez OUT - Piraeus,SEA,PILOT_TO_PILOT,8,4425,33,9,10,PiraeusTssS,PiraeusTssN,37.740793281171634,23.715745208385602,334.53776116597,8.0,589.8426303109381,14.133681808526262
4426,Suez OUT - Piraeus,SEA,PILOT_TO_PILOT,8,4426,34,9,10,PiraeusTssS,PiraeusTssN,37.74279438402987,23.714538905365398,334.53776116597,8.0,589.9757302717342,14.000581847730245
4427,Suez OUT - Piraeus,SEA,PILOT_TO_PILOT,8,4427,35,9,10,PiraeusTssS,PiraeusTssN,37.744795474594,23.713332537117754,334.53776116597,8.0,590.1088302325302,13.867481886934229
4428,Suez OUT - Piraeus,SEA,PILOT_TO_PILOT,8,4428,36,9,10,PiraeusTssS,PiraeusTssN,37.74679655286247,23.71212610363484,334.53776116597,8.0,590.2419301933262,13.734381926138212
4429,Suez OUT - Piraeus,SEA,PILOT_TO_PILOT,8,4429,37,9,10,PiraeusTssS,PiraeusTssN,37.74879761883373,23.710919604908817,334.53776116597,8.0,590.3750301541222,13.601281965342196
4430,Suez OUT - Piraeus,SEA,PILOT_TO_PILOT,8,4430,38,9,10,PiraeusTssS,PiraeusTssN,37.75079867250622,23.709713040931845,334.53776116597,8.0,590.5081301149182,13.468182004546179
4431,Suez OUT - Piraeus,SEA,PILOT_TO_PILOT,8,4431,39,9,10,PiraeusTssS,PiraeusTssN,37.752799713878396,23.7085064116961,334.53776116597,8.0,590.6412300757142,13.335082043750162
4432,Suez OUT - Piraeus,SEA,PILOT_TO_PILOT,8,4432,40,9,10,PiraeusTssS,PiraeusTssN,37.754800742948696,23.707299717193735,334.53776116597,8.0,590.7743300365104,13.201982082954032
4433,Suez OUT - Piraeus,SEA,PILOT_TO_PILOT,8,4433,41,9,10,PiraeusTssS,PiraeusTssN,37.756801759715586,23.706092957416917,334.53776116597,8.0,590.9074299973064,13.068882122158016
4434,Suez OUT - Piraeus,SEA,PILOT_TO_PILOT,8,4434,42,9,10,PiraeusTssS,PiraeusTssN,37.758802764177496,23.704886132357807,334.53776116597,8.0,591.0405299581024,12.935782161361999
4435,Suez OUT - Piraeus,SEA,PILOT_TO_PILOT,8,4435,43,9,10,PiraeusTssS,PiraeusTssN,37.760803756332876,23.703679242008565,334.53776116597,8.0,591.1736299188984,12.802682200565982
4436,Suez OUT - Piraeus,SEA,PILOT_TO_PILOT,8,4436,44,9,10,PiraeusTssS,PiraeusTssN,37.762804736180165,23.702472286361342,334.53776116597,8.0,591.3067298796944,12.669582239769966
4437,Suez OUT - Piraeus,SEA,PILOT_TO_PILOT,8,4437,45,9,10,PiraeusTssS,PiraeusTssN,37.76480570371782,23.70126526540831,334.53776116597,8.0,591.4398298404905,12.53648227897395
4438,Suez OUT - Piraeus,SEA,PILOT_TO_PILOT,8,4438,46,9,10,PiraeusTssS,PiraeusTssN,37.76680665894429,23.700058179141617,334.53776116597,8.0,591.5729298012865,12.403382318177933
4439,Suez OUT - Piraeus,SEA,PILOT_TO_PILOT,8,4439,47,9,10,PiraeusTssS,PiraeusTssN,37.76880760185803,23.698851027553417,334.53776116597,8.0,591.7060297620826,12.270282357381802
4440,Suez OUT - Piraeus,SEA,PILOT_TO_PILOT,8,4440,48,9,10,PiraeusTssS,PiraeusTssN,37.770808532457444,23.69764381063587,334.53776116597,8.0,591.8391297228786,12.137182396585786
4441,Suez OUT - Piraeus,SEA,PILOT_TO_PILOT,8,4441,49,9,10,PiraeusTssS,PiraeusTssN,37.772809450741015,23.696436528381128,334.53776116597,8.0,591.9722296836746,12.004082435789769
4442,Suez OUT - Piraeus,SEA,PILOT_TO_PILOT,8,4442,50,9,10,PiraeusTssS,PiraeusTssN,37.77481035670718,23.695229180781336,334.53776116597,8.0,592.1053296444707,11.870982474993752
4443,Suez OUT - Piraeus,SEA,PILOT_TO_PILOT,8,4443,51,9,10,PiraeusTssS,PiraeusTssN,37.77681125035438,23.694021767828662,334.53776116597,8.0,592.2384296052667,11.737882514197736
4444,Suez OUT - Piraeus,SEA,PILOT_TO_PILOT,8,4444,52,9,10,PiraeusTssS,PiraeusTssN,37.77881213168104,23.692814289515244,334.53776116597,8.0,592.3715295660627,11.60478255340172
4445,Suez OUT - Piraeus,SEA,PILOT_TO_PILOT,8,4445,53,9,10,PiraeusTssS,PiraeusTssN,37.78081300068565,23.691606745833237,334.53776116597,8.0,592.5046295268587,11.471682592605703
4446,Suez OUT - Piraeus,SEA,PILOT_TO_PILOT,8,4446,54,9,10,PiraeusTssS,PiraeusTssN,37.782813857366605,23.690399136774786,334.53776116597,8.0,592.6377294876548,11.338582631809572
4447,Suez OUT - Piraeus,SEA,PILOT_TO_PILOT,8,4447,55,9,10,PiraeusTssS,PiraeusTssN,37.78481470172239,23.68919146233204,334.53776116597,8.0,592.7708294484509,11.205482671013556
4448,Suez OUT - Piraeus,SEA,PILOT_TO_PILOT,8,4448,56,9,10,PiraeusTssS,PiraeusTssN,37.78681553375143,23.68798372249715,334.53776116597,8.0,592.9039294092469,11.07238271021754
4449,Suez OUT - Piraeus,SEA,PILOT_TO_PILOT,8,4449,57,9,10,PiraeusTssS,PiraeusTssN,37.788816353452155,23.68677591726226,334.53776116597,8.0,593.0370293700429,10.939282749421523
4450,Suez OUT - Piraeus,SEA,PILOT_TO_PILOT,8,4450,58,9,10,PiraeusTssS,PiraeusTssN,37.79081716082303,23.685568046619508,334.53776116597,8.0,593.1701293308389,10.806182788625506
4451,Suez OUT - Piraeus,SEA,PILOT_TO_PILOT,8,4451,59,9,10,PiraeusTssS,PiraeusTssN,37.792817955862496,23.684360110561048,334.53776116597,8.0,593.3032292916349,10.67308282782949
4452,Suez OUT - Piraeus,SEA,PILOT_TO_PILOT,8,4452,60,9,10,PiraeusTssS,PiraeusTssN,37.79481873856899,23.683152109079014,334.53776116597,8.0,593.4363292524309,10.539982867033473
4453,Suez OUT - Piraeus,SEA,PILOT_TO_PILOT,8,4453,61,9,10,PiraeusTssS,PiraeusTssN,37.796819508940956,23.681944042165558,334.53776116597,8.0,593.5694292132271,10.406882906237342
4454,Suez OUT - Piraeus,SEA,PILOT_TO_PILOT,8,4454,62,9,10,PiraeusTssS,PiraeusTssN,37.798820266976826,23.680735909812807,334.53776116597,8.0,593.7025291740231,10.273782945441326
4455,Suez OUT - Piraeus,SEA,PILOT_TO_PILOT,8,4455,63,9,10,PiraeusTssS,PiraeusTssN,37.800821012675065,23.67952771201291,334.53776116597,8.0,593.8356291348191,10.14068298464531
4456,Suez OUT - Piraeus,SEA,PILOT_TO_PILOT,8,4456,64,9,10,PiraeusTssS,PiraeusTssN,37.802821746034084,23.678319448758007,334.53776116597,8.0,593.9687290956151,10.007583023849293
4457,Suez OUT - Piraeus,SEA,PILOT_TO_PILOT,8,4457,65,9,10,PiraeusTssS,PiraeusTssN,37.804822467052354,23.67711112004023,334.53776116597,8.0,594.1018290564111,9.874483063053276
4458,Suez OUT - Piraeus,SEA,PILOT_TO_PILOT,8,4458,66,9,10,PiraeusTssS,PiraeusTssN,37.806823175728304,23.675902725851717,334.53776116597,8.0,594.2349290172072,9.74138310225726
4459,Suez OUT - Piraeus,SEA,PILOT_TO_PILOT,8,4459,67,9,10,PiraeusTssS,PiraeusTssN,37.80882387206038,23.6746942661846,334.53776116597,8.0,594.3680289780032,9.608283141461243
4460,Suez OUT - Piraeus,SEA,PILOT_TO_PILOT,8,4460,68,9,10,PiraeusTssS,PiraeusTssN,37.81082455604701,23.67348574103103,334.53776116597,8.0,594.5011289387993,9.475183180665113
4461,Suez OUT - Piraeus,SEA,PILOT_TO_PILOT,8,4461,69,9,10,PiraeusTssS,PiraeusTssN,37.812825227686645,23.672277150383117,334.53776116597,8.0,594.6342288995953,9.342083219869096
4462,Suez OUT - Piraeus,SEA,PILOT_TO_PILOT,8,4462,70,9,10,PiraeusTssS,PiraeusTssN,37.81482588697773,23.671068494233005,334.53776116597,8.0,594.7673288603913,9.20898325907308
4463,Suez OUT - Piraeus,SEA,PILOT_TO_PILOT,8,4463,71,9,10,PiraeusTssS,PiraeusTssN,37.8168265339187,23.669859772572828,334.53776116597,8.0,594.9004288211873,9.075883298277063
4464,Suez OUT - Piraeus,SEA,PILOT_TO_PILOT,8,4464,72,9,10,PiraeusTssS,PiraeusTssN,37.81882716850799,23.668650985394716,334.53776116597,8.0,595.0335287819834,8.942783337481046
4465,Suez OUT - Piraeus,SEA,PILOT_TO_PILOT,8,4465,73,9,10,PiraeusTssS,PiraeusTssN,37.82082779074404,23.6674421326908,334.53776116597,8.0,595.1666287427794,8.80968337668503
4466,Suez OUT - Piraeus,SEA,PILOT_TO_PILOT,8,4466,74,9,10,PiraeusTssS,PiraeusTssN,37.82282840062531,23.666233214453204,334.53776116597,8.0,595.2997287035754,8.676583415889013
4467,Suez OUT - Piraeus,SEA,PILOT_TO_PILOT,8,4467,75,9,10,PiraeusTssS,PiraeusTssN,37.82482899815022,23.665024230674053,334.53776116597,8.0,595.4328286643715,8.543483455092883
4468,Suez OUT - Piraeus,SEA,PILOT_TO_PILOT,8,4468,76,9,10,PiraeusTssS,PiraeusTssN,37.826829583317206,23.663815181345488,334.53776116597,8.0,595.5659286251675,8.410383494296866
4469,Suez OUT - Piraeus,SEA,PILOT_TO_PILOT,8,4469,77,9,10,PiraeusTssS,PiraeusTssN,37.828830156124724,23.66260606645961,334.53776116597,8.0,595.6990285859636,8.27728353350085
4470,Suez OUT - Piraeus,SEA,PILOT_TO_PILOT,8,4470,78,9,10,PiraeusTssS,PiraeusTssN,37.83083071657119,23.66139688600856,334.53776116597,8.0,595.8321285467596,8.144183572704833
4471,Suez OUT - Piraeus,SEA,PILOT_TO_PILOT,8,4471,79,9,10,PiraeusTssS,PiraeusTssN,37.83283126465507,23.660187639984464,334.53776116597,8.0,595.9652285075556,8.011083611908816
4472,Suez OUT - Piraeus,SEA,PILOT_TO_PILOT,8,4472,80,9,10,PiraeusTssS,PiraeusTssN,37.83483180037478,23.658978328379437,334.53776116597,8.0,596.0983284683516,7.8779836511128
4473,Suez OUT - Piraeus,SEA,PILOT_TO_PILOT,8,4473,81,9,10,PiraeusTssS,PiraeusTssN,37.83683232372877,23.657768951185606,334.53776116597,8.0,596.2314284291476,7.744883690316783
4474,Suez OUT - Piraeus,SEA,PILOT_TO_PILOT,8,4474,82,9,10,PiraeusTssS,PiraeusTssN,37.838832834715475,23.656559508395084,334.53776116597,8.0,596.3645283899438,7.611783729520653
4475,Suez OUT - Piraeus,SEA,PILOT_TO_PILOT,9,4475,0,10,11,PiraeusTssN,Baikoutsi,37.840833333333336,23.655349999999995,336.183098471902,8.0,596.4976283507398,7.478683768724636
4476,Suez OUT - Piraeus,SEA,PILOT_TO_PILOT,9,4476,1,10,11,PiraeusTssN,Baikoutsi,37.84285143507149,23.654221968380664,336.183098471902,8.0,596.6300755504079,7.346236569056487
4477,Suez OUT - Piraeus,SEA,PILOT_TO_PILOT,9,4477,2,10,11,PiraeusTssN,Baikoutsi,37.84486952604953,23.65309387502578,336.183098471902,8.0,596.762522750076,7.213789369388451
4478,Suez OUT - Piraeus,SEA,PILOT_TO_PILOT,9,4478,3,10,11,PiraeusTssN,Baikoutsi,37.84688760626608,23.651965719927812,336.183098471902,8.0,596.8949699497441,7.081342169720301
4479,Suez OUT - Piraeus,SEA,PILOT_TO_PILOT,9,4479,4,10,11,PiraeusTssN,Baikoutsi,37.84890567571978,23.650837503079227,336.183098471902,8.0,597.0274171494123,6.948894970052152
4480,Suez OUT - Piraeus,SEA,PILOT_TO_PILOT,9,4480,5,10,11,PiraeusTssN,Baikoutsi,37.85092373440925,23.649709224472467,336.183098471902,8.0,597.1598643490804,6.816447770384002
4481,Suez OUT - Piraeus,SEA,PILOT_TO_PILOT,9,4481,6,10,11,PiraeusTssN,Baikoutsi,37.85294178233312,23.648580884100006,336.183098471902,8.0,597.2923115487484,6.684000570715966
4482,Suez OUT - Piraeus,SEA,PILOT_TO_PILOT,9,4482,7,10,11,PiraeusTssN,Baikoutsi,37.85495981949001,23.647452481954303,336.183098471902,8.0,597.4247587484166,6.551553371047817
4483,Suez OUT - Piraeus,SEA,PILOT_TO_PILOT,9,4483,8,10,11,PiraeusTssN,Baikoutsi,37.856977845878575,23.6463240180278,336.183098471902,8.0,597.5572059480847,6.419106171379667
4484,Suez OUT - Piraeus,SEA,PILOT_TO_PILOT,9,4484,9,10,11,PiraeusTssN,Baikoutsi,37.8589958614974,23.645195492312965,336.183098471902,8.0,597.6896531477528,6.286658971711631
4485,Suez OUT - Piraeus,SEA,PILOT_TO_PILOT,9,4485,10,10,11,PiraeusTssN,Baikoutsi,37.86101386634515,23.644066904802248,336.183098471902,8.0,597.8221003474209,6.154211772043482
4486,Suez OUT - Piraeus,SEA,PILOT_TO_PILOT,9,4486,11,10,11,PiraeusTssN,Baikoutsi,37.86303186042043,23.6429382554881,336.183098471902,8.0,597.9545475470891,6.021764572375332
4487,Suez OUT - Piraeus,SEA,PILOT_TO_PILOT,9,4487,12,10,11,PiraeusTssN,Baikoutsi,37.86504984372187,23.641809544362992,336.183098471902,8.0,598.0869947467572,5.889317372707183
4488,Suez OUT - Piraeus,SEA,PILOT_TO_PILOT,9,4488,13,10,11,PiraeusTssN,Baikoutsi,37.86706781624811,23.64068077141935,336.183098471902,8.0,598.2194419464253,5.756870173039147
4489,Suez OUT - Piraeus,SEA,PILOT_TO_PILOT,9,4489,14,10,11,PiraeusTssN,Baikoutsi,37.86908577799777,23.639551936649642,336.183098471902,8.0,598.3518891460934,5.624422973370997
4490,Suez OUT - Piraeus,SEA,PILOT_TO_PILOT,9,4490,15,10,11,PiraeusTssN,Baikoutsi,37.87110372896947,23.63842304004631,336.183098471902,8.0,598.4843363457616,5.491975773702848
4491,Suez OUT - Piraeus,SEA,PILOT_TO_PILOT,9,4491,16,10,11,PiraeusTssN,Baikoutsi,37.87312166916185,23.6372940816018,336.183098471902,8.0,598.6167835454296,5.359528574034812
4492,Suez OUT - Piraeus,SEA,PILOT_TO_PILOT,9,4492,17,10,11,PiraeusTssN,Baikoutsi,37.87513959857351,23.636165061308574,336.183098471902,8.0,598.7492307450977,5.227081374366662
4493,Suez OUT - Piraeus,SEA,PILOT_TO_PILOT,9,4493,18,10,11,PiraeusTssN,Baikoutsi,37.8771575172031,23.635035979159063,336.183098471902,8.0,598.8816779447659,5.094634174698513
4494,Suez OUT - Piraeus,SEA,PILOT_TO_PILOT,9,4494,19,10,11,PiraeusTssN,Baikoutsi,37.87917542504924,23.63390683514572,336.183098471902,8.0,599.014125144434,4.962186975030363
4495,Suez OUT - Piraeus,SEA,PILOT_TO_PILOT,9,4495,20,10,11,PiraeusTssN,Baikoutsi,37.88119332211055,23.632777629260993,336.183098471902,8.0,599.1465723441021,4.829739775362327
4496,Suez OUT - Piraeus,SEA,PILOT_TO_PILOT,9,4496,21,10,11,PiraeusTssN,Baikoutsi,37.88321120838567,23.63164836149732,336.183098471902,8.0,599.2790195437702,4.697292575694178
4497,Suez OUT - Piraeus,SEA,PILOT_TO_PILOT,9,4497,22,10,11,PiraeusTssN,Baikoutsi,37.88522908387319,23.63051903184714,336.183098471902,8.0,599.4114667434384,4.564845376026028
4498,Suez OUT - Piraeus,SEA,PILOT_TO_PILOT,9,4498,23,10,11,PiraeusTssN,Baikoutsi,37.88724694857178,23.629389640302907,336.183098471902,8.0,599.5439139431064,4.432398176357992
4499,Suez OUT - Piraeus,SEA,PILOT_TO_PILOT,9,4499,24,10,11,PiraeusTssN,Baikoutsi,37.889264802480035,23.628260186857045,336.183098471902,8.0,599.6763611427746,4.299950976689843
4500,Suez OUT - Piraeus,SEA,PILOT_TO_PILOT,9,4500,25,10,11,PiraeusTssN,Baikoutsi,37.89128264559659,23.627130671502016,336.183098471902,8.0,599.8088083424427,4.167503777021693
4501,Suez OUT - Piraeus,SEA,PILOT_TO_PILOT,9,4501,26,10,11,PiraeusTssN,Baikoutsi,37.893300477920064,23.626001094230244,336.183098471902,8.0,599.9412555421109,4.035056577353544
4502,Suez OUT - Piraeus,SEA,PILOT_TO_PILOT,9,4502,27,10,11,PiraeusTssN,Baikoutsi,37.89531829944909,23.62487145503416,336.183098471902,8.0,600.0737027417789,3.9026093776855078
4503,Suez OUT - Piraeus,SEA,PILOT_TO_PILOT,9,4503,28,10,11,PiraeusTssN,Baikoutsi,37.89733611018228,23.623741753906224,336.183098471902,8.0,600.206149941447,3.770162178017358
4504,Suez OUT - Piraeus,SEA,PILOT_TO_PILOT,9,4504,29,10,11,PiraeusTssN,Baikoutsi,37.89935391011826,23.622611990838845,336.183098471902,8.0,600.3385971411152,3.6377149783492086
4505,Suez OUT - Piraeus,SEA,PILOT_TO_PILOT,9,4505,30,10,11,PiraeusTssN,Baikoutsi,37.901371699255655,23.621482165824474,336.183098471902,8.0,600.4710443407832,3.505267778681173
4506,Suez OUT - Piraeus,SEA,PILOT_TO_PILOT,9,4506,31,10,11,PiraeusTssN,Baikoutsi,37.903389477593095,23.620352278855542,336.183098471902,8.0,600.6034915404514,3.3728205790130232
4507,Suez OUT - Piraeus,SEA,PILOT_TO_PILOT,9,4507,32,10,11,PiraeusTssN,Baikoutsi,37.90540724512919,23.61922232992448,336.183098471902,8.0,600.7359387401195,3.2403733793448737
4508,Suez OUT - Piraeus,SEA,PILOT_TO_PILOT,9,4508,33,10,11,PiraeusTssN,Baikoutsi,37.90742500186259,23.61809231902372,336.183098471902,8.0,600.8683859397877,3.107926179676724
4509,Suez OUT - Piraeus,SEA,PILOT_TO_PILOT,9,4509,34,10,11,PiraeusTssN,Baikoutsi,37.90944274779188,23.616962246145693,336.183098471902,8.0,601.0008331394557,2.9754789800086883
4510,Suez OUT - Piraeus,SEA,PILOT_TO_PILOT,9,4510,35,10,11,PiraeusTssN,Baikoutsi,37.91146048291572,23.61583211128283,336.183098471902,8.0,601.1332803391239,2.8430317803405387
4511,Suez OUT - Piraeus,SEA,PILOT_TO_PILOT,9,4511,36,10,11,PiraeusTssN,Baikoutsi,37.913478207232686,23.614701914427553,336.183098471902,8.0,601.265727538792,2.710584580672389
4512,Suez OUT - Piraeus,SEA,PILOT_TO_PILOT,9,4512,37,10,11,PiraeusTssN,Baikoutsi,37.91549592074145,23.613571655572304,336.183098471902,8.0,601.39817473846,2.5781373810043533
4513,Suez OUT - Piraeus,SEA,PILOT_TO_PILOT,9,4513,38,10,11,PiraeusTssN,Baikoutsi,37.917513623440605,23.612441334709494,336.183098471902,8.0,601.5306219381282,2.4456901813362038
4514,Suez OUT - Piraeus,SEA,PILOT_TO_PILOT,9,4514,39,10,11,PiraeusTssN,Baikoutsi,37.91953131532878,23.61131095183156,336.183098471902,8.0,601.6630691377964,2.313242981668054
4515,Suez OUT - Piraeus,SEA,PILOT_TO_PILOT,9,4515,40,10,11,PiraeusTssN,Baikoutsi,37.9215489964046,23.61018050693092,336.183098471902,8.0,601.7955163374644,2.1807957820000183
4516,Suez OUT - Piraeus,SEA,PILOT_TO_PILOT,10,4516,0,11,12,Baikoutsi,PltStn,37.923566666666666,23.60905,352.9055377833233,8.0,601.9279635371325,2.048348582331869
4517,Suez OUT - Piraeus,SEA,PILOT_TO_PILOT,10,4517,1,11,12,Baikoutsi,PltStn,37.925758334851366,23.608704197591244,352.9055377833233,8.0,602.0605675595973,1.9157445598671075
4518,Suez OUT - Piraeus,SEA,PILOT_TO_PILOT,10,4518,2,11,12,Baikoutsi,PltStn,37.92795000202415,23.608358374568,352.9055377833233,8.0,602.1931715820621,1.7831405374023461
4519,Suez OUT - Piraeus,SEA,PILOT_TO_PILOT,10,4519,3,11,12,Baikoutsi,PltStn,37.930141668184845,23.60801253092742,352.9055377833233,8.0,602.3257756045268,1.6505365149375848
4520,Suez OUT - Piraeus,SEA,PILOT_TO_PILOT,11,4520,0,12,13,PltStn,LL,37.93233333333333,23.607666666666667,59.21191578176706,8.0,602.4583796269917,1.5179324924727098
4521,Suez OUT - Piraeus,SEA,PILOT_TO_PILOT,11,4521,1,12,13,PltStn,LL,37.93346115985478,23.610066593025806,59.21191578176706,8.0,602.5906738585082,1.3856382609561706
4522,Suez OUT - Piraeus,SEA,PILOT_TO_PILOT,11,4522,2,12,13,PltStn,LL,37.93458893763371,23.612466593025115,59.21191578176706,8.0,602.7229680900249,1.2533440294395177
4523,Suez OUT - Piraeus,SEA,PILOT_TO_PILOT,12,4523,0,13,14,LL,InBW,37.935716666666664,23.614866666666664,69.04696837978645,8.0,602.8552623215414,1.1210497979229785
4524,Suez OUT - Piraeus,SEA,PILOT_TO_PILOT,12,4524,1,13,14,LL,InBW,37.93650014240681,23.617460972854143,69.04696837978645,8.0,602.9868104743492,0.9895016451151832
4525,Suez OUT - Piraeus,SEA,PILOT_TO_PILOT,12,4525,2,13,14,LL,InBW,37.93728356118798,23.62005533434613,69.04696837978645,8.0,603.118358627157,0.8579534923073879
4526,Suez OUT - Piraeus,SEA,PILOT_TO_PILOT,12,4526,3,13,14,LL,InBW,37.93806692300738,23.62264975114132,69.04696837978645,8.0,603.2499067799648,0.7264053394995926
4527,Suez OUT - Piraeus,SEA,PILOT_TO_PILOT,12,4527,4,13,14,LL,InBW,37.93885022786217,23.625244223238436,69.04696837978645,8.0,603.3814549327725,0.594857186691911
4528,Suez OUT - Piraeus,SEA,PILOT_TO_PILOT,12,4528,5,13,14,LL,InBW,37.93963347574954,23.627838750636204,69.04696837978645,8.0,603.5130030855803,0.4633090338841157
4529,Suez OUT - Piraeus,SEA,PILOT_TO_PILOT,13,4529,0,14,15,InBW,PiraeusBerth,37.94041666666666,23.630433333333336,74.96359670963602,8.0,603.6445512383881,0.3317608810763204
4530,Suez OUT - Piraeus,SEA,PILOT_TO_PILOT,13,4530,1,14,15,InBW,PiraeusBerth,37.94113338177149,23.633816633673103,74.96359670963602,8.0,603.8104316789262,0.16588044053821704
4531,Suez OUT - Piraeus,SEA,PILOT_TO_PILOT,13,4531,2,14,15,InBW,PiraeusBerth,37.94185,23.6372,74.96359670963602,8.0,603.9763121194644,0.0
