sim_index,route_name,route_type,phase,leg_index,minute_from_start,leg_minute,from_wpt,to_wpt,from_name,to_name,lat_deg,lon_deg,cog_deg,sog_knots,distance_from_start_nm,distance_to_go_nm
0,SUEZ CANAL NB,SEA,PILOT_TO_PILOT,0,0,0,1,2,Suez1,Suez2,29.8519,32.55391666666666,352.63893705194414,8.0,0.0,94.84595360554319
1,SUEZ CANAL NB,SEA,PILOT_TO_PILOT,0,1,1,1,2,Suez1,Suez2,29.854093599810522,32.55358992328317,352.63893705194414,8.0,0.13279922970854258,94.71315437583465
2,SUEZ CANAL NB,SEA,PILOT_TO_PILOT,0,2,2,1,2,Suez1,Suez2,29.85628719881654,32.55326316553941,352.63893705194414,8.0,0.26559845941708515,94.5803551461261
3,SUEZ CANAL NB,SEA,PILOT_TO_PILOT,0,3,3,1,2,Suez1,Suez2,29.85848079701796,32.552936393433484,352.63893705194414,8.0,0.39839768912562773,94.44755591641756
4,SUEZ CANAL NB,SEA,PILOT_TO_PILOT,0,4,4,1,2,Suez1,Suez2,29.86067439441466,32.5526096069635,352.63893705194414,8.0,0.5311969188341703,94.31475668670902
5,SUEZ CANAL NB,SEA,PILOT_TO_PILOT,0,5,5,1,2,Suez1,Suez2,29.862867991006535,32.55228280612754,352.63893705194414,8.0,0.6639961485427128,94.18195745700048
6,SUEZ CANAL NB,SEA,PILOT_TO_PILOT,0,6,6,1,2,Suez1,Suez2,29.86506158679349,32.551955990923716,352.63893705194414,8.0,0.7967953782512555,94.04915822729193
7,SUEZ CANAL NB,SEA,PILOT_TO_PILOT,0,7,7,1,2,Suez1,Suez2,29.867255181775402,32.55162916135013,352.63893705194414,8.0,0.9295946079597981,93.91635899758339
8,SUEZ CANAL NB,SEA,PILOT_TO_PILOT,0,8,8,1,2,Suez1,Suez2,29.869448775952183,32.551302317404875,352.63893705194414,8.0,1.0623938376683406,93.78355976787485
9,SUEZ CANAL NB,SEA,PILOT_TO_PILOT,0,9,9,1,2,Suez1,Suez2,29.87164236932371,32.55097545908604,352.63893705194414,8.0,1.1951930673768831,93.65076053816631
10,SUEZ CANAL NB,SEA,PILOT_TO_PILOT,0,10,10,1,2,Suez1,Suez2,29.87383596188989,32.55064858639174,352.63893705194414,8.0,1.3279922970854257,93.51796130845776
11,SUEZ CANAL NB,SEA,PILOT_TO_PILOT,0,11,11,1,2,Suez1,Suez2,29.876029553650607,32.550321699320065,352.63893705194414,8.0,1.4607915267939684,93.38516207874922
12,SUEZ CANAL NB,SEA,PILOT_TO_PILOT,0,12,12,1,2,Suez1,Suez2,29.87822314460576,32.549994797869125,352.63893705194414,8.0,1.593590756502511,93.25236284904068
13,SUEZ CANAL NB,SEA,PILOT_TO_PILOT,0,13,13,1,2,Suez1,Suez2,29.880416734755226,32.549667882037,352.63893705194414,8.0,1.7263899862110534,93.11956361933213
14,SUEZ CANAL NB,SEA,PILOT_TO_PILOT,0,14,14,1,2,Suez1,Suez2,29.882610324098916,32.5493409518218,352.63893705194414,8.0,1.8591892159195962,92.98676438962359
15,SUEZ CANAL NB,SEA,PILOT_TO_PILOT,0,15,15,1,2,Suez1,Suez2,29.88480391263672,32.54901400722163,352.63893705194414,8.0,1.9919884456281387,92.85396515991505
16,SUEZ CANAL NB,SEA,PILOT_TO_PILOT,0,16,16,1,2,Suez1,Suez2,29.886997500368526,32.54868704823456,352.63893705194414,8.0,2.1247876753366812,92.72116593020651
17,SUEZ CANAL NB,SEA,PILOT_TO_PILOT,0,17,17,1,2,Suez1,Suez2,29.889191087294236,32.54836007485872,352.63893705194414,8.0,2.257586905045224,92.58836670049796
18,SUEZ CANAL NB,SEA,PILOT_TO_PILOT,0,18,18,1,2,Suez1,Suez2,29.891384673413736,32.548033087092186,352.63893705194414,8.0,2.3903861347537663,92.45556747078942
19,SUEZ CANAL NB,SEA,PILOT_TO_PILOT,0,19,19,1,2,Suez1,Suez2,29.893578258726915,32.54770608493307,352.63893705194414,8.0,2.523185364462309,92.32276824108088
20,SUEZ CANAL NB,SEA,PILOT_TO_PILOT,0,20,20,1,2,Suez1,Suez2,29.895771843233668,32.54737906837944,352.63893705194414,8.0,2.6559845941708513,92.18996901137234
21,SUEZ CANAL NB,SEA,PILOT_TO_PILOT,0,21,21,1,2,Suez1,Suez2,29.897965426933894,32.54705203742942,352.63893705194414,8.0,2.788783823879394,92.05716978166379
22,SUEZ CANAL NB,SEA,PILOT_TO_PILOT,0,22,22,1,2,Suez1,Suez2,29.900159009827483,32.546724992081096,352.63893705194414,8.0,2.921583053587937,91.92437055195525
23,SUEZ CANAL NB,SEA,PILOT_TO_PILOT,0,23,23,1,2,Suez1,Suez2,29.902352591914333,32.54639793233256,352.63893705194414,8.0,3.054382283296479,91.79157132224671
24,SUEZ CANAL NB,SEA,PILOT_TO_PILOT,0,24,24,1,2,Suez1,Suez2,29.904546173194326,32.54607085818192,352.63893705194414,8.0,3.187181513005022,91.65877209253817
25,SUEZ CANAL NB,SEA,PILOT_TO_PILOT,0,25,25,1,2,Suez1,Suez2,29.906739753667363,32.54574376962726,352.63893705194414,8.0,3.3199807427135646,91.52597286282962
26,SUEZ CANAL NB,SEA,PILOT_TO_PILOT,1,26,0,2,3,Suez2,Suez3,29.90893333333334,32.54541666666667,21.375536033208732,8.0,3.4527799724221073,91.39317363312108
27,SUEZ CANAL NB,SEA,PILOT_TO_PILOT,1,27,1,2,3,Suez2,Suez3,29.911073830671945,32.54638320866812,21.375536033208732,8.0,3.5907901310866115,91.25516347445658
28,SUEZ CANAL NB,SEA,PILOT_TO_PILOT,1,28,2,2,3,Suez2,Suez3,29.913214320962688,32.54734979221591,21.375536033208732,8.0,3.728800289751115,91.11715331579207
29,SUEZ CANAL NB,SEA,PILOT_TO_PILOT,1,29,3,2,3,Suez2,Suez3,29.91535480420467,32.54831641731528,21.375536033208732,8.0,3.8668104484156194,90.97914315712757
30,SUEZ CANAL NB,SEA,PILOT_TO_PILOT,1,30,4,2,3,Suez2,Suez3,29.91749528039697,32.54928308397146,21.375536033208732,8.0,4.0048206070801236,90.84113299846307
31,SUEZ CANAL NB,SEA,PILOT_TO_PILOT,1,31,5,2,3,Suez2,Suez3,29.919635749538685,32.55024979218971,21.375536033208732,8.0,4.142830765744627,90.70312283979857
32,SUEZ CANAL NB,SEA,PILOT_TO_PILOT,1,32,6,2,3,Suez2,Suez3,29.92177621162888,32.55121654197525,21.375536033208732,8.0,4.280840924409131,90.56511268113405
33,SUEZ CANAL NB,SEA,PILOT_TO_PILOT,2,33,0,3,4,Suez3,Tawfik,29.92391666666667,32.55218333333333,49.549180723250004,8.0,4.418851083073635,90.42710252246955
34,SUEZ CANAL NB,SEA,PILOT_TO_PILOT,2,34,1,3,4,Suez3,Tawfik,29.92540672804591,32.5541998792424,49.549180723250004,8.0,4.556744983888344,90.28920862165484
35,SUEZ CANAL NB,SEA,PILOT_TO_PILOT,2,35,2,3,4,Suez3,Tawfik,29.92689675873829,32.55621648552607,49.549180723250004,8.0,4.694638884703053,90.15131472084013
36,SUEZ CANAL NB,SEA,PILOT_TO_PILOT,2,36,3,3,4,Suez3,Tawfik,29.92838675874106,32.558233152188535,49.549180723250004,8.0,4.832532785517762,90.01342082002543
37,SUEZ CANAL NB,SEA,PILOT_TO_PILOT,2,37,4,3,4,Suez3,Tawfik,29.929876728051436,32.560249879234,49.549180723250004,8.0,4.9704266863324715,89.87552691921071
38,SUEZ CANAL NB,SEA,PILOT_TO_PILOT,3,38,0,4,5,Tawfik,Suez4,29.931366666666662,32.562266666666666,45.24487093319158,8.0,5.108320587147181,89.73763301839601
39,SUEZ CANAL NB,SEA,PILOT_TO_PILOT,3,39,1,4,5,Tawfik,Suez4,29.932790041427477,32.56392323854321,45.24487093319158,8.0,5.229700117617613,89.61625348792558
40,SUEZ CANAL NB,SEA,PILOT_TO_PILOT,3,40,2,4,5,Tawfik,Suez4,29.934213395476334,32.56557985781143,45.24487093319158,8.0,5.351079648088045,89.49487395745514
41,SUEZ CANAL NB,SEA,PILOT_TO_PILOT,3,41,3,4,5,Tawfik,Suez4,29.93563672881145,32.5672365244747,45.24487093319158,8.0,5.472459178558477,89.3734944269847
42,SUEZ CANAL NB,SEA,PILOT_TO_PILOT,3,42,4,4,5,Tawfik,Suez4,29.93706004143105,32.56889323853643,45.24487093319158,8.0,5.593838709028908,89.25211489651429
43,SUEZ CANAL NB,SEA,PILOT_TO_PILOT,4,43,0,5,6,Suez4,Suez5,29.938483333333334,32.57055,41.12749631413243,8.0,5.7152182394993405,89.13073536604385
44,SUEZ CANAL NB,SEA,PILOT_TO_PILOT,4,44,1,5,6,Suez4,Suez5,29.940095863231907,32.572174920976224,41.12749631413243,8.0,5.84375180664079,89.00220179890239
45,SUEZ CANAL NB,SEA,PILOT_TO_PILOT,4,45,2,5,6,Suez4,Suez5,29.941708373199397,32.573799894631975,41.12749631413243,8.0,5.97228537378224,88.87366823176094
46,SUEZ CANAL NB,SEA,PILOT_TO_PILOT,4,46,3,5,6,Suez4,Suez5,29.943320863233854,32.575424920971734,41.12749631413243,8.0,6.1008189409236895,88.7451346646195
47,SUEZ CANAL NB,SEA,PILOT_TO_PILOT,5,47,0,6,7,Suez5,Suez6,29.944933333333335,32.57705,28.40709783899058,8.0,6.22935250806514,88.61660109747805
48,SUEZ CANAL NB,SEA,PILOT_TO_PILOT,5,48,1,6,7,Suez5,Suez6,29.94699585210483,32.57833741989312,28.40709783899058,8.0,6.370139687838849,88.47581391770434
49,SUEZ CANAL NB,SEA,PILOT_TO_PILOT,5,49,2,6,7,Suez5,Suez6,29.949058358363036,32.5796248931866,28.40709783899058,8.0,6.510926867612557,88.33502673793063
50,SUEZ CANAL NB,SEA,PILOT_TO_PILOT,5,50,3,6,7,Suez5,Suez6,29.95112085210639,32.58091241988678,28.40709783899058,8.0,6.651714047386267,88.19423955815692
51,SUEZ CANAL NB,SEA,PILOT_TO_PILOT,6,51,0,7,8,Suez6,Suez7,29.95318333333333,32.5822,18.011712661805973,8.0,6.792501227159975,88.05345237838321
52,SUEZ CANAL NB,SEA,PILOT_TO_PILOT,6,52,1,7,8,Suez6,Suez7,29.95552222804,32.58307773647565,18.011712661805973,8.0,6.940166282463645,87.90578732307954
53,SUEZ CANAL NB,SEA,PILOT_TO_PILOT,6,53,2,7,8,Suez6,Suez7,29.957861116929166,32.583955514251514,18.011712661805973,8.0,7.087831337767314,87.75812226777587
54,SUEZ CANAL NB,SEA,PILOT_TO_PILOT,7,54,0,8,9,Suez7,Suez8,29.960200000000004,32.584833333333336,10.08243116602074,8.0,7.235496393070984,87.6104572124722
55,SUEZ CANAL NB,SEA,PILOT_TO_PILOT,7,55,1,8,9,Suez7,Suez8,29.962527779501645,32.58531108873069,10.08243116602074,8.0,7.377449586596743,87.46850401894645
56,SUEZ CANAL NB,SEA,PILOT_TO_PILOT,7,56,2,8,9,Suez7,Suez8,29.964855557279495,32.58578886650742,10.08243116602074,8.0,7.519402780122502,87.32655082542068
57,SUEZ CANAL NB,SEA,PILOT_TO_PILOT,8,57,0,9,10,Suez8,Aero,29.96718333333333,32.58626666666667,2.383270807573979,8.0,7.661355973648261,87.18459763189493
58,SUEZ CANAL NB,SEA,PILOT_TO_PILOT,8,58,1,9,10,Suez8,Aero,29.969403333505202,32.58637332379984,2.383270807573979,8.0,7.794761195026091,87.0511924105171
59,SUEZ CANAL NB,SEA,PILOT_TO_PILOT,8,59,2,9,10,Suez8,Aero,29.971623333591147,32.586479985699135,2.383270807573979,8.0,7.92816641640392,86.91778718913926
60,SUEZ CANAL NB,SEA,PILOT_TO_PILOT,8,60,3,9,10,Suez8,Aero,29.97384333359116,32.586586652365156,2.383270807573979,8.0,8.06157163778175,86.78438196776143
61,SUEZ CANAL NB,SEA,PILOT_TO_PILOT,8,61,4,9,10,Suez8,Aero,29.976063333505227,32.58669332379856,2.383270807573979,8.0,8.19497685915958,86.6509767463836
62,SUEZ CANAL NB,SEA,PILOT_TO_PILOT,9,62,0,10,11,Aero,ElShalof,29.978283333333337,32.5868,350.9796257187319,8.0,8.328382080537411,86.51757152500578
63,SUEZ CANAL NB,SEA,PILOT_TO_PILOT,9,63,1,10,11,Aero,ElShalof,29.98045906806961,32.586401249818486,350.9796257187319,8.0,8.460650028769017,86.38530357677416
64,SUEZ CANAL NB,SEA,PILOT_TO_PILOT,9,64,2,10,11,Aero,ElShalof,29.98263480160465,32.58600248216587,350.9796257187319,8.0,8.592917977000624,86.25303562854256
65,SUEZ CANAL NB,SEA,PILOT_TO_PILOT,9,65,3,10,11,Aero,ElShalof,29.9848105339383,32.585603697039815,350.9796257187319,8.0,8.72518592523223,86.12076768031096
66,SUEZ CANAL NB,SEA,PILOT_TO_PILOT,9,66,4,10,11,Aero,ElShalof,29.9869862650704,32.58520489443808,350.9796257187319,8.0,8.857453873463838,85.98849973207935
67,SUEZ CANAL NB,SEA,PILOT_TO_PILOT,9,67,5,10,11,Aero,ElShalof,29.989161995000796,32.58480607435835,350.9796257187319,8.0,8.989721821695444,85.85623178384775
68,SUEZ CANAL NB,SEA,PILOT_TO_PILOT,9,68,6,10,11,Aero,ElShalof,29.991337723729313,32.58440723679833,350.9796257187319,8.0,9.121989769927051,85.72396383561613
69,SUEZ CANAL NB,SEA,PILOT_TO_PILOT,9,69,7,10,11,Aero,ElShalof,29.993513451255822,32.584008381755744,350.9796257187319,8.0,9.254257718158657,85.59169588738453
70,SUEZ CANAL NB,SEA,PILOT_TO_PILOT,9,70,8,10,11,Aero,ElShalof,29.99568917758014,32.5836095092283,350.9796257187319,8.0,9.386525666390265,85.45942793915292
71,SUEZ CANAL NB,SEA,PILOT_TO_PILOT,9,71,9,10,11,Aero,ElShalof,29.997864902702116,32.58321061921371,350.9796257187319,8.0,9.51879361462187,85.32715999092132
72,SUEZ CANAL NB,SEA,PILOT_TO_PILOT,9,72,10,10,11,Aero,ElShalof,30.000040626621594,32.582811711709674,350.9796257187319,8.0,9.651061562853478,85.1948920426897
73,SUEZ CANAL NB,SEA,PILOT_TO_PILOT,9,73,11,10,11,Aero,ElShalof,30.00221634933841,32.582412786713896,350.9796257187319,8.0,9.783329511085084,85.0626240944581
74,SUEZ CANAL NB,SEA,PILOT_TO_PILOT,9,74,12,10,11,Aero,ElShalof,30.004392070852415,32.58201384422411,350.9796257187319,8.0,9.915597459316691,84.9303561462265
75,SUEZ CANAL NB,SEA,PILOT_TO_PILOT,9,75,13,10,11,Aero,ElShalof,30.006567791163445,32.581614884237986,350.9796257187319,8.0,10.047865407548297,84.79808819799489
76,SUEZ CANAL NB,SEA,PILOT_TO_PILOT,9,76,14,10,11,Aero,ElShalof,30.008743510271355,32.58121590675328,350.9796257187319,8.0,10.180133355779905,84.66582024976329
77,SUEZ CANAL NB,SEA,PILOT_TO_PILOT,9,77,15,10,11,Aero,ElShalof,30.01091922817596,32.58081691176765,350.9796257187319,8.0,10.31240130401151,84.53355230153167
78,SUEZ CANAL NB,SEA,PILOT_TO_PILOT,9,78,16,10,11,Aero,ElShalof,30.01309494487712,32.580417899278835,350.9796257187319,8.0,10.444669252243118,84.40128435330007
79,SUEZ CANAL NB,SEA,PILOT_TO_PILOT,9,79,17,10,11,Aero,ElShalof,30.01527066037468,32.58001886928454,350.9796257187319,8.0,10.576937200474724,84.26901640506847
80,SUEZ CANAL NB,SEA,PILOT_TO_PILOT,9,80,18,10,11,Aero,ElShalof,30.017446374668463,32.57961982178246,350.9796257187319,8.0,10.709205148706332,84.13674845683686
81,SUEZ CANAL NB,SEA,PILOT_TO_PILOT,9,81,19,10,11,Aero,ElShalof,30.019622087758332,32.579220756770304,350.9796257187319,8.0,10.841473096937937,84.00448050860525
82,SUEZ CANAL NB,SEA,PILOT_TO_PILOT,9,82,20,10,11,Aero,ElShalof,30.02179779964412,32.57882167424579,350.9796257187319,8.0,10.973741045169545,83.87221256037364
83,SUEZ CANAL NB,SEA,PILOT_TO_PILOT,9,83,21,10,11,Aero,ElShalof,30.023973510325668,32.578422574206606,350.9796257187319,8.0,11.10600899340115,83.73994461214204
84,SUEZ CANAL NB,SEA,PILOT_TO_PILOT,9,84,22,10,11,Aero,ElShalof,30.026149219802814,32.57802345665048,350.9796257187319,8.0,11.238276941632758,83.60767666391042
85,SUEZ CANAL NB,SEA,PILOT_TO_PILOT,9,85,23,10,11,Aero,ElShalof,30.028324928075396,32.577624321575094,350.9796257187319,8.0,11.370544889864364,83.47540871567882
86,SUEZ CANAL NB,SEA,PILOT_TO_PILOT,9,86,24,10,11,Aero,ElShalof,30.030500635143273,32.57722516897816,350.9796257187319,8.0,11.50281283809597,83.34314076744721
87,SUEZ CANAL NB,SEA,PILOT_TO_PILOT,9,87,25,10,11,Aero,ElShalof,30.032676341006272,32.576825998857394,350.9796257187319,8.0,11.635080786327578,83.21087281921561
88,SUEZ CANAL NB,SEA,PILOT_TO_PILOT,9,88,26,10,11,Aero,ElShalof,30.034852045664245,32.576426811210496,350.9796257187319,8.0,11.767348734559185,83.07860487098401
89,SUEZ CANAL NB,SEA,PILOT_TO_PILOT,9,89,27,10,11,Aero,ElShalof,30.03702774911702,32.57602760603516,350.9796257187319,8.0,11.899616682790791,82.9463369227524
90,SUEZ CANAL NB,SEA,PILOT_TO_PILOT,9,90,28,10,11,Aero,ElShalof,30.03920345136444,32.5756283833291,350.9796257187319,8.0,12.031884631022397,82.8140689745208
91,SUEZ CANAL NB,SEA,PILOT_TO_PILOT,9,91,29,10,11,Aero,ElShalof,30.041379152406364,32.575229143090006,350.9796257187319,8.0,12.164152579254004,82.68180102628918
92,SUEZ CANAL NB,SEA,PILOT_TO_PILOT,9,92,30,10,11,Aero,ElShalof,30.043554852242618,32.5748298853156,350.9796257187319,8.0,12.296420527485612,82.54953307805758
93,SUEZ CANAL NB,SEA,PILOT_TO_PILOT,9,93,31,10,11,Aero,ElShalof,30.045730550873042,32.57443061000357,350.9796257187319,8.0,12.428688475717218,82.41726512982596
94,SUEZ CANAL NB,SEA,PILOT_TO_PILOT,9,94,32,10,11,Aero,ElShalof,30.047906248297487,32.57403131715163,350.9796257187319,8.0,12.560956423948824,82.28499718159436
95,SUEZ CANAL NB,SEA,PILOT_TO_PILOT,9,95,33,10,11,Aero,ElShalof,30.050081944515792,32.57363200675748,350.9796257187319,8.0,12.693224372180431,82.15272923336275
96,SUEZ CANAL NB,SEA,PILOT_TO_PILOT,9,96,34,10,11,Aero,ElShalof,30.052257639527795,32.57323267881881,350.9796257187319,8.0,12.825492320412039,82.02046128513115
97,SUEZ CANAL NB,SEA,PILOT_TO_PILOT,10,97,0,11,12,ElShalof,Suez9,30.054433333333332,32.57283333333334,355.0986702850275,8.0,12.957760268643645,81.88819333689955
98,SUEZ CANAL NB,SEA,PILOT_TO_PILOT,10,98,1,11,12,ElShalof,Suez9,30.056523810497747,32.57262621671945,355.0986702850275,8.0,13.083734129911553,81.76221947563164
99,SUEZ CANAL NB,SEA,PILOT_TO_PILOT,10,99,2,11,12,ElShalof,Suez9,30.058614287337587,32.572419091359656,355.0986702850275,8.0,13.209707991179462,81.63624561436373
100,SUEZ CANAL NB,SEA,PILOT_TO_PILOT,10,100,3,11,12,ElShalof,Suez9,30.060704763852797,32.57221195725283,355.0986702850275,8.0,13.33568185244737,81.51027175309582
101,SUEZ CANAL NB,SEA,PILOT_TO_PILOT,10,101,4,11,12,ElShalof,Suez9,30.062795240043368,32.5720048143979,355.0986702850275,8.0,13.461655713715277,81.38429789182791
102,SUEZ CANAL NB,SEA,PILOT_TO_PILOT,10,102,5,11,12,ElShalof,Suez9,30.064885715909224,32.57179766279374,355.0986702850275,8.0,13.587629574983186,81.25832403056
103,SUEZ CANAL NB,SEA,PILOT_TO_PILOT,10,103,6,11,12,ElShalof,Suez9,30.06697619145034,32.57159050243926,355.0986702850275,8.0,13.713603436251095,81.1323501692921
104,SUEZ CANAL NB,SEA,PILOT_TO_PILOT,11,104,0,12,13,Suez9,Suez10,30.069066666666668,32.57138333333333,358.9041744509335,8.0,13.839577297519003,81.00637630802419
105,SUEZ CANAL NB,SEA,PILOT_TO_PILOT,11,105,1,12,13,Suez9,Suez10,30.071284259742264,32.571334317614024,358.9041744509335,8.0,13.972746955744016,80.87320664979917
106,SUEZ CANAL NB,SEA,PILOT_TO_PILOT,11,106,2,12,13,Suez9,Suez10,30.073501852799666,32.57128529969777,358.9041744509335,8.0,14.10591661396903,80.74003699157416
107,SUEZ CANAL NB,SEA,PILOT_TO_PILOT,11,107,3,12,13,Suez9,Suez10,30.07571944583889,32.57123627958427,358.9041744509335,8.0,14.239086272194044,80.60686733334914
108,SUEZ CANAL NB,SEA,PILOT_TO_PILOT,11,108,4,12,13,Suez9,Suez10,30.07793703885992,32.57118725727322,358.9041744509335,8.0,14.372255930419056,80.47369767512413
109,SUEZ CANAL NB,SEA,PILOT_TO_PILOT,11,109,5,12,13,Suez9,Suez10,30.080154631862754,32.57113823276435,358.9041744509335,8.0,14.505425588644071,80.34052801689911
110,SUEZ CANAL NB,SEA,PILOT_TO_PILOT,11,110,6,12,13,Suez9,Suez10,30.082372224847408,32.57108920605733,358.9041744509335,8.0,14.638595246869084,80.2073583586741
111,SUEZ CANAL NB,SEA,PILOT_TO_PILOT,11,111,7,12,13,Suez9,Suez10,30.084589817813853,32.57104017715189,358.9041744509335,8.0,14.771764905094098,80.07418870044908
112,SUEZ CANAL NB,SEA,PILOT_TO_PILOT,11,112,8,12,13,Suez9,Suez10,30.08680741076211,32.57099114604774,358.9041744509335,8.0,14.904934563319111,79.94101904222407
113,SUEZ CANAL NB,SEA,PILOT_TO_PILOT,11,113,9,12,13,Suez9,Suez10,30.089025003692164,32.57094211274457,358.9041744509335,8.0,15.038104221544124,79.80784938399907
114,SUEZ CANAL NB,SEA,PILOT_TO_PILOT,11,114,10,12,13,Suez9,Suez10,30.091242596604012,32.57089307724209,358.9041744509335,8.0,15.171273879769139,79.67467972577404
115,SUEZ CANAL NB,SEA,PILOT_TO_PILOT,11,115,11,12,13,Suez9,Suez10,30.093460189497655,32.57084403954,358.9041744509335,8.0,15.304443537994151,79.54151006754904
116,SUEZ CANAL NB,SEA,PILOT_TO_PILOT,11,116,12,12,13,Suez9,Suez10,30.095677782373084,32.57079499963802,358.9041744509335,8.0,15.437613196219164,79.40834040932403
117,SUEZ CANAL NB,SEA,PILOT_TO_PILOT,11,117,13,12,13,Suez9,Suez10,30.09789537523031,32.57074595753583,358.9041744509335,8.0,15.570782854444179,79.27517075109901
118,SUEZ CANAL NB,SEA,PILOT_TO_PILOT,11,118,14,12,13,Suez9,Suez10,30.10011296806931,32.570696913233164,358.9041744509335,8.0,15.703952512669192,79.142001092874
119,SUEZ CANAL NB,SEA,PILOT_TO_PILOT,11,119,15,12,13,Suez9,Suez10,30.102330560890113,32.5706478667297,358.9041744509335,8.0,15.837122170894204,79.00883143464898
120,SUEZ CANAL NB,SEA,PILOT_TO_PILOT,11,120,16,12,13,Suez9,Suez10,30.104548153692683,32.570598818025175,358.9041744509335,8.0,15.970291829119219,78.87566177642397
121,SUEZ CANAL NB,SEA,PILOT_TO_PILOT,11,121,17,12,13,Suez9,Suez10,30.10676574647704,32.57054976711927,358.9041744509335,8.0,16.103461487344234,78.74249211819895
122,SUEZ CANAL NB,SEA,PILOT_TO_PILOT,11,122,18,12,13,Suez9,Suez10,30.108983339243164,32.57050071401168,358.9041744509335,8.0,16.236631145569245,78.60932245997394
123,SUEZ CANAL NB,SEA,PILOT_TO_PILOT,11,123,19,12,13,Suez9,Suez10,30.11120093199107,32.57045165870214,358.9041744509335,8.0,16.36980080379426,78.47615280174892
124,SUEZ CANAL NB,SEA,PILOT_TO_PILOT,11,124,20,12,13,Suez9,Suez10,30.11341852472075,32.57040260119033,358.9041744509335,8.0,16.502970462019274,78.34298314352391
125,SUEZ CANAL NB,SEA,PILOT_TO_PILOT,11,125,21,12,13,Suez9,Suez10,30.115636117432196,32.57035354147597,358.9041744509335,8.0,16.636140120244285,78.2098134852989
126,SUEZ CANAL NB,SEA,PILOT_TO_PILOT,11,126,22,12,13,Suez9,Suez10,30.117853710125413,32.57030447955876,358.9041744509335,8.0,16.7693097784693,78.0766438270739
127,SUEZ CANAL NB,SEA,PILOT_TO_PILOT,11,127,23,12,13,Suez9,Suez10,30.120071302800387,32.570255415438396,358.9041744509335,8.0,16.902479436694314,77.94347416884887
128,SUEZ CANAL NB,SEA,PILOT_TO_PILOT,11,128,24,12,13,Suez9,Suez10,30.122288895457128,32.57020634911459,358.9041744509335,8.0,17.035649094919325,77.81030451062387
129,SUEZ CANAL NB,SEA,PILOT_TO_PILOT,11,129,25,12,13,Suez9,Suez10,30.124506488095633,32.57015728058706,358.9041744509335,8.0,17.16881875314434,77.67713485239885
130,SUEZ CANAL NB,SEA,PILOT_TO_PILOT,11,130,26,12,13,Suez9,Suez10,30.126724080715896,32.57010820985549,358.9041744509335,8.0,17.301988411369354,77.54396519417384
131,SUEZ CANAL NB,SEA,PILOT_TO_PILOT,11,131,27,12,13,Suez9,Suez10,30.1289416733179,32.57005913691959,358.9041744509335,8.0,17.435158069594365,77.41079553594882
132,SUEZ CANAL NB,SEA,PILOT_TO_PILOT,11,132,28,12,13,Suez9,Suez10,30.131159265901665,32.57001006177906,358.9041744509335,8.0,17.56832772781938,77.2776258777238
133,SUEZ CANAL NB,SEA,PILOT_TO_PILOT,11,133,29,12,13,Suez9,Suez10,30.133376858467184,32.56996098443362,358.9041744509335,8.0,17.701497386044394,77.14445621949879
134,SUEZ CANAL NB,SEA,PILOT_TO_PILOT,11,134,30,12,13,Suez9,Suez10,30.135594451014452,32.56991190488296,358.9041744509335,8.0,17.834667044269406,77.01128656127378
135,SUEZ CANAL NB,SEA,PILOT_TO_PILOT,11,135,31,12,13,Suez9,Suez10,30.137812043543455,32.56986282312679,358.9041744509335,8.0,17.96783670249442,76.87811690304876
136,SUEZ CANAL NB,SEA,PILOT_TO_PILOT,11,136,32,12,13,Suez9,Suez10,30.14002963605421,32.56981373916482,358.9041744509335,8.0,18.101006360719435,76.74494724482375
137,SUEZ CANAL NB,SEA,PILOT_TO_PILOT,11,137,33,12,13,Suez9,Suez10,30.142247228546694,32.56976465299674,358.9041744509335,8.0,18.234176018944446,76.61177758659875
138,SUEZ CANAL NB,SEA,PILOT_TO_PILOT,11,138,34,12,13,Suez9,Suez10,30.144464821020925,32.56971556462227,358.9041744509335,8.0,18.36734567716946,76.47860792837372
139,SUEZ CANAL NB,SEA,PILOT_TO_PILOT,11,139,35,12,13,Suez9,Suez10,30.146682413476896,32.5696664740411,358.9041744509335,8.0,18.500515335394475,76.34543827014872
140,SUEZ CANAL NB,SEA,PILOT_TO_PILOT,11,140,36,12,13,Suez9,Suez10,30.148900005914587,32.56961738125295,358.9041744509335,8.0,18.63368499361949,76.21226861192369
141,SUEZ CANAL NB,SEA,PILOT_TO_PILOT,11,141,37,12,13,Suez9,Suez10,30.151117598334015,32.5695682862575,358.9041744509335,8.0,18.7668546518445,76.07909895369869
142,SUEZ CANAL NB,SEA,PILOT_TO_PILOT,11,142,38,12,13,Suez9,Suez10,30.153335190735174,32.56951918905447,358.9041744509335,8.0,18.900024310069515,75.94592929547368
143,SUEZ CANAL NB,SEA,PILOT_TO_PILOT,11,143,39,12,13,Suez9,Suez10,30.155552783118058,32.56947008964357,358.9041744509335,8.0,19.033193968294526,75.81275963724866
144,SUEZ CANAL NB,SEA,PILOT_TO_PILOT,11,144,40,12,13,Suez9,Suez10,30.15777037548266,32.5694209880245,358.9041744509335,8.0,19.16636362651954,75.67958997902365
145,SUEZ CANAL NB,SEA,PILOT_TO_PILOT,11,145,41,12,13,Suez9,Suez10,30.159987967828986,32.569371884196954,358.9041744509335,8.0,19.299533284744555,75.54642032079863
146,SUEZ CANAL NB,SEA,PILOT_TO_PILOT,11,146,42,12,13,Suez9,Suez10,30.162205560157037,32.56932277816064,358.9041744509335,8.0,19.43270294296957,75.41325066257362
147,SUEZ CANAL NB,SEA,PILOT_TO_PILOT,11,147,43,12,13,Suez9,Suez10,30.164423152466785,32.56927366991526,358.9041744509335,8.0,19.56587260119458,75.2800810043486
148,SUEZ CANAL NB,SEA,PILOT_TO_PILOT,11,148,44,12,13,Suez9,Suez10,30.16664074475826,32.56922455946053,358.9041744509335,8.0,19.699042259419596,75.14691134612359
149,SUEZ CANAL NB,SEA,PILOT_TO_PILOT,11,149,45,12,13,Suez9,Suez10,30.16885833703144,32.569175446796145,358.9041744509335,8.0,19.832211917644607,75.01374168789857
150,SUEZ CANAL NB,SEA,PILOT_TO_PILOT,11,150,46,12,13,Suez9,Suez10,30.17107592928633,32.56912633192181,358.9041744509335,8.0,19.96538157586962,74.88057202967357
151,SUEZ CANAL NB,SEA,PILOT_TO_PILOT,11,151,47,12,13,Suez9,Suez10,30.17329352152293,32.56907721483722,358.9041744509335,8.0,20.098551234094636,74.74740237144854
152,SUEZ CANAL NB,SEA,PILOT_TO_PILOT,11,152,48,12,13,Suez9,Suez10,30.175511113741237,32.569028095542095,358.9041744509335,8.0,20.23172089231965,74.61423271322354
153,SUEZ CANAL NB,SEA,PILOT_TO_PILOT,11,153,49,12,13,Suez9,Suez10,30.177728705941234,32.568978974036135,358.9041744509335,8.0,20.36489055054466,74.48106305499853
154,SUEZ CANAL NB,SEA,PILOT_TO_PILOT,11,154,50,12,13,Suez9,Suez10,30.17994629812294,32.56892985031903,358.9041744509335,8.0,20.498060208769676,74.34789339677351
155,SUEZ CANAL NB,SEA,PILOT_TO_PILOT,11,155,51,12,13,Suez9,Suez10,30.182163890286326,32.568880724390496,358.9041744509335,8.0,20.63122986699469,74.2147237385485
156,SUEZ CANAL NB,SEA,PILOT_TO_PILOT,11,156,52,12,13,Suez9,Suez10,30.18438148243142,32.568831596250234,358.9041744509335,8.0,20.7643995252197,74.08155408032349
157,SUEZ CANAL NB,SEA,PILOT_TO_PILOT,11,157,53,12,13,Suez9,Suez10,30.186599074558206,32.56878246589794,358.9041744509335,8.0,20.897569183444716,73.94838442209847
158,SUEZ CANAL NB,SEA,PILOT_TO_PILOT,12,158,0,13,14,Suez10,Suez11,30.18881666666667,32.568733333333334,351.7829444405979,8.0,21.03073884166973,73.81521476387346
159,SUEZ CANAL NB,SEA,PILOT_TO_PILOT,12,159,1,13,14,Suez10,Suez11,30.191077778860485,32.56835557290371,351.7829444405979,8.0,21.167905271574796,73.67804833396839
160,SUEZ CANAL NB,SEA,PILOT_TO_PILOT,12,160,2,13,14,Suez10,Suez11,30.193338889971646,32.56797779512672,351.7829444405979,8.0,21.30507170147986,73.54088190406333
161,SUEZ CANAL NB,SEA,PILOT_TO_PILOT,13,161,0,14,15,Suez11,Suez12,30.1956,32.5676,344.2968963120391,8.0,21.442238131384926,73.40371547415826
162,SUEZ CANAL NB,SEA,PILOT_TO_PILOT,13,162,1,14,15,Suez11,Suez12,30.197444447175897,32.56700002248128,344.2968963120391,8.0,21.557273105367962,73.28868050017522
163,SUEZ CANAL NB,SEA,PILOT_TO_PILOT,13,163,2,14,15,Suez11,Suez12,30.199288891620448,32.566400022482114,344.2968963120391,8.0,21.672308079351,73.17364552619219
164,SUEZ CANAL NB,SEA,PILOT_TO_PILOT,14,164,0,15,16,Suez12,Bay1,30.20113333333333,32.5658,337.3742630146852,8.0,21.787343053334038,73.05861055220915
165,SUEZ CANAL NB,SEA,PILOT_TO_PILOT,14,165,1,15,16,Suez12,Bay1,30.203483338206716,32.56466669372475,337.3742630146852,8.0,21.940203212772964,72.90575039277022
166,SUEZ CANAL NB,SEA,PILOT_TO_PILOT,15,166,0,16,17,Bay1,Suez13,30.205833333333334,32.56353333333333,330.9050486399195,8.0,22.09306337221189,72.7528902333313
167,SUEZ CANAL NB,SEA,PILOT_TO_PILOT,15,167,1,16,17,Bay1,Suez13,30.207771159051138,32.56228553026698,330.9050486399195,8.0,22.226213165849817,72.61974043969337
168,SUEZ CANAL NB,SEA,PILOT_TO_PILOT,15,168,2,16,17,Bay1,Suez13,30.209708972952384,32.561037678059606,330.9050486399195,8.0,22.359362959487743,72.48659064605545
169,SUEZ CANAL NB,SEA,PILOT_TO_PILOT,15,169,3,16,17,Bay1,Suez13,30.21164677503571,32.55978977670575,330.9050486399195,8.0,22.49251275312567,72.35344085241752
170,SUEZ CANAL NB,SEA,PILOT_TO_PILOT,15,170,4,16,17,Bay1,Suez13,30.21358456529972,32.55854182619995,330.9050486399195,8.0,22.625662546763593,72.2202910587796
171,SUEZ CANAL NB,SEA,PILOT_TO_PILOT,15,171,5,16,17,Bay1,Suez13,30.215522343743032,32.557293826536764,330.9050486399195,8.0,22.75881234040152,72.08714126514167
172,SUEZ CANAL NB,SEA,PILOT_TO_PILOT,15,172,6,16,17,Bay1,Suez13,30.217460110364254,32.5560457777107,330.9050486399195,8.0,22.891962134039446,71.95399147150374
173,SUEZ CANAL NB,SEA,PILOT_TO_PILOT,15,173,7,16,17,Bay1,Suez13,30.219397865162016,32.55479767971633,330.9050486399195,8.0,23.025111927677372,71.82084167786581
174,SUEZ CANAL NB,SEA,PILOT_TO_PILOT,15,174,8,16,17,Bay1,Suez13,30.221335608134908,32.55354953254818,330.9050486399195,8.0,23.1582617213153,71.68769188422789
175,SUEZ CANAL NB,SEA,PILOT_TO_PILOT,15,175,9,16,17,Bay1,Suez13,30.22327333928157,32.552301336200784,330.9050486399195,8.0,23.291411514953225,71.55454209058996
176,SUEZ CANAL NB,SEA,PILOT_TO_PILOT,15,176,10,16,17,Bay1,Suez13,30.225211058600603,32.55105309066869,330.9050486399195,8.0,23.42456130859115,71.42139229695204
177,SUEZ CANAL NB,SEA,PILOT_TO_PILOT,15,177,11,16,17,Bay1,Suez13,30.227148766090618,32.54980479594642,330.9050486399195,8.0,23.557711102229078,71.28824250331411
178,SUEZ CANAL NB,SEA,PILOT_TO_PILOT,15,178,12,16,17,Bay1,Suez13,30.229086461750246,32.54855645202853,330.9050486399195,8.0,23.690860895867004,71.15509270967618
179,SUEZ CANAL NB,SEA,PILOT_TO_PILOT,15,179,13,16,17,Bay1,Suez13,30.23102414557808,32.54730805890955,330.9050486399195,8.0,23.824010689504927,71.02194291603826
180,SUEZ CANAL NB,SEA,PILOT_TO_PILOT,15,180,14,16,17,Bay1,Suez13,30.232961817572743,32.546059616584,330.9050486399195,8.0,23.957160483142854,70.88879312240033
181,SUEZ CANAL NB,SEA,PILOT_TO_PILOT,15,181,15,16,17,Bay1,Suez13,30.23489947773286,32.54481112504645,330.9050486399195,8.0,24.09031027678078,70.7556433287624
182,SUEZ CANAL NB,SEA,PILOT_TO_PILOT,15,182,16,16,17,Bay1,Suez13,30.236837126057026,32.5435625842914,330.9050486399195,8.0,24.223460070418707,70.62249353512448
183,SUEZ CANAL NB,SEA,PILOT_TO_PILOT,15,183,17,16,17,Bay1,Suez13,30.238774762543866,32.54231399431339,330.9050486399195,8.0,24.356609864056633,70.48934374148655
184,SUEZ CANAL NB,SEA,PILOT_TO_PILOT,15,184,18,16,17,Bay1,Suez13,30.240712387191987,32.54106535510697,330.9050486399195,8.0,24.48975965769456,70.35619394784862
185,SUEZ CANAL NB,SEA,PILOT_TO_PILOT,16,185,0,17,18,Suez13,Suez14,30.242650000000005,32.53981666666667,320.79154008357966,8.0,24.622909451332486,70.2230441542107
186,SUEZ CANAL NB,SEA,PILOT_TO_PILOT,16,186,1,17,18,Suez13,Suez14,30.244450032921936,32.53811676008786,320.79154008357966,8.0,24.762388442948396,70.0835651625948
187,SUEZ CANAL NB,SEA,PILOT_TO_PILOT,16,187,2,17,18,Suez13,Suez14,30.2462500438975,32.53641679123228,320.79154008357966,8.0,24.901867434564306,69.94408617097888
188,SUEZ CANAL NB,SEA,PILOT_TO_PILOT,16,188,3,17,18,Suez13,Suez14,30.248050032924322,32.534716760093886,320.79154008357966,8.0,25.041346426180215,69.80460717936297
189,SUEZ CANAL NB,SEA,PILOT_TO_PILOT,17,189,0,18,19,Suez14,Suez15,30.24985,32.53301666666667,308.2155256821822,8.0,25.18082541779613,69.66512818774706
190,SUEZ CANAL NB,SEA,PILOT_TO_PILOT,17,190,1,18,19,Suez14,Suez15,30.25118754406632,32.531050080327326,308.2155256821822,8.0,25.31064253931664,69.53531106622654
191,SUEZ CANAL NB,SEA,PILOT_TO_PILOT,17,191,2,18,19,Suez14,Suez15,30.25252505875668,32.52908344043853,308.2155256821822,8.0,25.440459660837153,69.40549394470604
192,SUEZ CANAL NB,SEA,PILOT_TO_PILOT,17,192,3,18,19,Suez14,Suez15,30.2538625440687,32.527116746997145,308.2155256821822,8.0,25.570276782357663,69.27567682318552
193,SUEZ CANAL NB,SEA,PILOT_TO_PILOT,18,193,0,19,20,Suez15,Suez16,30.255199999999995,32.525150000000004,297.69317468682067,8.0,25.700093903878177,69.14585970166502
194,SUEZ CANAL NB,SEA,PILOT_TO_PILOT,18,194,1,19,20,Suez15,Suez16,30.256312568627376,32.522695916726974,297.69317468682067,8.0,25.843832328121373,69.00212127742182
195,SUEZ CANAL NB,SEA,PILOT_TO_PILOT,18,195,2,19,20,Suez15,Suez16,30.25742509150523,32.52024177785915,297.69317468682067,8.0,25.98757075236457,68.85838285317863
196,SUEZ CANAL NB,SEA,PILOT_TO_PILOT,18,196,3,19,20,Suez15,Suez16,30.258537568630462,32.51778758339509,297.69317468682067,8.0,26.131309176607765,68.71464442893543
197,SUEZ CANAL NB,SEA,PILOT_TO_PILOT,19,197,0,20,21,Suez16,Suez17,30.259650000000004,32.51533333333333,288.4532367118773,8.0,26.275047600850957,68.57090600469223
198,SUEZ CANAL NB,SEA,PILOT_TO_PILOT,19,198,1,20,21,Suez16,Suez17,30.260346433371733,32.512916940806136,288.4532367118773,8.0,26.40715336141759,68.4388002441256
199,SUEZ CANAL NB,SEA,PILOT_TO_PILOT,19,199,2,20,21,Suez16,Suez17,30.261042822385253,32.51050051400781,288.4532367118773,8.0,26.539259121984216,68.30669448355897
200,SUEZ CANAL NB,SEA,PILOT_TO_PILOT,19,200,3,20,21,Suez16,Suez17,30.261739167038705,32.508084052939076,288.4532367118773,8.0,26.671364882550847,68.17458872299234
201,SUEZ CANAL NB,SEA,PILOT_TO_PILOT,19,201,4,20,21,Suez16,Suez17,30.262435467330207,32.50566755760068,288.4532367118773,8.0,26.803470643117475,68.04248296242571
202,SUEZ CANAL NB,SEA,PILOT_TO_PILOT,19,202,5,20,21,Suez16,Suez17,30.263131723257914,32.503251027993365,288.4532367118773,8.0,26.935576403684106,67.91037720185908
203,SUEZ CANAL NB,SEA,PILOT_TO_PILOT,19,203,6,20,21,Suez16,Suez17,30.26382793481993,32.50083446411789,288.4532367118773,8.0,27.067682164250733,67.77827144129245
204,SUEZ CANAL NB,SEA,PILOT_TO_PILOT,19,204,7,20,21,Suez16,Suez17,30.26452410201441,32.49841786597496,288.4532367118773,8.0,27.199787924817365,67.64616568072583
205,SUEZ CANAL NB,SEA,PILOT_TO_PILOT,19,205,8,20,21,Suez16,Suez17,30.265220224839464,32.49600123356533,288.4532367118773,8.0,27.331893685383996,67.51405992015918
206,SUEZ CANAL NB,SEA,PILOT_TO_PILOT,19,206,9,20,21,Suez16,Suez17,30.26591630329325,32.493584566889766,288.4532367118773,8.0,27.463999445950623,67.38195415959257
207,SUEZ CANAL NB,SEA,PILOT_TO_PILOT,19,207,10,20,21,Suez16,Suez17,30.26661233737388,32.491167865948974,288.4532367118773,8.0,27.596105206517255,67.24984839902594
208,SUEZ CANAL NB,SEA,PILOT_TO_PILOT,19,208,11,20,21,Suez16,Suez17,30.2673083270795,32.48875113074373,288.4532367118773,8.0,27.728210967083882,67.1177426384593
209,SUEZ CANAL NB,SEA,PILOT_TO_PILOT,19,209,12,20,21,Suez16,Suez17,30.268004272408238,32.48633436127475,288.4532367118773,8.0,27.860316727650513,66.98563687789267
210,SUEZ CANAL NB,SEA,PILOT_TO_PILOT,19,210,13,20,21,Suez16,Suez17,30.268700173358226,32.48391755754278,288.4532367118773,8.0,27.992422488217144,66.85353111732604
211,SUEZ CANAL NB,SEA,PILOT_TO_PILOT,19,211,14,20,21,Suez16,Suez17,30.2693960299276,32.48150071954859,288.4532367118773,8.0,28.124528248783772,66.72142535675941
212,SUEZ CANAL NB,SEA,PILOT_TO_PILOT,19,212,15,20,21,Suez16,Suez17,30.270091842114482,32.47908384729289,288.4532367118773,8.0,28.256634009350403,66.58931959619278
213,SUEZ CANAL NB,SEA,PILOT_TO_PILOT,19,213,16,20,21,Suez16,Suez17,30.270787609917015,32.476666940776454,288.4532367118773,8.0,28.38873976991703,66.45721383562616
214,SUEZ CANAL NB,SEA,PILOT_TO_PILOT,20,214,0,21,22,Suez17,Suez18,30.271483333333332,32.47425,291.5365882153442,8.0,28.520845530483662,66.32510807505952
215,SUEZ CANAL NB,SEA,PILOT_TO_PILOT,20,215,1,21,22,Suez17,Suez18,30.272337227847874,32.47174461879623,291.5365882153442,8.0,28.66050857844006,66.18544502710313
216,SUEZ CANAL NB,SEA,PILOT_TO_PILOT,20,216,2,21,22,Suez17,Suez18,30.27319107466546,32.46923919400408,291.5365882153442,8.0,28.800171626396455,66.04578197914674
217,SUEZ CANAL NB,SEA,PILOT_TO_PILOT,20,217,3,21,22,Suez17,Suez18,30.27404487378361,32.46673372562373,291.5365882153442,8.0,28.939834674352852,65.90611893119033
218,SUEZ CANAL NB,SEA,PILOT_TO_PILOT,20,218,4,21,22,Suez17,Suez18,30.274898625199874,32.46422821365538,291.5365882153442,8.0,29.079497722309245,65.76645588323395
219,SUEZ CANAL NB,SEA,PILOT_TO_PILOT,20,219,5,21,22,Suez17,Suez18,30.275752328911793,32.461722658099205,291.5365882153442,8.0,29.219160770265642,65.62679283527754
220,SUEZ CANAL NB,SEA,PILOT_TO_PILOT,20,220,6,21,22,Suez17,Suez18,30.276605984916895,32.459217058955396,291.5365882153442,8.0,29.35882381822204,65.48712978732115
221,SUEZ CANAL NB,SEA,PILOT_TO_PILOT,20,221,7,21,22,Suez17,Suez18,30.277459593212704,32.45671141622414,291.5365882153442,8.0,29.498486866178435,65.34746673936475
222,SUEZ CANAL NB,SEA,PILOT_TO_PILOT,20,222,8,21,22,Suez17,Suez18,30.27831315379679,32.4542057299056,291.5365882153442,8.0,29.638149914134832,65.20780369140836
223,SUEZ CANAL NB,SEA,PILOT_TO_PILOT,21,223,0,22,23,Suez18,Suez19,30.27916666666667,32.4517,299.82430714591305,8.0,29.777812962091225,65.06814064345195
224,SUEZ CANAL NB,SEA,PILOT_TO_PILOT,21,224,1,22,23,Suez18,Suez19,30.280404237915153,32.449200094587596,299.82430714591305,8.0,29.927218724740584,64.9187348808026
225,SUEZ CANAL NB,SEA,PILOT_TO_PILOT,21,225,2,22,23,Suez18,Suez19,30.281641761667014,32.44670012611833,299.82430714591305,8.0,30.076624487389942,64.76932911815325
226,SUEZ CANAL NB,SEA,PILOT_TO_PILOT,21,226,3,22,23,Suez18,Suez19,30.28287923791871,32.444200094589895,299.82430714591305,8.0,30.2260302500393,64.61992335550389
227,SUEZ CANAL NB,SEA,PILOT_TO_PILOT,22,227,0,23,24,Suez19,Suez20,30.284116666666666,32.4417,312.2716612743381,8.0,30.37543601268866,64.47051759285452
228,SUEZ CANAL NB,SEA,PILOT_TO_PILOT,22,228,1,23,24,Suez19,Suez20,30.28567780784343,32.439711174408494,312.2716612743381,8.0,30.514784864664957,64.33116874087823
229,SUEZ CANAL NB,SEA,PILOT_TO_PILOT,22,229,2,23,24,Suez19,Suez20,30.287238918955488,32.43772228552118,312.2716612743381,8.0,30.654133716641255,64.19181988890193
230,SUEZ CANAL NB,SEA,PILOT_TO_PILOT,23,230,0,24,25,Suez20,Suez21,30.2888,32.43573333333333,322.2479582168427,8.0,30.793482568617552,64.05247103692564
231,SUEZ CANAL NB,SEA,PILOT_TO_PILOT,23,231,1,24,25,Suez20,Suez21,30.29056289716928,32.43415241562367,322.2479582168427,8.0,30.927351341448723,63.91860226409446
232,SUEZ CANAL NB,SEA,PILOT_TO_PILOT,23,232,2,24,25,Suez20,Suez21,30.292325775339787,32.43257144108633,322.2479582168427,8.0,31.061220114279898,63.78473349126329
233,SUEZ CANAL NB,SEA,PILOT_TO_PILOT,23,233,3,24,25,Suez20,Suez21,30.294088634509496,32.430990409715854,322.2479582168427,8.0,31.19508888711107,63.65086471843212
234,SUEZ CANAL NB,SEA,PILOT_TO_PILOT,23,234,4,24,25,Suez20,Suez21,30.29585147467638,32.429409321506796,322.2479582168427,8.0,31.328957659942244,63.51699594560094
235,SUEZ CANAL NB,SEA,PILOT_TO_PILOT,23,235,5,24,25,Suez20,Suez21,30.297614295838393,32.42782817645372,322.2479582168427,8.0,31.462826432773415,63.383127172769775
236,SUEZ CANAL NB,SEA,PILOT_TO_PILOT,23,236,6,24,25,Suez20,Suez21,30.299377097993542,32.42624697455117,322.2479582168427,8.0,31.596695205604586,63.2492583999386
237,SUEZ CANAL NB,SEA,PILOT_TO_PILOT,23,237,7,24,25,Suez20,Suez21,30.301139881139786,32.4246657157937,322.2479582168427,8.0,31.73056397843576,63.115389627107426
238,SUEZ CANAL NB,SEA,PILOT_TO_PILOT,23,238,8,24,25,Suez20,Suez21,30.302902645275104,32.42308440017587,322.2479582168427,8.0,31.864432751266932,62.981520854276255
239,SUEZ CANAL NB,SEA,PILOT_TO_PILOT,23,239,9,24,25,Suez20,Suez21,30.30466539039746,32.421503027692225,322.2479582168427,8.0,31.998301524098107,62.84765208144508
240,SUEZ CANAL NB,SEA,PILOT_TO_PILOT,23,240,10,24,25,Suez20,Suez21,30.30642811650484,32.41992159833732,322.2479582168427,8.0,32.13217029692928,62.713783308613905
241,SUEZ CANAL NB,SEA,PILOT_TO_PILOT,23,241,11,24,25,Suez20,Suez21,30.308190823595204,32.4183401121057,322.2479582168427,8.0,32.26603906976045,62.579914535782734
242,SUEZ CANAL NB,SEA,PILOT_TO_PILOT,23,242,12,24,25,Suez20,Suez21,30.309953511666528,32.41675856899193,322.2479582168427,8.0,32.399907842591624,62.44604576295156
243,SUEZ CANAL NB,SEA,PILOT_TO_PILOT,23,243,13,24,25,Suez20,Suez21,30.311716180716797,32.41517696899055,322.2479582168427,8.0,32.533776615422795,62.31217699012039
244,SUEZ CANAL NB,SEA,PILOT_TO_PILOT,23,244,14,24,25,Suez20,Suez21,30.313478830743964,32.41359531209613,322.2479582168427,8.0,32.667645388253966,62.17830821728922
245,SUEZ CANAL NB,SEA,PILOT_TO_PILOT,23,245,15,24,25,Suez20,Suez21,30.315241461746023,32.41201359830319,322.2479582168427,8.0,32.801514161085144,62.04443944445804
246,SUEZ CANAL NB,SEA,PILOT_TO_PILOT,23,246,16,24,25,Suez20,Suez21,30.317004073720934,32.410431827606295,322.2479582168427,8.0,32.935382933916316,61.91057067162687
247,SUEZ CANAL NB,SEA,PILOT_TO_PILOT,24,247,0,25,26,Suez21,Suez22,30.31876666666667,32.40885,323.13132347967803,8.0,33.06925170674749,61.7767018987957
248,SUEZ CANAL NB,SEA,PILOT_TO_PILOT,24,248,1,25,26,Suez21,Suez22,30.320550976566768,32.4072997713907,323.13132347967803,8.0,33.20316372976833,61.64278987577486
249,SUEZ CANAL NB,SEA,PILOT_TO_PILOT,24,249,2,25,26,Suez21,Suez22,30.322335268187768,32.40574948631218,323.13132347967803,8.0,33.33707575278917,61.50887785275402
250,SUEZ CANAL NB,SEA,PILOT_TO_PILOT,24,250,3,25,26,Suez21,Suez22,30.32411954152769,32.40419914475895,323.13132347967803,8.0,33.47098777581001,61.37496582973318
251,SUEZ CANAL NB,SEA,PILOT_TO_PILOT,24,251,4,25,26,Suez21,Suez22,30.32590379658457,32.402648746725454,323.13132347967803,8.0,33.60489979883085,61.24105380671234
252,SUEZ CANAL NB,SEA,PILOT_TO_PILOT,24,252,5,25,26,Suez21,Suez22,30.32768803335643,32.401098292206214,323.13132347967803,8.0,33.73881182185169,61.107141783691496
253,SUEZ CANAL NB,SEA,PILOT_TO_PILOT,24,253,6,25,26,Suez21,Suez22,30.329472251841302,32.39954778119569,323.13132347967803,8.0,33.87272384487253,60.973229760670655
254,SUEZ CANAL NB,SEA,PILOT_TO_PILOT,24,254,7,25,26,Suez21,Suez22,30.331256452037206,32.39799721368838,323.13132347967803,8.0,34.00663586789337,60.839317737649814
255,SUEZ CANAL NB,SEA,PILOT_TO_PILOT,24,255,8,25,26,Suez21,Suez22,30.33304063394218,32.39644658967877,323.13132347967803,8.0,34.14054789091421,60.705405714628974
256,SUEZ CANAL NB,SEA,PILOT_TO_PILOT,24,256,9,25,26,Suez21,Suez22,30.33482479755423,32.39489590916133,323.13132347967803,8.0,34.274459913935054,60.57149369160813
257,SUEZ CANAL NB,SEA,PILOT_TO_PILOT,24,257,10,25,26,Suez21,Suez22,30.3366089428714,32.393345172130545,323.13132347967803,8.0,34.408371936955895,60.43758166858729
258,SUEZ CANAL NB,SEA,PILOT_TO_PILOT,24,258,11,25,26,Suez21,Suez22,30.338393069891726,32.39179437858092,323.13132347967803,8.0,34.542283959976736,60.30366964556645
259,SUEZ CANAL NB,SEA,PILOT_TO_PILOT,24,259,12,25,26,Suez21,Suez22,30.34017717861321,32.39024352850691,323.13132347967803,8.0,34.67619598299758,60.16975762254561
260,SUEZ CANAL NB,SEA,PILOT_TO_PILOT,24,260,13,25,26,Suez21,Suez22,30.34196126903388,32.388692621903004,323.13132347967803,8.0,34.81010800601842,60.03584559952477
261,SUEZ CANAL NB,SEA,PILOT_TO_PILOT,24,261,14,25,26,Suez21,Suez22,30.34374534115178,32.387141658763696,323.13132347967803,8.0,34.94402002903926,59.90193357650393
262,SUEZ CANAL NB,SEA,PILOT_TO_PILOT,24,262,15,25,26,Suez21,Suez22,30.345529394964927,32.38559063908345,323.13132347967803,8.0,35.0779320520601,59.76802155348309
263,SUEZ CANAL NB,SEA,PILOT_TO_PILOT,24,263,16,25,26,Suez21,Suez22,30.347313430471335,32.384039562856756,323.13132347967803,8.0,35.21184407508094,59.63410953046225
264,SUEZ CANAL NB,SEA,PILOT_TO_PILOT,24,264,17,25,26,Suez21,Suez22,30.349097447669045,32.38248843007809,323.13132347967803,8.0,35.34575609810178,59.500197507441406
265,SUEZ CANAL NB,SEA,PILOT_TO_PILOT,24,265,18,25,26,Suez21,Suez22,30.350881446556077,32.38093724074194,323.13132347967803,8.0,35.47966812112262,59.366285484420565
266,SUEZ CANAL NB,SEA,PILOT_TO_PILOT,24,266,19,25,26,Suez21,Suez22,30.352665427130454,32.37938599484278,323.13132347967803,8.0,35.61358014414346,59.232373461399725
267,SUEZ CANAL NB,SEA,PILOT_TO_PILOT,24,267,20,25,26,Suez21,Suez22,30.354449389390194,32.37783469237509,323.13132347967803,8.0,35.74749216716431,59.09846143837888
268,SUEZ CANAL NB,SEA,PILOT_TO_PILOT,25,268,0,26,27,Suez22,Suez23,30.35623333333333,32.37628333333334,340.3171643862024,8.0,35.88140419018515,58.964549415358036
269,SUEZ CANAL NB,SEA,PILOT_TO_PILOT,25,269,1,26,27,Suez22,Suez23,30.358575010760966,32.375312569724095,340.3171643862024,8.0,36.03072434312941,58.81522926241378
270,SUEZ CANAL NB,SEA,PILOT_TO_PILOT,25,270,2,26,27,Suez22,Suez23,30.360916681015297,32.37434175963641,340.3171643862024,8.0,36.18004449607366,58.665909109469524
271,SUEZ CANAL NB,SEA,PILOT_TO_PILOT,25,271,3,26,27,Suez22,Suez23,30.36325834409532,32.37337090306386,340.3171643862024,8.0,36.32936464901792,58.51658895652527
272,SUEZ CANAL NB,SEA,PILOT_TO_PILOT,26,272,0,27,28,Suez23,Suez24,30.365600000000008,32.3724,350.2518841278708,8.0,36.478684801962174,58.36726880358101
273,SUEZ CANAL NB,SEA,PILOT_TO_PILOT,26,273,1,27,28,Suez23,Suez24,30.367767617448703,32.371968390925254,350.2518841278708,8.0,36.61073619428173,58.23521741126146
274,SUEZ CANAL NB,SEA,PILOT_TO_PILOT,26,274,2,27,28,Suez23,Suez24,30.369935233479172,32.37153676271485,350.2518841278708,8.0,36.742787586601274,58.10316601894191
275,SUEZ CANAL NB,SEA,PILOT_TO_PILOT,26,275,3,27,28,Suez23,Suez24,30.372102848091213,32.37110511536627,350.2518841278708,8.0,36.87483897892083,57.97111462662236
276,SUEZ CANAL NB,SEA,PILOT_TO_PILOT,26,276,4,27,28,Suez23,Suez24,30.374270461284638,32.37067344887704,350.2518841278708,8.0,37.006890371240374,57.83906323430281
277,SUEZ CANAL NB,SEA,PILOT_TO_PILOT,26,277,5,27,28,Suez23,Suez24,30.376438073059266,32.37024176324465,350.2518841278708,8.0,37.13894176355993,57.70701184198326
278,SUEZ CANAL NB,SEA,PILOT_TO_PILOT,26,278,6,27,28,Suez23,Suez24,30.378605683414918,32.369810058466605,350.2518841278708,8.0,37.270993155879474,57.57496044966371
279,SUEZ CANAL NB,SEA,PILOT_TO_PILOT,26,279,7,27,28,Suez23,Suez24,30.380773292351392,32.369378334540414,350.2518841278708,8.0,37.40304454819903,57.44290905734416
280,SUEZ CANAL NB,SEA,PILOT_TO_PILOT,26,280,8,27,28,Suez23,Suez24,30.38294089986851,32.368946591463576,350.2518841278708,8.0,37.53509594051857,57.31085766502461
281,SUEZ CANAL NB,SEA,PILOT_TO_PILOT,26,281,9,27,28,Suez23,Suez24,30.385108505966095,32.3685148292336,350.2518841278708,8.0,37.66714733283813,57.17880627270506
282,SUEZ CANAL NB,SEA,PILOT_TO_PILOT,26,282,10,27,28,Suez23,Suez24,30.38727611064394,32.36808304784797,350.2518841278708,8.0,37.79919872515768,57.04675488038551
283,SUEZ CANAL NB,SEA,PILOT_TO_PILOT,26,283,11,27,28,Suez23,Suez24,30.389443713901876,32.36765124730421,350.2518841278708,8.0,37.93125011747723,56.91470348806596
284,SUEZ CANAL NB,SEA,PILOT_TO_PILOT,26,284,12,27,28,Suez23,Suez24,30.391611315739713,32.3672194275998,350.2518841278708,8.0,38.06330150979678,56.78265209574641
285,SUEZ CANAL NB,SEA,PILOT_TO_PILOT,26,285,13,27,28,Suez23,Suez24,30.393778916157263,32.36678758873226,350.2518841278708,8.0,38.195352902116326,56.65060070342686
286,SUEZ CANAL NB,SEA,PILOT_TO_PILOT,26,286,14,27,28,Suez23,Suez24,30.39594651515434,32.36635573069907,350.2518841278708,8.0,38.32740429443588,56.51854931110731
287,SUEZ CANAL NB,SEA,PILOT_TO_PILOT,26,287,15,27,28,Suez23,Suez24,30.39811411273075,32.365923853497755,350.2518841278708,8.0,38.459455686755426,56.38649791878776
288,SUEZ CANAL NB,SEA,PILOT_TO_PILOT,26,288,16,27,28,Suez23,Suez24,30.400281708886325,32.3654919571258,350.2518841278708,8.0,38.59150707907498,56.25444652646821
289,SUEZ CANAL NB,SEA,PILOT_TO_PILOT,26,289,17,27,28,Suez23,Suez24,30.402449303620877,32.365060041580705,350.2518841278708,8.0,38.723558471394526,56.12239513414866
290,SUEZ CANAL NB,SEA,PILOT_TO_PILOT,26,290,18,27,28,Suez23,Suez24,30.404616896934186,32.364628106859975,350.2518841278708,8.0,38.85560986371408,55.99034374182911
291,SUEZ CANAL NB,SEA,PILOT_TO_PILOT,26,291,19,27,28,Suez23,Suez24,30.406784488826112,32.36419615296111,350.2518841278708,8.0,38.98766125603363,55.858292349509554
292,SUEZ CANAL NB,SEA,PILOT_TO_PILOT,26,292,20,27,28,Suez23,Suez24,30.408952079296444,32.36376417988159,350.2518841278708,8.0,39.11971264835318,55.72624095719001
293,SUEZ CANAL NB,SEA,PILOT_TO_PILOT,26,293,21,27,28,Suez23,Suez24,30.411119668344995,32.36333218761894,350.2518841278708,8.0,39.25176404067273,55.594189564870454
294,SUEZ CANAL NB,SEA,PILOT_TO_PILOT,26,294,22,27,28,Suez23,Suez24,30.413287255971586,32.36290017617064,350.2518841278708,8.0,39.38381543299228,55.46213817255091
295,SUEZ CANAL NB,SEA,PILOT_TO_PILOT,26,295,23,27,28,Suez23,Suez24,30.415454842176032,32.362468145534194,350.2518841278708,8.0,39.51586682531183,55.330086780231355
296,SUEZ CANAL NB,SEA,PILOT_TO_PILOT,26,296,24,27,28,Suez23,Suez24,30.417622426958133,32.362036095707104,350.2518841278708,8.0,39.64791821763138,55.19803538791181
297,SUEZ CANAL NB,SEA,PILOT_TO_PILOT,26,297,25,27,28,Suez23,Suez24,30.419790010317712,32.36160402668686,350.2518841278708,8.0,39.77996960995093,55.065983995592255
298,SUEZ CANAL NB,SEA,PILOT_TO_PILOT,26,298,26,27,28,Suez23,Suez24,30.421957592254593,32.36117193847096,350.2518841278708,8.0,39.91202100227048,54.93393260327271
299,SUEZ CANAL NB,SEA,PILOT_TO_PILOT,26,299,27,27,28,Suez23,Suez24,30.424125172768573,32.360739831056904,350.2518841278708,8.0,40.04407239459003,54.801881210953155
300,SUEZ CANAL NB,SEA,PILOT_TO_PILOT,26,300,28,27,28,Suez23,Suez24,30.426292751859474,32.360307704442185,350.2518841278708,8.0,40.176123786909585,54.6698298186336
301,SUEZ CANAL NB,SEA,PILOT_TO_PILOT,26,301,29,27,28,Suez23,Suez24,30.428460329527105,32.359875558624296,350.2518841278708,8.0,40.30817517922913,54.537778426314055
302,SUEZ CANAL NB,SEA,PILOT_TO_PILOT,26,302,30,27,28,Suez23,Suez24,30.430627905771278,32.359443393600735,350.2518841278708,8.0,40.440226571548685,54.4057270339945
303,SUEZ CANAL NB,SEA,PILOT_TO_PILOT,26,303,31,27,28,Suez23,Suez24,30.432795480591803,32.35901120936901,350.2518841278708,8.0,40.57227796386823,54.273675641674956
304,SUEZ CANAL NB,SEA,PILOT_TO_PILOT,26,304,32,27,28,Suez23,Suez24,30.43496305398852,32.35857900592659,350.2518841278708,8.0,40.704329356187785,54.1416242493554
305,SUEZ CANAL NB,SEA,PILOT_TO_PILOT,26,305,33,27,28,Suez23,Suez24,30.43713062596121,32.35814678327098,350.2518841278708,8.0,40.83638074850733,54.009572857035856
306,SUEZ CANAL NB,SEA,PILOT_TO_PILOT,26,306,34,27,28,Suez23,Suez24,30.4392981965097,32.357714541399694,350.2518841278708,8.0,40.968432140826884,53.8775214647163
307,SUEZ CANAL NB,SEA,PILOT_TO_PILOT,26,307,35,27,28,Suez23,Suez24,30.441465765633808,32.3572822803102,350.2518841278708,8.0,41.10048353314643,53.745470072396756
308,SUEZ CANAL NB,SEA,PILOT_TO_PILOT,27,308,0,28,29,Suez24,Suez25,30.443633333333338,32.35685,359.5459826726776,8.0,41.232534925465984,53.6134186800772
309,SUEZ CANAL NB,SEA,PILOT_TO_PILOT,27,309,1,28,29,Suez24,Suez25,30.445964285724788,32.356828574503375,359.5459826726776,8.0,41.37249076673517,53.47346283880802
310,SUEZ CANAL NB,SEA,PILOT_TO_PILOT,27,310,2,28,29,Suez24,Suez25,30.448295238112745,32.35680714798205,359.5459826726776,8.0,41.512446608004346,53.33350699753884
311,SUEZ CANAL NB,SEA,PILOT_TO_PILOT,27,311,3,28,29,Suez24,Suez25,30.4506261904972,32.356785720435894,359.5459826726776,8.0,41.65240244927353,53.193551156269656
312,SUEZ CANAL NB,SEA,PILOT_TO_PILOT,27,312,4,28,29,Suez24,Suez25,30.45295714287815,32.356764291864756,359.5459826726776,8.0,41.792358290542715,53.05359531500047
313,SUEZ CANAL NB,SEA,PILOT_TO_PILOT,27,313,5,28,29,Suez24,Suez25,30.455288095255604,32.35674286226848,359.5459826726776,8.0,41.93231413181189,52.913639473731294
314,SUEZ CANAL NB,SEA,PILOT_TO_PILOT,27,314,6,28,29,Suez24,Suez25,30.457619047629553,32.35672143164695,359.5459826726776,8.0,42.07226997308108,52.77368363246211
315,SUEZ CANAL NB,SEA,PILOT_TO_PILOT,28,315,0,29,30,Suez25,Suez26,30.45995,32.356700000000004,352.8391159285389,8.0,42.21222581435026,52.633727791192925
316,SUEZ CANAL NB,SEA,PILOT_TO_PILOT,28,316,1,29,30,Suez25,Suez26,30.462076668132553,32.35639002707179,352.8391159285389,8.0,42.34091574011195,52.505037865431234
317,SUEZ CANAL NB,SEA,PILOT_TO_PILOT,28,317,2,29,30,Suez25,Suez26,30.46420333553225,32.35608004060941,352.8391159285389,8.0,42.469605665873644,52.37634793966954
318,SUEZ CANAL NB,SEA,PILOT_TO_PILOT,28,318,3,29,30,Suez25,Suez26,30.466330002199015,32.35577004061115,352.8391159285389,8.0,42.598295591635335,52.24765801390785
319,SUEZ CANAL NB,SEA,PILOT_TO_PILOT,28,319,4,29,30,Suez25,Suez26,30.46845666813274,32.35546002707527,352.8391159285389,8.0,42.726985517397026,52.11896808814616
320,SUEZ CANAL NB,SEA,PILOT_TO_PILOT,29,320,0,30,31,Suez26,Alley1,30.47058333333333,32.35515000000001,349.9733901051418,8.0,42.85567544315872,51.99027816238447
321,SUEZ CANAL NB,SEA,PILOT_TO_PILOT,29,321,1,30,31,Suez26,Alley1,30.472750033976748,32.35470551838558,349.9733901051418,8.0,42.98778286224135,51.858170743301834
322,SUEZ CANAL NB,SEA,PILOT_TO_PILOT,29,322,2,30,31,Suez26,Alley1,30.474916733112988,32.35426101699027,349.9733901051418,8.0,43.119890281324,51.72606332421919
323,SUEZ CANAL NB,SEA,PILOT_TO_PILOT,29,323,3,30,31,Suez26,Alley1,30.47708343074185,32.35381649581149,349.9733901051418,8.0,43.25199770040663,51.59395590513655
324,SUEZ CANAL NB,SEA,PILOT_TO_PILOT,29,324,4,30,31,Suez26,Alley1,30.479250126863146,32.3533719548467,349.9733901051418,8.0,43.38410511948928,51.46184848605391
325,SUEZ CANAL NB,SEA,PILOT_TO_PILOT,29,325,5,30,31,Suez26,Alley1,30.48141682147667,32.35292739409328,349.9733901051418,8.0,43.516212538571914,51.32974106697127
326,SUEZ CANAL NB,SEA,PILOT_TO_PILOT,29,326,6,30,31,Suez26,Alley1,30.48358351458222,32.35248281354866,349.9733901051418,8.0,43.64831995765456,51.19763364788863
327,SUEZ CANAL NB,SEA,PILOT_TO_PILOT,29,327,7,30,31,Suez26,Alley1,30.48575020617961,32.352038213210264,349.9733901051418,8.0,43.780427376737194,51.06552622880599
328,SUEZ CANAL NB,SEA,PILOT_TO_PILOT,29,328,8,30,31,Suez26,Alley1,30.48791689626864,32.35159359307552,349.9733901051418,8.0,43.91253479581984,50.93341880972335
329,SUEZ CANAL NB,SEA,PILOT_TO_PILOT,29,329,9,30,31,Suez26,Alley1,30.490083584849113,32.35114895314184,349.9733901051418,8.0,44.044642214902474,50.80131139064071
330,SUEZ CANAL NB,SEA,PILOT_TO_PILOT,29,330,10,30,31,Suez26,Alley1,30.49225027192082,32.35070429340664,349.9733901051418,8.0,44.17674963398512,50.66920397155807
331,SUEZ CANAL NB,SEA,PILOT_TO_PILOT,29,331,11,30,31,Suez26,Alley1,30.494416957483576,32.350259613867344,349.9733901051418,8.0,44.308857053067754,50.53709655247543
332,SUEZ CANAL NB,SEA,PILOT_TO_PILOT,29,332,12,30,31,Suez26,Alley1,30.496583641537185,32.349814914521374,349.9733901051418,8.0,44.4409644721504,50.40498913339279
333,SUEZ CANAL NB,SEA,PILOT_TO_PILOT,29,333,13,30,31,Suez26,Alley1,30.498750324081428,32.34937019536614,349.9733901051418,8.0,44.573071891233035,50.27288171431015
334,SUEZ CANAL NB,SEA,PILOT_TO_PILOT,29,334,14,30,31,Suez26,Alley1,30.50091700511613,32.34892545639907,349.9733901051418,8.0,44.70517931031568,50.14077429522751
335,SUEZ CANAL NB,SEA,PILOT_TO_PILOT,29,335,15,30,31,Suez26,Alley1,30.503083684641087,32.348480697617575,349.9733901051418,8.0,44.837286729398315,50.00866687614487
336,SUEZ CANAL NB,SEA,PILOT_TO_PILOT,29,336,16,30,31,Suez26,Alley1,30.5052503626561,32.348035919019075,349.9733901051418,8.0,44.96939414848096,49.87655945706223
337,SUEZ CANAL NB,SEA,PILOT_TO_PILOT,29,337,17,30,31,Suez26,Alley1,30.507417039160973,32.34759112060099,349.9733901051418,8.0,45.101501567563595,49.74445203797959
338,SUEZ CANAL NB,SEA,PILOT_TO_PILOT,29,338,18,30,31,Suez26,Alley1,30.509583714155497,32.347146302360734,349.9733901051418,8.0,45.23360898664624,49.61234461889695
339,SUEZ CANAL NB,SEA,PILOT_TO_PILOT,29,339,19,30,31,Suez26,Alley1,30.511750387639488,32.34670146429571,349.9733901051418,8.0,45.365716405728875,49.48023719981431
340,SUEZ CANAL NB,SEA,PILOT_TO_PILOT,29,340,20,30,31,Suez26,Alley1,30.513917059612744,32.346256606403365,349.9733901051418,8.0,45.49782382481152,49.34812978073167
341,SUEZ CANAL NB,SEA,PILOT_TO_PILOT,29,341,21,30,31,Suez26,Alley1,30.516083730075067,32.34581172868108,349.9733901051418,8.0,45.629931243894156,49.21602236164903
342,SUEZ CANAL NB,SEA,PILOT_TO_PILOT,29,342,22,30,31,Suez26,Alley1,30.518250399026257,32.3453668311263,349.9733901051418,8.0,45.7620386629768,49.08391494256639
343,SUEZ CANAL NB,SEA,PILOT_TO_PILOT,29,343,23,30,31,Suez26,Alley1,30.520417066466116,32.34492191373642,349.9733901051418,8.0,45.894146082059436,48.95180752348375
344,SUEZ CANAL NB,SEA,PILOT_TO_PILOT,29,344,24,30,31,Suez26,Alley1,30.522583732394445,32.34447697650886,349.9733901051418,8.0,46.02625350114208,48.81970010440111
345,SUEZ CANAL NB,SEA,PILOT_TO_PILOT,29,345,25,30,31,Suez26,Alley1,30.524750396811047,32.344032019441045,349.9733901051418,8.0,46.158360920224716,48.68759268531847
346,SUEZ CANAL NB,SEA,PILOT_TO_PILOT,29,346,26,30,31,Suez26,Alley1,30.52691705971573,32.34358704253037,349.9733901051418,8.0,46.29046833930736,48.55548526623583
347,SUEZ CANAL NB,SEA,PILOT_TO_PILOT,29,347,27,30,31,Suez26,Alley1,30.529083721108286,32.343142045774265,349.9733901051418,8.0,46.422575758389996,48.42337784715319
348,SUEZ CANAL NB,SEA,PILOT_TO_PILOT,29,348,28,30,31,Suez26,Alley1,30.531250380988528,32.34269702917015,349.9733901051418,8.0,46.55468317747264,48.29127042807055
349,SUEZ CANAL NB,SEA,PILOT_TO_PILOT,29,349,29,30,31,Suez26,Alley1,30.533417039356245,32.342251992715404,349.9733901051418,8.0,46.68679059655528,48.15916300898791
350,SUEZ CANAL NB,SEA,PILOT_TO_PILOT,29,350,30,30,31,Suez26,Alley1,30.53558369621125,32.341806936407465,349.9733901051418,8.0,46.81889801563792,48.02705558990527
351,SUEZ CANAL NB,SEA,PILOT_TO_PILOT,29,351,31,30,31,Suez26,Alley1,30.537750351553335,32.34136186024376,349.9733901051418,8.0,46.95100543472056,47.89494817082263
352,SUEZ CANAL NB,SEA,PILOT_TO_PILOT,29,352,32,30,31,Suez26,Alley1,30.53991700538231,32.34091676422167,349.9733901051418,8.0,47.0831128538032,47.762840751739986
353,SUEZ CANAL NB,SEA,PILOT_TO_PILOT,29,353,33,30,31,Suez26,Alley1,30.542083657697972,32.34047164833863,349.9733901051418,8.0,47.21522027288584,47.63073333265735
354,SUEZ CANAL NB,SEA,PILOT_TO_PILOT,29,354,34,30,31,Suez26,Alley1,30.544250308500136,32.340026512592026,349.9733901051418,8.0,47.34732769196848,47.498625913574706
355,SUEZ CANAL NB,SEA,PILOT_TO_PILOT,29,355,35,30,31,Suez26,Alley1,30.546416957788583,32.339581356979295,349.9733901051418,8.0,47.47943511105112,47.36651849449207
356,SUEZ CANAL NB,SEA,PILOT_TO_PILOT,29,356,36,30,31,Suez26,Alley1,30.54858360556311,32.33913618149782,349.9733901051418,8.0,47.61154253013376,47.234411075409426
357,SUEZ CANAL NB,SEA,PILOT_TO_PILOT,29,357,37,30,31,Suez26,Alley1,30.55075025182355,32.338690986145046,349.9733901051418,8.0,47.7436499492164,47.10230365632679
358,SUEZ CANAL NB,SEA,PILOT_TO_PILOT,29,358,38,30,31,Suez26,Alley1,30.55291689656968,32.33824577091836,349.9733901051418,8.0,47.87575736829904,46.970196237244146
359,SUEZ CANAL NB,SEA,PILOT_TO_PILOT,29,359,39,30,31,Suez26,Alley1,30.555083539801316,32.337800535815184,349.9733901051418,8.0,48.00786478738168,46.83808881816151
360,SUEZ CANAL NB,SEA,PILOT_TO_PILOT,29,360,40,30,31,Suez26,Alley1,30.557250181518242,32.33735528083291,349.9733901051418,8.0,48.13997220646432,46.705981399078865
361,SUEZ CANAL NB,SEA,PILOT_TO_PILOT,29,361,41,30,31,Suez26,Alley1,30.559416821720276,32.33691000596896,349.9733901051418,8.0,48.27207962554696,46.57387397999623
362,SUEZ CANAL NB,SEA,PILOT_TO_PILOT,29,362,42,30,31,Suez26,Alley1,30.56158346040721,32.33646471122074,349.9733901051418,8.0,48.4041870446296,46.441766560913585
363,SUEZ CANAL NB,SEA,PILOT_TO_PILOT,29,363,43,30,31,Suez26,Alley1,30.563750097578847,32.33601939658566,349.9733901051418,8.0,48.53629446371224,46.30965914183095
364,SUEZ CANAL NB,SEA,PILOT_TO_PILOT,29,364,44,30,31,Suez26,Alley1,30.565916733234992,32.33557406206113,349.9733901051418,8.0,48.66840188279488,46.177551722748305
365,SUEZ CANAL NB,SEA,PILOT_TO_PILOT,29,365,45,30,31,Suez26,Alley1,30.568083367375444,32.33512870764455,349.9733901051418,8.0,48.80050930187752,46.04544430366567
366,SUEZ CANAL NB,SEA,PILOT_TO_PILOT,30,366,0,31,32,Alley1,Suez27,30.57025,32.33468333333333,349.0543494408488,8.0,48.93261672096016,45.913336884583025
367,SUEZ CANAL NB,SEA,PILOT_TO_PILOT,30,367,1,31,32,Alley1,Suez27,30.572413893404153,32.3341972764545,349.0543494408488,8.0,49.06494528009597,45.78100832544722
368,SUEZ CANAL NB,SEA,PILOT_TO_PILOT,30,368,2,31,32,Alley1,Suez27,30.57457778500251,32.33371119788653,349.0543494408488,8.0,49.19727383923177,45.64867976631142
369,SUEZ CANAL NB,SEA,PILOT_TO_PILOT,30,369,3,31,32,Alley1,Suez27,30.576741674794835,32.33322509762657,349.0543494408488,8.0,49.32960239836758,45.51635120717561
370,SUEZ CANAL NB,SEA,PILOT_TO_PILOT,30,370,4,31,32,Alley1,Suez27,30.578905562780914,32.33273897567182,349.0543494408488,8.0,49.46193095750338,45.38402264803981
371,SUEZ CANAL NB,SEA,PILOT_TO_PILOT,30,371,5,31,32,Alley1,Suez27,30.581069448960488,32.33225283201946,349.0543494408488,8.0,49.594259516639184,45.251694088904
372,SUEZ CANAL NB,SEA,PILOT_TO_PILOT,31,372,0,32,33,Suez27,Suez28,30.58323333333333,32.33176666666667,356.0305544332209,8.0,49.72658807577499,45.119365529768196
373,SUEZ CANAL NB,SEA,PILOT_TO_PILOT,31,373,1,32,33,Suez27,Suez28,30.585783333656366,32.331561121926,356.0305544332209,8.0,49.88005943183681,44.965894173706374
374,SUEZ CANAL NB,SEA,PILOT_TO_PILOT,31,374,2,32,33,Suez27,Suez28,30.58833333365638,32.331355566370995,356.0305544332209,8.0,50.033530787898634,44.81242281764455
375,SUEZ CANAL NB,SEA,PILOT_TO_PILOT,32,375,0,33,34,Suez28,Suez29,30.59088333333333,32.33115,3.7505180663641795,8.0,50.187002143960456,44.65895146158273
376,SUEZ CANAL NB,SEA,PILOT_TO_PILOT,32,376,1,33,34,Suez28,Suez29,30.592896667026206,32.33130332059031,3.7505180663641795,8.0,50.30814306833704,44.53781053720615
377,SUEZ CANAL NB,SEA,PILOT_TO_PILOT,32,377,2,33,34,Suez28,Suez29,30.594910000539333,32.33145664755135,3.7505180663641795,8.0,50.429283992713614,44.41666961282957
378,SUEZ CANAL NB,SEA,PILOT_TO_PILOT,32,378,3,33,34,Suez28,Suez29,30.596923333872684,32.33160998088391,3.7505180663641795,8.0,50.5504249170902,44.29552868845299
379,SUEZ CANAL NB,SEA,PILOT_TO_PILOT,32,379,4,33,34,Suez28,Suez29,30.598936667026248,32.331763320588756,3.7505180663641795,8.0,50.67156584146678,44.17438776407641
380,SUEZ CANAL NB,SEA,PILOT_TO_PILOT,33,380,0,34,35,Suez29,Suez30,30.600950000000008,32.331916666666665,11.481456689754111,8.0,50.792706765843356,44.05324683969983
381,SUEZ CANAL NB,SEA,PILOT_TO_PILOT,33,381,1,34,35,Suez29,Suez30,30.603146290129374,32.332434957600434,11.481456689754111,8.0,50.92726572644765,43.918687879095536
382,SUEZ CANAL NB,SEA,PILOT_TO_PILOT,33,382,2,34,35,Suez29,Suez30,30.60534257820428,32.33295327203675,11.481456689754111,8.0,51.06182468705195,43.784128918491234
383,SUEZ CANAL NB,SEA,PILOT_TO_PILOT,33,383,3,34,35,Suez29,Suez30,30.607538864224463,32.33347160997871,11.481456689754111,8.0,51.19638364765625,43.64956995788694
384,SUEZ CANAL NB,SEA,PILOT_TO_PILOT,33,384,4,34,35,Suez29,Suez30,30.60973514818964,32.3339899714294,11.481456689754111,8.0,51.33094260826054,43.515010997282644
385,SUEZ CANAL NB,SEA,PILOT_TO_PILOT,33,385,5,34,35,Suez29,Suez30,30.61193143009954,32.33450835639195,11.481456689754111,8.0,51.465501568864845,43.38045203667834
386,SUEZ CANAL NB,SEA,PILOT_TO_PILOT,33,386,6,34,35,Suez29,Suez30,30.614127709953898,32.33502676486944,11.481456689754111,8.0,51.60006052946914,43.24589307607405
387,SUEZ CANAL NB,SEA,PILOT_TO_PILOT,33,387,7,34,35,Suez29,Suez30,30.616323987752438,32.33554519686498,11.481456689754111,8.0,51.734619490073435,43.11133411546975
388,SUEZ CANAL NB,SEA,PILOT_TO_PILOT,33,388,8,34,35,Suez29,Suez30,30.618520263494883,32.33606365238167,11.481456689754111,8.0,51.86917845067774,42.97677515486545
389,SUEZ CANAL NB,SEA,PILOT_TO_PILOT,33,389,9,34,35,Suez29,Suez30,30.62071653718097,32.33658213142261,11.481456689754111,8.0,52.00373741128203,42.842216194261155
390,SUEZ CANAL NB,SEA,PILOT_TO_PILOT,33,390,10,34,35,Suez29,Suez30,30.62291280881041,32.3371006339909,11.481456689754111,8.0,52.13829637188633,42.70765723365686
391,SUEZ CANAL NB,SEA,PILOT_TO_PILOT,33,391,11,34,35,Suez29,Suez30,30.625109078382934,32.33761916008965,11.481456689754111,8.0,52.27285533249063,42.57309827305256
392,SUEZ CANAL NB,SEA,PILOT_TO_PILOT,33,392,12,34,35,Suez29,Suez30,30.627305345898282,32.33813770972197,11.481456689754111,8.0,52.407414293094924,42.43853931244826
393,SUEZ CANAL NB,SEA,PILOT_TO_PILOT,33,393,13,34,35,Suez29,Suez30,30.629501611356165,32.338656282890945,11.481456689754111,8.0,52.54197325369922,42.30398035184397
394,SUEZ CANAL NB,SEA,PILOT_TO_PILOT,33,394,14,34,35,Suez29,Suez30,30.63169787475632,32.3391748795997,11.481456689754111,8.0,52.67653221430352,42.169421391239666
395,SUEZ CANAL NB,SEA,PILOT_TO_PILOT,33,395,15,34,35,Suez29,Suez30,30.63389413609846,32.339693499851315,11.481456689754111,8.0,52.811091174907816,42.03486243063537
396,SUEZ CANAL NB,SEA,PILOT_TO_PILOT,33,396,16,34,35,Suez29,Suez30,30.636090395382322,32.34021214364893,11.481456689754111,8.0,52.94565013551211,41.900303470031076
397,SUEZ CANAL NB,SEA,PILOT_TO_PILOT,33,397,17,34,35,Suez29,Suez30,30.638286652607633,32.34073081099563,11.481456689754111,8.0,53.080209096116405,41.76574450942678
398,SUEZ CANAL NB,SEA,PILOT_TO_PILOT,33,398,18,34,35,Suez29,Suez30,30.64048290777413,32.34124950189451,11.481456689754111,8.0,53.21476805672071,41.63118554882248
399,SUEZ CANAL NB,SEA,PILOT_TO_PILOT,33,399,19,34,35,Suez29,Suez30,30.642679160881517,32.3417682163487,11.481456689754111,8.0,53.349327017325,41.496626588218184
400,SUEZ CANAL NB,SEA,PILOT_TO_PILOT,33,400,20,34,35,Suez29,Suez30,30.644875411929537,32.342286954361285,11.481456689754111,8.0,53.4838859779293,41.36206762761389
401,SUEZ CANAL NB,SEA,PILOT_TO_PILOT,33,401,21,34,35,Suez29,Suez30,30.647071660917906,32.34280571593538,11.481456689754111,8.0,53.6184449385336,41.22750866700959
402,SUEZ CANAL NB,SEA,PILOT_TO_PILOT,33,402,22,34,35,Suez29,Suez30,30.64926790784635,32.34332450107411,11.481456689754111,8.0,53.753003899137894,41.09294970640529
403,SUEZ CANAL NB,SEA,PILOT_TO_PILOT,33,403,23,34,35,Suez29,Suez30,30.651464152714613,32.34384330978057,11.481456689754111,8.0,53.88756285974219,40.958390745801
404,SUEZ CANAL NB,SEA,PILOT_TO_PILOT,33,404,24,34,35,Suez29,Suez30,30.6536603955224,32.344362142057854,11.481456689754111,8.0,54.02212182034649,40.823831785196695
405,SUEZ CANAL NB,SEA,PILOT_TO_PILOT,33,405,25,34,35,Suez29,Suez30,30.65585663626945,32.344880997909094,11.481456689754111,8.0,54.156680780950786,40.6892728245924
406,SUEZ CANAL NB,SEA,PILOT_TO_PILOT,33,406,26,34,35,Suez29,Suez30,30.658052874955473,32.34539987733738,11.481456689754111,8.0,54.29123974155508,40.554713863988106
407,SUEZ CANAL NB,SEA,PILOT_TO_PILOT,33,407,27,34,35,Suez29,Suez30,30.660249111580217,32.34591878034584,11.481456689754111,8.0,54.42579870215938,40.4201549033838
408,SUEZ CANAL NB,SEA,PILOT_TO_PILOT,33,408,28,34,35,Suez29,Suez30,30.662445346143397,32.346437706937586,11.481456689754111,8.0,54.56035766276368,40.28559594277951
409,SUEZ CANAL NB,SEA,PILOT_TO_PILOT,33,409,29,34,35,Suez29,Suez30,30.66464157864475,32.346956657115705,11.481456689754111,8.0,54.69491662336797,40.15103698217521
410,SUEZ CANAL NB,SEA,PILOT_TO_PILOT,33,410,30,34,35,Suez29,Suez30,30.66683780908399,32.34747563088333,11.481456689754111,8.0,54.829475583972275,40.01647802157091
411,SUEZ CANAL NB,SEA,PILOT_TO_PILOT,33,411,31,34,35,Suez29,Suez30,30.669034037460843,32.34799462824356,11.481456689754111,8.0,54.96403454457657,39.88191906096662
412,SUEZ CANAL NB,SEA,PILOT_TO_PILOT,33,412,32,34,35,Suez29,Suez30,30.671230263775026,32.34851364919951,11.481456689754111,8.0,55.098593505180865,39.74736010036232
413,SUEZ CANAL NB,SEA,PILOT_TO_PILOT,33,413,33,34,35,Suez29,Suez30,30.673426488026298,32.349032693754296,11.481456689754111,8.0,55.23315246578517,39.61280113975802
414,SUEZ CANAL NB,SEA,PILOT_TO_PILOT,33,414,34,34,35,Suez29,Suez30,30.67562271021435,32.34955176191103,11.481456689754111,8.0,55.36771142638946,39.478242179153725
415,SUEZ CANAL NB,SEA,PILOT_TO_PILOT,33,415,35,34,35,Suez29,Suez30,30.677818930338923,32.35007085367282,11.481456689754111,8.0,55.50227038699376,39.34368321854943
416,SUEZ CANAL NB,SEA,PILOT_TO_PILOT,33,416,36,34,35,Suez29,Suez30,30.68001514839974,32.35058996904279,11.481456689754111,8.0,55.63682934759805,39.209124257945135
417,SUEZ CANAL NB,SEA,PILOT_TO_PILOT,33,417,37,34,35,Suez29,Suez30,30.68221136439654,32.35110910802404,11.481456689754111,8.0,55.771388308202354,39.07456529734083
418,SUEZ CANAL NB,SEA,PILOT_TO_PILOT,33,418,38,34,35,Suez29,Suez30,30.684407578329033,32.35162827061969,11.481456689754111,8.0,55.90594726880665,38.94000633673654
419,SUEZ CANAL NB,SEA,PILOT_TO_PILOT,33,419,39,34,35,Suez29,Suez30,30.686603790196944,32.35214745683286,11.481456689754111,8.0,56.04050622941095,38.805447376132236
420,SUEZ CANAL NB,SEA,PILOT_TO_PILOT,34,420,0,35,36,Suez30,Suez31,30.6888,32.352666666666664,1.8702310458255056,8.0,56.175065190015246,38.67088841552794
421,SUEZ CANAL NB,SEA,PILOT_TO_PILOT,34,421,1,35,36,Suez30,Suez31,30.691104166754645,32.35275416040061,1.8702310458255056,8.0,56.31348215077494,38.53247145476825
422,SUEZ CANAL NB,SEA,PILOT_TO_PILOT,34,422,2,35,36,Suez30,Suez31,30.69340833345064,32.352841658311526,1.8702310458255056,8.0,56.45189911153462,38.394054494008564
423,SUEZ CANAL NB,SEA,PILOT_TO_PILOT,34,423,3,35,36,Suez30,Suez31,30.695712500087986,32.352929160400016,1.8702310458255056,8.0,56.590316072294314,38.25563753324887
424,SUEZ CANAL NB,SEA,PILOT_TO_PILOT,35,424,0,36,37,Suez31,Suez32,30.698016666666668,32.35301666666667,353.95275736483285,8.0,56.728733033054006,38.11722057248918
425,SUEZ CANAL NB,SEA,PILOT_TO_PILOT,35,425,1,36,37,Suez31,Suez32,30.700350000949957,32.352729187523465,353.95275736483285,8.0,56.8696114454344,37.976342160108786
426,SUEZ CANAL NB,SEA,PILOT_TO_PILOT,35,426,2,36,37,Suez31,Suez32,30.7026833346,32.35244169447704,353.95275736483285,8.0,57.01048985781479,37.8354637477284
427,SUEZ CANAL NB,SEA,PILOT_TO_PILOT,35,427,3,36,37,Suez31,Suez32,30.705016667616714,32.35215418752542,353.95275736483285,8.0,57.151368270195185,37.694585335348
428,SUEZ CANAL NB,SEA,PILOT_TO_PILOT,36,428,0,37,38,Suez32,Suez33,30.70735,32.351866666666666,345.45702196036353,8.0,57.29224668257557,37.55370692296761
429,SUEZ CANAL NB,SEA,PILOT_TO_PILOT,36,429,1,37,38,Suez32,Suez33,30.7097250059039,32.351150052939055,345.45702196036353,8.0,57.43956333178028,37.40639027376291
430,SUEZ CANAL NB,SEA,PILOT_TO_PILOT,36,430,2,37,38,Suez32,Suez33,30.712100007872234,32.35043340392208,345.45702196036353,8.0,57.58687998098498,37.259073624558205
431,SUEZ CANAL NB,SEA,PILOT_TO_PILOT,36,431,3,37,38,Suez32,Suez33,30.71447500590446,32.34971671961073,345.45702196036353,8.0,57.734196630189686,37.1117569753535
432,SUEZ CANAL NB,SEA,PILOT_TO_PILOT,37,432,0,38,39,Suez33,Suez34,30.716850000000004,32.349,336.98717320165485,8.0,57.88151327939438,36.964440326148804
433,SUEZ CANAL NB,SEA,PILOT_TO_PILOT,37,433,1,38,39,Suez33,Suez34,30.718881986951256,32.34799606614846,336.98717320165485,8.0,58.014063645147374,36.83188996039581
434,SUEZ CANAL NB,SEA,PILOT_TO_PILOT,37,434,2,38,39,Suez33,Suez34,30.72091396617717,32.346992089983715,336.98717320165485,8.0,58.146614010900365,36.69933959464282
435,SUEZ CANAL NB,SEA,PILOT_TO_PILOT,37,435,3,38,39,Suez33,Suez34,30.722945937676784,32.345988071500706,336.98717320165485,8.0,58.279164376653355,36.56678922888983
436,SUEZ CANAL NB,SEA,PILOT_TO_PILOT,37,436,4,38,39,Suez33,Suez34,30.724977901449158,32.34498401069439,336.98717320165485,8.0,58.41171474240634,36.43423886313685
437,SUEZ CANAL NB,SEA,PILOT_TO_PILOT,37,437,5,38,39,Suez33,Suez34,30.727009857493332,32.343979907559735,336.98717320165485,8.0,58.54426510815933,36.30168849738386
438,SUEZ CANAL NB,SEA,PILOT_TO_PILOT,37,438,6,38,39,Suez33,Suez34,30.729041805808365,32.3429757620917,336.98717320165485,8.0,58.67681547391232,36.169138131630866
439,SUEZ CANAL NB,SEA,PILOT_TO_PILOT,37,439,7,38,39,Suez33,Suez34,30.731073746393307,32.341971574285225,336.98717320165485,8.0,58.80936583966531,36.036587765877876
440,SUEZ CANAL NB,SEA,PILOT_TO_PILOT,37,440,8,38,39,Suez33,Suez34,30.7331056792472,32.340967344135294,336.98717320165485,8.0,58.9419162054183,35.904037400124885
441,SUEZ CANAL NB,SEA,PILOT_TO_PILOT,37,441,9,38,39,Suez33,Suez34,30.735137604369093,32.33996307163685,336.98717320165485,8.0,59.07446657117129,35.771487034371894
442,SUEZ CANAL NB,SEA,PILOT_TO_PILOT,37,442,10,38,39,Suez33,Suez34,30.73716952175806,32.338958756784855,336.98717320165485,8.0,59.20701693692428,35.6389366686189
443,SUEZ CANAL NB,SEA,PILOT_TO_PILOT,37,443,11,38,39,Suez33,Suez34,30.739201431413118,32.337954399574244,336.98717320165485,8.0,59.33956730267727,35.50638630286592
444,SUEZ CANAL NB,SEA,PILOT_TO_PILOT,38,444,0,39,40,Suez34,Suez35,30.74123333333333,32.33695,346.4613416432864,8.0,59.47211766843026,35.37383593711293
445,SUEZ CANAL NB,SEA,PILOT_TO_PILOT,38,445,1,39,40,Suez34,Suez35,30.74337948469346,32.336348722287525,346.4613416432864,8.0,59.604656627873425,35.24129697766976
446,SUEZ CANAL NB,SEA,PILOT_TO_PILOT,38,446,2,39,40,Suez34,Suez35,30.745525633281158,32.33574741778279,346.4613416432864,8.0,59.7371955873166,35.10875801822659
447,SUEZ CANAL NB,SEA,PILOT_TO_PILOT,38,447,3,39,40,Suez34,Suez35,30.747671779096066,32.33514608648236,346.4613416432864,8.0,59.869734546759766,34.97621905878342
448,SUEZ CANAL NB,SEA,PILOT_TO_PILOT,38,448,4,39,40,Suez34,Suez35,30.749817922137815,32.334544728382774,346.4613416432864,8.0,60.00227350620293,34.843680099340254
449,SUEZ CANAL NB,SEA,PILOT_TO_PILOT,38,449,5,39,40,Suez34,Suez35,30.75196406240606,32.33394334348061,346.4613416432864,8.0,60.13481246564611,34.71114113989708
450,SUEZ CANAL NB,SEA,PILOT_TO_PILOT,38,450,6,39,40,Suez34,Suez35,30.75411019990043,32.3333419317724,346.4613416432864,8.0,60.267351425089274,34.57860218045391
451,SUEZ CANAL NB,SEA,PILOT_TO_PILOT,38,451,7,39,40,Suez34,Suez35,30.756256334620566,32.332740493254704,346.4613416432864,8.0,60.39989038453245,34.44606322101074
452,SUEZ CANAL NB,SEA,PILOT_TO_PILOT,38,452,8,39,40,Suez34,Suez35,30.758402466566118,32.33213902792409,346.4613416432864,8.0,60.532429343975615,34.31352426156757
453,SUEZ CANAL NB,SEA,PILOT_TO_PILOT,38,453,9,39,40,Suez34,Suez35,30.760548595736708,32.33153753577711,346.4613416432864,8.0,60.66496830341878,34.180985302124405
454,SUEZ CANAL NB,SEA,PILOT_TO_PILOT,38,454,10,39,40,Suez34,Suez35,30.76269472213199,32.3309360168103,346.4613416432864,8.0,60.797507262861956,34.04844634268123
455,SUEZ CANAL NB,SEA,PILOT_TO_PILOT,38,455,11,39,40,Suez34,Suez35,30.7648408457516,32.330334471020215,346.4613416432864,8.0,60.93004622230512,33.915907383238064
456,SUEZ CANAL NB,SEA,PILOT_TO_PILOT,38,456,12,39,40,Suez34,Suez35,30.766986966595162,32.32973289840342,346.4613416432864,8.0,61.06258518174829,33.7833684237949
457,SUEZ CANAL NB,SEA,PILOT_TO_PILOT,38,457,13,39,40,Suez34,Suez35,30.769133084662347,32.32913129895647,346.4613416432864,8.0,61.195124141191464,33.65082946435172
458,SUEZ CANAL NB,SEA,PILOT_TO_PILOT,38,458,14,39,40,Suez34,Suez35,30.771279199952765,32.3285296726759,346.4613416432864,8.0,61.32766310063463,33.518290504908556
459,SUEZ CANAL NB,SEA,PILOT_TO_PILOT,38,459,15,39,40,Suez34,Suez35,30.773425312466077,32.32792801955827,346.4613416432864,8.0,61.4602020600778,33.38575154546539
460,SUEZ CANAL NB,SEA,PILOT_TO_PILOT,38,460,16,39,40,Suez34,Suez35,30.77557142220191,32.327326339600134,346.4613416432864,8.0,61.59274101952097,33.253212586022215
461,SUEZ CANAL NB,SEA,PILOT_TO_PILOT,38,461,17,39,40,Suez34,Suez35,30.77771752915991,32.32672463279804,346.4613416432864,8.0,61.72527997896414,33.12067362657905
462,SUEZ CANAL NB,SEA,PILOT_TO_PILOT,38,462,18,39,40,Suez34,Suez35,30.779863633339712,32.32612289914853,346.4613416432864,8.0,61.857818938407306,32.98813466713588
463,SUEZ CANAL NB,SEA,PILOT_TO_PILOT,38,463,19,39,40,Suez34,Suez35,30.78200973474096,32.32552113864817,346.4613416432864,8.0,61.99035789785048,32.85559570769271
464,SUEZ CANAL NB,SEA,PILOT_TO_PILOT,38,464,20,39,40,Suez34,Suez35,30.784155833363286,32.32491935129349,346.4613416432864,8.0,62.12289685729365,32.72305674824954
465,SUEZ CANAL NB,SEA,PILOT_TO_PILOT,38,465,21,39,40,Suez34,Suez35,30.78630192920633,32.32431753708105,346.4613416432864,8.0,62.25543581673682,32.590517788806366
466,SUEZ CANAL NB,SEA,PILOT_TO_PILOT,38,466,22,39,40,Suez34,Suez35,30.788448022269737,32.32371569600739,346.4613416432864,8.0,62.38797477617999,32.4579788293632
467,SUEZ CANAL NB,SEA,PILOT_TO_PILOT,38,467,23,39,40,Suez34,Suez35,30.790594112553144,32.32311382806906,346.4613416432864,8.0,62.520513735623155,32.32543986992003
468,SUEZ CANAL NB,SEA,PILOT_TO_PILOT,38,468,24,39,40,Suez34,Suez35,30.792740200056198,32.322511933262625,346.4613416432864,8.0,62.65305269506633,32.19290091047686
469,SUEZ CANAL NB,SEA,PILOT_TO_PILOT,38,469,25,39,40,Suez34,Suez35,30.79488628477852,32.321910011584606,346.4613416432864,8.0,62.785591654509496,32.06036195103369
470,SUEZ CANAL NB,SEA,PILOT_TO_PILOT,38,470,26,39,40,Suez34,Suez35,30.79703236671977,32.32130806303156,346.4613416432864,8.0,62.91813061395266,31.927822991590524
471,SUEZ CANAL NB,SEA,PILOT_TO_PILOT,38,471,27,39,40,Suez34,Suez35,30.799178445879555,32.32070608760002,346.4613416432864,8.0,63.05066957339584,31.79528403214735
472,SUEZ CANAL NB,SEA,PILOT_TO_PILOT,38,472,28,39,40,Suez34,Suez35,30.80132452225755,32.320104085286566,346.4613416432864,8.0,63.183208532839004,31.662745072704183
473,SUEZ CANAL NB,SEA,PILOT_TO_PILOT,38,473,29,39,40,Suez34,Suez35,30.80347059585337,32.31950205608771,346.4613416432864,8.0,63.31574749228217,31.530206113261016
474,SUEZ CANAL NB,SEA,PILOT_TO_PILOT,39,474,0,40,41,Suez35,Suez36,30.805616666666662,32.31889999999999,354.3200481752743,8.0,63.448286451725345,31.397667153817842
475,SUEZ CANAL NB,SEA,PILOT_TO_PILOT,39,475,1,40,41,Suez35,Suez36,30.807883334126874,32.31863751857822,354.3200481752743,8.0,63.585049689835145,31.26090391570804
476,SUEZ CANAL NB,SEA,PILOT_TO_PILOT,39,476,2,40,41,Suez35,Suez36,30.8101500010581,32.318375024772095,354.3200481752743,8.0,63.721812927944946,31.12414067759824
477,SUEZ CANAL NB,SEA,PILOT_TO_PILOT,39,477,3,40,41,Suez35,Suez36,30.812416667460287,32.31811251857992,354.3200481752743,8.0,63.85857616605475,30.987377439488434
478,SUEZ CANAL NB,SEA,PILOT_TO_PILOT,40,478,0,41,42,Suez36,Suez37,30.81468333333333,32.31785,358.3333552885607,8.0,63.995339404164554,30.850614201378633
479,SUEZ CANAL NB,SEA,PILOT_TO_PILOT,40,479,1,41,42,Suez36,Suez37,30.816909638206713,32.317774572259836,358.3333552885607,8.0,64.1290643386645,30.71688926687868
480,SUEZ CANAL NB,SEA,PILOT_TO_PILOT,40,480,2,41,42,Suez36,Suez37,30.819135943036397,32.31769914102296,358.3333552885607,8.0,64.26278927316447,30.583164332378715
481,SUEZ CANAL NB,SEA,PILOT_TO_PILOT,40,481,3,41,42,Suez36,Suez37,30.821362247822396,32.31762370628893,358.3333552885607,8.0,64.39651420766442,30.449439397878763
482,SUEZ CANAL NB,SEA,PILOT_TO_PILOT,40,482,4,41,42,Suez36,Suez37,30.823588552564686,32.31754826805726,358.3333552885607,8.0,64.53023914216439,30.315714463378796
483,SUEZ CANAL NB,SEA,PILOT_TO_PILOT,40,483,5,41,42,Suez36,Suez37,30.82581485726328,32.31747282632747,358.3333552885607,8.0,64.66396407666434,30.181989528878844
484,SUEZ CANAL NB,SEA,PILOT_TO_PILOT,40,484,6,41,42,Suez36,Suez37,30.82804116191815,32.317397381099106,358.3333552885607,8.0,64.7976890111643,30.048264594378892
485,SUEZ CANAL NB,SEA,PILOT_TO_PILOT,40,485,7,41,42,Suez36,Suez37,30.83026746652931,32.31732193237169,358.3333552885607,8.0,64.93141394566426,29.914539659878926
486,SUEZ CANAL NB,SEA,PILOT_TO_PILOT,40,486,8,41,42,Suez36,Suez37,30.832493771096736,32.31724648014475,358.3333552885607,8.0,65.06513888016421,29.780814725378974
487,SUEZ CANAL NB,SEA,PILOT_TO_PILOT,40,487,9,41,42,Suez36,Suez37,30.83472007562043,32.317171024417824,358.3333552885607,8.0,65.19886381466416,29.647089790879022
488,SUEZ CANAL NB,SEA,PILOT_TO_PILOT,40,488,10,41,42,Suez36,Suez37,30.836946380100393,32.31709556519042,358.3333552885607,8.0,65.33258874916413,29.513364856379056
489,SUEZ CANAL NB,SEA,PILOT_TO_PILOT,40,489,11,41,42,Suez36,Suez37,30.83917268453661,32.31702010246209,358.3333552885607,8.0,65.46631368366408,29.379639921879104
490,SUEZ CANAL NB,SEA,PILOT_TO_PILOT,40,490,12,41,42,Suez36,Suez37,30.841398988929086,32.31694463623234,358.3333552885607,8.0,65.60003861816405,29.245914987379138
491,SUEZ CANAL NB,SEA,PILOT_TO_PILOT,40,491,13,41,42,Suez36,Suez37,30.8436252932778,32.316869166500716,358.3333552885607,8.0,65.733763552664,29.112190052879185
492,SUEZ CANAL NB,SEA,PILOT_TO_PILOT,40,492,14,41,42,Suez36,Suez37,30.845851597582755,32.31679369326674,358.3333552885607,8.0,65.86748848716395,28.978465118379233
493,SUEZ CANAL NB,SEA,PILOT_TO_PILOT,40,493,15,41,42,Suez36,Suez37,30.84807790184395,32.31671821652994,358.3333552885607,8.0,66.00121342166392,28.844740183879267
494,SUEZ CANAL NB,SEA,PILOT_TO_PILOT,40,494,16,41,42,Suez36,Suez37,30.85030420606137,32.31664273628984,358.3333552885607,8.0,66.13493835616387,28.711015249379315
495,SUEZ CANAL NB,SEA,PILOT_TO_PILOT,40,495,17,41,42,Suez36,Suez37,30.852530510235006,32.31656725254599,358.3333552885607,8.0,66.26866329066382,28.577290314879363
496,SUEZ CANAL NB,SEA,PILOT_TO_PILOT,40,496,18,41,42,Suez36,Suez37,30.854756814364865,32.31649176529789,358.3333552885607,8.0,66.40238822516379,28.443565380379397
497,SUEZ CANAL NB,SEA,PILOT_TO_PILOT,40,497,19,41,42,Suez36,Suez37,30.856983118450934,32.316416274545084,358.3333552885607,8.0,66.53611315966374,28.309840445879445
498,SUEZ CANAL NB,SEA,PILOT_TO_PILOT,40,498,20,41,42,Suez36,Suez37,30.8592094224932,32.31634078028709,358.3333552885607,8.0,66.66983809416371,28.17611551137948
499,SUEZ CANAL NB,SEA,PILOT_TO_PILOT,40,499,21,41,42,Suez36,Suez37,30.86143572649167,32.316265282523446,358.3333552885607,8.0,66.80356302866366,28.042390576879527
500,SUEZ CANAL NB,SEA,PILOT_TO_PILOT,40,500,22,41,42,Suez36,Suez37,30.86366203044634,32.31618978125368,358.3333552885607,8.0,66.93728796316361,27.908665642379574
501,SUEZ CANAL NB,SEA,PILOT_TO_PILOT,40,501,23,41,42,Suez36,Suez37,30.865888334357187,32.3161142764773,358.3333552885607,8.0,67.07101289766358,27.77494070787961
502,SUEZ CANAL NB,SEA,PILOT_TO_PILOT,40,502,24,41,42,Suez36,Suez37,30.868114638224224,32.316038768193856,358.3333552885607,8.0,67.20473783216353,27.641215773379656
503,SUEZ CANAL NB,SEA,PILOT_TO_PILOT,40,503,25,41,42,Suez36,Suez37,30.87034094204742,32.315963256402874,358.3333552885607,8.0,67.3384627666635,27.50749083887969
504,SUEZ CANAL NB,SEA,PILOT_TO_PILOT,40,504,26,41,42,Suez36,Suez37,30.8725672458268,32.31588774110387,358.3333552885607,8.0,67.47218770116345,27.373765904379738
505,SUEZ CANAL NB,SEA,PILOT_TO_PILOT,40,505,27,41,42,Suez36,Suez37,30.874793549562327,32.31581222229638,358.3333552885607,8.0,67.6059126356634,27.240040969879786
506,SUEZ CANAL NB,SEA,PILOT_TO_PILOT,40,506,28,41,42,Suez36,Suez37,30.877019853254026,32.31573669997994,358.3333552885607,8.0,67.73963757016337,27.10631603537982
507,SUEZ CANAL NB,SEA,PILOT_TO_PILOT,40,507,29,41,42,Suez36,Suez37,30.87924615690187,32.315661174154044,358.3333552885607,8.0,67.87336250466332,26.972591100879868
508,SUEZ CANAL NB,SEA,PILOT_TO_PILOT,40,508,30,41,42,Suez36,Suez37,30.881472460505865,32.315585644818256,358.3333552885607,8.0,68.00708743916329,26.8388661663799
509,SUEZ CANAL NB,SEA,PILOT_TO_PILOT,40,509,31,41,42,Suez36,Suez37,30.883698764065997,32.31551011197209,358.3333552885607,8.0,68.14081237366324,26.70514123187995
510,SUEZ CANAL NB,SEA,PILOT_TO_PILOT,40,510,32,41,42,Suez36,Suez37,30.885925067582257,32.31543457561507,358.3333552885607,8.0,68.27453730816319,26.571416297379997
511,SUEZ CANAL NB,SEA,PILOT_TO_PILOT,40,511,33,41,42,Suez36,Suez37,30.88815137105465,32.31535903574673,358.3333552885607,8.0,68.40826224266316,26.43769136288003
512,SUEZ CANAL NB,SEA,PILOT_TO_PILOT,40,512,34,41,42,Suez36,Suez37,30.890377674483172,32.315283492366596,358.3333552885607,8.0,68.54198717716311,26.30396642838008
513,SUEZ CANAL NB,SEA,PILOT_TO_PILOT,40,513,35,41,42,Suez36,Suez37,30.892603977867797,32.315207945474185,358.3333552885607,8.0,68.67571211166306,26.170241493880127
514,SUEZ CANAL NB,SEA,PILOT_TO_PILOT,40,514,36,41,42,Suez36,Suez37,30.89483028120854,32.31513239506903,358.3333552885607,8.0,68.80943704616303,26.03651655938016
515,SUEZ CANAL NB,SEA,PILOT_TO_PILOT,40,515,37,41,42,Suez36,Suez37,30.89705658450538,32.31505684115066,358.3333552885607,8.0,68.94316198066298,25.90279162488021
516,SUEZ CANAL NB,SEA,PILOT_TO_PILOT,40,516,38,41,42,Suez36,Suez37,30.89928288775833,32.3149812837186,358.3333552885607,8.0,69.07688691516294,25.769066690380242
517,SUEZ CANAL NB,SEA,PILOT_TO_PILOT,40,517,39,41,42,Suez36,Suez37,30.901509190967353,32.31490572277238,358.3333552885607,8.0,69.2106118496629,25.63534175588029
518,SUEZ CANAL NB,SEA,PILOT_TO_PILOT,40,518,40,41,42,Suez36,Suez37,30.903735494132473,32.31483015831152,358.3333552885607,8.0,69.34433678416285,25.50161682138034
519,SUEZ CANAL NB,SEA,PILOT_TO_PILOT,40,519,41,41,42,Suez36,Suez37,30.905961797253678,32.31475459033556,358.3333552885607,8.0,69.47806171866281,25.367891886880372
520,SUEZ CANAL NB,SEA,PILOT_TO_PILOT,40,520,42,41,42,Suez36,Suez37,30.90818810033095,32.31467901884401,358.3333552885607,8.0,69.61178665316277,25.23416695238042
521,SUEZ CANAL NB,SEA,PILOT_TO_PILOT,40,521,43,41,42,Suez36,Suez37,30.910414403364292,32.31460344383641,358.3333552885607,8.0,69.74551158766272,25.100442017880468
522,SUEZ CANAL NB,SEA,PILOT_TO_PILOT,40,522,44,41,42,Suez36,Suez37,30.912640706353702,32.31452786531227,358.3333552885607,8.0,69.87923652216269,24.9667170833805
523,SUEZ CANAL NB,SEA,PILOT_TO_PILOT,40,523,45,41,42,Suez36,Suez37,30.914867009299165,32.314452283271144,358.3333552885607,8.0,70.01296145666264,24.83299214888055
524,SUEZ CANAL NB,SEA,PILOT_TO_PILOT,40,524,46,41,42,Suez36,Suez37,30.91709331220068,32.31437669771254,358.3333552885607,8.0,70.1466863911626,24.699267214380583
525,SUEZ CANAL NB,SEA,PILOT_TO_PILOT,40,525,47,41,42,Suez36,Suez37,30.919319615058235,32.314301108635966,358.3333552885607,8.0,70.28041132566256,24.56554227988063
526,SUEZ CANAL NB,SEA,PILOT_TO_PILOT,40,526,48,41,42,Suez36,Suez37,30.921545917871843,32.314225516040985,358.3333552885607,8.0,70.41413626016251,24.43181734538068
527,SUEZ CANAL NB,SEA,PILOT_TO_PILOT,40,527,49,41,42,Suez36,Suez37,30.923772220641467,32.31414991992709,358.3333552885607,8.0,70.54786119466247,24.298092410880713
528,SUEZ CANAL NB,SEA,PILOT_TO_PILOT,40,528,50,41,42,Suez36,Suez37,30.925998523367124,32.31407432029384,358.3333552885607,8.0,70.68158612916243,24.16436747638076
529,SUEZ CANAL NB,SEA,PILOT_TO_PILOT,40,529,51,41,42,Suez36,Suez37,30.928224826048805,32.31399871714074,358.3333552885607,8.0,70.81531106366239,24.030642541880795
530,SUEZ CANAL NB,SEA,PILOT_TO_PILOT,40,530,52,41,42,Suez36,Suez37,30.930451128686503,32.313923110467314,358.3333552885607,8.0,70.94903599816234,23.896917607380843
531,SUEZ CANAL NB,SEA,PILOT_TO_PILOT,40,531,53,41,42,Suez36,Suez37,30.932677431280204,32.31384750027309,358.3333552885607,8.0,71.0827609326623,23.76319267288089
532,SUEZ CANAL NB,SEA,PILOT_TO_PILOT,40,532,54,41,42,Suez36,Suez37,30.934903733829906,32.31377188655761,358.3333552885607,8.0,71.21648586716226,23.629467738380924
533,SUEZ CANAL NB,SEA,PILOT_TO_PILOT,40,533,55,41,42,Suez36,Suez37,30.937130036335613,32.31369626932038,358.3333552885607,8.0,71.35021080166221,23.495742803880972
534,SUEZ CANAL NB,SEA,PILOT_TO_PILOT,40,534,56,41,42,Suez36,Suez37,30.93935633879731,32.313620648560935,358.3333552885607,8.0,71.48393573616217,23.36201786938102
535,SUEZ CANAL NB,SEA,PILOT_TO_PILOT,40,535,57,41,42,Suez36,Suez37,30.94158264121499,32.313545024278795,358.3333552885607,8.0,71.61766067066213,23.228292934881054
536,SUEZ CANAL NB,SEA,PILOT_TO_PILOT,40,536,58,41,42,Suez36,Suez37,30.943808943588646,32.31346939647349,358.3333552885607,8.0,71.75138560516208,23.094568000381102
537,SUEZ CANAL NB,SEA,PILOT_TO_PILOT,40,537,59,41,42,Suez36,Suez37,30.946035245918285,32.313393765144546,358.3333552885607,8.0,71.88511053966205,22.960843065881136
538,SUEZ CANAL NB,SEA,PILOT_TO_PILOT,40,538,60,41,42,Suez36,Suez37,30.94826154820389,32.31331813029149,358.3333552885607,8.0,72.018835474162,22.827118131381184
539,SUEZ CANAL NB,SEA,PILOT_TO_PILOT,40,539,61,41,42,Suez36,Suez37,30.95048785044546,32.31324249191384,358.3333552885607,8.0,72.15256040866196,22.69339319688123
540,SUEZ CANAL NB,SEA,PILOT_TO_PILOT,40,540,62,41,42,Suez36,Suez37,30.95271415264297,32.31316685001112,358.3333552885607,8.0,72.28628534316192,22.559668262381265
541,SUEZ CANAL NB,SEA,PILOT_TO_PILOT,40,541,63,41,42,Suez36,Suez37,30.95494045479645,32.313091204582875,358.3333552885607,8.0,72.42001027766187,22.425943327881313
542,SUEZ CANAL NB,SEA,PILOT_TO_PILOT,40,542,64,41,42,Suez36,Suez37,30.957166756905863,32.313015555628596,358.3333552885607,8.0,72.55373521216183,22.29221839338136
543,SUEZ CANAL NB,SEA,PILOT_TO_PILOT,40,543,65,41,42,Suez36,Suez37,30.959393058971216,32.31293990314784,358.3333552885607,8.0,72.68746014666179,22.158493458881395
544,SUEZ CANAL NB,SEA,PILOT_TO_PILOT,40,544,66,41,42,Suez36,Suez37,30.9616193609925,32.312864247140126,358.3333552885607,8.0,72.82118508116174,22.024768524381443
545,SUEZ CANAL NB,SEA,PILOT_TO_PILOT,40,545,67,41,42,Suez36,Suez37,30.963845662969717,32.31278858760496,358.3333552885607,8.0,72.95491001566171,21.891043589881477
546,SUEZ CANAL NB,SEA,PILOT_TO_PILOT,40,546,68,41,42,Suez36,Suez37,30.966071964902845,32.31271292454189,358.3333552885607,8.0,73.08863495016166,21.757318655381525
547,SUEZ CANAL NB,SEA,PILOT_TO_PILOT,40,547,69,41,42,Suez36,Suez37,30.968298266791894,32.312637257950435,358.3333552885607,8.0,73.22235988466161,21.623593720881573
548,SUEZ CANAL NB,SEA,PILOT_TO_PILOT,40,548,70,41,42,Suez36,Suez37,30.970524568636847,32.3125615878301,358.3333552885607,8.0,73.35608481916158,21.489868786381606
549,SUEZ CANAL NB,SEA,PILOT_TO_PILOT,40,549,71,41,42,Suez36,Suez37,30.9727508704377,32.312485914180435,358.3333552885607,8.0,73.48980975366153,21.356143851881654
550,SUEZ CANAL NB,SEA,PILOT_TO_PILOT,40,550,72,41,42,Suez36,Suez37,30.97497717219446,32.312410237000954,358.3333552885607,8.0,73.6235346881615,21.222418917381688
551,SUEZ CANAL NB,SEA,PILOT_TO_PILOT,40,551,73,41,42,Suez36,Suez37,30.977203473907103,32.312334556291184,358.3333552885607,8.0,73.75725962266145,21.088693982881736
552,SUEZ CANAL NB,SEA,PILOT_TO_PILOT,40,552,74,41,42,Suez36,Suez37,30.979429775575632,32.31225887205064,358.3333552885607,8.0,73.8909845571614,20.954969048381784
553,SUEZ CANAL NB,SEA,PILOT_TO_PILOT,40,553,75,41,42,Suez36,Suez37,30.981656077200043,32.312183184278865,358.3333552885607,8.0,74.02470949166137,20.821244113881818
554,SUEZ CANAL NB,SEA,PILOT_TO_PILOT,40,554,76,41,42,Suez36,Suez37,30.983882378780322,32.312107492975365,358.3333552885607,8.0,74.15843442616132,20.687519179381866
555,SUEZ CANAL NB,SEA,PILOT_TO_PILOT,40,555,77,41,42,Suez36,Suez37,30.986108680316473,32.31203179813967,358.3333552885607,8.0,74.29215936066129,20.5537942448819
556,SUEZ CANAL NB,SEA,PILOT_TO_PILOT,40,556,78,41,42,Suez36,Suez37,30.988334981808485,32.31195609977131,358.3333552885607,8.0,74.42588429516124,20.420069310381948
557,SUEZ CANAL NB,SEA,PILOT_TO_PILOT,40,557,79,41,42,Suez36,Suez37,30.990561283256344,32.31188039786981,358.3333552885607,8.0,74.55960922966119,20.286344375881995
558,SUEZ CANAL NB,SEA,PILOT_TO_PILOT,40,558,80,41,42,Suez36,Suez37,30.99278758466006,32.311804692434684,358.3333552885607,8.0,74.69333416416116,20.15261944138203
559,SUEZ CANAL NB,SEA,PILOT_TO_PILOT,40,559,81,41,42,Suez36,Suez37,30.995013886019617,32.31172898346546,358.3333552885607,8.0,74.82705909866111,20.018894506882077
560,SUEZ CANAL NB,SEA,PILOT_TO_PILOT,40,560,82,41,42,Suez36,Suez37,30.99724018733501,32.31165327096166,358.3333552885607,8.0,74.96078403316106,19.885169572382125
561,SUEZ CANAL NB,SEA,PILOT_TO_PILOT,40,561,83,41,42,Suez36,Suez37,30.99946648860623,32.31157755492283,358.3333552885607,8.0,75.09450896766103,19.75144463788216
562,SUEZ CANAL NB,SEA,PILOT_TO_PILOT,40,562,84,41,42,Suez36,Suez37,31.00169278983328,32.31150183534845,358.3333552885607,8.0,75.22823390216098,19.617719703382207
563,SUEZ CANAL NB,SEA,PILOT_TO_PILOT,40,563,85,41,42,Suez36,Suez37,31.00391909101615,32.31142611223808,358.3333552885607,8.0,75.36195883666093,19.483994768882255
564,SUEZ CANAL NB,SEA,PILOT_TO_PILOT,40,564,86,41,42,Suez36,Suez37,31.00614539215484,32.31135038559123,358.3333552885607,8.0,75.4956837711609,19.35026983438229
565,SUEZ CANAL NB,SEA,PILOT_TO_PILOT,40,565,87,41,42,Suez36,Suez37,31.008371693249323,32.31127465540744,358.3333552885607,8.0,75.62940870566085,19.216544899882336
566,SUEZ CANAL NB,SEA,PILOT_TO_PILOT,40,566,88,41,42,Suez36,Suez37,31.01059799429961,32.311198921686206,358.3333552885607,8.0,75.76313364016082,19.08281996538237
567,SUEZ CANAL NB,SEA,PILOT_TO_PILOT,40,567,89,41,42,Suez36,Suez37,31.012824295305705,32.31112318442707,358.3333552885607,8.0,75.89685857466077,18.949095030882418
568,SUEZ CANAL NB,SEA,PILOT_TO_PILOT,40,568,90,41,42,Suez36,Suez37,31.015050596267574,32.31104744362954,358.3333552885607,8.0,76.03058350916072,18.815370096382466
569,SUEZ CANAL NB,SEA,PILOT_TO_PILOT,40,569,91,41,42,Suez36,Suez37,31.017276897185244,32.31097169929316,358.3333552885607,8.0,76.16430844366069,18.6816451618825
570,SUEZ CANAL NB,SEA,PILOT_TO_PILOT,40,570,92,41,42,Suez36,Suez37,31.019503198058672,32.31089595141745,358.3333552885607,8.0,76.29803337816064,18.547920227382548
571,SUEZ CANAL NB,SEA,PILOT_TO_PILOT,40,571,93,41,42,Suez36,Suez37,31.02172949888788,32.31082020000191,358.3333552885607,8.0,76.4317583126606,18.41419529288258
572,SUEZ CANAL NB,SEA,PILOT_TO_PILOT,40,572,94,41,42,Suez36,Suez37,31.02395579967285,32.3107444450461,358.3333552885607,8.0,76.56548324716056,18.28047035838263
573,SUEZ CANAL NB,SEA,PILOT_TO_PILOT,40,573,95,41,42,Suez36,Suez37,31.026182100413592,32.310668686549505,358.3333552885607,8.0,76.69920818166051,18.146745423882678
574,SUEZ CANAL NB,SEA,PILOT_TO_PILOT,40,574,96,41,42,Suez36,Suez37,31.02840840111008,32.310592924511674,358.3333552885607,8.0,76.83293311616048,18.01302048938271
575,SUEZ CANAL NB,SEA,PILOT_TO_PILOT,40,575,97,41,42,Suez36,Suez37,31.030634701762317,32.310517158932115,358.3333552885607,8.0,76.96665805066043,17.87929555488276
576,SUEZ CANAL NB,SEA,PILOT_TO_PILOT,40,576,98,41,42,Suez36,Suez37,31.032861002370296,32.31044138981037,358.3333552885607,8.0,77.1003829851604,17.745570620382793
577,SUEZ CANAL NB,SEA,PILOT_TO_PILOT,40,577,99,41,42,Suez36,Suez37,31.03508730293401,32.31036561714595,358.3333552885607,8.0,77.23410791966035,17.61184568588284
578,SUEZ CANAL NB,SEA,PILOT_TO_PILOT,40,578,100,41,42,Suez36,Suez37,31.03731360345346,32.31028984093837,358.3333552885607,8.0,77.3678328541603,17.47812075138289
579,SUEZ CANAL NB,SEA,PILOT_TO_PILOT,40,579,101,41,42,Suez36,Suez37,31.039539903928627,32.31021406118716,358.3333552885607,8.0,77.50155778866026,17.344395816882923
580,SUEZ CANAL NB,SEA,PILOT_TO_PILOT,40,580,102,41,42,Suez36,Suez37,31.041766204359515,32.310138277891845,358.3333552885607,8.0,77.63528272316022,17.21067088238297
581,SUEZ CANAL NB,SEA,PILOT_TO_PILOT,40,581,103,41,42,Suez36,Suez37,31.0439925047461,32.310062491051944,358.3333552885607,8.0,77.76900765766017,17.07694594788302
582,SUEZ CANAL NB,SEA,PILOT_TO_PILOT,40,582,104,41,42,Suez36,Suez37,31.046218805088408,32.309986700666975,358.3333552885607,8.0,77.90273259216013,16.943221013383052
583,SUEZ CANAL NB,SEA,PILOT_TO_PILOT,40,583,105,41,42,Suez36,Suez37,31.048445105386417,32.30991090673648,358.3333552885607,8.0,78.03645752666009,16.8094960788831
584,SUEZ CANAL NB,SEA,PILOT_TO_PILOT,40,584,106,41,42,Suez36,Suez37,31.05067140564011,32.309835109259964,358.3333552885607,8.0,78.17018246116005,16.675771144383134
585,SUEZ CANAL NB,SEA,PILOT_TO_PILOT,40,585,107,41,42,Suez36,Suez37,31.052897705849496,32.30975930823694,358.3333552885607,8.0,78.30390739566,16.542046209883182
586,SUEZ CANAL NB,SEA,PILOT_TO_PILOT,40,586,108,41,42,Suez36,Suez37,31.055124006014566,32.30968350366696,358.3333552885607,8.0,78.43763233015996,16.40832127538323
587,SUEZ CANAL NB,SEA,PILOT_TO_PILOT,40,587,109,41,42,Suez36,Suez37,31.057350306135316,32.30960769554952,358.3333552885607,8.0,78.57135726465992,16.274596340883264
588,SUEZ CANAL NB,SEA,PILOT_TO_PILOT,40,588,110,41,42,Suez36,Suez37,31.059576606211728,32.309531883884155,358.3333552885607,8.0,78.70508219915988,16.14087140638331
589,SUEZ CANAL NB,SEA,PILOT_TO_PILOT,40,589,111,41,42,Suez36,Suez37,31.061802906243805,32.309456068670386,358.3333552885607,8.0,78.83880713365983,16.00714647188336
590,SUEZ CANAL NB,SEA,PILOT_TO_PILOT,40,590,112,41,42,Suez36,Suez37,31.064029206231545,32.30938024990773,358.3333552885607,8.0,78.9725320681598,15.873421537383393
591,SUEZ CANAL NB,SEA,PILOT_TO_PILOT,40,591,113,41,42,Suez36,Suez37,31.066255506174937,32.309304427595706,358.3333552885607,8.0,79.10625700265975,15.739696602883441
592,SUEZ CANAL NB,SEA,PILOT_TO_PILOT,40,592,114,41,42,Suez36,Suez37,31.068481806073972,32.30922860173386,358.3333552885607,8.0,79.23998193715971,15.605971668383475
593,SUEZ CANAL NB,SEA,PILOT_TO_PILOT,40,593,115,41,42,Suez36,Suez37,31.07070810592865,32.309152772321674,358.3333552885607,8.0,79.37370687165966,15.472246733883523
594,SUEZ CANAL NB,SEA,PILOT_TO_PILOT,40,594,116,41,42,Suez36,Suez37,31.07293440573896,32.309076939358704,358.3333552885607,8.0,79.50743180615962,15.338521799383571
595,SUEZ CANAL NB,SEA,PILOT_TO_PILOT,40,595,117,41,42,Suez36,Suez37,31.0751607055049,32.30900110284445,358.3333552885607,8.0,79.64115674065958,15.204796864883605
596,SUEZ CANAL NB,SEA,PILOT_TO_PILOT,40,596,118,41,42,Suez36,Suez37,31.07738700522646,32.30892526277845,358.3333552885607,8.0,79.77488167515953,15.071071930383653
597,SUEZ CANAL NB,SEA,PILOT_TO_PILOT,40,597,119,41,42,Suez36,Suez37,31.079613304903635,32.30884941916022,358.3333552885607,8.0,79.9086066096595,14.937346995883686
598,SUEZ CANAL NB,SEA,PILOT_TO_PILOT,40,598,120,41,42,Suez36,Suez37,31.081839604536427,32.30877357198927,358.3333552885607,8.0,80.04233154415945,14.803622061383734
599,SUEZ CANAL NB,SEA,PILOT_TO_PILOT,40,599,121,41,42,Suez36,Suez37,31.084065904124824,32.308697721265126,358.3333552885607,8.0,80.1760564786594,14.669897126883782
600,SUEZ CANAL NB,SEA,PILOT_TO_PILOT,40,600,122,41,42,Suez36,Suez37,31.086292203668812,32.30862186698733,358.3333552885607,8.0,80.30978141315937,14.536172192383816
601,SUEZ CANAL NB,SEA,PILOT_TO_PILOT,40,601,123,41,42,Suez36,Suez37,31.088518503168398,32.30854600915537,358.3333552885607,8.0,80.44350634765932,14.402447257883864
602,SUEZ CANAL NB,SEA,PILOT_TO_PILOT,40,602,124,41,42,Suez36,Suez37,31.090744802623576,32.3084701477688,358.3333552885607,8.0,80.57723128215929,14.268722323383898
603,SUEZ CANAL NB,SEA,PILOT_TO_PILOT,40,603,125,41,42,Suez36,Suez37,31.092971102034323,32.30839428282712,358.3333552885607,8.0,80.71095621665924,14.134997388883946
604,SUEZ CANAL NB,SEA,PILOT_TO_PILOT,40,604,126,41,42,Suez36,Suez37,31.095197401400647,32.308318414329854,358.3333552885607,8.0,80.8446811511592,14.001272454383994
605,SUEZ CANAL NB,SEA,PILOT_TO_PILOT,40,605,127,41,42,Suez36,Suez37,31.097423700722544,32.30824254227653,358.3333552885607,8.0,80.97840608565915,13.867547519884042
606,SUEZ CANAL NB,SEA,PILOT_TO_PILOT,41,606,0,42,43,Suez37,Suez38,31.09965,32.308166666666665,14.015802383932225,8.0,81.11213102015911,13.733822585384075
607,SUEZ CANAL NB,SEA,PILOT_TO_PILOT,41,607,1,42,43,Suez37,Suez38,31.101804686781186,32.308794818347394,14.015802383932225,8.0,81.24546910351235,13.600484502030838
608,SUEZ CANAL NB,SEA,PILOT_TO_PILOT,41,608,2,42,43,Suez37,Suez38,31.103959370516254,32.309422998530806,14.015802383932225,8.0,81.3788071868656,13.467146418677586
609,SUEZ CANAL NB,SEA,PILOT_TO_PILOT,41,609,3,42,43,Suez37,Suez38,31.106114051204788,32.31005120722058,14.015802383932225,8.0,81.51214527021884,13.333808335324349
610,SUEZ CANAL NB,SEA,PILOT_TO_PILOT,41,610,4,42,43,Suez37,Suez38,31.1082687288464,32.31067944442037,14.015802383932225,8.0,81.64548335357209,13.200470251971097
611,SUEZ CANAL NB,SEA,PILOT_TO_PILOT,41,611,5,42,43,Suez37,Suez38,31.110423403440688,32.311307710133875,14.015802383932225,8.0,81.77882143692533,13.06713216861786
612,SUEZ CANAL NB,SEA,PILOT_TO_PILOT,41,612,6,42,43,Suez37,Suez38,31.112578074987272,32.31193600436475,14.015802383932225,8.0,81.91215952027858,12.933794085264608
613,SUEZ CANAL NB,SEA,PILOT_TO_PILOT,41,613,7,42,43,Suez37,Suez38,31.11473274348573,32.3125643271167,14.015802383932225,8.0,82.04549760363182,12.800456001911371
614,SUEZ CANAL NB,SEA,PILOT_TO_PILOT,41,614,8,42,43,Suez37,Suez38,31.116887408935682,32.31319267839338,14.015802383932225,8.0,82.17883568698505,12.667117918558134
615,SUEZ CANAL NB,SEA,PILOT_TO_PILOT,41,615,9,42,43,Suez37,Suez38,31.119042071336715,32.313821058198485,14.015802383932225,8.0,82.3121737703383,12.533779835204882
616,SUEZ CANAL NB,SEA,PILOT_TO_PILOT,41,616,10,42,43,Suez37,Suez38,31.121196730688453,32.31444946653569,14.015802383932225,8.0,82.44551185369154,12.400441751851645
617,SUEZ CANAL NB,SEA,PILOT_TO_PILOT,41,617,11,42,43,Suez37,Suez38,31.123351386990482,32.315077903408685,14.015802383932225,8.0,82.5788499370448,12.267103668498393
618,SUEZ CANAL NB,SEA,PILOT_TO_PILOT,41,618,12,42,43,Suez37,Suez38,31.125506040242403,32.315706368821125,14.015802383932225,8.0,82.71218802039803,12.133765585145156
619,SUEZ CANAL NB,SEA,PILOT_TO_PILOT,41,619,13,42,43,Suez37,Suez38,31.127660690443825,32.31633486277672,14.015802383932225,8.0,82.84552610375128,12.000427501791904
620,SUEZ CANAL NB,SEA,PILOT_TO_PILOT,41,620,14,42,43,Suez37,Suez38,31.12981533759435,32.31696338527914,14.015802383932225,8.0,82.97886418710452,11.867089418438667
621,SUEZ CANAL NB,SEA,PILOT_TO_PILOT,41,621,15,42,43,Suez37,Suez38,31.13196998169358,32.31759193633207,14.015802383932225,8.0,83.11220227045776,11.73375133508543
622,SUEZ CANAL NB,SEA,PILOT_TO_PILOT,41,622,16,42,43,Suez37,Suez38,31.13412462274112,32.31822051593918,14.015802383932225,8.0,83.24554035381101,11.600413251732178
623,SUEZ CANAL NB,SEA,PILOT_TO_PILOT,41,623,17,42,43,Suez37,Suez38,31.136279260736558,32.318849124104176,14.015802383932225,8.0,83.37887843716425,11.46707516837894
624,SUEZ CANAL NB,SEA,PILOT_TO_PILOT,41,624,18,42,43,Suez37,Suez38,31.13843389567952,32.31947776083073,14.015802383932225,8.0,83.5122165205175,11.333737085025689
625,SUEZ CANAL NB,SEA,PILOT_TO_PILOT,41,625,19,42,43,Suez37,Suez38,31.140588527569577,32.320106426122514,14.015802383932225,8.0,83.64555460387074,11.200399001672452
626,SUEZ CANAL NB,SEA,PILOT_TO_PILOT,41,626,20,42,43,Suez37,Suez38,31.14274315640636,32.32073511998324,14.015802383932225,8.0,83.77889268722397,11.067060918319214
627,SUEZ CANAL NB,SEA,PILOT_TO_PILOT,41,627,21,42,43,Suez37,Suez38,31.144897782189453,32.32136384241657,14.015802383932225,8.0,83.91223077057722,10.933722834965963
628,SUEZ CANAL NB,SEA,PILOT_TO_PILOT,41,628,22,42,43,Suez37,Suez38,31.147052404918465,32.321992593426195,14.015802383932225,8.0,84.04556885393046,10.800384751612725
629,SUEZ CANAL NB,SEA,PILOT_TO_PILOT,41,629,23,42,43,Suez37,Suez38,31.149207024592986,32.32262137301581,14.015802383932225,8.0,84.17890693728371,10.667046668259474
630,SUEZ CANAL NB,SEA,PILOT_TO_PILOT,41,630,24,42,43,Suez37,Suez38,31.151361641212645,32.32325018118909,14.015802383932225,8.0,84.31224502063695,10.533708584906236
631,SUEZ CANAL NB,SEA,PILOT_TO_PILOT,41,631,25,42,43,Suez37,Suez38,31.15351625477702,32.323879017949736,14.015802383932225,8.0,84.4455831039902,10.400370501552985
632,SUEZ CANAL NB,SEA,PILOT_TO_PILOT,41,632,26,42,43,Suez37,Suez38,31.155670865285714,32.324507883301415,14.015802383932225,8.0,84.57892118734344,10.267032418199747
633,SUEZ CANAL NB,SEA,PILOT_TO_PILOT,41,633,27,42,43,Suez37,Suez38,31.157825472738338,32.325136777247835,14.015802383932225,8.0,84.71225927069668,10.13369433484651
634,SUEZ CANAL NB,SEA,PILOT_TO_PILOT,41,634,28,42,43,Suez37,Suez38,31.159980077134488,32.325765699792676,14.015802383932225,8.0,84.84559735404993,10.000356251493258
635,SUEZ CANAL NB,SEA,PILOT_TO_PILOT,41,635,29,42,43,Suez37,Suez38,31.162134678473773,32.32639465093963,14.015802383932225,8.0,84.97893543740317,9.86701816814002
636,SUEZ CANAL NB,SEA,PILOT_TO_PILOT,41,636,30,42,43,Suez37,Suez38,31.16428927675577,32.327023630692395,14.015802383932225,8.0,85.11227352075642,9.73368008478677
637,SUEZ CANAL NB,SEA,PILOT_TO_PILOT,41,637,31,42,43,Suez37,Suez38,31.16644387198011,32.327652639054634,14.015802383932225,8.0,85.24561160410965,9.600342001433532
638,SUEZ CANAL NB,SEA,PILOT_TO_PILOT,41,638,32,42,43,Suez37,Suez38,31.168598464146385,32.32828167603006,14.015802383932225,8.0,85.3789496874629,9.46700391808028
639,SUEZ CANAL NB,SEA,PILOT_TO_PILOT,41,639,33,42,43,Suez37,Suez38,31.170753053254177,32.32891074162236,14.015802383932225,8.0,85.51228777081614,9.333665834727043
640,SUEZ CANAL NB,SEA,PILOT_TO_PILOT,41,640,34,42,43,Suez37,Suez38,31.17290763930312,32.32953983583523,14.015802383932225,8.0,85.64562585416938,9.200327751373806
641,SUEZ CANAL NB,SEA,PILOT_TO_PILOT,41,641,35,42,43,Suez37,Suez38,31.175062222292787,32.330168958672346,14.015802383932225,8.0,85.77896393752263,9.066989668020554
642,SUEZ CANAL NB,SEA,PILOT_TO_PILOT,41,642,36,42,43,Suez37,Suez38,31.177216802222794,32.33079811013741,14.015802383932225,8.0,85.91230202087587,8.933651584667317
643,SUEZ CANAL NB,SEA,PILOT_TO_PILOT,41,643,37,42,43,Suez37,Suez38,31.17937137909275,32.33142729023412,14.015802383932225,8.0,86.04564010422912,8.800313501314065
644,SUEZ CANAL NB,SEA,PILOT_TO_PILOT,41,644,38,42,43,Suez37,Suez38,31.18152595290223,32.33205649896616,14.015802383932225,8.0,86.17897818758236,8.666975417960828
645,SUEZ CANAL NB,SEA,PILOT_TO_PILOT,41,645,39,42,43,Suez37,Suez38,31.183680523650853,32.33268573633723,14.015802383932225,8.0,86.31231627093561,8.533637334607576
646,SUEZ CANAL NB,SEA,PILOT_TO_PILOT,41,646,40,42,43,Suez37,Suez38,31.185835091338223,32.33331500235103,14.015802383932225,8.0,86.44565435428885,8.400299251254339
647,SUEZ CANAL NB,SEA,PILOT_TO_PILOT,41,647,41,42,43,Suez37,Suez38,31.18798965596392,32.33394429701124,14.015802383932225,8.0,86.57899243764209,8.266961167901101
648,SUEZ CANAL NB,SEA,PILOT_TO_PILOT,41,648,42,42,43,Suez37,Suez38,31.190144217527564,32.33457362032157,14.015802383932225,8.0,86.71233052099534,8.13362308454785
649,SUEZ CANAL NB,SEA,PILOT_TO_PILOT,41,649,43,42,43,Suez37,Suez38,31.192298776028743,32.3352029722857,14.015802383932225,8.0,86.84566860434857,8.000285001194612
650,SUEZ CANAL NB,SEA,PILOT_TO_PILOT,41,650,44,42,43,Suez37,Suez38,31.194453331467077,32.335832352907346,14.015802383932225,8.0,86.97900668770183,7.866946917841361
651,SUEZ CANAL NB,SEA,PILOT_TO_PILOT,41,651,45,42,43,Suez37,Suez38,31.19660788384215,32.33646176219018,14.015802383932225,8.0,87.11234477105506,7.733608834488123
652,SUEZ CANAL NB,SEA,PILOT_TO_PILOT,41,652,46,42,43,Suez37,Suez38,31.19876243315357,32.33709120013792,14.015802383932225,8.0,87.2456828544083,7.600270751134886
653,SUEZ CANAL NB,SEA,PILOT_TO_PILOT,41,653,47,42,43,Suez37,Suez38,31.200916979400933,32.33772066675426,14.015802383932225,8.0,87.37902093776155,7.466932667781634
654,SUEZ CANAL NB,SEA,PILOT_TO_PILOT,41,654,48,42,43,Suez37,Suez38,31.203071522583834,32.33835016204289,14.015802383932225,8.0,87.51235902111479,7.333594584428397
655,SUEZ CANAL NB,SEA,PILOT_TO_PILOT,41,655,49,42,43,Suez37,Suez38,31.20522606270189,32.33897968600753,14.015802383932225,8.0,87.64569710446804,7.200256501075145
656,SUEZ CANAL NB,SEA,PILOT_TO_PILOT,41,656,50,42,43,Suez37,Suez38,31.207380599754686,32.339609238651846,14.015802383932225,8.0,87.77903518782128,7.066918417721908
657,SUEZ CANAL NB,SEA,PILOT_TO_PILOT,41,657,51,42,43,Suez37,Suez38,31.20953513374182,32.34023881997956,14.015802383932225,8.0,87.91237327117453,6.933580334368656
658,SUEZ CANAL NB,SEA,PILOT_TO_PILOT,41,658,52,42,43,Suez37,Suez38,31.211689664662906,32.340868429994366,14.015802383932225,8.0,88.04571135452777,6.800242251015419
659,SUEZ CANAL NB,SEA,PILOT_TO_PILOT,41,659,53,42,43,Suez37,Suez38,31.213844192517538,32.34149806869996,14.015802383932225,8.0,88.179049437881,6.666904167662182
660,SUEZ CANAL NB,SEA,PILOT_TO_PILOT,41,660,54,42,43,Suez37,Suez38,31.21599871730532,32.34212773610005,14.015802383932225,8.0,88.31238752123426,6.53356608430893
661,SUEZ CANAL NB,SEA,PILOT_TO_PILOT,41,661,55,42,43,Suez37,Suez38,31.21815323902584,32.34275743219834,14.015802383932225,8.0,88.4457256045875,6.400228000955693
662,SUEZ CANAL NB,SEA,PILOT_TO_PILOT,41,662,56,42,43,Suez37,Suez38,31.220307757678704,32.34338715699853,14.015802383932225,8.0,88.57906368794075,6.266889917602441
663,SUEZ CANAL NB,SEA,PILOT_TO_PILOT,41,663,57,42,43,Suez37,Suez38,31.222462273263528,32.34401691050432,14.015802383932225,8.0,88.71240177129398,6.133551834249204
664,SUEZ CANAL NB,SEA,PILOT_TO_PILOT,41,664,58,42,43,Suez37,Suez38,31.224616785779876,32.344646692719415,14.015802383932225,8.0,88.84573985464723,6.000213750895952
665,SUEZ CANAL NB,SEA,PILOT_TO_PILOT,41,665,59,42,43,Suez37,Suez38,31.226771295227383,32.34527650364751,14.015802383932225,8.0,88.97907793800047,5.866875667542715
666,SUEZ CANAL NB,SEA,PILOT_TO_PILOT,41,666,60,42,43,Suez37,Suez38,31.228925801605627,32.34590634329232,14.015802383932225,8.0,89.11241602135371,5.733537584189477
667,SUEZ CANAL NB,SEA,PILOT_TO_PILOT,41,667,61,42,43,Suez37,Suez38,31.231080304914222,32.34653621165754,14.015802383932225,8.0,89.24575410470696,5.600199500836226
668,SUEZ CANAL NB,SEA,PILOT_TO_PILOT,41,668,62,42,43,Suez37,Suez38,31.233234805152772,32.34716610874689,14.015802383932225,8.0,89.3790921880602,5.466861417482988
669,SUEZ CANAL NB,SEA,PILOT_TO_PILOT,41,669,63,42,43,Suez37,Suez38,31.235389302320847,32.34779603456407,14.015802383932225,8.0,89.51243027141345,5.333523334129737
670,SUEZ CANAL NB,SEA,PILOT_TO_PILOT,41,670,64,42,43,Suez37,Suez38,31.23754379641807,32.34842598911277,14.015802383932225,8.0,89.64576835476669,5.200185250776499
671,SUEZ CANAL NB,SEA,PILOT_TO_PILOT,41,671,65,42,43,Suez37,Suez38,31.239698287444035,32.34905597239671,14.015802383932225,8.0,89.77910643811992,5.066847167423262
672,SUEZ CANAL NB,SEA,PILOT_TO_PILOT,41,672,66,42,43,Suez37,Suez38,31.241852775398346,32.3496859844196,14.015802383932225,8.0,89.91244452147318,4.93350908407001
673,SUEZ CANAL NB,SEA,PILOT_TO_PILOT,41,673,67,42,43,Suez37,Suez38,31.244007260280597,32.35031602518515,14.015802383932225,8.0,90.04578260482641,4.800171000716773
674,SUEZ CANAL NB,SEA,PILOT_TO_PILOT,41,674,68,42,43,Suez37,Suez38,31.24616174209039,32.35094609469705,14.015802383932225,8.0,90.17912068817967,4.6668329173635215
675,SUEZ CANAL NB,SEA,PILOT_TO_PILOT,41,675,69,42,43,Suez37,Suez38,31.248316220827327,32.35157619295902,14.015802383932225,8.0,90.3124587715329,4.533494834010284
676,SUEZ CANAL NB,SEA,PILOT_TO_PILOT,41,676,70,42,43,Suez37,Suez38,31.250470696490996,32.352206319974776,14.015802383932225,8.0,90.44579685488615,4.4001567506570325
677,SUEZ CANAL NB,SEA,PILOT_TO_PILOT,41,677,71,42,43,Suez37,Suez38,31.252625169081004,32.352836475748006,14.015802383932225,8.0,90.57913493823939,4.266818667303795
678,SUEZ CANAL NB,SEA,PILOT_TO_PILOT,41,678,72,42,43,Suez37,Suez38,31.254779638596954,32.35346666028244,14.015802383932225,8.0,90.71247302159264,4.1334805839505435
679,SUEZ CANAL NB,SEA,PILOT_TO_PILOT,41,679,73,42,43,Suez37,Suez38,31.256934105038447,32.35409687358179,14.015802383932225,8.0,90.84581110494588,4.000142500597306
680,SUEZ CANAL NB,SEA,PILOT_TO_PILOT,41,680,74,42,43,Suez37,Suez38,31.25908856840506,32.354727115649744,14.015802383932225,8.0,90.97914918829912,3.8668044172440688
681,SUEZ CANAL NB,SEA,PILOT_TO_PILOT,41,681,75,42,43,Suez37,Suez38,31.26124302869642,32.355357386490034,14.015802383932225,8.0,91.11248727165237,3.733466333890817
682,SUEZ CANAL NB,SEA,PILOT_TO_PILOT,41,682,76,42,43,Suez37,Suez38,31.263397485912105,32.35598768610636,14.015802383932225,8.0,91.2458253550056,3.60012825053758
683,SUEZ CANAL NB,SEA,PILOT_TO_PILOT,41,683,77,42,43,Suez37,Suez38,31.265551940051726,32.35661801450244,14.015802383932225,8.0,91.37916343835886,3.466790167184328
684,SUEZ CANAL NB,SEA,PILOT_TO_PILOT,41,684,78,42,43,Suez37,Suez38,31.267706391114878,32.35724837168199,14.015802383932225,8.0,91.5125015217121,3.333452083831091
685,SUEZ CANAL NB,SEA,PILOT_TO_PILOT,41,685,79,42,43,Suez37,Suez38,31.269860839101163,32.35787875764872,14.015802383932225,8.0,91.64583960506533,3.2001140004778534
686,SUEZ CANAL NB,SEA,PILOT_TO_PILOT,41,686,80,42,43,Suez37,Suez38,31.27201528401018,32.35850917240634,14.015802383932225,8.0,91.77917768841859,3.066775917124602
687,SUEZ CANAL NB,SEA,PILOT_TO_PILOT,41,687,81,42,43,Suez37,Suez38,31.274169725841514,32.35913961595857,14.015802383932225,8.0,91.91251577177182,2.9334378337713645
688,SUEZ CANAL NB,SEA,PILOT_TO_PILOT,41,688,82,42,43,Suez37,Suez38,31.276324164594776,32.35977008830912,14.015802383932225,8.0,92.04585385512507,2.800099750418113
689,SUEZ CANAL NB,SEA,PILOT_TO_PILOT,41,689,83,42,43,Suez37,Suez38,31.278478600269565,32.3604005894617,14.015802383932225,8.0,92.17919193847831,2.6667616670648755
690,SUEZ CANAL NB,SEA,PILOT_TO_PILOT,41,690,84,42,43,Suez37,Suez38,31.28063303286547,32.36103111942003,14.015802383932225,8.0,92.31253002183156,2.533423583711624
691,SUEZ CANAL NB,SEA,PILOT_TO_PILOT,41,691,85,42,43,Suez37,Suez38,31.282787462382114,32.36166167818784,14.015802383932225,8.0,92.4458681051848,2.4000855003583865
692,SUEZ CANAL NB,SEA,PILOT_TO_PILOT,41,692,86,42,43,Suez37,Suez38,31.284941888819063,32.362292265768836,14.015802383932225,8.0,92.57920618853805,2.266747417005135
693,SUEZ CANAL NB,SEA,PILOT_TO_PILOT,41,693,87,42,43,Suez37,Suez38,31.287096312175926,32.36292288216672,14.015802383932225,8.0,92.71254427189129,2.1334093336518976
694,SUEZ CANAL NB,SEA,PILOT_TO_PILOT,41,694,88,42,43,Suez37,Suez38,31.28925073245231,32.363553527385235,14.015802383932225,8.0,92.84588235524453,2.00007125029866
695,SUEZ CANAL NB,SEA,PILOT_TO_PILOT,41,695,89,42,43,Suez37,Suez38,31.29140514964781,32.36418420142809,14.015802383932225,8.0,92.97922043859778,1.8667331669454086
696,SUEZ CANAL NB,SEA,PILOT_TO_PILOT,41,696,90,42,43,Suez37,Suez38,31.293559563762035,32.364814904298996,14.015802383932225,8.0,93.11255852195102,1.7333950835921712
697,SUEZ CANAL NB,SEA,PILOT_TO_PILOT,41,697,91,42,43,Suez37,Suez38,31.29571397479455,32.36544563600167,14.015802383932225,8.0,93.24589660530427,1.6000570002389196
698,SUEZ CANAL NB,SEA,PILOT_TO_PILOT,41,698,92,42,43,Suez37,Suez38,31.297868382744984,32.366076396539846,14.015802383932225,8.0,93.3792346886575,1.4667189168856822
699,SUEZ CANAL NB,SEA,PILOT_TO_PILOT,41,699,93,42,43,Suez37,Suez38,31.300022787612917,32.366707185917235,14.015802383932225,8.0,93.51257277201074,1.3333808335324449
700,SUEZ CANAL NB,SEA,PILOT_TO_PILOT,41,700,94,42,43,Suez37,Suez38,31.302177189397963,32.36733800413756,14.015802383932225,8.0,93.645910855364,1.2000427501791933
701,SUEZ CANAL NB,SEA,PILOT_TO_PILOT,41,701,95,42,43,Suez37,Suez38,31.3043315880997,32.367968851204544,14.015802383932225,8.0,93.77924893871723,1.0667046668259559
702,SUEZ CANAL NB,SEA,PILOT_TO_PILOT,41,702,96,42,43,Suez37,Suez38,31.306485983717746,32.368599727121904,14.015802383932225,8.0,93.91258702207048,0.9333665834727043
703,SUEZ CANAL NB,SEA,PILOT_TO_PILOT,41,703,97,42,43,Suez37,Suez38,31.308640376251688,32.36923063189335,14.015802383932225,8.0,94.04592510542372,0.8000285001194669
704,SUEZ CANAL NB,SEA,PILOT_TO_PILOT,41,704,98,42,43,Suez37,Suez38,31.310794765701125,32.36986156552263,14.015802383932225,8.0,94.17926318877696,0.6666904167662295
705,SUEZ CANAL NB,SEA,PILOT_TO_PILOT,41,705,99,42,43,Suez37,Suez38,31.31294915206566,32.37049252801345,14.015802383932225,8.0,94.31260127213021,0.5333523334129779
706,SUEZ CANAL NB,SEA,PILOT_TO_PILOT,41,706,100,42,43,Suez37,Suez38,31.315103535344882,32.371123519369554,14.015802383932225,8.0,94.44593935548345,0.40001425005974056
707,SUEZ CANAL NB,SEA,PILOT_TO_PILOT,41,707,101,42,43,Suez37,Suez38,31.317257915538395,32.371754539594626,14.015802383932225,8.0,94.5792774388367,0.26667616670648897
708,SUEZ CANAL NB,SEA,PILOT_TO_PILOT,41,708,102,42,43,Suez37,Suez38,31.319412292645783,32.37238558869243,14.015802383932225,8.0,94.71261552218994,0.1333380833532516
709,SUEZ CANAL NB,SEA,PILOT_TO_PILOT,41,709,103,42,43,Suez37,Suez38,31.321566666666666,32.373016666666665,14.015802383932225,8.0,94.84595360554319,0.0
