sim_index,route_name,route_type,phase,leg_index,minute_from_start,leg_minute,from_wpt,to_wpt,from_name,to_name,lat_deg,lon_deg,cog_deg,sog_knots,distance_from_start_nm,distance_to_go_nm
0,Zeebrugge - Bremerhaven,SEA,PILOT_TO_PILOT,0,0,0,1,2,WandPS,TCWand,51.36998333333333,2.71535,359.51502385020376,10.0,0.0,263.29315216878064
1,Zeebrugge - Bremerhaven,SEA,PILOT_TO_PILOT,0,1,1,1,2,WandPS,TCWand,51.37272115399306,2.7153128761127117,359.51502385020376,10.0,0.16438589316970556,263.12876627561093
2,Zeebrugge - Bremerhaven,SEA,PILOT_TO_PILOT,0,2,2,1,2,WandPS,TCWand,51.375458974641056,2.7152757477851748,359.51502385020376,10.0,0.3287717863394111,262.9643803824412
3,Zeebrugge - Bremerhaven,SEA,PILOT_TO_PILOT,0,3,3,1,2,WandPS,TCWand,51.37819679527731,2.715238615016423,359.51502385020376,10.0,0.4931576795091167,262.7999944892715
4,Zeebrugge - Bremerhaven,SEA,PILOT_TO_PILOT,0,4,4,1,2,WandPS,TCWand,51.380934615901836,2.7152014778054894,359.51502385020376,10.0,0.6575435726788222,262.6356085961018
5,Zeebrugge - Bremerhaven,SEA,PILOT_TO_PILOT,0,5,5,1,2,WandPS,TCWand,51.38367243651462,2.715164336151407,359.51502385020376,10.0,0.8219294658485278,262.4712227029321
6,Zeebrugge - Bremerhaven,SEA,PILOT_TO_PILOT,0,6,6,1,2,WandPS,TCWand,51.38641025711566,2.715127190053209,359.51502385020376,10.0,0.9863153590182334,262.3068368097624
7,Zeebrugge - Bremerhaven,SEA,PILOT_TO_PILOT,0,7,7,1,2,WandPS,TCWand,51.38914807770496,2.715090039509928,359.51502385020376,10.0,1.150701252187939,262.1424509165927
8,Zeebrugge - Bremerhaven,SEA,PILOT_TO_PILOT,0,8,8,1,2,WandPS,TCWand,51.39188589828251,2.7150528845205977,359.51502385020376,10.0,1.3150871453576445,261.97806502342297
9,Zeebrugge - Bremerhaven,SEA,PILOT_TO_PILOT,0,9,9,1,2,WandPS,TCWand,51.3946237188483,2.715015725084248,359.51502385020376,10.0,1.47947303852735,261.81367913025326
10,Zeebrugge - Bremerhaven,SEA,PILOT_TO_PILOT,0,10,10,1,2,WandPS,TCWand,51.39736153940235,2.7149785611999127,359.51502385020376,10.0,1.6438589316970555,261.64929323708355
11,Zeebrugge - Bremerhaven,SEA,PILOT_TO_PILOT,0,11,11,1,2,WandPS,TCWand,51.40009935994465,2.7149413928666215,359.51502385020376,10.0,1.808244824866761,261.4849073439139
12,Zeebrugge - Bremerhaven,SEA,PILOT_TO_PILOT,0,12,12,1,2,WandPS,TCWand,51.402837180475174,2.714904220083408,359.51502385020376,10.0,1.9726307180364668,261.3205214507442
13,Zeebrugge - Bremerhaven,SEA,PILOT_TO_PILOT,0,13,13,1,2,WandPS,TCWand,51.40557500099395,2.7148670428493014,359.51502385020376,10.0,2.1370166112061724,261.1561355575745
14,Zeebrugge - Bremerhaven,SEA,PILOT_TO_PILOT,0,14,14,1,2,WandPS,TCWand,51.40831282150095,2.714829861163333,359.51502385020376,10.0,2.301402504375878,260.9917496644048
15,Zeebrugge - Bremerhaven,SEA,PILOT_TO_PILOT,0,15,15,1,2,WandPS,TCWand,51.411050641996205,2.714792675024534,359.51502385020376,10.0,2.4657883975455834,260.82736377123507
16,Zeebrugge - Bremerhaven,SEA,PILOT_TO_PILOT,0,16,16,1,2,WandPS,TCWand,51.41378846247969,2.714755484431934,359.51502385020376,10.0,2.630174290715289,260.66297787806536
17,Zeebrugge - Bremerhaven,SEA,PILOT_TO_PILOT,0,17,17,1,2,WandPS,TCWand,51.4165262829514,2.7147182893845625,359.51502385020376,10.0,2.7945601838849945,260.49859198489565
18,Zeebrugge - Bremerhaven,SEA,PILOT_TO_PILOT,0,18,18,1,2,WandPS,TCWand,51.41926410341132,2.7146810898814495,359.51502385020376,10.0,2.9589460770547,260.33420609172595
19,Zeebrugge - Bremerhaven,SEA,PILOT_TO_PILOT,0,19,19,1,2,WandPS,TCWand,51.42200192385948,2.7146438859216255,359.51502385020376,10.0,3.1233319702244056,260.16982019855624
20,Zeebrugge - Bremerhaven,SEA,PILOT_TO_PILOT,0,20,20,1,2,WandPS,TCWand,51.42473974429586,2.714606677504118,359.51502385020376,10.0,3.287717863394111,260.00543430538653
21,Zeebrugge - Bremerhaven,SEA,PILOT_TO_PILOT,0,21,21,1,2,WandPS,TCWand,51.42747756472046,2.7145694646279566,359.51502385020376,10.0,3.4521037565638166,259.8410484122168
22,Zeebrugge - Bremerhaven,SEA,PILOT_TO_PILOT,0,22,22,1,2,WandPS,TCWand,51.43021538513328,2.7145322472921705,359.51502385020376,10.0,3.616489649733522,259.6766625190471
23,Zeebrugge - Bremerhaven,SEA,PILOT_TO_PILOT,0,23,23,1,2,WandPS,TCWand,51.43295320553432,2.7144950254957863,359.51502385020376,10.0,3.7808755429032277,259.5122766258774
24,Zeebrugge - Bremerhaven,SEA,PILOT_TO_PILOT,0,24,24,1,2,WandPS,TCWand,51.43569102592356,2.7144577992378345,359.51502385020376,10.0,3.9452614360729337,259.3478907327077
25,Zeebrugge - Bremerhaven,SEA,PILOT_TO_PILOT,0,25,25,1,2,WandPS,TCWand,51.43842884630101,2.7144205685173404,359.51502385020376,10.0,4.109647329242639,259.183504839538
26,Zeebrugge - Bremerhaven,SEA,PILOT_TO_PILOT,1,26,0,2,3,TCWand,OHR1,51.44116666666667,2.714383333333333,0.6427244200270934,10.0,4.274033222412345,259.0191189463683
27,Zeebrugge - Bremerhaven,SEA,PILOT_TO_PILOT,1,27,1,2,3,TCWand,OHR1,51.44394444523555,2.714433329282105,0.6427244200270934,10.0,4.440822812135604,258.85232935664504
28,Zeebrugge - Bremerhaven,SEA,PILOT_TO_PILOT,1,28,2,2,3,TCWand,OHR1,51.44672222378317,2.7144833313134735,0.6427244200270934,10.0,4.607612401858863,258.68553976692175
29,Zeebrugge - Bremerhaven,SEA,PILOT_TO_PILOT,1,29,3,2,3,TCWand,OHR1,51.44950000230951,2.714533339428785,0.6427244200270934,10.0,4.774401991582122,258.5187501771985
30,Zeebrugge - Bremerhaven,SEA,PILOT_TO_PILOT,1,30,4,2,3,TCWand,OHR1,51.45227778081458,2.7145833536293837,0.6427244200270934,10.0,4.941191581305381,258.3519605874753
31,Zeebrugge - Bremerhaven,SEA,PILOT_TO_PILOT,1,31,5,2,3,TCWand,OHR1,51.455055559298366,2.7146333739166177,0.6427244200270934,10.0,5.10798117102864,258.185170997752
32,Zeebrugge - Bremerhaven,SEA,PILOT_TO_PILOT,1,32,6,2,3,TCWand,OHR1,51.457833337760874,2.714683400291831,0.6427244200270934,10.0,5.274770760751899,258.01838140802874
33,Zeebrugge - Bremerhaven,SEA,PILOT_TO_PILOT,1,33,7,2,3,TCWand,OHR1,51.46061111620209,2.714733432756372,0.6427244200270934,10.0,5.441560350475158,257.85159181830545
34,Zeebrugge - Bremerhaven,SEA,PILOT_TO_PILOT,1,34,8,2,3,TCWand,OHR1,51.463388894622014,2.7147834713115877,0.6427244200270934,10.0,5.608349940198417,257.6848022285822
35,Zeebrugge - Bremerhaven,SEA,PILOT_TO_PILOT,1,35,9,2,3,TCWand,OHR1,51.46616667302064,2.714833515958824,0.6427244200270934,10.0,5.775139529921676,257.518012638859
36,Zeebrugge - Bremerhaven,SEA,PILOT_TO_PILOT,1,36,10,2,3,TCWand,OHR1,51.468944451397945,2.7148835666994304,0.6427244200270934,10.0,5.941929119644935,257.3512230491357
37,Zeebrugge - Bremerhaven,SEA,PILOT_TO_PILOT,1,37,11,2,3,TCWand,OHR1,51.47172222975396,2.7149336235347543,0.6427244200270934,10.0,6.108718709368194,257.18443345941245
38,Zeebrugge - Bremerhaven,SEA,PILOT_TO_PILOT,1,38,12,2,3,TCWand,OHR1,51.47450000808866,2.7149836864661436,0.6427244200270934,10.0,6.275508299091453,257.0176438696892
39,Zeebrugge - Bremerhaven,SEA,PILOT_TO_PILOT,1,39,13,2,3,TCWand,OHR1,51.477277786402034,2.7150337554949493,0.6427244200270934,10.0,6.442297888814712,256.8508542799659
40,Zeebrugge - Bremerhaven,SEA,PILOT_TO_PILOT,1,40,14,2,3,TCWand,OHR1,51.480055564694084,2.715083830622519,0.6427244200270934,10.0,6.609087478537971,256.6840646902427
41,Zeebrugge - Bremerhaven,SEA,PILOT_TO_PILOT,1,41,15,2,3,TCWand,OHR1,51.48283334296481,2.7151339118502036,0.6427244200270934,10.0,6.77587706826123,256.5172751005194
42,Zeebrugge - Bremerhaven,SEA,PILOT_TO_PILOT,1,42,16,2,3,TCWand,OHR1,51.485611121214205,2.715183999179352,0.6427244200270934,10.0,6.942666657984489,256.35048551079615
43,Zeebrugge - Bremerhaven,SEA,PILOT_TO_PILOT,1,43,17,2,3,TCWand,OHR1,51.48838889944226,2.715234092611316,0.6427244200270934,10.0,7.109456247707748,256.1836959210729
44,Zeebrugge - Bremerhaven,SEA,PILOT_TO_PILOT,1,44,18,2,3,TCWand,OHR1,51.491166677648984,2.7152841921474464,0.6427244200270934,10.0,7.2762458374310075,256.0169063313496
45,Zeebrugge - Bremerhaven,SEA,PILOT_TO_PILOT,1,45,19,2,3,TCWand,OHR1,51.49394445583436,2.715334297789093,0.6427244200270934,10.0,7.443035427154266,255.85011674162638
46,Zeebrugge - Bremerhaven,SEA,PILOT_TO_PILOT,1,46,20,2,3,TCWand,OHR1,51.49672223399837,2.715384409537609,0.6427244200270934,10.0,7.609825016877525,255.68332715190311
47,Zeebrugge - Bremerhaven,SEA,PILOT_TO_PILOT,1,47,21,2,3,TCWand,OHR1,51.499500012141034,2.7154345273943465,0.6427244200270934,10.0,7.776614606600784,255.51653756217985
48,Zeebrugge - Bremerhaven,SEA,PILOT_TO_PILOT,1,48,22,2,3,TCWand,OHR1,51.50227779026235,2.7154846513606588,0.6427244200270934,10.0,7.943404196324043,255.34974797245658
49,Zeebrugge - Bremerhaven,SEA,PILOT_TO_PILOT,1,49,23,2,3,TCWand,OHR1,51.50505556836227,2.7155347814378956,0.6427244200270934,10.0,8.110193786047303,255.18295838273335
50,Zeebrugge - Bremerhaven,SEA,PILOT_TO_PILOT,1,50,24,2,3,TCWand,OHR1,51.50783334644085,2.715584917627413,0.6427244200270934,10.0,8.276983375770563,255.01616879301008
51,Zeebrugge - Bremerhaven,SEA,PILOT_TO_PILOT,1,51,25,2,3,TCWand,OHR1,51.51061112449804,2.715635059930564,0.6427244200270934,10.0,8.443772965493821,254.84937920328682
52,Zeebrugge - Bremerhaven,SEA,PILOT_TO_PILOT,1,52,26,2,3,TCWand,OHR1,51.513388902533855,2.715685208348702,0.6427244200270934,10.0,8.61056255521708,254.68258961356355
53,Zeebrugge - Bremerhaven,SEA,PILOT_TO_PILOT,1,53,27,2,3,TCWand,OHR1,51.51616668054829,2.7157353628831817,0.6427244200270934,10.0,8.777352144940338,254.5158000238403
54,Zeebrugge - Bremerhaven,SEA,PILOT_TO_PILOT,1,54,28,2,3,TCWand,OHR1,51.51894445854133,2.7157855235353585,0.6427244200270934,10.0,8.944141734663598,254.34901043411705
55,Zeebrugge - Bremerhaven,SEA,PILOT_TO_PILOT,1,55,29,2,3,TCWand,OHR1,51.521722236512964,2.715835690306587,0.6427244200270934,10.0,9.110931324386858,254.18222084439378
56,Zeebrugge - Bremerhaven,SEA,PILOT_TO_PILOT,1,56,30,2,3,TCWand,OHR1,51.52450001446322,2.7158858631982232,0.6427244200270934,10.0,9.277720914110116,254.01543125467052
57,Zeebrugge - Bremerhaven,SEA,PILOT_TO_PILOT,1,57,31,2,3,TCWand,OHR1,51.52727779239207,2.7159360422116223,0.6427244200270934,10.0,9.444510503833374,253.84864166494725
58,Zeebrugge - Bremerhaven,SEA,PILOT_TO_PILOT,1,58,32,2,3,TCWand,OHR1,51.5300555702995,2.715986227348141,0.6427244200270934,10.0,9.611300093556633,253.68185207522401
59,Zeebrugge - Bremerhaven,SEA,PILOT_TO_PILOT,1,59,33,2,3,TCWand,OHR1,51.532833348185534,2.7160364186091366,0.6427244200270934,10.0,9.778089683279893,253.51506248550075
60,Zeebrugge - Bremerhaven,SEA,PILOT_TO_PILOT,1,60,34,2,3,TCWand,OHR1,51.535611126050135,2.7160866159959656,0.6427244200270934,10.0,9.944879273003153,253.34827289577748
61,Zeebrugge - Bremerhaven,SEA,PILOT_TO_PILOT,1,61,35,2,3,TCWand,OHR1,51.53838890389331,2.7161368195099858,0.6427244200270934,10.0,10.111668862726411,253.18148330605422
62,Zeebrugge - Bremerhaven,SEA,PILOT_TO_PILOT,1,62,36,2,3,TCWand,OHR1,51.54116668171508,2.7161870291525547,0.6427244200270934,10.0,10.27845845244967,253.01469371633095
63,Zeebrugge - Bremerhaven,SEA,PILOT_TO_PILOT,1,63,37,2,3,TCWand,OHR1,51.543944459515416,2.7162372449250314,0.6427244200270934,10.0,10.445248042172928,252.84790412660772
64,Zeebrugge - Bremerhaven,SEA,PILOT_TO_PILOT,1,64,38,2,3,TCWand,OHR1,51.546722237294304,2.7162874668287738,0.6427244200270934,10.0,10.612037631896188,252.68111453688445
65,Zeebrugge - Bremerhaven,SEA,PILOT_TO_PILOT,1,65,39,2,3,TCWand,OHR1,51.549500015051755,2.716337694865141,0.6427244200270934,10.0,10.778827221619448,252.51432494716119
66,Zeebrugge - Bremerhaven,SEA,PILOT_TO_PILOT,1,66,40,2,3,TCWand,OHR1,51.552277792787756,2.7163879290354935,0.6427244200270934,10.0,10.945616811342706,252.34753535743792
67,Zeebrugge - Bremerhaven,SEA,PILOT_TO_PILOT,1,67,41,2,3,TCWand,OHR1,51.55505557050231,2.7164381693411896,0.6427244200270934,10.0,11.112406401065964,252.18074576771468
68,Zeebrugge - Bremerhaven,SEA,PILOT_TO_PILOT,1,68,42,2,3,TCWand,OHR1,51.55783334819541,2.7164884157835916,0.6427244200270934,10.0,11.279195990789223,252.01395617799142
69,Zeebrugge - Bremerhaven,SEA,PILOT_TO_PILOT,1,69,43,2,3,TCWand,OHR1,51.56061112586705,2.7165386683640578,0.6427244200270934,10.0,11.445985580512483,251.84716658826815
70,Zeebrugge - Bremerhaven,SEA,PILOT_TO_PILOT,1,70,44,2,3,TCWand,OHR1,51.56338890351722,2.716588927083951,0.6427244200270934,10.0,11.612775170235743,251.6803769985449
71,Zeebrugge - Bremerhaven,SEA,PILOT_TO_PILOT,1,71,45,2,3,TCWand,OHR1,51.56616668114592,2.7166391919446315,0.6427244200270934,10.0,11.779564759959001,251.51358740882165
72,Zeebrugge - Bremerhaven,SEA,PILOT_TO_PILOT,1,72,46,2,3,TCWand,OHR1,51.56894445875316,2.7166894629474614,0.6427244200270934,10.0,11.94635434968226,251.34679781909838
73,Zeebrugge - Bremerhaven,SEA,PILOT_TO_PILOT,1,73,47,2,3,TCWand,OHR1,51.5717222363389,2.716739740093803,0.6427244200270934,10.0,12.113143939405518,251.18000822937512
74,Zeebrugge - Bremerhaven,SEA,PILOT_TO_PILOT,1,74,48,2,3,TCWand,OHR1,51.574500013903176,2.71679002338502,0.6427244200270934,10.0,12.27993352912878,251.01321863965185
75,Zeebrugge - Bremerhaven,SEA,PILOT_TO_PILOT,1,75,49,2,3,TCWand,OHR1,51.57727779144595,2.716840312822473,0.6427244200270934,10.0,12.446723118852038,250.8464290499286
76,Zeebrugge - Bremerhaven,SEA,PILOT_TO_PILOT,1,76,50,2,3,TCWand,OHR1,51.58005556896723,2.7168906084075273,0.6427244200270934,10.0,12.613512708575296,250.67963946020535
77,Zeebrugge - Bremerhaven,SEA,PILOT_TO_PILOT,1,77,51,2,3,TCWand,OHR1,51.58283334646702,2.7169409101415463,0.6427244200270934,10.0,12.780302298298555,250.51284987048209
78,Zeebrugge - Bremerhaven,SEA,PILOT_TO_PILOT,1,78,52,2,3,TCWand,OHR1,51.585611123945306,2.716991218025894,0.6427244200270934,10.0,12.947091888021813,250.34606028075882
79,Zeebrugge - Bremerhaven,SEA,PILOT_TO_PILOT,1,79,53,2,3,TCWand,OHR1,51.58838890140208,2.7170415320619346,0.6427244200270934,10.0,13.113881477745075,250.17927069103555
80,Zeebrugge - Bremerhaven,SEA,PILOT_TO_PILOT,1,80,54,2,3,TCWand,OHR1,51.59116667883733,2.7170918522510332,0.6427244200270934,10.0,13.280671067468333,250.0124811013123
81,Zeebrugge - Bremerhaven,SEA,PILOT_TO_PILOT,1,81,55,2,3,TCWand,OHR1,51.59394445625109,2.717142178594555,0.6427244200270934,10.0,13.447460657191591,249.84569151158905
82,Zeebrugge - Bremerhaven,SEA,PILOT_TO_PILOT,1,82,56,2,3,TCWand,OHR1,51.59672223364332,2.7171925110938666,0.6427244200270934,10.0,13.61425024691485,249.6789019218658
83,Zeebrugge - Bremerhaven,SEA,PILOT_TO_PILOT,1,83,57,2,3,TCWand,OHR1,51.59950001101401,2.717242849750334,0.6427244200270934,10.0,13.781039836638108,249.51211233214252
84,Zeebrugge - Bremerhaven,SEA,PILOT_TO_PILOT,1,84,58,2,3,TCWand,OHR1,51.602277788363175,2.717293194565322,0.6427244200270934,10.0,13.94782942636137,249.34532274241926
85,Zeebrugge - Bremerhaven,SEA,PILOT_TO_PILOT,1,85,59,2,3,TCWand,OHR1,51.6050555656908,2.717343545540199,0.6427244200270934,10.0,14.114619016084628,249.17853315269602
86,Zeebrugge - Bremerhaven,SEA,PILOT_TO_PILOT,1,86,60,2,3,TCWand,OHR1,51.60783334299689,2.717393902676332,0.6427244200270934,10.0,14.281408605807886,249.01174356297275
87,Zeebrugge - Bremerhaven,SEA,PILOT_TO_PILOT,1,87,61,2,3,TCWand,OHR1,51.610611120281426,2.717444265975088,0.6427244200270934,10.0,14.448198195531145,248.8449539732495
88,Zeebrugge - Bremerhaven,SEA,PILOT_TO_PILOT,1,88,62,2,3,TCWand,OHR1,51.613388897544425,2.717494635437837,0.6427244200270934,10.0,14.614987785254403,248.67816438352622
89,Zeebrugge - Bremerhaven,SEA,PILOT_TO_PILOT,1,89,63,2,3,TCWand,OHR1,51.61616667478586,2.717545011065945,0.6427244200270934,10.0,14.781777374977665,248.511374793803
90,Zeebrugge - Bremerhaven,SEA,PILOT_TO_PILOT,1,90,64,2,3,TCWand,OHR1,51.618944452005735,2.7175953928607828,0.6427244200270934,10.0,14.948566964700923,248.34458520407972
91,Zeebrugge - Bremerhaven,SEA,PILOT_TO_PILOT,1,91,65,2,3,TCWand,OHR1,51.62172222920404,2.7176457808237187,0.6427244200270934,10.0,15.115356554424181,248.17779561435646
92,Zeebrugge - Bremerhaven,SEA,PILOT_TO_PILOT,1,92,66,2,3,TCWand,OHR1,51.62450000638078,2.717696174956122,0.6427244200270934,10.0,15.28214614414744,248.0110060246332
93,Zeebrugge - Bremerhaven,SEA,PILOT_TO_PILOT,1,93,67,2,3,TCWand,OHR1,51.627277783535945,2.717746575259364,0.6427244200270934,10.0,15.448935733870698,247.84421643490992
94,Zeebrugge - Bremerhaven,SEA,PILOT_TO_PILOT,1,94,68,2,3,TCWand,OHR1,51.630055560669526,2.7177969817348138,0.6427244200270934,10.0,15.61572532359396,247.6774268451867
95,Zeebrugge - Bremerhaven,SEA,PILOT_TO_PILOT,1,95,69,2,3,TCWand,OHR1,51.63283333778153,2.7178473943838433,0.6427244200270934,10.0,15.782514913317218,247.51063725546342
96,Zeebrugge - Bremerhaven,SEA,PILOT_TO_PILOT,1,96,70,2,3,TCWand,OHR1,51.63561111487195,2.7178978132078235,0.6427244200270934,10.0,15.949304503040477,247.34384766574016
97,Zeebrugge - Bremerhaven,SEA,PILOT_TO_PILOT,1,97,71,2,3,TCWand,OHR1,51.638388891940764,2.717948238208125,0.6427244200270934,10.0,16.116094092763735,247.1770580760169
98,Zeebrugge - Bremerhaven,SEA,PILOT_TO_PILOT,1,98,72,2,3,TCWand,OHR1,51.641166668987985,2.7179986693861213,0.6427244200270934,10.0,16.282883682486993,247.01026848629365
99,Zeebrugge - Bremerhaven,SEA,PILOT_TO_PILOT,1,99,73,2,3,TCWand,OHR1,51.64394444601359,2.7180491067431842,0.6427244200270934,10.0,16.449673272210255,246.8434788965704
100,Zeebrugge - Bremerhaven,SEA,PILOT_TO_PILOT,1,100,74,2,3,TCWand,OHR1,51.64672222301761,2.7180995502806864,0.6427244200270934,10.0,16.616462861933513,246.67668930684712
101,Zeebrugge - Bremerhaven,SEA,PILOT_TO_PILOT,2,101,0,3,4,OHR1,NHR-SE,51.64950000000001,2.71815,337.12977485824285,10.0,16.78325245165677,246.50989971712386
102,Zeebrugge - Bremerhaven,SEA,PILOT_TO_PILOT,2,102,1,3,4,OHR1,NHR-SE,51.65208280190296,2.7163940671890163,337.12977485824285,10.0,16.951556659769206,246.34159550901143
103,Zeebrugge - Bremerhaven,SEA,PILOT_TO_PILOT,2,103,2,3,4,OHR1,NHR-SE,51.654665577618175,2.7146379342576403,337.12977485824285,10.0,17.119860867881638,246.173291300899
104,Zeebrugge - Bremerhaven,SEA,PILOT_TO_PILOT,2,104,3,3,4,OHR1,NHR-SE,51.657248327140245,2.71288160116655,337.12977485824285,10.0,17.288165075994073,246.00498709278656
105,Zeebrugge - Bremerhaven,SEA,PILOT_TO_PILOT,2,105,4,3,4,OHR1,NHR-SE,51.65983105046377,2.7111250678764147,337.12977485824285,10.0,17.456469284106507,245.83668288467413
106,Zeebrugge - Bremerhaven,SEA,PILOT_TO_PILOT,2,106,5,3,4,OHR1,NHR-SE,51.66241374758332,2.709368334347895,337.12977485824285,10.0,17.62477349221894,245.6683786765617
107,Zeebrugge - Bremerhaven,SEA,PILOT_TO_PILOT,2,107,6,3,4,OHR1,NHR-SE,51.664996418493494,2.7076114005416407,337.12977485824285,10.0,17.793077700331374,245.50007446844927
108,Zeebrugge - Bremerhaven,SEA,PILOT_TO_PILOT,2,108,7,3,4,OHR1,NHR-SE,51.667579063188874,2.705854266418294,337.12977485824285,10.0,17.96138190844381,245.33177026033684
109,Zeebrugge - Bremerhaven,SEA,PILOT_TO_PILOT,2,109,8,3,4,OHR1,NHR-SE,51.67016168166402,2.7040969319384844,337.12977485824285,10.0,18.129686116556243,245.1634660522244
110,Zeebrugge - Bremerhaven,SEA,PILOT_TO_PILOT,2,110,9,3,4,OHR1,NHR-SE,51.67274427391353,2.7023393970628367,337.12977485824285,10.0,18.297990324668675,244.99516184411198
111,Zeebrugge - Bremerhaven,SEA,PILOT_TO_PILOT,2,111,10,3,4,OHR1,NHR-SE,51.67532683993199,2.700581661751963,337.12977485824285,10.0,18.46629453278111,244.82685763599952
112,Zeebrugge - Bremerhaven,SEA,PILOT_TO_PILOT,2,112,11,3,4,OHR1,NHR-SE,51.67790937971397,2.698823725966467,337.12977485824285,10.0,18.634598740893544,244.65855342788709
113,Zeebrugge - Bremerhaven,SEA,PILOT_TO_PILOT,2,113,12,3,4,OHR1,NHR-SE,51.680491893254036,2.697065589666942,337.12977485824285,10.0,18.802902949005976,244.49024921977465
114,Zeebrugge - Bremerhaven,SEA,PILOT_TO_PILOT,2,114,13,3,4,OHR1,NHR-SE,51.68307438054677,2.695307252813974,337.12977485824285,10.0,18.97120715711841,244.32194501166222
115,Zeebrugge - Bremerhaven,SEA,PILOT_TO_PILOT,2,115,14,3,4,OHR1,NHR-SE,51.685656841586756,2.693548715368138,337.12977485824285,10.0,19.139511365230845,244.1536408035498
116,Zeebrugge - Bremerhaven,SEA,PILOT_TO_PILOT,2,116,15,3,4,OHR1,NHR-SE,51.688239276368556,2.6917899772899996,337.12977485824285,10.0,19.307815573343277,243.98533659543736
117,Zeebrugge - Bremerhaven,SEA,PILOT_TO_PILOT,2,117,16,3,4,OHR1,NHR-SE,51.690821684886735,2.6900310385401154,337.12977485824285,10.0,19.47611978145571,243.81703238732493
118,Zeebrugge - Bremerhaven,SEA,PILOT_TO_PILOT,2,118,17,3,4,OHR1,NHR-SE,51.69340406713587,2.6882718990790333,337.12977485824285,10.0,19.644423989568146,243.6487281792125
119,Zeebrugge - Bremerhaven,SEA,PILOT_TO_PILOT,2,119,18,3,4,OHR1,NHR-SE,51.69598642311054,2.6865125588672902,337.12977485824285,10.0,19.812728197680578,243.48042397110007
120,Zeebrugge - Bremerhaven,SEA,PILOT_TO_PILOT,2,120,19,3,4,OHR1,NHR-SE,51.69856875280529,2.6847530178654146,337.12977485824285,10.0,19.981032405793012,243.31211976298763
121,Zeebrugge - Bremerhaven,SEA,PILOT_TO_PILOT,2,121,20,3,4,OHR1,NHR-SE,51.701151056214705,2.682993276033926,337.12977485824285,10.0,20.149336613905447,243.14381555487518
122,Zeebrugge - Bremerhaven,SEA,PILOT_TO_PILOT,3,122,0,4,5,NHR-SE,EuroW,51.70373333333333,2.681233333333333,12.856899786773795,10.0,20.31764082201788,242.97551134676274
123,Zeebrugge - Bremerhaven,SEA,PILOT_TO_PILOT,3,123,1,4,5,NHR-SE,EuroW,51.70640528483592,2.682217443504177,12.856899786773795,10.0,20.482191738193038,242.8109604305876
124,Zeebrugge - Bremerhaven,SEA,PILOT_TO_PILOT,3,124,2,4,5,NHR-SE,EuroW,51.70907722811652,2.683201669930518,12.856899786773795,10.0,20.6467426543682,242.64640951441243
125,Zeebrugge - Bremerhaven,SEA,PILOT_TO_PILOT,3,125,3,4,5,NHR-SE,EuroW,51.711749163173415,2.6841860126368826,12.856899786773795,10.0,20.81129357054336,242.48185859823727
126,Zeebrugge - Bremerhaven,SEA,PILOT_TO_PILOT,3,126,4,4,5,NHR-SE,EuroW,51.71442109000481,2.6851704716478024,12.856899786773795,10.0,20.975844486718522,242.3173076820621
127,Zeebrugge - Bremerhaven,SEA,PILOT_TO_PILOT,3,127,5,4,5,NHR-SE,EuroW,51.71709300860896,2.6861550469878153,12.856899786773795,10.0,21.14039540289368,242.15275676588695
128,Zeebrugge - Bremerhaven,SEA,PILOT_TO_PILOT,3,128,6,4,5,NHR-SE,EuroW,51.71976491898411,2.687139738681467,12.856899786773795,10.0,21.304946319068844,241.9882058497118
129,Zeebrugge - Bremerhaven,SEA,PILOT_TO_PILOT,3,129,7,4,5,NHR-SE,EuroW,51.72243682112849,2.6881245467533086,12.856899786773795,10.0,21.469497235244003,241.82365493353663
130,Zeebrugge - Bremerhaven,SEA,PILOT_TO_PILOT,3,130,8,4,5,NHR-SE,EuroW,51.72510871504031,2.6891094712278982,12.856899786773795,10.0,21.634048151419165,241.65910401736147
131,Zeebrugge - Bremerhaven,SEA,PILOT_TO_PILOT,3,131,9,4,5,NHR-SE,EuroW,51.72778060071785,2.6900945121298023,12.856899786773795,10.0,21.798599067594324,241.4945531011863
132,Zeebrugge - Bremerhaven,SEA,PILOT_TO_PILOT,3,132,10,4,5,NHR-SE,EuroW,51.73045247815933,2.6910796694835906,12.856899786773795,10.0,21.963149983769487,241.33000218501115
133,Zeebrugge - Bremerhaven,SEA,PILOT_TO_PILOT,3,133,11,4,5,NHR-SE,EuroW,51.733124347362995,2.6920649433138424,12.856899786773795,10.0,22.127700899944646,241.165451268836
134,Zeebrugge - Bremerhaven,SEA,PILOT_TO_PILOT,3,134,12,4,5,NHR-SE,EuroW,51.735796208327066,2.6930503336451412,12.856899786773795,10.0,22.29225181611981,241.00090035266084
135,Zeebrugge - Bremerhaven,SEA,PILOT_TO_PILOT,3,135,13,4,5,NHR-SE,EuroW,51.73846806104978,2.694035840502079,12.856899786773795,10.0,22.456802732294967,240.83634943648568
136,Zeebrugge - Bremerhaven,SEA,PILOT_TO_PILOT,3,136,14,4,5,NHR-SE,EuroW,51.74113990552938,2.6950214639092547,12.856899786773795,10.0,22.621353648470127,240.67179852031052
137,Zeebrugge - Bremerhaven,SEA,PILOT_TO_PILOT,3,137,15,4,5,NHR-SE,EuroW,51.7438117417641,2.6960072038912712,12.856899786773795,10.0,22.78590456464529,240.50724760413536
138,Zeebrugge - Bremerhaven,SEA,PILOT_TO_PILOT,3,138,16,4,5,NHR-SE,EuroW,51.74648356975217,2.69699306047274,12.856899786773795,10.0,22.95045548082045,240.3426966879602
139,Zeebrugge - Bremerhaven,SEA,PILOT_TO_PILOT,3,139,17,4,5,NHR-SE,EuroW,51.74915538949181,2.697979033678279,12.856899786773795,10.0,23.11500639699561,240.178145771785
140,Zeebrugge - Bremerhaven,SEA,PILOT_TO_PILOT,3,140,18,4,5,NHR-SE,EuroW,51.75182720098129,2.6989651235325125,12.856899786773795,10.0,23.27955731317077,240.01359485560988
141,Zeebrugge - Bremerhaven,SEA,PILOT_TO_PILOT,3,141,19,4,5,NHR-SE,EuroW,51.75449900421881,2.6999513300600717,12.856899786773795,10.0,23.444108229345932,239.8490439394347
142,Zeebrugge - Bremerhaven,SEA,PILOT_TO_PILOT,3,142,20,4,5,NHR-SE,EuroW,51.75717079920261,2.7009376532855938,12.856899786773795,10.0,23.60865914552109,239.68449302325953
143,Zeebrugge - Bremerhaven,SEA,PILOT_TO_PILOT,3,143,21,4,5,NHR-SE,EuroW,51.759842585930926,2.7019240932337225,12.856899786773795,10.0,23.773210061696254,239.51994210708438
144,Zeebrugge - Bremerhaven,SEA,PILOT_TO_PILOT,3,144,22,4,5,NHR-SE,EuroW,51.76251436440199,2.702910649929111,12.856899786773795,10.0,23.937760977871413,239.35539119090922
145,Zeebrugge - Bremerhaven,SEA,PILOT_TO_PILOT,3,145,23,4,5,NHR-SE,EuroW,51.76518613461401,2.703897323396415,12.856899786773795,10.0,24.102311894046576,239.19084027473406
146,Zeebrugge - Bremerhaven,SEA,PILOT_TO_PILOT,3,146,24,4,5,NHR-SE,EuroW,51.76785789656526,2.704884113660298,12.856899786773795,10.0,24.266862810221735,239.0262893585589
147,Zeebrugge - Bremerhaven,SEA,PILOT_TO_PILOT,3,147,25,4,5,NHR-SE,EuroW,51.77052965025393,2.705871020745431,12.856899786773795,10.0,24.431413726396897,238.86173844238374
148,Zeebrugge - Bremerhaven,SEA,PILOT_TO_PILOT,3,148,26,4,5,NHR-SE,EuroW,51.773201395678264,2.7068580446764923,12.856899786773795,10.0,24.595964642572056,238.69718752620858
149,Zeebrugge - Bremerhaven,SEA,PILOT_TO_PILOT,3,149,27,4,5,NHR-SE,EuroW,51.7758731328365,2.7078451854781656,12.856899786773795,10.0,24.76051555874722,238.53263661003342
150,Zeebrugge - Bremerhaven,SEA,PILOT_TO_PILOT,3,150,28,4,5,NHR-SE,EuroW,51.778544861726836,2.7088324431751403,12.856899786773795,10.0,24.925066474922378,238.36808569385826
151,Zeebrugge - Bremerhaven,SEA,PILOT_TO_PILOT,3,151,29,4,5,NHR-SE,EuroW,51.78121658234754,2.7098198177921162,12.856899786773795,10.0,25.08961739109754,238.2035347776831
152,Zeebrugge - Bremerhaven,SEA,PILOT_TO_PILOT,3,152,30,4,5,NHR-SE,EuroW,51.78388829469681,2.7108073093537945,12.856899786773795,10.0,25.2541683072727,238.03898386150794
153,Zeebrugge - Bremerhaven,SEA,PILOT_TO_PILOT,3,153,31,4,5,NHR-SE,EuroW,51.78655999877288,2.7117949178848875,12.856899786773795,10.0,25.41871922344786,237.87443294533279
154,Zeebrugge - Bremerhaven,SEA,PILOT_TO_PILOT,3,154,32,4,5,NHR-SE,EuroW,51.78923169457398,2.712782643410111,12.856899786773795,10.0,25.58327013962302,237.70988202915763
155,Zeebrugge - Bremerhaven,SEA,PILOT_TO_PILOT,3,155,33,4,5,NHR-SE,EuroW,51.791903382098326,2.713770485954191,12.856899786773795,10.0,25.747821055798184,237.54533111298247
156,Zeebrugge - Bremerhaven,SEA,PILOT_TO_PILOT,3,156,34,4,5,NHR-SE,EuroW,51.794575061344155,2.7147584455418556,12.856899786773795,10.0,25.912371971973343,237.38078019680728
157,Zeebrugge - Bremerhaven,SEA,PILOT_TO_PILOT,3,157,35,4,5,NHR-SE,EuroW,51.797246732309695,2.7157465221978434,12.856899786773795,10.0,26.076922888148502,237.21622928063215
158,Zeebrugge - Bremerhaven,SEA,PILOT_TO_PILOT,3,158,36,4,5,NHR-SE,EuroW,51.79991839499315,2.716734715946898,12.856899786773795,10.0,26.241473804323665,237.05167836445696
159,Zeebrugge - Bremerhaven,SEA,PILOT_TO_PILOT,3,159,37,4,5,NHR-SE,EuroW,51.802590049392755,2.7177230268137698,12.856899786773795,10.0,26.406024720498824,236.8871274482818
160,Zeebrugge - Bremerhaven,SEA,PILOT_TO_PILOT,3,160,38,4,5,NHR-SE,EuroW,51.80526169550674,2.718711454823216,12.856899786773795,10.0,26.570575636673986,236.72257653210664
161,Zeebrugge - Bremerhaven,SEA,PILOT_TO_PILOT,4,161,0,5,6,EuroW,NHR-N,51.80793333333333,2.7197,36.479313820557195,10.0,26.735126552849145,236.55802561593148
162,Zeebrugge - Bremerhaven,SEA,PILOT_TO_PILOT,4,162,1,5,6,EuroW,NHR-N,51.81016125008713,2.7223644541883427,36.479313820557195,10.0,26.90148854581021,236.39166362297044
163,Zeebrugge - Bremerhaven,SEA,PILOT_TO_PILOT,4,163,2,5,6,EuroW,NHR-N,51.81238910662402,2.7250291718015487,36.479313820557195,10.0,27.06785053877128,236.22530163000937
164,Zeebrugge - Bremerhaven,SEA,PILOT_TO_PILOT,4,164,3,5,6,EuroW,NHR-N,51.814616902933246,2.7276941528796206,36.479313820557195,10.0,27.234212531732343,236.0589396370483
165,Zeebrugge - Bremerhaven,SEA,PILOT_TO_PILOT,4,165,4,5,6,EuroW,NHR-N,51.81684463900404,2.7303593974625686,36.479313820557195,10.0,27.400574524693408,235.89257764408723
166,Zeebrugge - Bremerhaven,SEA,PILOT_TO_PILOT,4,166,5,5,6,EuroW,NHR-N,51.8190723148256,2.733024905590409,36.479313820557195,10.0,27.566936517654476,235.72621565112615
167,Zeebrugge - Bremerhaven,SEA,PILOT_TO_PILOT,4,167,6,5,6,EuroW,NHR-N,51.82129993038716,2.7356906773031646,36.479313820557195,10.0,27.73329851061554,235.55985365816508
168,Zeebrugge - Bremerhaven,SEA,PILOT_TO_PILOT,4,168,7,5,6,EuroW,NHR-N,51.82352748567795,2.7383567126408606,36.479313820557195,10.0,27.899660503576605,235.39349166520404
169,Zeebrugge - Bremerhaven,SEA,PILOT_TO_PILOT,4,169,8,5,6,EuroW,NHR-N,51.82575498068716,2.7410230116435326,36.479313820557195,10.0,28.06602249653767,235.22712967224297
170,Zeebrugge - Bremerhaven,SEA,PILOT_TO_PILOT,4,170,9,5,6,EuroW,NHR-N,51.82798241540404,2.7436895743512175,36.479313820557195,10.0,28.232384489498738,235.0607676792819
171,Zeebrugge - Bremerhaven,SEA,PILOT_TO_PILOT,4,171,10,5,6,EuroW,NHR-N,51.83020978981776,2.7463564008039625,36.479313820557195,10.0,28.398746482459803,234.89440568632082
172,Zeebrugge - Bremerhaven,SEA,PILOT_TO_PILOT,4,172,11,5,6,EuroW,NHR-N,51.832437103917556,2.7490234910418163,36.479313820557195,10.0,28.565108475420868,234.72804369335978
173,Zeebrugge - Bremerhaven,SEA,PILOT_TO_PILOT,4,173,12,5,6,EuroW,NHR-N,51.83466435769263,2.751690845104837,36.479313820557195,10.0,28.731470468381936,234.5616817003987
174,Zeebrugge - Bremerhaven,SEA,PILOT_TO_PILOT,4,174,13,5,6,EuroW,NHR-N,51.83689155113218,2.7543584630330864,36.479313820557195,10.0,28.897832461343,234.39531970743764
175,Zeebrugge - Bremerhaven,SEA,PILOT_TO_PILOT,4,175,14,5,6,EuroW,NHR-N,51.83911868422543,2.757026344866633,36.479313820557195,10.0,29.064194454304065,234.22895771447656
176,Zeebrugge - Bremerhaven,SEA,PILOT_TO_PILOT,4,176,15,5,6,EuroW,NHR-N,51.841345756961566,2.75969449064555,36.479313820557195,10.0,29.23055644726513,234.0625957215155
177,Zeebrugge - Bremerhaven,SEA,PILOT_TO_PILOT,4,177,16,5,6,EuroW,NHR-N,51.843572769329775,2.7623629004099186,36.479313820557195,10.0,29.396918440226198,233.89623372855445
178,Zeebrugge - Bremerhaven,SEA,PILOT_TO_PILOT,4,178,17,5,6,EuroW,NHR-N,51.84579972131928,2.765031574199824,36.479313820557195,10.0,29.563280433187263,233.72987173559338
179,Zeebrugge - Bremerhaven,SEA,PILOT_TO_PILOT,4,179,18,5,6,EuroW,NHR-N,51.84802661291925,2.7677005120553564,36.479313820557195,10.0,29.729642426148327,233.5635097426323
180,Zeebrugge - Bremerhaven,SEA,PILOT_TO_PILOT,4,180,19,5,6,EuroW,NHR-N,51.8502534441189,2.770369714016615,36.479313820557195,10.0,29.896004419109396,233.39714774967123
181,Zeebrugge - Bremerhaven,SEA,PILOT_TO_PILOT,4,181,20,5,6,EuroW,NHR-N,51.8524802149074,2.7730391801237024,36.479313820557195,10.0,30.06236641207046,233.2307857567102
182,Zeebrugge - Bremerhaven,SEA,PILOT_TO_PILOT,4,182,21,5,6,EuroW,NHR-N,51.854706925273945,2.7757089104167263,36.479313820557195,10.0,30.228728405031525,233.06442376374912
183,Zeebrugge - Bremerhaven,SEA,PILOT_TO_PILOT,4,183,22,5,6,EuroW,NHR-N,51.85693357520773,2.778378904935803,36.479313820557195,10.0,30.39509039799259,232.89806177078805
184,Zeebrugge - Bremerhaven,SEA,PILOT_TO_PILOT,4,184,23,5,6,EuroW,NHR-N,51.85916016469792,2.7810491637210535,36.479313820557195,10.0,30.561452390953658,232.73169977782698
185,Zeebrugge - Bremerhaven,SEA,PILOT_TO_PILOT,4,185,24,5,6,EuroW,NHR-N,51.86138669373371,2.7837196868126024,36.479313820557195,10.0,30.727814383914723,232.5653377848659
186,Zeebrugge - Bremerhaven,SEA,PILOT_TO_PILOT,4,186,25,5,6,EuroW,NHR-N,51.86361316230427,2.786390474250583,36.479313820557195,10.0,30.89417637687579,232.39897579190483
187,Zeebrugge - Bremerhaven,SEA,PILOT_TO_PILOT,4,187,26,5,6,EuroW,NHR-N,51.86583957039879,2.7890615260751344,36.479313820557195,10.0,31.060538369836856,232.2326137989438
188,Zeebrugge - Bremerhaven,SEA,PILOT_TO_PILOT,4,188,27,5,6,EuroW,NHR-N,51.868065918006415,2.791732842326398,36.479313820557195,10.0,31.22690036279792,232.06625180598272
189,Zeebrugge - Bremerhaven,SEA,PILOT_TO_PILOT,4,189,28,5,6,EuroW,NHR-N,51.87029220511636,2.794404423044526,36.479313820557195,10.0,31.393262355758985,231.89988981302164
190,Zeebrugge - Bremerhaven,SEA,PILOT_TO_PILOT,4,190,29,5,6,EuroW,NHR-N,51.87251843171776,2.797076268269673,36.479313820557195,10.0,31.55962434872005,231.7335278200606
191,Zeebrugge - Bremerhaven,SEA,PILOT_TO_PILOT,4,191,30,5,6,EuroW,NHR-N,51.87474459779979,2.799748378042,36.479313820557195,10.0,31.725986341681118,231.56716582709953
192,Zeebrugge - Bremerhaven,SEA,PILOT_TO_PILOT,4,192,31,5,6,EuroW,NHR-N,51.876970703351624,2.8024207524016744,36.479313820557195,10.0,31.892348334642183,231.40080383413846
193,Zeebrugge - Bremerhaven,SEA,PILOT_TO_PILOT,4,193,32,5,6,EuroW,NHR-N,51.879196748362425,2.8050933913888696,36.479313820557195,10.0,32.05871032760325,231.2344418411774
194,Zeebrugge - Bremerhaven,SEA,PILOT_TO_PILOT,4,194,33,5,6,EuroW,NHR-N,51.88142273282135,2.807766295043764,36.479313820557195,10.0,32.225072320564315,231.0680798482163
195,Zeebrugge - Bremerhaven,SEA,PILOT_TO_PILOT,4,195,34,5,6,EuroW,NHR-N,51.883648656717554,2.8104394634065426,36.479313820557195,10.0,32.39143431352538,230.90171785525524
196,Zeebrugge - Bremerhaven,SEA,PILOT_TO_PILOT,4,196,35,5,6,EuroW,NHR-N,51.88587452004019,2.813112896517396,36.479313820557195,10.0,32.557796306486445,230.7353558622942
197,Zeebrugge - Bremerhaven,SEA,PILOT_TO_PILOT,4,197,36,5,6,EuroW,NHR-N,51.88810032277843,2.8157865944165197,36.479313820557195,10.0,32.72415829944751,230.56899386933313
198,Zeebrugge - Bremerhaven,SEA,PILOT_TO_PILOT,4,198,37,5,6,EuroW,NHR-N,51.89032606492142,2.818460557144118,36.479313820557195,10.0,32.89052029240858,230.40263187637206
199,Zeebrugge - Bremerhaven,SEA,PILOT_TO_PILOT,4,199,38,5,6,EuroW,NHR-N,51.892551746458295,2.821134784740396,36.479313820557195,10.0,33.056882285369646,230.23626988341098
200,Zeebrugge - Bremerhaven,SEA,PILOT_TO_PILOT,4,200,39,5,6,EuroW,NHR-N,51.894777367378225,2.82380927724557,36.479313820557195,10.0,33.22324427833071,230.06990789044994
201,Zeebrugge - Bremerhaven,SEA,PILOT_TO_PILOT,4,201,40,5,6,EuroW,NHR-N,51.89700292767034,2.8264840346998583,36.479313820557195,10.0,33.389606271291775,229.90354589748887
202,Zeebrugge - Bremerhaven,SEA,PILOT_TO_PILOT,4,202,41,5,6,EuroW,NHR-N,51.899228427323784,2.829159057143486,36.479313820557195,10.0,33.55596826425284,229.7371839045278
203,Zeebrugge - Bremerhaven,SEA,PILOT_TO_PILOT,4,203,42,5,6,EuroW,NHR-N,51.90145386632769,2.8318343446166865,36.479313820557195,10.0,33.722330257213905,229.57082191156672
204,Zeebrugge - Bremerhaven,SEA,PILOT_TO_PILOT,4,204,43,5,6,EuroW,NHR-N,51.90367924467123,2.8345098971596947,36.479313820557195,10.0,33.88869225017497,229.40445991860565
205,Zeebrugge - Bremerhaven,SEA,PILOT_TO_PILOT,4,205,44,5,6,EuroW,NHR-N,51.905904562343515,2.8371857148127546,36.479313820557195,10.0,34.05505424313604,229.23809792564458
206,Zeebrugge - Bremerhaven,SEA,PILOT_TO_PILOT,4,206,45,5,6,EuroW,NHR-N,51.90812981933367,2.839861797616114,36.479313820557195,10.0,34.221416236097106,229.07173593268354
207,Zeebrugge - Bremerhaven,SEA,PILOT_TO_PILOT,4,207,46,5,6,EuroW,NHR-N,51.91035501563084,2.8425381456100296,36.479313820557195,10.0,34.38777822905817,228.90537393972247
208,Zeebrugge - Bremerhaven,SEA,PILOT_TO_PILOT,4,208,47,5,6,EuroW,NHR-N,51.912580151224184,2.84521475883476,36.479313820557195,10.0,34.554140222019235,228.7390119467614
209,Zeebrugge - Bremerhaven,SEA,PILOT_TO_PILOT,4,209,48,5,6,EuroW,NHR-N,51.91480522610277,2.847891637330572,36.479313820557195,10.0,34.7205022149803,228.57264995380035
210,Zeebrugge - Bremerhaven,SEA,PILOT_TO_PILOT,4,210,49,5,6,EuroW,NHR-N,51.91703024025576,2.850568781137738,36.479313820557195,10.0,34.886864207941365,228.40628796083928
211,Zeebrugge - Bremerhaven,SEA,PILOT_TO_PILOT,4,211,50,5,6,EuroW,NHR-N,51.919255193672285,2.853246190296536,36.479313820557195,10.0,35.05322620090243,228.2399259678782
212,Zeebrugge - Bremerhaven,SEA,PILOT_TO_PILOT,4,212,51,5,6,EuroW,NHR-N,51.92148008634145,2.8559238648472487,36.479313820557195,10.0,35.2195881938635,228.07356397491714
213,Zeebrugge - Bremerhaven,SEA,PILOT_TO_PILOT,4,213,52,5,6,EuroW,NHR-N,51.92370491825237,2.858601804830167,36.479313820557195,10.0,35.385950186824566,227.90720198195606
214,Zeebrugge - Bremerhaven,SEA,PILOT_TO_PILOT,4,214,53,5,6,EuroW,NHR-N,51.92592968939416,2.8612800102855864,36.479313820557195,10.0,35.55231217978563,227.740839988995
215,Zeebrugge - Bremerhaven,SEA,PILOT_TO_PILOT,4,215,54,5,6,EuroW,NHR-N,51.928154399755954,2.8639584812538073,36.479313820557195,10.0,35.718674172746695,227.57447799603395
216,Zeebrugge - Bremerhaven,SEA,PILOT_TO_PILOT,4,216,55,5,6,EuroW,NHR-N,51.93037904932684,2.866637217775137,36.479313820557195,10.0,35.88503616570776,227.40811600307288
217,Zeebrugge - Bremerhaven,SEA,PILOT_TO_PILOT,4,217,56,5,6,EuroW,NHR-N,51.93260363809596,2.8693162198898885,36.479313820557195,10.0,36.051398158668825,227.2417540101118
218,Zeebrugge - Bremerhaven,SEA,PILOT_TO_PILOT,4,218,57,5,6,EuroW,NHR-N,51.934828166052384,2.8719954876383817,36.479313820557195,10.0,36.21776015162989,227.07539201715076
219,Zeebrugge - Bremerhaven,SEA,PILOT_TO_PILOT,4,219,58,5,6,EuroW,NHR-N,51.937052633185246,2.8746750210609395,36.479313820557195,10.0,36.38412214459096,226.9090300241897
220,Zeebrugge - Bremerhaven,SEA,PILOT_TO_PILOT,4,220,59,5,6,EuroW,NHR-N,51.939277039483635,2.877354820197893,36.479313820557195,10.0,36.550484137552026,226.74266803122862
221,Zeebrugge - Bremerhaven,SEA,PILOT_TO_PILOT,4,221,60,5,6,EuroW,NHR-N,51.941501384936664,2.88003488508958,36.479313820557195,10.0,36.71684613051309,226.57630603826755
222,Zeebrugge - Bremerhaven,SEA,PILOT_TO_PILOT,4,222,61,5,6,EuroW,NHR-N,51.943725669533414,2.8827152157763396,36.479313820557195,10.0,36.883208123474155,226.40994404530647
223,Zeebrugge - Bremerhaven,SEA,PILOT_TO_PILOT,4,223,62,5,6,EuroW,NHR-N,51.945949893262984,2.8853958122985217,36.479313820557195,10.0,37.04957011643522,226.2435820523454
224,Zeebrugge - Bremerhaven,SEA,PILOT_TO_PILOT,4,224,63,5,6,EuroW,NHR-N,51.94817405611448,2.8880766746964808,36.479313820557195,10.0,37.215932109396284,226.07722005938436
225,Zeebrugge - Bremerhaven,SEA,PILOT_TO_PILOT,4,225,64,5,6,EuroW,NHR-N,51.950398158077,2.8907578030105743,36.479313820557195,10.0,37.38229410235735,225.9108580664233
226,Zeebrugge - Bremerhaven,SEA,PILOT_TO_PILOT,4,226,65,5,6,EuroW,NHR-N,51.95262219913962,2.8934391972811695,36.479313820557195,10.0,37.54865609531842,225.74449607346222
227,Zeebrugge - Bremerhaven,SEA,PILOT_TO_PILOT,4,227,66,5,6,EuroW,NHR-N,51.95484617929142,2.8961208575486372,36.479313820557195,10.0,37.715018088279486,225.57813408050114
228,Zeebrugge - Bremerhaven,SEA,PILOT_TO_PILOT,4,228,67,5,6,EuroW,NHR-N,51.957070098521505,2.8988027838533537,36.479313820557195,10.0,37.88138008124055,225.4117720875401
229,Zeebrugge - Bremerhaven,SEA,PILOT_TO_PILOT,4,229,68,5,6,EuroW,NHR-N,51.95929395681895,2.901484976235704,36.479313820557195,10.0,38.047742074201615,225.24541009457903
230,Zeebrugge - Bremerhaven,SEA,PILOT_TO_PILOT,4,230,69,5,6,EuroW,NHR-N,51.96151775417283,2.904167434736075,36.479313820557195,10.0,38.21410406716268,225.07904810161796
231,Zeebrugge - Bremerhaven,SEA,PILOT_TO_PILOT,4,231,70,5,6,EuroW,NHR-N,51.96374149057223,2.9068501593948604,36.479313820557195,10.0,38.38046606012375,224.91268610865689
232,Zeebrugge - Bremerhaven,SEA,PILOT_TO_PILOT,4,232,71,5,6,EuroW,NHR-N,51.96596516600623,2.9095331502524644,36.479313820557195,10.0,38.54682805308481,224.7463241156958
233,Zeebrugge - Bremerhaven,SEA,PILOT_TO_PILOT,4,233,72,5,6,EuroW,NHR-N,51.96818878046388,2.9122164073492907,36.479313820557195,10.0,38.71319004604588,224.57996212273474
234,Zeebrugge - Bremerhaven,SEA,PILOT_TO_PILOT,4,234,73,5,6,EuroW,NHR-N,51.9704123339343,2.9148999307257513,36.479313820557195,10.0,38.879552039006946,224.4136001297737
235,Zeebrugge - Bremerhaven,SEA,PILOT_TO_PILOT,4,235,74,5,6,EuroW,NHR-N,51.97263582640651,2.917583720422265,36.479313820557195,10.0,39.04591403196801,224.24723813681263
236,Zeebrugge - Bremerhaven,SEA,PILOT_TO_PILOT,4,236,75,5,6,EuroW,NHR-N,51.9748592578696,2.920267776479256,36.479313820557195,10.0,39.212276024929075,224.08087614385155
237,Zeebrugge - Bremerhaven,SEA,PILOT_TO_PILOT,4,237,76,5,6,EuroW,NHR-N,51.977082628312644,2.922952098937153,36.479313820557195,10.0,39.37863801789014,223.9145141508905
238,Zeebrugge - Bremerhaven,SEA,PILOT_TO_PILOT,4,238,77,5,6,EuroW,NHR-N,51.97930593772469,2.9256366878363917,36.479313820557195,10.0,39.54500001085121,223.74815215792944
239,Zeebrugge - Bremerhaven,SEA,PILOT_TO_PILOT,4,239,78,5,6,EuroW,NHR-N,51.981529186094804,2.9283215432174154,36.479313820557195,10.0,39.71136200381227,223.58179016496837
240,Zeebrugge - Bremerhaven,SEA,PILOT_TO_PILOT,4,240,79,5,6,EuroW,NHR-N,51.983752373412045,2.9310066651206697,36.479313820557195,10.0,39.87772399677334,223.4154281720073
241,Zeebrugge - Bremerhaven,SEA,PILOT_TO_PILOT,4,241,80,5,6,EuroW,NHR-N,51.98597549966546,2.933692053586606,36.479313820557195,10.0,40.044085989734405,223.24906617904622
242,Zeebrugge - Bremerhaven,SEA,PILOT_TO_PILOT,4,242,81,5,6,EuroW,NHR-N,51.98819856484412,2.936377708655686,36.479313820557195,10.0,40.21044798269547,223.08270418608515
243,Zeebrugge - Bremerhaven,SEA,PILOT_TO_PILOT,4,243,82,5,6,EuroW,NHR-N,51.99042156893706,2.9390636303683726,36.479313820557195,10.0,40.376809975656535,222.9163421931241
244,Zeebrugge - Bremerhaven,SEA,PILOT_TO_PILOT,4,244,83,5,6,EuroW,NHR-N,51.992644511933335,2.941749818765138,36.479313820557195,10.0,40.5431719686176,222.74998020016304
245,Zeebrugge - Bremerhaven,SEA,PILOT_TO_PILOT,4,245,84,5,6,EuroW,NHR-N,51.994867393822005,2.9444362738864562,36.479313820557195,10.0,40.70953396157867,222.58361820720197
246,Zeebrugge - Bremerhaven,SEA,PILOT_TO_PILOT,4,246,85,5,6,EuroW,NHR-N,51.99709021459209,2.9471229957728124,36.479313820557195,10.0,40.87589595453973,222.41725621424092
247,Zeebrugge - Bremerhaven,SEA,PILOT_TO_PILOT,4,247,86,5,6,EuroW,NHR-N,51.99931297423267,2.9498099844646934,36.479313820557195,10.0,41.0422579475008,222.25089422127985
248,Zeebrugge - Bremerhaven,SEA,PILOT_TO_PILOT,4,248,87,5,6,EuroW,NHR-N,52.00153567273274,2.9524972400025926,36.479313820557195,10.0,41.208619940461865,222.08453222831878
249,Zeebrugge - Bremerhaven,SEA,PILOT_TO_PILOT,4,249,88,5,6,EuroW,NHR-N,52.00375831008139,2.9551847624270104,36.479313820557195,10.0,41.37498193342293,221.9181702353577
250,Zeebrugge - Bremerhaven,SEA,PILOT_TO_PILOT,4,250,89,5,6,EuroW,NHR-N,52.0059808862676,2.957872551778452,36.479313820557195,10.0,41.541343926383995,221.75180824239663
251,Zeebrugge - Bremerhaven,SEA,PILOT_TO_PILOT,4,251,90,5,6,EuroW,NHR-N,52.00820340128044,2.960560608097429,36.479313820557195,10.0,41.70770591934506,221.58544624943556
252,Zeebrugge - Bremerhaven,SEA,PILOT_TO_PILOT,4,252,91,5,6,EuroW,NHR-N,52.010425855108934,2.963248931424459,36.479313820557195,10.0,41.87406791230613,221.4190842564745
253,Zeebrugge - Bremerhaven,SEA,PILOT_TO_PILOT,4,253,92,5,6,EuroW,NHR-N,52.01264824774211,2.9659375218000656,36.479313820557195,10.0,42.040429905267196,221.25272226351345
254,Zeebrugge - Bremerhaven,SEA,PILOT_TO_PILOT,4,254,93,5,6,EuroW,NHR-N,52.014870579169,2.9686263792647765,36.479313820557195,10.0,42.20679189822826,221.08636027055238
255,Zeebrugge - Bremerhaven,SEA,PILOT_TO_PILOT,4,255,94,5,6,EuroW,NHR-N,52.01709284937862,2.9713155038591283,36.479313820557195,10.0,42.373153891189325,220.9199982775913
256,Zeebrugge - Bremerhaven,SEA,PILOT_TO_PILOT,4,256,95,5,6,EuroW,NHR-N,52.019315058359986,2.9740048956236604,36.479313820557195,10.0,42.53951588415039,220.75363628463026
257,Zeebrugge - Bremerhaven,SEA,PILOT_TO_PILOT,4,257,96,5,6,EuroW,NHR-N,52.02153720610216,2.9766945545989194,36.479313820557195,10.0,42.705877877111455,220.5872742916692
258,Zeebrugge - Bremerhaven,SEA,PILOT_TO_PILOT,4,258,97,5,6,EuroW,NHR-N,52.0237592925941,2.9793844808254595,36.479313820557195,10.0,42.87223987007252,220.42091229870812
259,Zeebrugge - Bremerhaven,SEA,PILOT_TO_PILOT,4,259,98,5,6,EuroW,NHR-N,52.025981317824865,2.9820746743438353,36.479313820557195,10.0,43.03860186303359,220.25455030574705
260,Zeebrugge - Bremerhaven,SEA,PILOT_TO_PILOT,4,260,99,5,6,EuroW,NHR-N,52.028203281783455,2.984765135194614,36.479313820557195,10.0,43.20496385599465,220.08818831278597
261,Zeebrugge - Bremerhaven,SEA,PILOT_TO_PILOT,4,261,100,5,6,EuroW,NHR-N,52.03042518445886,2.987455863418365,36.479313820557195,10.0,43.37132584895572,219.9218263198249
262,Zeebrugge - Bremerhaven,SEA,PILOT_TO_PILOT,4,262,101,5,6,EuroW,NHR-N,52.03264702584015,2.9901468590556637,36.479313820557195,10.0,43.537687841916785,219.75546432686386
263,Zeebrugge - Bremerhaven,SEA,PILOT_TO_PILOT,4,263,102,5,6,EuroW,NHR-N,52.03486880591627,2.9928381221470914,36.479313820557195,10.0,43.70404983487785,219.5891023339028
264,Zeebrugge - Bremerhaven,SEA,PILOT_TO_PILOT,4,264,103,5,6,EuroW,NHR-N,52.037090524676245,2.995529652733236,36.479313820557195,10.0,43.87041182783892,219.42274034094171
265,Zeebrugge - Bremerhaven,SEA,PILOT_TO_PILOT,4,265,104,5,6,EuroW,NHR-N,52.03931218210908,2.9982214508546914,36.479313820557195,10.0,44.03677382079998,219.25637834798067
266,Zeebrugge - Bremerhaven,SEA,PILOT_TO_PILOT,4,266,105,5,6,EuroW,NHR-N,52.04153377820378,3.0009135165520555,36.479313820557195,10.0,44.20313581376105,219.0900163550196
267,Zeebrugge - Bremerhaven,SEA,PILOT_TO_PILOT,4,267,106,5,6,EuroW,NHR-N,52.04375531294934,3.0036058498659353,36.479313820557195,10.0,44.36949780672211,218.92365436205853
268,Zeebrugge - Bremerhaven,SEA,PILOT_TO_PILOT,4,268,107,5,6,EuroW,NHR-N,52.04597678633475,3.0062984508369395,36.479313820557195,10.0,44.53585979968318,218.75729236909746
269,Zeebrugge - Bremerhaven,SEA,PILOT_TO_PILOT,4,269,108,5,6,EuroW,NHR-N,52.04819819834899,3.0089913195056854,36.479313820557195,10.0,44.702221792644245,218.59093037613638
270,Zeebrugge - Bremerhaven,SEA,PILOT_TO_PILOT,4,270,109,5,6,EuroW,NHR-N,52.05041954898108,3.011684455912796,36.479313820557195,10.0,44.86858378560531,218.4245683831753
271,Zeebrugge - Bremerhaven,SEA,PILOT_TO_PILOT,4,271,110,5,6,EuroW,NHR-N,52.05264083821999,3.0143778600989006,36.479313820557195,10.0,45.03494577856638,218.25820639021424
272,Zeebrugge - Bremerhaven,SEA,PILOT_TO_PILOT,4,272,111,5,6,EuroW,NHR-N,52.05486206605473,3.017071532104632,36.479313820557195,10.0,45.20130777152744,218.0918443972532
273,Zeebrugge - Bremerhaven,SEA,PILOT_TO_PILOT,4,273,112,5,6,EuroW,NHR-N,52.057083232474255,3.019765471970631,36.479313820557195,10.0,45.36766976448851,217.92548240429213
274,Zeebrugge - Bremerhaven,SEA,PILOT_TO_PILOT,4,274,113,5,6,EuroW,NHR-N,52.05930433746757,3.0224596797375445,36.479313820557195,10.0,45.534031757449576,217.75912041133105
275,Zeebrugge - Bremerhaven,SEA,PILOT_TO_PILOT,4,275,114,5,6,EuroW,NHR-N,52.06152538102363,3.0251541554460224,36.479313820557195,10.0,45.70039375041064,217.59275841837
276,Zeebrugge - Bremerhaven,SEA,PILOT_TO_PILOT,4,276,115,5,6,EuroW,NHR-N,52.06374636313143,3.0278488991367234,36.479313820557195,10.0,45.866755743371705,217.42639642540894
277,Zeebrugge - Bremerhaven,SEA,PILOT_TO_PILOT,4,277,116,5,6,EuroW,NHR-N,52.065967283779955,3.030543910850311,36.479313820557195,10.0,46.03311773633277,217.26003443244787
278,Zeebrugge - Bremerhaven,SEA,PILOT_TO_PILOT,4,278,117,5,6,EuroW,NHR-N,52.06818814295814,3.033239190627455,36.479313820557195,10.0,46.19947972929384,217.0936724394868
279,Zeebrugge - Bremerhaven,SEA,PILOT_TO_PILOT,4,279,118,5,6,EuroW,NHR-N,52.07040894065501,3.0359347385088307,36.479313820557195,10.0,46.3658417222549,216.92731044652572
280,Zeebrugge - Bremerhaven,SEA,PILOT_TO_PILOT,4,280,119,5,6,EuroW,NHR-N,52.07262967685949,3.0386305545351187,36.479313820557195,10.0,46.53220371521597,216.76094845356465
281,Zeebrugge - Bremerhaven,SEA,PILOT_TO_PILOT,4,281,120,5,6,EuroW,NHR-N,52.07485035156056,3.0413266387470053,36.479313820557195,10.0,46.698565708177036,216.5945864606036
282,Zeebrugge - Bremerhaven,SEA,PILOT_TO_PILOT,4,282,121,5,6,EuroW,NHR-N,52.07707096474718,3.0440229911851846,36.479313820557195,10.0,46.8649277011381,216.42822446764254
283,Zeebrugge - Bremerhaven,SEA,PILOT_TO_PILOT,4,283,122,5,6,EuroW,NHR-N,52.079291516408325,3.0467196118903557,36.479313820557195,10.0,47.031289694099165,216.26186247468146
284,Zeebrugge - Bremerhaven,SEA,PILOT_TO_PILOT,4,284,123,5,6,EuroW,NHR-N,52.08151200653294,3.0494165009032206,36.479313820557195,10.0,47.19765168706023,216.09550048172042
285,Zeebrugge - Bremerhaven,SEA,PILOT_TO_PILOT,4,285,124,5,6,EuroW,NHR-N,52.08373243511,3.0521136582644925,36.479313820557195,10.0,47.3640136800213,215.92913848875935
286,Zeebrugge - Bremerhaven,SEA,PILOT_TO_PILOT,4,286,125,5,6,EuroW,NHR-N,52.08595280212844,3.054811084014886,36.479313820557195,10.0,47.53037567298236,215.76277649579828
287,Zeebrugge - Bremerhaven,SEA,PILOT_TO_PILOT,4,287,126,5,6,EuroW,NHR-N,52.08817310757723,3.057508778195124,36.479313820557195,10.0,47.69673766594343,215.5964145028372
288,Zeebrugge - Bremerhaven,SEA,PILOT_TO_PILOT,4,288,127,5,6,EuroW,NHR-N,52.09039335144529,3.0602067408459335,36.479313820557195,10.0,47.863099658904495,215.43005250987613
289,Zeebrugge - Bremerhaven,SEA,PILOT_TO_PILOT,4,289,128,5,6,EuroW,NHR-N,52.09261353372161,3.0629049720080492,36.479313820557195,10.0,48.02946165186556,215.26369051691506
290,Zeebrugge - Bremerhaven,SEA,PILOT_TO_PILOT,4,290,129,5,6,EuroW,NHR-N,52.094833654395096,3.0656034717222105,36.479313820557195,10.0,48.195823644826625,215.09732852395402
291,Zeebrugge - Bremerhaven,SEA,PILOT_TO_PILOT,4,291,130,5,6,EuroW,NHR-N,52.097053713454734,3.0683022400291633,36.479313820557195,10.0,48.36218563778769,214.93096653099295
292,Zeebrugge - Bremerhaven,SEA,PILOT_TO_PILOT,4,292,131,5,6,EuroW,NHR-N,52.099273710889435,3.071001276969658,36.479313820557195,10.0,48.52854763074876,214.76460453803188
293,Zeebrugge - Bremerhaven,SEA,PILOT_TO_PILOT,4,293,132,5,6,EuroW,NHR-N,52.10149364668815,3.0737005825844532,36.479313820557195,10.0,48.69490962370982,214.59824254507083
294,Zeebrugge - Bremerhaven,SEA,PILOT_TO_PILOT,4,294,133,5,6,EuroW,NHR-N,52.1037135208398,3.076400156914311,36.479313820557195,10.0,48.86127161667089,214.43188055210976
295,Zeebrugge - Bremerhaven,SEA,PILOT_TO_PILOT,5,295,0,6,7,NHR-N,TX1,52.10593333333334,3.0791000000000004,44.4394902671782,10.0,49.027633609631955,214.2655185591487
296,Zeebrugge - Bremerhaven,SEA,PILOT_TO_PILOT,5,296,1,6,7,NHR-N,TX1,52.10791830614165,3.0822693718235556,44.4394902671782,10.0,49.19455636687092,214.0985958019097
297,Zeebrugge - Bremerhaven,SEA,PILOT_TO_PILOT,5,297,2,6,7,NHR-N,TX1,52.10990319396828,3.0854390258245026,44.4394902671782,10.0,49.361479124109884,213.93167304467076
298,Zeebrugge - Bremerhaven,SEA,PILOT_TO_PILOT,5,298,3,6,7,NHR-N,TX1,52.11188799679958,3.0886089620360506,44.4394902671782,10.0,49.528401881348856,213.76475028743178
299,Zeebrugge - Bremerhaven,SEA,PILOT_TO_PILOT,5,299,4,6,7,NHR-N,TX1,52.11387271462189,3.091779180491411,44.4394902671782,10.0,49.69532463858782,213.59782753019283
300,Zeebrugge - Bremerhaven,SEA,PILOT_TO_PILOT,5,300,5,6,7,NHR-N,TX1,52.11585734742161,3.0949496812237998,44.4394902671782,10.0,49.862247395826785,213.43090477295385
301,Zeebrugge - Bremerhaven,SEA,PILOT_TO_PILOT,5,301,6,6,7,NHR-N,TX1,52.11784189518504,3.0981204642664304,44.4394902671782,10.0,50.02917015306575,213.26398201571487
302,Zeebrugge - Bremerhaven,SEA,PILOT_TO_PILOT,5,302,7,6,7,NHR-N,TX1,52.11982635789855,3.1012915296525216,44.4394902671782,10.0,50.19609291030471,213.09705925847592
303,Zeebrugge - Bremerhaven,SEA,PILOT_TO_PILOT,5,303,8,6,7,NHR-N,TX1,52.1218107355485,3.1044628774152923,44.4394902671782,10.0,50.36301566754368,212.93013650123697
304,Zeebrugge - Bremerhaven,SEA,PILOT_TO_PILOT,5,304,9,6,7,NHR-N,TX1,52.12379502812123,3.1076345075879614,44.4394902671782,10.0,50.52993842478265,212.763213743998
305,Zeebrugge - Bremerhaven,SEA,PILOT_TO_PILOT,5,305,10,6,7,NHR-N,TX1,52.12577923560306,3.1108064202037524,44.4394902671782,10.0,50.696861182021614,212.59629098675902
306,Zeebrugge - Bremerhaven,SEA,PILOT_TO_PILOT,5,306,11,6,7,NHR-N,TX1,52.12776335798036,3.11397861529589,44.4394902671782,10.0,50.86378393926058,212.42936822952007
307,Zeebrugge - Bremerhaven,SEA,PILOT_TO_PILOT,5,307,12,6,7,NHR-N,TX1,52.12974739523946,3.1171510928975983,44.4394902671782,10.0,51.03070669649954,212.2624454722811
308,Zeebrugge - Bremerhaven,SEA,PILOT_TO_PILOT,5,308,13,6,7,NHR-N,TX1,52.13173134736671,3.1203238530421054,44.4394902671782,10.0,51.19762945373851,212.09552271504214
309,Zeebrugge - Bremerhaven,SEA,PILOT_TO_PILOT,5,309,14,6,7,NHR-N,TX1,52.133715214348406,3.1234968957626386,44.4394902671782,10.0,51.36455221097747,211.92859995780316
310,Zeebrugge - Bremerhaven,SEA,PILOT_TO_PILOT,5,310,15,6,7,NHR-N,TX1,52.13569899617091,3.126670221092429,44.4394902671782,10.0,51.53147496821644,211.76167720056418
311,Zeebrugge - Bremerhaven,SEA,PILOT_TO_PILOT,5,311,16,6,7,NHR-N,TX1,52.13768269282054,3.12984382906471,44.4394902671782,10.0,51.69839772545541,211.59475444332523
312,Zeebrugge - Bremerhaven,SEA,PILOT_TO_PILOT,5,312,17,6,7,NHR-N,TX1,52.13966630428364,3.133017719712714,44.4394902671782,10.0,51.86532048269437,211.42783168608628
313,Zeebrugge - Bremerhaven,SEA,PILOT_TO_PILOT,5,313,18,6,7,NHR-N,TX1,52.141649830546505,3.136191893069677,44.4394902671782,10.0,52.03224323993334,211.2609089288473
314,Zeebrugge - Bremerhaven,SEA,PILOT_TO_PILOT,5,314,19,6,7,NHR-N,TX1,52.14363327159549,3.1393663491688355,44.4394902671782,10.0,52.1991659971723,211.09398617160832
315,Zeebrugge - Bremerhaven,SEA,PILOT_TO_PILOT,5,315,20,6,7,NHR-N,TX1,52.1456166274169,3.142541088043428,44.4394902671782,10.0,52.366088754411265,210.92706341436937
316,Zeebrugge - Bremerhaven,SEA,PILOT_TO_PILOT,5,316,21,6,7,NHR-N,TX1,52.14759989799705,3.145716109726697,44.4394902671782,10.0,52.53301151165024,210.7601406571304
317,Zeebrugge - Bremerhaven,SEA,PILOT_TO_PILOT,5,317,22,6,7,NHR-N,TX1,52.149583083322256,3.148891414251881,44.4394902671782,10.0,52.6999342688892,210.59321789989144
318,Zeebrugge - Bremerhaven,SEA,PILOT_TO_PILOT,5,318,23,6,7,NHR-N,TX1,52.15156618337884,3.1520670016522256,44.4394902671782,10.0,52.866857026128166,210.42629514265246
319,Zeebrugge - Bremerhaven,SEA,PILOT_TO_PILOT,5,319,24,6,7,NHR-N,TX1,52.153549198153115,3.155242871960976,44.4394902671782,10.0,53.03377978336713,210.2593723854135
320,Zeebrugge - Bremerhaven,SEA,PILOT_TO_PILOT,5,320,25,6,7,NHR-N,TX1,52.15553212763138,3.15841902521138,44.4394902671782,10.0,53.200702540606095,210.09244962817453
321,Zeebrugge - Bremerhaven,SEA,PILOT_TO_PILOT,5,321,26,6,7,NHR-N,TX1,52.15751497179995,3.161595461436683,44.4394902671782,10.0,53.367625297845066,209.92552687093558
322,Zeebrugge - Bremerhaven,SEA,PILOT_TO_PILOT,5,322,27,6,7,NHR-N,TX1,52.15949773064513,3.164772180670137,44.4394902671782,10.0,53.53454805508403,209.7586041136966
323,Zeebrugge - Bremerhaven,SEA,PILOT_TO_PILOT,5,323,28,6,7,NHR-N,TX1,52.1614804041532,3.1679491829449953,44.4394902671782,10.0,53.701470812322995,209.59168135645763
324,Zeebrugge - Bremerhaven,SEA,PILOT_TO_PILOT,5,324,29,6,7,NHR-N,TX1,52.1634629923105,3.1711264682945086,44.4394902671782,10.0,53.86839356956196,209.42475859921868
325,Zeebrugge - Bremerhaven,SEA,PILOT_TO_PILOT,5,325,30,6,7,NHR-N,TX1,52.1654454951033,3.1743040367519337,44.4394902671782,10.0,54.035316326800924,209.25783584197973
326,Zeebrugge - Bremerhaven,SEA,PILOT_TO_PILOT,5,326,31,6,7,NHR-N,TX1,52.1674279125179,3.177481888350526,44.4394902671782,10.0,54.20223908403989,209.09091308474075
327,Zeebrugge - Bremerhaven,SEA,PILOT_TO_PILOT,5,327,32,6,7,NHR-N,TX1,52.169410244540614,3.1806600231235453,44.4394902671782,10.0,54.36916184127886,208.92399032750177
328,Zeebrugge - Bremerhaven,SEA,PILOT_TO_PILOT,5,328,33,6,7,NHR-N,TX1,52.171392491157704,3.1838384411042493,44.4394902671782,10.0,54.536084598517824,208.75706757026282
329,Zeebrugge - Bremerhaven,SEA,PILOT_TO_PILOT,5,329,34,6,7,NHR-N,TX1,52.17337465235547,3.1870171423259017,44.4394902671782,10.0,54.70300735575679,208.59014481302384
330,Zeebrugge - Bremerhaven,SEA,PILOT_TO_PILOT,5,330,35,6,7,NHR-N,TX1,52.1753567281202,3.1901961268217645,44.4394902671782,10.0,54.86993011299575,208.4232220557849
331,Zeebrugge - Bremerhaven,SEA,PILOT_TO_PILOT,5,331,36,6,7,NHR-N,TX1,52.177338718438186,3.193375394625103,44.4394902671782,10.0,55.03685287023472,208.2562992985459
332,Zeebrugge - Bremerhaven,SEA,PILOT_TO_PILOT,5,332,37,6,7,NHR-N,TX1,52.179320623295695,3.196554945769183,44.4394902671782,10.0,55.20377562747369,208.08937654130693
333,Zeebrugge - Bremerhaven,SEA,PILOT_TO_PILOT,5,333,38,6,7,NHR-N,TX1,52.18130244267902,3.199734780287272,44.4394902671782,10.0,55.370698384712654,207.92245378406798
334,Zeebrugge - Bremerhaven,SEA,PILOT_TO_PILOT,5,334,39,6,7,NHR-N,TX1,52.18328417657443,3.2029148982126414,44.4394902671782,10.0,55.53762114195162,207.75553102682903
335,Zeebrugge - Bremerhaven,SEA,PILOT_TO_PILOT,5,335,40,6,7,NHR-N,TX1,52.18526582496819,3.2060952995785605,44.4394902671782,10.0,55.70454389919058,207.58860826959005
336,Zeebrugge - Bremerhaven,SEA,PILOT_TO_PILOT,5,336,41,6,7,NHR-N,TX1,52.187247387846604,3.209275984418304,44.4394902671782,10.0,55.87146665642955,207.42168551235108
337,Zeebrugge - Bremerhaven,SEA,PILOT_TO_PILOT,5,337,42,6,7,NHR-N,TX1,52.189228865195915,3.212456952765143,44.4394902671782,10.0,56.03838941366851,207.25476275511213
338,Zeebrugge - Bremerhaven,SEA,PILOT_TO_PILOT,5,338,43,6,7,NHR-N,TX1,52.1912102570024,3.2156382046523584,44.4394902671782,10.0,56.205312170907476,207.08783999787317
339,Zeebrugge - Bremerhaven,SEA,PILOT_TO_PILOT,5,339,44,6,7,NHR-N,TX1,52.19319156325234,3.2188197401132252,44.4394902671782,10.0,56.37223492814645,206.9209172406342
340,Zeebrugge - Bremerhaven,SEA,PILOT_TO_PILOT,5,340,45,6,7,NHR-N,TX1,52.19517278393199,3.222001559181022,44.4394902671782,10.0,56.53915768538541,206.75399448339522
341,Zeebrugge - Bremerhaven,SEA,PILOT_TO_PILOT,5,341,46,6,7,NHR-N,TX1,52.19715391902759,3.225183661889032,44.4394902671782,10.0,56.706080442624376,206.58707172615627
342,Zeebrugge - Bremerhaven,SEA,PILOT_TO_PILOT,5,342,47,6,7,NHR-N,TX1,52.19913496852543,3.2283660482705354,44.4394902671782,10.0,56.87300319986334,206.4201489689173
343,Zeebrugge - Bremerhaven,SEA,PILOT_TO_PILOT,5,343,48,6,7,NHR-N,TX1,52.201115932411746,3.2315487183588165,44.4394902671782,10.0,57.03992595710231,206.25322621167834
344,Zeebrugge - Bremerhaven,SEA,PILOT_TO_PILOT,5,344,49,6,7,NHR-N,TX1,52.20309681067281,3.234731672187163,44.4394902671782,10.0,57.20684871434128,206.08630345443936
345,Zeebrugge - Bremerhaven,SEA,PILOT_TO_PILOT,5,345,50,6,7,NHR-N,TX1,52.20507760329486,3.2379149097888598,44.4394902671782,10.0,57.37377147158024,205.91938069720038
346,Zeebrugge - Bremerhaven,SEA,PILOT_TO_PILOT,5,346,51,6,7,NHR-N,TX1,52.20705831026416,3.2410984311971966,44.4394902671782,10.0,57.540694228819206,205.75245793996143
347,Zeebrugge - Bremerhaven,SEA,PILOT_TO_PILOT,5,347,52,6,7,NHR-N,TX1,52.209038931566944,3.244282236445466,44.4394902671782,10.0,57.70761698605817,205.58553518272248
348,Zeebrugge - Bremerhaven,SEA,PILOT_TO_PILOT,5,348,53,6,7,NHR-N,TX1,52.211019467189466,3.2474663255669567,44.4394902671782,10.0,57.874539743297134,205.4186124254835
349,Zeebrugge - Bremerhaven,SEA,PILOT_TO_PILOT,5,349,54,6,7,NHR-N,TX1,52.212999917117976,3.250650698594965,44.4394902671782,10.0,58.0414625005361,205.25168966824452
350,Zeebrugge - Bremerhaven,SEA,PILOT_TO_PILOT,5,350,55,6,7,NHR-N,TX1,52.214980281338704,3.253835355562785,44.4394902671782,10.0,58.20838525777507,205.08476691100557
351,Zeebrugge - Bremerhaven,SEA,PILOT_TO_PILOT,5,351,56,6,7,NHR-N,TX1,52.21696055983789,3.2570202965037125,44.4394902671782,10.0,58.375308015014035,204.9178441537666
352,Zeebrugge - Bremerhaven,SEA,PILOT_TO_PILOT,5,352,57,6,7,NHR-N,TX1,52.21894075260178,3.2602055214510486,44.4394902671782,10.0,58.542230772253,204.75092139652764
353,Zeebrugge - Bremerhaven,SEA,PILOT_TO_PILOT,5,353,58,6,7,NHR-N,TX1,52.2209208596166,3.263391030438092,44.4394902671782,10.0,58.709153529491964,204.58399863928867
354,Zeebrugge - Bremerhaven,SEA,PILOT_TO_PILOT,5,354,59,6,7,NHR-N,TX1,52.222900880868586,3.2665768234981445,44.4394902671782,10.0,58.87607628673093,204.41707588204972
355,Zeebrugge - Bremerhaven,SEA,PILOT_TO_PILOT,5,355,60,6,7,NHR-N,TX1,52.22488081634397,3.2697629006645097,44.4394902671782,10.0,59.0429990439699,204.25015312481074
356,Zeebrugge - Bremerhaven,SEA,PILOT_TO_PILOT,5,356,61,6,7,NHR-N,TX1,52.22686066602897,3.2729492619704916,44.4394902671782,10.0,59.209921801208864,204.0832303675718
357,Zeebrugge - Bremerhaven,SEA,PILOT_TO_PILOT,5,357,62,6,7,NHR-N,TX1,52.22884042990982,3.276135907449397,44.4394902671782,10.0,59.37684455844783,203.9163076103328
358,Zeebrugge - Bremerhaven,SEA,PILOT_TO_PILOT,5,358,63,6,7,NHR-N,TX1,52.23082010797273,3.2793228371345338,44.4394902671782,10.0,59.54376731568679,203.74938485309383
359,Zeebrugge - Bremerhaven,SEA,PILOT_TO_PILOT,5,359,64,6,7,NHR-N,TX1,52.232799700203955,3.282510051059212,44.4394902671782,10.0,59.71069007292576,203.58246209585488
360,Zeebrugge - Bremerhaven,SEA,PILOT_TO_PILOT,5,360,65,6,7,NHR-N,TX1,52.23477920658967,3.2856975492567426,44.4394902671782,10.0,59.87761283016472,203.41553933861593
361,Zeebrugge - Bremerhaven,SEA,PILOT_TO_PILOT,5,361,66,6,7,NHR-N,TX1,52.23675862711613,3.2888853317604387,44.4394902671782,10.0,60.044535587403686,203.24861658137695
362,Zeebrugge - Bremerhaven,SEA,PILOT_TO_PILOT,5,362,67,6,7,NHR-N,TX1,52.23873796176953,3.292073398603615,44.4394902671782,10.0,60.21145834464266,203.08169382413797
363,Zeebrugge - Bremerhaven,SEA,PILOT_TO_PILOT,5,363,68,6,7,NHR-N,TX1,52.24071721053608,3.295261749819586,44.4394902671782,10.0,60.37838110188162,202.91477106689902
364,Zeebrugge - Bremerhaven,SEA,PILOT_TO_PILOT,5,364,69,6,7,NHR-N,TX1,52.24269637340199,3.298450385441669,44.4394902671782,10.0,60.54530385912059,202.74784830966004
365,Zeebrugge - Bremerhaven,SEA,PILOT_TO_PILOT,5,365,70,6,7,NHR-N,TX1,52.244675450353476,3.3016393055031856,44.4394902671782,10.0,60.71222661635955,202.5809255524211
366,Zeebrugge - Bremerhaven,SEA,PILOT_TO_PILOT,5,366,71,6,7,NHR-N,TX1,52.24665444137674,3.304828510037454,44.4394902671782,10.0,60.87914937359852,202.4140027951821
367,Zeebrugge - Bremerhaven,SEA,PILOT_TO_PILOT,5,367,72,6,7,NHR-N,TX1,52.24863334645797,3.308017999077798,44.4394902671782,10.0,61.04607213083749,202.24708003794314
368,Zeebrugge - Bremerhaven,SEA,PILOT_TO_PILOT,5,368,73,6,7,NHR-N,TX1,52.2506121655834,3.3112077726575397,44.4394902671782,10.0,61.21299488807645,202.08015728070419
369,Zeebrugge - Bremerhaven,SEA,PILOT_TO_PILOT,5,369,74,6,7,NHR-N,TX1,52.25259089873919,3.314397830810008,44.4394902671782,10.0,61.379917645315416,201.91323452346523
370,Zeebrugge - Bremerhaven,SEA,PILOT_TO_PILOT,5,370,75,6,7,NHR-N,TX1,52.254569545911565,3.3175881735685246,44.4394902671782,10.0,61.54684040255438,201.74631176622626
371,Zeebrugge - Bremerhaven,SEA,PILOT_TO_PILOT,5,371,76,6,7,NHR-N,TX1,52.256548107086694,3.3207788009664223,44.4394902671782,10.0,61.713763159793345,201.57938900898728
372,Zeebrugge - Bremerhaven,SEA,PILOT_TO_PILOT,5,372,77,6,7,NHR-N,TX1,52.258526582250795,3.3239697130370285,44.4394902671782,10.0,61.88068591703231,201.41246625174833
373,Zeebrugge - Bremerhaven,SEA,PILOT_TO_PILOT,5,373,78,6,7,NHR-N,TX1,52.26050497139004,3.327160909813677,44.4394902671782,10.0,62.04760867427128,201.24554349450935
374,Zeebrugge - Bremerhaven,SEA,PILOT_TO_PILOT,5,374,79,6,7,NHR-N,TX1,52.26248327449061,3.3303523913296997,44.4394902671782,10.0,62.214531431510245,201.0786207372704
375,Zeebrugge - Bremerhaven,SEA,PILOT_TO_PILOT,5,375,80,6,7,NHR-N,TX1,52.26446149153871,3.3335441576184315,44.4394902671782,10.0,62.38145418874921,200.91169798003142
376,Zeebrugge - Bremerhaven,SEA,PILOT_TO_PILOT,5,376,81,6,7,NHR-N,TX1,52.26643962252051,3.3367362087132086,44.4394902671782,10.0,62.548376945988174,200.74477522279247
377,Zeebrugge - Bremerhaven,SEA,PILOT_TO_PILOT,5,377,82,6,7,NHR-N,TX1,52.268417667422185,3.33992854464737,44.4394902671782,10.0,62.715299703227146,200.5778524655535
378,Zeebrugge - Bremerhaven,SEA,PILOT_TO_PILOT,5,378,83,6,7,NHR-N,TX1,52.27039562622993,3.343121165454254,44.4394902671782,10.0,62.88222246046611,200.41092970831454
379,Zeebrugge - Bremerhaven,SEA,PILOT_TO_PILOT,5,379,84,6,7,NHR-N,TX1,52.2723734989299,3.346314071167202,44.4394902671782,10.0,63.049145217705075,200.24400695107556
380,Zeebrugge - Bremerhaven,SEA,PILOT_TO_PILOT,5,380,85,6,7,NHR-N,TX1,52.27435128550828,3.3495072618195563,44.4394902671782,10.0,63.21606797494404,200.07708419383658
381,Zeebrugge - Bremerhaven,SEA,PILOT_TO_PILOT,5,381,86,6,7,NHR-N,TX1,52.27632898595124,3.3527007374446613,44.4394902671782,10.0,63.382990732183,199.91016143659763
382,Zeebrugge - Bremerhaven,SEA,PILOT_TO_PILOT,5,382,87,6,7,NHR-N,TX1,52.27830660024495,3.355894498075863,44.4394902671782,10.0,63.54991348942197,199.74323867935868
383,Zeebrugge - Bremerhaven,SEA,PILOT_TO_PILOT,5,383,88,6,7,NHR-N,TX1,52.28028412837557,3.3590885437465077,44.4394902671782,10.0,63.71683624666093,199.5763159221197
384,Zeebrugge - Bremerhaven,SEA,PILOT_TO_PILOT,5,384,89,6,7,NHR-N,TX1,52.282261570329275,3.3622828744899445,44.4394902671782,10.0,63.883759003899904,199.40939316488073
385,Zeebrugge - Bremerhaven,SEA,PILOT_TO_PILOT,5,385,90,6,7,NHR-N,TX1,52.28423892609222,3.365477490339525,44.4394902671782,10.0,64.05068176113886,199.24247040764178
386,Zeebrugge - Bremerhaven,SEA,PILOT_TO_PILOT,5,386,91,6,7,NHR-N,TX1,52.28621619565056,3.368672391328599,44.4394902671782,10.0,64.21760451837784,199.0755476504028
387,Zeebrugge - Bremerhaven,SEA,PILOT_TO_PILOT,5,387,92,6,7,NHR-N,TX1,52.288193378990464,3.3718675774905216,44.4394902671782,10.0,64.3845272756168,198.90862489316385
388,Zeebrugge - Bremerhaven,SEA,PILOT_TO_PILOT,5,388,93,6,7,NHR-N,TX1,52.29017047609807,3.3750630488586473,44.4394902671782,10.0,64.55145003285577,198.74170213592487
389,Zeebrugge - Bremerhaven,SEA,PILOT_TO_PILOT,5,389,94,6,7,NHR-N,TX1,52.29214748695954,3.378258805466331,44.4394902671782,10.0,64.71837279009473,198.5747793786859
390,Zeebrugge - Bremerhaven,SEA,PILOT_TO_PILOT,5,390,95,6,7,NHR-N,TX1,52.294124411561036,3.381454847346934,44.4394902671782,10.0,64.8852955473337,198.40785662144694
391,Zeebrugge - Bremerhaven,SEA,PILOT_TO_PILOT,5,391,96,6,7,NHR-N,TX1,52.29610124988869,3.384651174533813,44.4394902671782,10.0,65.05221830457266,198.240933864208
392,Zeebrugge - Bremerhaven,SEA,PILOT_TO_PILOT,5,392,97,6,7,NHR-N,TX1,52.29807800192866,3.3878477870603296,44.4394902671782,10.0,65.21914106181163,198.074011106969
393,Zeebrugge - Bremerhaven,SEA,PILOT_TO_PILOT,5,393,98,6,7,NHR-N,TX1,52.30005466766707,3.3910446849598483,44.4394902671782,10.0,65.38606381905059,197.90708834973003
394,Zeebrugge - Bremerhaven,SEA,PILOT_TO_PILOT,5,394,99,6,7,NHR-N,TX1,52.30203124709008,3.394241868265732,44.4394902671782,10.0,65.55298657628956,197.74016559249108
395,Zeebrugge - Bremerhaven,SEA,PILOT_TO_PILOT,5,395,100,6,7,NHR-N,TX1,52.30400774018383,3.3974393370113463,44.4394902671782,10.0,65.71990933352852,197.57324283525213
396,Zeebrugge - Bremerhaven,SEA,PILOT_TO_PILOT,5,396,101,6,7,NHR-N,TX1,52.30598414693445,3.4006370912300583,44.4394902671782,10.0,65.88683209076748,197.40632007801315
397,Zeebrugge - Bremerhaven,SEA,PILOT_TO_PILOT,5,397,102,6,7,NHR-N,TX1,52.307960467328066,3.4038351309552386,44.4394902671782,10.0,66.05375484800646,197.23939732077417
398,Zeebrugge - Bremerhaven,SEA,PILOT_TO_PILOT,5,398,103,6,7,NHR-N,TX1,52.30993670135082,3.407033456220254,44.4394902671782,10.0,66.22067760524541,197.07247456353522
399,Zeebrugge - Bremerhaven,SEA,PILOT_TO_PILOT,5,399,104,6,7,NHR-N,TX1,52.31191284898885,3.4102320670584807,44.4394902671782,10.0,66.38760036248439,196.90555180629624
400,Zeebrugge - Bremerhaven,SEA,PILOT_TO_PILOT,5,400,105,6,7,NHR-N,TX1,52.31388891022826,3.4134309635032882,44.4394902671782,10.0,66.55452311972336,196.7386290490573
401,Zeebrugge - Bremerhaven,SEA,PILOT_TO_PILOT,5,401,106,6,7,NHR-N,TX1,52.3158648850552,3.4166301455880546,44.4394902671782,10.0,66.72144587696232,196.57170629181832
402,Zeebrugge - Bremerhaven,SEA,PILOT_TO_PILOT,5,402,107,6,7,NHR-N,TX1,52.31784077345578,3.419829613346154,44.4394902671782,10.0,66.88836863420129,196.40478353457934
403,Zeebrugge - Bremerhaven,SEA,PILOT_TO_PILOT,5,403,108,6,7,NHR-N,TX1,52.31981657541612,3.4230293668109657,44.4394902671782,10.0,67.05529139144025,196.2378607773404
404,Zeebrugge - Bremerhaven,SEA,PILOT_TO_PILOT,5,404,109,6,7,NHR-N,TX1,52.32179229092235,3.426229406015869,44.4394902671782,10.0,67.22221414867921,196.07093802010144
405,Zeebrugge - Bremerhaven,SEA,PILOT_TO_PILOT,5,405,110,6,7,NHR-N,TX1,52.323767919960574,3.4294297309942454,44.4394902671782,10.0,67.38913690591818,195.90401526286246
406,Zeebrugge - Bremerhaven,SEA,PILOT_TO_PILOT,5,406,111,6,7,NHR-N,TX1,52.32574346251691,3.432630341779476,44.4394902671782,10.0,67.55605966315714,195.73709250562348
407,Zeebrugge - Bremerhaven,SEA,PILOT_TO_PILOT,5,407,112,6,7,NHR-N,TX1,52.327718918577474,3.4358312384049454,44.4394902671782,10.0,67.72298242039611,195.57016974838453
408,Zeebrugge - Bremerhaven,SEA,PILOT_TO_PILOT,5,408,113,6,7,NHR-N,TX1,52.329694288128366,3.4390324209040406,44.4394902671782,10.0,67.88990517763509,195.40324699114555
409,Zeebrugge - Bremerhaven,SEA,PILOT_TO_PILOT,5,409,114,6,7,NHR-N,TX1,52.33166957115571,3.4422338893101476,44.4394902671782,10.0,68.05682793487404,195.2363242339066
410,Zeebrugge - Bremerhaven,SEA,PILOT_TO_PILOT,5,410,115,6,7,NHR-N,TX1,52.33364476764559,3.4454356436566544,44.4394902671782,10.0,68.22375069211301,195.06940147666762
411,Zeebrugge - Bremerhaven,SEA,PILOT_TO_PILOT,5,411,116,6,7,NHR-N,TX1,52.335619877584115,3.4486376839769513,44.4394902671782,10.0,68.39067344935198,194.90247871942864
412,Zeebrugge - Bremerhaven,SEA,PILOT_TO_PILOT,5,412,117,6,7,NHR-N,TX1,52.3375949009574,3.4518400103044318,44.4394902671782,10.0,68.55759620659094,194.7355559621897
413,Zeebrugge - Bremerhaven,SEA,PILOT_TO_PILOT,5,413,118,6,7,NHR-N,TX1,52.33956983775152,3.4550426226724875,44.4394902671782,10.0,68.72451896382991,194.56863320495074
414,Zeebrugge - Bremerhaven,SEA,PILOT_TO_PILOT,5,414,119,6,7,NHR-N,TX1,52.34154468795259,3.4582455211145127,44.4394902671782,10.0,68.89144172106887,194.40171044771176
415,Zeebrugge - Bremerhaven,SEA,PILOT_TO_PILOT,5,415,120,6,7,NHR-N,TX1,52.34351945154669,3.461448705663904,44.4394902671782,10.0,69.05836447830784,194.23478769047279
416,Zeebrugge - Bremerhaven,SEA,PILOT_TO_PILOT,5,416,121,6,7,NHR-N,TX1,52.34549412851991,3.46465217635406,44.4394902671782,10.0,69.2252872355468,194.06786493323384
417,Zeebrugge - Bremerhaven,SEA,PILOT_TO_PILOT,5,417,122,6,7,NHR-N,TX1,52.34746871885836,3.4678559332183787,44.4394902671782,10.0,69.39220999278577,193.90094217599489
418,Zeebrugge - Bremerhaven,SEA,PILOT_TO_PILOT,5,418,123,6,7,NHR-N,TX1,52.3494432225481,3.4710599762902623,44.4394902671782,10.0,69.55913275002473,193.7340194187559
419,Zeebrugge - Bremerhaven,SEA,PILOT_TO_PILOT,5,419,124,6,7,NHR-N,TX1,52.35141763957523,3.4742643056031106,44.4394902671782,10.0,69.72605550726371,193.56709666151693
420,Zeebrugge - Bremerhaven,SEA,PILOT_TO_PILOT,5,420,125,6,7,NHR-N,TX1,52.35339196992584,3.47746892119033,44.4394902671782,10.0,69.89297826450266,193.40017390427798
421,Zeebrugge - Bremerhaven,SEA,PILOT_TO_PILOT,5,421,126,6,7,NHR-N,TX1,52.35536621358599,3.4806738230853242,44.4394902671782,10.0,70.05990102174164,193.233251147039
422,Zeebrugge - Bremerhaven,SEA,PILOT_TO_PILOT,5,422,127,6,7,NHR-N,TX1,52.357340370541756,3.483879011321499,44.4394902671782,10.0,70.2268237789806,193.06632838980005
423,Zeebrugge - Bremerhaven,SEA,PILOT_TO_PILOT,5,423,128,6,7,NHR-N,TX1,52.35931444077923,3.487084485932265,44.4394902671782,10.0,70.39374653621957,192.89940563256107
424,Zeebrugge - Bremerhaven,SEA,PILOT_TO_PILOT,5,424,129,6,7,NHR-N,TX1,52.361288424284474,3.4902902469510297,44.4394902671782,10.0,70.56066929345853,192.7324828753221
425,Zeebrugge - Bremerhaven,SEA,PILOT_TO_PILOT,5,425,130,6,7,NHR-N,TX1,52.36326232104356,3.4934962944112056,44.4394902671782,10.0,70.7275920506975,192.56556011808314
426,Zeebrugge - Bremerhaven,SEA,PILOT_TO_PILOT,5,426,131,6,7,NHR-N,TX1,52.36523613104256,3.496702628346206,44.4394902671782,10.0,70.89451480793646,192.3986373608442
427,Zeebrugge - Bremerhaven,SEA,PILOT_TO_PILOT,5,427,132,6,7,NHR-N,TX1,52.36720985426754,3.4999092487894434,44.4394902671782,10.0,71.06143756517542,192.2317146036052
428,Zeebrugge - Bremerhaven,SEA,PILOT_TO_PILOT,5,428,133,6,7,NHR-N,TX1,52.36918349070456,3.503116155774334,44.4394902671782,10.0,71.22836032241439,192.06479184636623
429,Zeebrugge - Bremerhaven,SEA,PILOT_TO_PILOT,5,429,134,6,7,NHR-N,TX1,52.371157040339675,3.506323349334296,44.4394902671782,10.0,71.39528307965335,191.89786908912728
430,Zeebrugge - Bremerhaven,SEA,PILOT_TO_PILOT,5,430,135,6,7,NHR-N,TX1,52.37313050315896,3.5095308295027468,44.4394902671782,10.0,71.56220583689232,191.73094633188833
431,Zeebrugge - Bremerhaven,SEA,PILOT_TO_PILOT,5,431,136,6,7,NHR-N,TX1,52.37510387914847,3.512738596313107,44.4394902671782,10.0,71.72912859413128,191.56402357464935
432,Zeebrugge - Bremerhaven,SEA,PILOT_TO_PILOT,5,432,137,6,7,NHR-N,TX1,52.37707716829424,3.5159466497987983,44.4394902671782,10.0,71.89605135137026,191.39710081741038
433,Zeebrugge - Bremerhaven,SEA,PILOT_TO_PILOT,5,433,138,6,7,NHR-N,TX1,52.37905037058235,3.519154989993244,44.4394902671782,10.0,72.06297410860923,191.2301780601714
434,Zeebrugge - Bremerhaven,SEA,PILOT_TO_PILOT,5,434,139,6,7,NHR-N,TX1,52.38102348599883,3.522363616929868,44.4394902671782,10.0,72.22989686584819,191.06325530293245
435,Zeebrugge - Bremerhaven,SEA,PILOT_TO_PILOT,5,435,140,6,7,NHR-N,TX1,52.38299651452971,3.5255725306420964,44.4394902671782,10.0,72.39681962308715,190.8963325456935
436,Zeebrugge - Bremerhaven,SEA,PILOT_TO_PILOT,5,436,141,6,7,NHR-N,TX1,52.38496945616109,3.528781731163358,44.4394902671782,10.0,72.56374238032612,190.72940978845452
437,Zeebrugge - Bremerhaven,SEA,PILOT_TO_PILOT,5,437,142,6,7,NHR-N,TX1,52.386942310878965,3.5319912185270796,44.4394902671782,10.0,72.73066513756508,190.56248703121554
438,Zeebrugge - Bremerhaven,SEA,PILOT_TO_PILOT,5,438,143,6,7,NHR-N,TX1,52.3889150786694,3.5352009927666956,44.4394902671782,10.0,72.89758789480405,190.3955642739766
439,Zeebrugge - Bremerhaven,SEA,PILOT_TO_PILOT,5,439,144,6,7,NHR-N,TX1,52.39088775951842,3.538411053915634,44.4394902671782,10.0,73.06451065204301,190.22864151673764
440,Zeebrugge - Bremerhaven,SEA,PILOT_TO_PILOT,5,440,145,6,7,NHR-N,TX1,52.39286035341207,3.54162140200733,44.4394902671782,10.0,73.23143340928198,190.06171875949866
441,Zeebrugge - Bremerhaven,SEA,PILOT_TO_PILOT,5,441,146,6,7,NHR-N,TX1,52.394832860336365,3.5448320370752167,44.4394902671782,10.0,73.39835616652094,189.89479600225968
442,Zeebrugge - Bremerhaven,SEA,PILOT_TO_PILOT,5,442,147,6,7,NHR-N,TX1,52.39680528027737,3.5480429591527347,44.4394902671782,10.0,73.5652789237599,189.72787324502073
443,Zeebrugge - Bremerhaven,SEA,PILOT_TO_PILOT,5,443,148,6,7,NHR-N,TX1,52.3987776132211,3.551254168273319,44.4394902671782,10.0,73.73220168099888,189.56095048778175
444,Zeebrugge - Bremerhaven,SEA,PILOT_TO_PILOT,5,444,149,6,7,NHR-N,TX1,52.400749859153564,3.5544656644704085,44.4394902671782,10.0,73.89912443823783,189.3940277305428
445,Zeebrugge - Bremerhaven,SEA,PILOT_TO_PILOT,5,445,150,6,7,NHR-N,TX1,52.4027220180608,3.5576774477774453,44.4394902671782,10.0,74.06604719547681,189.22710497330382
446,Zeebrugge - Bremerhaven,SEA,PILOT_TO_PILOT,5,446,151,6,7,NHR-N,TX1,52.40469408992884,3.5608895182278713,44.4394902671782,10.0,74.23296995271578,189.06018221606485
447,Zeebrugge - Bremerhaven,SEA,PILOT_TO_PILOT,5,447,152,6,7,NHR-N,TX1,52.4066660747437,3.5641018758551293,44.4394902671782,10.0,74.39989270995474,188.8932594588259
448,Zeebrugge - Bremerhaven,SEA,PILOT_TO_PILOT,5,448,153,6,7,NHR-N,TX1,52.40863797249138,3.567314520692665,44.4394902671782,10.0,74.5668154671937,188.72633670158694
449,Zeebrugge - Bremerhaven,SEA,PILOT_TO_PILOT,5,449,154,6,7,NHR-N,TX1,52.410609783157916,3.570527452773926,44.4394902671782,10.0,74.73373822443267,188.55941394434797
450,Zeebrugge - Bremerhaven,SEA,PILOT_TO_PILOT,5,450,155,6,7,NHR-N,TX1,52.4125815067293,3.57374067213236,44.4394902671782,10.0,74.90066098167163,188.392491187109
451,Zeebrugge - Bremerhaven,SEA,PILOT_TO_PILOT,5,451,156,6,7,NHR-N,TX1,52.41455314319158,3.576954178801417,44.4394902671782,10.0,75.0675837389106,188.22556842987004
452,Zeebrugge - Bremerhaven,SEA,PILOT_TO_PILOT,5,452,157,6,7,NHR-N,TX1,52.41652469253073,3.580167972814547,44.4394902671782,10.0,75.23450649614956,188.0586456726311
453,Zeebrugge - Bremerhaven,SEA,PILOT_TO_PILOT,5,453,158,6,7,NHR-N,TX1,52.41849615473277,3.5833820542052033,44.4394902671782,10.0,75.40142925338853,187.8917229153921
454,Zeebrugge - Bremerhaven,SEA,PILOT_TO_PILOT,5,454,159,6,7,NHR-N,TX1,52.42046752978369,3.586596423006839,44.4394902671782,10.0,75.5683520106275,187.72480015815313
455,Zeebrugge - Bremerhaven,SEA,PILOT_TO_PILOT,5,455,160,6,7,NHR-N,TX1,52.42243881766952,3.5898110792529105,44.4394902671782,10.0,75.73527476786646,187.55787740091418
456,Zeebrugge - Bremerhaven,SEA,PILOT_TO_PILOT,5,456,161,6,7,NHR-N,TX1,52.42441001837624,3.5930260229768747,44.4394902671782,10.0,75.90219752510544,187.3909546436752
457,Zeebrugge - Bremerhaven,SEA,PILOT_TO_PILOT,5,457,162,6,7,NHR-N,TX1,52.42638113188985,3.5962412542121878,44.4394902671782,10.0,76.0691202823444,187.22403188643625
458,Zeebrugge - Bremerhaven,SEA,PILOT_TO_PILOT,5,458,163,6,7,NHR-N,TX1,52.42835215819635,3.5994567729923133,44.4394902671782,10.0,76.23604303958336,187.05710912919727
459,Zeebrugge - Bremerhaven,SEA,PILOT_TO_PILOT,5,459,164,6,7,NHR-N,TX1,52.43032309728171,3.6026725793507084,44.4394902671782,10.0,76.40296579682233,186.8901863719583
460,Zeebrugge - Bremerhaven,SEA,PILOT_TO_PILOT,5,460,165,6,7,NHR-N,TX1,52.43229394913194,3.6058886733208384,44.4394902671782,10.0,76.5698885540613,186.72326361471934
461,Zeebrugge - Bremerhaven,SEA,PILOT_TO_PILOT,5,461,166,6,7,NHR-N,TX1,52.43426471373304,3.609105054936169,44.4394902671782,10.0,76.73681131130026,186.5563408574804
462,Zeebrugge - Bremerhaven,SEA,PILOT_TO_PILOT,5,462,167,6,7,NHR-N,TX1,52.43623539107097,3.61232172423016,44.4394902671782,10.0,76.90373406853922,186.38941810024141
463,Zeebrugge - Bremerhaven,SEA,PILOT_TO_PILOT,5,463,168,6,7,NHR-N,TX1,52.43820598113173,3.6155386812362846,44.4394902671782,10.0,77.07065682577819,186.22249534300244
464,Zeebrugge - Bremerhaven,SEA,PILOT_TO_PILOT,5,464,169,6,7,NHR-N,TX1,52.440176483901304,3.618755925988008,44.4394902671782,10.0,77.23757958301715,186.05557258576349
465,Zeebrugge - Bremerhaven,SEA,PILOT_TO_PILOT,5,465,170,6,7,NHR-N,TX1,52.44214689936565,3.621973458518799,44.4394902671782,10.0,77.40450234025613,185.8886498285245
466,Zeebrugge - Bremerhaven,SEA,PILOT_TO_PILOT,5,466,171,6,7,NHR-N,TX1,52.44411722751076,3.625191278862132,44.4394902671782,10.0,77.57142509749508,185.72172707128556
467,Zeebrugge - Bremerhaven,SEA,PILOT_TO_PILOT,5,467,172,6,7,NHR-N,TX1,52.4460874683226,3.628409387051479,44.4394902671782,10.0,77.73834785473406,185.55480431404658
468,Zeebrugge - Bremerhaven,SEA,PILOT_TO_PILOT,5,468,173,6,7,NHR-N,TX1,52.44805762178716,3.631627783120312,44.4394902671782,10.0,77.90527061197302,185.3878815568076
469,Zeebrugge - Bremerhaven,SEA,PILOT_TO_PILOT,5,469,174,6,7,NHR-N,TX1,52.45002768789038,3.6348464671021086,44.4394902671782,10.0,78.07219336921199,185.22095879956865
470,Zeebrugge - Bremerhaven,SEA,PILOT_TO_PILOT,5,470,175,6,7,NHR-N,TX1,52.451997666618254,3.6380654390303455,44.4394902671782,10.0,78.23911612645095,185.0540360423297
471,Zeebrugge - Bremerhaven,SEA,PILOT_TO_PILOT,5,471,176,6,7,NHR-N,TX1,52.45396755795674,3.6412846989385006,44.4394902671782,10.0,78.40603888368992,184.88711328509072
472,Zeebrugge - Bremerhaven,SEA,PILOT_TO_PILOT,5,472,177,6,7,NHR-N,TX1,52.45593736189179,3.644504246860054,44.4394902671782,10.0,78.57296164092888,184.72019052785174
473,Zeebrugge - Bremerhaven,SEA,PILOT_TO_PILOT,5,473,178,6,7,NHR-N,TX1,52.45790707840938,3.6477240828284887,44.4394902671782,10.0,78.73988439816785,184.5532677706128
474,Zeebrugge - Bremerhaven,SEA,PILOT_TO_PILOT,5,474,179,6,7,NHR-N,TX1,52.45987670749544,3.650944206877286,44.4394902671782,10.0,78.90680715540681,184.38634501337384
475,Zeebrugge - Bremerhaven,SEA,PILOT_TO_PILOT,5,475,180,6,7,NHR-N,TX1,52.46184624913597,3.6541646190399297,44.4394902671782,10.0,79.07372991264577,184.21942225613486
476,Zeebrugge - Bremerhaven,SEA,PILOT_TO_PILOT,5,476,181,6,7,NHR-N,TX1,52.46381570331688,3.657385319349906,44.4394902671782,10.0,79.24065266988475,184.05249949889588
477,Zeebrugge - Bremerhaven,SEA,PILOT_TO_PILOT,5,477,182,6,7,NHR-N,TX1,52.46578507002414,3.660606307840701,44.4394902671782,10.0,79.4075754271237,183.88557674165693
478,Zeebrugge - Bremerhaven,SEA,PILOT_TO_PILOT,5,478,183,6,7,NHR-N,TX1,52.46775434924372,3.663827584545805,44.4394902671782,10.0,79.57449818436268,183.71865398441795
479,Zeebrugge - Bremerhaven,SEA,PILOT_TO_PILOT,5,479,184,6,7,NHR-N,TX1,52.46972354096153,3.6670491494987068,44.4394902671782,10.0,79.74142094160165,183.551731227179
480,Zeebrugge - Bremerhaven,SEA,PILOT_TO_PILOT,5,480,185,6,7,NHR-N,TX1,52.47169264516353,3.6702710027328966,44.4394902671782,10.0,79.90834369884061,183.38480846994003
481,Zeebrugge - Bremerhaven,SEA,PILOT_TO_PILOT,5,481,186,6,7,NHR-N,TX1,52.473661661835656,3.6734931442818697,44.4394902671782,10.0,80.07526645607958,183.21788571270105
482,Zeebrugge - Bremerhaven,SEA,PILOT_TO_PILOT,5,482,187,6,7,NHR-N,TX1,52.47563059096386,3.676715574179118,44.4394902671782,10.0,80.24218921331854,183.0509629554621
483,Zeebrugge - Bremerhaven,SEA,PILOT_TO_PILOT,5,483,188,6,7,NHR-N,TX1,52.47759943253407,3.67993829245814,44.4394902671782,10.0,80.4091119705575,182.88404019822315
484,Zeebrugge - Bremerhaven,SEA,PILOT_TO_PILOT,5,484,189,6,7,NHR-N,TX1,52.47956818653222,3.6831612991524274,44.4394902671782,10.0,80.57603472779647,182.71711744098417
485,Zeebrugge - Bremerhaven,SEA,PILOT_TO_PILOT,5,485,190,6,7,NHR-N,TX1,52.48153685294426,3.6863845942954834,44.4394902671782,10.0,80.74295748503543,182.5501946837452
486,Zeebrugge - Bremerhaven,SEA,PILOT_TO_PILOT,5,486,191,6,7,NHR-N,TX1,52.48350543175609,3.6896081779208063,44.4394902671782,10.0,80.9098802422744,182.38327192650624
487,Zeebrugge - Bremerhaven,SEA,PILOT_TO_PILOT,5,487,192,6,7,NHR-N,TX1,52.48547392295366,3.6928320500618983,44.4394902671782,10.0,81.07680299951338,182.21634916926726
488,Zeebrugge - Bremerhaven,SEA,PILOT_TO_PILOT,5,488,193,6,7,NHR-N,TX1,52.48744232652289,3.6960562107522583,44.4394902671782,10.0,81.24372575675233,182.0494264120283
489,Zeebrugge - Bremerhaven,SEA,PILOT_TO_PILOT,5,489,194,6,7,NHR-N,TX1,52.48941064244971,3.6992806600253942,44.4394902671782,10.0,81.4106485139913,181.88250365478933
490,Zeebrugge - Bremerhaven,SEA,PILOT_TO_PILOT,5,490,195,6,7,NHR-N,TX1,52.49137887072003,3.7025053979148095,44.4394902671782,10.0,81.57757127123025,181.71558089755038
491,Zeebrugge - Bremerhaven,SEA,PILOT_TO_PILOT,5,491,196,6,7,NHR-N,TX1,52.49334701131977,3.7057304244540124,44.4394902671782,10.0,81.74449402846923,181.5486581403114
492,Zeebrugge - Bremerhaven,SEA,PILOT_TO_PILOT,5,492,197,6,7,NHR-N,TX1,52.49531506423485,3.7089557396765094,44.4394902671782,10.0,81.9114167857082,181.38173538307245
493,Zeebrugge - Bremerhaven,SEA,PILOT_TO_PILOT,5,493,198,6,7,NHR-N,TX1,52.49728302945118,3.7121813436158106,44.4394902671782,10.0,82.07833954294716,181.21481262583347
494,Zeebrugge - Bremerhaven,SEA,PILOT_TO_PILOT,5,494,199,6,7,NHR-N,TX1,52.49925090695469,3.71540723630543,44.4394902671782,10.0,82.24526230018613,181.0478898685945
495,Zeebrugge - Bremerhaven,SEA,PILOT_TO_PILOT,5,495,200,6,7,NHR-N,TX1,52.501218696731264,3.7186334177788747,44.4394902671782,10.0,82.41218505742509,180.88096711135555
496,Zeebrugge - Bremerhaven,SEA,PILOT_TO_PILOT,5,496,201,6,7,NHR-N,TX1,52.50318639876683,3.721859888069663,44.4394902671782,10.0,82.57910781466406,180.7140443541166
497,Zeebrugge - Bremerhaven,SEA,PILOT_TO_PILOT,5,497,202,6,7,NHR-N,TX1,52.50515401304729,3.7250866472113078,44.4394902671782,10.0,82.74603057190302,180.54712159687762
498,Zeebrugge - Bremerhaven,SEA,PILOT_TO_PILOT,5,498,203,6,7,NHR-N,TX1,52.507121539558526,3.7283136952373255,44.4394902671782,10.0,82.912953329142,180.38019883963864
499,Zeebrugge - Bremerhaven,SEA,PILOT_TO_PILOT,5,499,204,6,7,NHR-N,TX1,52.50908897828646,3.731541032181235,44.4394902671782,10.0,83.07987608638095,180.2132760823997
500,Zeebrugge - Bremerhaven,SEA,PILOT_TO_PILOT,5,500,205,6,7,NHR-N,TX1,52.511056329216984,3.7347686580765562,44.4394902671782,10.0,83.24679884361993,180.0463533251607
501,Zeebrugge - Bremerhaven,SEA,PILOT_TO_PILOT,5,501,206,6,7,NHR-N,TX1,52.51302359233599,3.737996572956809,44.4394902671782,10.0,83.41372160085888,179.87943056792176
502,Zeebrugge - Bremerhaven,SEA,PILOT_TO_PILOT,5,502,207,6,7,NHR-N,TX1,52.51499076762937,3.741224776855515,44.4394902671782,10.0,83.58064435809786,179.71250781068278
503,Zeebrugge - Bremerhaven,SEA,PILOT_TO_PILOT,5,503,208,6,7,NHR-N,TX1,52.51695785508303,3.744453269806199,44.4394902671782,10.0,83.74756711533682,179.5455850534438
504,Zeebrugge - Bremerhaven,SEA,PILOT_TO_PILOT,5,504,209,6,7,NHR-N,TX1,52.51892485468285,3.7476820518423852,44.4394902671782,10.0,83.91448987257579,179.37866229620485
505,Zeebrugge - Bremerhaven,SEA,PILOT_TO_PILOT,5,505,210,6,7,NHR-N,TX1,52.52089176641471,3.7509111229976004,44.4394902671782,10.0,84.08141262981475,179.2117395389659
506,Zeebrugge - Bremerhaven,SEA,PILOT_TO_PILOT,5,506,211,6,7,NHR-N,TX1,52.522858590264484,3.7541404833053713,44.4394902671782,10.0,84.24833538705371,179.04481678172692
507,Zeebrugge - Bremerhaven,SEA,PILOT_TO_PILOT,5,507,212,6,7,NHR-N,TX1,52.52482532621809,3.7573701327992275,44.4394902671782,10.0,84.41525814429268,178.87789402448794
508,Zeebrugge - Bremerhaven,SEA,PILOT_TO_PILOT,5,508,213,6,7,NHR-N,TX1,52.526791974261386,3.7606000715127004,44.4394902671782,10.0,84.58218090153164,178.710971267249
509,Zeebrugge - Bremerhaven,SEA,PILOT_TO_PILOT,5,509,214,6,7,NHR-N,TX1,52.528758534380245,3.7638302994793205,44.4394902671782,10.0,84.74910365877062,178.54404851001001
510,Zeebrugge - Bremerhaven,SEA,PILOT_TO_PILOT,5,510,215,6,7,NHR-N,TX1,52.530725006560544,3.7670608167326214,44.4394902671782,10.0,84.91602641600957,178.37712575277106
511,Zeebrugge - Bremerhaven,SEA,PILOT_TO_PILOT,5,511,216,6,7,NHR-N,TX1,52.53269139078816,3.7702916233061385,44.4394902671782,10.0,85.08294917324855,178.2102029955321
512,Zeebrugge - Bremerhaven,SEA,PILOT_TO_PILOT,5,512,217,6,7,NHR-N,TX1,52.534657687048956,3.773522719233405,44.4394902671782,10.0,85.2498719304875,178.04328023829314
513,Zeebrugge - Bremerhaven,SEA,PILOT_TO_PILOT,5,513,218,6,7,NHR-N,TX1,52.53662389532882,3.7767541045479613,44.4394902671782,10.0,85.41679468772648,177.87635748105416
514,Zeebrugge - Bremerhaven,SEA,PILOT_TO_PILOT,5,514,219,6,7,NHR-N,TX1,52.53859001561359,3.779985779283345,44.4394902671782,10.0,85.58371744496543,177.7094347238152
515,Zeebrugge - Bremerhaven,SEA,PILOT_TO_PILOT,5,515,220,6,7,NHR-N,TX1,52.54055604788916,3.7832177434730956,44.4394902671782,10.0,85.75064020220441,177.54251196657623
516,Zeebrugge - Bremerhaven,SEA,PILOT_TO_PILOT,5,516,221,6,7,NHR-N,TX1,52.54252199214136,3.786449997150755,44.4394902671782,10.0,85.91756295944337,177.37558920933725
517,Zeebrugge - Bremerhaven,SEA,PILOT_TO_PILOT,5,517,222,6,7,NHR-N,TX1,52.54448784835607,3.789682540349868,44.4394902671782,10.0,86.08448571668234,177.2086664520983
518,Zeebrugge - Bremerhaven,SEA,PILOT_TO_PILOT,5,518,223,6,7,NHR-N,TX1,52.54645361651913,3.7929153731039733,44.4394902671782,10.0,86.2514084739213,177.04174369485935
519,Zeebrugge - Bremerhaven,SEA,PILOT_TO_PILOT,5,519,224,6,7,NHR-N,TX1,52.54841929661641,3.796148495446623,44.4394902671782,10.0,86.41833123116027,176.87482093762037
520,Zeebrugge - Bremerhaven,SEA,PILOT_TO_PILOT,5,520,225,6,7,NHR-N,TX1,52.55038488863375,3.7993819074113584,44.4394902671782,10.0,86.58525398839924,176.7078981803814
521,Zeebrugge - Bremerhaven,SEA,PILOT_TO_PILOT,5,521,226,6,7,NHR-N,TX1,52.55235039255702,3.802615609031732,44.4394902671782,10.0,86.7521767456382,176.54097542314244
522,Zeebrugge - Bremerhaven,SEA,PILOT_TO_PILOT,5,522,227,6,7,NHR-N,TX1,52.55431580837204,3.805849600341291,44.4394902671782,10.0,86.91909950287717,176.37405266590346
523,Zeebrugge - Bremerhaven,SEA,PILOT_TO_PILOT,5,523,228,6,7,NHR-N,TX1,52.55628113606467,3.8090838813735863,44.4394902671782,10.0,87.08602226011612,176.2071299086645
524,Zeebrugge - Bremerhaven,SEA,PILOT_TO_PILOT,5,524,229,6,7,NHR-N,TX1,52.55824637562074,3.8123184521621702,44.4394902671782,10.0,87.2529450173551,176.04020715142553
525,Zeebrugge - Bremerhaven,SEA,PILOT_TO_PILOT,5,525,230,6,7,NHR-N,TX1,52.56021152702611,3.815553312740598,44.4394902671782,10.0,87.41986777459405,175.87328439418658
526,Zeebrugge - Bremerhaven,SEA,PILOT_TO_PILOT,5,526,231,6,7,NHR-N,TX1,52.56217659026661,3.8187884631424227,44.4394902671782,10.0,87.58679053183303,175.7063616369476
527,Zeebrugge - Bremerhaven,SEA,PILOT_TO_PILOT,5,527,232,6,7,NHR-N,TX1,52.564141565328065,3.822023903401202,44.4394902671782,10.0,87.753713289072,175.53943887970865
528,Zeebrugge - Bremerhaven,SEA,PILOT_TO_PILOT,5,528,233,6,7,NHR-N,TX1,52.566106452196316,3.8252596335504934,44.4394902671782,10.0,87.92063604631096,175.37251612246968
529,Zeebrugge - Bremerhaven,SEA,PILOT_TO_PILOT,5,529,234,6,7,NHR-N,TX1,52.5680712508572,3.8284956536238557,44.4394902671782,10.0,88.08755880354992,175.2055933652307
530,Zeebrugge - Bremerhaven,SEA,PILOT_TO_PILOT,5,530,235,6,7,NHR-N,TX1,52.57003596129653,3.8317319636548492,44.4394902671782,10.0,88.25448156078889,175.03867060799175
531,Zeebrugge - Bremerhaven,SEA,PILOT_TO_PILOT,5,531,236,6,7,NHR-N,TX1,52.572000583500156,3.8349685636770356,44.4394902671782,10.0,88.42140431802785,174.8717478507528
532,Zeebrugge - Bremerhaven,SEA,PILOT_TO_PILOT,5,532,237,6,7,NHR-N,TX1,52.57396511745388,3.8382054537239774,44.4394902671782,10.0,88.58832707526682,174.70482509351382
533,Zeebrugge - Bremerhaven,SEA,PILOT_TO_PILOT,5,533,238,6,7,NHR-N,TX1,52.57592956314354,3.841442633829241,44.4394902671782,10.0,88.7552498325058,174.53790233627484
534,Zeebrugge - Bremerhaven,SEA,PILOT_TO_PILOT,5,534,239,6,7,NHR-N,TX1,52.57789392055494,3.84468010402639,44.4394902671782,10.0,88.92217258974475,174.3709795790359
535,Zeebrugge - Bremerhaven,SEA,PILOT_TO_PILOT,5,535,240,6,7,NHR-N,TX1,52.57985818967391,3.8479178643489926,44.4394902671782,10.0,89.08909534698373,174.2040568217969
536,Zeebrugge - Bremerhaven,SEA,PILOT_TO_PILOT,5,536,241,6,7,NHR-N,TX1,52.58182237048625,3.8511559148306174,44.4394902671782,10.0,89.25601810422268,174.03713406455796
537,Zeebrugge - Bremerhaven,SEA,PILOT_TO_PILOT,5,537,242,6,7,NHR-N,TX1,52.5837864629778,3.8543942555048334,44.4394902671782,10.0,89.42294086146165,173.87021130731898
538,Zeebrugge - Bremerhaven,SEA,PILOT_TO_PILOT,5,538,243,6,7,NHR-N,TX1,52.58575046713434,3.857632886405212,44.4394902671782,10.0,89.58986361870062,173.70328855008
539,Zeebrugge - Bremerhaven,SEA,PILOT_TO_PILOT,5,539,244,6,7,NHR-N,TX1,52.587714382941684,3.860871807565326,44.4394902671782,10.0,89.75678637593958,173.53636579284105
540,Zeebrugge - Bremerhaven,SEA,PILOT_TO_PILOT,5,540,245,6,7,NHR-N,TX1,52.58967821038565,3.86411101901875,44.4394902671782,10.0,89.92370913317855,173.3694430356021
541,Zeebrugge - Bremerhaven,SEA,PILOT_TO_PILOT,5,541,246,6,7,NHR-N,TX1,52.59164194945203,3.867350520799056,44.4394902671782,10.0,90.09063189041751,173.20252027836312
542,Zeebrugge - Bremerhaven,SEA,PILOT_TO_PILOT,5,542,247,6,7,NHR-N,TX1,52.59360560012663,3.8705903129398234,44.4394902671782,10.0,90.25755464765648,173.03559752112415
543,Zeebrugge - Bremerhaven,SEA,PILOT_TO_PILOT,5,543,248,6,7,NHR-N,TX1,52.59556916239524,3.873830395474629,44.4394902671782,10.0,90.42447740489544,172.8686747638852
544,Zeebrugge - Bremerhaven,SEA,PILOT_TO_PILOT,5,544,249,6,7,NHR-N,TX1,52.597532636243685,3.877070768437052,44.4394902671782,10.0,90.59140016213442,172.70175200664622
545,Zeebrugge - Bremerhaven,SEA,PILOT_TO_PILOT,5,545,250,6,7,NHR-N,TX1,52.59949602165772,3.8803114318606733,44.4394902671782,10.0,90.75832291937337,172.53482924940727
546,Zeebrugge - Bremerhaven,SEA,PILOT_TO_PILOT,5,546,251,6,7,NHR-N,TX1,52.601459318623164,3.8835523857790735,44.4394902671782,10.0,90.92524567661235,172.3679064921683
547,Zeebrugge - Bremerhaven,SEA,PILOT_TO_PILOT,5,547,252,6,7,NHR-N,TX1,52.60342252712579,3.886793630225837,44.4394902671782,10.0,91.0921684338513,172.20098373492934
548,Zeebrugge - Bremerhaven,SEA,PILOT_TO_PILOT,5,548,253,6,7,NHR-N,TX1,52.605385647151394,3.8900351652345457,44.4394902671782,10.0,91.25909119109028,172.03406097769036
549,Zeebrugge - Bremerhaven,SEA,PILOT_TO_PILOT,5,549,254,6,7,NHR-N,TX1,52.60734867868575,3.8932769908387885,44.4394902671782,10.0,91.42601394832924,171.8671382204514
550,Zeebrugge - Bremerhaven,SEA,PILOT_TO_PILOT,5,550,255,6,7,NHR-N,TX1,52.60931162171466,3.8965191070721503,44.4394902671782,10.0,91.5929367055682,171.70021546321243
551,Zeebrugge - Bremerhaven,SEA,PILOT_TO_PILOT,5,551,256,6,7,NHR-N,TX1,52.611274476223876,3.8997615139682202,44.4394902671782,10.0,91.75985946280717,171.53329270597345
552,Zeebrugge - Bremerhaven,SEA,PILOT_TO_PILOT,5,552,257,6,7,NHR-N,TX1,52.613237242199205,3.9030042115605874,44.4394902671782,10.0,91.92678222004614,171.3663699487345
553,Zeebrugge - Bremerhaven,SEA,PILOT_TO_PILOT,5,553,258,6,7,NHR-N,TX1,52.615199919626406,3.9062471998828436,44.4394902671782,10.0,92.0937049772851,171.19944719149555
554,Zeebrugge - Bremerhaven,SEA,PILOT_TO_PILOT,5,554,259,6,7,NHR-N,TX1,52.61716250849126,3.9094904789685803,44.4394902671782,10.0,92.26062773452406,171.03252443425657
555,Zeebrugge - Bremerhaven,SEA,PILOT_TO_PILOT,5,555,260,6,7,NHR-N,TX1,52.61912500877952,3.9127340488513913,44.4394902671782,10.0,92.42755049176304,170.8656016770176
556,Zeebrugge - Bremerhaven,SEA,PILOT_TO_PILOT,5,556,261,6,7,NHR-N,TX1,52.62108742047697,3.9159779095648726,44.4394902671782,10.0,92.594473249002,170.69867891977864
557,Zeebrugge - Bremerhaven,SEA,PILOT_TO_PILOT,5,557,262,6,7,NHR-N,TX1,52.62304974356937,3.919222061142618,44.4394902671782,10.0,92.76139600624097,170.53175616253966
558,Zeebrugge - Bremerhaven,SEA,PILOT_TO_PILOT,5,558,263,6,7,NHR-N,TX1,52.6250119780425,3.9224665036182267,44.4394902671782,10.0,92.92831876347992,170.36483340530071
559,Zeebrugge - Bremerhaven,SEA,PILOT_TO_PILOT,5,559,264,6,7,NHR-N,TX1,52.626974123882086,3.925711237025297,44.4394902671782,10.0,93.0952415207189,170.19791064806174
560,Zeebrugge - Bremerhaven,SEA,PILOT_TO_PILOT,5,560,265,6,7,NHR-N,TX1,52.628936181073925,3.928956261397429,44.4394902671782,10.0,93.26216427795787,170.03098789082276
561,Zeebrugge - Bremerhaven,SEA,PILOT_TO_PILOT,5,561,266,6,7,NHR-N,TX1,52.63089814960375,3.932201576768225,44.4394902671782,10.0,93.42908703519683,169.8640651335838
562,Zeebrugge - Bremerhaven,SEA,PILOT_TO_PILOT,5,562,267,6,7,NHR-N,TX1,52.63286002945733,3.9354471831712865,44.4394902671782,10.0,93.5960097924358,169.69714237634486
563,Zeebrugge - Bremerhaven,SEA,PILOT_TO_PILOT,5,563,268,6,7,NHR-N,TX1,52.6348218206204,3.938693080640217,44.4394902671782,10.0,93.76293254967476,169.53021961910588
564,Zeebrugge - Bremerhaven,SEA,PILOT_TO_PILOT,5,564,269,6,7,NHR-N,TX1,52.636783523078726,3.941939269208623,44.4394902671782,10.0,93.92985530691372,169.3632968618669
565,Zeebrugge - Bremerhaven,SEA,PILOT_TO_PILOT,5,565,270,6,7,NHR-N,TX1,52.63874513681805,3.9451857489101116,44.4394902671782,10.0,94.09677806415269,169.19637410462795
566,Zeebrugge - Bremerhaven,SEA,PILOT_TO_PILOT,5,566,271,6,7,NHR-N,TX1,52.640706661824105,3.9484325197782884,44.4394902671782,10.0,94.26370082139167,169.02945134738897
567,Zeebrugge - Bremerhaven,SEA,PILOT_TO_PILOT,5,567,272,6,7,NHR-N,TX1,52.64266809808265,3.9516795818467654,44.4394902671782,10.0,94.43062357863062,168.86252859015002
568,Zeebrugge - Bremerhaven,SEA,PILOT_TO_PILOT,5,568,273,6,7,NHR-N,TX1,52.64462944557942,3.9549269351491514,44.4394902671782,10.0,94.5975463358696,168.69560583291104
569,Zeebrugge - Bremerhaven,SEA,PILOT_TO_PILOT,5,569,274,6,7,NHR-N,TX1,52.64659070430015,3.958174579719057,44.4394902671782,10.0,94.76446909310854,168.5286830756721
570,Zeebrugge - Bremerhaven,SEA,PILOT_TO_PILOT,5,570,275,6,7,NHR-N,TX1,52.64855187423058,3.961422515590098,44.4394902671782,10.0,94.93139185034752,168.3617603184331
571,Zeebrugge - Bremerhaven,SEA,PILOT_TO_PILOT,5,571,276,6,7,NHR-N,TX1,52.65051295535644,3.9646707427958874,44.4394902671782,10.0,95.09831460758649,168.19483756119416
572,Zeebrugge - Bremerhaven,SEA,PILOT_TO_PILOT,5,572,277,6,7,NHR-N,TX1,52.65247394766347,3.9679192613700396,44.4394902671782,10.0,95.26523736482545,168.02791480395518
573,Zeebrugge - Bremerhaven,SEA,PILOT_TO_PILOT,5,573,278,6,7,NHR-N,TX1,52.65443485113738,3.9711680713461743,44.4394902671782,10.0,95.43216012206442,167.8609920467162
574,Zeebrugge - Bremerhaven,SEA,PILOT_TO_PILOT,5,574,279,6,7,NHR-N,TX1,52.65639566576392,3.9744171727579065,44.4394902671782,10.0,95.59908287930338,167.69406928947726
575,Zeebrugge - Bremerhaven,SEA,PILOT_TO_PILOT,5,575,280,6,7,NHR-N,TX1,52.6583563915288,3.9776665656388577,44.4394902671782,10.0,95.76600563654235,167.5271465322383
576,Zeebrugge - Bremerhaven,SEA,PILOT_TO_PILOT,5,576,281,6,7,NHR-N,TX1,52.66031702841773,3.980916250022647,44.4394902671782,10.0,95.93292839378131,167.36022377499933
577,Zeebrugge - Bremerhaven,SEA,PILOT_TO_PILOT,5,577,282,6,7,NHR-N,TX1,52.66227757641644,3.984166225942899,44.4394902671782,10.0,96.09985115102029,167.19330101776035
578,Zeebrugge - Bremerhaven,SEA,PILOT_TO_PILOT,5,578,283,6,7,NHR-N,TX1,52.66423803551067,3.9874164934332352,44.4394902671782,10.0,96.26677390825924,167.0263782605214
579,Zeebrugge - Bremerhaven,SEA,PILOT_TO_PILOT,5,579,284,6,7,NHR-N,TX1,52.6661984056861,3.990667052527279,44.4394902671782,10.0,96.43369666549822,166.85945550328242
580,Zeebrugge - Bremerhaven,SEA,PILOT_TO_PILOT,5,580,285,6,7,NHR-N,TX1,52.66815868692847,3.993917903258659,44.4394902671782,10.0,96.60061942273717,166.69253274604347
581,Zeebrugge - Bremerhaven,SEA,PILOT_TO_PILOT,5,581,286,6,7,NHR-N,TX1,52.67011887922347,3.9971690456610007,44.4394902671782,10.0,96.76754217997615,166.5256099888045
582,Zeebrugge - Bremerhaven,SEA,PILOT_TO_PILOT,5,582,287,6,7,NHR-N,TX1,52.67207898255682,4.000420479767932,44.4394902671782,10.0,96.9344649372151,166.35868723156554
583,Zeebrugge - Bremerhaven,SEA,PILOT_TO_PILOT,5,583,288,6,7,NHR-N,TX1,52.67403899691421,4.003672205613083,44.4394902671782,10.0,97.10138769445408,166.19176447432656
584,Zeebrugge - Bremerhaven,SEA,PILOT_TO_PILOT,5,584,289,6,7,NHR-N,TX1,52.67599892228135,4.006924223230085,44.4394902671782,10.0,97.26831045169304,166.0248417170876
585,Zeebrugge - Bremerhaven,SEA,PILOT_TO_PILOT,5,585,290,6,7,NHR-N,TX1,52.67795875864396,4.01017653265257,44.4394902671782,10.0,97.435233208932,165.85791895984863
586,Zeebrugge - Bremerhaven,SEA,PILOT_TO_PILOT,5,586,291,6,7,NHR-N,TX1,52.679918505987715,4.013429133914171,44.4394902671782,10.0,97.60215596617097,165.69099620260965
587,Zeebrugge - Bremerhaven,SEA,PILOT_TO_PILOT,5,587,292,6,7,NHR-N,TX1,52.68187816429832,4.016682027048523,44.4394902671782,10.0,97.76907872340993,165.5240734453707
588,Zeebrugge - Bremerhaven,SEA,PILOT_TO_PILOT,5,588,293,6,7,NHR-N,TX1,52.68383773356147,4.019935212089262,44.4394902671782,10.0,97.93600148064891,165.35715068813172
589,Zeebrugge - Bremerhaven,SEA,PILOT_TO_PILOT,5,589,294,6,7,NHR-N,TX1,52.68579721376284,4.0231886890700235,44.4394902671782,10.0,98.10292423788786,165.19022793089277
590,Zeebrugge - Bremerhaven,SEA,PILOT_TO_PILOT,5,590,295,6,7,NHR-N,TX1,52.687756604888136,4.026442458024449,44.4394902671782,10.0,98.26984699512684,165.0233051736538
591,Zeebrugge - Bremerhaven,SEA,PILOT_TO_PILOT,5,591,296,6,7,NHR-N,TX1,52.68971590692307,4.029696518986179,44.4394902671782,10.0,98.43676975236579,164.85638241641485
592,Zeebrugge - Bremerhaven,SEA,PILOT_TO_PILOT,5,592,297,6,7,NHR-N,TX1,52.69167511985326,4.032950871988849,44.4394902671782,10.0,98.60369250960477,164.68945965917587
593,Zeebrugge - Bremerhaven,SEA,PILOT_TO_PILOT,5,593,298,6,7,NHR-N,TX1,52.69363424366444,4.036205517066104,44.4394902671782,10.0,98.77061526684372,164.52253690193692
594,Zeebrugge - Bremerhaven,SEA,PILOT_TO_PILOT,5,594,299,6,7,NHR-N,TX1,52.69559327834229,4.039460454251589,44.4394902671782,10.0,98.9375380240827,164.35561414469794
595,Zeebrugge - Bremerhaven,SEA,PILOT_TO_PILOT,5,595,300,6,7,NHR-N,TX1,52.69755222387245,4.0427156835789475,44.4394902671782,10.0,99.10446078132166,164.18869138745896
596,Zeebrugge - Bremerhaven,SEA,PILOT_TO_PILOT,5,596,301,6,7,NHR-N,TX1,52.699511080240626,4.045971205081825,44.4394902671782,10.0,99.27138353856063,164.02176863022
597,Zeebrugge - Bremerhaven,SEA,PILOT_TO_PILOT,5,597,302,6,7,NHR-N,TX1,52.701469847432485,4.049227018793869,44.4394902671782,10.0,99.43830629579959,163.85484587298106
598,Zeebrugge - Bremerhaven,SEA,PILOT_TO_PILOT,5,598,303,6,7,NHR-N,TX1,52.70342852543371,4.052483124748731,44.4394902671782,10.0,99.60522905303856,163.68792311574208
599,Zeebrugge - Bremerhaven,SEA,PILOT_TO_PILOT,5,599,304,6,7,NHR-N,TX1,52.70538711422993,4.055739522980056,44.4394902671782,10.0,99.77215181027752,163.5210003585031
600,Zeebrugge - Bremerhaven,SEA,PILOT_TO_PILOT,5,600,305,6,7,NHR-N,TX1,52.707345613806844,4.058996213521495,44.4394902671782,10.0,99.93907456751649,163.35407760126415
601,Zeebrugge - Bremerhaven,SEA,PILOT_TO_PILOT,5,601,306,6,7,NHR-N,TX1,52.70930402415011,4.0622531964067035,44.4394902671782,10.0,100.10599732475546,163.18715484402517
602,Zeebrugge - Bremerhaven,SEA,PILOT_TO_PILOT,5,602,307,6,7,NHR-N,TX1,52.71126234524538,4.0655104716693335,44.4394902671782,10.0,100.27292008199441,163.02023208678622
603,Zeebrugge - Bremerhaven,SEA,PILOT_TO_PILOT,5,603,308,6,7,NHR-N,TX1,52.71322057707832,4.0687680393430385,44.4394902671782,10.0,100.43984283923339,162.85330932954724
604,Zeebrugge - Bremerhaven,SEA,PILOT_TO_PILOT,5,604,309,6,7,NHR-N,TX1,52.71517871963458,4.072025899461477,44.4394902671782,10.0,100.60676559647234,162.6863865723083
605,Zeebrugge - Bremerhaven,SEA,PILOT_TO_PILOT,5,605,310,6,7,NHR-N,TX1,52.71713677289983,4.075284052058303,44.4394902671782,10.0,100.77368835371132,162.51946381506932
606,Zeebrugge - Bremerhaven,SEA,PILOT_TO_PILOT,5,606,311,6,7,NHR-N,TX1,52.7190947368597,4.078542497167178,44.4394902671782,10.0,100.94061111095029,162.35254105783036
607,Zeebrugge - Bremerhaven,SEA,PILOT_TO_PILOT,5,607,312,6,7,NHR-N,TX1,52.72105261149985,4.081801234821758,44.4394902671782,10.0,101.10753386818925,162.1856183005914
608,Zeebrugge - Bremerhaven,SEA,PILOT_TO_PILOT,5,608,313,6,7,NHR-N,TX1,52.72301039680593,4.085060265055707,44.4394902671782,10.0,101.27445662542821,162.0186955433524
609,Zeebrugge - Bremerhaven,SEA,PILOT_TO_PILOT,5,609,314,6,7,NHR-N,TX1,52.72496809276358,4.088319587902685,44.4394902671782,10.0,101.44137938266718,161.85177278611346
610,Zeebrugge - Bremerhaven,SEA,PILOT_TO_PILOT,5,610,315,6,7,NHR-N,TX1,52.72692569935844,4.091579203396356,44.4394902671782,10.0,101.60830213990614,161.6848500288745
611,Zeebrugge - Bremerhaven,SEA,PILOT_TO_PILOT,5,611,316,6,7,NHR-N,TX1,52.728883216576165,4.094839111570384,44.4394902671782,10.0,101.77522489714511,161.51792727163553
612,Zeebrugge - Bremerhaven,SEA,PILOT_TO_PILOT,5,612,317,6,7,NHR-N,TX1,52.73084064440236,4.098099312458436,44.4394902671782,10.0,101.94214765438409,161.35100451439655
613,Zeebrugge - Bremerhaven,SEA,PILOT_TO_PILOT,5,613,318,6,7,NHR-N,TX1,52.7327979828227,4.101359806094178,44.4394902671782,10.0,102.10907041162304,161.1840817571576
614,Zeebrugge - Bremerhaven,SEA,PILOT_TO_PILOT,5,614,319,6,7,NHR-N,TX1,52.734755231822795,4.104620592511278,44.4394902671782,10.0,102.27599316886202,161.01715899991862
615,Zeebrugge - Bremerhaven,SEA,PILOT_TO_PILOT,5,615,320,6,7,NHR-N,TX1,52.73671239138829,4.107881671743407,44.4394902671782,10.0,102.44291592610097,160.85023624267967
616,Zeebrugge - Bremerhaven,SEA,PILOT_TO_PILOT,5,616,321,6,7,NHR-N,TX1,52.738669461504784,4.1111430438242325,44.4394902671782,10.0,102.60983868333994,160.6833134854407
617,Zeebrugge - Bremerhaven,SEA,PILOT_TO_PILOT,5,617,322,6,7,NHR-N,TX1,52.740626442157925,4.114404708787428,44.4394902671782,10.0,102.77676144057891,160.5163907282017
618,Zeebrugge - Bremerhaven,SEA,PILOT_TO_PILOT,6,618,0,7,8,TX1,ProdQ4C,52.742583333333336,4.117666666666667,36.47401346275433,10.0,102.94368419781787,160.34946797096276
619,Zeebrugge - Bremerhaven,SEA,PILOT_TO_PILOT,6,619,1,7,8,TX1,ProdQ4C,52.74480994481559,4.120385792375077,36.47401346275433,10.0,103.10993742769537,160.18321474108527
620,Zeebrugge - Bremerhaven,SEA,PILOT_TO_PILOT,6,620,2,7,8,TX1,ProdQ4C,52.74703649411326,4.123105195967378,36.47401346275433,10.0,103.27619065757288,160.01696151120774
621,Zeebrugge - Bremerhaven,SEA,PILOT_TO_PILOT,6,621,3,7,8,TX1,ProdQ4C,52.74926298121499,4.1258248774866235,36.47401346275433,10.0,103.44244388745038,159.85070828133024
622,Zeebrugge - Bremerhaven,SEA,PILOT_TO_PILOT,6,622,4,7,8,TX1,ProdQ4C,52.75148940610941,4.128544836975869,36.47401346275433,10.0,103.60869711732789,159.68445505145274
623,Zeebrugge - Bremerhaven,SEA,PILOT_TO_PILOT,6,623,5,7,8,TX1,ProdQ4C,52.75371576878513,4.13126507447818,36.47401346275433,10.0,103.77495034720539,159.51820182157525
624,Zeebrugge - Bremerhaven,SEA,PILOT_TO_PILOT,6,624,6,7,8,TX1,ProdQ4C,52.755942069230784,4.133985590036628,36.47401346275433,10.0,103.9412035770829,159.35194859169775
625,Zeebrugge - Bremerhaven,SEA,PILOT_TO_PILOT,6,625,7,7,8,TX1,ProdQ4C,52.75816830743497,4.1367063836942854,36.47401346275433,10.0,104.1074568069604,159.18569536182025
626,Zeebrugge - Bremerhaven,SEA,PILOT_TO_PILOT,6,626,8,7,8,TX1,ProdQ4C,52.760394483386335,4.139427455494242,36.47401346275433,10.0,104.2737100368379,159.01944213194275
627,Zeebrugge - Bremerhaven,SEA,PILOT_TO_PILOT,6,627,9,7,8,TX1,ProdQ4C,52.76262059707348,4.142148805479581,36.47401346275433,10.0,104.43996326671541,158.85318890206523
628,Zeebrugge - Bremerhaven,SEA,PILOT_TO_PILOT,6,628,10,7,8,TX1,ProdQ4C,52.764846648485005,4.144870433693403,36.47401346275433,10.0,104.60621649659291,158.68693567218773
629,Zeebrugge - Bremerhaven,SEA,PILOT_TO_PILOT,6,629,11,7,8,TX1,ProdQ4C,52.76707263760954,4.147592340178809,36.47401346275433,10.0,104.77246972647042,158.5206824423102
630,Zeebrugge - Bremerhaven,SEA,PILOT_TO_PILOT,6,630,12,7,8,TX1,ProdQ4C,52.76929856443568,4.150314524978909,36.47401346275433,10.0,104.93872295634792,158.3544292124327
631,Zeebrugge - Bremerhaven,SEA,PILOT_TO_PILOT,6,631,13,7,8,TX1,ProdQ4C,52.771524428952034,4.153036988136816,36.47401346275433,10.0,105.10497618622541,158.1881759825552
632,Zeebrugge - Bremerhaven,SEA,PILOT_TO_PILOT,6,632,14,7,8,TX1,ProdQ4C,52.773750231147204,4.155759729695652,36.47401346275433,10.0,105.27122941610293,158.0219227526777
633,Zeebrugge - Bremerhaven,SEA,PILOT_TO_PILOT,6,633,15,7,8,TX1,ProdQ4C,52.775975971009785,4.158482749698549,36.47401346275433,10.0,105.43748264598042,157.8556695228002
634,Zeebrugge - Bremerhaven,SEA,PILOT_TO_PILOT,6,634,16,7,8,TX1,ProdQ4C,52.778201648528395,4.1612060481886335,36.47401346275433,10.0,105.60373587585794,157.68941629292272
635,Zeebrugge - Bremerhaven,SEA,PILOT_TO_PILOT,6,635,17,7,8,TX1,ProdQ4C,52.78042726369161,4.163929625209055,36.47401346275433,10.0,105.76998910573543,157.52316306304522
636,Zeebrugge - Bremerhaven,SEA,PILOT_TO_PILOT,6,636,18,7,8,TX1,ProdQ4C,52.78265281648802,4.166653480802956,36.47401346275433,10.0,105.93624233561295,157.3569098331677
637,Zeebrugge - Bremerhaven,SEA,PILOT_TO_PILOT,6,637,19,7,8,TX1,ProdQ4C,52.78487830690622,4.169377615013491,36.47401346275433,10.0,106.10249556549044,157.1906566032902
638,Zeebrugge - Bremerhaven,SEA,PILOT_TO_PILOT,6,638,20,7,8,TX1,ProdQ4C,52.78710373493481,4.1721020278838195,36.47401346275433,10.0,106.26874879536794,157.0244033734127
639,Zeebrugge - Bremerhaven,SEA,PILOT_TO_PILOT,6,639,21,7,8,TX1,ProdQ4C,52.78932910056236,4.174826719457107,36.47401346275433,10.0,106.43500202524545,156.85815014353517
640,Zeebrugge - Bremerhaven,SEA,PILOT_TO_PILOT,6,640,22,7,8,TX1,ProdQ4C,52.79155440377747,4.1775516897765295,36.47401346275433,10.0,106.60125525512295,156.69189691365767
641,Zeebrugge - Bremerhaven,SEA,PILOT_TO_PILOT,6,641,23,7,8,TX1,ProdQ4C,52.7937796445687,4.180276938885263,36.47401346275433,10.0,106.76750848500046,156.52564368378017
642,Zeebrugge - Bremerhaven,SEA,PILOT_TO_PILOT,6,642,24,7,8,TX1,ProdQ4C,52.79600482292465,4.183002466826494,36.47401346275433,10.0,106.93376171487796,156.35939045390268
643,Zeebrugge - Bremerhaven,SEA,PILOT_TO_PILOT,6,643,25,7,8,TX1,ProdQ4C,52.79822993883389,4.185728273643416,36.47401346275433,10.0,107.10001494475546,156.19313722402518
644,Zeebrugge - Bremerhaven,SEA,PILOT_TO_PILOT,6,644,26,7,8,TX1,ProdQ4C,52.800454992284976,4.188454359379226,36.47401346275433,10.0,107.26626817463297,156.02688399414768
645,Zeebrugge - Bremerhaven,SEA,PILOT_TO_PILOT,6,645,27,7,8,TX1,ProdQ4C,52.8026799832665,4.191180724077127,36.47401346275433,10.0,107.43252140451047,155.86063076427018
646,Zeebrugge - Bremerhaven,SEA,PILOT_TO_PILOT,6,646,28,7,8,TX1,ProdQ4C,52.80490491176704,4.1939073677803345,36.47401346275433,10.0,107.59877463438798,155.69437753439266
647,Zeebrugge - Bremerhaven,SEA,PILOT_TO_PILOT,6,647,29,7,8,TX1,ProdQ4C,52.807129777775124,4.196634290532062,36.47401346275433,10.0,107.76502786426548,155.52812430451516
648,Zeebrugge - Bremerhaven,SEA,PILOT_TO_PILOT,6,648,30,7,8,TX1,ProdQ4C,52.80935458127936,4.199361492375537,36.47401346275433,10.0,107.93128109414299,155.36187107463763
649,Zeebrugge - Bremerhaven,SEA,PILOT_TO_PILOT,6,649,31,7,8,TX1,ProdQ4C,52.81157932226828,4.202088973353987,36.47401346275433,10.0,108.09753432402049,155.19561784476014
650,Zeebrugge - Bremerhaven,SEA,PILOT_TO_PILOT,6,650,32,7,8,TX1,ProdQ4C,52.81380400073045,4.204816733510649,36.47401346275433,10.0,108.26378755389798,155.02936461488264
651,Zeebrugge - Bremerhaven,SEA,PILOT_TO_PILOT,6,651,33,7,8,TX1,ProdQ4C,52.81602861665444,4.207544772888767,36.47401346275433,10.0,108.4300407837755,154.86311138500514
652,Zeebrugge - Bremerhaven,SEA,PILOT_TO_PILOT,6,652,34,7,8,TX1,ProdQ4C,52.81825317002879,4.210273091531591,36.47401346275433,10.0,108.596294013653,154.69685815512764
653,Zeebrugge - Bremerhaven,SEA,PILOT_TO_PILOT,6,653,35,7,8,TX1,ProdQ4C,52.820477660842066,4.2130016894823745,36.47401346275433,10.0,108.7625472435305,154.53060492525015
654,Zeebrugge - Bremerhaven,SEA,PILOT_TO_PILOT,6,654,36,7,8,TX1,ProdQ4C,52.8227020890828,4.215730566784383,36.47401346275433,10.0,108.928800473408,154.36435169537265
655,Zeebrugge - Bremerhaven,SEA,PILOT_TO_PILOT,6,655,37,7,8,TX1,ProdQ4C,52.82492645473956,4.218459723480884,36.47401346275433,10.0,109.0950537032855,154.19809846549515
656,Zeebrugge - Bremerhaven,SEA,PILOT_TO_PILOT,6,656,38,7,8,TX1,ProdQ4C,52.82715075780087,4.221189159615152,36.47401346275433,10.0,109.26130693316301,154.03184523561762
657,Zeebrugge - Bremerhaven,SEA,PILOT_TO_PILOT,6,657,39,7,8,TX1,ProdQ4C,52.82937499825529,4.22391887523047,36.47401346275433,10.0,109.42756016304051,153.86559200574013
658,Zeebrugge - Bremerhaven,SEA,PILOT_TO_PILOT,6,658,40,7,8,TX1,ProdQ4C,52.83159917609135,4.226648870370123,36.47401346275433,10.0,109.59381339291802,153.6993387758626
659,Zeebrugge - Bremerhaven,SEA,PILOT_TO_PILOT,6,659,41,7,8,TX1,ProdQ4C,52.83382329129759,4.2293791450774085,36.47401346275433,10.0,109.76006662279552,153.5330855459851
660,Zeebrugge - Bremerhaven,SEA,PILOT_TO_PILOT,6,660,42,7,8,TX1,ProdQ4C,52.836047343862546,4.232109699395625,36.47401346275433,10.0,109.92631985267303,153.3668323161076
661,Zeebrugge - Bremerhaven,SEA,PILOT_TO_PILOT,6,661,43,7,8,TX1,ProdQ4C,52.838271333774756,4.234840533368082,36.47401346275433,10.0,110.09257308255053,153.2005790862301
662,Zeebrugge - Bremerhaven,SEA,PILOT_TO_PILOT,6,662,44,7,8,TX1,ProdQ4C,52.840495261022745,4.2375716470380915,36.47401346275433,10.0,110.25882631242803,153.0343258563526
663,Zeebrugge - Bremerhaven,SEA,PILOT_TO_PILOT,6,663,45,7,8,TX1,ProdQ4C,52.842719125595046,4.240303040448974,36.47401346275433,10.0,110.42507954230554,152.8680726264751
664,Zeebrugge - Bremerhaven,SEA,PILOT_TO_PILOT,6,664,46,7,8,TX1,ProdQ4C,52.84494292748018,4.243034713644055,36.47401346275433,10.0,110.59133277218304,152.7018193965976
665,Zeebrugge - Bremerhaven,SEA,PILOT_TO_PILOT,7,665,0,8,9,ProdQ4C,TX3,52.847166666666666,4.2457666666666665,23.996864341608216,10.0,110.75758600206055,152.5355661667201
666,Zeebrugge - Bremerhaven,SEA,PILOT_TO_PILOT,7,666,1,8,9,ProdQ4C,TX3,52.84968533816651,4.247623283553286,23.996864341608216,10.0,110.92311621394326,152.37003595483736
667,Zeebrugge - Bremerhaven,SEA,PILOT_TO_PILOT,7,667,2,8,9,ProdQ4C,TX3,52.852203980704196,4.249480115887023,23.996864341608216,10.0,111.08864642582598,152.20450574295467
668,Zeebrugge - Bremerhaven,SEA,PILOT_TO_PILOT,7,668,3,8,9,ProdQ4C,TX3,52.8547225942737,4.251337163710079,23.996864341608216,10.0,111.2541766377087,152.03897553107194
669,Zeebrugge - Bremerhaven,SEA,PILOT_TO_PILOT,7,669,4,8,9,ProdQ4C,TX3,52.857241178869046,4.253194427064669,23.996864341608216,10.0,111.4197068495914,151.87344531918922
670,Zeebrugge - Bremerhaven,SEA,PILOT_TO_PILOT,7,670,5,8,9,ProdQ4C,TX3,52.8597597344842,4.255051905993016,23.996864341608216,10.0,111.58523706147413,151.70791510730652
671,Zeebrugge - Bremerhaven,SEA,PILOT_TO_PILOT,7,671,6,8,9,ProdQ4C,TX3,52.86227826111317,4.256909600537352,23.996864341608216,10.0,111.75076727335684,151.5423848954238
672,Zeebrugge - Bremerhaven,SEA,PILOT_TO_PILOT,7,672,7,8,9,ProdQ4C,TX3,52.864796758749925,4.258767510739918,23.996864341608216,10.0,111.91629748523955,151.37685468354107
673,Zeebrugge - Bremerhaven,SEA,PILOT_TO_PILOT,7,673,8,8,9,ProdQ4C,TX3,52.86731522738845,4.260625636642968,23.996864341608216,10.0,112.08182769712228,151.21132447165837
674,Zeebrugge - Bremerhaven,SEA,PILOT_TO_PILOT,7,674,9,8,9,ProdQ4C,TX3,52.869833667022746,4.262483978288766,23.996864341608216,10.0,112.24735790900499,151.04579425977565
675,Zeebrugge - Bremerhaven,SEA,PILOT_TO_PILOT,7,675,10,8,9,ProdQ4C,TX3,52.8723520776468,4.264342535719585,23.996864341608216,10.0,112.4128881208877,150.88026404789292
676,Zeebrugge - Bremerhaven,SEA,PILOT_TO_PILOT,7,676,11,8,9,ProdQ4C,TX3,52.87487045925456,4.266201308977704,23.996864341608216,10.0,112.57841833277043,150.71473383601023
677,Zeebrugge - Bremerhaven,SEA,PILOT_TO_PILOT,7,677,12,8,9,ProdQ4C,TX3,52.877388811840035,4.26806029810542,23.996864341608216,10.0,112.74394854465314,150.5492036241275
678,Zeebrugge - Bremerhaven,SEA,PILOT_TO_PILOT,7,678,13,8,9,ProdQ4C,TX3,52.87990713539719,4.269919503145034,23.996864341608216,10.0,112.90947875653586,150.38367341224478
679,Zeebrugge - Bremerhaven,SEA,PILOT_TO_PILOT,7,679,14,8,9,ProdQ4C,TX3,52.88242542992001,4.271778924138859,23.996864341608216,10.0,113.07500896841857,150.21814320036208
680,Zeebrugge - Bremerhaven,SEA,PILOT_TO_PILOT,7,680,15,8,9,ProdQ4C,TX3,52.88494369540246,4.273638561129217,23.996864341608216,10.0,113.24053918030128,150.05261298847935
681,Zeebrugge - Bremerhaven,SEA,PILOT_TO_PILOT,7,681,16,8,9,ProdQ4C,TX3,52.88746193183853,4.275498414158442,23.996864341608216,10.0,113.40606939218401,149.88708277659663
682,Zeebrugge - Bremerhaven,SEA,PILOT_TO_PILOT,7,682,17,8,9,ProdQ4C,TX3,52.88998013922218,4.277358483268875,23.996864341608216,10.0,113.57159960406672,149.72155256471393
683,Zeebrugge - Bremerhaven,SEA,PILOT_TO_PILOT,7,683,18,8,9,ProdQ4C,TX3,52.89249831754738,4.27921876850287,23.996864341608216,10.0,113.73712981594943,149.5560223528312
684,Zeebrugge - Bremerhaven,SEA,PILOT_TO_PILOT,7,684,19,8,9,ProdQ4C,TX3,52.8950164668081,4.281079269902793,23.996864341608216,10.0,113.90266002783216,149.39049214094848
685,Zeebrugge - Bremerhaven,SEA,PILOT_TO_PILOT,7,685,20,8,9,ProdQ4C,TX3,52.897534586998304,4.282939987511011,23.996864341608216,10.0,114.06819023971487,149.22496192906578
686,Zeebrugge - Bremerhaven,SEA,PILOT_TO_PILOT,7,686,21,8,9,ProdQ4C,TX3,52.90005267811196,4.284800921369909,23.996864341608216,10.0,114.23372045159758,149.05943171718306
687,Zeebrugge - Bremerhaven,SEA,PILOT_TO_PILOT,7,687,22,8,9,ProdQ4C,TX3,52.90257074014304,4.286662071521882,23.996864341608216,10.0,114.3992506634803,148.89390150530033
688,Zeebrugge - Bremerhaven,SEA,PILOT_TO_PILOT,7,688,23,8,9,ProdQ4C,TX3,52.9050887730855,4.2885234380093324,23.996864341608216,10.0,114.56478087536301,148.72837129341764
689,Zeebrugge - Bremerhaven,SEA,PILOT_TO_PILOT,7,689,24,8,9,ProdQ4C,TX3,52.9076067769333,4.2903850208746706,23.996864341608216,10.0,114.73031108724572,148.5628410815349
690,Zeebrugge - Bremerhaven,SEA,PILOT_TO_PILOT,7,690,25,8,9,ProdQ4C,TX3,52.9101247516804,4.292246820160321,23.996864341608216,10.0,114.89584129912845,148.3973108696522
691,Zeebrugge - Bremerhaven,SEA,PILOT_TO_PILOT,7,691,26,8,9,ProdQ4C,TX3,52.912642697320756,4.294108835908718,23.996864341608216,10.0,115.06137151101116,148.2317806577695
692,Zeebrugge - Bremerhaven,SEA,PILOT_TO_PILOT,7,692,27,8,9,ProdQ4C,TX3,52.91516061384833,4.295971068162304,23.996864341608216,10.0,115.22690172289387,148.06625044588677
693,Zeebrugge - Bremerhaven,SEA,PILOT_TO_PILOT,7,693,28,8,9,ProdQ4C,TX3,52.91767850125706,4.297833516963531,23.996864341608216,10.0,115.3924319347766,147.90072023400404
694,Zeebrugge - Bremerhaven,SEA,PILOT_TO_PILOT,7,694,29,8,9,ProdQ4C,TX3,52.920196359540924,4.2996961823548645,23.996864341608216,10.0,115.5579621466593,147.73519002212134
695,Zeebrugge - Bremerhaven,SEA,PILOT_TO_PILOT,7,695,30,8,9,ProdQ4C,TX3,52.92271418869387,4.301559064378774,23.996864341608216,10.0,115.72349235854202,147.56965981023862
696,Zeebrugge - Bremerhaven,SEA,PILOT_TO_PILOT,7,696,31,8,9,ProdQ4C,TX3,52.92523198870983,4.303422163077748,23.996864341608216,10.0,115.88902257042474,147.4041295983559
697,Zeebrugge - Bremerhaven,SEA,PILOT_TO_PILOT,7,697,32,8,9,ProdQ4C,TX3,52.92774975958277,4.305285478494278,23.996864341608216,10.0,116.05455278230745,147.2385993864732
698,Zeebrugge - Bremerhaven,SEA,PILOT_TO_PILOT,7,698,33,8,9,ProdQ4C,TX3,52.930267501306616,4.307149010670862,23.996864341608216,10.0,116.22008299419016,147.07306917459047
699,Zeebrugge - Bremerhaven,SEA,PILOT_TO_PILOT,7,699,34,8,9,ProdQ4C,TX3,52.932785213875334,4.309012759650021,23.996864341608216,10.0,116.38561320607289,146.90753896270775
700,Zeebrugge - Bremerhaven,SEA,PILOT_TO_PILOT,7,700,35,8,9,ProdQ4C,TX3,52.93530289728286,4.310876725474276,23.996864341608216,10.0,116.5511434179556,146.74200875082505
701,Zeebrugge - Bremerhaven,SEA,PILOT_TO_PILOT,7,701,36,8,9,ProdQ4C,TX3,52.93782055152313,4.312740908186159,23.996864341608216,10.0,116.71667362983831,146.57647853894233
702,Zeebrugge - Bremerhaven,SEA,PILOT_TO_PILOT,7,702,37,8,9,ProdQ4C,TX3,52.9403381765901,4.314605307828215,23.996864341608216,10.0,116.88220384172104,146.4109483270596
703,Zeebrugge - Bremerhaven,SEA,PILOT_TO_PILOT,7,703,38,8,9,ProdQ4C,TX3,52.94285577247771,4.316469924442999,23.996864341608216,10.0,117.04773405360375,146.2454181151769
704,Zeebrugge - Bremerhaven,SEA,PILOT_TO_PILOT,7,704,39,8,9,ProdQ4C,TX3,52.94537333917987,4.318334758073072,23.996864341608216,10.0,117.21326426548646,146.07988790329418
705,Zeebrugge - Bremerhaven,SEA,PILOT_TO_PILOT,7,705,40,8,9,ProdQ4C,TX3,52.94789087669054,4.320199808761011,23.996864341608216,10.0,117.37879447736918,145.91435769141145
706,Zeebrugge - Bremerhaven,SEA,PILOT_TO_PILOT,7,706,41,8,9,ProdQ4C,TX3,52.95040838500366,4.322065076549396,23.996864341608216,10.0,117.5443246892519,145.74882747952876
707,Zeebrugge - Bremerhaven,SEA,PILOT_TO_PILOT,7,707,42,8,9,ProdQ4C,TX3,52.95292586411314,4.323930561480826,23.996864341608216,10.0,117.7098549011346,145.58329726764603
708,Zeebrugge - Bremerhaven,SEA,PILOT_TO_PILOT,7,708,43,8,9,ProdQ4C,TX3,52.95544331401293,4.325796263597903,23.996864341608216,10.0,117.87538511301733,145.4177670557633
709,Zeebrugge - Bremerhaven,SEA,PILOT_TO_PILOT,7,709,44,8,9,ProdQ4C,TX3,52.957960734696954,4.32766218294324,23.996864341608216,10.0,118.04091532490004,145.2522368438806
710,Zeebrugge - Bremerhaven,SEA,PILOT_TO_PILOT,7,710,45,8,9,ProdQ4C,TX3,52.96047812615913,4.329528319559463,23.996864341608216,10.0,118.20644553678277,145.08670663199786
711,Zeebrugge - Bremerhaven,SEA,PILOT_TO_PILOT,7,711,46,8,9,ProdQ4C,TX3,52.962995488393396,4.331394673489204,23.996864341608216,10.0,118.37197574866548,144.92117642011516
712,Zeebrugge - Bremerhaven,SEA,PILOT_TO_PILOT,7,712,47,8,9,ProdQ4C,TX3,52.96551282139367,4.333261244775112,23.996864341608216,10.0,118.53750596054819,144.75564620823246
713,Zeebrugge - Bremerhaven,SEA,PILOT_TO_PILOT,7,713,48,8,9,ProdQ4C,TX3,52.96803012515388,4.335128033459838,23.996864341608216,10.0,118.70303617243091,144.5901159963497
714,Zeebrugge - Bremerhaven,SEA,PILOT_TO_PILOT,7,714,49,8,9,ProdQ4C,TX3,52.970547399667964,4.336995039586048,23.996864341608216,10.0,118.86856638431362,144.424585784467
715,Zeebrugge - Bremerhaven,SEA,PILOT_TO_PILOT,7,715,50,8,9,ProdQ4C,TX3,52.97306464492981,4.338862263196418,23.996864341608216,10.0,119.03409659619633,144.25905557258432
716,Zeebrugge - Bremerhaven,SEA,PILOT_TO_PILOT,7,716,51,8,9,ProdQ4C,TX3,52.975581860933346,4.340729704333629,23.996864341608216,10.0,119.19962680807906,144.09352536070156
717,Zeebrugge - Bremerhaven,SEA,PILOT_TO_PILOT,7,717,52,8,9,ProdQ4C,TX3,52.978099047672515,4.342597363040381,23.996864341608216,10.0,119.36515701996177,143.92799514881887
718,Zeebrugge - Bremerhaven,SEA,PILOT_TO_PILOT,7,718,53,8,9,ProdQ4C,TX3,52.98061620514122,4.344465239359378,23.996864341608216,10.0,119.53068723184448,143.76246493693617
719,Zeebrugge - Bremerhaven,SEA,PILOT_TO_PILOT,8,719,0,9,10,TX3,VL1,52.983133333333335,4.346333333333333,31.97006949288368,10.0,119.6962174437272,143.59693472505342
720,Zeebrugge - Bremerhaven,SEA,PILOT_TO_PILOT,8,720,1,9,10,TX3,VL1,52.98547672334857,4.34876287502159,31.97006949288368,10.0,119.86207336822368,143.43107880055697
721,Zeebrugge - Bremerhaven,SEA,PILOT_TO_PILOT,8,721,2,9,10,TX3,VL1,52.98782006383613,4.351192680313747,31.97006949288368,10.0,120.02792929272015,143.26522287606048
722,Zeebrugge - Bremerhaven,SEA,PILOT_TO_PILOT,8,722,3,9,10,TX3,VL1,52.99016335478643,4.353622749255265,31.97006949288368,10.0,120.19378521721661,143.09936695156404
723,Zeebrugge - Bremerhaven,SEA,PILOT_TO_PILOT,8,723,4,9,10,TX3,VL1,52.992506596189884,4.356053081891612,31.97006949288368,10.0,120.35964114171308,142.93351102706754
724,Zeebrugge - Bremerhaven,SEA,PILOT_TO_PILOT,8,724,5,9,10,TX3,VL1,52.99484978803688,4.358483678268264,31.97006949288368,10.0,120.52549706620955,142.7676551025711
725,Zeebrugge - Bremerhaven,SEA,PILOT_TO_PILOT,8,725,6,9,10,TX3,VL1,52.99719293031784,4.360914538430709,31.97006949288368,10.0,120.69135299070602,142.6017991780746
726,Zeebrugge - Bremerhaven,SEA,PILOT_TO_PILOT,8,726,7,9,10,TX3,VL1,52.999536023023175,4.363345662424443,31.97006949288368,10.0,120.85720891520249,142.43594325357816
727,Zeebrugge - Bremerhaven,SEA,PILOT_TO_PILOT,8,727,8,9,10,TX3,VL1,53.001879066143275,4.365777050294966,31.97006949288368,10.0,121.02306483969895,142.2700873290817
728,Zeebrugge - Bremerhaven,SEA,PILOT_TO_PILOT,8,728,9,9,10,TX3,VL1,53.00422205966852,4.368208702087791,31.97006949288368,10.0,121.18892076419542,142.10423140458522
729,Zeebrugge - Bremerhaven,SEA,PILOT_TO_PILOT,8,729,10,9,10,TX3,VL1,53.006565003589344,4.370640617848437,31.97006949288368,10.0,121.35477668869189,141.93837548008875
730,Zeebrugge - Bremerhaven,SEA,PILOT_TO_PILOT,8,730,11,9,10,TX3,VL1,53.00890789789611,4.373072797622436,31.97006949288368,10.0,121.52063261318835,141.77251955559228
731,Zeebrugge - Bremerhaven,SEA,PILOT_TO_PILOT,8,731,12,9,10,TX3,VL1,53.01125074257922,4.37550524145532,31.97006949288368,10.0,121.68648853768482,141.6066636310958
732,Zeebrugge - Bremerhaven,SEA,PILOT_TO_PILOT,8,732,13,9,10,TX3,VL1,53.01359353762907,4.377937949392639,31.97006949288368,10.0,121.85234446218129,141.44080770659934
733,Zeebrugge - Bremerhaven,SEA,PILOT_TO_PILOT,8,733,14,9,10,TX3,VL1,53.01593628303603,4.380370921479945,31.97006949288368,10.0,122.01820038667776,141.27495178210287
734,Zeebrugge - Bremerhaven,SEA,PILOT_TO_PILOT,8,734,15,9,10,TX3,VL1,53.018278978790505,4.382804157762803,31.97006949288368,10.0,122.18405631117423,141.1090958576064
735,Zeebrugge - Bremerhaven,SEA,PILOT_TO_PILOT,8,735,16,9,10,TX3,VL1,53.02062162488286,4.3852376582867825,31.97006949288368,10.0,122.3499122356707,140.94323993310994
736,Zeebrugge - Bremerhaven,SEA,PILOT_TO_PILOT,8,736,17,9,10,TX3,VL1,53.02296422130349,4.387671423097465,31.97006949288368,10.0,122.51576816016717,140.77738400861347
737,Zeebrugge - Bremerhaven,SEA,PILOT_TO_PILOT,8,737,18,9,10,TX3,VL1,53.025306768042775,4.390105452240437,31.97006949288368,10.0,122.68162408466364,140.611528084117
738,Zeebrugge - Bremerhaven,SEA,PILOT_TO_PILOT,8,738,19,9,10,TX3,VL1,53.027649265091064,4.392539745761296,31.97006949288368,10.0,122.84748000916011,140.44567215962053
739,Zeebrugge - Bremerhaven,SEA,PILOT_TO_PILOT,8,739,20,9,10,TX3,VL1,53.029991712438765,4.394974303705649,31.97006949288368,10.0,123.01333593365658,140.27981623512406
740,Zeebrugge - Bremerhaven,SEA,PILOT_TO_PILOT,8,740,21,9,10,TX3,VL1,53.03233411007623,4.397409126119108,31.97006949288368,10.0,123.17919185815305,140.1139603106276
741,Zeebrugge - Bremerhaven,SEA,PILOT_TO_PILOT,8,741,22,9,10,TX3,VL1,53.034676457993825,4.399844213047296,31.97006949288368,10.0,123.34504778264952,139.94810438613112
742,Zeebrugge - Bremerhaven,SEA,PILOT_TO_PILOT,8,742,23,9,10,TX3,VL1,53.03701875618193,4.402279564535847,31.97006949288368,10.0,123.51090370714599,139.78224846163465
743,Zeebrugge - Bremerhaven,SEA,PILOT_TO_PILOT,8,743,24,9,10,TX3,VL1,53.03936100463092,4.404715180630397,31.97006949288368,10.0,123.67675963164244,139.6163925371382
744,Zeebrugge - Bremerhaven,SEA,PILOT_TO_PILOT,8,744,25,9,10,TX3,VL1,53.04170320333113,4.407151061376597,31.97006949288368,10.0,123.84261555613891,139.4505366126417
745,Zeebrugge - Bremerhaven,SEA,PILOT_TO_PILOT,8,745,26,9,10,TX3,VL1,53.044045352272924,4.409587206820102,31.97006949288368,10.0,124.00847148063538,139.28468068814527
746,Zeebrugge - Bremerhaven,SEA,PILOT_TO_PILOT,8,746,27,9,10,TX3,VL1,53.04638745144669,4.412023617006578,31.97006949288368,10.0,124.17432740513185,139.11882476364877
747,Zeebrugge - Bremerhaven,SEA,PILOT_TO_PILOT,8,747,28,9,10,TX3,VL1,53.04872950084275,4.414460291981699,31.97006949288368,10.0,124.34018332962832,138.95296883915233
748,Zeebrugge - Bremerhaven,SEA,PILOT_TO_PILOT,8,748,29,9,10,TX3,VL1,53.05107150045147,4.416897231791149,31.97006949288368,10.0,124.50603925412479,138.78711291465584
749,Zeebrugge - Bremerhaven,SEA,PILOT_TO_PILOT,8,749,30,9,10,TX3,VL1,53.053413450263214,4.419334436480617,31.97006949288368,10.0,124.67189517862126,138.6212569901594
750,Zeebrugge - Bremerhaven,SEA,PILOT_TO_PILOT,8,750,31,9,10,TX3,VL1,53.05575535026832,4.421771906095803,31.97006949288368,10.0,124.83775110311772,138.4554010656629
751,Zeebrugge - Bremerhaven,SEA,PILOT_TO_PILOT,8,751,32,9,10,TX3,VL1,53.058097200457134,4.424209640682416,31.97006949288368,10.0,125.0036070276142,138.28954514116646
752,Zeebrugge - Bremerhaven,SEA,PILOT_TO_PILOT,8,752,33,9,10,TX3,VL1,53.06043900082,4.426647640286172,31.97006949288368,10.0,125.16946295211066,138.12368921666996
753,Zeebrugge - Bremerhaven,SEA,PILOT_TO_PILOT,8,753,34,9,10,TX3,VL1,53.06278075134726,4.429085904952797,31.97006949288368,10.0,125.33531887660713,137.95783329217352
754,Zeebrugge - Bremerhaven,SEA,PILOT_TO_PILOT,8,754,35,9,10,TX3,VL1,53.06512245202926,4.431524434728025,31.97006949288368,10.0,125.5011748011036,137.79197736767702
755,Zeebrugge - Bremerhaven,SEA,PILOT_TO_PILOT,8,755,36,9,10,TX3,VL1,53.06746410285634,4.433963229657597,31.97006949288368,10.0,125.66703072560007,137.62612144318058
756,Zeebrugge - Bremerhaven,SEA,PILOT_TO_PILOT,8,756,37,9,10,TX3,VL1,53.06980570381883,4.436402289787265,31.97006949288368,10.0,125.83288665009654,137.46026551868408
757,Zeebrugge - Bremerhaven,SEA,PILOT_TO_PILOT,8,757,38,9,10,TX3,VL1,53.07214725490707,4.438841615162789,31.97006949288368,10.0,125.99874257459301,137.29440959418764
758,Zeebrugge - Bremerhaven,SEA,PILOT_TO_PILOT,8,758,39,9,10,TX3,VL1,53.07448875611139,4.441281205829939,31.97006949288368,10.0,126.16459849908946,137.12855366969117
759,Zeebrugge - Bremerhaven,SEA,PILOT_TO_PILOT,8,759,40,9,10,TX3,VL1,53.07683020742211,4.443721061834489,31.97006949288368,10.0,126.33045442358593,136.9626977451947
760,Zeebrugge - Bremerhaven,SEA,PILOT_TO_PILOT,8,760,41,9,10,TX3,VL1,53.07917160882957,4.446161183222222,31.97006949288368,10.0,126.4963103480824,136.79684182069823
761,Zeebrugge - Bremerhaven,SEA,PILOT_TO_PILOT,8,761,42,9,10,TX3,VL1,53.08151296032409,4.448601570038938,31.97006949288368,10.0,126.66216627257887,136.63098589620176
762,Zeebrugge - Bremerhaven,SEA,PILOT_TO_PILOT,8,762,43,9,10,TX3,VL1,53.083854261895986,4.451042222330435,31.97006949288368,10.0,126.82802219707534,136.4651299717053
763,Zeebrugge - Bremerhaven,SEA,PILOT_TO_PILOT,8,763,44,9,10,TX3,VL1,53.086195513535586,4.453483140142526,31.97006949288368,10.0,126.99387812157181,136.29927404720883
764,Zeebrugge - Bremerhaven,SEA,PILOT_TO_PILOT,8,764,45,9,10,TX3,VL1,53.088536715233225,4.455924323521032,31.97006949288368,10.0,127.15973404606828,136.13341812271236
765,Zeebrugge - Bremerhaven,SEA,PILOT_TO_PILOT,8,765,46,9,10,TX3,VL1,53.09087786697918,4.458365772511777,31.97006949288368,10.0,127.32558997056475,135.9675621982159
766,Zeebrugge - Bremerhaven,SEA,PILOT_TO_PILOT,8,766,47,9,10,TX3,VL1,53.09321896876378,4.460807487160601,31.97006949288368,10.0,127.49144589506122,135.80170627371942
767,Zeebrugge - Bremerhaven,SEA,PILOT_TO_PILOT,8,767,48,9,10,TX3,VL1,53.09556002057735,4.463249467513349,31.97006949288368,10.0,127.65730181955769,135.63585034922295
768,Zeebrugge - Bremerhaven,SEA,PILOT_TO_PILOT,8,768,49,9,10,TX3,VL1,53.09790102241019,4.4656917136158745,31.97006949288368,10.0,127.82315774405416,135.46999442472648
769,Zeebrugge - Bremerhaven,SEA,PILOT_TO_PILOT,8,769,50,9,10,TX3,VL1,53.10024197425262,4.468134225514041,31.97006949288368,10.0,127.98901366855063,135.30413850023
770,Zeebrugge - Bremerhaven,SEA,PILOT_TO_PILOT,8,770,51,9,10,TX3,VL1,53.10258287609492,4.470577003253719,31.97006949288368,10.0,128.1548695930471,135.13828257573354
771,Zeebrugge - Bremerhaven,SEA,PILOT_TO_PILOT,8,771,52,9,10,TX3,VL1,53.104923727927414,4.473020046880787,31.97006949288368,10.0,128.32072551754356,134.97242665123707
772,Zeebrugge - Bremerhaven,SEA,PILOT_TO_PILOT,8,772,53,9,10,TX3,VL1,53.10726452974039,4.475463356441136,31.97006949288368,10.0,128.48658144204003,134.8065707267406
773,Zeebrugge - Bremerhaven,SEA,PILOT_TO_PILOT,8,773,54,9,10,TX3,VL1,53.109605281524146,4.477906931980661,31.97006949288368,10.0,128.6524373665365,134.64071480224413
774,Zeebrugge - Bremerhaven,SEA,PILOT_TO_PILOT,8,774,55,9,10,TX3,VL1,53.11194598326898,4.480350773545268,31.97006949288368,10.0,128.81829329103297,134.47485887774766
775,Zeebrugge - Bremerhaven,SEA,PILOT_TO_PILOT,8,775,56,9,10,TX3,VL1,53.11428663496519,4.482794881180871,31.97006949288368,10.0,128.98414921552944,134.3090029532512
776,Zeebrugge - Bremerhaven,SEA,PILOT_TO_PILOT,8,776,57,9,10,TX3,VL1,53.11662723660307,4.485239254933394,31.97006949288368,10.0,129.1500051400259,134.14314702875473
777,Zeebrugge - Bremerhaven,SEA,PILOT_TO_PILOT,8,777,58,9,10,TX3,VL1,53.11896778817291,4.487683894848768,31.97006949288368,10.0,129.31586106452238,133.97729110425826
778,Zeebrugge - Bremerhaven,SEA,PILOT_TO_PILOT,8,778,59,9,10,TX3,VL1,53.12130828966497,4.490128800972931,31.97006949288368,10.0,129.48171698901885,133.8114351797618
779,Zeebrugge - Bremerhaven,SEA,PILOT_TO_PILOT,8,779,60,9,10,TX3,VL1,53.123648741069566,4.492573973351834,31.97006949288368,10.0,129.64757291351532,133.64557925526532
780,Zeebrugge - Bremerhaven,SEA,PILOT_TO_PILOT,8,780,61,9,10,TX3,VL1,53.12598914237697,4.495019412031433,31.97006949288368,10.0,129.8134288380118,133.47972333076885
781,Zeebrugge - Bremerhaven,SEA,PILOT_TO_PILOT,8,781,62,9,10,TX3,VL1,53.12832949357747,4.497465117057694,31.97006949288368,10.0,129.97928476250826,133.31386740627238
782,Zeebrugge - Bremerhaven,SEA,PILOT_TO_PILOT,8,782,63,9,10,TX3,VL1,53.13066979466132,4.4999110884765905,31.97006949288368,10.0,130.1451406870047,133.14801148177594
783,Zeebrugge - Bremerhaven,SEA,PILOT_TO_PILOT,8,783,64,9,10,TX3,VL1,53.13301004561882,4.502357326334107,31.97006949288368,10.0,130.31099661150117,132.98215555727947
784,Zeebrugge - Bremerhaven,SEA,PILOT_TO_PILOT,8,784,65,9,10,TX3,VL1,53.13535024644023,4.504803830676234,31.97006949288368,10.0,130.47685253599764,132.816299632783
785,Zeebrugge - Bremerhaven,SEA,PILOT_TO_PILOT,8,785,66,9,10,TX3,VL1,53.13769039711583,4.507250601548974,31.97006949288368,10.0,130.6427084604941,132.65044370828653
786,Zeebrugge - Bremerhaven,SEA,PILOT_TO_PILOT,8,786,67,9,10,TX3,VL1,53.14003049763589,4.5096976389983325,31.97006949288368,10.0,130.80856438499058,132.48458778379006
787,Zeebrugge - Bremerhaven,SEA,PILOT_TO_PILOT,8,787,68,9,10,TX3,VL1,53.14237054799066,4.512144943070328,31.97006949288368,10.0,130.97442030948704,132.3187318592936
788,Zeebrugge - Bremerhaven,SEA,PILOT_TO_PILOT,8,788,69,9,10,TX3,VL1,53.14471054817042,4.514592513810987,31.97006949288368,10.0,131.1402762339835,132.15287593479712
789,Zeebrugge - Bremerhaven,SEA,PILOT_TO_PILOT,8,789,70,9,10,TX3,VL1,53.14705049816543,4.5170403512663455,31.97006949288368,10.0,131.30613215847998,131.98702001030065
790,Zeebrugge - Bremerhaven,SEA,PILOT_TO_PILOT,8,790,71,9,10,TX3,VL1,53.14939039796595,4.519488455482445,31.97006949288368,10.0,131.47198808297645,131.82116408580418
791,Zeebrugge - Bremerhaven,SEA,PILOT_TO_PILOT,8,791,72,9,10,TX3,VL1,53.151730247562234,4.521936826505337,31.97006949288368,10.0,131.63784400747292,131.65530816130772
792,Zeebrugge - Bremerhaven,SEA,PILOT_TO_PILOT,8,792,73,9,10,TX3,VL1,53.15407004694454,4.5243854643810835,31.97006949288368,10.0,131.8036999319694,131.48945223681125
793,Zeebrugge - Bremerhaven,SEA,PILOT_TO_PILOT,8,793,74,9,10,TX3,VL1,53.15640979610312,4.526834369155753,31.97006949288368,10.0,131.96955585646586,131.32359631231478
794,Zeebrugge - Bremerhaven,SEA,PILOT_TO_PILOT,8,794,75,9,10,TX3,VL1,53.15874949502822,4.529283540875423,31.97006949288368,10.0,132.13541178096233,131.1577403878183
795,Zeebrugge - Bremerhaven,SEA,PILOT_TO_PILOT,8,795,76,9,10,TX3,VL1,53.1610891437101,4.53173297958618,31.97006949288368,10.0,132.3012677054588,130.99188446332184
796,Zeebrugge - Bremerhaven,SEA,PILOT_TO_PILOT,8,796,77,9,10,TX3,VL1,53.163428742139,4.534182685334121,31.97006949288368,10.0,132.46712362995527,130.82602853882537
797,Zeebrugge - Bremerhaven,SEA,PILOT_TO_PILOT,8,797,78,9,10,TX3,VL1,53.16576829030517,4.536632658165347,31.97006949288368,10.0,132.63297955445174,130.6601726143289
798,Zeebrugge - Bremerhaven,SEA,PILOT_TO_PILOT,8,798,79,9,10,TX3,VL1,53.16810778819884,4.539082898125971,31.97006949288368,10.0,132.7988354789482,130.49431668983243
799,Zeebrugge - Bremerhaven,SEA,PILOT_TO_PILOT,8,799,80,9,10,TX3,VL1,53.17044723581026,4.541533405262115,31.97006949288368,10.0,132.96469140344468,130.32846076533596
800,Zeebrugge - Bremerhaven,SEA,PILOT_TO_PILOT,8,800,81,9,10,TX3,VL1,53.17278663312965,4.5439841796199065,31.97006949288368,10.0,133.13054732794114,130.1626048408395
801,Zeebrugge - Bremerhaven,SEA,PILOT_TO_PILOT,8,801,82,9,10,TX3,VL1,53.175125980147264,4.546435221245486,31.97006949288368,10.0,133.2964032524376,129.99674891634302
802,Zeebrugge - Bremerhaven,SEA,PILOT_TO_PILOT,8,802,83,9,10,TX3,VL1,53.17746527685334,4.548886530185,31.97006949288368,10.0,133.46225917693408,129.83089299184655
803,Zeebrugge - Bremerhaven,SEA,PILOT_TO_PILOT,8,803,84,9,10,TX3,VL1,53.17980452323809,4.551338106484601,31.97006949288368,10.0,133.62811510143055,129.66503706735008
804,Zeebrugge - Bremerhaven,SEA,PILOT_TO_PILOT,8,804,85,9,10,TX3,VL1,53.18214371929176,4.553789950190457,31.97006949288368,10.0,133.79397102592702,129.49918114285362
805,Zeebrugge - Bremerhaven,SEA,PILOT_TO_PILOT,8,805,86,9,10,TX3,VL1,53.18448286500455,4.5562420613487395,31.97006949288368,10.0,133.9598269504235,129.33332521835715
806,Zeebrugge - Bremerhaven,SEA,PILOT_TO_PILOT,8,806,87,9,10,TX3,VL1,53.18682196036671,4.558694440005629,31.97006949288368,10.0,134.12568287491996,129.16746929386068
807,Zeebrugge - Bremerhaven,SEA,PILOT_TO_PILOT,8,807,88,9,10,TX3,VL1,53.189161005368454,4.561147086207316,31.97006949288368,10.0,134.29153879941643,129.0016133693642
808,Zeebrugge - Bremerhaven,SEA,PILOT_TO_PILOT,9,808,0,10,11,VL1,VL5,53.191500000000005,4.5636,24.97469685925438,10.0,134.4573947239129,128.83575744486774
809,Zeebrugge - Bremerhaven,SEA,PILOT_TO_PILOT,9,809,1,10,11,VL1,VL5,53.19402235958459,4.565560996872726,24.97469685925438,10.0,134.62446095137514,128.6686912174055
810,Zeebrugge - Bremerhaven,SEA,PILOT_TO_PILOT,9,810,2,10,11,VL1,VL5,53.19654468697038,4.567522224506496,24.97469685925438,10.0,134.79152717883738,128.50162498994325
811,Zeebrugge - Bremerhaven,SEA,PILOT_TO_PILOT,9,811,3,10,11,VL1,VL5,53.199066982150605,4.569483682946702,24.97469685925438,10.0,134.95859340629966,128.33455876248098
812,Zeebrugge - Bremerhaven,SEA,PILOT_TO_PILOT,9,812,4,10,11,VL1,VL5,53.20158924511855,4.5714453722387445,24.97469685925438,10.0,135.1256596337619,128.16749253501874
813,Zeebrugge - Bremerhaven,SEA,PILOT_TO_PILOT,9,813,5,10,11,VL1,VL5,53.20411147586746,4.573407292428036,24.97469685925438,10.0,135.29272586122414,128.0004263075565
814,Zeebrugge - Bremerhaven,SEA,PILOT_TO_PILOT,9,814,6,10,11,VL1,VL5,53.20663367439056,4.57536944356,24.97469685925438,10.0,135.45979208868638,127.83336008009425
815,Zeebrugge - Bremerhaven,SEA,PILOT_TO_PILOT,9,815,7,10,11,VL1,VL5,53.209155840681134,4.57733182568007,24.97469685925438,10.0,135.62685831614863,127.66629385263201
816,Zeebrugge - Bremerhaven,SEA,PILOT_TO_PILOT,9,816,8,10,11,VL1,VL5,53.2116779747324,4.579294438833691,24.97469685925438,10.0,135.79392454361087,127.49922762516977
817,Zeebrugge - Bremerhaven,SEA,PILOT_TO_PILOT,9,817,9,10,11,VL1,VL5,53.21420007653762,4.581257283066319,24.97469685925438,10.0,135.96099077107314,127.3321613977075
818,Zeebrugge - Bremerhaven,SEA,PILOT_TO_PILOT,9,818,10,10,11,VL1,VL5,53.216722146090035,4.583220358423417,24.97469685925438,10.0,136.12805699853538,127.16509517024525
819,Zeebrugge - Bremerhaven,SEA,PILOT_TO_PILOT,9,819,11,10,11,VL1,VL5,53.219244183382884,4.585183664950464,24.97469685925438,10.0,136.29512322599763,126.99802894278301
820,Zeebrugge - Bremerhaven,SEA,PILOT_TO_PILOT,9,820,12,10,11,VL1,VL5,53.2217661884094,4.587147202692947,24.97469685925438,10.0,136.46218945345987,126.83096271532077
821,Zeebrugge - Bremerhaven,SEA,PILOT_TO_PILOT,9,821,13,10,11,VL1,VL5,53.224288161162825,4.589110971696364,24.97469685925438,10.0,136.6292556809221,126.66389648785852
822,Zeebrugge - Bremerhaven,SEA,PILOT_TO_PILOT,9,822,14,10,11,VL1,VL5,53.226810101636396,4.591074972006223,24.97469685925438,10.0,136.79632190838436,126.49683026039628
823,Zeebrugge - Bremerhaven,SEA,PILOT_TO_PILOT,9,823,15,10,11,VL1,VL5,53.22933200982335,4.593039203668044,24.97469685925438,10.0,136.96338813584663,126.32976403293401
824,Zeebrugge - Bremerhaven,SEA,PILOT_TO_PILOT,9,824,16,10,11,VL1,VL5,53.23185388571692,4.595003666727359,24.97469685925438,10.0,137.13045436330887,126.16269780547177
825,Zeebrugge - Bremerhaven,SEA,PILOT_TO_PILOT,9,825,17,10,11,VL1,VL5,53.23437572931034,4.596968361229705,24.97469685925438,10.0,137.29752059077111,125.99563157800952
826,Zeebrugge - Bremerhaven,SEA,PILOT_TO_PILOT,9,826,18,10,11,VL1,VL5,53.23689754059683,4.598933287220639,24.97469685925438,10.0,137.46458681823336,125.82856535054728
827,Zeebrugge - Bremerhaven,SEA,PILOT_TO_PILOT,9,827,19,10,11,VL1,VL5,53.2394193195696,4.6008984447457175,24.97469685925438,10.0,137.6316530456956,125.66149912308504
828,Zeebrugge - Bremerhaven,SEA,PILOT_TO_PILOT,9,828,20,10,11,VL1,VL5,53.24194106622191,4.602863833850519,24.97469685925438,10.0,137.79871927315787,125.49443289562277
829,Zeebrugge - Bremerhaven,SEA,PILOT_TO_PILOT,9,829,21,10,11,VL1,VL5,53.244462780546975,4.604829454580624,24.97469685925438,10.0,137.96578550062011,125.32736666816052
830,Zeebrugge - Bremerhaven,SEA,PILOT_TO_PILOT,9,830,22,10,11,VL1,VL5,53.24698446253801,4.606795306981629,24.97469685925438,10.0,138.13285172808236,125.16030044069828
831,Zeebrugge - Bremerhaven,SEA,PILOT_TO_PILOT,9,831,23,10,11,VL1,VL5,53.24950611218822,4.608761391099141,24.97469685925438,10.0,138.2999179555446,124.99323421323604
832,Zeebrugge - Bremerhaven,SEA,PILOT_TO_PILOT,9,832,24,10,11,VL1,VL5,53.25202772949086,4.610727706978772,24.97469685925438,10.0,138.46698418300684,124.8261679857738
833,Zeebrugge - Bremerhaven,SEA,PILOT_TO_PILOT,9,833,25,10,11,VL1,VL5,53.25454931443912,4.612694254666152,24.97469685925438,10.0,138.6340504104691,124.65910175831155
834,Zeebrugge - Bremerhaven,SEA,PILOT_TO_PILOT,9,834,26,10,11,VL1,VL5,53.257070867026215,4.614661034206916,24.97469685925438,10.0,138.80111663793136,124.49203553084928
835,Zeebrugge - Bremerhaven,SEA,PILOT_TO_PILOT,9,835,27,10,11,VL1,VL5,53.25959238724536,4.616628045646716,24.97469685925438,10.0,138.9681828653936,124.32496930338704
836,Zeebrugge - Bremerhaven,SEA,PILOT_TO_PILOT,9,836,28,10,11,VL1,VL5,53.262113875089774,4.61859528903121,24.97469685925438,10.0,139.13524909285584,124.15790307592479
837,Zeebrugge - Bremerhaven,SEA,PILOT_TO_PILOT,9,837,29,10,11,VL1,VL5,53.26463533055268,4.620562764406067,24.97469685925438,10.0,139.3023153203181,123.99083684846255
838,Zeebrugge - Bremerhaven,SEA,PILOT_TO_PILOT,9,838,30,10,11,VL1,VL5,53.26715675362725,4.622530471816968,24.97469685925438,10.0,139.46938154778033,123.8237706210003
839,Zeebrugge - Bremerhaven,SEA,PILOT_TO_PILOT,9,839,31,10,11,VL1,VL5,53.26967814430672,4.624498411309608,24.97469685925438,10.0,139.63644777524257,123.65670439353806
840,Zeebrugge - Bremerhaven,SEA,PILOT_TO_PILOT,9,840,32,10,11,VL1,VL5,53.272199502584265,4.626466582929684,24.97469685925438,10.0,139.80351400270484,123.48963816607579
841,Zeebrugge - Bremerhaven,SEA,PILOT_TO_PILOT,9,841,33,10,11,VL1,VL5,53.27472082845313,4.628434986722911,24.97469685925438,10.0,139.9705802301671,123.32257193861355
842,Zeebrugge - Bremerhaven,SEA,PILOT_TO_PILOT,9,842,34,10,11,VL1,VL5,53.27724212190648,4.630403622735016,24.97469685925438,10.0,140.13764645762933,123.1555057111513
843,Zeebrugge - Bremerhaven,SEA,PILOT_TO_PILOT,9,843,35,10,11,VL1,VL5,53.279763382937524,4.632372491011729,24.97469685925438,10.0,140.30471268509157,122.98843948368906
844,Zeebrugge - Bremerhaven,SEA,PILOT_TO_PILOT,9,844,36,10,11,VL1,VL5,53.28228461153947,4.634341591598799,24.97469685925438,10.0,140.47177891255382,122.82137325622682
845,Zeebrugge - Bremerhaven,SEA,PILOT_TO_PILOT,9,845,37,10,11,VL1,VL5,53.28480580770549,4.63631092454198,24.97469685925438,10.0,140.6388451400161,122.65430702876455
846,Zeebrugge - Bremerhaven,SEA,PILOT_TO_PILOT,9,846,38,10,11,VL1,VL5,53.287326971428804,4.638280489887043,24.97469685925438,10.0,140.80591136747833,122.4872408013023
847,Zeebrugge - Bremerhaven,SEA,PILOT_TO_PILOT,9,847,39,10,11,VL1,VL5,53.289848102702585,4.640250287679761,24.97469685925438,10.0,140.97297759494057,122.32017457384006
848,Zeebrugge - Bremerhaven,SEA,PILOT_TO_PILOT,9,848,40,10,11,VL1,VL5,53.29236920152004,4.642220317965924,24.97469685925438,10.0,141.14004382240282,122.15310834637782
849,Zeebrugge - Bremerhaven,SEA,PILOT_TO_PILOT,9,849,41,10,11,VL1,VL5,53.29489026787434,4.644190580791333,24.97469685925438,10.0,141.30711004986506,121.98604211891558
850,Zeebrugge - Bremerhaven,SEA,PILOT_TO_PILOT,9,850,42,10,11,VL1,VL5,53.29741130175868,4.646161076201799,24.97469685925438,10.0,141.4741762773273,121.81897589145333
851,Zeebrugge - Bremerhaven,SEA,PILOT_TO_PILOT,9,851,43,10,11,VL1,VL5,53.29993230316624,4.64813180424314,24.97469685925438,10.0,141.64124250478957,121.65190966399106
852,Zeebrugge - Bremerhaven,SEA,PILOT_TO_PILOT,9,852,44,10,11,VL1,VL5,53.30245327209021,4.650102764961191,24.97469685925438,10.0,141.80830873225182,121.48484343652882
853,Zeebrugge - Bremerhaven,SEA,PILOT_TO_PILOT,9,853,45,10,11,VL1,VL5,53.30497420852377,4.652073958401792,24.97469685925438,10.0,141.97537495971406,121.31777720906658
854,Zeebrugge - Bremerhaven,SEA,PILOT_TO_PILOT,9,854,46,10,11,VL1,VL5,53.307495112460096,4.6540453846108,24.97469685925438,10.0,142.1424411871763,121.15071098160433
855,Zeebrugge - Bremerhaven,SEA,PILOT_TO_PILOT,9,855,47,10,11,VL1,VL5,53.31001598389236,4.656017043634075,24.97469685925438,10.0,142.30950741463855,120.98364475414209
856,Zeebrugge - Bremerhaven,SEA,PILOT_TO_PILOT,9,856,48,10,11,VL1,VL5,53.31253682281376,4.657988935517496,24.97469685925438,10.0,142.4765736421008,120.81657852667985
857,Zeebrugge - Bremerhaven,SEA,PILOT_TO_PILOT,9,857,49,10,11,VL1,VL5,53.31505762921744,4.659961060306947,24.97469685925438,10.0,142.64363986956306,120.64951229921758
858,Zeebrugge - Bremerhaven,SEA,PILOT_TO_PILOT,9,858,50,10,11,VL1,VL5,53.317578403096604,4.661933418048326,24.97469685925438,10.0,142.8107060970253,120.48244607175533
859,Zeebrugge - Bremerhaven,SEA,PILOT_TO_PILOT,9,859,51,10,11,VL1,VL5,53.3200991444444,4.66390600878754,24.97469685925438,10.0,142.97777232448755,120.31537984429309
860,Zeebrugge - Bremerhaven,SEA,PILOT_TO_PILOT,9,860,52,10,11,VL1,VL5,53.322619853254004,4.665878832570507,24.97469685925438,10.0,143.1448385519498,120.14831361683085
861,Zeebrugge - Bremerhaven,SEA,PILOT_TO_PILOT,9,861,53,10,11,VL1,VL5,53.32514052951858,4.667851889443159,24.97469685925438,10.0,143.31190477941203,119.9812473893686
862,Zeebrugge - Bremerhaven,SEA,PILOT_TO_PILOT,9,862,54,10,11,VL1,VL5,53.3276611732313,4.669825179451433,24.97469685925438,10.0,143.4789710068743,119.81418116190633
863,Zeebrugge - Bremerhaven,SEA,PILOT_TO_PILOT,9,863,55,10,11,VL1,VL5,53.33018178438532,4.67179870264128,24.97469685925438,10.0,143.64603723433655,119.64711493444409
864,Zeebrugge - Bremerhaven,SEA,PILOT_TO_PILOT,9,864,56,10,11,VL1,VL5,53.33270236297379,4.673772459058665,24.97469685925438,10.0,143.8131034617988,119.48004870698185
865,Zeebrugge - Bremerhaven,SEA,PILOT_TO_PILOT,9,865,57,10,11,VL1,VL5,53.33522290898992,4.67574644874956,24.97469685925438,10.0,143.98016968926103,119.3129824795196
866,Zeebrugge - Bremerhaven,SEA,PILOT_TO_PILOT,9,866,58,10,11,VL1,VL5,53.337743422426804,4.677720671759946,24.97469685925438,10.0,144.14723591672328,119.14591625205736
867,Zeebrugge - Bremerhaven,SEA,PILOT_TO_PILOT,9,867,59,10,11,VL1,VL5,53.34026390327763,4.679695128135819,24.97469685925438,10.0,144.31430214418552,118.97885002459512
868,Zeebrugge - Bremerhaven,SEA,PILOT_TO_PILOT,9,868,60,10,11,VL1,VL5,53.34278435153556,4.681669817923186,24.97469685925438,10.0,144.4813683716478,118.81178379713285
869,Zeebrugge - Bremerhaven,SEA,PILOT_TO_PILOT,9,869,61,10,11,VL1,VL5,53.34530476719374,4.68364474116806,24.97469685925438,10.0,144.64843459911003,118.6447175696706
870,Zeebrugge - Bremerhaven,SEA,PILOT_TO_PILOT,9,870,62,10,11,VL1,VL5,53.34782515024531,4.685619897916471,24.97469685925438,10.0,144.81550082657228,118.47765134220836
871,Zeebrugge - Bremerhaven,SEA,PILOT_TO_PILOT,9,871,63,10,11,VL1,VL5,53.35034550068343,4.687595288214455,24.97469685925438,10.0,144.98256705403452,118.31058511474612
872,Zeebrugge - Bremerhaven,SEA,PILOT_TO_PILOT,9,872,64,10,11,VL1,VL5,53.35286581850124,4.689570912108062,24.97469685925438,10.0,145.14963328149676,118.14351888728388
873,Zeebrugge - Bremerhaven,SEA,PILOT_TO_PILOT,9,873,65,10,11,VL1,VL5,53.3553861036919,4.691546769643351,24.97469685925438,10.0,145.316699508959,117.97645265982163
874,Zeebrugge - Bremerhaven,SEA,PILOT_TO_PILOT,9,874,66,10,11,VL1,VL5,53.35790635624855,4.693522860866392,24.97469685925438,10.0,145.48376573642128,117.80938643235936
875,Zeebrugge - Bremerhaven,SEA,PILOT_TO_PILOT,9,875,67,10,11,VL1,VL5,53.360426576164315,4.695499185823268,24.97469685925438,10.0,145.65083196388352,117.64232020489712
876,Zeebrugge - Bremerhaven,SEA,PILOT_TO_PILOT,9,876,68,10,11,VL1,VL5,53.36294676343234,4.697475744560069,24.97469685925438,10.0,145.81789819134576,117.47525397743487
877,Zeebrugge - Bremerhaven,SEA,PILOT_TO_PILOT,9,877,69,10,11,VL1,VL5,53.365466918045776,4.699452537122902,24.97469685925438,10.0,145.984964418808,117.30818774997263
878,Zeebrugge - Bremerhaven,SEA,PILOT_TO_PILOT,9,878,70,10,11,VL1,VL5,53.367987039997764,4.701429563557877,24.97469685925438,10.0,146.15203064627025,117.14112152251039
879,Zeebrugge - Bremerhaven,SEA,PILOT_TO_PILOT,9,879,71,10,11,VL1,VL5,53.37050712928142,4.70340682391112,24.97469685925438,10.0,146.31909687373252,116.97405529504812
880,Zeebrugge - Bremerhaven,SEA,PILOT_TO_PILOT,9,880,72,10,11,VL1,VL5,53.37302718588989,4.705384318228768,24.97469685925438,10.0,146.48616310119476,116.80698906758587
881,Zeebrugge - Bremerhaven,SEA,PILOT_TO_PILOT,9,881,73,10,11,VL1,VL5,53.375547209816304,4.707362046556967,24.97469685925438,10.0,146.653229328657,116.63992284012363
882,Zeebrugge - Bremerhaven,SEA,PILOT_TO_PILOT,9,882,74,10,11,VL1,VL5,53.37806720105379,4.709340008941876,24.97469685925438,10.0,146.82029555611925,116.47285661266139
883,Zeebrugge - Bremerhaven,SEA,PILOT_TO_PILOT,9,883,75,10,11,VL1,VL5,53.38058715959547,4.711318205429662,24.97469685925438,10.0,146.9873617835815,116.30579038519915
884,Zeebrugge - Bremerhaven,SEA,PILOT_TO_PILOT,9,884,76,10,11,VL1,VL5,53.38310708543447,4.713296636066504,24.97469685925438,10.0,147.15442801104373,116.1387241577369
885,Zeebrugge - Bremerhaven,SEA,PILOT_TO_PILOT,9,885,77,10,11,VL1,VL5,53.385626978563934,4.715275300898595,24.97469685925438,10.0,147.321494238506,115.97165793027463
886,Zeebrugge - Bremerhaven,SEA,PILOT_TO_PILOT,9,886,78,10,11,VL1,VL5,53.388146838976944,4.717254199972133,24.97469685925438,10.0,147.48856046596825,115.80459170281239
887,Zeebrugge - Bremerhaven,SEA,PILOT_TO_PILOT,10,887,0,11,12,VL5,VL7,53.39066666666667,4.719233333333333,65.65235198856959,10.0,147.6556266934305,115.63752547535015
888,Zeebrugge - Bremerhaven,SEA,PILOT_TO_PILOT,10,888,1,11,12,VL5,VL7,53.39180709302899,4.7234596817413825,65.65235198856959,10.0,147.82172134657708,115.47143082220356
889,Zeebrugge - Bremerhaven,SEA,PILOT_TO_PILOT,10,889,2,11,12,VL5,VL7,53.39294737014772,4.7276862566139215,65.65235198856959,10.0,147.98781599972367,115.30533616905697
890,Zeebrugge - Bremerhaven,SEA,PILOT_TO_PILOT,10,890,3,11,12,VL5,VL7,53.39408749800869,4.731913057942861,65.65235198856959,10.0,148.15391065287025,115.13924151591038
891,Zeebrugge - Bremerhaven,SEA,PILOT_TO_PILOT,10,891,4,11,12,VL5,VL7,53.39522747659769,4.736140085720097,65.65235198856959,10.0,148.32000530601684,114.9731468627638
892,Zeebrugge - Bremerhaven,SEA,PILOT_TO_PILOT,10,892,5,11,12,VL5,VL7,53.39636730590052,4.740367339937521,65.65235198856959,10.0,148.48609995916345,114.80705220961718
893,Zeebrugge - Bremerhaven,SEA,PILOT_TO_PILOT,10,893,6,11,12,VL5,VL7,53.39750698590298,4.744594820587014,65.65235198856959,10.0,148.65219461231004,114.6409575564706
894,Zeebrugge - Bremerhaven,SEA,PILOT_TO_PILOT,10,894,7,11,12,VL5,VL7,53.398646516590865,4.74882252766045,65.65235198856959,10.0,148.81828926545663,114.47486290332401
895,Zeebrugge - Bremerhaven,SEA,PILOT_TO_PILOT,10,895,8,11,12,VL5,VL7,53.39978589794997,4.753050461149692,65.65235198856959,10.0,148.9843839186032,114.30876825017742
896,Zeebrugge - Bremerhaven,SEA,PILOT_TO_PILOT,10,896,9,11,12,VL5,VL7,53.4009251299661,4.757278621046595,65.65235198856959,10.0,149.1504785717498,114.14267359703084
897,Zeebrugge - Bremerhaven,SEA,PILOT_TO_PILOT,10,897,10,11,12,VL5,VL7,53.40206421262505,4.761507007343009,65.65235198856959,10.0,149.3165732248964,113.97657894388425
898,Zeebrugge - Bremerhaven,SEA,PILOT_TO_PILOT,10,898,11,11,12,VL5,VL7,53.40320314591262,4.765735620030769,65.65235198856959,10.0,149.48266787804297,113.81048429073766
899,Zeebrugge - Bremerhaven,SEA,PILOT_TO_PILOT,10,899,12,11,12,VL5,VL7,53.404341929814606,4.769964459101708,65.65235198856959,10.0,149.64876253118956,113.64438963759108
900,Zeebrugge - Bremerhaven,SEA,PILOT_TO_PILOT,10,900,13,11,12,VL5,VL7,53.40548056431681,4.774193524547644,65.65235198856959,10.0,149.81485718433618,113.47829498444446
901,Zeebrugge - Bremerhaven,SEA,PILOT_TO_PILOT,10,901,14,11,12,VL5,VL7,53.406619049405045,4.778422816360392,65.65235198856959,10.0,149.98095183748276,113.31220033129787
902,Zeebrugge - Bremerhaven,SEA,PILOT_TO_PILOT,10,902,15,11,12,VL5,VL7,53.407757385065075,4.782652334531753,65.65235198856959,10.0,150.14704649062935,113.14610567815129
903,Zeebrugge - Bremerhaven,SEA,PILOT_TO_PILOT,10,903,16,11,12,VL5,VL7,53.40889557128274,4.786882079053526,65.65235198856959,10.0,150.31314114377594,112.9800110250047
904,Zeebrugge - Bremerhaven,SEA,PILOT_TO_PILOT,10,904,17,11,12,VL5,VL7,53.41003360804381,4.791112049917496,65.65235198856959,10.0,150.47923579692252,112.81391637185811
905,Zeebrugge - Bremerhaven,SEA,PILOT_TO_PILOT,10,905,18,11,12,VL5,VL7,53.4111714953341,4.795342247115439,65.65235198856959,10.0,150.6453304500691,112.64782171871153
906,Zeebrugge - Bremerhaven,SEA,PILOT_TO_PILOT,10,906,19,11,12,VL5,VL7,53.41230923313942,4.799572670639127,65.65235198856959,10.0,150.8114251032157,112.48172706556494
907,Zeebrugge - Bremerhaven,SEA,PILOT_TO_PILOT,10,907,20,11,12,VL5,VL7,53.413446821445525,4.80380332048032,65.65235198856959,10.0,150.97751975636228,112.31563241241835
908,Zeebrugge - Bremerhaven,SEA,PILOT_TO_PILOT,10,908,21,11,12,VL5,VL7,53.41458426023826,4.80803419663077,65.65235198856959,10.0,151.14361440950887,112.14953775927177
909,Zeebrugge - Bremerhaven,SEA,PILOT_TO_PILOT,10,909,22,11,12,VL5,VL7,53.41572154950342,4.812265299082219,65.65235198856959,10.0,151.3097090626555,111.98344310612515
910,Zeebrugge - Bremerhaven,SEA,PILOT_TO_PILOT,10,910,23,11,12,VL5,VL7,53.416858689226785,4.816496627826402,65.65235198856959,10.0,151.47580371580207,111.81734845297856
911,Zeebrugge - Bremerhaven,SEA,PILOT_TO_PILOT,10,911,24,11,12,VL5,VL7,53.417995679394174,4.820728182855049,65.65235198856959,10.0,151.64189836894866,111.65125379983198
912,Zeebrugge - Bremerhaven,SEA,PILOT_TO_PILOT,10,912,25,11,12,VL5,VL7,53.41913251999138,4.8249599641598735,65.65235198856959,10.0,151.80799302209525,111.48515914668539
913,Zeebrugge - Bremerhaven,SEA,PILOT_TO_PILOT,10,913,26,11,12,VL5,VL7,53.4202692110042,4.829191971732583,65.65235198856959,10.0,151.97408767524183,111.3190644935388
914,Zeebrugge - Bremerhaven,SEA,PILOT_TO_PILOT,10,914,27,11,12,VL5,VL7,53.42140575241843,4.833424205564884,65.65235198856959,10.0,152.14018232838842,111.15296984039222
915,Zeebrugge - Bremerhaven,SEA,PILOT_TO_PILOT,10,915,28,11,12,VL5,VL7,53.42254214421989,4.837656665648462,65.65235198856959,10.0,152.306276981535,110.98687518724563
916,Zeebrugge - Bremerhaven,SEA,PILOT_TO_PILOT,10,916,29,11,12,VL5,VL7,53.423678386394364,4.841889351975002,65.65235198856959,10.0,152.4723716346816,110.82078053409904
917,Zeebrugge - Bremerhaven,SEA,PILOT_TO_PILOT,10,917,30,11,12,VL5,VL7,53.42481447892767,4.846122264536179,65.65235198856959,10.0,152.63846628782818,110.65468588095246
918,Zeebrugge - Bremerhaven,SEA,PILOT_TO_PILOT,10,918,31,11,12,VL5,VL7,53.425950421805574,4.850355403323656,65.65235198856959,10.0,152.8045609409748,110.48859122780584
919,Zeebrugge - Bremerhaven,SEA,PILOT_TO_PILOT,10,919,32,11,12,VL5,VL7,53.42708621501392,4.854588768329092,65.65235198856959,10.0,152.97065559412138,110.32249657465925
920,Zeebrugge - Bremerhaven,SEA,PILOT_TO_PILOT,10,920,33,11,12,VL5,VL7,53.428221858538485,4.858822359544135,65.65235198856959,10.0,153.13675024726797,110.15640192151267
921,Zeebrugge - Bremerhaven,SEA,PILOT_TO_PILOT,10,921,34,11,12,VL5,VL7,53.42935735236508,4.8630561769604235,65.65235198856959,10.0,153.30284490041456,109.99030726836608
922,Zeebrugge - Bremerhaven,SEA,PILOT_TO_PILOT,10,922,35,11,12,VL5,VL7,53.430492696479504,4.867290220569591,65.65235198856959,10.0,153.46893955356114,109.8242126152195
923,Zeebrugge - Bremerhaven,SEA,PILOT_TO_PILOT,10,923,36,11,12,VL5,VL7,53.43162789086756,4.8715244903632575,65.65235198856959,10.0,153.63503420670773,109.65811796207291
924,Zeebrugge - Bremerhaven,SEA,PILOT_TO_PILOT,10,924,37,11,12,VL5,VL7,53.43276293551504,4.875758986333036,65.65235198856959,10.0,153.80112885985432,109.49202330892632
925,Zeebrugge - Bremerhaven,SEA,PILOT_TO_PILOT,10,925,38,11,12,VL5,VL7,53.43389783040775,4.879993708470532,65.65235198856959,10.0,153.9672235130009,109.32592865577973
926,Zeebrugge - Bremerhaven,SEA,PILOT_TO_PILOT,10,926,39,11,12,VL5,VL7,53.43503257553151,4.884228656767343,65.65235198856959,10.0,154.13331816614752,109.15983400263312
927,Zeebrugge - Bremerhaven,SEA,PILOT_TO_PILOT,10,927,40,11,12,VL5,VL7,53.436167170872096,4.888463831215056,65.65235198856959,10.0,154.2994128192941,108.99373934948653
928,Zeebrugge - Bremerhaven,SEA,PILOT_TO_PILOT,10,928,41,11,12,VL5,VL7,53.43730161641533,4.892699231805248,65.65235198856959,10.0,154.4655074724407,108.82764469633995
929,Zeebrugge - Bremerhaven,SEA,PILOT_TO_PILOT,10,929,42,11,12,VL5,VL7,53.43843591214699,4.896934858529492,65.65235198856959,10.0,154.63160212558728,108.66155004319336
930,Zeebrugge - Bremerhaven,SEA,PILOT_TO_PILOT,10,930,43,11,12,VL5,VL7,53.43957005805291,4.901170711379346,65.65235198856959,10.0,154.79769677873387,108.49545539004677
931,Zeebrugge - Bremerhaven,SEA,PILOT_TO_PILOT,10,931,44,11,12,VL5,VL7,53.44070405411888,4.905406790346368,65.65235198856959,10.0,154.96379143188045,108.32936073690018
932,Zeebrugge - Bremerhaven,SEA,PILOT_TO_PILOT,10,932,45,11,12,VL5,VL7,53.441837900330704,4.909643095422099,65.65235198856959,10.0,155.12988608502704,108.1632660837536
933,Zeebrugge - Bremerhaven,SEA,PILOT_TO_PILOT,10,933,46,11,12,VL5,VL7,53.44297159667417,4.913879626598073,65.65235198856959,10.0,155.29598073817363,107.99717143060701
934,Zeebrugge - Bremerhaven,SEA,PILOT_TO_PILOT,10,934,47,11,12,VL5,VL7,53.444105143135104,4.918116383865818,65.65235198856959,10.0,155.46207539132024,107.8310767774604
935,Zeebrugge - Bremerhaven,SEA,PILOT_TO_PILOT,10,935,48,11,12,VL5,VL7,53.4452385396993,4.922353367216854,65.65235198856959,10.0,155.62817004446683,107.66498212431381
936,Zeebrugge - Bremerhaven,SEA,PILOT_TO_PILOT,10,936,49,11,12,VL5,VL7,53.44637178635254,4.926590576642689,65.65235198856959,10.0,155.79426469761341,107.49888747116722
937,Zeebrugge - Bremerhaven,SEA,PILOT_TO_PILOT,10,937,50,11,12,VL5,VL7,53.44750488308066,4.930828012134822,65.65235198856959,10.0,155.96035935076,107.33279281802064
938,Zeebrugge - Bremerhaven,SEA,PILOT_TO_PILOT,10,938,51,11,12,VL5,VL7,53.448637829869455,4.935065673684747,65.65235198856959,10.0,156.1264540039066,107.16669816487405
939,Zeebrugge - Bremerhaven,SEA,PILOT_TO_PILOT,10,939,52,11,12,VL5,VL7,53.449770626704726,4.939303561283949,65.65235198856959,10.0,156.29254865705317,107.00060351172746
940,Zeebrugge - Bremerhaven,SEA,PILOT_TO_PILOT,10,940,53,11,12,VL5,VL7,53.450903273572266,4.943541674923898,65.65235198856959,10.0,156.45864331019976,106.83450885858088
941,Zeebrugge - Bremerhaven,SEA,PILOT_TO_PILOT,10,941,54,11,12,VL5,VL7,53.4520357704579,4.947780014596064,65.65235198856959,10.0,156.62473796334635,106.66841420543429
942,Zeebrugge - Bremerhaven,SEA,PILOT_TO_PILOT,10,942,55,11,12,VL5,VL7,53.45316811734741,4.952018580291902,65.65235198856959,10.0,156.79083261649293,106.5023195522877
943,Zeebrugge - Bremerhaven,SEA,PILOT_TO_PILOT,10,943,56,11,12,VL5,VL7,53.454300314226614,4.956257372002861,65.65235198856959,10.0,156.95692726963955,106.33622489914109
944,Zeebrugge - Bremerhaven,SEA,PILOT_TO_PILOT,10,944,57,11,12,VL5,VL7,53.45543236108132,4.960496389720383,65.65235198856959,10.0,157.12302192278614,106.1701302459945
945,Zeebrugge - Bremerhaven,SEA,PILOT_TO_PILOT,10,945,58,11,12,VL5,VL7,53.45656425789731,4.964735633435898,65.65235198856959,10.0,157.28911657593272,106.00403559284791
946,Zeebrugge - Bremerhaven,SEA,PILOT_TO_PILOT,10,946,59,11,12,VL5,VL7,53.45769600466043,4.968975103140826,65.65235198856959,10.0,157.4552112290793,105.83794093970133
947,Zeebrugge - Bremerhaven,SEA,PILOT_TO_PILOT,10,947,60,11,12,VL5,VL7,53.45882760135644,4.973214798826582,65.65235198856959,10.0,157.6213058822259,105.67184628655474
948,Zeebrugge - Bremerhaven,SEA,PILOT_TO_PILOT,10,948,61,11,12,VL5,VL7,53.459959047971175,4.977454720484573,65.65235198856959,10.0,157.78740053537248,105.50575163340815
949,Zeebrugge - Bremerhaven,SEA,PILOT_TO_PILOT,10,949,62,11,12,VL5,VL7,53.46109034449042,4.981694868106193,65.65235198856959,10.0,157.95349518851907,105.33965698026157
950,Zeebrugge - Bremerhaven,SEA,PILOT_TO_PILOT,10,950,63,11,12,VL5,VL7,53.46222149089999,4.985935241682831,65.65235198856959,10.0,158.11958984166566,105.17356232711498
951,Zeebrugge - Bremerhaven,SEA,PILOT_TO_PILOT,10,951,64,11,12,VL5,VL7,53.4633524871857,4.990175841205866,65.65235198856959,10.0,158.28568449481224,105.00746767396839
952,Zeebrugge - Bremerhaven,SEA,PILOT_TO_PILOT,11,952,0,12,13,VL7,Borkumriff,53.464483333333334,4.994416666666666,70.97728207617058,10.0,158.45177914795886,104.84137302082178
953,Zeebrugge - Bremerhaven,SEA,PILOT_TO_PILOT,11,953,1,12,13,VL7,Borkumriff,53.465388346327586,4.998826486857272,70.97728207617058,10.0,158.61850235622103,104.67464981255961
954,Zeebrugge - Bremerhaven,SEA,PILOT_TO_PILOT,11,954,2,12,13,VL7,Borkumriff,53.46629319696743,5.0032364950643515,70.97728207617058,10.0,158.7852255644832,104.50792660429744
955,Zeebrugge - Bremerhaven,SEA,PILOT_TO_PILOT,11,955,3,12,13,VL7,Borkumriff,53.4671978852406,5.007646691268398,70.97728207617058,10.0,158.95194877274537,104.34120339603527
956,Zeebrugge - Bremerhaven,SEA,PILOT_TO_PILOT,11,956,4,12,13,VL7,Borkumriff,53.46810241113483,5.012057075449886,70.97728207617058,10.0,159.11867198100754,104.1744801877731
957,Zeebrugge - Bremerhaven,SEA,PILOT_TO_PILOT,11,957,5,12,13,VL7,Borkumriff,53.46900677463781,5.0164676475892875,70.97728207617058,10.0,159.2853951892697,104.00775697951093
958,Zeebrugge - Bremerhaven,SEA,PILOT_TO_PILOT,11,958,6,12,13,VL7,Borkumriff,53.46991097573729,5.020878407667062,70.97728207617058,10.0,159.45211839753188,103.84103377124876
959,Zeebrugge - Bremerhaven,SEA,PILOT_TO_PILOT,11,959,7,12,13,VL7,Borkumriff,53.47081501442097,5.025289355663663,70.97728207617058,10.0,159.61884160579405,103.67431056298659
960,Zeebrugge - Bremerhaven,SEA,PILOT_TO_PILOT,11,960,8,12,13,VL7,Borkumriff,53.47171889067658,5.0297004915595345,70.97728207617058,10.0,159.78556481405622,103.50758735472442
961,Zeebrugge - Bremerhaven,SEA,PILOT_TO_PILOT,11,961,9,12,13,VL7,Borkumriff,53.47262260449184,5.034111815335112,70.97728207617058,10.0,159.95228802231838,103.34086414646225
962,Zeebrugge - Bremerhaven,SEA,PILOT_TO_PILOT,11,962,10,12,13,VL7,Borkumriff,53.473526155854486,5.038523326970819,70.97728207617058,10.0,160.11901123058053,103.17414093820011
963,Zeebrugge - Bremerhaven,SEA,PILOT_TO_PILOT,11,963,11,12,13,VL7,Borkumriff,53.47442954475224,5.042935026447076,70.97728207617058,10.0,160.2857344388427,103.00741772993794
964,Zeebrugge - Bremerhaven,SEA,PILOT_TO_PILOT,11,964,12,12,13,VL7,Borkumriff,53.47533277117281,5.047346913744286,70.97728207617058,10.0,160.45245764710486,102.84069452167577
965,Zeebrugge - Bremerhaven,SEA,PILOT_TO_PILOT,11,965,13,12,13,VL7,Borkumriff,53.47623583510394,5.051758988842855,70.97728207617058,10.0,160.61918085536703,102.6739713134136
966,Zeebrugge - Bremerhaven,SEA,PILOT_TO_PILOT,11,966,14,12,13,VL7,Borkumriff,53.47713873653338,5.05617125172317,70.97728207617058,10.0,160.7859040636292,102.50724810515143
967,Zeebrugge - Bremerhaven,SEA,PILOT_TO_PILOT,11,967,15,12,13,VL7,Borkumriff,53.47804147544881,5.060583702365615,70.97728207617058,10.0,160.95262727189137,102.34052489688926
968,Zeebrugge - Bremerhaven,SEA,PILOT_TO_PILOT,11,968,16,12,13,VL7,Borkumriff,53.478944051838,5.06499634075056,70.97728207617058,10.0,161.11935048015354,102.1738016886271
969,Zeebrugge - Bremerhaven,SEA,PILOT_TO_PILOT,11,969,17,12,13,VL7,Borkumriff,53.479846465688674,5.069409166858373,70.97728207617058,10.0,161.2860736884157,102.00707848036492
970,Zeebrugge - Bremerhaven,SEA,PILOT_TO_PILOT,11,970,18,12,13,VL7,Borkumriff,53.48074871698856,5.073822180669407,70.97728207617058,10.0,161.45279689667788,101.84035527210276
971,Zeebrugge - Bremerhaven,SEA,PILOT_TO_PILOT,11,971,19,12,13,VL7,Borkumriff,53.48165080572539,5.07823538216401,70.97728207617058,10.0,161.61952010494005,101.67363206384059
972,Zeebrugge - Bremerhaven,SEA,PILOT_TO_PILOT,11,972,20,12,13,VL7,Borkumriff,53.482552731886884,5.082648771322519,70.97728207617058,10.0,161.78624331320222,101.50690885557842
973,Zeebrugge - Bremerhaven,SEA,PILOT_TO_PILOT,11,973,21,12,13,VL7,Borkumriff,53.483454495460805,5.087062348125262,70.97728207617058,10.0,161.9529665214644,101.34018564731625
974,Zeebrugge - Bremerhaven,SEA,PILOT_TO_PILOT,11,974,22,12,13,VL7,Borkumriff,53.48435609643488,5.09147611255256,70.97728207617058,10.0,162.11968972972656,101.17346243905408
975,Zeebrugge - Bremerhaven,SEA,PILOT_TO_PILOT,11,975,23,12,13,VL7,Borkumriff,53.48525753479686,5.095890064584729,70.97728207617058,10.0,162.28641293798873,101.00673923079191
976,Zeebrugge - Bremerhaven,SEA,PILOT_TO_PILOT,11,976,24,12,13,VL7,Borkumriff,53.48615881053445,5.100304204202065,70.97728207617058,10.0,162.4531361462509,100.84001602252974
977,Zeebrugge - Bremerhaven,SEA,PILOT_TO_PILOT,11,977,25,12,13,VL7,Borkumriff,53.487059923635414,5.104718531384865,70.97728207617058,10.0,162.61985935451307,100.67329281426757
978,Zeebrugge - Bremerhaven,SEA,PILOT_TO_PILOT,11,978,26,12,13,VL7,Borkumriff,53.48796087408749,5.109133046113413,70.97728207617058,10.0,162.78658256277524,100.5065696060054
979,Zeebrugge - Bremerhaven,SEA,PILOT_TO_PILOT,11,979,27,12,13,VL7,Borkumriff,53.488861661878424,5.113547748367986,70.97728207617058,10.0,162.9533057710374,100.33984639774323
980,Zeebrugge - Bremerhaven,SEA,PILOT_TO_PILOT,11,980,28,12,13,VL7,Borkumriff,53.48976228699594,5.1179626381288505,70.97728207617058,10.0,163.12002897929958,100.17312318948106
981,Zeebrugge - Bremerhaven,SEA,PILOT_TO_PILOT,11,981,29,12,13,VL7,Borkumriff,53.490662749427806,5.122377715376264,70.97728207617058,10.0,163.28675218756172,100.00639998121892
982,Zeebrugge - Bremerhaven,SEA,PILOT_TO_PILOT,11,982,30,12,13,VL7,Borkumriff,53.49156304916175,5.12679298009048,70.97728207617058,10.0,163.4534753958239,99.83967677295675
983,Zeebrugge - Bremerhaven,SEA,PILOT_TO_PILOT,11,983,31,12,13,VL7,Borkumriff,53.49246318618552,5.131208432251733,70.97728207617058,10.0,163.62019860408606,99.67295356469458
984,Zeebrugge - Bremerhaven,SEA,PILOT_TO_PILOT,11,984,32,12,13,VL7,Borkumriff,53.493363160486865,5.1356240718402635,70.97728207617058,10.0,163.78692181234823,99.50623035643241
985,Zeebrugge - Bremerhaven,SEA,PILOT_TO_PILOT,11,985,33,12,13,VL7,Borkumriff,53.49426297205354,5.140039898836286,70.97728207617058,10.0,163.9536450206104,99.33950714817024
986,Zeebrugge - Bremerhaven,SEA,PILOT_TO_PILOT,11,986,34,12,13,VL7,Borkumriff,53.49516262087328,5.144455913220021,70.97728207617058,10.0,164.12036822887256,99.17278393990807
987,Zeebrugge - Bremerhaven,SEA,PILOT_TO_PILOT,11,987,35,12,13,VL7,Borkumriff,53.496062106933856,5.148872114971673,70.97728207617058,10.0,164.28709143713473,99.0060607316459
988,Zeebrugge - Bremerhaven,SEA,PILOT_TO_PILOT,11,988,36,12,13,VL7,Borkumriff,53.49696143022299,5.153288504071436,70.97728207617058,10.0,164.4538146453969,98.83933752338373
989,Zeebrugge - Bremerhaven,SEA,PILOT_TO_PILOT,11,989,37,12,13,VL7,Borkumriff,53.49786059072846,5.1577050804994995,70.97728207617058,10.0,164.62053785365907,98.67261431512156
990,Zeebrugge - Bremerhaven,SEA,PILOT_TO_PILOT,11,990,38,12,13,VL7,Borkumriff,53.498759588438,5.162121844236043,70.97728207617058,10.0,164.78726106192124,98.5058911068594
991,Zeebrugge - Bremerhaven,SEA,PILOT_TO_PILOT,11,991,39,12,13,VL7,Borkumriff,53.49965842333938,5.166538795261237,70.97728207617058,10.0,164.9539842701834,98.33916789859722
992,Zeebrugge - Bremerhaven,SEA,PILOT_TO_PILOT,11,992,40,12,13,VL7,Borkumriff,53.50055709542034,5.170955933555242,70.97728207617058,10.0,165.12070747844558,98.17244469033506
993,Zeebrugge - Bremerhaven,SEA,PILOT_TO_PILOT,11,993,41,12,13,VL7,Borkumriff,53.50145560466866,5.175373259098212,70.97728207617058,10.0,165.28743068670775,98.00572148207289
994,Zeebrugge - Bremerhaven,SEA,PILOT_TO_PILOT,11,994,42,12,13,VL7,Borkumriff,53.50235395107206,5.179790771870289,70.97728207617058,10.0,165.45415389496992,97.83899827381072
995,Zeebrugge - Bremerhaven,SEA,PILOT_TO_PILOT,11,995,43,12,13,VL7,Borkumriff,53.50325213461832,5.184208471851609,70.97728207617058,10.0,165.6208771032321,97.67227506554855
996,Zeebrugge - Bremerhaven,SEA,PILOT_TO_PILOT,11,996,44,12,13,VL7,Borkumriff,53.5041501552952,5.188626359022297,70.97728207617058,10.0,165.78760031149426,97.50555185728638
997,Zeebrugge - Bremerhaven,SEA,PILOT_TO_PILOT,11,997,45,12,13,VL7,Borkumriff,53.505048013090466,5.1930444333624735,70.97728207617058,10.0,165.95432351975643,97.33882864902421
998,Zeebrugge - Bremerhaven,SEA,PILOT_TO_PILOT,11,998,46,12,13,VL7,Borkumriff,53.50594570799187,5.197462694852243,70.97728207617058,10.0,166.1210467280186,97.17210544076204
999,Zeebrugge - Bremerhaven,SEA,PILOT_TO_PILOT,11,999,47,12,13,VL7,Borkumriff,53.506843239987155,5.201881143471706,70.97728207617058,10.0,166.28776993628077,97.00538223249987
1000,Zeebrugge - Bremerhaven,SEA,PILOT_TO_PILOT,11,1000,48,12,13,VL7,Borkumriff,53.507740609064115,5.206299779200956,70.97728207617058,10.0,166.45449314454294,96.8386590242377
1001,Zeebrugge - Bremerhaven,SEA,PILOT_TO_PILOT,11,1001,49,12,13,VL7,Borkumriff,53.50863781521051,5.210718602020073,70.97728207617058,10.0,166.62121635280508,96.67193581597556
1002,Zeebrugge - Bremerhaven,SEA,PILOT_TO_PILOT,11,1002,50,12,13,VL7,Borkumriff,53.50953485841409,5.215137611909128,70.97728207617058,10.0,166.78793956106725,96.50521260771339
1003,Zeebrugge - Bremerhaven,SEA,PILOT_TO_PILOT,11,1003,51,12,13,VL7,Borkumriff,53.510431738662625,5.219556808848189,70.97728207617058,10.0,166.95466276932942,96.33848939945122
1004,Zeebrugge - Bremerhaven,SEA,PILOT_TO_PILOT,11,1004,52,12,13,VL7,Borkumriff,53.511328455943904,5.223976192817309,70.97728207617058,10.0,167.1213859775916,96.17176619118905
1005,Zeebrugge - Bremerhaven,SEA,PILOT_TO_PILOT,11,1005,53,12,13,VL7,Borkumriff,53.512225010245665,5.228395763796537,70.97728207617058,10.0,167.28810918585376,96.00504298292688
1006,Zeebrugge - Bremerhaven,SEA,PILOT_TO_PILOT,11,1006,54,12,13,VL7,Borkumriff,53.513121401555686,5.232815521765909,70.97728207617058,10.0,167.45483239411593,95.83831977466471
1007,Zeebrugge - Bremerhaven,SEA,PILOT_TO_PILOT,11,1007,55,12,13,VL7,Borkumriff,53.514017629861755,5.237235466705454,70.97728207617058,10.0,167.6215556023781,95.67159656640254
1008,Zeebrugge - Bremerhaven,SEA,PILOT_TO_PILOT,11,1008,56,12,13,VL7,Borkumriff,53.51491369515162,5.241655598595194,70.97728207617058,10.0,167.78827881064026,95.50487335814037
1009,Zeebrugge - Bremerhaven,SEA,PILOT_TO_PILOT,11,1009,57,12,13,VL7,Borkumriff,53.51580959741307,5.246075917415138,70.97728207617058,10.0,167.95500201890243,95.3381501498782
1010,Zeebrugge - Bremerhaven,SEA,PILOT_TO_PILOT,11,1010,58,12,13,VL7,Borkumriff,53.516705336633855,5.2504964231452895,70.97728207617058,10.0,168.1217252271646,95.17142694161603
1011,Zeebrugge - Bremerhaven,SEA,PILOT_TO_PILOT,11,1011,59,12,13,VL7,Borkumriff,53.51760091280179,5.254917115765642,70.97728207617058,10.0,168.28844843542677,95.00470373335386
1012,Zeebrugge - Bremerhaven,SEA,PILOT_TO_PILOT,11,1012,60,12,13,VL7,Borkumriff,53.51849632590461,5.259337995256181,70.97728207617058,10.0,168.45517164368894,94.8379805250917
1013,Zeebrugge - Bremerhaven,SEA,PILOT_TO_PILOT,11,1013,61,12,13,VL7,Borkumriff,53.51939157593011,5.263759061596881,70.97728207617058,10.0,168.6218948519511,94.67125731682953
1014,Zeebrugge - Bremerhaven,SEA,PILOT_TO_PILOT,11,1014,62,12,13,VL7,Borkumriff,53.52028666286606,5.268180314767709,70.97728207617058,10.0,168.78861806021328,94.50453410856736
1015,Zeebrugge - Bremerhaven,SEA,PILOT_TO_PILOT,11,1015,63,12,13,VL7,Borkumriff,53.52118158670026,5.272601754748626,70.97728207617058,10.0,168.95534126847545,94.33781090030519
1016,Zeebrugge - Bremerhaven,SEA,PILOT_TO_PILOT,11,1016,64,12,13,VL7,Borkumriff,53.522076347420466,5.277023381519579,70.97728207617058,10.0,169.12206447673762,94.17108769204302
1017,Zeebrugge - Bremerhaven,SEA,PILOT_TO_PILOT,11,1017,65,12,13,VL7,Borkumriff,53.52297094501447,5.281445195060509,70.97728207617058,10.0,169.2887876849998,94.00436448378085
1018,Zeebrugge - Bremerhaven,SEA,PILOT_TO_PILOT,11,1018,66,12,13,VL7,Borkumriff,53.523865379470045,5.285867195351349,70.97728207617058,10.0,169.45551089326193,93.8376412755187
1019,Zeebrugge - Bremerhaven,SEA,PILOT_TO_PILOT,11,1019,67,12,13,VL7,Borkumriff,53.524759650774975,5.290289382372019,70.97728207617058,10.0,169.6222341015241,93.67091806725654
1020,Zeebrugge - Bremerhaven,SEA,PILOT_TO_PILOT,11,1020,68,12,13,VL7,Borkumriff,53.52565375891706,5.294711756102438,70.97728207617058,10.0,169.78895730978627,93.50419485899437
1021,Zeebrugge - Bremerhaven,SEA,PILOT_TO_PILOT,11,1021,69,12,13,VL7,Borkumriff,53.52654770388406,5.299134316522506,70.97728207617058,10.0,169.95568051804844,93.3374716507322
1022,Zeebrugge - Bremerhaven,SEA,PILOT_TO_PILOT,11,1022,70,12,13,VL7,Borkumriff,53.527441485663786,5.303557063612123,70.97728207617058,10.0,170.1224037263106,93.17074844247003
1023,Zeebrugge - Bremerhaven,SEA,PILOT_TO_PILOT,11,1023,71,12,13,VL7,Borkumriff,53.52833510424401,5.307979997351175,70.97728207617058,10.0,170.28912693457278,93.00402523420786
1024,Zeebrugge - Bremerhaven,SEA,PILOT_TO_PILOT,11,1024,72,12,13,VL7,Borkumriff,53.52922855961251,5.3124031177195405,70.97728207617058,10.0,170.45585014283495,92.83730202594569
1025,Zeebrugge - Bremerhaven,SEA,PILOT_TO_PILOT,11,1025,73,12,13,VL7,Borkumriff,53.53012185175709,5.316826424697091,70.97728207617058,10.0,170.62257335109712,92.67057881768352
1026,Zeebrugge - Bremerhaven,SEA,PILOT_TO_PILOT,11,1026,74,12,13,VL7,Borkumriff,53.531014980665546,5.321249918263687,70.97728207617058,10.0,170.7892965593593,92.50385560942135
1027,Zeebrugge - Bremerhaven,SEA,PILOT_TO_PILOT,11,1027,75,12,13,VL7,Borkumriff,53.53190794632565,5.325673598399177,70.97728207617058,10.0,170.95601976762146,92.33713240115918
1028,Zeebrugge - Bremerhaven,SEA,PILOT_TO_PILOT,11,1028,76,12,13,VL7,Borkumriff,53.532800748725215,5.330097465083411,70.97728207617058,10.0,171.12274297588363,92.17040919289701
1029,Zeebrugge - Bremerhaven,SEA,PILOT_TO_PILOT,11,1029,77,12,13,VL7,Borkumriff,53.533693387852026,5.334521518296219,70.97728207617058,10.0,171.2894661841458,92.00368598463484
1030,Zeebrugge - Bremerhaven,SEA,PILOT_TO_PILOT,11,1030,78,12,13,VL7,Borkumriff,53.53458586369386,5.338945758017427,70.97728207617058,10.0,171.45618939240796,91.83696277637267
1031,Zeebrugge - Bremerhaven,SEA,PILOT_TO_PILOT,11,1031,79,12,13,VL7,Borkumriff,53.53547817623854,5.343370184226854,70.97728207617058,10.0,171.62291260067013,91.6702395681105
1032,Zeebrugge - Bremerhaven,SEA,PILOT_TO_PILOT,11,1032,80,12,13,VL7,Borkumriff,53.53637032547385,5.3477947969043065,70.97728207617058,10.0,171.7896358089323,91.50351635984833
1033,Zeebrugge - Bremerhaven,SEA,PILOT_TO_PILOT,11,1033,81,12,13,VL7,Borkumriff,53.53726231138758,5.352219596029583,70.97728207617058,10.0,171.95635901719447,91.33679315158616
1034,Zeebrugge - Bremerhaven,SEA,PILOT_TO_PILOT,11,1034,82,12,13,VL7,Borkumriff,53.53815413396753,5.356644581582476,70.97728207617058,10.0,172.12308222545664,91.170069943324
1035,Zeebrugge - Bremerhaven,SEA,PILOT_TO_PILOT,11,1035,83,12,13,VL7,Borkumriff,53.53904579320152,5.361069753542764,70.97728207617058,10.0,172.2898054337188,91.00334673506183
1036,Zeebrugge - Bremerhaven,SEA,PILOT_TO_PILOT,11,1036,84,12,13,VL7,Borkumriff,53.539937289077315,5.365495111890221,70.97728207617058,10.0,172.45652864198098,90.83662352679966
1037,Zeebrugge - Bremerhaven,SEA,PILOT_TO_PILOT,11,1037,85,12,13,VL7,Borkumriff,53.54082862158275,5.369920656604611,70.97728207617058,10.0,172.62325185024315,90.66990031853749
1038,Zeebrugge - Bremerhaven,SEA,PILOT_TO_PILOT,11,1038,86,12,13,VL7,Borkumriff,53.541719790705606,5.374346387665689,70.97728207617058,10.0,172.7899750585053,90.50317711027535
1039,Zeebrugge - Bremerhaven,SEA,PILOT_TO_PILOT,11,1039,87,12,13,VL7,Borkumriff,53.5426107964337,5.3787723050532,70.97728207617058,10.0,172.95669826676746,90.33645390201318
1040,Zeebrugge - Bremerhaven,SEA,PILOT_TO_PILOT,11,1040,88,12,13,VL7,Borkumriff,53.54350163875483,5.383198408746884,70.97728207617058,10.0,173.12342147502963,90.169730693751
1041,Zeebrugge - Bremerhaven,SEA,PILOT_TO_PILOT,11,1041,89,12,13,VL7,Borkumriff,53.5443923176568,5.387624698726464,70.97728207617058,10.0,173.2901446832918,90.00300748548884
1042,Zeebrugge - Bremerhaven,SEA,PILOT_TO_PILOT,11,1042,90,12,13,VL7,Borkumriff,53.54528283312742,5.392051174971665,70.97728207617058,10.0,173.45686789155397,89.83628427722667
1043,Zeebrugge - Bremerhaven,SEA,PILOT_TO_PILOT,11,1043,91,12,13,VL7,Borkumriff,53.54617318515451,5.396477837462196,70.97728207617058,10.0,173.62359109981614,89.6695610689645
1044,Zeebrugge - Bremerhaven,SEA,PILOT_TO_PILOT,11,1044,92,12,13,VL7,Borkumriff,53.54706337372586,5.400904686177756,70.97728207617058,10.0,173.7903143080783,89.50283786070233
1045,Zeebrugge - Bremerhaven,SEA,PILOT_TO_PILOT,11,1045,93,12,13,VL7,Borkumriff,53.54795339882928,5.405331721098043,70.97728207617058,10.0,173.95703751634048,89.33611465244016
1046,Zeebrugge - Bremerhaven,SEA,PILOT_TO_PILOT,11,1046,94,12,13,VL7,Borkumriff,53.54884326045259,5.409758942202736,70.97728207617058,10.0,174.12376072460265,89.16939144417799
1047,Zeebrugge - Bremerhaven,SEA,PILOT_TO_PILOT,11,1047,95,12,13,VL7,Borkumriff,53.5497329585836,5.414186349471514,70.97728207617058,10.0,174.29048393286482,89.00266823591582
1048,Zeebrugge - Bremerhaven,SEA,PILOT_TO_PILOT,11,1048,96,12,13,VL7,Borkumriff,53.55062249321012,5.41861394288404,70.97728207617058,10.0,174.457207141127,88.83594502765365
1049,Zeebrugge - Bremerhaven,SEA,PILOT_TO_PILOT,11,1049,97,12,13,VL7,Borkumriff,53.55151186431997,5.423041722419975,70.97728207617058,10.0,174.62393034938916,88.66922181939148
1050,Zeebrugge - Bremerhaven,SEA,PILOT_TO_PILOT,11,1050,98,12,13,VL7,Borkumriff,53.55240107190096,5.427469688058967,70.97728207617058,10.0,174.79065355765132,88.50249861112931
1051,Zeebrugge - Bremerhaven,SEA,PILOT_TO_PILOT,11,1051,99,12,13,VL7,Borkumriff,53.55329011594092,5.431897839780652,70.97728207617058,10.0,174.9573767659135,88.33577540286714
1052,Zeebrugge - Bremerhaven,SEA,PILOT_TO_PILOT,11,1052,100,12,13,VL7,Borkumriff,53.55417899642763,5.436326177564665,70.97728207617058,10.0,175.12409997417566,88.16905219460497
1053,Zeebrugge - Bremerhaven,SEA,PILOT_TO_PILOT,11,1053,101,12,13,VL7,Borkumriff,53.555067713348954,5.440754701390628,70.97728207617058,10.0,175.29082318243783,88.0023289863428
1054,Zeebrugge - Bremerhaven,SEA,PILOT_TO_PILOT,11,1054,102,12,13,VL7,Borkumriff,53.55595626669268,5.445183411238154,70.97728207617058,10.0,175.4575463907,87.83560577808063
1055,Zeebrugge - Bremerhaven,SEA,PILOT_TO_PILOT,11,1055,103,12,13,VL7,Borkumriff,53.55684465644665,5.449612307086845,70.97728207617058,10.0,175.62426959896217,87.66888256981846
1056,Zeebrugge - Bremerhaven,SEA,PILOT_TO_PILOT,11,1056,104,12,13,VL7,Borkumriff,53.55773288259867,5.4540413889163,70.97728207617058,10.0,175.7909928072243,87.50215936155632
1057,Zeebrugge - Bremerhaven,SEA,PILOT_TO_PILOT,11,1057,105,12,13,VL7,Borkumriff,53.558620945136575,5.458470656706103,70.97728207617058,10.0,175.95771601548648,87.33543615329415
1058,Zeebrugge - Bremerhaven,SEA,PILOT_TO_PILOT,11,1058,106,12,13,VL7,Borkumriff,53.55950884404818,5.462900110435832,70.97728207617058,10.0,176.12443922374865,87.16871294503198
1059,Zeebrugge - Bremerhaven,SEA,PILOT_TO_PILOT,11,1059,107,12,13,VL7,Borkumriff,53.5603965793213,5.467329750085058,70.97728207617058,10.0,176.29116243201082,87.00198973676981
1060,Zeebrugge - Bremerhaven,SEA,PILOT_TO_PILOT,11,1060,108,12,13,VL7,Borkumriff,53.561284150943784,5.47175957563334,70.97728207617058,10.0,176.457885640273,86.83526652850765
1061,Zeebrugge - Bremerhaven,SEA,PILOT_TO_PILOT,11,1061,109,12,13,VL7,Borkumriff,53.562171558903444,5.476189587060228,70.97728207617058,10.0,176.62460884853516,86.66854332024548
1062,Zeebrugge - Bremerhaven,SEA,PILOT_TO_PILOT,11,1062,110,12,13,VL7,Borkumriff,53.563058803188106,5.480619784345266,70.97728207617058,10.0,176.79133205679733,86.5018201119833
1063,Zeebrugge - Bremerhaven,SEA,PILOT_TO_PILOT,11,1063,111,12,13,VL7,Borkumriff,53.56394588378562,5.485050167467987,70.97728207617058,10.0,176.9580552650595,86.33509690372114
1064,Zeebrugge - Bremerhaven,SEA,PILOT_TO_PILOT,11,1064,112,12,13,VL7,Borkumriff,53.56483280068379,5.489480736407916,70.97728207617058,10.0,177.12477847332167,86.16837369545897
1065,Zeebrugge - Bremerhaven,SEA,PILOT_TO_PILOT,11,1065,113,12,13,VL7,Borkumriff,53.565719553870466,5.493911491144569,70.97728207617058,10.0,177.29150168158384,86.0016504871968
1066,Zeebrugge - Bremerhaven,SEA,PILOT_TO_PILOT,11,1066,114,12,13,VL7,Borkumriff,53.56660614333346,5.498342431657451,70.97728207617058,10.0,177.458224889846,85.83492727893463
1067,Zeebrugge - Bremerhaven,SEA,PILOT_TO_PILOT,11,1067,115,12,13,VL7,Borkumriff,53.56749256906061,5.502773557926063,70.97728207617058,10.0,177.62494809810818,85.66820407067246
1068,Zeebrugge - Bremerhaven,SEA,PILOT_TO_PILOT,11,1068,116,12,13,VL7,Borkumriff,53.56837883103979,5.507204869929893,70.97728207617058,10.0,177.79167130637035,85.50148086241029
1069,Zeebrugge - Bremerhaven,SEA,PILOT_TO_PILOT,11,1069,117,12,13,VL7,Borkumriff,53.56926492925877,5.51163636764842,70.97728207617058,10.0,177.95839451463252,85.33475765414812
1070,Zeebrugge - Bremerhaven,SEA,PILOT_TO_PILOT,11,1070,118,12,13,VL7,Borkumriff,53.570150863705436,5.516068051061118,70.97728207617058,10.0,178.1251177228947,85.16803444588595
1071,Zeebrugge - Bremerhaven,SEA,PILOT_TO_PILOT,11,1071,119,12,13,VL7,Borkumriff,53.57103663436761,5.520499920147449,70.97728207617058,10.0,178.29184093115686,85.00131123762378
1072,Zeebrugge - Bremerhaven,SEA,PILOT_TO_PILOT,11,1072,120,12,13,VL7,Borkumriff,53.57192224123312,5.524931974886863,70.97728207617058,10.0,178.45856413941902,84.83458802936161
1073,Zeebrugge - Bremerhaven,SEA,PILOT_TO_PILOT,11,1073,121,12,13,VL7,Borkumriff,53.57280768428982,5.529364215258812,70.97728207617058,10.0,178.6252873476812,84.66786482109944
1074,Zeebrugge - Bremerhaven,SEA,PILOT_TO_PILOT,11,1074,122,12,13,VL7,Borkumriff,53.57369296352555,5.533796641242726,70.97728207617058,10.0,178.79201055594336,84.50114161283727
1075,Zeebrugge - Bremerhaven,SEA,PILOT_TO_PILOT,11,1075,123,12,13,VL7,Borkumriff,53.57457807892815,5.538229252818035,70.97728207617058,10.0,178.95873376420553,84.3344184045751
1076,Zeebrugge - Bremerhaven,SEA,PILOT_TO_PILOT,11,1076,124,12,13,VL7,Borkumriff,53.57546303048546,5.542662049964156,70.97728207617058,10.0,179.1254569724677,84.16769519631293
1077,Zeebrugge - Bremerhaven,SEA,PILOT_TO_PILOT,11,1077,125,12,13,VL7,Borkumriff,53.57634781818532,5.547095032660499,70.97728207617058,10.0,179.29218018072984,84.0009719880508
1078,Zeebrugge - Bremerhaven,SEA,PILOT_TO_PILOT,11,1078,126,12,13,VL7,Borkumriff,53.577232442015585,5.551528200886466,70.97728207617058,10.0,179.458903388992,83.83424877978862
1079,Zeebrugge - Bremerhaven,SEA,PILOT_TO_PILOT,11,1079,127,12,13,VL7,Borkumriff,53.578116901964094,5.555961554621446,70.97728207617058,10.0,179.62562659725418,83.66752557152645
1080,Zeebrugge - Bremerhaven,SEA,PILOT_TO_PILOT,11,1080,128,12,13,VL7,Borkumriff,53.579001198018695,5.560395093844823,70.97728207617058,10.0,179.79234980551635,83.50080236326428
1081,Zeebrugge - Bremerhaven,SEA,PILOT_TO_PILOT,11,1081,129,12,13,VL7,Borkumriff,53.579885330167244,5.564828818535973,70.97728207617058,10.0,179.95907301377852,83.33407915500212
1082,Zeebrugge - Bremerhaven,SEA,PILOT_TO_PILOT,11,1082,130,12,13,VL7,Borkumriff,53.58076929839758,5.569262728674258,70.97728207617058,10.0,180.1257962220407,83.16735594673995
1083,Zeebrugge - Bremerhaven,SEA,PILOT_TO_PILOT,11,1083,131,12,13,VL7,Borkumriff,53.581653102697565,5.573696824239037,70.97728207617058,10.0,180.29251943030286,83.00063273847778
1084,Zeebrugge - Bremerhaven,SEA,PILOT_TO_PILOT,11,1084,132,12,13,VL7,Borkumriff,53.582536743055044,5.578131105209654,70.97728207617058,10.0,180.45924263856503,82.8339095302156
1085,Zeebrugge - Bremerhaven,SEA,PILOT_TO_PILOT,11,1085,133,12,13,VL7,Borkumriff,53.58342021945786,5.582565571565452,70.97728207617058,10.0,180.6259658468272,82.66718632195344
1086,Zeebrugge - Bremerhaven,SEA,PILOT_TO_PILOT,11,1086,134,12,13,VL7,Borkumriff,53.58430353189388,5.587000223285755,70.97728207617058,10.0,180.79268905508937,82.50046311369127
1087,Zeebrugge - Bremerhaven,SEA,PILOT_TO_PILOT,11,1087,135,12,13,VL7,Borkumriff,53.58518668035096,5.59143506034989,70.97728207617058,10.0,180.95941226335154,82.3337399054291
1088,Zeebrugge - Bremerhaven,SEA,PILOT_TO_PILOT,11,1088,136,12,13,VL7,Borkumriff,53.58606966481694,5.595870082737165,70.97728207617058,10.0,181.1261354716137,82.16701669716693
1089,Zeebrugge - Bremerhaven,SEA,PILOT_TO_PILOT,11,1089,137,12,13,VL7,Borkumriff,53.5869524852797,5.600305290426884,70.97728207617058,10.0,181.29285867987588,82.00029348890476
1090,Zeebrugge - Bremerhaven,SEA,PILOT_TO_PILOT,11,1090,138,12,13,VL7,Borkumriff,53.58783514172709,5.604740683398341,70.97728207617058,10.0,181.45958188813805,81.83357028064259
1091,Zeebrugge - Bremerhaven,SEA,PILOT_TO_PILOT,11,1091,139,12,13,VL7,Borkumriff,53.58871763414695,5.609176261630821,70.97728207617058,10.0,181.62630509640022,81.66684707238042
1092,Zeebrugge - Bremerhaven,SEA,PILOT_TO_PILOT,11,1092,140,12,13,VL7,Borkumriff,53.58959996252717,5.613612025103601,70.97728207617058,10.0,181.79302830466239,81.50012386411825
1093,Zeebrugge - Bremerhaven,SEA,PILOT_TO_PILOT,11,1093,141,12,13,VL7,Borkumriff,53.59048212685559,5.618047973795948,70.97728207617058,10.0,181.95975151292456,81.33340065585608
1094,Zeebrugge - Bremerhaven,SEA,PILOT_TO_PILOT,11,1094,142,12,13,VL7,Borkumriff,53.59136412712009,5.6224841076871215,70.97728207617058,10.0,182.1264747211867,81.16667744759394
1095,Zeebrugge - Bremerhaven,SEA,PILOT_TO_PILOT,11,1095,143,12,13,VL7,Borkumriff,53.59224596330851,5.626920426756371,70.97728207617058,10.0,182.29319792944887,80.99995423933177
1096,Zeebrugge - Bremerhaven,SEA,PILOT_TO_PILOT,11,1096,144,12,13,VL7,Borkumriff,53.593127635408734,5.631356930982938,70.97728207617058,10.0,182.45992113771104,80.8332310310696
1097,Zeebrugge - Bremerhaven,SEA,PILOT_TO_PILOT,11,1097,145,12,13,VL7,Borkumriff,53.59400914340862,5.635793620346052,70.97728207617058,10.0,182.6266443459732,80.66650782280743
1098,Zeebrugge - Bremerhaven,SEA,PILOT_TO_PILOT,11,1098,146,12,13,VL7,Borkumriff,53.59489048729603,5.640230494824939,70.97728207617058,10.0,182.79336755423537,80.49978461454526
1099,Zeebrugge - Bremerhaven,SEA,PILOT_TO_PILOT,11,1099,147,12,13,VL7,Borkumriff,53.59577166705884,5.644667554398811,70.97728207617058,10.0,182.96009076249754,80.3330614062831
1100,Zeebrugge - Bremerhaven,SEA,PILOT_TO_PILOT,11,1100,148,12,13,VL7,Borkumriff,53.596652682684926,5.649104799046878,70.97728207617058,10.0,183.1268139707597,80.16633819802092
1101,Zeebrugge - Bremerhaven,SEA,PILOT_TO_PILOT,11,1101,149,12,13,VL7,Borkumriff,53.597533534162146,5.6535422287483295,70.97728207617058,10.0,183.29353717902188,79.99961498975875
1102,Zeebrugge - Bremerhaven,SEA,PILOT_TO_PILOT,11,1102,150,12,13,VL7,Borkumriff,53.59841422147837,5.657979843482359,70.97728207617058,10.0,183.46026038728405,79.83289178149658
1103,Zeebrugge - Bremerhaven,SEA,PILOT_TO_PILOT,11,1103,151,12,13,VL7,Borkumriff,53.59929474462148,5.6624176432281415,70.97728207617058,10.0,183.62698359554622,79.66616857323442
1104,Zeebrugge - Bremerhaven,SEA,PILOT_TO_PILOT,11,1104,152,12,13,VL7,Borkumriff,53.60017510357934,5.666855627964851,70.97728207617058,10.0,183.7937068038084,79.49944536497225
1105,Zeebrugge - Bremerhaven,SEA,PILOT_TO_PILOT,11,1105,153,12,13,VL7,Borkumriff,53.60105529833983,5.671293797671645,70.97728207617058,10.0,183.96043001207056,79.33272215671008
1106,Zeebrugge - Bremerhaven,SEA,PILOT_TO_PILOT,11,1106,154,12,13,VL7,Borkumriff,53.60193532889083,5.675732152327677,70.97728207617058,10.0,184.12715322033273,79.1659989484479
1107,Zeebrugge - Bremerhaven,SEA,PILOT_TO_PILOT,11,1107,155,12,13,VL7,Borkumriff,53.6028151952202,5.68017069191209,70.97728207617058,10.0,184.2938764285949,78.99927574018574
1108,Zeebrugge - Bremerhaven,SEA,PILOT_TO_PILOT,11,1108,156,12,13,VL7,Borkumriff,53.60369489731583,5.684609416404019,70.97728207617058,10.0,184.46059963685707,78.83255253192357
1109,Zeebrugge - Bremerhaven,SEA,PILOT_TO_PILOT,11,1109,157,12,13,VL7,Borkumriff,53.60457443516561,5.689048325782588,70.97728207617058,10.0,184.62732284511924,78.6658293236614
1110,Zeebrugge - Bremerhaven,SEA,PILOT_TO_PILOT,11,1110,158,12,13,VL7,Borkumriff,53.605453808757396,5.693487420026915,70.97728207617058,10.0,184.7940460533814,78.49910611539923
1111,Zeebrugge - Bremerhaven,SEA,PILOT_TO_PILOT,11,1111,159,12,13,VL7,Borkumriff,53.606333018079084,5.697926699116108,70.97728207617058,10.0,184.96076926164358,78.33238290713706
1112,Zeebrugge - Bremerhaven,SEA,PILOT_TO_PILOT,11,1112,160,12,13,VL7,Borkumriff,53.607212063118546,5.702366163029264,70.97728207617058,10.0,185.12749246990575,78.16565969887489
1113,Zeebrugge - Bremerhaven,SEA,PILOT_TO_PILOT,11,1113,161,12,13,VL7,Borkumriff,53.60809094386367,5.706805811745475,70.97728207617058,10.0,185.29421567816792,77.99893649061272
1114,Zeebrugge - Bremerhaven,SEA,PILOT_TO_PILOT,11,1114,162,12,13,VL7,Borkumriff,53.60896966030236,5.711245645243824,70.97728207617058,10.0,185.46093888643009,77.83221328235055
1115,Zeebrugge - Bremerhaven,SEA,PILOT_TO_PILOT,11,1115,163,12,13,VL7,Borkumriff,53.60984821242246,5.715685663503378,70.97728207617058,10.0,185.62766209469223,77.66549007408841
1116,Zeebrugge - Bremerhaven,SEA,PILOT_TO_PILOT,11,1116,164,12,13,VL7,Borkumriff,53.6107266002119,5.720125866503205,70.97728207617058,10.0,185.7943853029544,77.49876686582624
1117,Zeebrugge - Bremerhaven,SEA,PILOT_TO_PILOT,11,1117,165,12,13,VL7,Borkumriff,53.61160482365853,5.724566254222355,70.97728207617058,10.0,185.96110851121657,77.33204365756407
1118,Zeebrugge - Bremerhaven,SEA,PILOT_TO_PILOT,11,1118,166,12,13,VL7,Borkumriff,53.61248288275027,5.729006826639878,70.97728207617058,10.0,186.12783171947873,77.1653204493019
1119,Zeebrugge - Bremerhaven,SEA,PILOT_TO_PILOT,11,1119,167,12,13,VL7,Borkumriff,53.613360777474995,5.73344758373481,70.97728207617058,10.0,186.2945549277409,76.99859724103973
1120,Zeebrugge - Bremerhaven,SEA,PILOT_TO_PILOT,11,1120,168,12,13,VL7,Borkumriff,53.61423850782059,5.737888525486175,70.97728207617058,10.0,186.46127813600307,76.83187403277756
1121,Zeebrugge - Bremerhaven,SEA,PILOT_TO_PILOT,11,1121,169,12,13,VL7,Borkumriff,53.61511607377496,5.742329651872997,70.97728207617058,10.0,186.62800134426524,76.6651508245154
1122,Zeebrugge - Bremerhaven,SEA,PILOT_TO_PILOT,11,1122,170,12,13,VL7,Borkumriff,53.61599347532599,5.746770962874284,70.97728207617058,10.0,186.7947245525274,76.49842761625322
1123,Zeebrugge - Bremerhaven,SEA,PILOT_TO_PILOT,11,1123,171,12,13,VL7,Borkumriff,53.61687071246158,5.751212458469035,70.97728207617058,10.0,186.96144776078958,76.33170440799105
1124,Zeebrugge - Bremerhaven,SEA,PILOT_TO_PILOT,11,1124,172,12,13,VL7,Borkumriff,53.61774778516963,5.7556541386362445,70.97728207617058,10.0,187.12817096905175,76.16498119972889
1125,Zeebrugge - Bremerhaven,SEA,PILOT_TO_PILOT,11,1125,173,12,13,VL7,Borkumriff,53.618624693438015,5.760096003354899,70.97728207617058,10.0,187.29489417731392,75.99825799146672
1126,Zeebrugge - Bremerhaven,SEA,PILOT_TO_PILOT,11,1126,174,12,13,VL7,Borkumriff,53.61950143725465,5.764538052603965,70.97728207617058,10.0,187.4616173855761,75.83153478320455
1127,Zeebrugge - Bremerhaven,SEA,PILOT_TO_PILOT,11,1127,175,12,13,VL7,Borkumriff,53.620378016607425,5.768980286362415,70.97728207617058,10.0,187.62834059383826,75.66481157494238
1128,Zeebrugge - Bremerhaven,SEA,PILOT_TO_PILOT,11,1128,176,12,13,VL7,Borkumriff,53.62125443148425,5.773422704609203,70.97728207617058,10.0,187.79506380210043,75.49808836668021
1129,Zeebrugge - Bremerhaven,SEA,PILOT_TO_PILOT,11,1129,177,12,13,VL7,Borkumriff,53.622130681873024,5.777865307323279,70.97728207617058,10.0,187.9617870103626,75.33136515841804
1130,Zeebrugge - Bremerhaven,SEA,PILOT_TO_PILOT,11,1130,178,12,13,VL7,Borkumriff,53.62300676776164,5.782308094483579,70.97728207617058,10.0,188.12851021862477,75.16464195015587
1131,Zeebrugge - Bremerhaven,SEA,PILOT_TO_PILOT,11,1131,179,12,13,VL7,Borkumriff,53.62388268913801,5.7867510660690336,70.97728207617058,10.0,188.2952334268869,74.99791874189373
1132,Zeebrugge - Bremerhaven,SEA,PILOT_TO_PILOT,11,1132,180,12,13,VL7,Borkumriff,53.62475844599004,5.791194222058567,70.97728207617058,10.0,188.46195663514908,74.83119553363156
1133,Zeebrugge - Bremerhaven,SEA,PILOT_TO_PILOT,11,1133,181,12,13,VL7,Borkumriff,53.62563403830562,5.795637562431087,70.97728207617058,10.0,188.62867984341125,74.66447232536939
1134,Zeebrugge - Bremerhaven,SEA,PILOT_TO_PILOT,11,1134,182,12,13,VL7,Borkumriff,53.626509466072676,5.800081087165501,70.97728207617058,10.0,188.79540305167342,74.49774911710722
1135,Zeebrugge - Bremerhaven,SEA,PILOT_TO_PILOT,11,1135,183,12,13,VL7,Borkumriff,53.62738472927911,5.8045247962407025,70.97728207617058,10.0,188.9621262599356,74.33102590884505
1136,Zeebrugge - Bremerhaven,SEA,PILOT_TO_PILOT,11,1136,184,12,13,VL7,Borkumriff,53.62825982791282,5.808968689635574,70.97728207617058,10.0,189.12884946819776,74.16430270058288
1137,Zeebrugge - Bremerhaven,SEA,PILOT_TO_PILOT,11,1137,185,12,13,VL7,Borkumriff,53.62913476196173,5.813412767328998,70.97728207617058,10.0,189.29557267645993,73.99757949232071
1138,Zeebrugge - Bremerhaven,SEA,PILOT_TO_PILOT,11,1138,186,12,13,VL7,Borkumriff,53.63000953141374,5.817857029299837,70.97728207617058,10.0,189.4622958847221,73.83085628405854
1139,Zeebrugge - Bremerhaven,SEA,PILOT_TO_PILOT,11,1139,187,12,13,VL7,Borkumriff,53.63088413625676,5.822301475526952,70.97728207617058,10.0,189.62901909298427,73.66413307579637
1140,Zeebrugge - Bremerhaven,SEA,PILOT_TO_PILOT,11,1140,188,12,13,VL7,Borkumriff,53.631758576478724,5.826746105989195,70.97728207617058,10.0,189.79574230124643,73.4974098675342
1141,Zeebrugge - Bremerhaven,SEA,PILOT_TO_PILOT,11,1141,189,12,13,VL7,Borkumriff,53.63263285206752,5.831190920665405,70.97728207617058,10.0,189.9624655095086,73.33068665927203
1142,Zeebrugge - Bremerhaven,SEA,PILOT_TO_PILOT,11,1142,190,12,13,VL7,Borkumriff,53.63350696301108,5.835635919534413,70.97728207617058,10.0,190.12918871777077,73.16396345100986
1143,Zeebrugge - Bremerhaven,SEA,PILOT_TO_PILOT,11,1143,191,12,13,VL7,Borkumriff,53.63438090929732,5.840081102575047,70.97728207617058,10.0,190.29591192603294,72.9972402427477
1144,Zeebrugge - Bremerhaven,SEA,PILOT_TO_PILOT,11,1144,192,12,13,VL7,Borkumriff,53.635254690914145,5.844526469766116,70.97728207617058,10.0,190.4626351342951,72.83051703448552
1145,Zeebrugge - Bremerhaven,SEA,PILOT_TO_PILOT,11,1145,193,12,13,VL7,Borkumriff,53.636128307849496,5.848972021086428,70.97728207617058,10.0,190.62935834255728,72.66379382622335
1146,Zeebrugge - Bremerhaven,SEA,PILOT_TO_PILOT,11,1146,194,12,13,VL7,Borkumriff,53.637001760091266,5.853417756514782,70.97728207617058,10.0,190.79608155081945,72.49707061796119
1147,Zeebrugge - Bremerhaven,SEA,PILOT_TO_PILOT,11,1147,195,12,13,VL7,Borkumriff,53.6378750476274,5.857863676029964,70.97728207617058,10.0,190.96280475908162,72.33034740969902
1148,Zeebrugge - Bremerhaven,SEA,PILOT_TO_PILOT,11,1148,196,12,13,VL7,Borkumriff,53.63874817044581,5.86230977961075,70.97728207617058,10.0,191.1295279673438,72.16362420143685
1149,Zeebrugge - Bremerhaven,SEA,PILOT_TO_PILOT,11,1149,197,12,13,VL7,Borkumriff,53.63962112853442,5.866756067235916,70.97728207617058,10.0,191.29625117560596,71.99690099317468
1150,Zeebrugge - Bremerhaven,SEA,PILOT_TO_PILOT,11,1150,198,12,13,VL7,Borkumriff,53.64049392188114,5.8712025388842175,70.97728207617058,10.0,191.46297438386813,71.83017778491251
1151,Zeebrugge - Bremerhaven,SEA,PILOT_TO_PILOT,11,1151,199,12,13,VL7,Borkumriff,53.641366550473926,5.87564919453441,70.97728207617058,10.0,191.6296975921303,71.66345457665034
1152,Zeebrugge - Bremerhaven,SEA,PILOT_TO_PILOT,11,1152,200,12,13,VL7,Borkumriff,53.64223901430068,5.880096034165235,70.97728207617058,10.0,191.79642080039247,71.49673136838817
1153,Zeebrugge - Bremerhaven,SEA,PILOT_TO_PILOT,11,1153,201,12,13,VL7,Borkumriff,53.643111313349344,5.88454305775543,70.97728207617058,10.0,191.96314400865464,71.330008160126
1154,Zeebrugge - Bremerhaven,SEA,PILOT_TO_PILOT,11,1154,202,12,13,VL7,Borkumriff,53.64398344760783,5.888990265283718,70.97728207617058,10.0,192.12986721691678,71.16328495186386
1155,Zeebrugge - Bremerhaven,SEA,PILOT_TO_PILOT,11,1155,203,12,13,VL7,Borkumriff,53.644855417064086,5.893437656728815,70.97728207617058,10.0,192.29659042517895,70.99656174360169
1156,Zeebrugge - Bremerhaven,SEA,PILOT_TO_PILOT,11,1156,204,12,13,VL7,Borkumriff,53.64572722170604,5.89788523206943,70.97728207617058,10.0,192.46331363344112,70.82983853533952
1157,Zeebrugge - Bremerhaven,SEA,PILOT_TO_PILOT,11,1157,205,12,13,VL7,Borkumriff,53.64659886152162,5.902332991284263,70.97728207617058,10.0,192.6300368417033,70.66311532707735
1158,Zeebrugge - Bremerhaven,SEA,PILOT_TO_PILOT,11,1158,206,12,13,VL7,Borkumriff,53.64747033649875,5.9067809343520015,70.97728207617058,10.0,192.79676004996546,70.49639211881518
1159,Zeebrugge - Bremerhaven,SEA,PILOT_TO_PILOT,11,1159,207,12,13,VL7,Borkumriff,53.648341646625376,5.911229061251329,70.97728207617058,10.0,192.96348325822763,70.32966891055301
1160,Zeebrugge - Bremerhaven,SEA,PILOT_TO_PILOT,11,1160,208,12,13,VL7,Borkumriff,53.64921279188943,5.915677371960914,70.97728207617058,10.0,193.1302064664898,70.16294570229084
1161,Zeebrugge - Bremerhaven,SEA,PILOT_TO_PILOT,11,1161,209,12,13,VL7,Borkumriff,53.65008377227886,5.920125866459426,70.97728207617058,10.0,193.29692967475196,69.99622249402867
1162,Zeebrugge - Bremerhaven,SEA,PILOT_TO_PILOT,11,1162,210,12,13,VL7,Borkumriff,53.6509545877816,5.924574544725514,70.97728207617058,10.0,193.46365288301413,69.8294992857665
1163,Zeebrugge - Bremerhaven,SEA,PILOT_TO_PILOT,11,1163,211,12,13,VL7,Borkumriff,53.65182523838558,5.929023406737826,70.97728207617058,10.0,193.6303760912763,69.66277607750433
1164,Zeebrugge - Bremerhaven,SEA,PILOT_TO_PILOT,11,1164,212,12,13,VL7,Borkumriff,53.65269572407873,5.933472452474996,70.97728207617058,10.0,193.79709929953847,69.49605286924216
1165,Zeebrugge - Bremerhaven,SEA,PILOT_TO_PILOT,11,1165,213,12,13,VL7,Borkumriff,53.65356604484903,5.937921681915654,70.97728207617058,10.0,193.96382250780064,69.32932966098
1166,Zeebrugge - Bremerhaven,SEA,PILOT_TO_PILOT,11,1166,214,12,13,VL7,Borkumriff,53.65443620068438,5.9423710950384185,70.97728207617058,10.0,194.1305457160628,69.16260645271782
1167,Zeebrugge - Bremerhaven,SEA,PILOT_TO_PILOT,11,1167,215,12,13,VL7,Borkumriff,53.65530619157275,5.946820691821899,70.97728207617058,10.0,194.29726892432498,68.99588324445565
1168,Zeebrugge - Bremerhaven,SEA,PILOT_TO_PILOT,11,1168,216,12,13,VL7,Borkumriff,53.65617601750207,5.951270472244697,70.97728207617058,10.0,194.46399213258712,68.82916003619351
1169,Zeebrugge - Bremerhaven,SEA,PILOT_TO_PILOT,11,1169,217,12,13,VL7,Borkumriff,53.65704567846031,5.955720436285403,70.97728207617058,10.0,194.6307153408493,68.66243682793134
1170,Zeebrugge - Bremerhaven,SEA,PILOT_TO_PILOT,11,1170,218,12,13,VL7,Borkumriff,53.657915174435395,5.9601705839226025,70.97728207617058,10.0,194.79743854911146,68.49571361966917
1171,Zeebrugge - Bremerhaven,SEA,PILOT_TO_PILOT,11,1171,219,12,13,VL7,Borkumriff,53.65878450541526,5.964620915134866,70.97728207617058,10.0,194.96416175737363,68.328990411407
1172,Zeebrugge - Bremerhaven,SEA,PILOT_TO_PILOT,11,1172,220,12,13,VL7,Borkumriff,53.65965367138789,5.969071429900764,70.97728207617058,10.0,195.1308849656358,68.16226720314484
1173,Zeebrugge - Bremerhaven,SEA,PILOT_TO_PILOT,11,1173,221,12,13,VL7,Borkumriff,53.660522672341216,5.97352212819885,70.97728207617058,10.0,195.29760817389797,67.99554399488267
1174,Zeebrugge - Bremerhaven,SEA,PILOT_TO_PILOT,11,1174,222,12,13,VL7,Borkumriff,53.66139150826319,5.97797301000767,70.97728207617058,10.0,195.46433138216014,67.8288207866205
1175,Zeebrugge - Bremerhaven,SEA,PILOT_TO_PILOT,11,1175,223,12,13,VL7,Borkumriff,53.662260179141754,5.982424075305766,70.97728207617058,10.0,195.6310545904223,67.66209757835833
1176,Zeebrugge - Bremerhaven,SEA,PILOT_TO_PILOT,11,1176,224,12,13,VL7,Borkumriff,53.663128684964896,5.986875324071665,70.97728207617058,10.0,195.79777779868448,67.49537437009616
1177,Zeebrugge - Bremerhaven,SEA,PILOT_TO_PILOT,11,1177,225,12,13,VL7,Borkumriff,53.66399702572055,5.991326756283891,70.97728207617058,10.0,195.96450100694665,67.32865116183399
1178,Zeebrugge - Bremerhaven,SEA,PILOT_TO_PILOT,11,1178,226,12,13,VL7,Borkumriff,53.66486520139666,5.995778371920954,70.97728207617058,10.0,196.13122421520882,67.16192795357182
1179,Zeebrugge - Bremerhaven,SEA,PILOT_TO_PILOT,11,1179,227,12,13,VL7,Borkumriff,53.6657332119812,6.0002301709613555,70.97728207617058,10.0,196.297947423471,66.99520474530965
1180,Zeebrugge - Bremerhaven,SEA,PILOT_TO_PILOT,11,1180,228,12,13,VL7,Borkumriff,53.666601057462124,6.004682153383593,70.97728207617058,10.0,196.46467063173316,66.82848153704748
1181,Zeebrugge - Bremerhaven,SEA,PILOT_TO_PILOT,11,1181,229,12,13,VL7,Borkumriff,53.667468737827384,6.009134319166147,70.97728207617058,10.0,196.63139383999533,66.66175832878531
1182,Zeebrugge - Bremerhaven,SEA,PILOT_TO_PILOT,11,1182,230,12,13,VL7,Borkumriff,53.66833625306496,6.013586668287499,70.97728207617058,10.0,196.7981170482575,66.49503512052314
1183,Zeebrugge - Bremerhaven,SEA,PILOT_TO_PILOT,11,1183,231,12,13,VL7,Borkumriff,53.669203603162806,6.018039200726115,70.97728207617058,10.0,196.96484025651966,66.32831191226097
1184,Zeebrugge - Bremerhaven,SEA,PILOT_TO_PILOT,11,1184,232,12,13,VL7,Borkumriff,53.670070788108866,6.022491916460451,70.97728207617058,10.0,197.13156346478183,66.1615887039988
1185,Zeebrugge - Bremerhaven,SEA,PILOT_TO_PILOT,11,1185,233,12,13,VL7,Borkumriff,53.670937807891136,6.0269448154689576,70.97728207617058,10.0,197.298286673044,65.99486549573663
1186,Zeebrugge - Bremerhaven,SEA,PILOT_TO_PILOT,11,1186,234,12,13,VL7,Borkumriff,53.67180466249755,6.031397897730077,70.97728207617058,10.0,197.46500988130617,65.82814228747446
1187,Zeebrugge - Bremerhaven,SEA,PILOT_TO_PILOT,11,1187,235,12,13,VL7,Borkumriff,53.672671351916094,6.035851163222239,70.97728207617058,10.0,197.63173308956834,65.6614190792123
1188,Zeebrugge - Bremerhaven,SEA,PILOT_TO_PILOT,11,1188,236,12,13,VL7,Borkumriff,53.67353787613474,6.04030461192387,70.97728207617058,10.0,197.7984562978305,65.49469587095012
1189,Zeebrugge - Bremerhaven,SEA,PILOT_TO_PILOT,11,1189,237,12,13,VL7,Borkumriff,53.674404235141445,6.044758243813379,70.97728207617058,10.0,197.96517950609268,65.32797266268796
1190,Zeebrugge - Bremerhaven,SEA,PILOT_TO_PILOT,11,1190,238,12,13,VL7,Borkumriff,53.675270428924186,6.049212058869174,70.97728207617058,10.0,198.13190271435485,65.16124945442579
1191,Zeebrugge - Bremerhaven,SEA,PILOT_TO_PILOT,11,1191,239,12,13,VL7,Borkumriff,53.676136457470925,6.053666057069651,70.97728207617058,10.0,198.29862592261702,64.99452624616362
1192,Zeebrugge - Bremerhaven,SEA,PILOT_TO_PILOT,11,1192,240,12,13,VL7,Borkumriff,53.677002320769645,6.058120238393198,70.97728207617058,10.0,198.46534913087916,64.82780303790148
1193,Zeebrugge - Bremerhaven,SEA,PILOT_TO_PILOT,11,1193,241,12,13,VL7,Borkumriff,53.67786801880832,6.062574602818191,70.97728207617058,10.0,198.63207233914133,64.6610798296393
1194,Zeebrugge - Bremerhaven,SEA,PILOT_TO_PILOT,11,1194,242,12,13,VL7,Borkumriff,53.678733551574915,6.067029150323001,70.97728207617058,10.0,198.7987955474035,64.49435662137714
1195,Zeebrugge - Bremerhaven,SEA,PILOT_TO_PILOT,11,1195,243,12,13,VL7,Borkumriff,53.679598919057405,6.071483880885987,70.97728207617058,10.0,198.96551875566567,64.32763341311497
1196,Zeebrugge - Bremerhaven,SEA,PILOT_TO_PILOT,11,1196,244,12,13,VL7,Borkumriff,53.680464121243766,6.075938794485502,70.97728207617058,10.0,199.13224196392784,64.1609102048528
1197,Zeebrugge - Bremerhaven,SEA,PILOT_TO_PILOT,11,1197,245,12,13,VL7,Borkumriff,53.681329158122,6.080393891099889,70.97728207617058,10.0,199.29896517219,63.99418699659063
1198,Zeebrugge - Bremerhaven,SEA,PILOT_TO_PILOT,11,1198,246,12,13,VL7,Borkumriff,53.682194029680055,6.08484917070748,70.97728207617058,10.0,199.46568838045218,63.82746378832846
1199,Zeebrugge - Bremerhaven,SEA,PILOT_TO_PILOT,11,1199,247,12,13,VL7,Borkumriff,53.68305873590593,6.089304633286603,70.97728207617058,10.0,199.63241158871435,63.66074058006629
1200,Zeebrugge - Bremerhaven,SEA,PILOT_TO_PILOT,11,1200,248,12,13,VL7,Borkumriff,53.6839232767876,6.093760278815569,70.97728207617058,10.0,199.79913479697652,63.49401737180412
1201,Zeebrugge - Bremerhaven,SEA,PILOT_TO_PILOT,11,1201,249,12,13,VL7,Borkumriff,53.684787652313055,6.09821610727269,70.97728207617058,10.0,199.9658580052387,63.32729416354195
1202,Zeebrugge - Bremerhaven,SEA,PILOT_TO_PILOT,11,1202,250,12,13,VL7,Borkumriff,53.685651862470266,6.102672118636261,70.97728207617058,10.0,200.13258121350086,63.16057095527978
1203,Zeebrugge - Bremerhaven,SEA,PILOT_TO_PILOT,11,1203,251,12,13,VL7,Borkumriff,53.68651590724723,6.107128312884573,70.97728207617058,10.0,200.29930442176303,62.99384774701761
1204,Zeebrugge - Bremerhaven,SEA,PILOT_TO_PILOT,11,1204,252,12,13,VL7,Borkumriff,53.687379786631936,6.1115846899959045,70.97728207617058,10.0,200.4660276300252,62.82712453875544
1205,Zeebrugge - Bremerhaven,SEA,PILOT_TO_PILOT,11,1205,253,12,13,VL7,Borkumriff,53.68824350061235,6.1160412499485295,70.97728207617058,10.0,200.63275083828736,62.66040133049327
1206,Zeebrugge - Bremerhaven,SEA,PILOT_TO_PILOT,11,1206,254,12,13,VL7,Borkumriff,53.68910704917649,6.120497992720707,70.97728207617058,10.0,200.7994740465495,62.49367812223113
1207,Zeebrugge - Bremerhaven,SEA,PILOT_TO_PILOT,11,1207,255,12,13,VL7,Borkumriff,53.689970432312315,6.124954918290693,70.97728207617058,10.0,200.96619725481168,62.32695491396896
1208,Zeebrugge - Bremerhaven,SEA,PILOT_TO_PILOT,11,1208,256,12,13,VL7,Borkumriff,53.69083365000783,6.1294120266367305,70.97728207617058,10.0,201.13292046307384,62.16023170570679
1209,Zeebrugge - Bremerhaven,SEA,PILOT_TO_PILOT,11,1209,257,12,13,VL7,Borkumriff,53.69169670225105,6.133869317737058,70.97728207617058,10.0,201.299643671336,61.99350849744462
1210,Zeebrugge - Bremerhaven,SEA,PILOT_TO_PILOT,11,1210,258,12,13,VL7,Borkumriff,53.692559589029926,6.138326791569899,70.97728207617058,10.0,201.46636687959818,61.82678528918245
1211,Zeebrugge - Bremerhaven,SEA,PILOT_TO_PILOT,11,1211,259,12,13,VL7,Borkumriff,53.69342231033249,6.142784448113472,70.97728207617058,10.0,201.63309008786035,61.660062080920284
1212,Zeebrugge - Bremerhaven,SEA,PILOT_TO_PILOT,11,1212,260,12,13,VL7,Borkumriff,53.69428486614671,6.14724228734599,70.97728207617058,10.0,201.79981329612252,61.493338872658114
1213,Zeebrugge - Bremerhaven,SEA,PILOT_TO_PILOT,11,1213,261,12,13,VL7,Borkumriff,53.6951472564606,6.151700309245648,70.97728207617058,10.0,201.9665365043847,61.326615664395945
1214,Zeebrugge - Bremerhaven,SEA,PILOT_TO_PILOT,11,1214,262,12,13,VL7,Borkumriff,53.69600948126214,6.156158513790638,70.97728207617058,10.0,202.13325971264686,61.159892456133775
1215,Zeebrugge - Bremerhaven,SEA,PILOT_TO_PILOT,11,1215,263,12,13,VL7,Borkumriff,53.69687154053935,6.160616900959144,70.97728207617058,10.0,202.29998292090903,60.993169247871606
1216,Zeebrugge - Bremerhaven,SEA,PILOT_TO_PILOT,11,1216,264,12,13,VL7,Borkumriff,53.697733434280224,6.165075470729338,70.97728207617058,10.0,202.4667061291712,60.826446039609436
1217,Zeebrugge - Bremerhaven,SEA,PILOT_TO_PILOT,11,1217,265,12,13,VL7,Borkumriff,53.69859516247275,6.169534223079385,70.97728207617058,10.0,202.63342933743337,60.65972283134727
1218,Zeebrugge - Bremerhaven,SEA,PILOT_TO_PILOT,11,1218,266,12,13,VL7,Borkumriff,53.699456725104945,6.173993157987441,70.97728207617058,10.0,202.80015254569554,60.4929996230851
1219,Zeebrugge - Bremerhaven,SEA,PILOT_TO_PILOT,11,1219,267,12,13,VL7,Borkumriff,53.70031812216481,6.178452275431649,70.97728207617058,10.0,202.9668757539577,60.32627641482293
1220,Zeebrugge - Bremerhaven,SEA,PILOT_TO_PILOT,11,1220,268,12,13,VL7,Borkumriff,53.70117935364034,6.182911575390153,70.97728207617058,10.0,203.13359896221988,60.15955320656076
1221,Zeebrugge - Bremerhaven,SEA,PILOT_TO_PILOT,11,1221,269,12,13,VL7,Borkumriff,53.70204041951956,6.187371057841076,70.97728207617058,10.0,203.30032217048205,59.99282999829859
1222,Zeebrugge - Bremerhaven,SEA,PILOT_TO_PILOT,11,1222,270,12,13,VL7,Borkumriff,53.70290131979047,6.19183072276254,70.97728207617058,10.0,203.46704537874422,59.82610679003642
1223,Zeebrugge - Bremerhaven,SEA,PILOT_TO_PILOT,11,1223,271,12,13,VL7,Borkumriff,53.70376205444107,6.196290570132657,70.97728207617058,10.0,203.6337685870064,59.65938358177425
1224,Zeebrugge - Bremerhaven,SEA,PILOT_TO_PILOT,11,1224,272,12,13,VL7,Borkumriff,53.70462262345938,6.200750599929527,70.97728207617058,10.0,203.80049179526856,59.49266037351208
1225,Zeebrugge - Bremerhaven,SEA,PILOT_TO_PILOT,11,1225,273,12,13,VL7,Borkumriff,53.7054830268334,6.205210812131242,70.97728207617058,10.0,203.96721500353073,59.32593716524991
1226,Zeebrugge - Bremerhaven,SEA,PILOT_TO_PILOT,11,1226,274,12,13,VL7,Borkumriff,53.70634326455115,6.20967120671589,70.97728207617058,10.0,204.1339382117929,59.15921395698774
1227,Zeebrugge - Bremerhaven,SEA,PILOT_TO_PILOT,11,1227,275,12,13,VL7,Borkumriff,53.707203336600635,6.214131783661541,70.97728207617058,10.0,204.30066142005506,58.99249074872557
1228,Zeebrugge - Bremerhaven,SEA,PILOT_TO_PILOT,11,1228,276,12,13,VL7,Borkumriff,53.708063242969885,6.218592542946267,70.97728207617058,10.0,204.46738462831723,58.8257675404634
1229,Zeebrugge - Bremerhaven,SEA,PILOT_TO_PILOT,11,1229,277,12,13,VL7,Borkumriff,53.70892298364689,6.22305348454812,70.97728207617058,10.0,204.6341078365794,58.65904433220123
1230,Zeebrugge - Bremerhaven,SEA,PILOT_TO_PILOT,11,1230,278,12,13,VL7,Borkumriff,53.70978255861971,6.227514608445151,70.97728207617058,10.0,204.80083104484154,58.49232112393909
1231,Zeebrugge - Bremerhaven,SEA,PILOT_TO_PILOT,11,1231,279,12,13,VL7,Borkumriff,53.71064196787632,6.231975914615402,70.97728207617058,10.0,204.9675542531037,58.32559791567692
1232,Zeebrugge - Bremerhaven,SEA,PILOT_TO_PILOT,11,1232,280,12,13,VL7,Borkumriff,53.71150121140476,6.236437403036899,70.97728207617058,10.0,205.13427746136588,58.15887470741475
1233,Zeebrugge - Bremerhaven,SEA,PILOT_TO_PILOT,11,1233,281,12,13,VL7,Borkumriff,53.71236028919303,6.240899073687666,70.97728207617058,10.0,205.30100066962805,57.992151499152584
1234,Zeebrugge - Bremerhaven,SEA,PILOT_TO_PILOT,11,1234,282,12,13,VL7,Borkumriff,53.71321920122918,6.2453609265457155,70.97728207617058,10.0,205.46772387789022,57.825428290890414
1235,Zeebrugge - Bremerhaven,SEA,PILOT_TO_PILOT,11,1235,283,12,13,VL7,Borkumriff,53.714077947501224,6.249822961589053,70.97728207617058,10.0,205.6344470861524,57.658705082628245
1236,Zeebrugge - Bremerhaven,SEA,PILOT_TO_PILOT,11,1236,284,12,13,VL7,Borkumriff,53.71493652799717,6.2542851787956675,70.97728207617058,10.0,205.80117029441456,57.491981874366076
1237,Zeebrugge - Bremerhaven,SEA,PILOT_TO_PILOT,11,1237,285,12,13,VL7,Borkumriff,53.71579494270505,6.2587475781435495,70.97728207617058,10.0,205.96789350267673,57.325258666103906
1238,Zeebrugge - Bremerhaven,SEA,PILOT_TO_PILOT,11,1238,286,12,13,VL7,Borkumriff,53.7166531916129,6.2632101596106775,70.97728207617058,10.0,206.1346167109389,57.15853545784174
1239,Zeebrugge - Bremerhaven,SEA,PILOT_TO_PILOT,11,1239,287,12,13,VL7,Borkumriff,53.71751127470876,6.267672923175018,70.97728207617058,10.0,206.30133991920107,56.99181224957957
1240,Zeebrugge - Bremerhaven,SEA,PILOT_TO_PILOT,11,1240,288,12,13,VL7,Borkumriff,53.718369191980614,6.272135868814527,70.97728207617058,10.0,206.46806312746324,56.8250890413174
1241,Zeebrugge - Bremerhaven,SEA,PILOT_TO_PILOT,11,1241,289,12,13,VL7,Borkumriff,53.71922694341653,6.2765989965071585,70.97728207617058,10.0,206.6347863357254,56.65836583305523
1242,Zeebrugge - Bremerhaven,SEA,PILOT_TO_PILOT,11,1242,290,12,13,VL7,Borkumriff,53.720084529004524,6.281062306230853,70.97728207617058,10.0,206.80150954398758,56.49164262479306
1243,Zeebrugge - Bremerhaven,SEA,PILOT_TO_PILOT,11,1243,291,12,13,VL7,Borkumriff,53.72094194873264,6.285525797963542,70.97728207617058,10.0,206.96823275224975,56.32491941653089
1244,Zeebrugge - Bremerhaven,SEA,PILOT_TO_PILOT,11,1244,292,12,13,VL7,Borkumriff,53.72179920258889,6.289989471683151,70.97728207617058,10.0,207.1349559605119,56.15819620826875
1245,Zeebrugge - Bremerhaven,SEA,PILOT_TO_PILOT,11,1245,293,12,13,VL7,Borkumriff,53.722656290561325,6.2944533273675916,70.97728207617058,10.0,207.30167916877406,55.99147300000658
1246,Zeebrugge - Bremerhaven,SEA,PILOT_TO_PILOT,11,1246,294,12,13,VL7,Borkumriff,53.72351321263798,6.298917364994771,70.97728207617058,10.0,207.46840237703623,55.82474979174441
1247,Zeebrugge - Bremerhaven,SEA,PILOT_TO_PILOT,11,1247,295,12,13,VL7,Borkumriff,53.72436996880689,6.303381584542585,70.97728207617058,10.0,207.6351255852984,55.65802658348224
1248,Zeebrugge - Bremerhaven,SEA,PILOT_TO_PILOT,11,1248,296,12,13,VL7,Borkumriff,53.72522655905608,6.307845985988924,70.97728207617058,10.0,207.80184879356057,55.49130337522007
1249,Zeebrugge - Bremerhaven,SEA,PILOT_TO_PILOT,11,1249,297,12,13,VL7,Borkumriff,53.72608298337361,6.312310569311665,70.97728207617058,10.0,207.96857200182274,55.3245801669579
1250,Zeebrugge - Bremerhaven,SEA,PILOT_TO_PILOT,11,1250,298,12,13,VL7,Borkumriff,53.72693924174751,6.316775334488677,70.97728207617058,10.0,208.1352952100849,55.15785695869573
1251,Zeebrugge - Bremerhaven,SEA,PILOT_TO_PILOT,11,1251,299,12,13,VL7,Borkumriff,53.727795334165826,6.321240281497822,70.97728207617058,10.0,208.30201841834707,54.99113375043356
1252,Zeebrugge - Bremerhaven,SEA,PILOT_TO_PILOT,11,1252,300,12,13,VL7,Borkumriff,53.728651260616594,6.325705410316951,70.97728207617058,10.0,208.46874162660924,54.82441054217139
1253,Zeebrugge - Bremerhaven,SEA,PILOT_TO_PILOT,11,1253,301,12,13,VL7,Borkumriff,53.72950702108786,6.330170720923908,70.97728207617058,10.0,208.6354648348714,54.65768733390922
1254,Zeebrugge - Bremerhaven,SEA,PILOT_TO_PILOT,11,1254,302,12,13,VL7,Borkumriff,53.73036261556767,6.334636213296529,70.97728207617058,10.0,208.80218804313358,54.490964125647054
1255,Zeebrugge - Bremerhaven,SEA,PILOT_TO_PILOT,11,1255,303,12,13,VL7,Borkumriff,53.731218044044084,6.339101887412635,70.97728207617058,10.0,208.96891125139575,54.324240917384884
1256,Zeebrugge - Bremerhaven,SEA,PILOT_TO_PILOT,11,1256,304,12,13,VL7,Borkumriff,53.732073306505136,6.343567743250046,70.97728207617058,10.0,209.13563445965792,54.157517709122715
1257,Zeebrugge - Bremerhaven,SEA,PILOT_TO_PILOT,11,1257,305,12,13,VL7,Borkumriff,53.73292840293887,6.348033780786569,70.97728207617058,10.0,209.3023576679201,53.990794500860545
1258,Zeebrugge - Bremerhaven,SEA,PILOT_TO_PILOT,12,1258,0,13,14,Borkumriff,TG7w1,53.733783333333335,6.3525,76.46516557942522,10.0,209.46908087618226,53.824071292598376
1259,Zeebrugge - Bremerhaven,SEA,PILOT_TO_PILOT,12,1259,1,13,14,Borkumriff,TG7w1,53.734433922138706,6.357069547653759,76.46516557942522,10.0,209.6360072643079,53.657144904472744
1260,Zeebrugge - Bremerhaven,SEA,PILOT_TO_PILOT,12,1260,2,13,14,Borkumriff,TG7w1,53.73508433712355,6.361639236739627,76.46516557942522,10.0,209.80293365243355,53.490218516347085
1261,Zeebrugge - Bremerhaven,SEA,PILOT_TO_PILOT,12,1261,3,13,14,Borkumriff,TG7w1,53.73573457827835,6.366209067227557,76.46516557942522,10.0,209.96986004055918,53.32329212822145
1262,Zeebrugge - Bremerhaven,SEA,PILOT_TO_PILOT,12,1262,4,13,14,Borkumriff,TG7w1,53.73638464559359,6.3707790390874885,76.46516557942522,10.0,210.13678642868484,53.156365740095794
1263,Zeebrugge - Bremerhaven,SEA,PILOT_TO_PILOT,12,1263,5,13,14,Borkumriff,TG7w1,53.737034539059756,6.375349152289354,76.46516557942522,10.0,210.30371281681047,52.98943935197016
1264,Zeebrugge - Bremerhaven,SEA,PILOT_TO_PILOT,12,1264,6,13,14,Borkumriff,TG7w1,53.737684258667336,6.379919406803078,76.46516557942522,10.0,210.47063920493613,52.8225129638445
1265,Zeebrugge - Bremerhaven,SEA,PILOT_TO_PILOT,12,1265,7,13,14,Borkumriff,TG7w1,53.73833380440681,6.3844898025985755,76.46516557942522,10.0,210.63756559306177,52.65558657571887
1266,Zeebrugge - Bremerhaven,SEA,PILOT_TO_PILOT,12,1266,8,13,14,Borkumriff,TG7w1,53.73898317626869,6.389060339645763,76.46516557942522,10.0,210.80449198118743,52.48866018759321
1267,Zeebrugge - Bremerhaven,SEA,PILOT_TO_PILOT,12,1267,9,13,14,Borkumriff,TG7w1,53.73963237424346,6.393631017914535,76.46516557942522,10.0,210.97141836931306,52.32173379946758
1268,Zeebrugge - Bremerhaven,SEA,PILOT_TO_PILOT,12,1268,10,13,14,Borkumriff,TG7w1,53.74028139832162,6.39820183737479,76.46516557942522,10.0,211.13834475743872,52.15480741134192
1269,Zeebrugge - Bremerhaven,SEA,PILOT_TO_PILOT,12,1269,11,13,14,Borkumriff,TG7w1,53.740930248493676,6.4027727979964135,76.46516557942522,10.0,211.30527114556435,51.98788102321629
1270,Zeebrugge - Bremerhaven,SEA,PILOT_TO_PILOT,12,1270,12,13,14,Borkumriff,TG7w1,53.741578924750115,6.407343899749283,76.46516557942522,10.0,211.47219753369,51.82095463509063
1271,Zeebrugge - Bremerhaven,SEA,PILOT_TO_PILOT,12,1271,13,13,14,Borkumriff,TG7w1,53.74222742708143,6.411915142603271,76.46516557942522,10.0,211.63912392181564,51.654028246965
1272,Zeebrugge - Bremerhaven,SEA,PILOT_TO_PILOT,12,1272,14,13,14,Borkumriff,TG7w1,53.74287575547815,6.416486526528241,76.46516557942522,10.0,211.8060503099413,51.48710185883934
1273,Zeebrugge - Bremerhaven,SEA,PILOT_TO_PILOT,12,1273,15,13,14,Borkumriff,TG7w1,53.74352390993077,6.421058051494046,76.46516557942522,10.0,211.97297669806693,51.32017547071371
1274,Zeebrugge - Bremerhaven,SEA,PILOT_TO_PILOT,12,1274,16,13,14,Borkumriff,TG7w1,53.7441718904298,6.425629717470537,76.46516557942522,10.0,212.1399030861926,51.15324908258805
1275,Zeebrugge - Bremerhaven,SEA,PILOT_TO_PILOT,12,1275,17,13,14,Borkumriff,TG7w1,53.744819696965735,6.430201524427554,76.46516557942522,10.0,212.30682947431822,50.986322694462416
1276,Zeebrugge - Bremerhaven,SEA,PILOT_TO_PILOT,12,1276,18,13,14,Borkumriff,TG7w1,53.7454673295291,6.434773472334926,76.46516557942522,10.0,212.47375586244388,50.819396306336756
1277,Zeebrugge - Bremerhaven,SEA,PILOT_TO_PILOT,12,1277,19,13,14,Borkumriff,TG7w1,53.74611478811041,6.43934556116248,76.46516557942522,10.0,212.6406822505695,50.652469918211125
1278,Zeebrugge - Bremerhaven,SEA,PILOT_TO_PILOT,12,1278,20,13,14,Borkumriff,TG7w1,53.74676207270018,6.443917790880035,76.46516557942522,10.0,212.80760863869517,50.485543530085465
1279,Zeebrugge - Bremerhaven,SEA,PILOT_TO_PILOT,12,1279,21,13,14,Borkumriff,TG7w1,53.747409183288916,6.448490161457397,76.46516557942522,10.0,212.9745350268208,50.318617141959834
1280,Zeebrugge - Bremerhaven,SEA,PILOT_TO_PILOT,12,1280,22,13,14,Borkumriff,TG7w1,53.74805611986715,6.4530626728643705,76.46516557942522,10.0,213.14146141494646,50.151690753834174
1281,Zeebrugge - Bremerhaven,SEA,PILOT_TO_PILOT,12,1281,23,13,14,Borkumriff,TG7w1,53.74870288242539,6.457635325070748,76.46516557942522,10.0,213.3083878030721,49.98476436570854
1282,Zeebrugge - Bremerhaven,SEA,PILOT_TO_PILOT,12,1282,24,13,14,Borkumriff,TG7w1,53.74934947095417,6.462208118046314,76.46516557942522,10.0,213.47531419119775,49.81783797758288
1283,Zeebrugge - Bremerhaven,SEA,PILOT_TO_PILOT,12,1283,25,13,14,Borkumriff,TG7w1,53.74999588544401,6.46678105176085,76.46516557942522,10.0,213.64224057932338,49.65091158945725
1284,Zeebrugge - Bremerhaven,SEA,PILOT_TO_PILOT,12,1284,26,13,14,Borkumriff,TG7w1,53.75064212588543,6.471354126184122,76.46516557942522,10.0,213.80916696744904,49.48398520133159
1285,Zeebrugge - Bremerhaven,SEA,PILOT_TO_PILOT,12,1285,27,13,14,Borkumriff,TG7w1,53.75128819226897,6.4759273412859,76.46516557942522,10.0,213.97609335557468,49.31705881320596
1286,Zeebrugge - Bremerhaven,SEA,PILOT_TO_PILOT,12,1286,28,13,14,Borkumriff,TG7w1,53.75193408458516,6.480500697035935,76.46516557942522,10.0,214.14301974370034,49.1501324250803
1287,Zeebrugge - Bremerhaven,SEA,PILOT_TO_PILOT,12,1287,29,13,14,Borkumriff,TG7w1,53.752579802824506,6.485074193403975,76.46516557942522,10.0,214.30994613182597,48.98320603695467
1288,Zeebrugge - Bremerhaven,SEA,PILOT_TO_PILOT,12,1288,30,13,14,Borkumriff,TG7w1,53.753225346977594,6.489647830359759,76.46516557942522,10.0,214.47687251995163,48.81627964882901
1289,Zeebrugge - Bremerhaven,SEA,PILOT_TO_PILOT,12,1289,31,13,14,Borkumriff,TG7w1,53.7538707170349,6.494221607873021,76.46516557942522,10.0,214.64379890807726,48.64935326070338
1290,Zeebrugge - Bremerhaven,SEA,PILOT_TO_PILOT,12,1290,32,13,14,Borkumriff,TG7w1,53.754515912987,6.498795525913487,76.46516557942522,10.0,214.81072529620292,48.48242687257772
1291,Zeebrugge - Bremerhaven,SEA,PILOT_TO_PILOT,12,1291,33,13,14,Borkumriff,TG7w1,53.75516093482444,6.50336958445087,76.46516557942522,10.0,214.97765168432855,48.31550048445209
1292,Zeebrugge - Bremerhaven,SEA,PILOT_TO_PILOT,12,1292,34,13,14,Borkumriff,TG7w1,53.75580578253773,6.507943783454882,76.46516557942522,10.0,215.1445780724542,48.14857409632643
1293,Zeebrugge - Bremerhaven,SEA,PILOT_TO_PILOT,12,1293,35,13,14,Borkumriff,TG7w1,53.75645045611743,6.512518122895224,76.46516557942522,10.0,215.31150446057984,47.981647708200796
1294,Zeebrugge - Bremerhaven,SEA,PILOT_TO_PILOT,12,1294,36,13,14,Borkumriff,TG7w1,53.75709495555409,6.517092602741587,76.46516557942522,10.0,215.4784308487055,47.81472132007514
1295,Zeebrugge - Bremerhaven,SEA,PILOT_TO_PILOT,12,1295,37,13,14,Borkumriff,TG7w1,53.75773928083824,6.521667222963661,76.46516557942522,10.0,215.64535723683113,47.647794931949505
1296,Zeebrugge - Bremerhaven,SEA,PILOT_TO_PILOT,12,1296,38,13,14,Borkumriff,TG7w1,53.758383431960446,6.526241983531123,76.46516557942522,10.0,215.8122836249568,47.480868543823846
1297,Zeebrugge - Bremerhaven,SEA,PILOT_TO_PILOT,12,1297,39,13,14,Borkumriff,TG7w1,53.75902740891125,6.5308168844136425,76.46516557942522,10.0,215.97921001308242,47.313942155698214
1298,Zeebrugge - Bremerhaven,SEA,PILOT_TO_PILOT,12,1298,40,13,14,Borkumriff,TG7w1,53.75967121168121,6.535391925580883,76.46516557942522,10.0,216.14613640120808,47.147015767572555
1299,Zeebrugge - Bremerhaven,SEA,PILOT_TO_PILOT,12,1299,41,13,14,Borkumriff,TG7w1,53.760314840260875,6.539967107002501,76.46516557942522,10.0,216.3130627893337,46.98008937944692
1300,Zeebrugge - Bremerhaven,SEA,PILOT_TO_PILOT,12,1300,42,13,14,Borkumriff,TG7w1,53.760958294640815,6.544542428648143,76.46516557942522,10.0,216.47998917745937,46.81316299132126
1301,Zeebrugge - Bremerhaven,SEA,PILOT_TO_PILOT,12,1301,43,13,14,Borkumriff,TG7w1,53.76160157481157,6.549117890487447,76.46516557942522,10.0,216.646915565585,46.64623660319563
1302,Zeebrugge - Bremerhaven,SEA,PILOT_TO_PILOT,12,1302,44,13,14,Borkumriff,TG7w1,53.76224468076371,6.553693492490049,76.46516557942522,10.0,216.81384195371066,46.47931021506997
1303,Zeebrugge - Bremerhaven,SEA,PILOT_TO_PILOT,12,1303,45,13,14,Borkumriff,TG7w1,53.762887612487795,6.558269234625571,76.46516557942522,10.0,216.9807683418363,46.31238382694434
1304,Zeebrugge - Bremerhaven,SEA,PILOT_TO_PILOT,12,1304,46,13,14,Borkumriff,TG7w1,53.76353036997439,6.56284511686363,76.46516557942522,10.0,217.14769472996196,46.14545743881868
1305,Zeebrugge - Bremerhaven,SEA,PILOT_TO_PILOT,12,1305,47,13,14,Borkumriff,TG7w1,53.764172953214064,6.567421139173836,76.46516557942522,10.0,217.3146211180876,45.97853105069305
1306,Zeebrugge - Bremerhaven,SEA,PILOT_TO_PILOT,12,1306,48,13,14,Borkumriff,TG7w1,53.764815362197375,6.571997301525791,76.46516557942522,10.0,217.48154750621325,45.81160466256739
1307,Zeebrugge - Bremerhaven,SEA,PILOT_TO_PILOT,12,1307,49,13,14,Borkumriff,TG7w1,53.765457596914906,6.576573603889085,76.46516557942522,10.0,217.64847389433888,45.64467827444176
1308,Zeebrugge - Bremerhaven,SEA,PILOT_TO_PILOT,12,1308,50,13,14,Borkumriff,TG7w1,53.76609965735722,6.58115004623331,76.46516557942522,10.0,217.81540028246454,45.4777518863161
1309,Zeebrugge - Bremerhaven,SEA,PILOT_TO_PILOT,12,1309,51,13,14,Borkumriff,TG7w1,53.766741543514904,6.58572662852804,76.46516557942522,10.0,217.98232667059017,45.31082549819047
1310,Zeebrugge - Bremerhaven,SEA,PILOT_TO_PILOT,12,1310,52,13,14,Borkumriff,TG7w1,53.7673832553785,6.590303350742845,76.46516557942522,10.0,218.14925305871583,45.14389911006481
1311,Zeebrugge - Bremerhaven,SEA,PILOT_TO_PILOT,12,1311,53,13,14,Borkumriff,TG7w1,53.768024792938625,6.594880212847291,76.46516557942522,10.0,218.31617944684146,44.97697272193918
1312,Zeebrugge - Bremerhaven,SEA,PILOT_TO_PILOT,12,1312,54,13,14,Borkumriff,TG7w1,53.76866615618584,6.599457214810931,76.46516557942522,10.0,218.48310583496712,44.81004633381352
1313,Zeebrugge - Bremerhaven,SEA,PILOT_TO_PILOT,12,1313,55,13,14,Borkumriff,TG7w1,53.76930734511072,6.604034356603314,76.46516557942522,10.0,218.65003222309275,44.643119945687886
1314,Zeebrugge - Bremerhaven,SEA,PILOT_TO_PILOT,12,1314,56,13,14,Borkumriff,TG7w1,53.769948359703854,6.60861163819398,76.46516557942522,10.0,218.8169586112184,44.476193557562226
1315,Zeebrugge - Bremerhaven,SEA,PILOT_TO_PILOT,12,1315,57,13,14,Borkumriff,TG7w1,53.770589199955836,6.613189059552462,76.46516557942522,10.0,218.98388499934404,44.309267169436595
1316,Zeebrugge - Bremerhaven,SEA,PILOT_TO_PILOT,12,1316,58,13,14,Borkumriff,TG7w1,53.771229865857244,6.617766620648282,76.46516557942522,10.0,219.1508113874697,44.142340781310935
1317,Zeebrugge - Bremerhaven,SEA,PILOT_TO_PILOT,12,1317,59,13,14,Borkumriff,TG7w1,53.77187035739867,6.622344321450957,76.46516557942522,10.0,219.31773777559533,43.975414393185304
1318,Zeebrugge - Bremerhaven,SEA,PILOT_TO_PILOT,12,1318,60,13,14,Borkumriff,TG7w1,53.77251067457068,6.626922161929999,76.46516557942522,10.0,219.484664163721,43.808488005059644
1319,Zeebrugge - Bremerhaven,SEA,PILOT_TO_PILOT,12,1319,61,13,14,Borkumriff,TG7w1,53.77315081736392,6.631500142054908,76.46516557942522,10.0,219.65159055184662,43.64156161693401
1320,Zeebrugge - Bremerhaven,SEA,PILOT_TO_PILOT,12,1320,62,13,14,Borkumriff,TG7w1,53.77379078576894,6.636078261795179,76.46516557942522,10.0,219.81851693997228,43.47463522880835
1321,Zeebrugge - Bremerhaven,SEA,PILOT_TO_PILOT,12,1321,63,13,14,Borkumriff,TG7w1,53.77443057977634,6.640656521120294,76.46516557942522,10.0,219.98544332809792,43.30770884068272
1322,Zeebrugge - Bremerhaven,SEA,PILOT_TO_PILOT,12,1322,64,13,14,Borkumriff,TG7w1,53.77507019937675,6.645234919999739,76.46516557942522,10.0,220.15236971622357,43.14078245255706
1323,Zeebrugge - Bremerhaven,SEA,PILOT_TO_PILOT,12,1323,65,13,14,Borkumriff,TG7w1,53.77570964456074,6.649813458402978,76.46516557942522,10.0,220.3192961043492,42.97385606443143
1324,Zeebrugge - Bremerhaven,SEA,PILOT_TO_PILOT,12,1324,66,13,14,Borkumriff,TG7w1,53.77634891531891,6.6543921362994745,76.46516557942522,10.0,220.48622249247487,42.80692967630577
1325,Zeebrugge - Bremerhaven,SEA,PILOT_TO_PILOT,12,1325,67,13,14,Borkumriff,TG7w1,53.776988011641876,6.658970953658687,76.46516557942522,10.0,220.6531488806005,42.64000328818014
1326,Zeebrugge - Bremerhaven,SEA,PILOT_TO_PILOT,12,1326,68,13,14,Borkumriff,TG7w1,53.77762693352026,6.6635499104500635,76.46516557942522,10.0,220.82007526872616,42.47307690005448
1327,Zeebrugge - Bremerhaven,SEA,PILOT_TO_PILOT,12,1327,69,13,14,Borkumriff,TG7w1,53.77826568094463,6.668129006643043,76.46516557942522,10.0,220.9870016568518,42.30615051192885
1328,Zeebrugge - Bremerhaven,SEA,PILOT_TO_PILOT,12,1328,70,13,14,Borkumriff,TG7w1,53.77890425390563,6.672708242207058,76.46516557942522,10.0,221.15392804497745,42.13922412380319
1329,Zeebrugge - Bremerhaven,SEA,PILOT_TO_PILOT,12,1329,71,13,14,Borkumriff,TG7w1,53.77954265239386,6.677287617111531,76.46516557942522,10.0,221.32085443310308,41.97229773567756
1330,Zeebrugge - Bremerhaven,SEA,PILOT_TO_PILOT,12,1330,72,13,14,Borkumriff,TG7w1,53.780180876399925,6.681867131325885,76.46516557942522,10.0,221.48778082122874,41.8053713475519
1331,Zeebrugge - Bremerhaven,SEA,PILOT_TO_PILOT,12,1331,73,13,14,Borkumriff,TG7w1,53.78081892591446,6.686446784819523,76.46516557942522,10.0,221.65470720935437,41.638444959426266
1332,Zeebrugge - Bremerhaven,SEA,PILOT_TO_PILOT,12,1332,74,13,14,Borkumriff,TG7w1,53.78145680092806,6.69102657756185,76.46516557942522,10.0,221.82163359748003,41.47151857130061
1333,Zeebrugge - Bremerhaven,SEA,PILOT_TO_PILOT,12,1333,75,13,14,Borkumriff,TG7w1,53.78209450143137,6.695606509522262,76.46516557942522,10.0,221.98855998560566,41.304592183174975
1334,Zeebrugge - Bremerhaven,SEA,PILOT_TO_PILOT,12,1334,76,13,14,Borkumriff,TG7w1,53.78273202741498,6.700186580670142,76.46516557942522,10.0,222.15548637373132,41.137665795049315
1335,Zeebrugge - Bremerhaven,SEA,PILOT_TO_PILOT,12,1335,77,13,14,Borkumriff,TG7w1,53.78336937886952,6.704766790974868,76.46516557942522,10.0,222.32241276185695,40.970739406923684
1336,Zeebrugge - Bremerhaven,SEA,PILOT_TO_PILOT,12,1336,78,13,14,Borkumriff,TG7w1,53.784006555785645,6.709347140405815,76.46516557942522,10.0,222.4893391499826,40.803813018798024
1337,Zeebrugge - Bremerhaven,SEA,PILOT_TO_PILOT,12,1337,79,13,14,Borkumriff,TG7w1,53.784643558153945,6.7139276289323435,76.46516557942522,10.0,222.65626553810824,40.63688663067239
1338,Zeebrugge - Bremerhaven,SEA,PILOT_TO_PILOT,12,1338,80,13,14,Borkumriff,TG7w1,53.78528038596507,6.718508256523811,76.46516557942522,10.0,222.8231919262339,40.46996024254673
1339,Zeebrugge - Bremerhaven,SEA,PILOT_TO_PILOT,12,1339,81,13,14,Borkumriff,TG7w1,53.78591703920965,6.723089023149566,76.46516557942522,10.0,222.99011831435953,40.3030338544211
1340,Zeebrugge - Bremerhaven,SEA,PILOT_TO_PILOT,12,1340,82,13,14,Borkumriff,TG7w1,53.78655351787831,6.727669928778945,76.46516557942522,10.0,223.1570447024852,40.13610746629544
1341,Zeebrugge - Bremerhaven,SEA,PILOT_TO_PILOT,12,1341,83,13,14,Borkumriff,TG7w1,53.78718982196168,6.732250973381286,76.46516557942522,10.0,223.32397109061083,39.96918107816981
1342,Zeebrugge - Bremerhaven,SEA,PILOT_TO_PILOT,12,1342,84,13,14,Borkumriff,TG7w1,53.78782595145042,6.736832156925912,76.46516557942522,10.0,223.49089747873649,39.80225469004415
1343,Zeebrugge - Bremerhaven,SEA,PILOT_TO_PILOT,12,1343,85,13,14,Borkumriff,TG7w1,53.788461906335144,6.74141347938214,76.46516557942522,10.0,223.65782386686212,39.63532830191852
1344,Zeebrugge - Bremerhaven,SEA,PILOT_TO_PILOT,12,1344,86,13,14,Borkumriff,TG7w1,53.789097686606496,6.74599494071928,76.46516557942522,10.0,223.82475025498778,39.46840191379286
1345,Zeebrugge - Bremerhaven,SEA,PILOT_TO_PILOT,12,1345,87,13,14,Borkumriff,TG7w1,53.789733292255136,6.750576540906636,76.46516557942522,10.0,223.9916766431134,39.30147552566723
1346,Zeebrugge - Bremerhaven,SEA,PILOT_TO_PILOT,12,1346,88,13,14,Borkumriff,TG7w1,53.790368723271676,6.755158279913499,76.46516557942522,10.0,224.15860303123907,39.13454913754157
1347,Zeebrugge - Bremerhaven,SEA,PILOT_TO_PILOT,12,1347,89,13,14,Borkumriff,TG7w1,53.79100397964679,6.7597401577091585,76.46516557942522,10.0,224.3255294193647,38.96762274941594
1348,Zeebrugge - Bremerhaven,SEA,PILOT_TO_PILOT,12,1348,90,13,14,Borkumriff,TG7w1,53.791639061371114,6.764322174262894,76.46516557942522,10.0,224.49245580749036,38.80069636129028
1349,Zeebrugge - Bremerhaven,SEA,PILOT_TO_PILOT,12,1349,91,13,14,Borkumriff,TG7w1,53.7922739684353,6.768904329543974,76.46516557942522,10.0,224.659382195616,38.63376997316465
1350,Zeebrugge - Bremerhaven,SEA,PILOT_TO_PILOT,12,1350,92,13,14,Borkumriff,TG7w1,53.79290870083001,6.773486623521668,76.46516557942522,10.0,224.82630858374165,38.46684358503899
1351,Zeebrugge - Bremerhaven,SEA,PILOT_TO_PILOT,12,1351,93,13,14,Borkumriff,TG7w1,53.79354325854588,6.778069056165227,76.46516557942522,10.0,224.99323497186728,38.299917196913356
1352,Zeebrugge - Bremerhaven,SEA,PILOT_TO_PILOT,12,1352,94,13,14,Borkumriff,TG7w1,53.794177641573576,6.782651627443902,76.46516557942522,10.0,225.16016135999294,38.132990808787696
1353,Zeebrugge - Bremerhaven,SEA,PILOT_TO_PILOT,12,1353,95,13,14,Borkumriff,TG7w1,53.79481184990374,6.787234337326934,76.46516557942522,10.0,225.32708774811857,37.966064420662065
1354,Zeebrugge - Bremerhaven,SEA,PILOT_TO_PILOT,12,1354,96,13,14,Borkumriff,TG7w1,53.79544588352707,6.791817185783554,76.46516557942522,10.0,225.49401413624423,37.799138032536405
1355,Zeebrugge - Bremerhaven,SEA,PILOT_TO_PILOT,12,1355,97,13,14,Borkumriff,TG7w1,53.79607974243418,6.796400172782991,76.46516557942522,10.0,225.66094052436986,37.63221164441077
1356,Zeebrugge - Bremerhaven,SEA,PILOT_TO_PILOT,12,1356,98,13,14,Borkumriff,TG7w1,53.79671342661577,6.800983298294461,76.46516557942522,10.0,225.82786691249552,37.465285256285114
1357,Zeebrugge - Bremerhaven,SEA,PILOT_TO_PILOT,12,1357,99,13,14,Borkumriff,TG7w1,53.79734693606248,6.805566562287175,76.46516557942522,10.0,225.99479330062115,37.29835886815948
1358,Zeebrugge - Bremerhaven,SEA,PILOT_TO_PILOT,12,1358,100,13,14,Borkumriff,TG7w1,53.79798027076499,6.8101499647303365,76.46516557942522,10.0,226.1617196887468,37.13143248003382
1359,Zeebrugge - Bremerhaven,SEA,PILOT_TO_PILOT,12,1359,101,13,14,Borkumriff,TG7w1,53.79861343071397,6.8147335055931375,76.46516557942522,10.0,226.32864607687245,36.96450609190819
1360,Zeebrugge - Bremerhaven,SEA,PILOT_TO_PILOT,12,1360,102,13,14,Borkumriff,TG7w1,53.79924641590008,6.81931718484477,76.46516557942522,10.0,226.4955724649981,36.79757970378253
1361,Zeebrugge - Bremerhaven,SEA,PILOT_TO_PILOT,12,1361,103,13,14,Borkumriff,TG7w1,53.79987922631401,6.82390100245441,76.46516557942522,10.0,226.66249885312374,36.6306533156569
1362,Zeebrugge - Bremerhaven,SEA,PILOT_TO_PILOT,12,1362,104,13,14,Borkumriff,TG7w1,53.800511861946426,6.828484958391232,76.46516557942522,10.0,226.8294252412494,36.46372692753124
1363,Zeebrugge - Bremerhaven,SEA,PILOT_TO_PILOT,12,1363,105,13,14,Borkumriff,TG7w1,53.80114432278799,6.833069052624398,76.46516557942522,10.0,226.99635162937503,36.29680053940561
1364,Zeebrugge - Bremerhaven,SEA,PILOT_TO_PILOT,12,1364,106,13,14,Borkumriff,TG7w1,53.80177660882941,6.837653285123068,76.46516557942522,10.0,227.1632780175007,36.12987415127995
1365,Zeebrugge - Bremerhaven,SEA,PILOT_TO_PILOT,12,1365,107,13,14,Borkumriff,TG7w1,53.80240872006135,6.842237655856389,76.46516557942522,10.0,227.33020440562632,35.96294776315432
1366,Zeebrugge - Bremerhaven,SEA,PILOT_TO_PILOT,12,1366,108,13,14,Borkumriff,TG7w1,53.803040656474494,6.846822164793503,76.46516557942522,10.0,227.49713079375198,35.79602137502866
1367,Zeebrugge - Bremerhaven,SEA,PILOT_TO_PILOT,12,1367,109,13,14,Borkumriff,TG7w1,53.80367241805952,6.851406811903545,76.46516557942522,10.0,227.6640571818776,35.62909498690303
1368,Zeebrugge - Bremerhaven,SEA,PILOT_TO_PILOT,12,1368,110,13,14,Borkumriff,TG7w1,53.804304004807115,6.855991597155638,76.46516557942522,10.0,227.83098357000327,35.46216859877737
1369,Zeebrugge - Bremerhaven,SEA,PILOT_TO_PILOT,12,1369,111,13,14,Borkumriff,TG7w1,53.804935416708,6.860576520518906,76.46516557942522,10.0,227.9979099581289,35.295242210651736
1370,Zeebrugge - Bremerhaven,SEA,PILOT_TO_PILOT,12,1370,112,13,14,Borkumriff,TG7w1,53.80556665375281,6.865161581962457,76.46516557942522,10.0,228.16483634625456,35.128315822526076
1371,Zeebrugge - Bremerhaven,SEA,PILOT_TO_PILOT,12,1371,113,13,14,Borkumriff,TG7w1,53.80619771593228,6.869746781455395,76.46516557942522,10.0,228.3317627343802,34.961389434400445
1372,Zeebrugge - Bremerhaven,SEA,PILOT_TO_PILOT,12,1372,114,13,14,Borkumriff,TG7w1,53.80682860323709,6.874332118966815,76.46516557942522,10.0,228.49868912250585,34.794463046274785
1373,Zeebrugge - Bremerhaven,SEA,PILOT_TO_PILOT,12,1373,115,13,14,Borkumriff,TG7w1,53.80745931565794,6.878917594465807,76.46516557942522,10.0,228.66561551063148,34.627536658149154
1374,Zeebrugge - Bremerhaven,SEA,PILOT_TO_PILOT,12,1374,116,13,14,Borkumriff,TG7w1,53.808089853185514,6.88350320792145,76.46516557942522,10.0,228.83254189875714,34.460610270023494
1375,Zeebrugge - Bremerhaven,SEA,PILOT_TO_PILOT,12,1375,117,13,14,Borkumriff,TG7w1,53.80872021581053,6.888088959302815,76.46516557942522,10.0,228.99946828688277,34.29368388189786
1376,Zeebrugge - Bremerhaven,SEA,PILOT_TO_PILOT,12,1376,118,13,14,Borkumriff,TG7w1,53.80935040352369,6.892674848578971,76.46516557942522,10.0,229.16639467500843,34.1267574937722
1377,Zeebrugge - Bremerhaven,SEA,PILOT_TO_PILOT,12,1377,119,13,14,Borkumriff,TG7w1,53.80998041631568,6.897260875718976,76.46516557942522,10.0,229.33332106313406,33.95983110564657
1378,Zeebrugge - Bremerhaven,SEA,PILOT_TO_PILOT,12,1378,120,13,14,Borkumriff,TG7w1,53.810610254177206,6.901847040691876,76.46516557942522,10.0,229.50024745125972,33.79290471752091
1379,Zeebrugge - Bremerhaven,SEA,PILOT_TO_PILOT,12,1379,121,13,14,Borkumriff,TG7w1,53.811239917098995,6.906433343466714,76.46516557942522,10.0,229.66717383938536,33.62597832939528
1380,Zeebrugge - Bremerhaven,SEA,PILOT_TO_PILOT,12,1380,122,13,14,Borkumriff,TG7w1,53.811869405071754,6.9110197840125265,76.46516557942522,10.0,229.83410022751102,33.45905194126962
1381,Zeebrugge - Bremerhaven,SEA,PILOT_TO_PILOT,12,1381,123,13,14,Borkumriff,TG7w1,53.81249871808618,6.915606362298343,76.46516557942522,10.0,230.00102661563665,33.29212555314399
1382,Zeebrugge - Bremerhaven,SEA,PILOT_TO_PILOT,12,1382,124,13,14,Borkumriff,TG7w1,53.813127856133,6.920193078293178,76.46516557942522,10.0,230.1679530037623,33.12519916501833
1383,Zeebrugge - Bremerhaven,SEA,PILOT_TO_PILOT,12,1383,125,13,14,Borkumriff,TG7w1,53.813756819202915,6.924779931966046,76.46516557942522,10.0,230.33487939188794,32.9582727768927
1384,Zeebrugge - Bremerhaven,SEA,PILOT_TO_PILOT,12,1384,126,13,14,Borkumriff,TG7w1,53.81438560728665,6.9293669232859525,76.46516557942522,10.0,230.5018057800136,32.79134638876704
1385,Zeebrugge - Bremerhaven,SEA,PILOT_TO_PILOT,12,1385,127,13,14,Borkumriff,TG7w1,53.815014220374934,6.93395405222189,76.46516557942522,10.0,230.66873216813923,32.62442000064141
1386,Zeebrugge - Bremerhaven,SEA,PILOT_TO_PILOT,12,1386,128,13,14,Borkumriff,TG7w1,53.81564265845848,6.9385413187428515,76.46516557942522,10.0,230.8356585562649,32.45749361251575
1387,Zeebrugge - Bremerhaven,SEA,PILOT_TO_PILOT,12,1387,129,13,14,Borkumriff,TG7w1,53.81627092152801,6.943128722817817,76.46516557942522,10.0,231.00258494439052,32.29056722439012
1388,Zeebrugge - Bremerhaven,SEA,PILOT_TO_PILOT,12,1388,130,13,14,Borkumriff,TG7w1,53.81689900957425,6.947716264415762,76.46516557942522,10.0,231.16951133251618,32.12364083626446
1389,Zeebrugge - Bremerhaven,SEA,PILOT_TO_PILOT,12,1389,131,13,14,Borkumriff,TG7w1,53.81752692258792,6.9523039435056475,76.46516557942522,10.0,231.3364377206418,31.956714448138825
1390,Zeebrugge - Bremerhaven,SEA,PILOT_TO_PILOT,12,1390,132,13,14,Borkumriff,TG7w1,53.81815466055978,6.956891760056437,76.46516557942522,10.0,231.50336410876747,31.789788060013166
1391,Zeebrugge - Bremerhaven,SEA,PILOT_TO_PILOT,12,1391,133,13,14,Borkumriff,TG7w1,53.81878222348051,6.96147971403708,76.46516557942522,10.0,231.6702904968931,31.622861671887534
1392,Zeebrugge - Bremerhaven,SEA,PILOT_TO_PILOT,12,1392,134,13,14,Borkumriff,TG7w1,53.81940961134088,6.966067805416521,76.46516557942522,10.0,231.83721688501876,31.455935283761875
1393,Zeebrugge - Bremerhaven,SEA,PILOT_TO_PILOT,12,1393,135,13,14,Borkumriff,TG7w1,53.82003682413162,6.970656034163692,76.46516557942522,10.0,232.0041432731444,31.289008895636243
1394,Zeebrugge - Bremerhaven,SEA,PILOT_TO_PILOT,12,1394,136,13,14,Borkumriff,TG7w1,53.82066386184346,6.975244400247525,76.46516557942522,10.0,232.17106966127005,31.122082507510584
1395,Zeebrugge - Bremerhaven,SEA,PILOT_TO_PILOT,12,1395,137,13,14,Borkumriff,TG7w1,53.82129072446714,6.979832903636939,76.46516557942522,10.0,232.33799604939568,30.955156119384952
1396,Zeebrugge - Bremerhaven,SEA,PILOT_TO_PILOT,12,1396,138,13,14,Borkumriff,TG7w1,53.8219174119934,6.9844215443008455,76.46516557942522,10.0,232.50492243752134,30.788229731259293
1397,Zeebrugge - Bremerhaven,SEA,PILOT_TO_PILOT,12,1397,139,13,14,Borkumriff,TG7w1,53.82254392441298,6.989010322208152,76.46516557942522,10.0,232.67184882564698,30.62130334313366
1398,Zeebrugge - Bremerhaven,SEA,PILOT_TO_PILOT,12,1398,140,13,14,Borkumriff,TG7w1,53.82317026171664,6.993599237327756,76.46516557942522,10.0,232.83877521377264,30.454376955008
1399,Zeebrugge - Bremerhaven,SEA,PILOT_TO_PILOT,12,1399,141,13,14,Borkumriff,TG7w1,53.82379642389511,6.998188289628547,76.46516557942522,10.0,233.00570160189827,30.28745056688237
1400,Zeebrugge - Bremerhaven,SEA,PILOT_TO_PILOT,12,1400,142,13,14,Borkumriff,TG7w1,53.82442241093914,7.0027774790794055,76.46516557942522,10.0,233.17262799002393,30.12052417875671
1401,Zeebrugge - Bremerhaven,SEA,PILOT_TO_PILOT,12,1401,143,13,14,Borkumriff,TG7w1,53.82504822283949,7.007366805649208,76.46516557942522,10.0,233.33955437814956,29.95359779063108
1402,Zeebrugge - Bremerhaven,SEA,PILOT_TO_PILOT,12,1402,144,13,14,Borkumriff,TG7w1,53.825673859586914,7.011956269306823,76.46516557942522,10.0,233.50648076627522,29.78667140250542
1403,Zeebrugge - Bremerhaven,SEA,PILOT_TO_PILOT,12,1403,145,13,14,Borkumriff,TG7w1,53.82629932117215,7.016545870021108,76.46516557942522,10.0,233.67340715440085,29.619745014379788
1404,Zeebrugge - Bremerhaven,SEA,PILOT_TO_PILOT,12,1404,146,13,14,Borkumriff,TG7w1,53.82692460758597,7.0211356077609155,76.46516557942522,10.0,233.8403335425265,29.45281862625413
1405,Zeebrugge - Bremerhaven,SEA,PILOT_TO_PILOT,12,1405,147,13,14,Borkumriff,TG7w1,53.82754971881912,7.025725482495092,76.46516557942522,10.0,234.00725993065214,29.285892238128497
1406,Zeebrugge - Bremerhaven,SEA,PILOT_TO_PILOT,12,1406,148,13,14,Borkumriff,TG7w1,53.82817465486237,7.030315494192471,76.46516557942522,10.0,234.1741863187778,29.118965850002837
1407,Zeebrugge - Bremerhaven,SEA,PILOT_TO_PILOT,12,1407,149,13,14,Borkumriff,TG7w1,53.82879941570648,7.034905642821882,76.46516557942522,10.0,234.34111270690343,28.952039461877206
1408,Zeebrugge - Bremerhaven,SEA,PILOT_TO_PILOT,12,1408,150,13,14,Borkumriff,TG7w1,53.82942400134221,7.039495928352149,76.46516557942522,10.0,234.5080390950291,28.785113073751546
1409,Zeebrugge - Bremerhaven,SEA,PILOT_TO_PILOT,12,1409,151,13,14,Borkumriff,TG7w1,53.83004841176033,7.044086350752085,76.46516557942522,10.0,234.67496548315472,28.618186685625915
1410,Zeebrugge - Bremerhaven,SEA,PILOT_TO_PILOT,12,1410,152,13,14,Borkumriff,TG7w1,53.830672646951605,7.048676909990496,76.46516557942522,10.0,234.84189187128038,28.451260297500255
1411,Zeebrugge - Bremerhaven,SEA,PILOT_TO_PILOT,12,1411,153,13,14,Borkumriff,TG7w1,53.83129670690681,7.053267606036181,76.46516557942522,10.0,235.008818259406,28.284333909374624
1412,Zeebrugge - Bremerhaven,SEA,PILOT_TO_PILOT,12,1412,154,13,14,Borkumriff,TG7w1,53.831920591616715,7.057858438857931,76.46516557942522,10.0,235.17574464753167,28.117407521248964
1413,Zeebrugge - Bremerhaven,SEA,PILOT_TO_PILOT,12,1413,155,13,14,Borkumriff,TG7w1,53.8325443010721,7.062449408424529,76.46516557942522,10.0,235.3426710356573,27.950481133123333
1414,Zeebrugge - Bremerhaven,SEA,PILOT_TO_PILOT,12,1414,156,13,14,Borkumriff,TG7w1,53.833167835263716,7.067040514704751,76.46516557942522,10.0,235.50959742378296,27.783554744997673
1415,Zeebrugge - Bremerhaven,SEA,PILOT_TO_PILOT,12,1415,157,13,14,Borkumriff,TG7w1,53.833791194182375,7.071631757667369,76.46516557942522,10.0,235.6765238119086,27.61662835687204
1416,Zeebrugge - Bremerhaven,SEA,PILOT_TO_PILOT,12,1416,158,13,14,Borkumriff,TG7w1,53.83441437781883,7.076223137281137,76.46516557942522,10.0,235.84345020003425,27.449701968746382
1417,Zeebrugge - Bremerhaven,SEA,PILOT_TO_PILOT,12,1417,159,13,14,Borkumriff,TG7w1,53.835037386163876,7.080814653514815,76.46516557942522,10.0,236.0103765881599,27.28277558062075
1418,Zeebrugge - Bremerhaven,SEA,PILOT_TO_PILOT,12,1418,160,13,14,Borkumriff,TG7w1,53.83566021920829,7.085406306337144,76.46516557942522,10.0,236.17730297628555,27.11584919249509
1419,Zeebrugge - Bremerhaven,SEA,PILOT_TO_PILOT,12,1419,161,13,14,Borkumriff,TG7w1,53.836282876942875,7.089998095716867,76.46516557942522,10.0,236.34422936441118,26.94892280436946
1420,Zeebrugge - Bremerhaven,SEA,PILOT_TO_PILOT,12,1420,162,13,14,Borkumriff,TG7w1,53.83690535935841,7.094590021622708,76.46516557942522,10.0,236.51115575253684,26.7819964162438
1421,Zeebrugge - Bremerhaven,SEA,PILOT_TO_PILOT,12,1421,163,13,14,Borkumriff,TG7w1,53.837527666445666,7.099182084023394,76.46516557942522,10.0,236.67808214066247,26.61507002811817
1422,Zeebrugge - Bremerhaven,SEA,PILOT_TO_PILOT,12,1422,164,13,14,Borkumriff,TG7w1,53.83814979819545,7.103774282887642,76.46516557942522,10.0,236.84500852878813,26.44814363999251
1423,Zeebrugge - Bremerhaven,SEA,PILOT_TO_PILOT,12,1423,165,13,14,Borkumriff,TG7w1,53.838771754598554,7.108366618184153,76.46516557942522,10.0,237.01193491691376,26.281217251866877
1424,Zeebrugge - Bremerhaven,SEA,PILOT_TO_PILOT,12,1424,166,13,14,Borkumriff,TG7w1,53.839393535645776,7.112959089881633,76.46516557942522,10.0,237.17886130503942,26.114290863741218
1425,Zeebrugge - Bremerhaven,SEA,PILOT_TO_PILOT,12,1425,167,13,14,Borkumriff,TG7w1,53.84001514132792,7.117551697948772,76.46516557942522,10.0,237.34578769316505,25.947364475615586
1426,Zeebrugge - Bremerhaven,SEA,PILOT_TO_PILOT,12,1426,168,13,14,Borkumriff,TG7w1,53.84063657163577,7.122144442354257,76.46516557942522,10.0,237.5127140812907,25.780438087489927
1427,Zeebrugge - Bremerhaven,SEA,PILOT_TO_PILOT,12,1427,169,13,14,Borkumriff,TG7w1,53.84125782656013,7.126737323066761,76.46516557942522,10.0,237.67964046941634,25.613511699364295
1428,Zeebrugge - Bremerhaven,SEA,PILOT_TO_PILOT,12,1428,170,13,14,Borkumriff,TG7w1,53.84187890609181,7.131330340054959,76.46516557942522,10.0,237.846566857542,25.446585311238636
1429,Zeebrugge - Bremerhaven,SEA,PILOT_TO_PILOT,12,1429,171,13,14,Borkumriff,TG7w1,53.84249981022162,7.13592349328751,76.46516557942522,10.0,238.01349324566763,25.279658923113004
1430,Zeebrugge - Bremerhaven,SEA,PILOT_TO_PILOT,12,1430,172,13,14,Borkumriff,TG7w1,53.84312053894035,7.14051678273307,76.46516557942522,10.0,238.1804196337933,25.112732534987344
1431,Zeebrugge - Bremerhaven,SEA,PILOT_TO_PILOT,12,1431,173,13,14,Borkumriff,TG7w1,53.84374109223883,7.145110208360285,76.46516557942522,10.0,238.34734602191892,24.945806146861713
1432,Zeebrugge - Bremerhaven,SEA,PILOT_TO_PILOT,12,1432,174,13,14,Borkumriff,TG7w1,53.844361470107856,7.149703770137796,76.46516557942522,10.0,238.51427241004458,24.778879758736053
1433,Zeebrugge - Bremerhaven,SEA,PILOT_TO_PILOT,12,1433,175,13,14,Borkumriff,TG7w1,53.84498167253825,7.154297468034234,76.46516557942522,10.0,238.68119879817021,24.611953370610422
1434,Zeebrugge - Bremerhaven,SEA,PILOT_TO_PILOT,12,1434,176,13,14,Borkumriff,TG7w1,53.84560169952082,7.158891302018221,76.46516557942522,10.0,238.84812518629587,24.445026982484762
1435,Zeebrugge - Bremerhaven,SEA,PILOT_TO_PILOT,12,1435,177,13,14,Borkumriff,TG7w1,53.84622155104639,7.163485272058378,76.46516557942522,10.0,239.0150515744215,24.27810059435913
1436,Zeebrugge - Bremerhaven,SEA,PILOT_TO_PILOT,12,1436,178,13,14,Borkumriff,TG7w1,53.84684122710576,7.168079378123311,76.46516557942522,10.0,239.18197796254717,24.11117420623347
1437,Zeebrugge - Bremerhaven,SEA,PILOT_TO_PILOT,12,1437,179,13,14,Borkumriff,TG7w1,53.84746072768979,7.172673620181624,76.46516557942522,10.0,239.3489043506728,23.94424781810784
1438,Zeebrugge - Bremerhaven,SEA,PILOT_TO_PILOT,12,1438,180,13,14,Borkumriff,TG7w1,53.84808005278928,7.177267998201907,76.46516557942522,10.0,239.51583073879846,23.77732142998218
1439,Zeebrugge - Bremerhaven,SEA,PILOT_TO_PILOT,12,1439,181,13,14,Borkumriff,TG7w1,53.84869920239504,7.18186251215275,76.46516557942522,10.0,239.6827571269241,23.61039504185655
1440,Zeebrugge - Bremerhaven,SEA,PILOT_TO_PILOT,12,1440,182,13,14,Borkumriff,TG7w1,53.84931817649792,7.186457162002732,76.46516557942522,10.0,239.84968351504975,23.44346865373089
1441,Zeebrugge - Bremerhaven,SEA,PILOT_TO_PILOT,12,1441,183,13,14,Borkumriff,TG7w1,53.84993697508875,7.19105194772042,76.46516557942522,10.0,240.01660990317538,23.276542265605258
1442,Zeebrugge - Bremerhaven,SEA,PILOT_TO_PILOT,12,1442,184,13,14,Borkumriff,TG7w1,53.85055559815834,7.195646869274384,76.46516557942522,10.0,240.18353629130104,23.109615877479598
1443,Zeebrugge - Bremerhaven,SEA,PILOT_TO_PILOT,12,1443,185,13,14,Borkumriff,TG7w1,53.85117404569754,7.2002419266331765,76.46516557942522,10.0,240.35046267942667,22.942689489353967
1444,Zeebrugge - Bremerhaven,SEA,PILOT_TO_PILOT,12,1444,186,13,14,Borkumriff,TG7w1,53.85179231769718,7.204837119765345,76.46516557942522,10.0,240.51738906755233,22.775763101228307
1445,Zeebrugge - Bremerhaven,SEA,PILOT_TO_PILOT,12,1445,187,13,14,Borkumriff,TG7w1,53.8524104141481,7.209432448639431,76.46516557942522,10.0,240.68431545567796,22.608836713102676
1446,Zeebrugge - Bremerhaven,SEA,PILOT_TO_PILOT,12,1446,188,13,14,Borkumriff,TG7w1,53.85302833504114,7.214027913223971,76.46516557942522,10.0,240.85124184380362,22.441910324977016
1447,Zeebrugge - Bremerhaven,SEA,PILOT_TO_PILOT,12,1447,189,13,14,Borkumriff,TG7w1,53.853646080367135,7.218623513487489,76.46516557942522,10.0,241.01816823192925,22.274983936851385
1448,Zeebrugge - Bremerhaven,SEA,PILOT_TO_PILOT,12,1448,190,13,14,Borkumriff,TG7w1,53.85426365011692,7.223219249398501,76.46516557942522,10.0,241.1850946200549,22.108057548725725
1449,Zeebrugge - Bremerhaven,SEA,PILOT_TO_PILOT,12,1449,191,13,14,Borkumriff,TG7w1,53.854881044281356,7.227815120925522,76.46516557942522,10.0,241.35202100818054,21.941131160600094
1450,Zeebrugge - Bremerhaven,SEA,PILOT_TO_PILOT,12,1450,192,13,14,Borkumriff,TG7w1,53.855498262851285,7.232411128037051,76.46516557942522,10.0,241.5189473963062,21.774204772474434
1451,Zeebrugge - Bremerhaven,SEA,PILOT_TO_PILOT,12,1451,193,13,14,Borkumriff,TG7w1,53.85611530581755,7.237007270701588,76.46516557942522,10.0,241.68587378443183,21.607278384348803
1452,Zeebrugge - Bremerhaven,SEA,PILOT_TO_PILOT,12,1452,194,13,14,Borkumriff,TG7w1,53.85673217317102,7.241603548887615,76.46516557942522,10.0,241.85280017255747,21.44035199622317
1453,Zeebrugge - Bremerhaven,SEA,PILOT_TO_PILOT,12,1453,195,13,14,Borkumriff,TG7w1,53.85734886490253,7.246199962563619,76.46516557942522,10.0,242.01972656068313,21.27342560809751
1454,Zeebrugge - Bremerhaven,SEA,PILOT_TO_PILOT,12,1454,196,13,14,Borkumriff,TG7w1,53.85796538100293,7.25079651169807,76.46516557942522,10.0,242.18665294880878,21.10649921997185
1455,Zeebrugge - Bremerhaven,SEA,PILOT_TO_PILOT,12,1455,197,13,14,Borkumriff,TG7w1,53.85858172146309,7.255393196259433,76.46516557942522,10.0,242.35357933693442,20.93957283184622
1456,Zeebrugge - Bremerhaven,SEA,PILOT_TO_PILOT,12,1456,198,13,14,Borkumriff,TG7w1,53.859197886273876,7.259990016216168,76.46516557942522,10.0,242.52050572506005,20.77264644372059
1457,Zeebrugge - Bremerhaven,SEA,PILOT_TO_PILOT,12,1457,199,13,14,Borkumriff,TG7w1,53.85981387542612,7.26458697153672,76.46516557942522,10.0,242.6874321131857,20.60572005559493
1458,Zeebrugge - Bremerhaven,SEA,PILOT_TO_PILOT,12,1458,200,13,14,Borkumriff,TG7w1,53.86042968891072,7.269184062189538,76.46516557942522,10.0,242.85435850131137,20.43879366746927
1459,Zeebrugge - Bremerhaven,SEA,PILOT_TO_PILOT,12,1459,201,13,14,Borkumriff,TG7w1,53.861045326718504,7.273781288143055,76.46516557942522,10.0,243.021284889437,20.27186727934364
1460,Zeebrugge - Bremerhaven,SEA,PILOT_TO_PILOT,12,1460,202,13,14,Borkumriff,TG7w1,53.861660788840375,7.278378649365698,76.46516557942522,10.0,243.18821127756263,20.104940891218007
1461,Zeebrugge - Bremerhaven,SEA,PILOT_TO_PILOT,12,1461,203,13,14,Borkumriff,TG7w1,53.86227607526717,7.282976145825885,76.46516557942522,10.0,243.3551376656883,19.938014503092347
1462,Zeebrugge - Bremerhaven,SEA,PILOT_TO_PILOT,12,1462,204,13,14,Borkumriff,TG7w1,53.862891185989774,7.287573777492033,76.46516557942522,10.0,243.52206405381395,19.771088114966687
1463,Zeebrugge - Bremerhaven,SEA,PILOT_TO_PILOT,12,1463,205,13,14,Borkumriff,TG7w1,53.86350612099908,7.292171544332546,76.46516557942522,10.0,243.68899044193958,19.604161726841056
1464,Zeebrugge - Bremerhaven,SEA,PILOT_TO_PILOT,12,1464,206,13,14,Borkumriff,TG7w1,53.86412088028592,7.296769446315816,76.46516557942522,10.0,243.8559168300652,19.437235338715425
1465,Zeebrugge - Bremerhaven,SEA,PILOT_TO_PILOT,12,1465,207,13,14,Borkumriff,TG7w1,53.8647354638412,7.301367483410241,76.46516557942522,10.0,244.02284321819087,19.270308950589765
1466,Zeebrugge - Bremerhaven,SEA,PILOT_TO_PILOT,12,1466,208,13,14,Borkumriff,TG7w1,53.8653498716558,7.305965655584198,76.46516557942522,10.0,244.18976960631653,19.103382562464105
1467,Zeebrugge - Bremerhaven,SEA,PILOT_TO_PILOT,12,1467,209,13,14,Borkumriff,TG7w1,53.86596410372058,7.310563962806063,76.46516557942522,10.0,244.35669599444216,18.936456174338474
1468,Zeebrugge - Bremerhaven,SEA,PILOT_TO_PILOT,12,1468,210,13,14,Borkumriff,TG7w1,53.866578160026435,7.315162405044203,76.46516557942522,10.0,244.5236223825678,18.769529786212843
1469,Zeebrugge - Bremerhaven,SEA,PILOT_TO_PILOT,12,1469,211,13,14,Borkumriff,TG7w1,53.86719204056426,7.3197609822669785,76.46516557942522,10.0,244.69054877069345,18.602603398087183
1470,Zeebrugge - Bremerhaven,SEA,PILOT_TO_PILOT,12,1470,212,13,14,Borkumriff,TG7w1,53.86780574532493,7.324359694442741,76.46516557942522,10.0,244.8574751588191,18.435677009961523
1471,Zeebrugge - Bremerhaven,SEA,PILOT_TO_PILOT,12,1471,213,13,14,Borkumriff,TG7w1,53.86841927429932,7.328958541539836,76.46516557942522,10.0,245.02440154694474,18.268750621835892
1472,Zeebrugge - Bremerhaven,SEA,PILOT_TO_PILOT,12,1472,214,13,14,Borkumriff,TG7w1,53.86903262747835,7.333557523526601,76.46516557942522,10.0,245.19132793507038,18.10182423371026
1473,Zeebrugge - Bremerhaven,SEA,PILOT_TO_PILOT,12,1473,215,13,14,Borkumriff,TG7w1,53.869645804852894,7.338156640371361,76.46516557942522,10.0,245.35825432319604,17.9348978455846
1474,Zeebrugge - Bremerhaven,SEA,PILOT_TO_PILOT,12,1474,216,13,14,Borkumriff,TG7w1,53.87025880641386,7.342755892042444,76.46516557942522,10.0,245.5251807113217,17.76797145745894
1475,Zeebrugge - Bremerhaven,SEA,PILOT_TO_PILOT,12,1475,217,13,14,Borkumriff,TG7w1,53.870871632152124,7.347355278508162,76.46516557942522,10.0,245.69210709944733,17.60104506933331
1476,Zeebrugge - Bremerhaven,SEA,PILOT_TO_PILOT,12,1476,218,13,14,Borkumriff,TG7w1,53.87148428205858,7.35195479973682,76.46516557942522,10.0,245.85903348757296,17.43411868120768
1477,Zeebrugge - Bremerhaven,SEA,PILOT_TO_PILOT,12,1477,219,13,14,Borkumriff,TG7w1,53.872096756124165,7.35655445569672,76.46516557942522,10.0,246.02595987569862,17.26719229308202
1478,Zeebrugge - Bremerhaven,SEA,PILOT_TO_PILOT,12,1478,220,13,14,Borkumriff,TG7w1,53.872709054339765,7.361154246356153,76.46516557942522,10.0,246.19288626382428,17.10026590495636
1479,Zeebrugge - Bremerhaven,SEA,PILOT_TO_PILOT,12,1479,221,13,14,Borkumriff,TG7w1,53.87332117669627,7.365754171683404,76.46516557942522,10.0,246.3598126519499,16.933339516830728
1480,Zeebrugge - Bremerhaven,SEA,PILOT_TO_PILOT,12,1480,222,13,14,Borkumriff,TG7w1,53.8739331231846,7.370354231646749,76.46516557942522,10.0,246.52673904007554,16.766413128705096
1481,Zeebrugge - Bremerhaven,SEA,PILOT_TO_PILOT,12,1481,223,13,14,Borkumriff,TG7w1,53.87454489379566,7.374954426214457,76.46516557942522,10.0,246.6936654282012,16.599486740579437
1482,Zeebrugge - Bremerhaven,SEA,PILOT_TO_PILOT,12,1482,224,13,14,Borkumriff,TG7w1,53.87515648852036,7.379554755354792,76.46516557942522,10.0,246.86059181632686,16.432560352453777
1483,Zeebrugge - Bremerhaven,SEA,PILOT_TO_PILOT,12,1483,225,13,14,Borkumriff,TG7w1,53.87576790734961,7.3841552190360025,76.46516557942522,10.0,247.0275182044525,16.265633964328146
1484,Zeebrugge - Bremerhaven,SEA,PILOT_TO_PILOT,12,1484,226,13,14,Borkumriff,TG7w1,53.87637915027433,7.3887558172263414,76.46516557942522,10.0,247.19444459257812,16.098707576202514
1485,Zeebrugge - Bremerhaven,SEA,PILOT_TO_PILOT,12,1485,227,13,14,Borkumriff,TG7w1,53.87699021728544,7.3933565498940474,76.46516557942522,10.0,247.36137098070378,15.931781188076855
1486,Zeebrugge - Bremerhaven,SEA,PILOT_TO_PILOT,12,1486,228,13,14,Borkumriff,TG7w1,53.87760110837386,7.397957417007348,76.46516557942522,10.0,247.52829736882944,15.764854799951195
1487,Zeebrugge - Bremerhaven,SEA,PILOT_TO_PILOT,12,1487,229,13,14,Borkumriff,TG7w1,53.87821182353049,7.402558418534468,76.46516557942522,10.0,247.69522375695507,15.597928411825563
1488,Zeebrugge - Bremerhaven,SEA,PILOT_TO_PILOT,12,1488,230,13,14,Borkumriff,TG7w1,53.87882236274628,7.407159554443628,76.46516557942522,10.0,247.8621501450807,15.431002023699932
1489,Zeebrugge - Bremerhaven,SEA,PILOT_TO_PILOT,12,1489,231,13,14,Borkumriff,TG7w1,53.879432726012126,7.411760824703033,76.46516557942522,10.0,248.02907653320636,15.264075635574272
1490,Zeebrugge - Bremerhaven,SEA,PILOT_TO_PILOT,12,1490,232,13,14,Borkumriff,TG7w1,53.88004291331897,7.416362229280884,76.46516557942522,10.0,248.19600292133202,15.097149247448613
1491,Zeebrugge - Bremerhaven,SEA,PILOT_TO_PILOT,12,1491,233,13,14,Borkumriff,TG7w1,53.88065292465775,7.42096376814538,76.46516557942522,10.0,248.36292930945766,14.930222859322981
1492,Zeebrugge - Bremerhaven,SEA,PILOT_TO_PILOT,12,1492,234,13,14,Borkumriff,TG7w1,53.88126276001938,7.425565441264704,76.46516557942522,10.0,248.5298556975833,14.76329647119735
1493,Zeebrugge - Bremerhaven,SEA,PILOT_TO_PILOT,12,1493,235,13,14,Borkumriff,TG7w1,53.88187241939481,7.430167248607034,76.46516557942522,10.0,248.69678208570895,14.59637008307169
1494,Zeebrugge - Bremerhaven,SEA,PILOT_TO_PILOT,12,1494,236,13,14,Borkumriff,TG7w1,53.88248190277496,7.4347691901405435,76.46516557942522,10.0,248.8637084738346,14.42944369494603
1495,Zeebrugge - Bremerhaven,SEA,PILOT_TO_PILOT,12,1495,237,13,14,Borkumriff,TG7w1,53.88309121015076,7.439371265833394,76.46516557942522,10.0,249.03063486196024,14.2625173068204
1496,Zeebrugge - Bremerhaven,SEA,PILOT_TO_PILOT,12,1496,238,13,14,Borkumriff,TG7w1,53.88370034151317,7.4439734756537455,76.46516557942522,10.0,249.19756125008587,14.095590918694768
1497,Zeebrugge - Bremerhaven,SEA,PILOT_TO_PILOT,12,1497,239,13,14,Borkumriff,TG7w1,53.88430929685312,7.448575819569743,76.46516557942522,10.0,249.36448763821153,13.928664530569108
1498,Zeebrugge - Bremerhaven,SEA,PILOT_TO_PILOT,12,1498,240,13,14,Borkumriff,TG7w1,53.88491807616155,7.453178297549532,76.46516557942522,10.0,249.5314140263372,13.761738142443448
1499,Zeebrugge - Bremerhaven,SEA,PILOT_TO_PILOT,12,1499,241,13,14,Borkumriff,TG7w1,53.88552667942941,7.457780909561243,76.46516557942522,10.0,249.69834041446282,13.594811754317817
1500,Zeebrugge - Bremerhaven,SEA,PILOT_TO_PILOT,12,1500,242,13,14,Borkumriff,TG7w1,53.88613510664765,7.462383655573005,76.46516557942522,10.0,249.86526680258845,13.427885366192186
1501,Zeebrugge - Bremerhaven,SEA,PILOT_TO_PILOT,12,1501,243,13,14,Borkumriff,TG7w1,53.8867433578072,7.466986535552932,76.46516557942522,10.0,250.0321931907141,13.260958978066526
1502,Zeebrugge - Bremerhaven,SEA,PILOT_TO_PILOT,12,1502,244,13,14,Borkumriff,TG7w1,53.88735143289903,7.4715895494691384,76.46516557942522,10.0,250.19911957883977,13.094032589940866
1503,Zeebrugge - Bremerhaven,SEA,PILOT_TO_PILOT,12,1503,245,13,14,Borkumriff,TG7w1,53.88795933191409,7.476192697289732,76.46516557942522,10.0,250.3660459669654,12.927106201815235
1504,Zeebrugge - Bremerhaven,SEA,PILOT_TO_PILOT,12,1504,246,13,14,Borkumriff,TG7w1,53.88856705484333,7.480795978982803,76.46516557942522,10.0,250.53297235509103,12.760179813689604
1505,Zeebrugge - Bremerhaven,SEA,PILOT_TO_PILOT,12,1505,247,13,14,Borkumriff,TG7w1,53.8891746016777,7.485399394516444,76.46516557942522,10.0,250.6998987432167,12.593253425563944
1506,Zeebrugge - Bremerhaven,SEA,PILOT_TO_PILOT,12,1506,248,13,14,Borkumriff,TG7w1,53.88978197240817,7.490002943858732,76.46516557942522,10.0,250.86682513134235,12.426327037438284
1507,Zeebrugge - Bremerhaven,SEA,PILOT_TO_PILOT,12,1507,249,13,14,Borkumriff,TG7w1,53.89038916702571,7.494606626977748,76.46516557942522,10.0,251.03375151946798,12.259400649312653
1508,Zeebrugge - Bremerhaven,SEA,PILOT_TO_PILOT,12,1508,250,13,14,Borkumriff,TG7w1,53.89099618552125,7.49921044384155,76.46516557942522,10.0,251.20067790759362,12.092474261187022
1509,Zeebrugge - Bremerhaven,SEA,PILOT_TO_PILOT,12,1509,251,13,14,Borkumriff,TG7w1,53.891603027885786,7.503814394418201,76.46516557942522,10.0,251.36760429571927,11.925547873061362
1510,Zeebrugge - Bremerhaven,SEA,PILOT_TO_PILOT,12,1510,252,13,14,Borkumriff,TG7w1,53.89220969411028,7.50841847867575,76.46516557942522,10.0,251.53453068384493,11.758621484935702
1511,Zeebrugge - Bremerhaven,SEA,PILOT_TO_PILOT,12,1511,253,13,14,Borkumriff,TG7w1,53.89281618418569,7.5130226965822455,76.46516557942522,10.0,251.70145707197057,11.59169509681007
1512,Zeebrugge - Bremerhaven,SEA,PILOT_TO_PILOT,12,1512,254,13,14,Borkumriff,TG7w1,53.893422498102986,7.51762704810572,76.46516557942522,10.0,251.8683834600962,11.42476870868444
1513,Zeebrugge - Bremerhaven,SEA,PILOT_TO_PILOT,12,1513,255,13,14,Borkumriff,TG7w1,53.894028635853154,7.522231533214204,76.46516557942522,10.0,252.03530984822186,11.25784232055878
1514,Zeebrugge - Bremerhaven,SEA,PILOT_TO_PILOT,12,1514,256,13,14,Borkumriff,TG7w1,53.89463459742716,7.526836151875716,76.46516557942522,10.0,252.20223623634752,11.09091593243312
1515,Zeebrugge - Bremerhaven,SEA,PILOT_TO_PILOT,12,1515,257,13,14,Borkumriff,TG7w1,53.89524038281598,7.531440904058273,76.46516557942522,10.0,252.36916262447315,10.923989544307489
1516,Zeebrugge - Bremerhaven,SEA,PILOT_TO_PILOT,12,1516,258,13,14,Borkumriff,TG7w1,53.8958459920106,7.5360457897298785,76.46516557942522,10.0,252.53608901259878,10.757063156181857
1517,Zeebrugge - Bremerhaven,SEA,PILOT_TO_PILOT,12,1517,259,13,14,Borkumriff,TG7w1,53.896451425001985,7.540650808858534,76.46516557942522,10.0,252.70301540072444,10.590136768056198
1518,Zeebrugge - Bremerhaven,SEA,PILOT_TO_PILOT,12,1518,260,13,14,Borkumriff,TG7w1,53.89705668178114,7.545255961412228,76.46516557942522,10.0,252.8699417888501,10.423210379930538
1519,Zeebrugge - Bremerhaven,SEA,PILOT_TO_PILOT,12,1519,261,13,14,Borkumriff,TG7w1,53.89766176233904,7.549861247358948,76.46516557942522,10.0,253.03686817697573,10.256283991804906
1520,Zeebrugge - Bremerhaven,SEA,PILOT_TO_PILOT,13,1520,0,14,15,TG7w1,WeserPb,53.898266666666665,7.554466666666665,100.14748290006497,10.0,253.20379456510136,10.089357603679275
1521,Zeebrugge - Bremerhaven,SEA,PILOT_TO_PILOT,13,1521,1,14,15,TG7w1,WeserPb,53.897781231398625,7.559068802509007,100.14748290006497,10.0,253.3691938700797,9.923958298700938
1522,Zeebrugge - Bremerhaven,SEA,PILOT_TO_PILOT,13,1522,2,14,15,TG7w1,WeserPb,53.897295620150736,7.563670831400967,100.14748290006497,10.0,253.53459317505806,9.758558993722573
1523,Zeebrugge - Bremerhaven,SEA,PILOT_TO_PILOT,13,1523,3,14,15,TG7w1,WeserPb,53.896809832930245,7.568272753308178,100.14748290006497,10.0,253.6999924800364,9.593159688744237
1524,Zeebrugge - Bremerhaven,SEA,PILOT_TO_PILOT,13,1524,4,14,15,TG7w1,WeserPb,53.89632386974436,7.5728745681962675,100.14748290006497,10.0,253.86539178501476,9.427760383765872
1525,Zeebrugge - Bremerhaven,SEA,PILOT_TO_PILOT,13,1525,5,14,15,TG7w1,WeserPb,53.895837730600306,7.577476276030879,100.14748290006497,10.0,254.0307910899931,9.262361078787535
1526,Zeebrugge - Bremerhaven,SEA,PILOT_TO_PILOT,13,1526,6,14,15,TG7w1,WeserPb,53.89535141550531,7.582077876777657,100.14748290006497,10.0,254.19619039497147,9.09696177380917
1527,Zeebrugge - Bremerhaven,SEA,PILOT_TO_PILOT,13,1527,7,14,15,TG7w1,WeserPb,53.89486492446663,7.586679370402255,100.14748290006497,10.0,254.3615896999498,8.931562468830833
1528,Zeebrugge - Bremerhaven,SEA,PILOT_TO_PILOT,13,1528,8,14,15,TG7w1,WeserPb,53.89437825749147,7.591280756870328,100.14748290006497,10.0,254.52698900492817,8.766163163852468
1529,Zeebrugge - Bremerhaven,SEA,PILOT_TO_PILOT,13,1529,9,14,15,TG7w1,WeserPb,53.89389141458708,7.595882036147546,100.14748290006497,10.0,254.6923883099065,8.600763858874132
1530,Zeebrugge - Bremerhaven,SEA,PILOT_TO_PILOT,13,1530,10,14,15,TG7w1,WeserPb,53.89340439576071,7.600483208199575,100.14748290006497,10.0,254.85778761488484,8.435364553895795
1531,Zeebrugge - Bremerhaven,SEA,PILOT_TO_PILOT,13,1531,11,14,15,TG7w1,WeserPb,53.89291720101958,7.605084272992094,100.14748290006497,10.0,255.0231869198632,8.26996524891743
1532,Zeebrugge - Bremerhaven,SEA,PILOT_TO_PILOT,13,1532,12,14,15,TG7w1,WeserPb,53.89242983037095,7.609685230490785,100.14748290006497,10.0,255.18858622484154,8.104565943939093
1533,Zeebrugge - Bremerhaven,SEA,PILOT_TO_PILOT,13,1533,13,14,15,TG7w1,WeserPb,53.891942283822054,7.61428608066134,100.14748290006497,10.0,255.3539855298199,7.939166638960728
1534,Zeebrugge - Bremerhaven,SEA,PILOT_TO_PILOT,13,1534,14,14,15,TG7w1,WeserPb,53.89145456138014,7.618886823469449,100.14748290006497,10.0,255.51938483479825,7.773767333982391
1535,Zeebrugge - Bremerhaven,SEA,PILOT_TO_PILOT,13,1535,15,14,15,TG7w1,WeserPb,53.89096666305247,7.623487458880814,100.14748290006497,10.0,255.6847841397766,7.608368029004026
1536,Zeebrugge - Bremerhaven,SEA,PILOT_TO_PILOT,13,1536,16,14,15,TG7w1,WeserPb,53.89047858884628,7.6280879868611455,100.14748290006497,10.0,255.85018344475495,7.44296872402569
1537,Zeebrugge - Bremerhaven,SEA,PILOT_TO_PILOT,13,1537,17,14,15,TG7w1,WeserPb,53.88999033876883,7.632688407376157,100.14748290006497,10.0,256.0155827497333,7.277569419047325
1538,Zeebrugge - Bremerhaven,SEA,PILOT_TO_PILOT,13,1538,18,14,15,TG7w1,WeserPb,53.889501912827384,7.637288720391566,100.14748290006497,10.0,256.18098205471165,7.112170114068988
1539,Zeebrugge - Bremerhaven,SEA,PILOT_TO_PILOT,13,1539,19,14,15,TG7w1,WeserPb,53.8890133110292,7.641888925873101,100.14748290006497,10.0,256.34638135969,6.946770809090651
1540,Zeebrugge - Bremerhaven,SEA,PILOT_TO_PILOT,13,1540,20,14,15,TG7w1,WeserPb,53.88852453338153,7.646489023786489,100.14748290006497,10.0,256.5117806646683,6.781371504112315
1541,Zeebrugge - Bremerhaven,SEA,PILOT_TO_PILOT,13,1541,21,14,15,TG7w1,WeserPb,53.88803557989164,7.651089014097474,100.14748290006497,10.0,256.6771799696467,6.615972199133921
1542,Zeebrugge - Bremerhaven,SEA,PILOT_TO_PILOT,13,1542,22,14,15,TG7w1,WeserPb,53.88754645056681,7.655688896771796,100.14748290006497,10.0,256.84257927462505,6.450572894155584
1543,Zeebrugge - Bremerhaven,SEA,PILOT_TO_PILOT,13,1543,23,14,15,TG7w1,WeserPb,53.887057145414275,7.660288671775209,100.14748290006497,10.0,257.0079785796034,6.285173589177248
1544,Zeebrugge - Bremerhaven,SEA,PILOT_TO_PILOT,13,1544,24,14,15,TG7w1,WeserPb,53.88656766444134,7.664888339073467,100.14748290006497,10.0,257.1733778845817,6.119774284198911
1545,Zeebrugge - Bremerhaven,SEA,PILOT_TO_PILOT,13,1545,25,14,15,TG7w1,WeserPb,53.88607800765525,7.669487898632335,100.14748290006497,10.0,257.33877718956006,5.9543749792205745
1546,Zeebrugge - Bremerhaven,SEA,PILOT_TO_PILOT,13,1546,26,14,15,TG7w1,WeserPb,53.885588175063305,7.674087350417581,100.14748290006497,10.0,257.50417649453846,5.788975674242181
1547,Zeebrugge - Bremerhaven,SEA,PILOT_TO_PILOT,13,1547,27,14,15,TG7w1,WeserPb,53.885098166672755,7.678686694394979,100.14748290006497,10.0,257.6695757995168,5.623576369263844
1548,Zeebrugge - Bremerhaven,SEA,PILOT_TO_PILOT,13,1548,28,14,15,TG7w1,WeserPb,53.884607982490905,7.68328593053031,100.14748290006497,10.0,257.83497510449513,5.458177064285508
1549,Zeebrugge - Bremerhaven,SEA,PILOT_TO_PILOT,13,1549,29,14,15,TG7w1,WeserPb,53.88411762252502,7.687885058789366,100.14748290006497,10.0,258.00037440947347,5.292777759307171
1550,Zeebrugge - Bremerhaven,SEA,PILOT_TO_PILOT,13,1550,30,14,15,TG7w1,WeserPb,53.88362708678238,7.692484079137937,100.14748290006497,10.0,258.16577371445186,5.1273784543287775
1551,Zeebrugge - Bremerhaven,SEA,PILOT_TO_PILOT,13,1551,31,14,15,TG7w1,WeserPb,53.883136375270276,7.697082991541822,100.14748290006497,10.0,258.3311730194302,4.961979149350441
1552,Zeebrugge - Bremerhaven,SEA,PILOT_TO_PILOT,13,1552,32,14,15,TG7w1,WeserPb,53.88264548799601,7.701681795966827,100.14748290006497,10.0,258.49657232440853,4.796579844372104
1553,Zeebrugge - Bremerhaven,SEA,PILOT_TO_PILOT,13,1553,33,14,15,TG7w1,WeserPb,53.88215442496684,7.706280492378767,100.14748290006497,10.0,258.66197162938687,4.6311805393937675
1554,Zeebrugge - Bremerhaven,SEA,PILOT_TO_PILOT,13,1554,34,14,15,TG7w1,WeserPb,53.88166318619009,7.710879080743458,100.14748290006497,10.0,258.8273709343652,4.465781234415431
1555,Zeebrugge - Bremerhaven,SEA,PILOT_TO_PILOT,13,1555,35,14,15,TG7w1,WeserPb,53.88117177167303,7.715477561026726,100.14748290006497,10.0,258.9927702393436,4.300381929437037
1556,Zeebrugge - Bremerhaven,SEA,PILOT_TO_PILOT,13,1556,36,14,15,TG7w1,WeserPb,53.880680181422974,7.720075933194403,100.14748290006497,10.0,259.15816954432194,4.134982624458701
1557,Zeebrugge - Bremerhaven,SEA,PILOT_TO_PILOT,13,1557,37,14,15,TG7w1,WeserPb,53.880188415447215,7.724674197212322,100.14748290006497,10.0,259.3235688493003,3.969583319480364
1558,Zeebrugge - Bremerhaven,SEA,PILOT_TO_PILOT,13,1558,38,14,15,TG7w1,WeserPb,53.87969647375305,7.729272353046329,100.14748290006497,10.0,259.4889681542786,3.8041840145020274
1559,Zeebrugge - Bremerhaven,SEA,PILOT_TO_PILOT,13,1559,39,14,15,TG7w1,WeserPb,53.87920435634779,7.73387040066227,100.14748290006497,10.0,259.654367459257,3.638784709523634
1560,Zeebrugge - Bremerhaven,SEA,PILOT_TO_PILOT,13,1560,40,14,15,TG7w1,WeserPb,53.87871206323873,7.738468340026006,100.14748290006497,10.0,259.81976676423534,3.473385404545297
1561,Zeebrugge - Bremerhaven,SEA,PILOT_TO_PILOT,13,1561,41,14,15,TG7w1,WeserPb,53.87821959443318,7.743066171103393,100.14748290006497,10.0,259.9851660692137,3.3079860995669605
1562,Zeebrugge - Bremerhaven,SEA,PILOT_TO_PILOT,13,1562,42,14,15,TG7w1,WeserPb,53.877726949938456,7.747663893860301,100.14748290006497,10.0,260.150565374192,3.142586794588624
1563,Zeebrugge - Bremerhaven,SEA,PILOT_TO_PILOT,13,1563,43,14,15,TG7w1,WeserPb,53.87723412976188,7.752261508262605,100.14748290006497,10.0,260.31596467917035,2.9771874896102872
1564,Zeebrugge - Bremerhaven,SEA,PILOT_TO_PILOT,13,1564,44,14,15,TG7w1,WeserPb,53.876741133910734,7.756859014276183,100.14748290006497,10.0,260.48136398414874,2.8117881846318937
1565,Zeebrugge - Bremerhaven,SEA,PILOT_TO_PILOT,13,1565,45,14,15,TG7w1,WeserPb,53.87624796239236,7.761456411866924,100.14748290006497,10.0,260.6467632891271,2.646388879653557
1566,Zeebrugge - Bremerhaven,SEA,PILOT_TO_PILOT,13,1566,46,14,15,TG7w1,WeserPb,53.87575461521408,7.766053701000717,100.14748290006497,10.0,260.8121625941054,2.4809895746752204
1567,Zeebrugge - Bremerhaven,SEA,PILOT_TO_PILOT,13,1567,47,14,15,TG7w1,WeserPb,53.8752610923832,7.770650881643466,100.14748290006497,10.0,260.97756189908375,2.3155902696968838
1568,Zeebrugge - Bremerhaven,SEA,PILOT_TO_PILOT,13,1568,48,14,15,TG7w1,WeserPb,53.87476739390704,7.775247953761069,100.14748290006497,10.0,261.14296120406215,2.1501909647184902
1569,Zeebrugge - Bremerhaven,SEA,PILOT_TO_PILOT,13,1569,49,14,15,TG7w1,WeserPb,53.874273519792936,7.779844917319442,100.14748290006497,10.0,261.3083605090405,1.9847916597401536
1570,Zeebrugge - Bremerhaven,SEA,PILOT_TO_PILOT,13,1570,50,14,15,TG7w1,WeserPb,53.87377947004823,7.784441772284501,100.14748290006497,10.0,261.4737598140188,1.819392354761817
1571,Zeebrugge - Bremerhaven,SEA,PILOT_TO_PILOT,13,1571,51,14,15,TG7w1,WeserPb,53.873285244680204,7.789038518622171,100.14748290006497,10.0,261.63915911899716,1.6539930497834803
1572,Zeebrugge - Bremerhaven,SEA,PILOT_TO_PILOT,13,1572,52,14,15,TG7w1,WeserPb,53.872790843696244,7.79363515629838,100.14748290006497,10.0,261.8045584239755,1.4885937448051436
1573,Zeebrugge - Bremerhaven,SEA,PILOT_TO_PILOT,13,1573,53,14,15,TG7w1,WeserPb,53.87229626710365,7.798231685279063,100.14748290006497,10.0,261.9699577289539,1.3231944398267501
1574,Zeebrugge - Bremerhaven,SEA,PILOT_TO_PILOT,13,1574,54,14,15,TG7w1,WeserPb,53.871801514909784,7.802828105530166,100.14748290006497,10.0,262.1353570339322,1.1577951348484135
1575,Zeebrugge - Bremerhaven,SEA,PILOT_TO_PILOT,13,1575,55,14,15,TG7w1,WeserPb,53.87130658712196,7.807424417017633,100.14748290006497,10.0,262.30075633891056,0.9923958298700768
1576,Zeebrugge - Bremerhaven,SEA,PILOT_TO_PILOT,13,1576,56,14,15,TG7w1,WeserPb,53.870811483747524,7.812020619707421,100.14748290006497,10.0,262.4661556438889,0.8269965248917401
1577,Zeebrugge - Bremerhaven,SEA,PILOT_TO_PILOT,13,1577,57,14,15,TG7w1,WeserPb,53.87031620479383,7.8166167135654865,100.14748290006497,10.0,262.63155494886723,0.6615972199134035
1578,Zeebrugge - Bremerhaven,SEA,PILOT_TO_PILOT,13,1578,58,14,15,TG7w1,WeserPb,53.86982075026821,7.821212698557802,100.14748290006497,10.0,262.7969542538456,0.49619791493501
1579,Zeebrugge - Bremerhaven,SEA,PILOT_TO_PILOT,13,1579,59,14,15,TG7w1,WeserPb,53.86932512017802,7.825808574650338,100.14748290006497,10.0,262.96235355882396,0.3307986099566733
1580,Zeebrugge - Bremerhaven,SEA,PILOT_TO_PILOT,13,1580,60,14,15,TG7w1,WeserPb,53.86882931453061,7.830404341809077,100.14748290006497,10.0,263.1277528638023,0.16539930497833666
1581,Zeebrugge - Bremerhaven,SEA,PILOT_TO_PILOT,13,1581,61,14,15,TG7w1,WeserPb,53.86833333333333,7.835,100.14748290006497,10.0,263.29315216878064,0.0
