sim_index,route_name,route_type,phase,leg_index,minute_from_start,leg_minute,from_wpt,to_wpt,from_name,to_name,lat_deg,lon_deg,cog_deg,sog_knots,distance_from_start_nm,distance_to_go_nm
0,Zeebrugge - Bremerhaven,SEA,PILOT_TO_PILOT,0,0,0,1,2,WandPS,TCWand,51.36998333333333,2.71535,359.51502385020376,12.0,0.0,263.29315216878064
1,Zeebrugge - Bremerhaven,SEA,PILOT_TO_PILOT,0,1,1,1,2,WandPS,TCWand,51.37337301605317,2.7153040364375065,359.51502385020376,12.0,0.20352539154344498,263.0896267772372
2,Zeebrugge - Bremerhaven,SEA,PILOT_TO_PILOT,0,2,2,1,2,WandPS,TCWand,51.37676269875502,2.715258066068293,359.51502385020376,12.0,0.40705078308688997,262.88610138569373
3,Zeebrugge - Bremerhaven,SEA,PILOT_TO_PILOT,0,3,3,1,2,WandPS,TCWand,51.38015238143888,2.7152120888905245,359.51502385020376,12.0,0.610576174630335,262.6825759941503
4,Zeebrugge - Bremerhaven,SEA,PILOT_TO_PILOT,0,4,4,1,2,WandPS,TCWand,51.38354206410475,2.715166104902367,359.51502385020376,12.0,0.8141015661737799,262.47905060260683
5,Zeebrugge - Bremerhaven,SEA,PILOT_TO_PILOT,0,5,5,1,2,WandPS,TCWand,51.38693174675262,2.715120114101985,359.51502385020376,12.0,1.017626957717225,262.27552521106344
6,Zeebrugge - Bremerhaven,SEA,PILOT_TO_PILOT,0,6,6,1,2,WandPS,TCWand,51.39032142938248,2.7150741164875427,359.51502385020376,12.0,1.22115234926067,262.07199981952
7,Zeebrugge - Bremerhaven,SEA,PILOT_TO_PILOT,0,7,7,1,2,WandPS,TCWand,51.39371111199434,2.7150281120572037,359.51502385020376,12.0,1.424677740804115,261.86847442797654
8,Zeebrugge - Bremerhaven,SEA,PILOT_TO_PILOT,0,8,8,1,2,WandPS,TCWand,51.397100794588184,2.7149821008091313,359.51502385020376,12.0,1.6282031323475599,261.6649490364331
9,Zeebrugge - Bremerhaven,SEA,PILOT_TO_PILOT,0,9,9,1,2,WandPS,TCWand,51.400490477164006,2.714936082741487,359.51502385020376,12.0,1.8317285238910048,261.46142364488963
10,Zeebrugge - Bremerhaven,SEA,PILOT_TO_PILOT,0,10,10,1,2,WandPS,TCWand,51.40388015972181,2.714890057852432,359.51502385020376,12.0,2.03525391543445,261.2578982533462
11,Zeebrugge - Bremerhaven,SEA,PILOT_TO_PILOT,0,11,11,1,2,WandPS,TCWand,51.40726984226158,2.7148440261401285,359.51502385020376,12.0,2.2387793069778947,261.05437286180273
12,Zeebrugge - Bremerhaven,SEA,PILOT_TO_PILOT,0,12,12,1,2,WandPS,TCWand,51.41065952478332,2.7147979876027364,359.51502385020376,12.0,2.44230469852134,260.8508474702593
13,Zeebrugge - Bremerhaven,SEA,PILOT_TO_PILOT,0,13,13,1,2,WandPS,TCWand,51.414049207287015,2.7147519422384137,359.51502385020376,12.0,2.6458300900647846,260.64732207871583
14,Zeebrugge - Bremerhaven,SEA,PILOT_TO_PILOT,0,14,14,1,2,WandPS,TCWand,51.417438889772676,2.714705890045322,359.51502385020376,12.0,2.84935548160823,260.4437966871724
15,Zeebrugge - Bremerhaven,SEA,PILOT_TO_PILOT,0,15,15,1,2,WandPS,TCWand,51.42082857224029,2.7146598310216175,359.51502385020376,12.0,3.0528808731516746,260.240271295629
16,Zeebrugge - Bremerhaven,SEA,PILOT_TO_PILOT,0,16,16,1,2,WandPS,TCWand,51.42421825468985,2.71461376516546,359.51502385020376,12.0,3.2564062646951197,260.03674590408554
17,Zeebrugge - Bremerhaven,SEA,PILOT_TO_PILOT,0,17,17,1,2,WandPS,TCWand,51.427607937121344,2.7145676924750046,359.51502385020376,12.0,3.459931656238565,259.8332205125421
18,Zeebrugge - Bremerhaven,SEA,PILOT_TO_PILOT,0,18,18,1,2,WandPS,TCWand,51.43099761953477,2.714521612948409,359.51502385020376,12.0,3.6634570477820096,259.62969512099863
19,Zeebrugge - Bremerhaven,SEA,PILOT_TO_PILOT,0,19,19,1,2,WandPS,TCWand,51.43438730193015,2.714475526583829,359.51502385020376,12.0,3.866982439325455,259.4261697294552
20,Zeebrugge - Bremerhaven,SEA,PILOT_TO_PILOT,0,20,20,1,2,WandPS,TCWand,51.43777698430744,2.714429433379418,359.51502385020376,12.0,4.0705078308689,259.22264433791173
21,Zeebrugge - Bremerhaven,SEA,PILOT_TO_PILOT,1,21,0,2,3,TCWand,OHR1,51.44116666666667,2.714383333333333,0.6427244200270934,12.0,4.274033222412345,259.0191189463683
22,Zeebrugge - Bremerhaven,SEA,PILOT_TO_PILOT,1,22,1,2,3,TCWand,OHR1,51.444473545912935,2.7144428530095617,0.6427244200270934,12.0,4.472592257797177,258.82055991098343
23,Zeebrugge - Bremerhaven,SEA,PILOT_TO_PILOT,1,23,2,2,3,TCWand,OHR1,51.44778042512905,2.714502381306614,0.6427244200270934,12.0,4.671151293182009,258.62200087559864
24,Zeebrugge - Bremerhaven,SEA,PILOT_TO_PILOT,1,24,3,2,3,TCWand,OHR1,51.45108730431501,2.71456191822676,0.6427244200270934,12.0,4.869710328566841,258.4234418402138
25,Zeebrugge - Bremerhaven,SEA,PILOT_TO_PILOT,1,25,4,2,3,TCWand,OHR1,51.454394183470825,2.714621463772272,0.6427244200270934,12.0,5.068269363951673,258.22488280482895
26,Zeebrugge - Bremerhaven,SEA,PILOT_TO_PILOT,1,26,5,2,3,TCWand,OHR1,51.45770106259648,2.714681017945419,0.6427244200270934,12.0,5.2668283993365055,258.0263237694441
27,Zeebrugge - Bremerhaven,SEA,PILOT_TO_PILOT,1,27,6,2,3,TCWand,OHR1,51.46100794169195,2.7147405807484732,0.6427244200270934,12.0,5.465387434721338,257.8277647340593
28,Zeebrugge - Bremerhaven,SEA,PILOT_TO_PILOT,1,28,7,2,3,TCWand,OHR1,51.46431482075725,2.7148001521837086,0.6427244200270934,12.0,5.66394647010617,257.62920569867447
29,Zeebrugge - Bremerhaven,SEA,PILOT_TO_PILOT,1,29,8,2,3,TCWand,OHR1,51.46762169979237,2.714859732253398,0.6427244200270934,12.0,5.8625055054910025,257.4306466632896
30,Zeebrugge - Bremerhaven,SEA,PILOT_TO_PILOT,1,30,9,2,3,TCWand,OHR1,51.47092857879727,2.7149193209598157,0.6427244200270934,12.0,6.061064540875835,257.2320876279048
31,Zeebrugge - Bremerhaven,SEA,PILOT_TO_PILOT,1,31,10,2,3,TCWand,OHR1,51.474235457771975,2.714978918305237,0.6427244200270934,12.0,6.259623576260667,257.03352859252
32,Zeebrugge - Bremerhaven,SEA,PILOT_TO_PILOT,1,32,11,2,3,TCWand,OHR1,51.477542336716475,2.715038524291938,0.6427244200270934,12.0,6.4581826116454994,256.83496955713514
33,Zeebrugge - Bremerhaven,SEA,PILOT_TO_PILOT,1,33,12,2,3,TCWand,OHR1,51.480849215630755,2.7150981389221944,0.6427244200270934,12.0,6.656741647030331,256.6364105217503
34,Zeebrugge - Bremerhaven,SEA,PILOT_TO_PILOT,1,34,13,2,3,TCWand,OHR1,51.48415609451481,2.7151577621982854,0.6427244200270934,12.0,6.855300682415163,256.43785148636545
35,Zeebrugge - Bremerhaven,SEA,PILOT_TO_PILOT,1,35,14,2,3,TCWand,OHR1,51.487462973368615,2.7152173941224875,0.6427244200270934,12.0,7.0538597177999955,256.23929245098066
36,Zeebrugge - Bremerhaven,SEA,PILOT_TO_PILOT,1,36,15,2,3,TCWand,OHR1,51.49076985219218,2.7152770346970807,0.6427244200270934,12.0,7.252418753184827,256.0407334155958
37,Zeebrugge - Bremerhaven,SEA,PILOT_TO_PILOT,1,37,16,2,3,TCWand,OHR1,51.494076730985505,2.715336683924344,0.6427244200270934,12.0,7.450977788569659,255.84217438021096
38,Zeebrugge - Bremerhaven,SEA,PILOT_TO_PILOT,1,38,17,2,3,TCWand,OHR1,51.49738360974856,2.715396341806558,0.6427244200270934,12.0,7.649536823954492,255.64361534482615
39,Zeebrugge - Bremerhaven,SEA,PILOT_TO_PILOT,1,39,18,2,3,TCWand,OHR1,51.500690488481354,2.7154560083460044,0.6427244200270934,12.0,7.848095859339324,255.44505630944133
40,Zeebrugge - Bremerhaven,SEA,PILOT_TO_PILOT,1,40,19,2,3,TCWand,OHR1,51.503997367183864,2.7155156835449663,0.6427244200270934,12.0,8.046654894724156,255.24649727405648
41,Zeebrugge - Bremerhaven,SEA,PILOT_TO_PILOT,1,41,20,2,3,TCWand,OHR1,51.5073042458561,2.715575367405725,0.6427244200270934,12.0,8.245213930108989,255.04793823867163
42,Zeebrugge - Bremerhaven,SEA,PILOT_TO_PILOT,1,42,21,2,3,TCWand,OHR1,51.51061112449804,2.715635059930564,0.6427244200270934,12.0,8.443772965493821,254.84937920328682
43,Zeebrugge - Bremerhaven,SEA,PILOT_TO_PILOT,1,43,22,2,3,TCWand,OHR1,51.51391800310968,2.7156947611217688,0.6427244200270934,12.0,8.642332000878653,254.650820167902
44,Zeebrugge - Bremerhaven,SEA,PILOT_TO_PILOT,1,44,23,2,3,TCWand,OHR1,51.51722488169101,2.7157544709816244,0.6427244200270934,12.0,8.840891036263486,254.45226113251715
45,Zeebrugge - Bremerhaven,SEA,PILOT_TO_PILOT,1,45,24,2,3,TCWand,OHR1,51.52053176024203,2.715814189512417,0.6427244200270934,12.0,9.039450071648318,254.2537020971323
46,Zeebrugge - Bremerhaven,SEA,PILOT_TO_PILOT,1,46,25,2,3,TCWand,OHR1,51.52383863876272,2.7158739167164314,0.6427244200270934,12.0,9.23800910703315,254.0551430617475
47,Zeebrugge - Bremerhaven,SEA,PILOT_TO_PILOT,1,47,26,2,3,TCWand,OHR1,51.52714551725308,2.715933652595958,0.6427244200270934,12.0,9.436568142417983,253.85658402636267
48,Zeebrugge - Bremerhaven,SEA,PILOT_TO_PILOT,1,48,27,2,3,TCWand,OHR1,51.5304523957131,2.715993397153284,0.6427244200270934,12.0,9.635127177802815,253.65802499097782
49,Zeebrugge - Bremerhaven,SEA,PILOT_TO_PILOT,1,49,28,2,3,TCWand,OHR1,51.53375927414278,2.7160531503906977,0.6427244200270934,12.0,9.833686213187647,253.45946595559298
50,Zeebrugge - Bremerhaven,SEA,PILOT_TO_PILOT,1,50,29,2,3,TCWand,OHR1,51.537066152542096,2.71611291231049,0.6427244200270934,12.0,10.032245248572478,253.26090692020816
51,Zeebrugge - Bremerhaven,SEA,PILOT_TO_PILOT,1,51,30,2,3,TCWand,OHR1,51.54037303091106,2.716172682914951,0.6427244200270934,12.0,10.23080428395731,253.06234788482334
52,Zeebrugge - Bremerhaven,SEA,PILOT_TO_PILOT,1,52,31,2,3,TCWand,OHR1,51.54367990924963,2.7162324622063725,0.6427244200270934,12.0,10.429363319342142,252.8637888494385
53,Zeebrugge - Bremerhaven,SEA,PILOT_TO_PILOT,1,53,32,2,3,TCWand,OHR1,51.54698678755784,2.7162922501870463,0.6427244200270934,12.0,10.627922354726975,252.66522981405367
54,Zeebrugge - Bremerhaven,SEA,PILOT_TO_PILOT,1,54,33,2,3,TCWand,OHR1,51.55029366583565,2.716352046859266,0.6427244200270934,12.0,10.826481390111807,252.46667077866883
55,Zeebrugge - Bremerhaven,SEA,PILOT_TO_PILOT,1,55,34,2,3,TCWand,OHR1,51.55360054408308,2.7164118522253244,0.6427244200270934,12.0,11.02504042549664,252.268111743284
56,Zeebrugge - Bremerhaven,SEA,PILOT_TO_PILOT,1,56,35,2,3,TCWand,OHR1,51.55690742230009,2.716471666287517,0.6427244200270934,12.0,11.223599460881472,252.06955270789916
57,Zeebrugge - Bremerhaven,SEA,PILOT_TO_PILOT,1,57,36,2,3,TCWand,OHR1,51.5602143004867,2.7165314890481405,0.6427244200270934,12.0,11.422158496266302,251.87099367251435
58,Zeebrugge - Bremerhaven,SEA,PILOT_TO_PILOT,1,58,37,2,3,TCWand,OHR1,51.56352117864289,2.7165913205094867,0.6427244200270934,12.0,11.620717531651135,251.6724346371295
59,Zeebrugge - Bremerhaven,SEA,PILOT_TO_PILOT,1,59,38,2,3,TCWand,OHR1,51.56682805676864,2.716651160673857,0.6427244200270934,12.0,11.819276567035967,251.47387560174468
60,Zeebrugge - Bremerhaven,SEA,PILOT_TO_PILOT,1,60,39,2,3,TCWand,OHR1,51.57013493486396,2.7167110095435474,0.6427244200270934,12.0,12.0178356024208,251.27531656635983
61,Zeebrugge - Bremerhaven,SEA,PILOT_TO_PILOT,1,61,40,2,3,TCWand,OHR1,51.57344181292884,2.7167708671208564,0.6427244200270934,12.0,12.216394637805632,251.07675753097502
62,Zeebrugge - Bremerhaven,SEA,PILOT_TO_PILOT,1,62,41,2,3,TCWand,OHR1,51.576748690963264,2.716830733408083,0.6427244200270934,12.0,12.414953673190464,250.87819849559017
63,Zeebrugge - Bremerhaven,SEA,PILOT_TO_PILOT,1,63,42,2,3,TCWand,OHR1,51.58005556896723,2.7168906084075273,0.6427244200270934,12.0,12.613512708575296,250.67963946020535
64,Zeebrugge - Bremerhaven,SEA,PILOT_TO_PILOT,1,64,43,2,3,TCWand,OHR1,51.583362446940725,2.7169504921214913,0.6427244200270934,12.0,12.812071743960129,250.4810804248205
65,Zeebrugge - Bremerhaven,SEA,PILOT_TO_PILOT,1,65,44,2,3,TCWand,OHR1,51.58666932488376,2.7170103845522755,0.6427244200270934,12.0,13.010630779344961,250.2825213894357
66,Zeebrugge - Bremerhaven,SEA,PILOT_TO_PILOT,1,66,45,2,3,TCWand,OHR1,51.589976202796294,2.717070285702182,0.6427244200270934,12.0,13.209189814729793,250.08396235405084
67,Zeebrugge - Bremerhaven,SEA,PILOT_TO_PILOT,1,67,46,2,3,TCWand,OHR1,51.59328308067834,2.7171301955735148,0.6427244200270934,12.0,13.407748850114626,249.88540331866602
68,Zeebrugge - Bremerhaven,SEA,PILOT_TO_PILOT,1,68,47,2,3,TCWand,OHR1,51.59658995852988,2.7171901141685786,0.6427244200270934,12.0,13.606307885499458,249.68684428328118
69,Zeebrugge - Bremerhaven,SEA,PILOT_TO_PILOT,1,69,48,2,3,TCWand,OHR1,51.59989683635092,2.717250041489676,0.6427244200270934,12.0,13.80486692088429,249.48828524789636
70,Zeebrugge - Bremerhaven,SEA,PILOT_TO_PILOT,1,70,49,2,3,TCWand,OHR1,51.603203714141436,2.7173099775391147,0.6427244200270934,12.0,14.003425956269123,249.2897262125115
71,Zeebrugge - Bremerhaven,SEA,PILOT_TO_PILOT,1,71,50,2,3,TCWand,OHR1,51.60651059190143,2.7173699223191994,0.6427244200270934,12.0,14.201984991653955,249.0911671771267
72,Zeebrugge - Bremerhaven,SEA,PILOT_TO_PILOT,1,72,51,2,3,TCWand,OHR1,51.60981746963091,2.7174298758322393,0.6427244200270934,12.0,14.400544027038787,248.89260814174185
73,Zeebrugge - Bremerhaven,SEA,PILOT_TO_PILOT,1,73,52,2,3,TCWand,OHR1,51.61312434732982,2.71748983808054,0.6427244200270934,12.0,14.59910306242362,248.69404910635703
74,Zeebrugge - Bremerhaven,SEA,PILOT_TO_PILOT,1,74,53,2,3,TCWand,OHR1,51.61643122499821,2.717549809066412,0.6427244200270934,12.0,14.797662097808452,248.49549007097218
75,Zeebrugge - Bremerhaven,SEA,PILOT_TO_PILOT,1,75,54,2,3,TCWand,OHR1,51.61973810263603,2.7176097887921635,0.6427244200270934,12.0,14.996221133193284,248.29693103558736
76,Zeebrugge - Bremerhaven,SEA,PILOT_TO_PILOT,1,76,55,2,3,TCWand,OHR1,51.623044980243286,2.7176697772601064,0.6427244200270934,12.0,15.194780168578117,248.09837200020252
77,Zeebrugge - Bremerhaven,SEA,PILOT_TO_PILOT,1,77,56,2,3,TCWand,OHR1,51.62635185781996,2.7177297744725504,0.6427244200270934,12.0,15.393339203962949,247.8998129648177
78,Zeebrugge - Bremerhaven,SEA,PILOT_TO_PILOT,1,78,57,2,3,TCWand,OHR1,51.62965873536606,2.717789780431808,0.6427244200270934,12.0,15.591898239347781,247.70125392943285
79,Zeebrugge - Bremerhaven,SEA,PILOT_TO_PILOT,1,79,58,2,3,TCWand,OHR1,51.63296561288156,2.717849795140191,0.6427244200270934,12.0,15.79045727473261,247.50269489404803
80,Zeebrugge - Bremerhaven,SEA,PILOT_TO_PILOT,1,80,59,2,3,TCWand,OHR1,51.63627249036647,2.717909818600014,0.6427244200270934,12.0,15.989016310117442,247.3041358586632
81,Zeebrugge - Bremerhaven,SEA,PILOT_TO_PILOT,1,81,60,2,3,TCWand,OHR1,51.63957936782079,2.717969850813591,0.6427244200270934,12.0,16.187575345502275,247.10557682327837
82,Zeebrugge - Bremerhaven,SEA,PILOT_TO_PILOT,1,82,61,2,3,TCWand,OHR1,51.64288624524448,2.7180298917832375,0.6427244200270934,12.0,16.386134380887107,246.90701778789352
83,Zeebrugge - Bremerhaven,SEA,PILOT_TO_PILOT,1,83,62,2,3,TCWand,OHR1,51.64619312263756,2.718089941511268,0.6427244200270934,12.0,16.58469341627194,246.7084587525087
84,Zeebrugge - Bremerhaven,SEA,PILOT_TO_PILOT,2,84,0,3,4,OHR1,NHR-SE,51.64950000000001,2.71815,337.12977485824285,12.0,16.78325245165677,246.50989971712386
85,Zeebrugge - Bremerhaven,SEA,PILOT_TO_PILOT,2,85,1,3,4,OHR1,NHR-SE,51.65251326634089,2.716101392265432,337.12977485824285,12.0,16.97960736112128,246.31354480765935
86,Zeebrugge - Bremerhaven,SEA,PILOT_TO_PILOT,2,86,2,3,4,OHR1,NHR-SE,51.65552649703615,2.7140525121358534,337.12977485824285,12.0,17.175962270585785,246.11718989819485
87,Zeebrugge - Bremerhaven,SEA,PILOT_TO_PILOT,2,87,3,3,4,OHR1,NHR-SE,51.65853969207718,2.712003359548822,337.12977485824285,12.0,17.37231718005029,245.92083498873035
88,Zeebrugge - Bremerhaven,SEA,PILOT_TO_PILOT,2,88,4,3,4,OHR1,NHR-SE,51.661552851455355,2.709953934441873,337.12977485824285,12.0,17.568672089514795,245.72448007926585
89,Zeebrugge - Bremerhaven,SEA,PILOT_TO_PILOT,2,89,5,3,4,OHR1,NHR-SE,51.66456597516213,2.7079042367525292,337.12977485824285,12.0,17.7650269989793,245.52812516980134
90,Zeebrugge - Bremerhaven,SEA,PILOT_TO_PILOT,2,90,6,3,4,OHR1,NHR-SE,51.667579063188874,2.705854266418294,337.12977485824285,12.0,17.96138190844381,245.33177026033684
91,Zeebrugge - Bremerhaven,SEA,PILOT_TO_PILOT,2,91,7,3,4,OHR1,NHR-SE,51.67059211552697,2.703804023376651,337.12977485824285,12.0,18.157736817908315,245.13541535087234
92,Zeebrugge - Bremerhaven,SEA,PILOT_TO_PILOT,2,92,8,3,4,OHR1,NHR-SE,51.67360513216785,2.701753507565072,337.12977485824285,12.0,18.35409172737282,244.93906044140783
93,Zeebrugge - Bremerhaven,SEA,PILOT_TO_PILOT,2,93,9,3,4,OHR1,NHR-SE,51.676618113102876,2.6997027189210048,337.12977485824285,12.0,18.550446636837325,244.7427055319433
94,Zeebrugge - Bremerhaven,SEA,PILOT_TO_PILOT,2,94,10,3,4,OHR1,NHR-SE,51.679631058323444,2.6976516573818863,337.12977485824285,12.0,18.746801546301832,244.5463506224788
95,Zeebrugge - Bremerhaven,SEA,PILOT_TO_PILOT,2,95,11,3,4,OHR1,NHR-SE,51.682643967820944,2.6956003228851313,337.12977485824285,12.0,18.94315645576634,244.3499957130143
96,Zeebrugge - Bremerhaven,SEA,PILOT_TO_PILOT,2,96,12,3,4,OHR1,NHR-SE,51.685656841586756,2.693548715368138,337.12977485824285,12.0,19.139511365230845,244.1536408035498
97,Zeebrugge - Bremerhaven,SEA,PILOT_TO_PILOT,2,97,13,3,4,OHR1,NHR-SE,51.688669679612254,2.691496834768289,337.12977485824285,12.0,19.33586627469535,243.9572858940853
98,Zeebrugge - Bremerhaven,SEA,PILOT_TO_PILOT,2,98,14,3,4,OHR1,NHR-SE,51.69168248188883,2.6894446810229478,337.12977485824285,12.0,19.532221184159855,243.76093098462079
99,Zeebrugge - Bremerhaven,SEA,PILOT_TO_PILOT,2,99,15,3,4,OHR1,NHR-SE,51.69469524840786,2.687392254069461,337.12977485824285,12.0,19.728576093624362,243.56457607515628
100,Zeebrugge - Bremerhaven,SEA,PILOT_TO_PILOT,2,100,16,3,4,OHR1,NHR-SE,51.697707979160704,2.685339553845158,337.12977485824285,12.0,19.92493100308887,243.36822116569178
101,Zeebrugge - Bremerhaven,SEA,PILOT_TO_PILOT,2,101,17,3,4,OHR1,NHR-SE,51.700720674138736,2.6832865802873505,337.12977485824285,12.0,20.121285912553375,243.17186625622725
102,Zeebrugge - Bremerhaven,SEA,PILOT_TO_PILOT,3,102,0,4,5,NHR-SE,EuroW,51.70373333333333,2.681233333333333,12.856899786773795,12.0,20.31764082201788,242.97551134676274
103,Zeebrugge - Bremerhaven,SEA,PILOT_TO_PILOT,3,103,1,4,5,NHR-SE,EuroW,51.70698977313117,2.6824327331001467,12.856899786773795,12.0,20.518187251106355,242.77496491767428
104,Zeebrugge - Bremerhaven,SEA,PILOT_TO_PILOT,3,104,2,4,5,NHR-SE,EuroW,51.71024620071593,2.6836323055552134,12.856899786773795,12.0,20.718733680194834,242.5744184885858
105,Zeebrugge - Bremerhaven,SEA,PILOT_TO_PILOT,3,105,3,4,5,NHR-SE,EuroW,51.71350261608442,2.684832050742935,12.856899786773795,12.0,20.91928010928331,242.37387205949733
106,Zeebrugge - Bremerhaven,SEA,PILOT_TO_PILOT,3,106,4,4,5,NHR-SE,EuroW,51.716759019233436,2.686031968707727,12.856899786773795,12.0,21.119826538371786,242.17332563040884
107,Zeebrugge - Bremerhaven,SEA,PILOT_TO_PILOT,3,107,5,4,5,NHR-SE,EuroW,51.72001541015982,2.6872320594940216,12.856899786773795,12.0,21.320372967460266,241.97277920132038
108,Zeebrugge - Bremerhaven,SEA,PILOT_TO_PILOT,3,108,6,4,5,NHR-SE,EuroW,51.72327178886037,2.688432323146262,12.856899786773795,12.0,21.52091939654874,241.7722327722319
109,Zeebrugge - Bremerhaven,SEA,PILOT_TO_PILOT,3,109,7,4,5,NHR-SE,EuroW,51.726528155331884,2.6896327597089082,12.856899786773795,12.0,21.721465825637218,241.57168634314343
110,Zeebrugge - Bremerhaven,SEA,PILOT_TO_PILOT,3,110,8,4,5,NHR-SE,EuroW,51.729784509571196,2.6908333692264357,12.856899786773795,12.0,21.922012254725697,241.37113991405494
111,Zeebrugge - Bremerhaven,SEA,PILOT_TO_PILOT,3,111,9,4,5,NHR-SE,EuroW,51.7330408515751,2.6920341517433313,12.856899786773795,12.0,22.122558683814173,241.17059348496647
112,Zeebrugge - Bremerhaven,SEA,PILOT_TO_PILOT,3,112,10,4,5,NHR-SE,EuroW,51.73629718134039,2.693235107304099,12.856899786773795,12.0,22.32310511290265,240.97004705587798
113,Zeebrugge - Bremerhaven,SEA,PILOT_TO_PILOT,3,113,11,4,5,NHR-SE,EuroW,51.739553498863884,2.694436235953258,12.856899786773795,12.0,22.52365154199113,240.76950062678952
114,Zeebrugge - Bremerhaven,SEA,PILOT_TO_PILOT,3,114,12,4,5,NHR-SE,EuroW,51.74280980414239,2.6956375377353385,12.856899786773795,12.0,22.724197971079604,240.56895419770103
115,Zeebrugge - Bremerhaven,SEA,PILOT_TO_PILOT,3,115,13,4,5,NHR-SE,EuroW,51.74606609717271,2.6968390126948885,12.856899786773795,12.0,22.92474440016808,240.36840776861254
116,Zeebrugge - Bremerhaven,SEA,PILOT_TO_PILOT,3,116,14,4,5,NHR-SE,EuroW,51.749322377951636,2.6980406608764707,12.856899786773795,12.0,23.125290829256556,240.16786133952408
117,Zeebrugge - Bremerhaven,SEA,PILOT_TO_PILOT,3,117,15,4,5,NHR-SE,EuroW,51.752578646475975,2.69924248232466,12.856899786773795,12.0,23.325837258345036,239.9673149104356
118,Zeebrugge - Bremerhaven,SEA,PILOT_TO_PILOT,3,118,16,4,5,NHR-SE,EuroW,51.755834902742535,2.7004444770840474,12.856899786773795,12.0,23.526383687433512,239.76676848134713
119,Zeebrugge - Bremerhaven,SEA,PILOT_TO_PILOT,3,119,17,4,5,NHR-SE,EuroW,51.759091146748105,2.7016466451992383,12.856899786773795,12.0,23.72693011652199,239.56622205225864
120,Zeebrugge - Bremerhaven,SEA,PILOT_TO_PILOT,3,120,18,4,5,NHR-SE,EuroW,51.76234737848949,2.702848986714853,12.856899786773795,12.0,23.927476545610467,239.36567562317018
121,Zeebrugge - Bremerhaven,SEA,PILOT_TO_PILOT,3,121,19,4,5,NHR-SE,EuroW,51.765603597963484,2.704051501675526,12.856899786773795,12.0,24.128022974698943,239.1651291940817
122,Zeebrugge - Bremerhaven,SEA,PILOT_TO_PILOT,3,122,20,4,5,NHR-SE,EuroW,51.768859805166876,2.705254190125907,12.856899786773795,12.0,24.32856940378742,238.96458276499322
123,Zeebrugge - Bremerhaven,SEA,PILOT_TO_PILOT,3,123,21,4,5,NHR-SE,EuroW,51.77211600009647,2.7064570521106597,12.856899786773795,12.0,24.5291158328759,238.76403633590473
124,Zeebrugge - Bremerhaven,SEA,PILOT_TO_PILOT,3,124,22,4,5,NHR-SE,EuroW,51.77537218274905,2.707660087674462,12.856899786773795,12.0,24.729662261964375,238.56348990681627
125,Zeebrugge - Bremerhaven,SEA,PILOT_TO_PILOT,3,125,23,4,5,NHR-SE,EuroW,51.77862835312142,2.7088632968620074,12.856899786773795,12.0,24.93020869105285,238.36294347772778
126,Zeebrugge - Bremerhaven,SEA,PILOT_TO_PILOT,3,126,24,4,5,NHR-SE,EuroW,51.781884511210365,2.7100666797180044,12.856899786773795,12.0,25.13075512014133,238.16239704863932
127,Zeebrugge - Bremerhaven,SEA,PILOT_TO_PILOT,3,127,25,4,5,NHR-SE,EuroW,51.78514065701268,2.711270236287175,12.856899786773795,12.0,25.331301549229806,237.96185061955083
128,Zeebrugge - Bremerhaven,SEA,PILOT_TO_PILOT,3,128,26,4,5,NHR-SE,EuroW,51.788396790525155,2.7124739666142563,12.856899786773795,12.0,25.531847978318282,237.76130419046234
129,Zeebrugge - Bremerhaven,SEA,PILOT_TO_PILOT,3,129,27,4,5,NHR-SE,EuroW,51.79165291174457,2.7136778707440006,12.856899786773795,12.0,25.732394407406762,237.56075776137388
130,Zeebrugge - Bremerhaven,SEA,PILOT_TO_PILOT,3,130,28,4,5,NHR-SE,EuroW,51.79490902066771,2.714881948721173,12.856899786773795,12.0,25.932940836495238,237.3602113322854
131,Zeebrugge - Bremerhaven,SEA,PILOT_TO_PILOT,3,131,29,4,5,NHR-SE,EuroW,51.79816511729138,2.7160862005905564,12.856899786773795,12.0,26.133487265583714,237.15966490319693
132,Zeebrugge - Bremerhaven,SEA,PILOT_TO_PILOT,3,132,30,4,5,NHR-SE,EuroW,51.80142120161235,2.7172906263969465,12.856899786773795,12.0,26.334033694672193,236.95911847410844
133,Zeebrugge - Bremerhaven,SEA,PILOT_TO_PILOT,3,133,31,4,5,NHR-SE,EuroW,51.804677273627405,2.7184952261851523,12.856899786773795,12.0,26.53458012376067,236.75857204501997
134,Zeebrugge - Bremerhaven,SEA,PILOT_TO_PILOT,4,134,0,5,6,EuroW,NHR-N,51.80793333333333,2.7197,36.479313820557195,12.0,26.735126552849145,236.55802561593148
135,Zeebrugge - Bremerhaven,SEA,PILOT_TO_PILOT,4,135,1,5,6,EuroW,NHR-N,51.810622882964545,2.722916581244934,36.479313820557195,12.0,26.9359599497571,236.35719221902355
136,Zeebrugge - Bremerhaven,SEA,PILOT_TO_PILOT,4,136,2,5,6,EuroW,NHR-N,51.81331234483544,2.7261335464039718,36.479313820557195,12.0,27.13679334666505,236.15635882211558
137,Zeebrugge - Bremerhaven,SEA,PILOT_TO_PILOT,4,137,3,5,6,EuroW,NHR-N,51.8160017189271,2.729350895547496,36.479313820557195,12.0,27.337626743573004,235.95552542520764
138,Zeebrugge - Bremerhaven,SEA,PILOT_TO_PILOT,4,138,4,5,6,EuroW,NHR-N,51.81869100522052,2.7325686287459017,36.479313820557195,12.0,27.538460140480957,235.75469202829967
139,Zeebrugge - Bremerhaven,SEA,PILOT_TO_PILOT,4,139,5,5,6,EuroW,NHR-N,51.821380203696776,2.7357867460695986,36.479313820557195,12.0,27.73929353738891,235.55385863139173
140,Zeebrugge - Bremerhaven,SEA,PILOT_TO_PILOT,4,140,6,5,6,EuroW,NHR-N,51.8240693143369,2.739005247589007,36.479313820557195,12.0,27.940126934296863,235.35302523448377
141,Zeebrugge - Bremerhaven,SEA,PILOT_TO_PILOT,4,141,7,5,6,EuroW,NHR-N,51.8267583371219,2.742224133374559,36.479313820557195,12.0,28.140960331204816,235.15219183757583
142,Zeebrugge - Bremerhaven,SEA,PILOT_TO_PILOT,4,142,8,5,6,EuroW,NHR-N,51.8294472720328,2.745443403496701,36.479313820557195,12.0,28.341793728112773,234.95135844066786
143,Zeebrugge - Bremerhaven,SEA,PILOT_TO_PILOT,4,143,9,5,6,EuroW,NHR-N,51.83213611905064,2.748663058025889,36.479313820557195,12.0,28.542627125020726,234.75052504375992
144,Zeebrugge - Bremerhaven,SEA,PILOT_TO_PILOT,4,144,10,5,6,EuroW,NHR-N,51.8348248781564,2.751883097032595,36.479313820557195,12.0,28.74346052192868,234.54969164685195
145,Zeebrugge - Bremerhaven,SEA,PILOT_TO_PILOT,4,145,11,5,6,EuroW,NHR-N,51.83751354933111,2.755103520587301,36.479313820557195,12.0,28.94429391883663,234.34885824994402
146,Zeebrugge - Bremerhaven,SEA,PILOT_TO_PILOT,4,146,12,5,6,EuroW,NHR-N,51.84020213255578,2.7583243287605,36.479313820557195,12.0,29.145127315744585,234.14802485303605
147,Zeebrugge - Bremerhaven,SEA,PILOT_TO_PILOT,4,147,13,5,6,EuroW,NHR-N,51.842890627811386,2.761545521622701,36.479313820557195,12.0,29.345960712652538,233.9471914561281
148,Zeebrugge - Bremerhaven,SEA,PILOT_TO_PILOT,4,148,14,5,6,EuroW,NHR-N,51.845579035078956,2.764767099244423,36.479313820557195,12.0,29.54679410956049,233.74635805922014
149,Zeebrugge - Bremerhaven,SEA,PILOT_TO_PILOT,4,149,15,5,6,EuroW,NHR-N,51.84826735433944,2.7679890616961966,36.479313820557195,12.0,29.747627506468444,233.5455246623122
150,Zeebrugge - Bremerhaven,SEA,PILOT_TO_PILOT,4,150,16,5,6,EuroW,NHR-N,51.85095558557385,2.771211409048568,36.479313820557195,12.0,29.948460903376397,233.34469126540424
151,Zeebrugge - Bremerhaven,SEA,PILOT_TO_PILOT,4,151,17,5,6,EuroW,NHR-N,51.85364372876316,2.7744341413720925,36.479313820557195,12.0,30.14929430028435,233.1438578684963
152,Zeebrugge - Bremerhaven,SEA,PILOT_TO_PILOT,4,152,18,5,6,EuroW,NHR-N,51.85633178388834,2.7776572587373383,36.479313820557195,12.0,30.350127697192303,232.94302447158833
153,Zeebrugge - Bremerhaven,SEA,PILOT_TO_PILOT,4,153,19,5,6,EuroW,NHR-N,51.85901975093038,2.7808807612148887,36.479313820557195,12.0,30.550961094100256,232.7421910746804
154,Zeebrugge - Bremerhaven,SEA,PILOT_TO_PILOT,4,154,20,5,6,EuroW,NHR-N,51.86170762987023,2.7841046488753354,36.479313820557195,12.0,30.751794491008212,232.54135767777242
155,Zeebrugge - Bremerhaven,SEA,PILOT_TO_PILOT,4,155,21,5,6,EuroW,NHR-N,51.86439542068885,2.7873289217892863,36.479313820557195,12.0,30.952627887916165,232.34052428086449
156,Zeebrugge - Bremerhaven,SEA,PILOT_TO_PILOT,4,156,22,5,6,EuroW,NHR-N,51.86708312336721,2.7905535800273573,36.479313820557195,12.0,31.153461284824118,232.13969088395652
157,Zeebrugge - Bremerhaven,SEA,PILOT_TO_PILOT,4,157,23,5,6,EuroW,NHR-N,51.869770737886235,2.7937786236601814,36.479313820557195,12.0,31.35429468173207,231.93885748704855
158,Zeebrugge - Bremerhaven,SEA,PILOT_TO_PILOT,4,158,24,5,6,EuroW,NHR-N,51.872458264226914,2.7970040527584006,36.479313820557195,12.0,31.555128078640024,231.7380240901406
159,Zeebrugge - Bremerhaven,SEA,PILOT_TO_PILOT,4,159,25,5,6,EuroW,NHR-N,51.875145702370155,2.8002298673926704,36.479313820557195,12.0,31.755961475547977,231.53719069323267
160,Zeebrugge - Bremerhaven,SEA,PILOT_TO_PILOT,4,160,26,5,6,EuroW,NHR-N,51.877833052296914,2.803456067633659,36.479313820557195,12.0,31.95679487245593,231.3363572963247
161,Zeebrugge - Bremerhaven,SEA,PILOT_TO_PILOT,4,161,27,5,6,EuroW,NHR-N,51.880520313988114,2.8066826535520466,36.479313820557195,12.0,32.15762826936388,231.13552389941674
162,Zeebrugge - Bremerhaven,SEA,PILOT_TO_PILOT,4,162,28,5,6,EuroW,NHR-N,51.8832074874247,2.809909625218526,36.479313820557195,12.0,32.358461666271836,230.9346905025088
163,Zeebrugge - Bremerhaven,SEA,PILOT_TO_PILOT,4,163,29,5,6,EuroW,NHR-N,51.885894572587574,2.813136982703802,36.479313820557195,12.0,32.55929506317979,230.73385710560086
164,Zeebrugge - Bremerhaven,SEA,PILOT_TO_PILOT,4,164,30,5,6,EuroW,NHR-N,51.88858156945768,2.816364726078591,36.479313820557195,12.0,32.76012846008774,230.5330237086929
165,Zeebrugge - Bremerhaven,SEA,PILOT_TO_PILOT,4,165,31,5,6,EuroW,NHR-N,51.89126847801591,2.8195928554136245,36.479313820557195,12.0,32.960961856995695,230.33219031178493
166,Zeebrugge - Bremerhaven,SEA,PILOT_TO_PILOT,4,166,32,5,6,EuroW,NHR-N,51.893955298243185,2.8228213707796437,36.479313820557195,12.0,33.16179525390365,230.131356914877
167,Zeebrugge - Bremerhaven,SEA,PILOT_TO_PILOT,4,167,33,5,6,EuroW,NHR-N,51.89664203012041,2.8260502722474032,36.479313820557195,12.0,33.3626286508116,229.93052351796905
168,Zeebrugge - Bremerhaven,SEA,PILOT_TO_PILOT,4,168,34,5,6,EuroW,NHR-N,51.89932867362848,2.8292795598876688,36.479313820557195,12.0,33.563462047719554,229.72969012106108
169,Zeebrugge - Bremerhaven,SEA,PILOT_TO_PILOT,4,169,35,5,6,EuroW,NHR-N,51.90201522874831,2.832509233771222,36.479313820557195,12.0,33.76429544462751,229.52885672415312
170,Zeebrugge - Bremerhaven,SEA,PILOT_TO_PILOT,4,170,36,5,6,EuroW,NHR-N,51.90470169546077,2.8357392939688526,36.479313820557195,12.0,33.96512884153546,229.32802332724518
171,Zeebrugge - Bremerhaven,SEA,PILOT_TO_PILOT,4,171,37,5,6,EuroW,NHR-N,51.907388073746745,2.8389697405513648,36.479313820557195,12.0,34.16596223844341,229.12718993033724
172,Zeebrugge - Bremerhaven,SEA,PILOT_TO_PILOT,4,172,38,5,6,EuroW,NHR-N,51.910074363587135,2.842200573589576,36.479313820557195,12.0,34.366795635351366,228.92635653342927
173,Zeebrugge - Bremerhaven,SEA,PILOT_TO_PILOT,4,173,39,5,6,EuroW,NHR-N,51.9127605649628,2.8454317931543147,36.479313820557195,12.0,34.56762903225932,228.7255231365213
174,Zeebrugge - Bremerhaven,SEA,PILOT_TO_PILOT,4,174,40,5,6,EuroW,NHR-N,51.91544667785462,2.848663399316421,36.479313820557195,12.0,34.76846242916727,228.52468973961336
175,Zeebrugge - Bremerhaven,SEA,PILOT_TO_PILOT,4,175,41,5,6,EuroW,NHR-N,51.91813270224346,2.851895392146749,36.479313820557195,12.0,34.969295826075225,228.32385634270543
176,Zeebrugge - Bremerhaven,SEA,PILOT_TO_PILOT,4,176,42,5,6,EuroW,NHR-N,51.920818638110184,2.8551277717161647,36.479313820557195,12.0,35.17012922298318,228.12302294579746
177,Zeebrugge - Bremerhaven,SEA,PILOT_TO_PILOT,4,177,43,5,6,EuroW,NHR-N,51.92350448543564,2.8583605380955466,36.479313820557195,12.0,35.37096261989113,227.9221895488895
178,Zeebrugge - Bremerhaven,SEA,PILOT_TO_PILOT,4,178,44,5,6,EuroW,NHR-N,51.92619024420071,2.8615936913557856,36.479313820557195,12.0,35.571796016799084,227.72135615198155
179,Zeebrugge - Bremerhaven,SEA,PILOT_TO_PILOT,4,179,45,5,6,EuroW,NHR-N,51.92887591438621,2.864827231567784,36.479313820557195,12.0,35.77262941370704,227.5205227550736
180,Zeebrugge - Bremerhaven,SEA,PILOT_TO_PILOT,4,180,46,5,6,EuroW,NHR-N,51.93156149597301,2.8680611588024587,36.479313820557195,12.0,35.97346281061499,227.31968935816565
181,Zeebrugge - Bremerhaven,SEA,PILOT_TO_PILOT,4,181,47,5,6,EuroW,NHR-N,51.93424698894193,2.8712954731307367,36.479313820557195,12.0,36.17429620752295,227.11885596125768
182,Zeebrugge - Bremerhaven,SEA,PILOT_TO_PILOT,4,182,48,5,6,EuroW,NHR-N,51.93693239327381,2.8745301746235565,36.479313820557195,12.0,36.3751296044309,226.91802256434974
183,Zeebrugge - Bremerhaven,SEA,PILOT_TO_PILOT,4,183,49,5,6,EuroW,NHR-N,51.939617708949484,2.8777652633518738,36.479313820557195,12.0,36.575963001338856,226.71718916744177
184,Zeebrugge - Bremerhaven,SEA,PILOT_TO_PILOT,4,184,50,5,6,EuroW,NHR-N,51.94230293594976,2.8810007393866517,36.479313820557195,12.0,36.77679639824681,226.51635577053383
185,Zeebrugge - Bremerhaven,SEA,PILOT_TO_PILOT,4,185,51,5,6,EuroW,NHR-N,51.94498807425549,2.8842366027988695,36.479313820557195,12.0,36.97762979515476,226.31552237362587
186,Zeebrugge - Bremerhaven,SEA,PILOT_TO_PILOT,4,186,52,5,6,EuroW,NHR-N,51.947673123847466,2.8874728536595144,36.479313820557195,12.0,37.178463192062715,226.11468897671793
187,Zeebrugge - Bremerhaven,SEA,PILOT_TO_PILOT,4,187,53,5,6,EuroW,NHR-N,51.950358084706494,2.89070949203959,36.479313820557195,12.0,37.37929658897067,225.91385557980996
188,Zeebrugge - Bremerhaven,SEA,PILOT_TO_PILOT,4,188,54,5,6,EuroW,NHR-N,51.9530429568134,2.893946518010112,36.479313820557195,12.0,37.58012998587862,225.71302218290202
189,Zeebrugge - Bremerhaven,SEA,PILOT_TO_PILOT,4,189,55,5,6,EuroW,NHR-N,51.95572774014897,2.8971839316421057,36.479313820557195,12.0,37.780963382786574,225.51218878599406
190,Zeebrugge - Bremerhaven,SEA,PILOT_TO_PILOT,4,190,56,5,6,EuroW,NHR-N,51.95841243469401,2.900421733006611,36.479313820557195,12.0,37.98179677969453,225.31135538908612
191,Zeebrugge - Bremerhaven,SEA,PILOT_TO_PILOT,4,191,57,5,6,EuroW,NHR-N,51.9610970404293,2.9036599221746804,36.479313820557195,12.0,38.18263017660248,225.11052199217815
192,Zeebrugge - Bremerhaven,SEA,PILOT_TO_PILOT,4,192,58,5,6,EuroW,NHR-N,51.963781557335636,2.9068984992173768,36.479313820557195,12.0,38.38346357351043,224.9096885952702
193,Zeebrugge - Bremerhaven,SEA,PILOT_TO_PILOT,4,193,59,5,6,EuroW,NHR-N,51.9664659853938,2.9101374642057785,36.479313820557195,12.0,38.584296970418386,224.70885519836224
194,Zeebrugge - Bremerhaven,SEA,PILOT_TO_PILOT,4,194,60,5,6,EuroW,NHR-N,51.96915032458457,2.9133768172109735,36.479313820557195,12.0,38.78513036732634,224.5080218014543
195,Zeebrugge - Bremerhaven,SEA,PILOT_TO_PILOT,4,195,61,5,6,EuroW,NHR-N,51.97183457488872,2.9166165583040633,36.479313820557195,12.0,38.98596376423429,224.30718840454634
196,Zeebrugge - Bremerhaven,SEA,PILOT_TO_PILOT,4,196,62,5,6,EuroW,NHR-N,51.97451873628701,2.9198566875561616,36.479313820557195,12.0,39.186797161142245,224.1063550076384
197,Zeebrugge - Bremerhaven,SEA,PILOT_TO_PILOT,4,197,63,5,6,EuroW,NHR-N,51.977202808760204,2.9230972050383945,36.479313820557195,12.0,39.3876305580502,223.90552161073043
198,Zeebrugge - Bremerhaven,SEA,PILOT_TO_PILOT,4,198,64,5,6,EuroW,NHR-N,51.979886792289065,2.926338110821901,36.479313820557195,12.0,39.58846395495815,223.7046882138225
199,Zeebrugge - Bremerhaven,SEA,PILOT_TO_PILOT,4,199,65,5,6,EuroW,NHR-N,51.98257068685435,2.9295794049778334,36.479313820557195,12.0,39.789297351866104,223.50385481691453
200,Zeebrugge - Bremerhaven,SEA,PILOT_TO_PILOT,4,200,66,5,6,EuroW,NHR-N,51.98525449243681,2.9328210875773526,36.479313820557195,12.0,39.99013074877406,223.3030214200066
201,Zeebrugge - Bremerhaven,SEA,PILOT_TO_PILOT,4,201,67,5,6,EuroW,NHR-N,51.98793820901717,2.936063158691636,36.479313820557195,12.0,40.19096414568201,223.10218802309862
202,Zeebrugge - Bremerhaven,SEA,PILOT_TO_PILOT,4,202,68,5,6,EuroW,NHR-N,51.99062183657618,2.9393056183918707,36.479313820557195,12.0,40.39179754258997,222.90135462619065
203,Zeebrugge - Bremerhaven,SEA,PILOT_TO_PILOT,4,203,69,5,6,EuroW,NHR-N,51.993305375094586,2.942548466749259,36.479313820557195,12.0,40.59263093949792,222.7005212292827
204,Zeebrugge - Bremerhaven,SEA,PILOT_TO_PILOT,4,204,70,5,6,EuroW,NHR-N,51.99598882455311,2.945791703835013,36.479313820557195,12.0,40.793464336405876,222.49968783237478
205,Zeebrugge - Bremerhaven,SEA,PILOT_TO_PILOT,4,205,71,5,6,EuroW,NHR-N,51.99867218493247,2.9490353297203584,36.479313820557195,12.0,40.99429773331383,222.2988544354668
206,Zeebrugge - Bremerhaven,SEA,PILOT_TO_PILOT,4,206,72,5,6,EuroW,NHR-N,52.001355456213396,2.952279344476533,36.479313820557195,12.0,41.19513113022178,222.09802103855884
207,Zeebrugge - Bremerhaven,SEA,PILOT_TO_PILOT,4,207,73,5,6,EuroW,NHR-N,52.0040386383766,2.9555237481747874,36.479313820557195,12.0,41.395964527129735,221.8971876416509
208,Zeebrugge - Bremerhaven,SEA,PILOT_TO_PILOT,4,208,74,5,6,EuroW,NHR-N,52.006721731402806,2.958768540886384,36.479313820557195,12.0,41.59679792403769,221.69635424474296
209,Zeebrugge - Bremerhaven,SEA,PILOT_TO_PILOT,4,209,75,5,6,EuroW,NHR-N,52.00940473527269,2.9620137226825975,36.479313820557195,12.0,41.79763132094564,221.495520847835
210,Zeebrugge - Bremerhaven,SEA,PILOT_TO_PILOT,4,210,76,5,6,EuroW,NHR-N,52.01208764996698,2.965259293634717,36.479313820557195,12.0,41.998464717853594,221.29468745092703
211,Zeebrugge - Bremerhaven,SEA,PILOT_TO_PILOT,4,211,77,5,6,EuroW,NHR-N,52.01477047546634,2.9685052538140404,36.479313820557195,12.0,42.19929811476155,221.0938540540191
212,Zeebrugge - Bremerhaven,SEA,PILOT_TO_PILOT,4,212,78,5,6,EuroW,NHR-N,52.01745321175151,2.9717516032918816,36.479313820557195,12.0,42.4001315116695,220.89302065711115
213,Zeebrugge - Bremerhaven,SEA,PILOT_TO_PILOT,4,213,79,5,6,EuroW,NHR-N,52.02013585880315,2.974998342139564,36.479313820557195,12.0,42.60096490857745,220.69218726020318
214,Zeebrugge - Bremerhaven,SEA,PILOT_TO_PILOT,4,214,80,5,6,EuroW,NHR-N,52.022818416601936,2.9782454704284267,36.479313820557195,12.0,42.801798305485406,220.49135386329522
215,Zeebrugge - Bremerhaven,SEA,PILOT_TO_PILOT,4,215,81,5,6,EuroW,NHR-N,52.025500885128544,2.981492988229818,36.479313820557195,12.0,43.00263170239336,220.29052046638728
216,Zeebrugge - Bremerhaven,SEA,PILOT_TO_PILOT,4,216,82,5,6,EuroW,NHR-N,52.028183264363676,2.9847408956151,36.479313820557195,12.0,43.20346509930131,220.08968706947934
217,Zeebrugge - Bremerhaven,SEA,PILOT_TO_PILOT,4,217,83,5,6,EuroW,NHR-N,52.03086555428797,2.9879891926556477,36.479313820557195,12.0,43.404298496209265,219.88885367257137
218,Zeebrugge - Bremerhaven,SEA,PILOT_TO_PILOT,4,218,84,5,6,EuroW,NHR-N,52.0335477548821,2.9912378794228465,36.479313820557195,12.0,43.60513189311722,219.6880202756634
219,Zeebrugge - Bremerhaven,SEA,PILOT_TO_PILOT,4,219,85,5,6,EuroW,NHR-N,52.03622986612673,2.9944869559880978,36.479313820557195,12.0,43.80596529002517,219.48718687875547
220,Zeebrugge - Bremerhaven,SEA,PILOT_TO_PILOT,4,220,86,5,6,EuroW,NHR-N,52.03891188800251,2.9977364224228134,36.479313820557195,12.0,44.006798686933124,219.28635348184753
221,Zeebrugge - Bremerhaven,SEA,PILOT_TO_PILOT,4,221,87,5,6,EuroW,NHR-N,52.04159382049007,3.000986278798415,36.479313820557195,12.0,44.20763208384108,219.08552008493956
222,Zeebrugge - Bremerhaven,SEA,PILOT_TO_PILOT,4,222,88,5,6,EuroW,NHR-N,52.04427566357008,3.004236525186341,36.479313820557195,12.0,44.40846548074903,218.8846866880316
223,Zeebrugge - Bremerhaven,SEA,PILOT_TO_PILOT,4,223,89,5,6,EuroW,NHR-N,52.04695741722317,3.00748716165804,36.479313820557195,12.0,44.60929887765698,218.68385329112365
224,Zeebrugge - Bremerhaven,SEA,PILOT_TO_PILOT,4,224,90,5,6,EuroW,NHR-N,52.049639081429966,3.0107381882849737,36.479313820557195,12.0,44.810132274564936,218.48301989421572
225,Zeebrugge - Bremerhaven,SEA,PILOT_TO_PILOT,4,225,91,5,6,EuroW,NHR-N,52.05232065617111,3.0139896051386166,36.479313820557195,12.0,45.01096567147289,218.28218649730775
226,Zeebrugge - Bremerhaven,SEA,PILOT_TO_PILOT,4,226,92,5,6,EuroW,NHR-N,52.05500214142723,3.0172414122904536,36.479313820557195,12.0,45.21179906838084,218.08135310039978
227,Zeebrugge - Bremerhaven,SEA,PILOT_TO_PILOT,4,227,93,5,6,EuroW,NHR-N,52.057683537178924,3.020493609811983,36.479313820557195,12.0,45.412632465288794,217.88051970349184
228,Zeebrugge - Bremerhaven,SEA,PILOT_TO_PILOT,4,228,94,5,6,EuroW,NHR-N,52.06036484340683,3.0237461977747175,36.479313820557195,12.0,45.61346586219675,217.6796863065839
229,Zeebrugge - Bremerhaven,SEA,PILOT_TO_PILOT,4,229,95,5,6,EuroW,NHR-N,52.06304606009156,3.0269991762501802,36.479313820557195,12.0,45.8142992591047,217.47885290967594
230,Zeebrugge - Bremerhaven,SEA,PILOT_TO_PILOT,4,230,96,5,6,EuroW,NHR-N,52.06572718721369,3.030252545309906,36.479313820557195,12.0,46.01513265601265,217.27801951276797
231,Zeebrugge - Bremerhaven,SEA,PILOT_TO_PILOT,4,231,97,5,6,EuroW,NHR-N,52.06840822475385,3.0335063050254454,36.479313820557195,12.0,46.215966052920606,217.07718611586003
232,Zeebrugge - Bremerhaven,SEA,PILOT_TO_PILOT,4,232,98,5,6,EuroW,NHR-N,52.07108917269262,3.036760455468357,36.479313820557195,12.0,46.41679944982856,216.8763527189521
233,Zeebrugge - Bremerhaven,SEA,PILOT_TO_PILOT,4,233,99,5,6,EuroW,NHR-N,52.0737700310106,3.040014996710216,36.479313820557195,12.0,46.61763284673651,216.67551932204412
234,Zeebrugge - Bremerhaven,SEA,PILOT_TO_PILOT,4,234,100,5,6,EuroW,NHR-N,52.07645079968839,3.0432699288226077,36.479313820557195,12.0,46.818466243644465,216.47468592513616
235,Zeebrugge - Bremerhaven,SEA,PILOT_TO_PILOT,4,235,101,5,6,EuroW,NHR-N,52.07913147870655,3.0465252518771284,36.479313820557195,12.0,47.01929964055242,216.27385252822822
236,Zeebrugge - Bremerhaven,SEA,PILOT_TO_PILOT,4,236,102,5,6,EuroW,NHR-N,52.08181206804565,3.04978096594539,36.479313820557195,12.0,47.22013303746037,216.07301913132028
237,Zeebrugge - Bremerhaven,SEA,PILOT_TO_PILOT,4,237,103,5,6,EuroW,NHR-N,52.08449256768629,3.0530370710990167,36.479313820557195,12.0,47.420966434368324,215.8721857344123
238,Zeebrugge - Bremerhaven,SEA,PILOT_TO_PILOT,4,238,104,5,6,EuroW,NHR-N,52.08717297760901,3.056293567409642,36.479313820557195,12.0,47.62179983127628,215.67135233750435
239,Zeebrugge - Bremerhaven,SEA,PILOT_TO_PILOT,4,239,105,5,6,EuroW,NHR-N,52.08985329779439,3.059550454948916,36.479313820557195,12.0,47.82263322818423,215.4705189405964
240,Zeebrugge - Bremerhaven,SEA,PILOT_TO_PILOT,4,240,106,5,6,EuroW,NHR-N,52.09253352822299,3.0628077337884974,36.479313820557195,12.0,48.02346662509218,215.26968554368847
241,Zeebrugge - Bremerhaven,SEA,PILOT_TO_PILOT,4,241,107,5,6,EuroW,NHR-N,52.09521366887535,3.066065404000059,36.479313820557195,12.0,48.22430002200014,215.0688521467805
242,Zeebrugge - Bremerhaven,SEA,PILOT_TO_PILOT,4,242,108,5,6,EuroW,NHR-N,52.09789371973203,3.0693234656552857,36.479313820557195,12.0,48.425133418908096,214.86801874987253
243,Zeebrugge - Bremerhaven,SEA,PILOT_TO_PILOT,4,243,109,5,6,EuroW,NHR-N,52.10057368077356,3.0725819188258763,36.479313820557195,12.0,48.62596681581605,214.6671853529646
244,Zeebrugge - Bremerhaven,SEA,PILOT_TO_PILOT,4,244,110,5,6,EuroW,NHR-N,52.10325355198049,3.07584076358354,36.479313820557195,12.0,48.826800212724,214.46635195605663
245,Zeebrugge - Bremerhaven,SEA,PILOT_TO_PILOT,5,245,0,6,7,NHR-N,TX1,52.10593333333334,3.0791000000000004,44.4394902671782,12.0,49.027633609631955,214.2655185591487
246,Zeebrugge - Bremerhaven,SEA,PILOT_TO_PILOT,5,246,1,6,7,NHR-N,TX1,52.10830793897454,3.0828915409047126,44.4394902671782,12.0,49.227322685884495,214.06582948289613
247,Zeebrugge - Bremerhaven,SEA,PILOT_TO_PILOT,5,247,2,6,7,NHR-N,TX1,52.11068242299251,3.0866834856498246,44.4394902671782,12.0,49.427011762137035,213.8661404066436
248,Zeebrugge - Bremerhaven,SEA,PILOT_TO_PILOT,5,248,3,6,7,NHR-N,TX1,52.11305678536388,3.090475834292194,44.4394902671782,12.0,49.626700838389574,213.66645133039106
249,Zeebrugge - Bremerhaven,SEA,PILOT_TO_PILOT,5,249,4,6,7,NHR-N,TX1,52.115431026065295,3.094268586888685,44.4394902671782,12.0,49.826389914642114,213.46676225413853
250,Zeebrugge - Bremerhaven,SEA,PILOT_TO_PILOT,5,250,5,6,7,NHR-N,TX1,52.11780514507339,3.0980617434961606,44.4394902671782,12.0,50.02607899089466,213.26707317788598
251,Zeebrugge - Bremerhaven,SEA,PILOT_TO_PILOT,5,251,6,6,7,NHR-N,TX1,52.12017914236481,3.1018553041714942,44.4394902671782,12.0,50.2257680671472,213.06738410163342
252,Zeebrugge - Bremerhaven,SEA,PILOT_TO_PILOT,5,252,7,6,7,NHR-N,TX1,52.122553017916175,3.105649268971554,44.4394902671782,12.0,50.42545714339974,212.8676950253809
253,Zeebrugge - Bremerhaven,SEA,PILOT_TO_PILOT,5,253,8,6,7,NHR-N,TX1,52.12492677170409,3.1094436379532198,44.4394902671782,12.0,50.62514621965228,212.66800594912837
254,Zeebrugge - Bremerhaven,SEA,PILOT_TO_PILOT,5,254,9,6,7,NHR-N,TX1,52.12730040370518,3.113238411173368,44.4394902671782,12.0,50.82483529590482,212.46831687287582
255,Zeebrugge - Bremerhaven,SEA,PILOT_TO_PILOT,5,255,10,6,7,NHR-N,TX1,52.12967391389606,3.1170335886888836,44.4394902671782,12.0,51.02452437215736,212.26862779662326
256,Zeebrugge - Bremerhaven,SEA,PILOT_TO_PILOT,5,256,11,6,7,NHR-N,TX1,52.13204730225335,3.120829170556651,44.4394902671782,12.0,51.2242134484099,212.06893872037074
257,Zeebrugge - Bremerhaven,SEA,PILOT_TO_PILOT,5,257,12,6,7,NHR-N,TX1,52.134420568753626,3.1246251568335612,44.4394902671782,12.0,51.42390252466244,211.8692496441182
258,Zeebrugge - Bremerhaven,SEA,PILOT_TO_PILOT,5,258,13,6,7,NHR-N,TX1,52.1367937133735,3.1284215475765045,44.4394902671782,12.0,51.62359160091498,211.66956056786566
259,Zeebrugge - Bremerhaven,SEA,PILOT_TO_PILOT,5,259,14,6,7,NHR-N,TX1,52.13916673608958,3.132218342842381,44.4394902671782,12.0,51.823280677167524,211.4698714916131
260,Zeebrugge - Bremerhaven,SEA,PILOT_TO_PILOT,5,260,15,6,7,NHR-N,TX1,52.14153963687844,3.136015542688089,44.4394902671782,12.0,52.022969753420064,211.27018241536058
261,Zeebrugge - Bremerhaven,SEA,PILOT_TO_PILOT,5,261,16,6,7,NHR-N,TX1,52.14391241571666,3.1398131471705297,44.4394902671782,12.0,52.2226588296726,211.07049333910803
262,Zeebrugge - Bremerhaven,SEA,PILOT_TO_PILOT,5,262,17,6,7,NHR-N,TX1,52.14628507258084,3.1436111563466107,44.4394902671782,12.0,52.42234790592514,210.8708042628555
263,Zeebrugge - Bremerhaven,SEA,PILOT_TO_PILOT,5,263,18,6,7,NHR-N,TX1,52.14865760744754,3.1474095702732416,44.4394902671782,12.0,52.62203698217768,210.67111518660295
264,Zeebrugge - Bremerhaven,SEA,PILOT_TO_PILOT,5,264,19,6,7,NHR-N,TX1,52.15103002029332,3.151208389007336,44.4394902671782,12.0,52.82172605843022,210.47142611035042
265,Zeebrugge - Bremerhaven,SEA,PILOT_TO_PILOT,5,265,20,6,7,NHR-N,TX1,52.15340231109477,3.1550076126058104,44.4394902671782,12.0,53.02141513468276,210.27173703409787
266,Zeebrugge - Bremerhaven,SEA,PILOT_TO_PILOT,5,266,21,6,7,NHR-N,TX1,52.155774479828445,3.1588072411255825,44.4394902671782,12.0,53.2211042109353,210.07204795784534
267,Zeebrugge - Bremerhaven,SEA,PILOT_TO_PILOT,5,267,22,6,7,NHR-N,TX1,52.15814652647088,3.162607274623579,44.4394902671782,12.0,53.42079328718785,209.8723588815928
268,Zeebrugge - Bremerhaven,SEA,PILOT_TO_PILOT,5,268,23,6,7,NHR-N,TX1,52.16051845099866,3.1664077131567225,44.4394902671782,12.0,53.62048236344039,209.67266980534026
269,Zeebrugge - Bremerhaven,SEA,PILOT_TO_PILOT,5,269,24,6,7,NHR-N,TX1,52.16289025338831,3.1702085567819465,44.4394902671782,12.0,53.82017143969293,209.4729807290877
270,Zeebrugge - Bremerhaven,SEA,PILOT_TO_PILOT,5,270,25,6,7,NHR-N,TX1,52.16526193361639,3.174009805556181,44.4394902671782,12.0,54.01986051594547,209.27329165283516
271,Zeebrugge - Bremerhaven,SEA,PILOT_TO_PILOT,5,271,26,6,7,NHR-N,TX1,52.16763349165943,3.177811459536364,44.4394902671782,12.0,54.21954959219801,209.07360257658263
272,Zeebrugge - Bremerhaven,SEA,PILOT_TO_PILOT,5,272,27,6,7,NHR-N,TX1,52.17000492749395,3.181613518779436,44.4394902671782,12.0,54.41923866845055,208.8739135003301
273,Zeebrugge - Bremerhaven,SEA,PILOT_TO_PILOT,5,273,28,6,7,NHR-N,TX1,52.1723762410965,3.1854159833423386,44.4394902671782,12.0,54.618927744703086,208.67422442407755
274,Zeebrugge - Bremerhaven,SEA,PILOT_TO_PILOT,5,274,29,6,7,NHR-N,TX1,52.174747432443596,3.189218853282019,44.4394902671782,12.0,54.818616820955626,208.474535347825
275,Zeebrugge - Bremerhaven,SEA,PILOT_TO_PILOT,5,275,30,6,7,NHR-N,TX1,52.17711850151176,3.193022128655427,44.4394902671782,12.0,55.018305897208165,208.27484627157247
276,Zeebrugge - Bremerhaven,SEA,PILOT_TO_PILOT,5,276,31,6,7,NHR-N,TX1,52.17948944827751,3.1968258095195154,44.4394902671782,12.0,55.217994973460705,208.07515719531995
277,Zeebrugge - Bremerhaven,SEA,PILOT_TO_PILOT,5,277,32,6,7,NHR-N,TX1,52.181860272717344,3.200629895931241,44.4394902671782,12.0,55.41768404971325,207.8754681190674
278,Zeebrugge - Bremerhaven,SEA,PILOT_TO_PILOT,5,278,33,6,7,NHR-N,TX1,52.184230974807775,3.2044343879475634,44.4394902671782,12.0,55.61737312596579,207.67577904281484
279,Zeebrugge - Bremerhaven,SEA,PILOT_TO_PILOT,5,279,34,6,7,NHR-N,TX1,52.1866015545253,3.208239285625446,44.4394902671782,12.0,55.81706220221833,207.4760899665623
280,Zeebrugge - Bremerhaven,SEA,PILOT_TO_PILOT,5,280,35,6,7,NHR-N,TX1,52.18897201184644,3.212044589021854,44.4394902671782,12.0,56.01675127847087,207.27640089030976
281,Zeebrugge - Bremerhaven,SEA,PILOT_TO_PILOT,5,281,36,6,7,NHR-N,TX1,52.19134234674765,3.215850298193758,44.4394902671782,12.0,56.21644035472341,207.07671181405723
282,Zeebrugge - Bremerhaven,SEA,PILOT_TO_PILOT,5,282,37,6,7,NHR-N,TX1,52.193712559205444,3.2196564131981296,44.4394902671782,12.0,56.41612943097595,206.87702273780468
283,Zeebrugge - Bremerhaven,SEA,PILOT_TO_PILOT,5,283,38,6,7,NHR-N,TX1,52.196082649196285,3.223462934091948,44.4394902671782,12.0,56.61581850722849,206.67733366155215
284,Zeebrugge - Bremerhaven,SEA,PILOT_TO_PILOT,5,284,39,6,7,NHR-N,TX1,52.198452616696684,3.2272698609321893,44.4394902671782,12.0,56.81550758348103,206.4776445852996
285,Zeebrugge - Bremerhaven,SEA,PILOT_TO_PILOT,5,285,40,6,7,NHR-N,TX1,52.20082246168308,3.231077193775839,44.4394902671782,12.0,57.015196659733576,206.27795550904705
286,Zeebrugge - Bremerhaven,SEA,PILOT_TO_PILOT,5,286,41,6,7,NHR-N,TX1,52.20319218413195,3.2348849326798805,44.4394902671782,12.0,57.214885735986115,206.07826643279452
287,Zeebrugge - Bremerhaven,SEA,PILOT_TO_PILOT,5,287,42,6,7,NHR-N,TX1,52.20556178401977,3.2386930777013054,44.4394902671782,12.0,57.414574812238655,205.878577356542
288,Zeebrugge - Bremerhaven,SEA,PILOT_TO_PILOT,5,288,43,6,7,NHR-N,TX1,52.20793126132299,3.2425016288971067,44.4394902671782,12.0,57.614263888491195,205.67888828028944
289,Zeebrugge - Bremerhaven,SEA,PILOT_TO_PILOT,5,289,44,6,7,NHR-N,TX1,52.21030061601807,3.2463105863242774,44.4394902671782,12.0,57.813952964743734,205.4791992040369
290,Zeebrugge - Bremerhaven,SEA,PILOT_TO_PILOT,5,290,45,6,7,NHR-N,TX1,52.212669848081454,3.2501199500398203,44.4394902671782,12.0,58.013642040996274,205.27951012778436
291,Zeebrugge - Bremerhaven,SEA,PILOT_TO_PILOT,5,291,46,6,7,NHR-N,TX1,52.21503895748959,3.253929720100735,44.4394902671782,12.0,58.21333111724881,205.07982105153184
292,Zeebrugge - Bremerhaven,SEA,PILOT_TO_PILOT,5,292,47,6,7,NHR-N,TX1,52.21740794421891,3.2577398965640296,44.4394902671782,12.0,58.41302019350135,204.88013197527928
293,Zeebrugge - Bremerhaven,SEA,PILOT_TO_PILOT,5,293,48,6,7,NHR-N,TX1,52.21977680824587,3.2615504794867105,44.4394902671782,12.0,58.61270926975389,204.68044289902673
294,Zeebrugge - Bremerhaven,SEA,PILOT_TO_PILOT,5,294,49,6,7,NHR-N,TX1,52.222145549546894,3.2653614689257924,44.4394902671782,12.0,58.81239834600643,204.4807538227742
295,Zeebrugge - Bremerhaven,SEA,PILOT_TO_PILOT,5,295,50,6,7,NHR-N,TX1,52.22451416809841,3.2691728649382887,44.4394902671782,12.0,59.01208742225898,204.28106474652165
296,Zeebrugge - Bremerhaven,SEA,PILOT_TO_PILOT,5,296,51,6,7,NHR-N,TX1,52.22688266387684,3.2729846675812206,44.4394902671782,12.0,59.21177649851152,204.08137567026913
297,Zeebrugge - Bremerhaven,SEA,PILOT_TO_PILOT,5,297,52,6,7,NHR-N,TX1,52.229251036858585,3.2767968769116087,44.4394902671782,12.0,59.41146557476406,203.88168659401657
298,Zeebrugge - Bremerhaven,SEA,PILOT_TO_PILOT,5,298,53,6,7,NHR-N,TX1,52.23161928702009,3.280609492986477,44.4394902671782,12.0,59.6111546510166,203.68199751776405
299,Zeebrugge - Bremerhaven,SEA,PILOT_TO_PILOT,5,299,54,6,7,NHR-N,TX1,52.23398741433773,3.284422515862857,44.4394902671782,12.0,59.81084372726914,203.4823084415115
300,Zeebrugge - Bremerhaven,SEA,PILOT_TO_PILOT,5,300,55,6,7,NHR-N,TX1,52.23635541878793,3.288235945597777,44.4394902671782,12.0,60.01053280352168,203.28261936525897
301,Zeebrugge - Bremerhaven,SEA,PILOT_TO_PILOT,5,301,56,6,7,NHR-N,TX1,52.23872330034708,3.292049782248275,44.4394902671782,12.0,60.21022187977422,203.0829302890064
302,Zeebrugge - Bremerhaven,SEA,PILOT_TO_PILOT,5,302,57,6,7,NHR-N,TX1,52.24109105899158,3.2958640258713885,44.4394902671782,12.0,60.40991095602676,202.8832412127539
303,Zeebrugge - Bremerhaven,SEA,PILOT_TO_PILOT,5,303,58,6,7,NHR-N,TX1,52.24345869469782,3.2996786765241577,44.4394902671782,12.0,60.6096000322793,202.68355213650133
304,Zeebrugge - Bremerhaven,SEA,PILOT_TO_PILOT,5,304,59,6,7,NHR-N,TX1,52.24582620744219,3.303493734263628,44.4394902671782,12.0,60.80928910853184,202.48386306024878
305,Zeebrugge - Bremerhaven,SEA,PILOT_TO_PILOT,5,305,60,6,7,NHR-N,TX1,52.24819359720105,3.3073091991468475,44.4394902671782,12.0,61.00897818478438,202.28417398399625
306,Zeebrugge - Bremerhaven,SEA,PILOT_TO_PILOT,5,306,61,6,7,NHR-N,TX1,52.2505608639508,3.311125071230868,44.4394902671782,12.0,61.20866726103692,202.08448490774373
307,Zeebrugge - Bremerhaven,SEA,PILOT_TO_PILOT,5,307,62,6,7,NHR-N,TX1,52.25292800766779,3.3149413505727416,44.4394902671782,12.0,61.40835633728946,201.88479583149118
308,Zeebrugge - Bremerhaven,SEA,PILOT_TO_PILOT,5,308,63,6,7,NHR-N,TX1,52.255295028328405,3.318758037229529,44.4394902671782,12.0,61.608045413542,201.68510675523862
309,Zeebrugge - Bremerhaven,SEA,PILOT_TO_PILOT,5,309,64,6,7,NHR-N,TX1,52.257661925909,3.322575131258289,44.4394902671782,12.0,61.80773448979454,201.4854176789861
310,Zeebrugge - Bremerhaven,SEA,PILOT_TO_PILOT,5,310,65,6,7,NHR-N,TX1,52.26002870038594,3.326392632716085,44.4394902671782,12.0,62.00742356604708,201.28572860273357
311,Zeebrugge - Bremerhaven,SEA,PILOT_TO_PILOT,5,311,66,6,7,NHR-N,TX1,52.26239535173555,3.330210541659986,44.4394902671782,12.0,62.20711264229962,201.08603952648102
312,Zeebrugge - Bremerhaven,SEA,PILOT_TO_PILOT,5,312,67,6,7,NHR-N,TX1,52.264761879934206,3.334028858147061,44.4394902671782,12.0,62.40680171855216,200.88635045022846
313,Zeebrugge - Bremerhaven,SEA,PILOT_TO_PILOT,5,313,68,6,7,NHR-N,TX1,52.26712828495825,3.3378475822343843,44.4394902671782,12.0,62.60649079480471,200.68666137397594
314,Zeebrugge - Bremerhaven,SEA,PILOT_TO_PILOT,5,314,69,6,7,NHR-N,TX1,52.26949456678399,3.3416667139790324,44.4394902671782,12.0,62.806179871057246,200.48697229772338
315,Zeebrugge - Bremerhaven,SEA,PILOT_TO_PILOT,5,315,70,6,7,NHR-N,TX1,52.2718607253878,3.3454862534380854,44.4394902671782,12.0,63.005868947309786,200.28728322147086
316,Zeebrugge - Bremerhaven,SEA,PILOT_TO_PILOT,5,316,71,6,7,NHR-N,TX1,52.27422676074599,3.3493062006686256,44.4394902671782,12.0,63.205558023562325,200.0875941452183
317,Zeebrugge - Bremerhaven,SEA,PILOT_TO_PILOT,5,317,72,6,7,NHR-N,TX1,52.27659267283489,3.353126555727741,44.4394902671782,12.0,63.405247099814865,199.88790506896578
318,Zeebrugge - Bremerhaven,SEA,PILOT_TO_PILOT,5,318,73,6,7,NHR-N,TX1,52.2789584616308,3.35694731867252,44.4394902671782,12.0,63.604936176067405,199.68821599271322
319,Zeebrugge - Bremerhaven,SEA,PILOT_TO_PILOT,5,319,74,6,7,NHR-N,TX1,52.28132412711007,3.3607684895600562,44.4394902671782,12.0,63.80462525231995,199.48852691646067
320,Zeebrugge - Bremerhaven,SEA,PILOT_TO_PILOT,5,320,75,6,7,NHR-N,TX1,52.28368966924899,3.3645900684474443,44.4394902671782,12.0,64.00431432857249,199.28883784020815
321,Zeebrugge - Bremerhaven,SEA,PILOT_TO_PILOT,5,321,76,6,7,NHR-N,TX1,52.28605508802387,3.368412055391784,44.4394902671782,12.0,64.20400340482503,199.08914876395562
322,Zeebrugge - Bremerhaven,SEA,PILOT_TO_PILOT,5,322,77,6,7,NHR-N,TX1,52.288420383410994,3.3722344504501773,44.4394902671782,12.0,64.40369248107757,198.88945968770307
323,Zeebrugge - Bremerhaven,SEA,PILOT_TO_PILOT,5,323,78,6,7,NHR-N,TX1,52.29078555538669,3.3760572536797295,44.4394902671782,12.0,64.60338155733011,198.6897706114505
324,Zeebrugge - Bremerhaven,SEA,PILOT_TO_PILOT,5,324,79,6,7,NHR-N,TX1,52.293150603927224,3.3798804651375502,44.4394902671782,12.0,64.80307063358265,198.490081535198
325,Zeebrugge - Bremerhaven,SEA,PILOT_TO_PILOT,5,325,80,6,7,NHR-N,TX1,52.29551552900891,3.3837040848807503,44.4394902671782,12.0,65.00275970983519,198.29039245894546
326,Zeebrugge - Bremerhaven,SEA,PILOT_TO_PILOT,5,326,81,6,7,NHR-N,TX1,52.297880330608,3.3875281129664434,44.4394902671782,12.0,65.20244878608773,198.0907033826929
327,Zeebrugge - Bremerhaven,SEA,PILOT_TO_PILOT,5,327,82,6,7,NHR-N,TX1,52.30024500870079,3.39135254945175,44.4394902671782,12.0,65.40213786234027,197.89101430644035
328,Zeebrugge - Bremerhaven,SEA,PILOT_TO_PILOT,5,328,83,6,7,NHR-N,TX1,52.30260956326355,3.3951773943937895,44.4394902671782,12.0,65.60182693859281,197.69132523018783
329,Zeebrugge - Bremerhaven,SEA,PILOT_TO_PILOT,5,329,84,6,7,NHR-N,TX1,52.30497399427255,3.3990026478496875,44.4394902671782,12.0,65.80151601484535,197.4916361539353
330,Zeebrugge - Bremerhaven,SEA,PILOT_TO_PILOT,5,330,85,6,7,NHR-N,TX1,52.30733830170405,3.4028283098765706,44.4394902671782,12.0,66.00120509109789,197.29194707768275
331,Zeebrugge - Bremerhaven,SEA,PILOT_TO_PILOT,5,331,86,6,7,NHR-N,TX1,52.30970248553432,3.406654380531569,44.4394902671782,12.0,66.20089416735043,197.0922580014302
332,Zeebrugge - Bremerhaven,SEA,PILOT_TO_PILOT,5,332,87,6,7,NHR-N,TX1,52.31206654573959,3.4104808598718175,44.4394902671782,12.0,66.40058324360297,196.89256892517767
333,Zeebrugge - Bremerhaven,SEA,PILOT_TO_PILOT,5,333,88,6,7,NHR-N,TX1,52.31443048229614,3.414307747954452,44.4394902671782,12.0,66.60027231985552,196.69287984892512
334,Zeebrugge - Bremerhaven,SEA,PILOT_TO_PILOT,5,334,89,6,7,NHR-N,TX1,52.316794295180195,3.4181350448366135,44.4394902671782,12.0,66.79996139610805,196.4931907726726
335,Zeebrugge - Bremerhaven,SEA,PILOT_TO_PILOT,5,335,90,6,7,NHR-N,TX1,52.319157984368,3.421962750575444,44.4394902671782,12.0,66.9996504723606,196.29350169642004
336,Zeebrugge - Bremerhaven,SEA,PILOT_TO_PILOT,5,336,91,6,7,NHR-N,TX1,52.32152154983579,3.425790865228091,44.4394902671782,12.0,67.19933954861314,196.0938126201675
337,Zeebrugge - Bremerhaven,SEA,PILOT_TO_PILOT,5,337,92,6,7,NHR-N,TX1,52.323884991559815,3.429619388851703,44.4394902671782,12.0,67.39902862486568,195.89412354391496
338,Zeebrugge - Bremerhaven,SEA,PILOT_TO_PILOT,5,338,93,6,7,NHR-N,TX1,52.32624830951628,3.433448321503433,44.4394902671782,12.0,67.59871770111822,195.6944344676624
339,Zeebrugge - Bremerhaven,SEA,PILOT_TO_PILOT,5,339,94,6,7,NHR-N,TX1,52.3286115036814,3.437277663240436,44.4394902671782,12.0,67.79840677737076,195.49474539140988
340,Zeebrugge - Bremerhaven,SEA,PILOT_TO_PILOT,5,340,95,6,7,NHR-N,TX1,52.330974574031416,3.4411074141198705,44.4394902671782,12.0,67.9980958536233,195.29505631515735
341,Zeebrugge - Bremerhaven,SEA,PILOT_TO_PILOT,5,341,96,6,7,NHR-N,TX1,52.33333752054253,3.444937574198899,44.4394902671782,12.0,68.19778492987584,195.0953672389048
342,Zeebrugge - Bremerhaven,SEA,PILOT_TO_PILOT,5,342,97,6,7,NHR-N,TX1,52.33570034319094,3.4487681435346866,44.4394902671782,12.0,68.39747400612838,194.89567816265225
343,Zeebrugge - Bremerhaven,SEA,PILOT_TO_PILOT,5,343,98,6,7,NHR-N,TX1,52.33806304195287,3.4525991221844006,44.4394902671782,12.0,68.59716308238092,194.69598908639972
344,Zeebrugge - Bremerhaven,SEA,PILOT_TO_PILOT,5,344,99,6,7,NHR-N,TX1,52.3404256168045,3.456430510205213,44.4394902671782,12.0,68.79685215863346,194.4963000101472
345,Zeebrugge - Bremerhaven,SEA,PILOT_TO_PILOT,5,345,100,6,7,NHR-N,TX1,52.34278806772203,3.4602623076542973,44.4394902671782,12.0,68.996541234886,194.29661093389464
346,Zeebrugge - Bremerhaven,SEA,PILOT_TO_PILOT,5,346,101,6,7,NHR-N,TX1,52.34515039468166,3.46409451458883,44.4394902671782,12.0,69.19623031113854,194.0969218576421
347,Zeebrugge - Bremerhaven,SEA,PILOT_TO_PILOT,5,347,102,6,7,NHR-N,TX1,52.34751259765955,3.4679271310659927,44.4394902671782,12.0,69.39591938739107,193.89723278138956
348,Zeebrugge - Bremerhaven,SEA,PILOT_TO_PILOT,5,348,103,6,7,NHR-N,TX1,52.3498746766319,3.471760157142969,44.4394902671782,12.0,69.59560846364361,193.69754370513704
349,Zeebrugge - Bremerhaven,SEA,PILOT_TO_PILOT,5,349,104,6,7,NHR-N,TX1,52.35223663157489,3.475593592876944,44.4394902671782,12.0,69.79529753989615,193.49785462888448
350,Zeebrugge - Bremerhaven,SEA,PILOT_TO_PILOT,5,350,105,6,7,NHR-N,TX1,52.35459846246466,3.479427438325109,44.4394902671782,12.0,69.99498661614871,193.29816555263193
351,Zeebrugge - Bremerhaven,SEA,PILOT_TO_PILOT,5,351,106,6,7,NHR-N,TX1,52.35696016927741,3.4832616935446574,44.4394902671782,12.0,70.19467569240123,193.0984764763794
352,Zeebrugge - Bremerhaven,SEA,PILOT_TO_PILOT,5,352,107,6,7,NHR-N,TX1,52.35932175198928,3.487096358592782,44.4394902671782,12.0,70.39436476865379,192.89878740012685
353,Zeebrugge - Bremerhaven,SEA,PILOT_TO_PILOT,5,353,108,6,7,NHR-N,TX1,52.36168321057642,3.4909314335266832,44.4394902671782,12.0,70.59405384490631,192.69909832387432
354,Zeebrugge - Bremerhaven,SEA,PILOT_TO_PILOT,5,354,109,6,7,NHR-N,TX1,52.36404454501501,3.4947669184035632,44.4394902671782,12.0,70.79374292115887,192.49940924762177
355,Zeebrugge - Bremerhaven,SEA,PILOT_TO_PILOT,5,355,110,6,7,NHR-N,TX1,52.366405755281185,3.498602813280626,44.4394902671782,12.0,70.9934319974114,192.29972017136924
356,Zeebrugge - Bremerhaven,SEA,PILOT_TO_PILOT,5,356,111,6,7,NHR-N,TX1,52.368766841351075,3.502439118215081,44.4394902671782,12.0,71.19312107366395,192.1000310951167
357,Zeebrugge - Bremerhaven,SEA,PILOT_TO_PILOT,5,357,112,6,7,NHR-N,TX1,52.37112780320083,3.506275833264138,44.4394902671782,12.0,71.39281014991649,191.90034201886414
358,Zeebrugge - Bremerhaven,SEA,PILOT_TO_PILOT,5,358,113,6,7,NHR-N,TX1,52.37348864080657,3.510112958485012,44.4394902671782,12.0,71.59249922616902,191.7006529426116
359,Zeebrugge - Bremerhaven,SEA,PILOT_TO_PILOT,5,359,114,6,7,NHR-N,TX1,52.375849354144435,3.5139504939349195,44.4394902671782,12.0,71.79218830242156,191.5009638663591
360,Zeebrugge - Bremerhaven,SEA,PILOT_TO_PILOT,5,360,115,6,7,NHR-N,TX1,52.378209943190555,3.5177884396710817,44.4394902671782,12.0,71.9918773786741,191.30127479010653
361,Zeebrugge - Bremerhaven,SEA,PILOT_TO_PILOT,5,361,116,6,7,NHR-N,TX1,52.380570407921034,3.52162679575072,44.4394902671782,12.0,72.19156645492664,191.10158571385398
362,Zeebrugge - Bremerhaven,SEA,PILOT_TO_PILOT,5,362,117,6,7,NHR-N,TX1,52.382930748311985,3.525465562231062,44.4394902671782,12.0,72.39125553117918,190.90189663760145
363,Zeebrugge - Bremerhaven,SEA,PILOT_TO_PILOT,5,363,118,6,7,NHR-N,TX1,52.38529096433953,3.529304739169336,44.4394902671782,12.0,72.59094460743172,190.70220756134893
364,Zeebrugge - Bremerhaven,SEA,PILOT_TO_PILOT,5,364,119,6,7,NHR-N,TX1,52.387651055979774,3.5331443266227764,44.4394902671782,12.0,72.79063368368426,190.50251848509637
365,Zeebrugge - Bremerhaven,SEA,PILOT_TO_PILOT,5,365,120,6,7,NHR-N,TX1,52.39001102320881,3.536984324648617,44.4394902671782,12.0,72.9903227599368,190.30282940884382
366,Zeebrugge - Bremerhaven,SEA,PILOT_TO_PILOT,5,366,121,6,7,NHR-N,TX1,52.39237086600273,3.540824733304096,44.4394902671782,12.0,73.19001183618934,190.1031403325913
367,Zeebrugge - Bremerhaven,SEA,PILOT_TO_PILOT,5,367,122,6,7,NHR-N,TX1,52.39473058433763,3.544665552646455,44.4394902671782,12.0,73.3897009124419,189.90345125633874
368,Zeebrugge - Bremerhaven,SEA,PILOT_TO_PILOT,5,368,123,6,7,NHR-N,TX1,52.397090178189586,3.548506782732938,44.4394902671782,12.0,73.58938998869442,189.70376218008622
369,Zeebrugge - Bremerhaven,SEA,PILOT_TO_PILOT,5,369,124,6,7,NHR-N,TX1,52.399449647534695,3.5523484236207934,44.4394902671782,12.0,73.78907906494697,189.50407310383366
370,Zeebrugge - Bremerhaven,SEA,PILOT_TO_PILOT,5,370,125,6,7,NHR-N,TX1,52.40180899234903,3.5561904753672717,44.4394902671782,12.0,73.9887681411995,189.30438402758114
371,Zeebrugge - Bremerhaven,SEA,PILOT_TO_PILOT,5,371,126,6,7,NHR-N,TX1,52.40416821260865,3.5600329380296256,44.4394902671782,12.0,74.18845721745205,189.10469495132858
372,Zeebrugge - Bremerhaven,SEA,PILOT_TO_PILOT,5,372,127,6,7,NHR-N,TX1,52.40652730828965,3.5638758116651106,44.4394902671782,12.0,74.3881462937046,188.90500587507603
373,Zeebrugge - Bremerhaven,SEA,PILOT_TO_PILOT,5,373,128,6,7,NHR-N,TX1,52.40888627936805,3.5677190963309893,44.4394902671782,12.0,74.58783536995713,188.7053167988235
374,Zeebrugge - Bremerhaven,SEA,PILOT_TO_PILOT,5,374,129,6,7,NHR-N,TX1,52.41124512581994,3.5715627920845208,44.4394902671782,12.0,74.78752444620967,188.50562772257098
375,Zeebrugge - Bremerhaven,SEA,PILOT_TO_PILOT,5,375,130,6,7,NHR-N,TX1,52.413603847621374,3.5754068989829717,44.4394902671782,12.0,74.98721352246221,188.30593864631842
376,Zeebrugge - Bremerhaven,SEA,PILOT_TO_PILOT,5,376,131,6,7,NHR-N,TX1,52.41596244474838,3.579251417083612,44.4394902671782,12.0,75.18690259871475,188.10624957006587
377,Zeebrugge - Bremerhaven,SEA,PILOT_TO_PILOT,5,377,132,6,7,NHR-N,TX1,52.41832091717702,3.5830963464437104,44.4394902671782,12.0,75.38659167496729,187.90656049381334
378,Zeebrugge - Bremerhaven,SEA,PILOT_TO_PILOT,5,378,133,6,7,NHR-N,TX1,52.42067926488332,3.586941687120542,44.4394902671782,12.0,75.58628075121983,187.70687141756082
379,Zeebrugge - Bremerhaven,SEA,PILOT_TO_PILOT,5,379,134,6,7,NHR-N,TX1,52.42303748784333,3.590787439171386,44.4394902671782,12.0,75.78596982747237,187.50718234130827
380,Zeebrugge - Bremerhaven,SEA,PILOT_TO_PILOT,5,380,135,6,7,NHR-N,TX1,52.42539558603306,3.5946336026535213,44.4394902671782,12.0,75.98565890372491,187.3074932650557
381,Zeebrugge - Bremerhaven,SEA,PILOT_TO_PILOT,5,381,136,6,7,NHR-N,TX1,52.427753559428545,3.5984801776242303,44.4394902671782,12.0,76.18534797997745,187.1078041888032
382,Zeebrugge - Bremerhaven,SEA,PILOT_TO_PILOT,5,382,137,6,7,NHR-N,TX1,52.43011140800581,3.6023271641408017,44.4394902671782,12.0,76.38503705622999,186.90811511255066
383,Zeebrugge - Bremerhaven,SEA,PILOT_TO_PILOT,5,383,138,6,7,NHR-N,TX1,52.43246913174086,3.6061745622605206,44.4394902671782,12.0,76.58472613248253,186.7084260362981
384,Zeebrugge - Bremerhaven,SEA,PILOT_TO_PILOT,5,384,139,6,7,NHR-N,TX1,52.4348267306097,3.6100223720406848,44.4394902671782,12.0,76.78441520873507,186.50873696004555
385,Zeebrugge - Bremerhaven,SEA,PILOT_TO_PILOT,5,385,140,6,7,NHR-N,TX1,52.43718420458837,3.6138705935385853,44.4394902671782,12.0,76.98410428498761,186.30904788379303
386,Zeebrugge - Bremerhaven,SEA,PILOT_TO_PILOT,5,386,141,6,7,NHR-N,TX1,52.43954155365283,3.617719226811521,44.4394902671782,12.0,77.18379336124016,186.10935880754047
387,Zeebrugge - Bremerhaven,SEA,PILOT_TO_PILOT,5,387,142,6,7,NHR-N,TX1,52.4418987777791,3.621568271916794,44.4394902671782,12.0,77.38348243749269,185.90966973128795
388,Zeebrugge - Bremerhaven,SEA,PILOT_TO_PILOT,5,388,143,6,7,NHR-N,TX1,52.444255876943174,3.625417728911707,44.4394902671782,12.0,77.58317151374524,185.7099806550354
389,Zeebrugge - Bremerhaven,SEA,PILOT_TO_PILOT,5,389,144,6,7,NHR-N,TX1,52.44661285112102,3.6292675978535685,44.4394902671782,12.0,77.78286058999778,185.51029157878287
390,Zeebrugge - Bremerhaven,SEA,PILOT_TO_PILOT,5,390,145,6,7,NHR-N,TX1,52.448969700288636,3.633117878799687,44.4394902671782,12.0,77.98254966625032,185.31060250253032
391,Zeebrugge - Bremerhaven,SEA,PILOT_TO_PILOT,5,391,146,6,7,NHR-N,TX1,52.45132642442199,3.636968571807376,44.4394902671782,12.0,78.18223874250286,185.11091342627776
392,Zeebrugge - Bremerhaven,SEA,PILOT_TO_PILOT,5,392,147,6,7,NHR-N,TX1,52.45368302349707,3.640819676933951,44.4394902671782,12.0,78.3819278187554,184.91122435002524
393,Zeebrugge - Bremerhaven,SEA,PILOT_TO_PILOT,5,393,148,6,7,NHR-N,TX1,52.45603949748984,3.644671194236731,44.4394902671782,12.0,78.58161689500794,184.7115352737727
394,Zeebrugge - Bremerhaven,SEA,PILOT_TO_PILOT,5,394,149,6,7,NHR-N,TX1,52.45839584637624,3.6485231237730362,44.4394902671782,12.0,78.78130597126048,184.51184619752016
395,Zeebrugge - Bremerhaven,SEA,PILOT_TO_PILOT,5,395,150,6,7,NHR-N,TX1,52.46075207013226,3.652375465600193,44.4394902671782,12.0,78.98099504751302,184.3121571212676
396,Zeebrugge - Bremerhaven,SEA,PILOT_TO_PILOT,5,396,151,6,7,NHR-N,TX1,52.46310816873384,3.6562282197755276,44.4394902671782,12.0,79.18068412376556,184.11246804501508
397,Zeebrugge - Bremerhaven,SEA,PILOT_TO_PILOT,5,397,152,6,7,NHR-N,TX1,52.465464142156925,3.6600813863563713,44.4394902671782,12.0,79.3803732000181,183.91277896876255
398,Zeebrugge - Bremerhaven,SEA,PILOT_TO_PILOT,5,398,153,6,7,NHR-N,TX1,52.46781999037747,3.663934965400057,44.4394902671782,12.0,79.58006227627064,183.71308989251
399,Zeebrugge - Bremerhaven,SEA,PILOT_TO_PILOT,5,399,154,6,7,NHR-N,TX1,52.470175713371404,3.6677889569639195,44.4394902671782,12.0,79.77975135252318,183.51340081625744
400,Zeebrugge - Bremerhaven,SEA,PILOT_TO_PILOT,5,400,155,6,7,NHR-N,TX1,52.47253131111468,3.6716433611053008,44.4394902671782,12.0,79.97944042877572,183.31371174000492
401,Zeebrugge - Bremerhaven,SEA,PILOT_TO_PILOT,5,401,156,6,7,NHR-N,TX1,52.474886783583216,3.67549817788154,44.4394902671782,12.0,80.17912950502826,183.1140226637524
402,Zeebrugge - Bremerhaven,SEA,PILOT_TO_PILOT,5,402,157,6,7,NHR-N,TX1,52.47724213075292,3.6793534073499834,44.4394902671782,12.0,80.3788185812808,182.91433358749984
403,Zeebrugge - Bremerhaven,SEA,PILOT_TO_PILOT,5,403,158,6,7,NHR-N,TX1,52.47959735259976,3.6832090495679792,44.4394902671782,12.0,80.57850765753335,182.7146445112473
404,Zeebrugge - Bremerhaven,SEA,PILOT_TO_PILOT,5,404,159,6,7,NHR-N,TX1,52.481952449099616,3.6870651045928775,44.4394902671782,12.0,80.77819673378588,182.51495543499476
405,Zeebrugge - Bremerhaven,SEA,PILOT_TO_PILOT,5,405,160,6,7,NHR-N,TX1,52.484307420228404,3.6909215724820323,44.4394902671782,12.0,80.97788581003843,182.3152663587422
406,Zeebrugge - Bremerhaven,SEA,PILOT_TO_PILOT,5,406,161,6,7,NHR-N,TX1,52.486662265962025,3.694778453292798,44.4394902671782,12.0,81.17757488629096,182.11557728248968
407,Zeebrugge - Bremerhaven,SEA,PILOT_TO_PILOT,5,407,162,6,7,NHR-N,TX1,52.489016986276404,3.698635747082537,44.4394902671782,12.0,81.37726396254351,181.91588820623713
408,Zeebrugge - Bremerhaven,SEA,PILOT_TO_PILOT,5,408,163,6,7,NHR-N,TX1,52.49137158114743,3.7024934539086085,44.4394902671782,12.0,81.57695303879603,181.7161991299846
409,Zeebrugge - Bremerhaven,SEA,PILOT_TO_PILOT,5,409,164,6,7,NHR-N,TX1,52.49372605055099,3.7063515738283805,44.4394902671782,12.0,81.77664211504859,181.51651005373205
410,Zeebrugge - Bremerhaven,SEA,PILOT_TO_PILOT,5,410,165,6,7,NHR-N,TX1,52.49608039446297,3.710210106899219,44.4394902671782,12.0,81.97633119130113,181.3168209774795
411,Zeebrugge - Bremerhaven,SEA,PILOT_TO_PILOT,5,411,166,6,7,NHR-N,TX1,52.49843461285926,3.7140690531784957,44.4394902671782,12.0,82.17602026755367,181.11713190122697
412,Zeebrugge - Bremerhaven,SEA,PILOT_TO_PILOT,5,412,167,6,7,NHR-N,TX1,52.500788705715735,3.717928412723584,44.4394902671782,12.0,82.37570934380621,180.91744282497444
413,Zeebrugge - Bremerhaven,SEA,PILOT_TO_PILOT,5,413,168,6,7,NHR-N,TX1,52.50314267300827,3.721788185591859,44.4394902671782,12.0,82.57539842005875,180.7177537487219
414,Zeebrugge - Bremerhaven,SEA,PILOT_TO_PILOT,5,414,169,6,7,NHR-N,TX1,52.505496514712725,3.7256483718407014,44.4394902671782,12.0,82.77508749631129,180.51806467246934
415,Zeebrugge - Bremerhaven,SEA,PILOT_TO_PILOT,5,415,170,6,7,NHR-N,TX1,52.507850230804976,3.7295089715274945,44.4394902671782,12.0,82.97477657256383,180.3183755962168
416,Zeebrugge - Bremerhaven,SEA,PILOT_TO_PILOT,5,416,171,6,7,NHR-N,TX1,52.510203821260895,3.733369984709623,44.4394902671782,12.0,83.17446564881637,180.11868651996429
417,Zeebrugge - Bremerhaven,SEA,PILOT_TO_PILOT,5,417,172,6,7,NHR-N,TX1,52.512557286056314,3.7372314114444722,44.4394902671782,12.0,83.3741547250689,179.91899744371173
418,Zeebrugge - Bremerhaven,SEA,PILOT_TO_PILOT,5,418,173,6,7,NHR-N,TX1,52.5149106251671,3.741093251789436,44.4394902671782,12.0,83.57384380132146,179.71930836745918
419,Zeebrugge - Bremerhaven,SEA,PILOT_TO_PILOT,5,419,174,6,7,NHR-N,TX1,52.51726383856907,3.744955505801907,44.4394902671782,12.0,83.77353287757398,179.51961929120665
420,Zeebrugge - Bremerhaven,SEA,PILOT_TO_PILOT,5,420,175,6,7,NHR-N,TX1,52.519616926238086,3.748818173539282,44.4394902671782,12.0,83.97322195382654,179.3199302149541
421,Zeebrugge - Bremerhaven,SEA,PILOT_TO_PILOT,5,421,176,6,7,NHR-N,TX1,52.52196988815,3.752681255058959,44.4394902671782,12.0,84.17291103007906,179.12024113870157
422,Zeebrugge - Bremerhaven,SEA,PILOT_TO_PILOT,5,422,177,6,7,NHR-N,TX1,52.524322724280616,3.7565447504183407,44.4394902671782,12.0,84.37260010633162,178.92055206244902
423,Zeebrugge - Bremerhaven,SEA,PILOT_TO_PILOT,5,423,178,6,7,NHR-N,TX1,52.52667543460576,3.7604086596748325,44.4394902671782,12.0,84.57228918258414,178.7208629861965
424,Zeebrugge - Bremerhaven,SEA,PILOT_TO_PILOT,5,424,179,6,7,NHR-N,TX1,52.529028019101276,3.7642729828858417,44.4394902671782,12.0,84.7719782588367,178.52117390994394
425,Zeebrugge - Bremerhaven,SEA,PILOT_TO_PILOT,5,425,180,6,7,NHR-N,TX1,52.53138047774297,3.7681377201087805,44.4394902671782,12.0,84.97166733508922,178.32148483369141
426,Zeebrugge - Bremerhaven,SEA,PILOT_TO_PILOT,5,426,181,6,7,NHR-N,TX1,52.53373281050664,3.772002871401059,44.4394902671782,12.0,85.17135641134178,178.12179575743886
427,Zeebrugge - Bremerhaven,SEA,PILOT_TO_PILOT,5,427,182,6,7,NHR-N,TX1,52.536085017368116,3.775868436820096,44.4394902671782,12.0,85.37104548759432,177.92210668118634
428,Zeebrugge - Bremerhaven,SEA,PILOT_TO_PILOT,5,428,183,6,7,NHR-N,TX1,52.5384370983032,3.77973441642331,44.4394902671782,12.0,85.57073456384686,177.72241760493378
429,Zeebrugge - Bremerhaven,SEA,PILOT_TO_PILOT,5,429,184,6,7,NHR-N,TX1,52.540789053287675,3.7836008102681222,44.4394902671782,12.0,85.7704236400994,177.52272852868123
430,Zeebrugge - Bremerhaven,SEA,PILOT_TO_PILOT,5,430,185,6,7,NHR-N,TX1,52.54314088229734,3.787467618411958,44.4394902671782,12.0,85.97011271635193,177.3230394524287
431,Zeebrugge - Bremerhaven,SEA,PILOT_TO_PILOT,5,431,186,6,7,NHR-N,TX1,52.54549258530799,3.7913348409122425,44.4394902671782,12.0,86.16980179260447,177.12335037617618
432,Zeebrugge - Bremerhaven,SEA,PILOT_TO_PILOT,5,432,187,6,7,NHR-N,TX1,52.5478441622954,3.79520247782641,44.4394902671782,12.0,86.36949086885701,176.92366129992362
433,Zeebrugge - Bremerhaven,SEA,PILOT_TO_PILOT,5,433,188,6,7,NHR-N,TX1,52.550195613235346,3.7990705292118907,44.4394902671782,12.0,86.56917994510955,176.72397222367107
434,Zeebrugge - Bremerhaven,SEA,PILOT_TO_PILOT,5,434,189,6,7,NHR-N,TX1,52.55254693810363,3.8029389951261208,44.4394902671782,12.0,86.7688690213621,176.52428314741854
435,Zeebrugge - Bremerhaven,SEA,PILOT_TO_PILOT,5,435,190,6,7,NHR-N,TX1,52.55489813687598,3.806807875626538,44.4394902671782,12.0,86.96855809761465,176.324594071166
436,Zeebrugge - Bremerhaven,SEA,PILOT_TO_PILOT,5,436,191,6,7,NHR-N,TX1,52.55724920952819,3.8106771707705858,44.4394902671782,12.0,87.16824717386717,176.12490499491346
437,Zeebrugge - Bremerhaven,SEA,PILOT_TO_PILOT,5,437,192,6,7,NHR-N,TX1,52.55960015603601,3.814546880615707,44.4394902671782,12.0,87.36793625011973,175.9252159186609
438,Zeebrugge - Bremerhaven,SEA,PILOT_TO_PILOT,5,438,193,6,7,NHR-N,TX1,52.5619509763752,3.818417005219347,44.4394902671782,12.0,87.56762532637225,175.72552684240839
439,Zeebrugge - Bremerhaven,SEA,PILOT_TO_PILOT,5,439,194,6,7,NHR-N,TX1,52.56430167052151,3.8222875446389586,44.4394902671782,12.0,87.7673144026248,175.52583776615583
440,Zeebrugge - Bremerhaven,SEA,PILOT_TO_PILOT,5,440,195,6,7,NHR-N,TX1,52.566652238450686,3.8261584989319926,44.4394902671782,12.0,87.96700347887733,175.3261486899033
441,Zeebrugge - Bremerhaven,SEA,PILOT_TO_PILOT,5,441,196,6,7,NHR-N,TX1,52.56900268013847,3.830029868155904,44.4394902671782,12.0,88.16669255512988,175.12645961365075
442,Zeebrugge - Bremerhaven,SEA,PILOT_TO_PILOT,5,442,197,6,7,NHR-N,TX1,52.57135299556058,3.8339016523681506,44.4394902671782,12.0,88.36638163138241,174.92677053739823
443,Zeebrugge - Bremerhaven,SEA,PILOT_TO_PILOT,5,443,198,6,7,NHR-N,TX1,52.57370318469278,3.8377738516261926,44.4394902671782,12.0,88.56607070763496,174.72708146114567
444,Zeebrugge - Bremerhaven,SEA,PILOT_TO_PILOT,5,444,199,6,7,NHR-N,TX1,52.57605324751078,3.841646465987496,44.4394902671782,12.0,88.7657597838875,174.52739238489312
445,Zeebrugge - Bremerhaven,SEA,PILOT_TO_PILOT,5,445,200,6,7,NHR-N,TX1,52.57840318399029,3.845519495509523,44.4394902671782,12.0,88.96544886014004,174.3277033086406
446,Zeebrugge - Bremerhaven,SEA,PILOT_TO_PILOT,5,446,201,6,7,NHR-N,TX1,52.58075299410706,3.8493929402497455,44.4394902671782,12.0,89.16513793639258,174.12801423238807
447,Zeebrugge - Bremerhaven,SEA,PILOT_TO_PILOT,5,447,202,6,7,NHR-N,TX1,52.58310267783676,3.853266800265634,44.4394902671782,12.0,89.36482701264512,173.92832515613551
448,Zeebrugge - Bremerhaven,SEA,PILOT_TO_PILOT,5,448,203,6,7,NHR-N,TX1,52.58545223515513,3.857141075614663,44.4394902671782,12.0,89.56451608889766,173.72863607988296
449,Zeebrugge - Bremerhaven,SEA,PILOT_TO_PILOT,5,449,204,6,7,NHR-N,TX1,52.58780166603788,3.8610157663543103,44.4394902671782,12.0,89.7642051651502,173.52894700363044
450,Zeebrugge - Bremerhaven,SEA,PILOT_TO_PILOT,5,450,205,6,7,NHR-N,TX1,52.59015097046067,3.8648908725420545,44.4394902671782,12.0,89.96389424140274,173.3292579273779
451,Zeebrugge - Bremerhaven,SEA,PILOT_TO_PILOT,5,451,206,6,7,NHR-N,TX1,52.592500148399225,3.86876639423538,44.4394902671782,12.0,90.16358331765528,173.12956885112536
452,Zeebrugge - Bremerhaven,SEA,PILOT_TO_PILOT,5,452,207,6,7,NHR-N,TX1,52.594849199829234,3.87264233149177,44.4394902671782,12.0,90.36327239390782,172.9298797748728
453,Zeebrugge - Bremerhaven,SEA,PILOT_TO_PILOT,5,453,208,6,7,NHR-N,TX1,52.59719812472636,3.8765186843687136,44.4394902671782,12.0,90.56296147016036,172.73019069862028
454,Zeebrugge - Bremerhaven,SEA,PILOT_TO_PILOT,5,454,209,6,7,NHR-N,TX1,52.599546923066306,3.880395452923701,44.4394902671782,12.0,90.76265054641291,172.53050162236772
455,Zeebrugge - Bremerhaven,SEA,PILOT_TO_PILOT,5,455,210,6,7,NHR-N,TX1,52.60189559482473,3.884272637214226,44.4394902671782,12.0,90.96233962266544,172.3308125461152
456,Zeebrugge - Bremerhaven,SEA,PILOT_TO_PILOT,5,456,211,6,7,NHR-N,TX1,52.60424413997731,3.888150237297786,44.4394902671782,12.0,91.162028698918,172.13112346986264
457,Zeebrugge - Bremerhaven,SEA,PILOT_TO_PILOT,5,457,212,6,7,NHR-N,TX1,52.606592558499706,3.8920282532318766,44.4394902671782,12.0,91.36171777517052,171.93143439361012
458,Zeebrugge - Bremerhaven,SEA,PILOT_TO_PILOT,5,458,213,6,7,NHR-N,TX1,52.60894085036759,3.8959066850740025,44.4394902671782,12.0,91.56140685142307,171.73174531735756
459,Zeebrugge - Bremerhaven,SEA,PILOT_TO_PILOT,5,459,214,6,7,NHR-N,TX1,52.61128901555659,3.8997855328816664,44.4394902671782,12.0,91.7610959276756,171.53205624110504
460,Zeebrugge - Bremerhaven,SEA,PILOT_TO_PILOT,5,460,215,6,7,NHR-N,TX1,52.6136370540424,3.903664796712375,44.4394902671782,12.0,91.96078500392815,171.33236716485249
461,Zeebrugge - Bremerhaven,SEA,PILOT_TO_PILOT,5,461,216,6,7,NHR-N,TX1,52.61598496580062,3.9075444766236394,44.4394902671782,12.0,92.16047408018068,171.13267808859996
462,Zeebrugge - Bremerhaven,SEA,PILOT_TO_PILOT,5,462,217,6,7,NHR-N,TX1,52.61833275080693,3.91142457267297,44.4394902671782,12.0,92.36016315643323,170.9329890123474
463,Zeebrugge - Bremerhaven,SEA,PILOT_TO_PILOT,5,463,218,6,7,NHR-N,TX1,52.620680409036936,3.9153050849178825,44.4394902671782,12.0,92.55985223268577,170.73329993609485
464,Zeebrugge - Bremerhaven,SEA,PILOT_TO_PILOT,5,464,219,6,7,NHR-N,TX1,52.623027940466294,3.919186013415896,44.4394902671782,12.0,92.75954130893831,170.53361085984233
465,Zeebrugge - Bremerhaven,SEA,PILOT_TO_PILOT,5,465,220,6,7,NHR-N,TX1,52.625375345070616,3.923067358224529,44.4394902671782,12.0,92.95923038519085,170.3339217835898
466,Zeebrugge - Bremerhaven,SEA,PILOT_TO_PILOT,5,466,221,6,7,NHR-N,TX1,52.62772262282553,3.926949119401304,44.4394902671782,12.0,93.15891946144339,170.13423270733725
467,Zeebrugge - Bremerhaven,SEA,PILOT_TO_PILOT,5,467,222,6,7,NHR-N,TX1,52.63006977370665,3.930831297003748,44.4394902671782,12.0,93.35860853769593,169.9345436310847
468,Zeebrugge - Bremerhaven,SEA,PILOT_TO_PILOT,5,468,223,6,7,NHR-N,TX1,52.632416797689594,3.934713891089389,44.4394902671782,12.0,93.55829761394847,169.73485455483217
469,Zeebrugge - Bremerhaven,SEA,PILOT_TO_PILOT,5,469,224,6,7,NHR-N,TX1,52.634763694749964,3.938596901715758,44.4394902671782,12.0,93.75798669020101,169.53516547857964
470,Zeebrugge - Bremerhaven,SEA,PILOT_TO_PILOT,5,470,225,6,7,NHR-N,TX1,52.63711046486337,3.942480328940388,44.4394902671782,12.0,93.95767576645355,169.3354764023271
471,Zeebrugge - Bremerhaven,SEA,PILOT_TO_PILOT,5,471,226,6,7,NHR-N,TX1,52.63945710800541,3.946364172820817,44.4394902671782,12.0,94.1573648427061,169.13578732607454
472,Zeebrugge - Bremerhaven,SEA,PILOT_TO_PILOT,5,472,227,6,7,NHR-N,TX1,52.64180362415168,3.950248433414581,44.4394902671782,12.0,94.35705391895863,168.936098249822
473,Zeebrugge - Bremerhaven,SEA,PILOT_TO_PILOT,5,473,228,6,7,NHR-N,TX1,52.644150013277745,3.9541331107792246,44.4394902671782,12.0,94.55674299521118,168.73640917356946
474,Zeebrugge - Bremerhaven,SEA,PILOT_TO_PILOT,5,474,229,6,7,NHR-N,TX1,52.646496275359226,3.9580182049722907,44.4394902671782,12.0,94.7564320714637,168.53672009731693
475,Zeebrugge - Bremerhaven,SEA,PILOT_TO_PILOT,5,475,230,6,7,NHR-N,TX1,52.64884241037167,3.9619037160513253,44.4394902671782,12.0,94.95612114771626,168.33703102106438
476,Zeebrugge - Bremerhaven,SEA,PILOT_TO_PILOT,5,476,231,6,7,NHR-N,TX1,52.65118841829068,3.9657896440738796,44.4394902671782,12.0,95.15581022396879,168.13734194481185
477,Zeebrugge - Bremerhaven,SEA,PILOT_TO_PILOT,5,477,232,6,7,NHR-N,TX1,52.653534299091795,3.9696759890975057,44.4394902671782,12.0,95.35549930022134,167.9376528685593
478,Zeebrugge - Bremerhaven,SEA,PILOT_TO_PILOT,5,478,233,6,7,NHR-N,TX1,52.65588005275061,3.973562751179755,44.4394902671782,12.0,95.55518837647386,167.73796379230677
479,Zeebrugge - Bremerhaven,SEA,PILOT_TO_PILOT,5,479,234,6,7,NHR-N,TX1,52.65822567924267,3.9774499303781887,44.4394902671782,12.0,95.75487745272642,167.53827471605422
480,Zeebrugge - Bremerhaven,SEA,PILOT_TO_PILOT,5,480,235,6,7,NHR-N,TX1,52.66057117854352,3.981337526750365,44.4394902671782,12.0,95.95456652897896,167.3385856398017
481,Zeebrugge - Bremerhaven,SEA,PILOT_TO_PILOT,5,481,236,6,7,NHR-N,TX1,52.66291655062874,3.985225540353847,44.4394902671782,12.0,96.1542556052315,167.13889656354914
482,Zeebrugge - Bremerhaven,SEA,PILOT_TO_PILOT,5,482,237,6,7,NHR-N,TX1,52.66526179547386,3.9891139712462,44.4394902671782,12.0,96.35394468148404,166.93920748729658
483,Zeebrugge - Bremerhaven,SEA,PILOT_TO_PILOT,5,483,238,6,7,NHR-N,TX1,52.667606913054414,3.993002819484992,44.4394902671782,12.0,96.55363375773658,166.73951841104406
484,Zeebrugge - Bremerhaven,SEA,PILOT_TO_PILOT,5,484,239,6,7,NHR-N,TX1,52.66995190334595,3.996892085127792,44.4394902671782,12.0,96.75332283398912,166.53982933479153
485,Zeebrugge - Bremerhaven,SEA,PILOT_TO_PILOT,5,485,240,6,7,NHR-N,TX1,52.67229676632399,4.000781768232174,44.4394902671782,12.0,96.95301191024166,166.34014025853898
486,Zeebrugge - Bremerhaven,SEA,PILOT_TO_PILOT,5,486,241,6,7,NHR-N,TX1,52.674641501964075,4.004671868855714,44.4394902671782,12.0,97.1527009864942,166.14045118228643
487,Zeebrugge - Bremerhaven,SEA,PILOT_TO_PILOT,5,487,242,6,7,NHR-N,TX1,52.676986110241714,4.008562387055989,44.4394902671782,12.0,97.35239006274674,165.9407621060339
488,Zeebrugge - Bremerhaven,SEA,PILOT_TO_PILOT,5,488,243,6,7,NHR-N,TX1,52.67933059113242,4.012453322890582,44.4394902671782,12.0,97.55207913899929,165.74107302978135
489,Zeebrugge - Bremerhaven,SEA,PILOT_TO_PILOT,5,489,244,6,7,NHR-N,TX1,52.681674944611714,4.016344676417074,44.4394902671782,12.0,97.75176821525181,165.54138395352882
490,Zeebrugge - Bremerhaven,SEA,PILOT_TO_PILOT,5,490,245,6,7,NHR-N,TX1,52.684019170655105,4.020236447693051,44.4394902671782,12.0,97.95145729150437,165.34169487727627
491,Zeebrugge - Bremerhaven,SEA,PILOT_TO_PILOT,5,491,246,6,7,NHR-N,TX1,52.6863632692381,4.024128636776105,44.4394902671782,12.0,98.1511463677569,165.14200580102374
492,Zeebrugge - Bremerhaven,SEA,PILOT_TO_PILOT,5,492,247,6,7,NHR-N,TX1,52.6887072403362,4.0280212437238205,44.4394902671782,12.0,98.35083544400945,164.9423167247712
493,Zeebrugge - Bremerhaven,SEA,PILOT_TO_PILOT,5,493,248,6,7,NHR-N,TX1,52.691051083924876,4.0319142685937965,44.4394902671782,12.0,98.55052452026197,164.74262764851866
494,Zeebrugge - Bremerhaven,SEA,PILOT_TO_PILOT,5,494,249,6,7,NHR-N,TX1,52.693394799979636,4.0358077114436295,44.4394902671782,12.0,98.75021359651453,164.5429385722661
495,Zeebrugge - Bremerhaven,SEA,PILOT_TO_PILOT,5,495,250,6,7,NHR-N,TX1,52.69573838847595,4.039701572330917,44.4394902671782,12.0,98.94990267276705,164.34324949601358
496,Zeebrugge - Bremerhaven,SEA,PILOT_TO_PILOT,5,496,251,6,7,NHR-N,TX1,52.69808184938931,4.043595851313256,44.4394902671782,12.0,99.1495917490196,164.14356041976103
497,Zeebrugge - Bremerhaven,SEA,PILOT_TO_PILOT,5,497,252,6,7,NHR-N,TX1,52.70042518269519,4.047490548448259,44.4394902671782,12.0,99.34928082527215,163.94387134350848
498,Zeebrugge - Bremerhaven,SEA,PILOT_TO_PILOT,5,498,253,6,7,NHR-N,TX1,52.70276838836905,4.051385663793525,44.4394902671782,12.0,99.54896990152469,163.74418226725595
499,Zeebrugge - Bremerhaven,SEA,PILOT_TO_PILOT,5,499,254,6,7,NHR-N,TX1,52.70511146638638,4.055281197406667,44.4394902671782,12.0,99.74865897777723,163.54449319100343
500,Zeebrugge - Bremerhaven,SEA,PILOT_TO_PILOT,5,500,255,6,7,NHR-N,TX1,52.707454416722605,4.059177149345295,44.4394902671782,12.0,99.94834805402976,163.34480411475087
501,Zeebrugge - Bremerhaven,SEA,PILOT_TO_PILOT,5,501,256,6,7,NHR-N,TX1,52.7097972393532,4.063073519667023,44.4394902671782,12.0,100.1480371302823,163.14511503849832
502,Zeebrugge - Bremerhaven,SEA,PILOT_TO_PILOT,5,502,257,6,7,NHR-N,TX1,52.71213993425361,4.06697030842947,44.4394902671782,12.0,100.34772620653484,162.9454259622458
503,Zeebrugge - Bremerhaven,SEA,PILOT_TO_PILOT,5,503,258,6,7,NHR-N,TX1,52.71448250139927,4.07086751569025,44.4394902671782,12.0,100.54741528278738,162.74573688599327
504,Zeebrugge - Bremerhaven,SEA,PILOT_TO_PILOT,5,504,259,6,7,NHR-N,TX1,52.71682494076564,4.07476514150699,44.4394902671782,12.0,100.74710435903992,162.5460478097407
505,Zeebrugge - Bremerhaven,SEA,PILOT_TO_PILOT,5,505,260,6,7,NHR-N,TX1,52.719167252328155,4.078663185937311,44.4394902671782,12.0,100.94679343529246,162.34635873348816
506,Zeebrugge - Bremerhaven,SEA,PILOT_TO_PILOT,5,506,261,6,7,NHR-N,TX1,52.721509436062234,4.082561649038843,44.4394902671782,12.0,101.146482511545,162.14666965723563
507,Zeebrugge - Bremerhaven,SEA,PILOT_TO_PILOT,5,507,262,6,7,NHR-N,TX1,52.72385149194331,4.086460530869211,44.4394902671782,12.0,101.34617158779756,161.94698058098308
508,Zeebrugge - Bremerhaven,SEA,PILOT_TO_PILOT,5,508,263,6,7,NHR-N,TX1,52.7261934199468,4.090359831486049,44.4394902671782,12.0,101.54586066405008,161.74729150473055
509,Zeebrugge - Bremerhaven,SEA,PILOT_TO_PILOT,5,509,264,6,7,NHR-N,TX1,52.72853522004812,4.094259550946992,44.4394902671782,12.0,101.74554974030264,161.547602428478
510,Zeebrugge - Bremerhaven,SEA,PILOT_TO_PILOT,5,510,265,6,7,NHR-N,TX1,52.730876892222696,4.098159689309675,44.4394902671782,12.0,101.94523881655516,161.34791335222548
511,Zeebrugge - Bremerhaven,SEA,PILOT_TO_PILOT,5,511,266,6,7,NHR-N,TX1,52.733218436445924,4.10206024663174,44.4394902671782,12.0,102.14492789280771,161.14822427597292
512,Zeebrugge - Bremerhaven,SEA,PILOT_TO_PILOT,5,512,267,6,7,NHR-N,TX1,52.73555985269321,4.105961222970824,44.4394902671782,12.0,102.34461696906024,160.9485351997204
513,Zeebrugge - Bremerhaven,SEA,PILOT_TO_PILOT,5,513,268,6,7,NHR-N,TX1,52.73790114093994,4.109862618384576,44.4394902671782,12.0,102.5443060453128,160.74884612346784
514,Zeebrugge - Bremerhaven,SEA,PILOT_TO_PILOT,5,514,269,6,7,NHR-N,TX1,52.74024230116152,4.11376443293064,44.4394902671782,12.0,102.74399512156532,160.54915704721532
515,Zeebrugge - Bremerhaven,SEA,PILOT_TO_PILOT,6,515,0,7,8,TX1,ProdQ4C,52.742583333333336,4.117666666666667,36.47401346275433,12.0,102.94368419781787,160.34946797096276
516,Zeebrugge - Bremerhaven,SEA,PILOT_TO_PILOT,6,516,1,7,8,TX1,ProdQ4C,52.745266677946645,4.120943596097004,36.47401346275433,12.0,103.14404065433692,160.14911151444372
517,Zeebrugge - Bremerhaven,SEA,PILOT_TO_PILOT,6,517,2,7,8,TX1,ProdQ4C,52.747949932243785,4.124220929120389,36.47401346275433,12.0,103.34439711085597,159.94875505792467
518,Zeebrugge - Bremerhaven,SEA,PILOT_TO_PILOT,6,518,3,7,8,TX1,ProdQ4C,52.75063309620487,4.127498665812173,36.47401346275433,12.0,103.544753567375,159.74839860140565
519,Zeebrugge - Bremerhaven,SEA,PILOT_TO_PILOT,6,519,4,7,8,TX1,ProdQ4C,52.753316169809985,4.1307768062477255,36.47401346275433,12.0,103.74511002389404,159.5480421448866
520,Zeebrugge - Bremerhaven,SEA,PILOT_TO_PILOT,6,520,5,7,8,TX1,ProdQ4C,52.755999153039205,4.134055350502428,36.47401346275433,12.0,103.94546648041309,159.34768568836756
521,Zeebrugge - Bremerhaven,SEA,PILOT_TO_PILOT,6,521,6,7,8,TX1,ProdQ4C,52.758682045872646,4.137334298651675,36.47401346275433,12.0,104.14582293693213,159.14732923184852
522,Zeebrugge - Bremerhaven,SEA,PILOT_TO_PILOT,6,522,7,7,8,TX1,ProdQ4C,52.76136484829035,4.140613650770873,36.47401346275433,12.0,104.34617939345117,158.94697277532947
523,Zeebrugge - Bremerhaven,SEA,PILOT_TO_PILOT,6,523,8,7,8,TX1,ProdQ4C,52.764047560272395,4.143893406935444,36.47401346275433,12.0,104.54653584997021,158.74661631881042
524,Zeebrugge - Bremerhaven,SEA,PILOT_TO_PILOT,6,524,9,7,8,TX1,ProdQ4C,52.76673018179887,4.147173567220823,36.47401346275433,12.0,104.74689230648926,158.54625986229138
525,Zeebrugge - Bremerhaven,SEA,PILOT_TO_PILOT,6,525,10,7,8,TX1,ProdQ4C,52.769412712849814,4.150454131702458,36.47401346275433,12.0,104.9472487630083,158.34590340577233
526,Zeebrugge - Bremerhaven,SEA,PILOT_TO_PILOT,6,526,11,7,8,TX1,ProdQ4C,52.77209515340528,4.153735100455812,36.47401346275433,12.0,105.14760521952735,158.1455469492533
527,Zeebrugge - Bremerhaven,SEA,PILOT_TO_PILOT,6,527,12,7,8,TX1,ProdQ4C,52.774777503445335,4.157016473556359,36.47401346275433,12.0,105.34796167604638,157.94519049273424
528,Zeebrugge - Bremerhaven,SEA,PILOT_TO_PILOT,6,528,13,7,8,TX1,ProdQ4C,52.77745976295,4.160298251079588,36.47401346275433,12.0,105.54831813256543,157.7448340362152
529,Zeebrugge - Bremerhaven,SEA,PILOT_TO_PILOT,6,529,14,7,8,TX1,ProdQ4C,52.78014193189936,4.163580433101002,36.47401346275433,12.0,105.74867458908447,157.54447757969615
530,Zeebrugge - Bremerhaven,SEA,PILOT_TO_PILOT,6,530,15,7,8,TX1,ProdQ4C,52.7828240102734,4.166863019696117,36.47401346275433,12.0,105.94903104560352,157.3441211231771
531,Zeebrugge - Bremerhaven,SEA,PILOT_TO_PILOT,6,531,16,7,8,TX1,ProdQ4C,52.78550599805218,4.170146010940461,36.47401346275433,12.0,106.14938750212256,157.14376466665806
532,Zeebrugge - Bremerhaven,SEA,PILOT_TO_PILOT,6,532,17,7,8,TX1,ProdQ4C,52.788187895215735,4.173429406909577,36.47401346275433,12.0,106.3497439586416,156.94340821013904
533,Zeebrugge - Bremerhaven,SEA,PILOT_TO_PILOT,6,533,18,7,8,TX1,ProdQ4C,52.790869701744064,4.176713207679022,36.47401346275433,12.0,106.55010041516064,156.74305175362
534,Zeebrugge - Bremerhaven,SEA,PILOT_TO_PILOT,6,534,19,7,8,TX1,ProdQ4C,52.79355141761719,4.179997413324365,36.47401346275433,12.0,106.75045687167969,156.54269529710095
535,Zeebrugge - Bremerhaven,SEA,PILOT_TO_PILOT,6,535,20,7,8,TX1,ProdQ4C,52.79623304281512,4.183282023921188,36.47401346275433,12.0,106.95081332819873,156.3423388405819
536,Zeebrugge - Bremerhaven,SEA,PILOT_TO_PILOT,6,536,21,7,8,TX1,ProdQ4C,52.79891457731787,4.186567039545091,36.47401346275433,12.0,107.15116978471778,156.14198238406286
537,Zeebrugge - Bremerhaven,SEA,PILOT_TO_PILOT,6,537,22,7,8,TX1,ProdQ4C,52.801596021105425,4.189852460271681,36.47401346275433,12.0,107.35152624123681,155.94162592754384
538,Zeebrugge - Bremerhaven,SEA,PILOT_TO_PILOT,6,538,23,7,8,TX1,ProdQ4C,52.804277374157806,4.193138286176585,36.47401346275433,12.0,107.55188269775586,155.7412694710248
539,Zeebrugge - Bremerhaven,SEA,PILOT_TO_PILOT,6,539,24,7,8,TX1,ProdQ4C,52.80695863645497,4.196424517335436,36.47401346275433,12.0,107.7522391542749,155.54091301450575
540,Zeebrugge - Bremerhaven,SEA,PILOT_TO_PILOT,6,540,25,7,8,TX1,ProdQ4C,52.80963980797693,4.1997111538238885,36.47401346275433,12.0,107.95259561079395,155.3405565579867
541,Zeebrugge - Bremerhaven,SEA,PILOT_TO_PILOT,6,541,26,7,8,TX1,ProdQ4C,52.812320888703645,4.202998195717604,36.47401346275433,12.0,108.15295206731298,155.14020010146766
542,Zeebrugge - Bremerhaven,SEA,PILOT_TO_PILOT,6,542,27,7,8,TX1,ProdQ4C,52.81500187861512,4.206285643092261,36.47401346275433,12.0,108.35330852383203,154.9398436449486
543,Zeebrugge - Bremerhaven,SEA,PILOT_TO_PILOT,6,543,28,7,8,TX1,ProdQ4C,52.8176827776913,4.209573496023551,36.47401346275433,12.0,108.55366498035107,154.73948718842956
544,Zeebrugge - Bremerhaven,SEA,PILOT_TO_PILOT,6,544,29,7,8,TX1,ProdQ4C,52.820363585912155,4.212861754587179,36.47401346275433,12.0,108.75402143687012,154.53913073191052
545,Zeebrugge - Bremerhaven,SEA,PILOT_TO_PILOT,6,545,30,7,8,TX1,ProdQ4C,52.823044303257646,4.21615041885886,36.47401346275433,12.0,108.95437789338916,154.33877427539147
546,Zeebrugge - Bremerhaven,SEA,PILOT_TO_PILOT,6,546,31,7,8,TX1,ProdQ4C,52.82572492970772,4.219439488914329,36.47401346275433,12.0,109.1547343499082,154.13841781887243
547,Zeebrugge - Bremerhaven,SEA,PILOT_TO_PILOT,6,547,32,7,8,TX1,ProdQ4C,52.828405465242355,4.222728964829331,36.47401346275433,12.0,109.35509080642724,153.93806136235338
548,Zeebrugge - Bremerhaven,SEA,PILOT_TO_PILOT,6,548,33,7,8,TX1,ProdQ4C,52.83108590984147,4.226018846679623,36.47401346275433,12.0,109.55544726294629,153.73770490583433
549,Zeebrugge - Bremerhaven,SEA,PILOT_TO_PILOT,6,549,34,7,8,TX1,ProdQ4C,52.83376626348501,4.229309134540978,36.47401346275433,12.0,109.75580371946533,153.5373484493153
550,Zeebrugge - Bremerhaven,SEA,PILOT_TO_PILOT,6,550,35,7,8,TX1,ProdQ4C,52.83644652615291,4.232599828489182,36.47401346275433,12.0,109.95616017598437,153.33699199279627
551,Zeebrugge - Bremerhaven,SEA,PILOT_TO_PILOT,6,551,36,7,8,TX1,ProdQ4C,52.839126697825115,4.235890928600033,36.47401346275433,12.0,110.15651663250341,153.13663553627723
552,Zeebrugge - Bremerhaven,SEA,PILOT_TO_PILOT,6,552,37,7,8,TX1,ProdQ4C,52.84180677848152,4.2391824349493445,36.47401346275433,12.0,110.35687308902246,152.93627907975818
553,Zeebrugge - Bremerhaven,SEA,PILOT_TO_PILOT,6,553,38,7,8,TX1,ProdQ4C,52.84448676810208,4.2424743476129425,36.47401346275433,12.0,110.5572295455415,152.73592262323913
554,Zeebrugge - Bremerhaven,SEA,PILOT_TO_PILOT,7,554,0,8,9,ProdQ4C,TX3,52.847166666666666,4.2457666666666665,23.996864341608216,12.0,110.75758600206055,152.5355661667201
555,Zeebrugge - Bremerhaven,SEA,PILOT_TO_PILOT,7,555,1,8,9,ProdQ4C,TX3,52.85018906899121,4.2479946327829134,23.996864341608216,12.0,110.9562222563198,152.33692991246085
556,Zeebrugge - Bremerhaven,SEA,PILOT_TO_PILOT,7,556,2,8,9,ProdQ4C,TX3,52.853211429608514,4.250222909155163,23.996864341608216,12.0,111.15485851057906,152.13829365820158
557,Zeebrugge - Bremerhaven,SEA,PILOT_TO_PILOT,7,557,3,8,9,ProdQ4C,TX3,52.8562337485082,4.252451495856347,23.996864341608216,12.0,111.35349476483833,151.9396574039423
558,Zeebrugge - Bremerhaven,SEA,PILOT_TO_PILOT,7,558,4,8,9,ProdQ4C,TX3,52.859256025679876,4.254680392959418,23.996864341608216,12.0,111.55213101909759,151.74102114968304
559,Zeebrugge - Bremerhaven,SEA,PILOT_TO_PILOT,7,559,5,8,9,ProdQ4C,TX3,52.86227826111317,4.256909600537352,23.996864341608216,12.0,111.75076727335684,151.5423848954238
560,Zeebrugge - Bremerhaven,SEA,PILOT_TO_PILOT,7,560,6,8,9,ProdQ4C,TX3,52.865300454797676,4.259139118663136,23.996864341608216,12.0,111.9494035276161,151.34374864116455
561,Zeebrugge - Bremerhaven,SEA,PILOT_TO_PILOT,7,561,7,8,9,ProdQ4C,TX3,52.86832260672303,4.261368947409791,23.996864341608216,12.0,112.14803978187535,151.14511238690528
562,Zeebrugge - Bremerhaven,SEA,PILOT_TO_PILOT,7,562,8,8,9,ProdQ4C,TX3,52.87134471687879,4.263599086850348,23.996864341608216,12.0,112.34667603613462,150.946476132646
563,Zeebrugge - Bremerhaven,SEA,PILOT_TO_PILOT,7,563,9,8,9,ProdQ4C,TX3,52.8743667852546,4.265829537057866,23.996864341608216,12.0,112.54531229039388,150.74783987838674
564,Zeebrugge - Bremerhaven,SEA,PILOT_TO_PILOT,7,564,10,8,9,ProdQ4C,TX3,52.877388811840035,4.26806029810542,23.996864341608216,12.0,112.74394854465314,150.5492036241275
565,Zeebrugge - Bremerhaven,SEA,PILOT_TO_PILOT,7,565,11,8,9,ProdQ4C,TX3,52.8804107966247,4.270291370066107,23.996864341608216,12.0,112.94258479891239,150.35056736986826
566,Zeebrugge - Bremerhaven,SEA,PILOT_TO_PILOT,7,566,12,8,9,ProdQ4C,TX3,52.88343273959818,4.272522753013048,23.996864341608216,12.0,113.14122105317166,150.151931115609
567,Zeebrugge - Bremerhaven,SEA,PILOT_TO_PILOT,7,567,13,8,9,ProdQ4C,TX3,52.88645464075006,4.274754447019378,23.996864341608216,12.0,113.33985730743092,149.95329486134972
568,Zeebrugge - Bremerhaven,SEA,PILOT_TO_PILOT,7,568,14,8,9,ProdQ4C,TX3,52.88947650006993,4.276986452158258,23.996864341608216,12.0,113.53849356169017,149.75465860709045
569,Zeebrugge - Bremerhaven,SEA,PILOT_TO_PILOT,7,569,15,8,9,ProdQ4C,TX3,52.89249831754738,4.27921876850287,23.996864341608216,12.0,113.73712981594943,149.5560223528312
570,Zeebrugge - Bremerhaven,SEA,PILOT_TO_PILOT,7,570,16,8,9,ProdQ4C,TX3,52.89552009317197,4.281451396126417,23.996864341608216,12.0,113.93576607020869,149.35738609857196
571,Zeebrugge - Bremerhaven,SEA,PILOT_TO_PILOT,7,571,17,8,9,ProdQ4C,TX3,52.89854182693329,4.283684335102114,23.996864341608216,12.0,114.13440232446796,149.1587498443127
572,Zeebrugge - Bremerhaven,SEA,PILOT_TO_PILOT,7,572,18,8,9,ProdQ4C,TX3,52.90156351882091,4.28591758550321,23.996864341608216,12.0,114.33303857872721,148.96011359005342
573,Zeebrugge - Bremerhaven,SEA,PILOT_TO_PILOT,7,573,19,8,9,ProdQ4C,TX3,52.90458516882438,4.288151147402968,23.996864341608216,12.0,114.53167483298647,148.76147733579415
574,Zeebrugge - Bremerhaven,SEA,PILOT_TO_PILOT,7,574,20,8,9,ProdQ4C,TX3,52.9076067769333,4.2903850208746706,23.996864341608216,12.0,114.73031108724572,148.5628410815349
575,Zeebrugge - Bremerhaven,SEA,PILOT_TO_PILOT,7,575,21,8,9,ProdQ4C,TX3,52.910628343137205,4.292619205991624,23.996864341608216,12.0,114.928947341505,148.36420482727564
576,Zeebrugge - Bremerhaven,SEA,PILOT_TO_PILOT,7,576,22,8,9,ProdQ4C,TX3,52.913649867425654,4.294853702827152,23.996864341608216,12.0,115.12758359576425,148.1655685730164
577,Zeebrugge - Bremerhaven,SEA,PILOT_TO_PILOT,7,577,23,8,9,ProdQ4C,TX3,52.91667134978822,4.297088511454606,23.996864341608216,12.0,115.3262198500235,147.96693231875713
578,Zeebrugge - Bremerhaven,SEA,PILOT_TO_PILOT,7,578,24,8,9,ProdQ4C,TX3,52.91969279021444,4.299323631947352,23.996864341608216,12.0,115.52485610428276,147.76829606449786
579,Zeebrugge - Bremerhaven,SEA,PILOT_TO_PILOT,7,579,25,8,9,ProdQ4C,TX3,52.92271418869387,4.301559064378774,23.996864341608216,12.0,115.72349235854202,147.56965981023862
580,Zeebrugge - Bremerhaven,SEA,PILOT_TO_PILOT,7,580,26,8,9,ProdQ4C,TX3,52.92573554521605,4.30379480882229,23.996864341608216,12.0,115.92212861280129,147.37102355597935
581,Zeebrugge - Bremerhaven,SEA,PILOT_TO_PILOT,7,581,27,8,9,ProdQ4C,TX3,52.92875685977052,4.306030865351325,23.996864341608216,12.0,116.12076486706054,147.1723873017201
582,Zeebrugge - Bremerhaven,SEA,PILOT_TO_PILOT,7,582,28,8,9,ProdQ4C,TX3,52.93177813234685,4.308267234039328,23.996864341608216,12.0,116.3194011213198,146.97375104746084
583,Zeebrugge - Bremerhaven,SEA,PILOT_TO_PILOT,7,583,29,8,9,ProdQ4C,TX3,52.93479936293454,4.310503914959775,23.996864341608216,12.0,116.51803737557906,146.77511479320157
584,Zeebrugge - Bremerhaven,SEA,PILOT_TO_PILOT,7,584,30,8,9,ProdQ4C,TX3,52.93782055152313,4.312740908186159,23.996864341608216,12.0,116.71667362983831,146.57647853894233
585,Zeebrugge - Bremerhaven,SEA,PILOT_TO_PILOT,7,585,31,8,9,ProdQ4C,TX3,52.94084169810217,4.314978213791992,23.996864341608216,12.0,116.91530988409758,146.37784228468306
586,Zeebrugge - Bremerhaven,SEA,PILOT_TO_PILOT,7,586,32,8,9,ProdQ4C,TX3,52.943862802661165,4.31721583185081,23.996864341608216,12.0,117.11394613835684,146.1792060304238
587,Zeebrugge - Bremerhaven,SEA,PILOT_TO_PILOT,7,587,33,8,9,ProdQ4C,TX3,52.946883865189655,4.319453762436166,23.996864341608216,12.0,117.3125823926161,145.98056977616454
588,Zeebrugge - Bremerhaven,SEA,PILOT_TO_PILOT,7,588,34,8,9,ProdQ4C,TX3,52.949904885677135,4.321692005621639,23.996864341608216,12.0,117.51121864687535,145.78193352190527
589,Zeebrugge - Bremerhaven,SEA,PILOT_TO_PILOT,7,589,35,8,9,ProdQ4C,TX3,52.95292586411314,4.323930561480826,23.996864341608216,12.0,117.7098549011346,145.58329726764603
590,Zeebrugge - Bremerhaven,SEA,PILOT_TO_PILOT,7,590,36,8,9,ProdQ4C,TX3,52.95594680048719,4.326169430087345,23.996864341608216,12.0,117.90849115539388,145.38466101338676
591,Zeebrugge - Bremerhaven,SEA,PILOT_TO_PILOT,7,591,37,8,9,ProdQ4C,TX3,52.95896769478878,4.328408611514835,23.996864341608216,12.0,118.10712740965313,145.18602475912752
592,Zeebrugge - Bremerhaven,SEA,PILOT_TO_PILOT,7,592,38,8,9,ProdQ4C,TX3,52.96198854700742,4.330648105836955,23.996864341608216,12.0,118.30576366391239,144.98738850486825
593,Zeebrugge - Bremerhaven,SEA,PILOT_TO_PILOT,7,593,39,8,9,ProdQ4C,TX3,52.96500935713263,4.33288791312739,23.996864341608216,12.0,118.50439991817164,144.78875225060898
594,Zeebrugge - Bremerhaven,SEA,PILOT_TO_PILOT,7,594,40,8,9,ProdQ4C,TX3,52.96803012515388,4.335128033459838,23.996864341608216,12.0,118.70303617243091,144.5901159963497
595,Zeebrugge - Bremerhaven,SEA,PILOT_TO_PILOT,7,595,41,8,9,ProdQ4C,TX3,52.9710508510607,4.337368466908024,23.996864341608216,12.0,118.90167242669017,144.39147974209047
596,Zeebrugge - Bremerhaven,SEA,PILOT_TO_PILOT,7,596,42,8,9,ProdQ4C,TX3,52.974071534842565,4.339609213545691,23.996864341608216,12.0,119.10030868094942,144.19284348783123
597,Zeebrugge - Bremerhaven,SEA,PILOT_TO_PILOT,7,597,43,8,9,ProdQ4C,TX3,52.977092176488966,4.341850273446603,23.996864341608216,12.0,119.29894493520868,143.99420723357196
598,Zeebrugge - Bremerhaven,SEA,PILOT_TO_PILOT,7,598,44,8,9,ProdQ4C,TX3,52.9801127759894,4.344091646684548,23.996864341608216,12.0,119.49758118946795,143.79557097931269
599,Zeebrugge - Bremerhaven,SEA,PILOT_TO_PILOT,8,599,0,9,10,TX3,VL1,52.983133333333335,4.346333333333333,31.97006949288368,12.0,119.6962174437272,143.59693472505342
600,Zeebrugge - Bremerhaven,SEA,PILOT_TO_PILOT,8,600,1,9,10,TX3,VL1,52.98595172880125,4.349255381818797,31.97006949288368,12.0,119.89569281237837,143.39745935640227
601,Zeebrugge - Bremerhaven,SEA,PILOT_TO_PILOT,8,601,2,9,10,TX3,VL1,52.988770052624886,4.352177811618994,31.97006949288368,12.0,120.09516818102952,143.19798398775112
602,Zeebrugge - Bremerhaven,SEA,PILOT_TO_PILOT,8,602,3,9,10,TX3,VL1,52.99158830478754,4.355100622813017,31.97006949288368,12.0,120.29464354968069,142.99850861909994
603,Zeebrugge - Bremerhaven,SEA,PILOT_TO_PILOT,8,603,4,9,10,TX3,VL1,52.99440648527257,4.358023815479975,31.97006949288368,12.0,120.49411891833184,142.79903325044882
604,Zeebrugge - Bremerhaven,SEA,PILOT_TO_PILOT,8,604,5,9,10,TX3,VL1,52.99722459406324,4.360947389698995,31.97006949288368,12.0,120.693594286983,142.59955788179764
605,Zeebrugge - Bremerhaven,SEA,PILOT_TO_PILOT,8,605,6,9,10,TX3,VL1,53.0000426311429,4.363871345549225,31.97006949288368,12.0,120.89306965563415,142.4000825131465
606,Zeebrugge - Bremerhaven,SEA,PILOT_TO_PILOT,8,606,7,9,10,TX3,VL1,53.002860596494784,4.366795683109826,31.97006949288368,12.0,121.09254502428531,142.20060714449534
607,Zeebrugge - Bremerhaven,SEA,PILOT_TO_PILOT,8,607,8,9,10,TX3,VL1,53.00567849010224,4.369720402459981,31.97006949288368,12.0,121.29202039293646,142.00113177584416
608,Zeebrugge - Bremerhaven,SEA,PILOT_TO_PILOT,8,608,9,9,10,TX3,VL1,53.00849631194856,4.37264550367889,31.97006949288368,12.0,121.49149576158763,141.801656407193
609,Zeebrugge - Bremerhaven,SEA,PILOT_TO_PILOT,8,609,10,9,10,TX3,VL1,53.011314062016986,4.375570986845766,31.97006949288368,12.0,121.69097113023878,141.60218103854186
610,Zeebrugge - Bremerhaven,SEA,PILOT_TO_PILOT,8,610,11,9,10,TX3,VL1,53.014131740290836,4.378496852039848,31.97006949288368,12.0,121.89044649888994,141.40270566989068
611,Zeebrugge - Bremerhaven,SEA,PILOT_TO_PILOT,8,611,12,9,10,TX3,VL1,53.01694934675338,4.381423099340387,31.97006949288368,12.0,122.08992186754111,141.20323030123953
612,Zeebrugge - Bremerhaven,SEA,PILOT_TO_PILOT,8,612,13,9,10,TX3,VL1,53.01976688138787,4.384349728826654,31.97006949288368,12.0,122.28939723619226,141.00375493258838
613,Zeebrugge - Bremerhaven,SEA,PILOT_TO_PILOT,8,613,14,9,10,TX3,VL1,53.02258434417759,4.387276740577938,31.97006949288368,12.0,122.48887260484342,140.8042795639372
614,Zeebrugge - Bremerhaven,SEA,PILOT_TO_PILOT,8,614,15,9,10,TX3,VL1,53.0254017351058,4.390204134673545,31.97006949288368,12.0,122.68834797349457,140.60480419528608
615,Zeebrugge - Bremerhaven,SEA,PILOT_TO_PILOT,8,615,16,9,10,TX3,VL1,53.028219054155755,4.393131911192799,31.97006949288368,12.0,122.88782334214574,140.4053288266349
616,Zeebrugge - Bremerhaven,SEA,PILOT_TO_PILOT,8,616,17,9,10,TX3,VL1,53.031036301310714,4.396060070215043,31.97006949288368,12.0,123.08729871079689,140.20585345798375
617,Zeebrugge - Bremerhaven,SEA,PILOT_TO_PILOT,8,617,18,9,10,TX3,VL1,53.033853476553915,4.398988611819635,31.97006949288368,12.0,123.28677407944805,140.0063780893326
618,Zeebrugge - Bremerhaven,SEA,PILOT_TO_PILOT,8,618,19,9,10,TX3,VL1,53.036670579868606,4.401917536085955,31.97006949288368,12.0,123.4862494480992,139.80690272068142
619,Zeebrugge - Bremerhaven,SEA,PILOT_TO_PILOT,8,619,20,9,10,TX3,VL1,53.03948761123803,4.404846843093399,31.97006949288368,12.0,123.68572481675037,139.60742735203027
620,Zeebrugge - Bremerhaven,SEA,PILOT_TO_PILOT,8,620,21,9,10,TX3,VL1,53.04230457064541,4.407776532921379,31.97006949288368,12.0,123.88520018540152,139.40795198337912
621,Zeebrugge - Bremerhaven,SEA,PILOT_TO_PILOT,8,621,22,9,10,TX3,VL1,53.045121458074,4.410706605649328,31.97006949288368,12.0,124.08467555405268,139.20847661472794
622,Zeebrugge - Bremerhaven,SEA,PILOT_TO_PILOT,8,622,23,9,10,TX3,VL1,53.04793827350699,4.413637061356696,31.97006949288368,12.0,124.28415092270384,139.0090012460768
623,Zeebrugge - Bremerhaven,SEA,PILOT_TO_PILOT,8,623,24,9,10,TX3,VL1,53.05075501692763,4.416567900122949,31.97006949288368,12.0,124.483626291355,138.80952587742564
624,Zeebrugge - Bremerhaven,SEA,PILOT_TO_PILOT,8,624,25,9,10,TX3,VL1,53.05357168831912,4.419499122027572,31.97006949288368,12.0,124.68310166000616,138.61005050877446
625,Zeebrugge - Bremerhaven,SEA,PILOT_TO_PILOT,8,625,26,9,10,TX3,VL1,53.056388287664674,4.422430727150069,31.97006949288368,12.0,124.88257702865731,138.41057514012334
626,Zeebrugge - Bremerhaven,SEA,PILOT_TO_PILOT,8,626,27,9,10,TX3,VL1,53.059204814947506,4.425362715569963,31.97006949288368,12.0,125.08205239730847,138.21109977147216
627,Zeebrugge - Bremerhaven,SEA,PILOT_TO_PILOT,8,627,28,9,10,TX3,VL1,53.0620212701508,4.42829508736679,31.97006949288368,12.0,125.28152776595962,138.011624402821
628,Zeebrugge - Bremerhaven,SEA,PILOT_TO_PILOT,8,628,29,9,10,TX3,VL1,53.06483765325777,4.4312278426201095,31.97006949288368,12.0,125.48100313461079,137.81214903416986
629,Zeebrugge - Bremerhaven,SEA,PILOT_TO_PILOT,8,629,30,9,10,TX3,VL1,53.0676539642516,4.434160981409494,31.97006949288368,12.0,125.68047850326194,137.61267366551868
630,Zeebrugge - Bremerhaven,SEA,PILOT_TO_PILOT,8,630,31,9,10,TX3,VL1,53.070470203115484,4.437094503814539,31.97006949288368,12.0,125.8799538719131,137.41319829686753
631,Zeebrugge - Bremerhaven,SEA,PILOT_TO_PILOT,8,631,32,9,10,TX3,VL1,53.0732863698326,4.440028409914853,31.97006949288368,12.0,126.07942924056425,137.21372292821638
632,Zeebrugge - Bremerhaven,SEA,PILOT_TO_PILOT,8,632,33,9,10,TX3,VL1,53.07610246438613,4.442962699790066,31.97006949288368,12.0,126.27890460921542,137.0142475595652
633,Zeebrugge - Bremerhaven,SEA,PILOT_TO_PILOT,8,633,34,9,10,TX3,VL1,53.078918486759235,4.445897373519826,31.97006949288368,12.0,126.47837997786657,136.81477219091408
634,Zeebrugge - Bremerhaven,SEA,PILOT_TO_PILOT,8,634,35,9,10,TX3,VL1,53.0817344369351,4.448832431183796,31.97006949288368,12.0,126.67785534651773,136.6152968222629
635,Zeebrugge - Bremerhaven,SEA,PILOT_TO_PILOT,8,635,36,9,10,TX3,VL1,53.084550314896894,4.451767872861658,31.97006949288368,12.0,126.8773307151689,136.41582145361173
636,Zeebrugge - Bremerhaven,SEA,PILOT_TO_PILOT,8,636,37,9,10,TX3,VL1,53.08736612062776,4.454703698633113,31.97006949288368,12.0,127.07680608382005,136.2163460849606
637,Zeebrugge - Bremerhaven,SEA,PILOT_TO_PILOT,8,637,38,9,10,TX3,VL1,53.090181854110845,4.457639908577881,31.97006949288368,12.0,127.27628145247121,136.01687071630943
638,Zeebrugge - Bremerhaven,SEA,PILOT_TO_PILOT,8,638,39,9,10,TX3,VL1,53.09299751532933,4.460576502775697,31.97006949288368,12.0,127.47575682112236,135.81739534765828
639,Zeebrugge - Bremerhaven,SEA,PILOT_TO_PILOT,8,639,40,9,10,TX3,VL1,53.09581310426634,4.4635134813063155,31.97006949288368,12.0,127.67523218977352,135.61791997900713
640,Zeebrugge - Bremerhaven,SEA,PILOT_TO_PILOT,8,640,41,9,10,TX3,VL1,53.098628620905025,4.4664508442495094,31.97006949288368,12.0,127.87470755842467,135.41844461035595
641,Zeebrugge - Bremerhaven,SEA,PILOT_TO_PILOT,8,641,42,9,10,TX3,VL1,53.10144406522851,4.469388591685069,31.97006949288368,12.0,128.07418292707584,135.2189692417048
642,Zeebrugge - Bremerhaven,SEA,PILOT_TO_PILOT,8,642,43,9,10,TX3,VL1,53.10425943721994,4.472326723692802,31.97006949288368,12.0,128.273658295727,135.01949387305365
643,Zeebrugge - Bremerhaven,SEA,PILOT_TO_PILOT,8,643,44,9,10,TX3,VL1,53.10707473686243,4.475265240352536,31.97006949288368,12.0,128.47313366437814,134.8200185044025
644,Zeebrugge - Bremerhaven,SEA,PILOT_TO_PILOT,8,644,45,9,10,TX3,VL1,53.1098899641391,4.478204141744115,31.97006949288368,12.0,128.67260903302932,134.62054313575132
645,Zeebrugge - Bremerhaven,SEA,PILOT_TO_PILOT,8,645,46,9,10,TX3,VL1,53.11270511903308,4.4811434279474,31.97006949288368,12.0,128.87208440168047,134.42106776710017
646,Zeebrugge - Bremerhaven,SEA,PILOT_TO_PILOT,8,646,47,9,10,TX3,VL1,53.11552020152749,4.484083099042272,31.97006949288368,12.0,129.07155977033162,134.22159239844902
647,Zeebrugge - Bremerhaven,SEA,PILOT_TO_PILOT,8,647,48,9,10,TX3,VL1,53.11833521160541,4.48702315510863,31.97006949288368,12.0,129.27103513898277,134.02211702979787
648,Zeebrugge - Bremerhaven,SEA,PILOT_TO_PILOT,8,648,49,9,10,TX3,VL1,53.121150149249964,4.48996359622639,31.97006949288368,12.0,129.47051050763395,133.8226416611467
649,Zeebrugge - Bremerhaven,SEA,PILOT_TO_PILOT,8,649,50,9,10,TX3,VL1,53.12396501444425,4.492904422475487,31.97006949288368,12.0,129.6699858762851,133.62316629249554
650,Zeebrugge - Bremerhaven,SEA,PILOT_TO_PILOT,8,650,51,9,10,TX3,VL1,53.12677980717136,4.49584563393587,31.97006949288368,12.0,129.86946124493625,133.4236909238444
651,Zeebrugge - Bremerhaven,SEA,PILOT_TO_PILOT,8,651,52,9,10,TX3,VL1,53.12959452741437,4.498787230687513,31.97006949288368,12.0,130.06893661358743,133.2242155551932
652,Zeebrugge - Bremerhaven,SEA,PILOT_TO_PILOT,8,652,53,9,10,TX3,VL1,53.13240917515639,4.501729212810402,31.97006949288368,12.0,130.26841198223858,133.02474018654206
653,Zeebrugge - Bremerhaven,SEA,PILOT_TO_PILOT,8,653,54,9,10,TX3,VL1,53.13522375038048,4.504671580384546,31.97006949288368,12.0,130.46788735088973,132.8252648178909
654,Zeebrugge - Bremerhaven,SEA,PILOT_TO_PILOT,8,654,55,9,10,TX3,VL1,53.138038253069716,4.5076143334899665,31.97006949288368,12.0,130.66736271954088,132.62578944923976
655,Zeebrugge - Bremerhaven,SEA,PILOT_TO_PILOT,8,655,56,9,10,TX3,VL1,53.14085268320719,4.510557472206707,31.97006949288368,12.0,130.86683808819205,132.42631408058858
656,Zeebrugge - Bremerhaven,SEA,PILOT_TO_PILOT,8,656,57,9,10,TX3,VL1,53.14366704077594,4.513500996614828,31.97006949288368,12.0,131.0663134568432,132.22683871193743
657,Zeebrugge - Bremerhaven,SEA,PILOT_TO_PILOT,8,657,58,9,10,TX3,VL1,53.14648132575905,4.516444906794407,31.97006949288368,12.0,131.26578882549435,132.02736334328628
658,Zeebrugge - Bremerhaven,SEA,PILOT_TO_PILOT,8,658,59,9,10,TX3,VL1,53.14929553813956,4.5193892028255425,31.97006949288368,12.0,131.4652641941455,131.82788797463513
659,Zeebrugge - Bremerhaven,SEA,PILOT_TO_PILOT,8,659,60,9,10,TX3,VL1,53.152109677900526,4.522333884788346,31.97006949288368,12.0,131.66473956279668,131.62841260598395
660,Zeebrugge - Bremerhaven,SEA,PILOT_TO_PILOT,8,660,61,9,10,TX3,VL1,53.154923745025,4.525278952762953,31.97006949288368,12.0,131.86421493144783,131.4289372373328
661,Zeebrugge - Bremerhaven,SEA,PILOT_TO_PILOT,8,661,62,9,10,TX3,VL1,53.15773773949603,4.528224406829514,31.97006949288368,12.0,132.06369030009898,131.22946186868165
662,Zeebrugge - Bremerhaven,SEA,PILOT_TO_PILOT,8,662,63,9,10,TX3,VL1,53.16055166129663,4.531170247068194,31.97006949288368,12.0,132.26316566875016,131.02998650003047
663,Zeebrugge - Bremerhaven,SEA,PILOT_TO_PILOT,8,663,64,9,10,TX3,VL1,53.163365510409854,4.534116473559184,31.97006949288368,12.0,132.4626410374013,130.83051113137932
664,Zeebrugge - Bremerhaven,SEA,PILOT_TO_PILOT,8,664,65,9,10,TX3,VL1,53.166179286818725,4.537063086382685,31.97006949288368,12.0,132.66211640605246,130.63103576272817
665,Zeebrugge - Bremerhaven,SEA,PILOT_TO_PILOT,8,665,66,9,10,TX3,VL1,53.16899299050627,4.540010085618923,31.97006949288368,12.0,132.8615917747036,130.43156039407702
666,Zeebrugge - Bremerhaven,SEA,PILOT_TO_PILOT,8,666,67,9,10,TX3,VL1,53.171806621455495,4.542957471348138,31.97006949288368,12.0,133.0610671433548,130.23208502542585
667,Zeebrugge - Bremerhaven,SEA,PILOT_TO_PILOT,8,667,68,9,10,TX3,VL1,53.17462017964944,4.545905243650586,31.97006949288368,12.0,133.26054251200594,130.0326096567747
668,Zeebrugge - Bremerhaven,SEA,PILOT_TO_PILOT,8,668,69,9,10,TX3,VL1,53.17743366507108,4.548853402606548,31.97006949288368,12.0,133.4600178806571,129.83313428812355
669,Zeebrugge - Bremerhaven,SEA,PILOT_TO_PILOT,8,669,70,9,10,TX3,VL1,53.18024707770345,4.551801948296316,31.97006949288368,12.0,133.65949324930824,129.6336589194724
670,Zeebrugge - Bremerhaven,SEA,PILOT_TO_PILOT,8,670,71,9,10,TX3,VL1,53.18306041752953,4.554750880800206,31.97006949288368,12.0,133.85896861795942,129.43418355082122
671,Zeebrugge - Bremerhaven,SEA,PILOT_TO_PILOT,8,671,72,9,10,TX3,VL1,53.185873684532325,4.557700200198548,31.97006949288368,12.0,134.05844398661057,129.23470818217007
672,Zeebrugge - Bremerhaven,SEA,PILOT_TO_PILOT,8,672,73,9,10,TX3,VL1,53.18868687869482,4.5606499065716894,31.97006949288368,12.0,134.25791935526172,129.03523281351892
673,Zeebrugge - Bremerhaven,SEA,PILOT_TO_PILOT,9,673,0,10,11,VL1,VL5,53.191500000000005,4.5636,24.97469685925438,12.0,134.4573947239129,128.83575744486774
674,Zeebrugge - Bremerhaven,SEA,PILOT_TO_PILOT,9,674,1,10,11,VL1,VL5,53.19451918419212,4.5659472810339645,24.97469685925438,12.0,134.65736793557227,128.63578423320837
675,Zeebrugge - Bremerhaven,SEA,PILOT_TO_PILOT,9,675,2,10,11,VL1,VL5,53.19753832224993,4.568294892700499,24.97469685925438,12.0,134.8573411472316,128.43581102154903
676,Zeebrugge - Bremerhaven,SEA,PILOT_TO_PILOT,9,676,3,10,11,VL1,VL5,53.20055741416189,4.570642835077453,24.97469685925438,12.0,135.05731435889098,128.23583780988966
677,Zeebrugge - Bremerhaven,SEA,PILOT_TO_PILOT,9,677,4,10,11,VL1,VL5,53.20357645991639,4.572991108242691,24.97469685925438,12.0,135.25728757055032,128.03586459823032
678,Zeebrugge - Bremerhaven,SEA,PILOT_TO_PILOT,9,678,5,10,11,VL1,VL5,53.20659545950188,4.575339712274113,24.97469685925438,12.0,135.4572607822097,127.83589138657095
679,Zeebrugge - Bremerhaven,SEA,PILOT_TO_PILOT,9,679,6,10,11,VL1,VL5,53.2096144129068,4.577688647249629,24.97469685925438,12.0,135.65723399386906,127.63591817491158
680,Zeebrugge - Bremerhaven,SEA,PILOT_TO_PILOT,9,680,7,10,11,VL1,VL5,53.21263332011952,4.580037913247176,24.97469685925438,12.0,135.8572072055284,127.43594496325224
681,Zeebrugge - Bremerhaven,SEA,PILOT_TO_PILOT,9,681,8,10,11,VL1,VL5,53.21565218112849,4.58238751034471,24.97469685925438,12.0,136.05718041718777,127.23597175159287
682,Zeebrugge - Bremerhaven,SEA,PILOT_TO_PILOT,9,682,9,10,11,VL1,VL5,53.21867099592211,4.584737438620215,24.97469685925438,12.0,136.2571536288471,127.03599853993353
683,Zeebrugge - Bremerhaven,SEA,PILOT_TO_PILOT,9,683,10,10,11,VL1,VL5,53.22168976448879,4.587087698151692,24.97469685925438,12.0,136.45712684050648,126.83602532827416
684,Zeebrugge - Bremerhaven,SEA,PILOT_TO_PILOT,9,684,11,10,11,VL1,VL5,53.22470848681694,4.589438289017164,24.97469685925438,12.0,136.65710005216582,126.63605211661482
685,Zeebrugge - Bremerhaven,SEA,PILOT_TO_PILOT,9,685,12,10,11,VL1,VL5,53.22772716289492,4.591789211294677,24.97469685925438,12.0,136.85707326382519,126.43607890495545
686,Zeebrugge - Bremerhaven,SEA,PILOT_TO_PILOT,9,686,13,10,11,VL1,VL5,53.23074579271118,4.594140465062302,24.97469685925438,12.0,137.05704647548455,126.23610569329608
687,Zeebrugge - Bremerhaven,SEA,PILOT_TO_PILOT,9,687,14,10,11,VL1,VL5,53.2337643762541,4.596492050398125,24.97469685925438,12.0,137.2570196871439,126.03613248163674
688,Zeebrugge - Bremerhaven,SEA,PILOT_TO_PILOT,9,688,15,10,11,VL1,VL5,53.23678291351204,4.598843967380262,24.97469685925438,12.0,137.45699289880326,125.83615926997737
689,Zeebrugge - Bremerhaven,SEA,PILOT_TO_PILOT,9,689,16,10,11,VL1,VL5,53.23980140447341,4.601196216086846,24.97469685925438,12.0,137.6569661104626,125.63618605831803
690,Zeebrugge - Bremerhaven,SEA,PILOT_TO_PILOT,9,690,17,10,11,VL1,VL5,53.24281984912658,4.603548796596032,24.97469685925438,12.0,137.85693932212197,125.43621284665866
691,Zeebrugge - Bremerhaven,SEA,PILOT_TO_PILOT,9,691,18,10,11,VL1,VL5,53.24583824745996,4.605901708986002,24.97469685925438,12.0,138.05691253378134,125.2362396349993
692,Zeebrugge - Bremerhaven,SEA,PILOT_TO_PILOT,9,692,19,10,11,VL1,VL5,53.24885659946188,4.608254953334952,24.97469685925438,12.0,138.25688574544068,125.03626642333995
693,Zeebrugge - Bremerhaven,SEA,PILOT_TO_PILOT,9,693,20,10,11,VL1,VL5,53.25187490512074,4.610608529721108,24.97469685925438,12.0,138.45685895710005,124.83629321168058
694,Zeebrugge - Bremerhaven,SEA,PILOT_TO_PILOT,9,694,21,10,11,VL1,VL5,53.254893164424885,4.612962438222714,24.97469685925438,12.0,138.6568321687594,124.63632000002124
695,Zeebrugge - Bremerhaven,SEA,PILOT_TO_PILOT,9,695,22,10,11,VL1,VL5,53.25791137736271,4.6153166789180355,24.97469685925438,12.0,138.85680538041876,124.43634678836187
696,Zeebrugge - Bremerhaven,SEA,PILOT_TO_PILOT,9,696,23,10,11,VL1,VL5,53.260929543922536,4.617671251885363,24.97469685925438,12.0,139.05677859207813,124.2363735767025
697,Zeebrugge - Bremerhaven,SEA,PILOT_TO_PILOT,9,697,24,10,11,VL1,VL5,53.263947664092754,4.620026157203008,24.97469685925438,12.0,139.25675180373747,124.03640036504316
698,Zeebrugge - Bremerhaven,SEA,PILOT_TO_PILOT,9,698,25,10,11,VL1,VL5,53.2669657378617,4.622381394949302,24.97469685925438,12.0,139.45672501539684,123.8364271533838
699,Zeebrugge - Bremerhaven,SEA,PILOT_TO_PILOT,9,699,26,10,11,VL1,VL5,53.26998376521773,4.624736965202599,24.97469685925438,12.0,139.65669822705618,123.63645394172445
700,Zeebrugge - Bremerhaven,SEA,PILOT_TO_PILOT,9,700,27,10,11,VL1,VL5,53.27300174614919,4.627092868041279,24.97469685925438,12.0,139.85667143871555,123.43648073006509
701,Zeebrugge - Bremerhaven,SEA,PILOT_TO_PILOT,9,701,28,10,11,VL1,VL5,53.27601968064441,4.62944910354374,24.97469685925438,12.0,140.0566446503749,123.23650751840574
702,Zeebrugge - Bremerhaven,SEA,PILOT_TO_PILOT,9,702,29,10,11,VL1,VL5,53.27903756869175,4.631805671788405,24.97469685925438,12.0,140.25661786203426,123.03653430674638
703,Zeebrugge - Bremerhaven,SEA,PILOT_TO_PILOT,9,703,30,10,11,VL1,VL5,53.28205541027952,4.6341625728537155,24.97469685925438,12.0,140.45659107369363,122.836561095087
704,Zeebrugge - Bremerhaven,SEA,PILOT_TO_PILOT,9,704,31,10,11,VL1,VL5,53.28507320539606,4.636519806818138,24.97469685925438,12.0,140.65656428535297,122.63658788342767
705,Zeebrugge - Bremerhaven,SEA,PILOT_TO_PILOT,9,705,32,10,11,VL1,VL5,53.288090954029705,4.638877373760164,24.97469685925438,12.0,140.85653749701234,122.4366146717683
706,Zeebrugge - Bremerhaven,SEA,PILOT_TO_PILOT,9,706,33,10,11,VL1,VL5,53.29110865616878,4.6412352737583005,24.97469685925438,12.0,141.05651070867168,122.23664146010896
707,Zeebrugge - Bremerhaven,SEA,PILOT_TO_PILOT,9,707,34,10,11,VL1,VL5,53.2941263118016,4.6435935068910785,24.97469685925438,12.0,141.25648392033105,122.03666824844959
708,Zeebrugge - Bremerhaven,SEA,PILOT_TO_PILOT,9,708,35,10,11,VL1,VL5,53.297143920916476,4.645952073237056,24.97469685925438,12.0,141.45645713199042,121.83669503679022
709,Zeebrugge - Bremerhaven,SEA,PILOT_TO_PILOT,9,709,36,10,11,VL1,VL5,53.300161483501725,4.648310972874807,24.97469685925438,12.0,141.65643034364976,121.63672182513088
710,Zeebrugge - Bremerhaven,SEA,PILOT_TO_PILOT,9,710,37,10,11,VL1,VL5,53.303178999545665,4.650670205882933,24.97469685925438,12.0,141.85640355530913,121.43674861347151
711,Zeebrugge - Bremerhaven,SEA,PILOT_TO_PILOT,9,711,38,10,11,VL1,VL5,53.30619646903659,4.653029772340053,24.97469685925438,12.0,142.05637676696847,121.23677540181217
712,Zeebrugge - Bremerhaven,SEA,PILOT_TO_PILOT,9,712,39,10,11,VL1,VL5,53.309213891962806,4.6553896723248105,24.97469685925438,12.0,142.25634997862784,121.0368021901528
713,Zeebrugge - Bremerhaven,SEA,PILOT_TO_PILOT,9,713,40,10,11,VL1,VL5,53.312231268312615,4.657749905915874,24.97469685925438,12.0,142.4563231902872,120.83682897849343
714,Zeebrugge - Bremerhaven,SEA,PILOT_TO_PILOT,9,714,41,10,11,VL1,VL5,53.315248598074305,4.660110473191929,24.97469685925438,12.0,142.65629640194655,120.63685576683409
715,Zeebrugge - Bremerhaven,SEA,PILOT_TO_PILOT,9,715,42,10,11,VL1,VL5,53.31826588123618,4.662471374231685,24.97469685925438,12.0,142.85626961360592,120.43688255517472
716,Zeebrugge - Bremerhaven,SEA,PILOT_TO_PILOT,9,716,43,10,11,VL1,VL5,53.32128311778651,4.664832609113874,24.97469685925438,12.0,143.05624282526526,120.23690934351538
717,Zeebrugge - Bremerhaven,SEA,PILOT_TO_PILOT,9,717,44,10,11,VL1,VL5,53.324300307713585,4.667194177917252,24.97469685925438,12.0,143.25621603692463,120.03693613185601
718,Zeebrugge - Bremerhaven,SEA,PILOT_TO_PILOT,9,718,45,10,11,VL1,VL5,53.3273174510057,4.6695560807205965,24.97469685925438,12.0,143.456189248584,119.83696292019664
719,Zeebrugge - Bremerhaven,SEA,PILOT_TO_PILOT,9,719,46,10,11,VL1,VL5,53.330334547651105,4.671918317602704,24.97469685925438,12.0,143.65616246024334,119.6369897085373
720,Zeebrugge - Bremerhaven,SEA,PILOT_TO_PILOT,9,720,47,10,11,VL1,VL5,53.3333515976381,4.674280888642398,24.97469685925438,12.0,143.8561356719027,119.43701649687793
721,Zeebrugge - Bremerhaven,SEA,PILOT_TO_PILOT,9,721,48,10,11,VL1,VL5,53.33636860095493,4.676643793918521,24.97469685925438,12.0,144.05610888356205,119.23704328521859
722,Zeebrugge - Bremerhaven,SEA,PILOT_TO_PILOT,9,722,49,10,11,VL1,VL5,53.33938555758987,4.67900703350994,24.97469685925438,12.0,144.25608209522142,119.03707007355922
723,Zeebrugge - Bremerhaven,SEA,PILOT_TO_PILOT,9,723,50,10,11,VL1,VL5,53.342402467531194,4.681370607495541,24.97469685925438,12.0,144.45605530688076,118.83709686189988
724,Zeebrugge - Bremerhaven,SEA,PILOT_TO_PILOT,9,724,51,10,11,VL1,VL5,53.34541933076714,4.683734515954238,24.97469685925438,12.0,144.65602851854013,118.63712365024051
725,Zeebrugge - Bremerhaven,SEA,PILOT_TO_PILOT,9,725,52,10,11,VL1,VL5,53.34843614728599,4.686098758964959,24.97469685925438,12.0,144.8560017301995,118.43715043858114
726,Zeebrugge - Bremerhaven,SEA,PILOT_TO_PILOT,9,726,53,10,11,VL1,VL5,53.35145291707596,4.688463336606663,24.97469685925438,12.0,145.05597494185884,118.2371772269218
727,Zeebrugge - Bremerhaven,SEA,PILOT_TO_PILOT,9,727,54,10,11,VL1,VL5,53.35446964012532,4.690828248958326,24.97469685925438,12.0,145.2559481535182,118.03720401526243
728,Zeebrugge - Bremerhaven,SEA,PILOT_TO_PILOT,9,728,55,10,11,VL1,VL5,53.35748631642232,4.693193496098947,24.97469685925438,12.0,145.45592136517755,117.83723080360309
729,Zeebrugge - Bremerhaven,SEA,PILOT_TO_PILOT,9,729,56,10,11,VL1,VL5,53.36050294595517,4.695559078107548,24.97469685925438,12.0,145.65589457683691,117.63725759194372
730,Zeebrugge - Bremerhaven,SEA,PILOT_TO_PILOT,9,730,57,10,11,VL1,VL5,53.36351952871213,4.697924995063176,24.97469685925438,12.0,145.85586778849628,117.43728438028435
731,Zeebrugge - Bremerhaven,SEA,PILOT_TO_PILOT,9,731,58,10,11,VL1,VL5,53.36653606468142,4.700291247044894,24.97469685925438,12.0,146.05584100015562,117.23731116862501
732,Zeebrugge - Bremerhaven,SEA,PILOT_TO_PILOT,9,732,59,10,11,VL1,VL5,53.3695525538513,4.702657834131794,24.97469685925438,12.0,146.255814211815,117.03733795696564
733,Zeebrugge - Bremerhaven,SEA,PILOT_TO_PILOT,9,733,60,10,11,VL1,VL5,53.37256899620996,4.705024756402986,24.97469685925438,12.0,146.45578742347433,116.8373647453063
734,Zeebrugge - Bremerhaven,SEA,PILOT_TO_PILOT,9,734,61,10,11,VL1,VL5,53.375585391745624,4.7073920139376035,24.97469685925438,12.0,146.6557606351337,116.63739153364693
735,Zeebrugge - Bremerhaven,SEA,PILOT_TO_PILOT,9,735,62,10,11,VL1,VL5,53.37860174044652,4.709759606814805,24.97469685925438,12.0,146.85573384679304,116.4374183219876
736,Zeebrugge - Bremerhaven,SEA,PILOT_TO_PILOT,9,736,63,10,11,VL1,VL5,53.38161804230087,4.712127535113765,24.97469685925438,12.0,147.0557070584524,116.23744511032822
737,Zeebrugge - Bremerhaven,SEA,PILOT_TO_PILOT,9,737,64,10,11,VL1,VL5,53.384634297296884,4.714495798913688,24.97469685925438,12.0,147.25568027011178,116.03747189866885
738,Zeebrugge - Bremerhaven,SEA,PILOT_TO_PILOT,9,738,65,10,11,VL1,VL5,53.38765050542274,4.7168643982937954,24.97469685925438,12.0,147.45565348177112,115.83749868700951
739,Zeebrugge - Bremerhaven,SEA,PILOT_TO_PILOT,10,739,0,11,12,VL5,VL7,53.39066666666667,4.719233333333333,65.65235198856959,12.0,147.6556266934305,115.63752547535015
740,Zeebrugge - Bremerhaven,SEA,PILOT_TO_PILOT,10,740,1,11,12,VL5,VL7,53.392039383806065,4.7243206323299285,65.65235198856959,12.0,147.8555554425884,115.43759672619223
741,Zeebrugge - Bremerhaven,SEA,PILOT_TO_PILOT,10,741,2,11,12,VL5,VL7,53.39341188470188,4.729408259449129,65.65235198856959,12.0,148.05548419174636,115.23766797703428
742,Zeebrugge - Bremerhaven,SEA,PILOT_TO_PILOT,10,742,3,11,12,VL5,VL7,53.39478416932933,4.734496214676814,65.65235198856959,12.0,148.25541294090428,115.03773922787636
743,Zeebrugge - Bremerhaven,SEA,PILOT_TO_PILOT,10,743,4,11,12,VL5,VL7,53.39615623766367,4.739584497998847,65.65235198856959,12.0,148.45534169006223,114.83781047871841
744,Zeebrugge - Bremerhaven,SEA,PILOT_TO_PILOT,10,744,5,11,12,VL5,VL7,53.397528089680115,4.744673109401076,65.65235198856959,12.0,148.65527043922015,114.63788172956049
745,Zeebrugge - Bremerhaven,SEA,PILOT_TO_PILOT,10,745,6,11,12,VL5,VL7,53.3988997253539,4.749762048869325,65.65235198856959,12.0,148.8551991883781,114.43795298040254
746,Zeebrugge - Bremerhaven,SEA,PILOT_TO_PILOT,10,746,7,11,12,VL5,VL7,53.40027114466026,4.754851316389407,65.65235198856959,12.0,149.055127937536,114.23802423124462
747,Zeebrugge - Bremerhaven,SEA,PILOT_TO_PILOT,10,747,8,11,12,VL5,VL7,53.40164234757442,4.759940911947107,65.65235198856959,12.0,149.25505668669396,114.03809548208667
748,Zeebrugge - Bremerhaven,SEA,PILOT_TO_PILOT,10,748,9,11,12,VL5,VL7,53.40301333407163,4.765030835528202,65.65235198856959,12.0,149.45498543585188,113.83816673292876
749,Zeebrugge - Bremerhaven,SEA,PILOT_TO_PILOT,10,749,10,11,12,VL5,VL7,53.40438410412712,4.770121087118446,65.65235198856959,12.0,149.65491418500983,113.63823798377081
750,Zeebrugge - Bremerhaven,SEA,PILOT_TO_PILOT,10,750,11,11,12,VL5,VL7,53.4057546577161,4.7752116667035756,65.65235198856959,12.0,149.85484293416775,113.43830923461289
751,Zeebrugge - Bremerhaven,SEA,PILOT_TO_PILOT,10,751,12,11,12,VL5,VL7,53.40712499481382,4.780302574269309,65.65235198856959,12.0,150.05477168332567,113.23838048545497
752,Zeebrugge - Bremerhaven,SEA,PILOT_TO_PILOT,10,752,13,11,12,VL5,VL7,53.40849511539552,4.785393809801349,65.65235198856959,12.0,150.25470043248362,113.03845173629702
753,Zeebrugge - Bremerhaven,SEA,PILOT_TO_PILOT,10,753,14,11,12,VL5,VL7,53.409865019436424,4.7904853732853745,65.65235198856959,12.0,150.45462918164154,112.8385229871391
754,Zeebrugge - Bremerhaven,SEA,PILOT_TO_PILOT,10,754,15,11,12,VL5,VL7,53.41123470691176,4.795577264707052,65.65235198856959,12.0,150.65455793079948,112.63859423798115
755,Zeebrugge - Bremerhaven,SEA,PILOT_TO_PILOT,10,755,16,11,12,VL5,VL7,53.412604177796766,4.800669484052024,65.65235198856959,12.0,150.8544866799574,112.43866548882323
756,Zeebrugge - Bremerhaven,SEA,PILOT_TO_PILOT,10,756,17,11,12,VL5,VL7,53.41397343206669,4.805762031305923,65.65235198856959,12.0,151.05441542911535,112.23873673966528
757,Zeebrugge - Bremerhaven,SEA,PILOT_TO_PILOT,10,757,18,11,12,VL5,VL7,53.415342469696746,4.810854906454356,65.65235198856959,12.0,151.25434417827327,112.03880799050737
758,Zeebrugge - Bremerhaven,SEA,PILOT_TO_PILOT,10,758,19,11,12,VL5,VL7,53.41671129066219,4.815948109482916,65.65235198856959,12.0,151.45427292743122,111.83887924134942
759,Zeebrugge - Bremerhaven,SEA,PILOT_TO_PILOT,10,759,20,11,12,VL5,VL7,53.418079894938245,4.8210416403771745,65.65235198856959,12.0,151.65420167658914,111.6389504921915
760,Zeebrugge - Bremerhaven,SEA,PILOT_TO_PILOT,10,760,21,11,12,VL5,VL7,53.41944828250015,4.826135499122689,65.65235198856959,12.0,151.8541304257471,111.43902174303355
761,Zeebrugge - Bremerhaven,SEA,PILOT_TO_PILOT,10,761,22,11,12,VL5,VL7,53.420816453323134,4.831229685704996,65.65235198856959,12.0,152.054059174905,111.23909299387563
762,Zeebrugge - Bremerhaven,SEA,PILOT_TO_PILOT,10,762,23,11,12,VL5,VL7,53.42218440738244,4.836324200109613,65.65235198856959,12.0,152.25398792406293,111.03916424471771
763,Zeebrugge - Bremerhaven,SEA,PILOT_TO_PILOT,10,763,24,11,12,VL5,VL7,53.42355214465329,4.841419042322042,65.65235198856959,12.0,152.45391667322087,110.83923549555976
764,Zeebrugge - Bremerhaven,SEA,PILOT_TO_PILOT,10,764,25,11,12,VL5,VL7,53.42491966511094,4.846514212327766,65.65235198856959,12.0,152.6538454223788,110.63930674640184
765,Zeebrugge - Bremerhaven,SEA,PILOT_TO_PILOT,10,765,26,11,12,VL5,VL7,53.426286968730615,4.851609710112248,65.65235198856959,12.0,152.85377417153674,110.4393779972439
766,Zeebrugge - Bremerhaven,SEA,PILOT_TO_PILOT,10,766,27,11,12,VL5,VL7,53.427654055487565,4.856705535660935,65.65235198856959,12.0,153.05370292069466,110.23944924808598
767,Zeebrugge - Bremerhaven,SEA,PILOT_TO_PILOT,10,767,28,11,12,VL5,VL7,53.42902092535701,4.861801688959256,65.65235198856959,12.0,153.2536316698526,110.03952049892803
768,Zeebrugge - Bremerhaven,SEA,PILOT_TO_PILOT,10,768,29,11,12,VL5,VL7,53.430387578314196,4.866898169992619,65.65235198856959,12.0,153.45356041901053,109.83959174977011
769,Zeebrugge - Bremerhaven,SEA,PILOT_TO_PILOT,10,769,30,11,12,VL5,VL7,53.43175401433435,4.871994978746417,65.65235198856959,12.0,153.65348916816848,109.63966300061216
770,Zeebrugge - Bremerhaven,SEA,PILOT_TO_PILOT,10,770,31,11,12,VL5,VL7,53.43312023339272,4.877092115206023,65.65235198856959,12.0,153.8534179173264,109.43973425145424
771,Zeebrugge - Bremerhaven,SEA,PILOT_TO_PILOT,10,771,32,11,12,VL5,VL7,53.43448623546456,4.882189579356794,65.65235198856959,12.0,154.05334666648434,109.23980550229629
772,Zeebrugge - Bremerhaven,SEA,PILOT_TO_PILOT,10,772,33,11,12,VL5,VL7,53.43585202052507,4.887287371184064,65.65235198856959,12.0,154.25327541564226,109.03987675313837
773,Zeebrugge - Bremerhaven,SEA,PILOT_TO_PILOT,10,773,34,11,12,VL5,VL7,53.437217588549515,4.892385490673153,65.65235198856959,12.0,154.45320416480018,108.83994800398045
774,Zeebrugge - Bremerhaven,SEA,PILOT_TO_PILOT,10,774,35,11,12,VL5,VL7,53.43858293951313,4.897483937809364,65.65235198856959,12.0,154.65313291395813,108.6400192548225
775,Zeebrugge - Bremerhaven,SEA,PILOT_TO_PILOT,10,775,36,11,12,VL5,VL7,53.43994807339115,4.902582712577975,65.65235198856959,12.0,154.85306166311605,108.44009050566459
776,Zeebrugge - Bremerhaven,SEA,PILOT_TO_PILOT,10,776,37,11,12,VL5,VL7,53.44131299015882,4.907681814964255,65.65235198856959,12.0,155.052990412274,108.24016175650664
777,Zeebrugge - Bremerhaven,SEA,PILOT_TO_PILOT,10,777,38,11,12,VL5,VL7,53.44267768979139,4.912781244953447,65.65235198856959,12.0,155.25291916143192,108.04023300734872
778,Zeebrugge - Bremerhaven,SEA,PILOT_TO_PILOT,10,778,39,11,12,VL5,VL7,53.44404217226406,4.9178810025307795,65.65235198856959,12.0,155.45284791058987,107.84030425819077
779,Zeebrugge - Bremerhaven,SEA,PILOT_TO_PILOT,10,779,40,11,12,VL5,VL7,53.44540643755211,4.922981087681461,65.65235198856959,12.0,155.6527766597478,107.64037550903285
780,Zeebrugge - Bremerhaven,SEA,PILOT_TO_PILOT,10,780,41,11,12,VL5,VL7,53.446770485630765,4.928081500390685,65.65235198856959,12.0,155.85270540890573,107.4404467598749
781,Zeebrugge - Bremerhaven,SEA,PILOT_TO_PILOT,10,781,42,11,12,VL5,VL7,53.44813431647526,4.933182240643624,65.65235198856959,12.0,156.05263415806365,107.24051801071698
782,Zeebrugge - Bremerhaven,SEA,PILOT_TO_PILOT,10,782,43,11,12,VL5,VL7,53.44949793006084,4.93828330842543,65.65235198856959,12.0,156.2525629072216,107.04058926155903
783,Zeebrugge - Bremerhaven,SEA,PILOT_TO_PILOT,10,783,44,11,12,VL5,VL7,53.450861326362784,4.943384703721243,65.65235198856959,12.0,156.45249165637952,106.84066051240112
784,Zeebrugge - Bremerhaven,SEA,PILOT_TO_PILOT,10,784,45,11,12,VL5,VL7,53.452224505356256,4.948486426516179,65.65235198856959,12.0,156.65242040553744,106.6407317632432
785,Zeebrugge - Bremerhaven,SEA,PILOT_TO_PILOT,10,785,46,11,12,VL5,VL7,53.45358746701656,4.953588476795341,65.65235198856959,12.0,156.8523491546954,106.44080301408525
786,Zeebrugge - Bremerhaven,SEA,PILOT_TO_PILOT,10,786,47,11,12,VL5,VL7,53.45495021131891,4.958690854543805,65.65235198856959,12.0,157.0522779038533,106.24087426492733
787,Zeebrugge - Bremerhaven,SEA,PILOT_TO_PILOT,10,787,48,11,12,VL5,VL7,53.45631273823859,4.963793559746644,65.65235198856959,12.0,157.25220665301126,106.04094551576938
788,Zeebrugge - Bremerhaven,SEA,PILOT_TO_PILOT,10,788,49,11,12,VL5,VL7,53.457675047750776,4.968896592388893,65.65235198856959,12.0,157.45213540216918,105.84101676661146
789,Zeebrugge - Bremerhaven,SEA,PILOT_TO_PILOT,10,789,50,11,12,VL5,VL7,53.459037139830734,4.973999952455584,65.65235198856959,12.0,157.65206415132712,105.64108801745351
790,Zeebrugge - Bremerhaven,SEA,PILOT_TO_PILOT,10,790,51,11,12,VL5,VL7,53.46039901445375,4.979103639931727,65.65235198856959,12.0,157.85199290048504,105.44115926829559
791,Zeebrugge - Bremerhaven,SEA,PILOT_TO_PILOT,10,791,52,11,12,VL5,VL7,53.461760671595016,4.984207654802309,65.65235198856959,12.0,158.051921649643,105.24123051913764
792,Zeebrugge - Bremerhaven,SEA,PILOT_TO_PILOT,10,792,53,11,12,VL5,VL7,53.4631221112298,4.989311997052305,65.65235198856959,12.0,158.2518503988009,105.04130176997973
793,Zeebrugge - Bremerhaven,SEA,PILOT_TO_PILOT,11,793,0,12,13,VL7,Borkumriff,53.464483333333334,4.994416666666666,70.97728207617058,12.0,158.45177914795886,104.84137302082178
794,Zeebrugge - Bremerhaven,SEA,PILOT_TO_PILOT,11,794,1,12,13,VL7,Borkumriff,53.46556932944429,4.999708473457994,70.97728207617058,12.0,158.65184699787346,104.64130517090717
795,Zeebrugge - Bremerhaven,SEA,PILOT_TO_PILOT,11,795,2,12,13,VL7,Borkumriff,53.466655091761396,5.005000550987427,70.97728207617058,12.0,158.85191484778807,104.44123732099257
796,Zeebrugge - Bremerhaven,SEA,PILOT_TO_PILOT,11,796,3,12,13,VL7,Borkumriff,53.4677406202634,5.010292899221247,70.97728207617058,12.0,159.05198269770267,104.24116947107797
797,Zeebrugge - Bremerhaven,SEA,PILOT_TO_PILOT,11,797,4,12,13,VL7,Borkumriff,53.468825914929106,5.015585518125711,70.97728207617058,12.0,159.25205054761727,104.04110162116336
798,Zeebrugge - Bremerhaven,SEA,PILOT_TO_PILOT,11,798,5,12,13,VL7,Borkumriff,53.46991097573729,5.020878407667062,70.97728207617058,12.0,159.45211839753188,103.84103377124876
799,Zeebrugge - Bremerhaven,SEA,PILOT_TO_PILOT,11,799,6,12,13,VL7,Borkumriff,53.47099580266673,5.026171567811522,70.97728207617058,12.0,159.65218624744648,103.64096592133416
800,Zeebrugge - Bremerhaven,SEA,PILOT_TO_PILOT,11,800,7,12,13,VL7,Borkumriff,53.47208039569621,5.031464998525298,70.97728207617058,12.0,159.85225409736108,103.44089807141955
801,Zeebrugge - Bremerhaven,SEA,PILOT_TO_PILOT,11,801,8,12,13,VL7,Borkumriff,53.47316475480453,5.036758699774573,70.97728207617058,12.0,160.05232194727566,103.24083022150498
802,Zeebrugge - Bremerhaven,SEA,PILOT_TO_PILOT,11,802,9,12,13,VL7,Borkumriff,53.47424887997046,5.0420526715255205,70.97728207617058,12.0,160.25238979719026,103.04076237159038
803,Zeebrugge - Bremerhaven,SEA,PILOT_TO_PILOT,11,803,10,12,13,VL7,Borkumriff,53.47533277117281,5.047346913744286,70.97728207617058,12.0,160.45245764710486,102.84069452167577
804,Zeebrugge - Bremerhaven,SEA,PILOT_TO_PILOT,11,804,11,12,13,VL7,Borkumriff,53.476416428390365,5.052641426397006,70.97728207617058,12.0,160.65252549701947,102.64062667176117
805,Zeebrugge - Bremerhaven,SEA,PILOT_TO_PILOT,11,805,12,12,13,VL7,Borkumriff,53.47749985160192,5.0579362094497915,70.97728207617058,12.0,160.85259334693407,102.44055882184657
806,Zeebrugge - Bremerhaven,SEA,PILOT_TO_PILOT,11,806,13,12,13,VL7,Borkumriff,53.47858304078626,5.063231262868738,70.97728207617058,12.0,161.05266119684867,102.24049097193196
807,Zeebrugge - Bremerhaven,SEA,PILOT_TO_PILOT,11,807,14,12,13,VL7,Borkumriff,53.479665995922204,5.068526586619924,70.97728207617058,12.0,161.25272904676328,102.04042312201736
808,Zeebrugge - Bremerhaven,SEA,PILOT_TO_PILOT,11,808,15,12,13,VL7,Borkumriff,53.48074871698856,5.073822180669407,70.97728207617058,12.0,161.45279689667788,101.84035527210276
809,Zeebrugge - Bremerhaven,SEA,PILOT_TO_PILOT,11,809,16,12,13,VL7,Borkumriff,53.4818312039641,5.079118044983229,70.97728207617058,12.0,161.65286474659248,101.64028742218815
810,Zeebrugge - Bremerhaven,SEA,PILOT_TO_PILOT,11,810,17,12,13,VL7,Borkumriff,53.48291345682766,5.0844141795274105,70.97728207617058,12.0,161.8529325965071,101.44021957227355
811,Zeebrugge - Bremerhaven,SEA,PILOT_TO_PILOT,11,811,18,12,13,VL7,Borkumriff,53.48399547555802,5.089710584267955,70.97728207617058,12.0,162.0530004464217,101.24015172235895
812,Zeebrugge - Bremerhaven,SEA,PILOT_TO_PILOT,11,812,19,12,13,VL7,Borkumriff,53.48507726013402,5.095007259170852,70.97728207617058,12.0,162.2530682963363,101.04008387244434
813,Zeebrugge - Bremerhaven,SEA,PILOT_TO_PILOT,11,813,20,12,13,VL7,Borkumriff,53.48615881053445,5.100304204202065,70.97728207617058,12.0,162.4531361462509,100.84001602252974
814,Zeebrugge - Bremerhaven,SEA,PILOT_TO_PILOT,11,814,21,12,13,VL7,Borkumriff,53.487240126738136,5.105601419327546,70.97728207617058,12.0,162.6532039961655,100.63994817261514
815,Zeebrugge - Bremerhaven,SEA,PILOT_TO_PILOT,11,815,22,12,13,VL7,Borkumriff,53.48832120872388,5.110898904513223,70.97728207617058,12.0,162.8532718460801,100.43988032270053
816,Zeebrugge - Bremerhaven,SEA,PILOT_TO_PILOT,11,816,23,12,13,VL7,Borkumriff,53.489402056470524,5.116196659725013,70.97728207617058,12.0,163.0533396959947,100.23981247278593
817,Zeebrugge - Bremerhaven,SEA,PILOT_TO_PILOT,11,817,24,12,13,VL7,Borkumriff,53.49048266995687,5.1214946849288046,70.97728207617058,12.0,163.25340754590928,100.03974462287135
818,Zeebrugge - Bremerhaven,SEA,PILOT_TO_PILOT,11,818,25,12,13,VL7,Borkumriff,53.49156304916175,5.12679298009048,70.97728207617058,12.0,163.4534753958239,99.83967677295675
819,Zeebrugge - Bremerhaven,SEA,PILOT_TO_PILOT,11,819,26,12,13,VL7,Borkumriff,53.49264319406398,5.132091545175891,70.97728207617058,12.0,163.6535432457385,99.63960892304215
820,Zeebrugge - Bremerhaven,SEA,PILOT_TO_PILOT,11,820,27,12,13,VL7,Borkumriff,53.49372310464238,5.1373903801508805,70.97728207617058,12.0,163.8536110956531,99.43954107312754
821,Zeebrugge - Bremerhaven,SEA,PILOT_TO_PILOT,11,821,28,12,13,VL7,Borkumriff,53.4948027808758,5.142689484981269,70.97728207617058,12.0,164.0536789455677,99.23947322321294
822,Zeebrugge - Bremerhaven,SEA,PILOT_TO_PILOT,11,822,29,12,13,VL7,Borkumriff,53.49588222274306,5.147988859632859,70.97728207617058,12.0,164.2537467954823,99.03940537329834
823,Zeebrugge - Bremerhaven,SEA,PILOT_TO_PILOT,11,823,30,12,13,VL7,Borkumriff,53.49696143022299,5.153288504071436,70.97728207617058,12.0,164.4538146453969,98.83933752338373
824,Zeebrugge - Bremerhaven,SEA,PILOT_TO_PILOT,11,824,31,12,13,VL7,Borkumriff,53.49804040329444,5.158588418262766,70.97728207617058,12.0,164.6538824953115,98.63926967346913
825,Zeebrugge - Bremerhaven,SEA,PILOT_TO_PILOT,11,825,32,12,13,VL7,Borkumriff,53.49911914193623,5.1638886021725945,70.97728207617058,12.0,164.8539503452261,98.43920182355453
826,Zeebrugge - Bremerhaven,SEA,PILOT_TO_PILOT,11,826,33,12,13,VL7,Borkumriff,53.50019764612719,5.169189055766654,70.97728207617058,12.0,165.0540181951407,98.23913397363992
827,Zeebrugge - Bremerhaven,SEA,PILOT_TO_PILOT,11,827,34,12,13,VL7,Borkumriff,53.50127591584619,5.174489779010654,70.97728207617058,12.0,165.25408604505532,98.03906612372532
828,Zeebrugge - Bremerhaven,SEA,PILOT_TO_PILOT,11,828,35,12,13,VL7,Borkumriff,53.50235395107206,5.179790771870289,70.97728207617058,12.0,165.45415389496992,97.83899827381072
829,Zeebrugge - Bremerhaven,SEA,PILOT_TO_PILOT,11,829,36,12,13,VL7,Borkumriff,53.50343175178364,5.185092034311233,70.97728207617058,12.0,165.65422174488452,97.63893042389611
830,Zeebrugge - Bremerhaven,SEA,PILOT_TO_PILOT,11,830,37,12,13,VL7,Borkumriff,53.50450931795978,5.190393566299143,70.97728207617058,12.0,165.85428959479913,97.43886257398151
831,Zeebrugge - Bremerhaven,SEA,PILOT_TO_PILOT,11,831,38,12,13,VL7,Borkumriff,53.50558664957934,5.195695367799656,70.97728207617058,12.0,166.05435744471373,97.2387947240669
832,Zeebrugge - Bremerhaven,SEA,PILOT_TO_PILOT,11,832,39,12,13,VL7,Borkumriff,53.50666374662118,5.200997438778395,70.97728207617058,12.0,166.25442529462833,97.0387268741523
833,Zeebrugge - Bremerhaven,SEA,PILOT_TO_PILOT,11,833,40,12,13,VL7,Borkumriff,53.507740609064115,5.206299779200956,70.97728207617058,12.0,166.4544931445429,96.83865902423773
834,Zeebrugge - Bremerhaven,SEA,PILOT_TO_PILOT,11,834,41,12,13,VL7,Borkumriff,53.50881723688704,5.211602389032925,70.97728207617058,12.0,166.6545609944575,96.63859117432312
835,Zeebrugge - Bremerhaven,SEA,PILOT_TO_PILOT,11,835,42,12,13,VL7,Borkumriff,53.5098936300688,5.216905268239868,70.97728207617058,12.0,166.85462884437212,96.43852332440852
836,Zeebrugge - Bremerhaven,SEA,PILOT_TO_PILOT,11,836,43,12,13,VL7,Borkumriff,53.51096978858824,5.222208416787331,70.97728207617058,12.0,167.05469669428672,96.23845547449392
837,Zeebrugge - Bremerhaven,SEA,PILOT_TO_PILOT,11,837,44,12,13,VL7,Borkumriff,53.51204571242426,5.2275118346408425,70.97728207617058,12.0,167.25476454420132,96.03838762457931
838,Zeebrugge - Bremerhaven,SEA,PILOT_TO_PILOT,11,838,45,12,13,VL7,Borkumriff,53.513121401555686,5.232815521765909,70.97728207617058,12.0,167.45483239411593,95.83831977466471
839,Zeebrugge - Bremerhaven,SEA,PILOT_TO_PILOT,11,839,46,12,13,VL7,Borkumriff,53.514196855961416,5.238119478128026,70.97728207617058,12.0,167.65490024403053,95.63825192475011
840,Zeebrugge - Bremerhaven,SEA,PILOT_TO_PILOT,11,840,47,12,13,VL7,Borkumriff,53.51527207562029,5.243423703692668,70.97728207617058,12.0,167.85496809394513,95.4381840748355
841,Zeebrugge - Bremerhaven,SEA,PILOT_TO_PILOT,11,841,48,12,13,VL7,Borkumriff,53.5163470605112,5.248728198425285,70.97728207617058,12.0,168.05503594385974,95.2381162249209
842,Zeebrugge - Bremerhaven,SEA,PILOT_TO_PILOT,11,842,49,12,13,VL7,Borkumriff,53.51742181061302,5.254032962291317,70.97728207617058,12.0,168.25510379377434,95.0380483750063
843,Zeebrugge - Bremerhaven,SEA,PILOT_TO_PILOT,11,843,50,12,13,VL7,Borkumriff,53.51849632590461,5.259337995256181,70.97728207617058,12.0,168.45517164368894,94.8379805250917
844,Zeebrugge - Bremerhaven,SEA,PILOT_TO_PILOT,11,844,51,12,13,VL7,Borkumriff,53.51957060636485,5.264643297285276,70.97728207617058,12.0,168.65523949360355,94.63791267517709
845,Zeebrugge - Bremerhaven,SEA,PILOT_TO_PILOT,11,845,52,12,13,VL7,Borkumriff,53.520644651972646,5.269948868343988,70.97728207617058,12.0,168.85530734351815,94.43784482526249
846,Zeebrugge - Bremerhaven,SEA,PILOT_TO_PILOT,11,846,53,12,13,VL7,Borkumriff,53.52171846270685,5.275254708397678,70.97728207617058,12.0,169.05537519343275,94.23777697534788
847,Zeebrugge - Bremerhaven,SEA,PILOT_TO_PILOT,11,847,54,12,13,VL7,Borkumriff,53.52279203854635,5.280560817411687,70.97728207617058,12.0,169.25544304334736,94.03770912543328
848,Zeebrugge - Bremerhaven,SEA,PILOT_TO_PILOT,11,848,55,12,13,VL7,Borkumriff,53.523865379470045,5.285867195351349,70.97728207617058,12.0,169.45551089326193,93.8376412755187
849,Zeebrugge - Bremerhaven,SEA,PILOT_TO_PILOT,11,849,56,12,13,VL7,Borkumriff,53.524938485456815,5.2911738421819665,70.97728207617058,12.0,169.65557874317653,93.6375734256041
850,Zeebrugge - Bremerhaven,SEA,PILOT_TO_PILOT,11,850,57,12,13,VL7,Borkumriff,53.52601135648555,5.296480757868832,70.97728207617058,12.0,169.85564659309114,93.4375055756895
851,Zeebrugge - Bremerhaven,SEA,PILOT_TO_PILOT,11,851,58,12,13,VL7,Borkumriff,53.52708399253514,5.301787942377216,70.97728207617058,12.0,170.05571444300574,93.2374377257749
852,Zeebrugge - Bremerhaven,SEA,PILOT_TO_PILOT,11,852,59,12,13,VL7,Borkumriff,53.528156393584496,5.307095395672376,70.97728207617058,12.0,170.25578229292034,93.03736987586029
853,Zeebrugge - Bremerhaven,SEA,PILOT_TO_PILOT,11,853,60,12,13,VL7,Borkumriff,53.52922855961251,5.3124031177195405,70.97728207617058,12.0,170.45585014283495,92.83730202594569
854,Zeebrugge - Bremerhaven,SEA,PILOT_TO_PILOT,11,854,61,12,13,VL7,Borkumriff,53.530300490598066,5.31771110848393,70.97728207617058,12.0,170.65591799274955,92.63723417603109
855,Zeebrugge - Bremerhaven,SEA,PILOT_TO_PILOT,11,855,62,12,13,VL7,Borkumriff,53.53137218652007,5.323019367930743,70.97728207617058,12.0,170.85598584266415,92.43716632611648
856,Zeebrugge - Bremerhaven,SEA,PILOT_TO_PILOT,11,856,63,12,13,VL7,Borkumriff,53.53244364735744,5.32832789602516,70.97728207617058,12.0,171.05605369257876,92.23709847620188
857,Zeebrugge - Bremerhaven,SEA,PILOT_TO_PILOT,11,857,64,12,13,VL7,Borkumriff,53.53351487308907,5.33363669273234,70.97728207617058,12.0,171.25612154249336,92.03703062628728
858,Zeebrugge - Bremerhaven,SEA,PILOT_TO_PILOT,11,858,65,12,13,VL7,Borkumriff,53.53458586369386,5.338945758017427,70.97728207617058,12.0,171.45618939240796,91.83696277637267
859,Zeebrugge - Bremerhaven,SEA,PILOT_TO_PILOT,11,859,66,12,13,VL7,Borkumriff,53.53565661915074,5.3442550918455485,70.97728207617058,12.0,171.65625724232257,91.63689492645807
860,Zeebrugge - Bremerhaven,SEA,PILOT_TO_PILOT,11,860,67,12,13,VL7,Borkumriff,53.53672713943861,5.349564694181811,70.97728207617058,12.0,171.85632509223717,91.43682707654347
861,Zeebrugge - Bremerhaven,SEA,PILOT_TO_PILOT,11,861,68,12,13,VL7,Borkumriff,53.537797424536386,5.354874564991299,70.97728207617058,12.0,172.05639294215177,91.23675922662886
862,Zeebrugge - Bremerhaven,SEA,PILOT_TO_PILOT,11,862,69,12,13,VL7,Borkumriff,53.53886747442298,5.360184704239084,70.97728207617058,12.0,172.25646079206638,91.03669137671426
863,Zeebrugge - Bremerhaven,SEA,PILOT_TO_PILOT,11,863,70,12,13,VL7,Borkumriff,53.539937289077315,5.365495111890221,70.97728207617058,12.0,172.45652864198098,90.83662352679966
864,Zeebrugge - Bremerhaven,SEA,PILOT_TO_PILOT,11,864,71,12,13,VL7,Borkumriff,53.54100686847831,5.370805787909739,70.97728207617058,12.0,172.65659649189558,90.63655567688505
865,Zeebrugge - Bremerhaven,SEA,PILOT_TO_PILOT,11,865,72,12,13,VL7,Borkumriff,53.542076212604904,5.376116732262656,70.97728207617058,12.0,172.85666434181016,90.43648782697048
866,Zeebrugge - Bremerhaven,SEA,PILOT_TO_PILOT,11,866,73,12,13,VL7,Borkumriff,53.543145321436,5.381427944913967,70.97728207617058,12.0,173.05673219172476,90.23641997705587
867,Zeebrugge - Bremerhaven,SEA,PILOT_TO_PILOT,11,867,74,12,13,VL7,Borkumriff,53.54421419495053,5.386739425828649,70.97728207617058,12.0,173.25680004163937,90.03635212714127
868,Zeebrugge - Bremerhaven,SEA,PILOT_TO_PILOT,11,868,75,12,13,VL7,Borkumriff,53.54528283312742,5.392051174971665,70.97728207617058,12.0,173.45686789155397,89.83628427722667
869,Zeebrugge - Bremerhaven,SEA,PILOT_TO_PILOT,11,869,76,12,13,VL7,Borkumriff,53.54635123594563,5.397363192307955,70.97728207617058,12.0,173.65693574146857,89.63621642731206
870,Zeebrugge - Bremerhaven,SEA,PILOT_TO_PILOT,11,870,77,12,13,VL7,Borkumriff,53.547419403384055,5.4026754778024415,70.97728207617058,12.0,173.85700359138318,89.43614857739746
871,Zeebrugge - Bremerhaven,SEA,PILOT_TO_PILOT,11,871,78,12,13,VL7,Borkumriff,53.548487335421655,5.407988031420031,70.97728207617058,12.0,174.05707144129778,89.23608072748286
872,Zeebrugge - Bremerhaven,SEA,PILOT_TO_PILOT,11,872,79,12,13,VL7,Borkumriff,53.54955503203737,5.413300853125606,70.97728207617058,12.0,174.25713929121238,89.03601287756825
873,Zeebrugge - Bremerhaven,SEA,PILOT_TO_PILOT,11,873,80,12,13,VL7,Borkumriff,53.55062249321012,5.41861394288404,70.97728207617058,12.0,174.457207141127,88.83594502765365
874,Zeebrugge - Bremerhaven,SEA,PILOT_TO_PILOT,11,874,81,12,13,VL7,Borkumriff,53.551689718918865,5.42392730066018,70.97728207617058,12.0,174.6572749910416,88.63587717773905
875,Zeebrugge - Bremerhaven,SEA,PILOT_TO_PILOT,11,875,82,12,13,VL7,Borkumriff,53.55275670914254,5.429240926418856,70.97728207617058,12.0,174.8573428409562,88.43580932782444
876,Zeebrugge - Bremerhaven,SEA,PILOT_TO_PILOT,11,876,83,12,13,VL7,Borkumriff,53.55382346386011,5.434554820124886,70.97728207617058,12.0,175.0574106908708,88.23574147790984
877,Zeebrugge - Bremerhaven,SEA,PILOT_TO_PILOT,11,877,84,12,13,VL7,Borkumriff,53.55488998305051,5.439868981743059,70.97728207617058,12.0,175.2574785407854,88.03567362799524
878,Zeebrugge - Bremerhaven,SEA,PILOT_TO_PILOT,11,878,85,12,13,VL7,Borkumriff,53.55595626669268,5.445183411238154,70.97728207617058,12.0,175.4575463907,87.83560577808063
879,Zeebrugge - Bremerhaven,SEA,PILOT_TO_PILOT,11,879,86,12,13,VL7,Borkumriff,53.557022314765604,5.450498108574929,70.97728207617058,12.0,175.65761424061458,87.63553792816606
880,Zeebrugge - Bremerhaven,SEA,PILOT_TO_PILOT,11,880,87,12,13,VL7,Borkumriff,53.55808812724822,5.455813073718123,70.97728207617058,12.0,175.85768209052918,87.43547007825146
881,Zeebrugge - Bremerhaven,SEA,PILOT_TO_PILOT,11,881,88,12,13,VL7,Borkumriff,53.55915370411947,5.461128306632457,70.97728207617058,12.0,176.05774994044378,87.23540222833685
882,Zeebrugge - Bremerhaven,SEA,PILOT_TO_PILOT,11,882,89,12,13,VL7,Borkumriff,53.560219045358345,5.4664438072826345,70.97728207617058,12.0,176.2578177903584,87.03533437842225
883,Zeebrugge - Bremerhaven,SEA,PILOT_TO_PILOT,11,883,90,12,13,VL7,Borkumriff,53.561284150943784,5.47175957563334,70.97728207617058,12.0,176.457885640273,86.83526652850765
884,Zeebrugge - Bremerhaven,SEA,PILOT_TO_PILOT,11,884,91,12,13,VL7,Borkumriff,53.56234902085477,5.477075611649239,70.97728207617058,12.0,176.6579534901876,86.63519867859304
885,Zeebrugge - Bremerhaven,SEA,PILOT_TO_PILOT,11,885,92,12,13,VL7,Borkumriff,53.563413655070256,5.482391915294979,70.97728207617058,12.0,176.8580213401022,86.43513082867844
886,Zeebrugge - Bremerhaven,SEA,PILOT_TO_PILOT,11,886,93,12,13,VL7,Borkumriff,53.56447805356922,5.487708486535191,70.97728207617058,12.0,177.0580891900168,86.23506297876384
887,Zeebrugge - Bremerhaven,SEA,PILOT_TO_PILOT,11,887,94,12,13,VL7,Borkumriff,53.565542216330634,5.493025325334483,70.97728207617058,12.0,177.2581570399314,86.03499512884923
888,Zeebrugge - Bremerhaven,SEA,PILOT_TO_PILOT,11,888,95,12,13,VL7,Borkumriff,53.56660614333346,5.498342431657451,70.97728207617058,12.0,177.458224889846,85.83492727893463
889,Zeebrugge - Bremerhaven,SEA,PILOT_TO_PILOT,11,889,96,12,13,VL7,Borkumriff,53.56766983455668,5.5036598054686685,70.97728207617058,12.0,177.6582927397606,85.63485942902003
890,Zeebrugge - Bremerhaven,SEA,PILOT_TO_PILOT,11,890,97,12,13,VL7,Borkumriff,53.56873328997928,5.508977446732689,70.97728207617058,12.0,177.85836058967521,85.43479157910542
891,Zeebrugge - Bremerhaven,SEA,PILOT_TO_PILOT,11,891,98,12,13,VL7,Borkumriff,53.569796509580215,5.514295355414052,70.97728207617058,12.0,178.05842843958982,85.23472372919082
892,Zeebrugge - Bremerhaven,SEA,PILOT_TO_PILOT,11,892,99,12,13,VL7,Borkumriff,53.57085949333852,5.519613531477278,70.97728207617058,12.0,178.25849628950442,85.03465587927622
893,Zeebrugge - Bremerhaven,SEA,PILOT_TO_PILOT,11,893,100,12,13,VL7,Borkumriff,53.57192224123312,5.524931974886863,70.97728207617058,12.0,178.45856413941902,84.83458802936161
894,Zeebrugge - Bremerhaven,SEA,PILOT_TO_PILOT,11,894,101,12,13,VL7,Borkumriff,53.572984753243034,5.530250685607296,70.97728207617058,12.0,178.65863198933363,84.63452017944701
895,Zeebrugge - Bremerhaven,SEA,PILOT_TO_PILOT,11,895,102,12,13,VL7,Borkumriff,53.57404702934725,5.5355696636030345,70.97728207617058,12.0,178.85869983924823,84.4344523295324
896,Zeebrugge - Bremerhaven,SEA,PILOT_TO_PILOT,11,896,103,12,13,VL7,Borkumriff,53.57510906952475,5.540888908838527,70.97728207617058,12.0,179.05876768916283,84.2343844796178
897,Zeebrugge - Bremerhaven,SEA,PILOT_TO_PILOT,11,897,104,12,13,VL7,Borkumriff,53.57617087375452,5.546208421278202,70.97728207617058,12.0,179.2588355390774,84.03431662970323
898,Zeebrugge - Bremerhaven,SEA,PILOT_TO_PILOT,11,898,105,12,13,VL7,Borkumriff,53.577232442015585,5.551528200886466,70.97728207617058,12.0,179.458903388992,83.83424877978862
899,Zeebrugge - Bremerhaven,SEA,PILOT_TO_PILOT,11,899,106,12,13,VL7,Borkumriff,53.57829377428691,5.556848247627711,70.97728207617058,12.0,179.65897123890662,83.63418092987402
900,Zeebrugge - Bremerhaven,SEA,PILOT_TO_PILOT,11,900,107,12,13,VL7,Borkumriff,53.579354870547526,5.562168561466307,70.97728207617058,12.0,179.85903908882122,83.43411307995942
901,Zeebrugge - Bremerhaven,SEA,PILOT_TO_PILOT,11,901,108,12,13,VL7,Borkumriff,53.58041573077641,5.567489142366609,70.97728207617058,12.0,180.05910693873582,83.23404523004481
902,Zeebrugge - Bremerhaven,SEA,PILOT_TO_PILOT,11,902,109,12,13,VL7,Borkumriff,53.58147635495258,5.572809990292952,70.97728207617058,12.0,180.25917478865043,83.03397738013021
903,Zeebrugge - Bremerhaven,SEA,PILOT_TO_PILOT,11,903,110,12,13,VL7,Borkumriff,53.582536743055044,5.578131105209654,70.97728207617058,12.0,180.45924263856503,82.8339095302156
904,Zeebrugge - Bremerhaven,SEA,PILOT_TO_PILOT,11,904,111,12,13,VL7,Borkumriff,53.583596895062804,5.583452487081015,70.97728207617058,12.0,180.65931048847963,82.633841680301
905,Zeebrugge - Bremerhaven,SEA,PILOT_TO_PILOT,11,905,112,12,13,VL7,Borkumriff,53.58465681095486,5.588774135871308,70.97728207617058,12.0,180.85937833839424,82.4337738303864
906,Zeebrugge - Bremerhaven,SEA,PILOT_TO_PILOT,11,906,113,12,13,VL7,Borkumriff,53.585716490710254,5.594096051544803,70.97728207617058,12.0,181.05944618830884,82.2337059804718
907,Zeebrugge - Bremerhaven,SEA,PILOT_TO_PILOT,11,907,114,12,13,VL7,Borkumriff,53.586775934307994,5.599418234065739,70.97728207617058,12.0,181.25951403822344,82.0336381305572
908,Zeebrugge - Bremerhaven,SEA,PILOT_TO_PILOT,11,908,115,12,13,VL7,Borkumriff,53.58783514172709,5.604740683398341,70.97728207617058,12.0,181.45958188813805,81.83357028064259
909,Zeebrugge - Bremerhaven,SEA,PILOT_TO_PILOT,11,909,116,12,13,VL7,Borkumriff,53.58889411294656,5.610063399506817,70.97728207617058,12.0,181.65964973805265,81.63350243072799
910,Zeebrugge - Bremerhaven,SEA,PILOT_TO_PILOT,11,910,117,12,13,VL7,Borkumriff,53.589952847945426,5.615386382355354,70.97728207617058,12.0,181.85971758796725,81.43343458081338
911,Zeebrugge - Bremerhaven,SEA,PILOT_TO_PILOT,11,911,118,12,13,VL7,Borkumriff,53.591011346702736,5.620709631908121,70.97728207617058,12.0,182.05978543788183,81.23336673089881
912,Zeebrugge - Bremerhaven,SEA,PILOT_TO_PILOT,11,912,119,12,13,VL7,Borkumriff,53.592069609197495,5.626033148129273,70.97728207617058,12.0,182.25985328779643,81.0332988809842
913,Zeebrugge - Bremerhaven,SEA,PILOT_TO_PILOT,11,913,120,12,13,VL7,Borkumriff,53.593127635408734,5.631356930982938,70.97728207617058,12.0,182.45992113771104,80.8332310310696
914,Zeebrugge - Bremerhaven,SEA,PILOT_TO_PILOT,11,914,121,12,13,VL7,Borkumriff,53.59418542531549,5.636680980433234,70.97728207617058,12.0,182.65998898762564,80.633163181155
915,Zeebrugge - Bremerhaven,SEA,PILOT_TO_PILOT,11,915,122,12,13,VL7,Borkumriff,53.59524297889679,5.642005296444254,70.97728207617058,12.0,182.86005683754024,80.4330953312404
916,Zeebrugge - Bremerhaven,SEA,PILOT_TO_PILOT,11,916,123,12,13,VL7,Borkumriff,53.59630029613167,5.64732987898008,70.97728207617058,12.0,183.06012468745485,80.23302748132579
917,Zeebrugge - Bremerhaven,SEA,PILOT_TO_PILOT,11,917,124,12,13,VL7,Borkumriff,53.59735737699919,5.652654728004766,70.97728207617058,12.0,183.26019253736945,80.03295963141119
918,Zeebrugge - Bremerhaven,SEA,PILOT_TO_PILOT,11,918,125,12,13,VL7,Borkumriff,53.59841422147837,5.657979843482359,70.97728207617058,12.0,183.46026038728405,79.83289178149658
919,Zeebrugge - Bremerhaven,SEA,PILOT_TO_PILOT,11,919,126,12,13,VL7,Borkumriff,53.59947082954826,5.663305225376877,70.97728207617058,12.0,183.66032823719866,79.63282393158198
920,Zeebrugge - Bremerhaven,SEA,PILOT_TO_PILOT,11,920,127,12,13,VL7,Borkumriff,53.6005272011879,5.668630873652325,70.97728207617058,12.0,183.86039608711326,79.43275608166738
921,Zeebrugge - Bremerhaven,SEA,PILOT_TO_PILOT,11,921,128,12,13,VL7,Borkumriff,53.60158333637634,5.673956788272689,70.97728207617058,12.0,184.06046393702786,79.23268823175277
922,Zeebrugge - Bremerhaven,SEA,PILOT_TO_PILOT,11,922,129,12,13,VL7,Borkumriff,53.60263923509264,5.679282969201937,70.97728207617058,12.0,184.26053178694247,79.03262038183817
923,Zeebrugge - Bremerhaven,SEA,PILOT_TO_PILOT,11,923,130,12,13,VL7,Borkumriff,53.60369489731583,5.684609416404019,70.97728207617058,12.0,184.46059963685707,78.83255253192357
924,Zeebrugge - Bremerhaven,SEA,PILOT_TO_PILOT,11,924,131,12,13,VL7,Borkumriff,53.60475032302499,5.6899361298428595,70.97728207617058,12.0,184.66066748677167,78.63248468200896
925,Zeebrugge - Bremerhaven,SEA,PILOT_TO_PILOT,11,925,132,12,13,VL7,Borkumriff,53.605805512199154,5.695263109482379,70.97728207617058,12.0,184.86073533668628,78.43241683209436
926,Zeebrugge - Bremerhaven,SEA,PILOT_TO_PILOT,11,926,133,12,13,VL7,Borkumriff,53.6068604648174,5.700590355286465,70.97728207617058,12.0,185.06080318660088,78.23234898217976
927,Zeebrugge - Bremerhaven,SEA,PILOT_TO_PILOT,11,927,134,12,13,VL7,Borkumriff,53.607915180858775,5.705917867218992,70.97728207617058,12.0,185.26087103651548,78.03228113226515
928,Zeebrugge - Bremerhaven,SEA,PILOT_TO_PILOT,11,928,135,12,13,VL7,Borkumriff,53.60896966030236,5.711245645243824,70.97728207617058,12.0,185.46093888643006,77.83221328235058
929,Zeebrugge - Bremerhaven,SEA,PILOT_TO_PILOT,11,929,136,12,13,VL7,Borkumriff,53.6100239031272,5.716573689324793,70.97728207617058,12.0,185.66100673634466,77.63214543243598
930,Zeebrugge - Bremerhaven,SEA,PILOT_TO_PILOT,11,930,137,12,13,VL7,Borkumriff,53.611077909312364,5.721901999425719,70.97728207617058,12.0,185.86107458625926,77.43207758252137
931,Zeebrugge - Bremerhaven,SEA,PILOT_TO_PILOT,11,931,138,12,13,VL7,Borkumriff,53.61213167883694,5.727230575510406,70.97728207617058,12.0,186.06114243617387,77.23200973260677
932,Zeebrugge - Bremerhaven,SEA,PILOT_TO_PILOT,11,932,139,12,13,VL7,Borkumriff,53.61318521168,5.732559417542637,70.97728207617058,12.0,186.26121028608847,77.03194188269217
933,Zeebrugge - Bremerhaven,SEA,PILOT_TO_PILOT,11,933,140,12,13,VL7,Borkumriff,53.61423850782059,5.737888525486175,70.97728207617058,12.0,186.46127813600307,76.83187403277756
934,Zeebrugge - Bremerhaven,SEA,PILOT_TO_PILOT,11,934,141,12,13,VL7,Borkumriff,53.61529156723782,5.743217899304769,70.97728207617058,12.0,186.66134598591768,76.63180618286296
935,Zeebrugge - Bremerhaven,SEA,PILOT_TO_PILOT,11,935,142,12,13,VL7,Borkumriff,53.616344389910765,5.7485475389621445,70.97728207617058,12.0,186.86141383583228,76.43173833294836
936,Zeebrugge - Bremerhaven,SEA,PILOT_TO_PILOT,11,936,143,12,13,VL7,Borkumriff,53.61739697581848,5.75387744442201,70.97728207617058,12.0,187.06148168574688,76.23167048303375
937,Zeebrugge - Bremerhaven,SEA,PILOT_TO_PILOT,11,937,144,12,13,VL7,Borkumriff,53.61844932494009,5.7592076156480605,70.97728207617058,12.0,187.2615495356615,76.03160263311915
938,Zeebrugge - Bremerhaven,SEA,PILOT_TO_PILOT,11,938,145,12,13,VL7,Borkumriff,53.61950143725465,5.764538052603965,70.97728207617058,12.0,187.4616173855761,75.83153478320455
939,Zeebrugge - Bremerhaven,SEA,PILOT_TO_PILOT,11,939,146,12,13,VL7,Borkumriff,53.62055331274125,5.769868755253379,70.97728207617058,12.0,187.6616852354907,75.63146693328994
940,Zeebrugge - Bremerhaven,SEA,PILOT_TO_PILOT,11,940,147,12,13,VL7,Borkumriff,53.62160495137901,5.775199723559939,70.97728207617058,12.0,187.8617530854053,75.43139908337534
941,Zeebrugge - Bremerhaven,SEA,PILOT_TO_PILOT,11,941,148,12,13,VL7,Borkumriff,53.622656353146986,5.780530957487259,70.97728207617058,12.0,188.0618209353199,75.23133123346074
942,Zeebrugge - Bremerhaven,SEA,PILOT_TO_PILOT,11,942,149,12,13,VL7,Borkumriff,53.6237075180243,5.785862456998942,70.97728207617058,12.0,188.26188878523448,75.03126338354616
943,Zeebrugge - Bremerhaven,SEA,PILOT_TO_PILOT,11,943,150,12,13,VL7,Borkumriff,53.62475844599004,5.791194222058567,70.97728207617058,12.0,188.46195663514908,74.83119553363156
944,Zeebrugge - Bremerhaven,SEA,PILOT_TO_PILOT,11,944,151,12,13,VL7,Borkumriff,53.6258091370233,5.796526252629695,70.97728207617058,12.0,188.66202448506368,74.63112768371695
945,Zeebrugge - Bremerhaven,SEA,PILOT_TO_PILOT,11,945,152,12,13,VL7,Borkumriff,53.6268595911032,5.801858548675869,70.97728207617058,12.0,188.86209233497829,74.43105983380235
946,Zeebrugge - Bremerhaven,SEA,PILOT_TO_PILOT,11,946,153,12,13,VL7,Borkumriff,53.627909808208834,5.807191110160617,70.97728207617058,12.0,189.0621601848929,74.23099198388775
947,Zeebrugge - Bremerhaven,SEA,PILOT_TO_PILOT,11,947,154,12,13,VL7,Borkumriff,53.62895978831931,5.812523937047444,70.97728207617058,12.0,189.2622280348075,74.03092413397314
948,Zeebrugge - Bremerhaven,SEA,PILOT_TO_PILOT,11,948,155,12,13,VL7,Borkumriff,53.63000953141374,5.817857029299837,70.97728207617058,12.0,189.4622958847221,73.83085628405854
949,Zeebrugge - Bremerhaven,SEA,PILOT_TO_PILOT,11,949,156,12,13,VL7,Borkumriff,53.63105903747123,5.823190386881269,70.97728207617058,12.0,189.6623637346367,73.63078843414394
950,Zeebrugge - Bremerhaven,SEA,PILOT_TO_PILOT,11,950,157,12,13,VL7,Borkumriff,53.63210830647089,5.828524009755188,70.97728207617058,12.0,189.8624315845513,73.43072058422933
951,Zeebrugge - Bremerhaven,SEA,PILOT_TO_PILOT,11,951,158,12,13,VL7,Borkumriff,53.63315733839186,5.8338578978850295,70.97728207617058,12.0,190.0624994344659,73.23065273431473
952,Zeebrugge - Bremerhaven,SEA,PILOT_TO_PILOT,11,952,159,12,13,VL7,Borkumriff,53.63420613321324,5.839192051234207,70.97728207617058,12.0,190.2625672843805,73.03058488440013
953,Zeebrugge - Bremerhaven,SEA,PILOT_TO_PILOT,11,953,160,12,13,VL7,Borkumriff,53.635254690914145,5.844526469766116,70.97728207617058,12.0,190.4626351342951,72.83051703448552
954,Zeebrugge - Bremerhaven,SEA,PILOT_TO_PILOT,11,954,161,12,13,VL7,Borkumriff,53.63630301147373,5.849861153444136,70.97728207617058,12.0,190.66270298420972,72.63044918457092
955,Zeebrugge - Bremerhaven,SEA,PILOT_TO_PILOT,11,955,162,12,13,VL7,Borkumriff,53.63735109487107,5.8551961022316235,70.97728207617058,12.0,190.86277083412432,72.43038133465632
956,Zeebrugge - Bremerhaven,SEA,PILOT_TO_PILOT,11,956,163,12,13,VL7,Borkumriff,53.63839894108535,5.860531316091921,70.97728207617058,12.0,191.06283868403892,72.23031348474171
957,Zeebrugge - Bremerhaven,SEA,PILOT_TO_PILOT,11,957,164,12,13,VL7,Borkumriff,53.63944655009566,5.865866794988352,70.97728207617058,12.0,191.26290653395353,72.03024563482711
958,Zeebrugge - Bremerhaven,SEA,PILOT_TO_PILOT,11,958,165,12,13,VL7,Borkumriff,53.64049392188114,5.8712025388842175,70.97728207617058,12.0,191.46297438386813,71.83017778491251
959,Zeebrugge - Bremerhaven,SEA,PILOT_TO_PILOT,11,959,166,12,13,VL7,Borkumriff,53.64154105642095,5.876538547742805,70.97728207617058,12.0,191.66304223378273,71.6301099349979
960,Zeebrugge - Bremerhaven,SEA,PILOT_TO_PILOT,11,960,167,12,13,VL7,Borkumriff,53.64258795369418,5.881874821527381,70.97728207617058,12.0,191.86311008369734,71.4300420850833
961,Zeebrugge - Bremerhaven,SEA,PILOT_TO_PILOT,11,961,168,12,13,VL7,Borkumriff,53.64363461368003,5.887211360201194,70.97728207617058,12.0,192.0631779336119,71.22997423516873
962,Zeebrugge - Bremerhaven,SEA,PILOT_TO_PILOT,11,962,169,12,13,VL7,Borkumriff,53.64468103635759,5.892548163727472,70.97728207617058,12.0,192.26324578352651,71.02990638525412
963,Zeebrugge - Bremerhaven,SEA,PILOT_TO_PILOT,11,963,170,12,13,VL7,Borkumriff,53.64572722170604,5.89788523206943,70.97728207617058,12.0,192.46331363344112,70.82983853533952
964,Zeebrugge - Bremerhaven,SEA,PILOT_TO_PILOT,11,964,171,12,13,VL7,Borkumriff,53.646773169704495,5.903222565190259,70.97728207617058,12.0,192.66338148335572,70.62977068542492
965,Zeebrugge - Bremerhaven,SEA,PILOT_TO_PILOT,11,965,172,12,13,VL7,Borkumriff,53.64781888033214,5.908560163053136,70.97728207617058,12.0,192.86344933327032,70.42970283551031
966,Zeebrugge - Bremerhaven,SEA,PILOT_TO_PILOT,11,966,173,12,13,VL7,Borkumriff,53.648864353568094,5.913898025621215,70.97728207617058,12.0,193.06351718318493,70.22963498559571
967,Zeebrugge - Bremerhaven,SEA,PILOT_TO_PILOT,11,967,174,12,13,VL7,Borkumriff,53.64990958939153,5.919236152857635,70.97728207617058,12.0,193.26358503309953,70.0295671356811
968,Zeebrugge - Bremerhaven,SEA,PILOT_TO_PILOT,11,968,175,12,13,VL7,Borkumriff,53.6509545877816,5.924574544725514,70.97728207617058,12.0,193.46365288301413,69.8294992857665
969,Zeebrugge - Bremerhaven,SEA,PILOT_TO_PILOT,11,969,176,12,13,VL7,Borkumriff,53.65199934871745,5.929913201187954,70.97728207617058,12.0,193.66372073292874,69.6294314358519
970,Zeebrugge - Bremerhaven,SEA,PILOT_TO_PILOT,11,970,177,12,13,VL7,Borkumriff,53.653043872178266,5.935252122208038,70.97728207617058,12.0,193.86378858284334,69.4293635859373
971,Zeebrugge - Bremerhaven,SEA,PILOT_TO_PILOT,11,971,178,12,13,VL7,Borkumriff,53.654088158143196,5.940591307748828,70.97728207617058,12.0,194.06385643275794,69.22929573602269
972,Zeebrugge - Bremerhaven,SEA,PILOT_TO_PILOT,11,972,179,12,13,VL7,Borkumriff,53.65513220659141,5.945930757773373,70.97728207617058,12.0,194.26392428267255,69.02922788610809
973,Zeebrugge - Bremerhaven,SEA,PILOT_TO_PILOT,11,973,180,12,13,VL7,Borkumriff,53.65617601750207,5.951270472244697,70.97728207617058,12.0,194.46399213258712,68.82916003619351
974,Zeebrugge - Bremerhaven,SEA,PILOT_TO_PILOT,11,974,181,12,13,VL7,Borkumriff,53.65721959085435,5.956610451125808,70.97728207617058,12.0,194.66405998250173,68.62909218627891
975,Zeebrugge - Bremerhaven,SEA,PILOT_TO_PILOT,11,975,182,12,13,VL7,Borkumriff,53.65826292662743,5.961950694379699,70.97728207617058,12.0,194.86412783241633,68.42902433636431
976,Zeebrugge - Bremerhaven,SEA,PILOT_TO_PILOT,11,976,183,12,13,VL7,Borkumriff,53.65930602480048,5.967291201969342,70.97728207617058,12.0,195.06419568233093,68.2289564864497
977,Zeebrugge - Bremerhaven,SEA,PILOT_TO_PILOT,11,977,184,12,13,VL7,Borkumriff,53.66034888535267,5.972631973857687,70.97728207617058,12.0,195.26426353224554,68.0288886365351
978,Zeebrugge - Bremerhaven,SEA,PILOT_TO_PILOT,11,978,185,12,13,VL7,Borkumriff,53.66139150826319,5.97797301000767,70.97728207617058,12.0,195.46433138216014,67.8288207866205
979,Zeebrugge - Bremerhaven,SEA,PILOT_TO_PILOT,11,979,186,12,13,VL7,Borkumriff,53.66243389351121,5.983314310382209,70.97728207617058,12.0,195.66439923207474,67.6287529367059
980,Zeebrugge - Bremerhaven,SEA,PILOT_TO_PILOT,11,980,187,12,13,VL7,Borkumriff,53.663476041075924,5.988655874944201,70.97728207617058,12.0,195.86446708198935,67.42868508679129
981,Zeebrugge - Bremerhaven,SEA,PILOT_TO_PILOT,11,981,188,12,13,VL7,Borkumriff,53.66451795093652,5.9939977036565235,70.97728207617058,12.0,196.06453493190395,67.22861723687669
982,Zeebrugge - Bremerhaven,SEA,PILOT_TO_PILOT,11,982,189,12,13,VL7,Borkumriff,53.66555962307219,5.999339796482041,70.97728207617058,12.0,196.26460278181855,67.02854938696208
983,Zeebrugge - Bremerhaven,SEA,PILOT_TO_PILOT,11,983,190,12,13,VL7,Borkumriff,53.666601057462124,6.004682153383593,70.97728207617058,12.0,196.46467063173316,66.82848153704748
984,Zeebrugge - Bremerhaven,SEA,PILOT_TO_PILOT,11,984,191,12,13,VL7,Borkumriff,53.6676422540855,6.010024774324004,70.97728207617058,12.0,196.66473848164776,66.62841368713288
985,Zeebrugge - Bremerhaven,SEA,PILOT_TO_PILOT,11,985,192,12,13,VL7,Borkumriff,53.668683212921536,6.015367659266081,70.97728207617058,12.0,196.86480633156236,66.42834583721827
986,Zeebrugge - Bremerhaven,SEA,PILOT_TO_PILOT,11,986,193,12,13,VL7,Borkumriff,53.66972393394943,6.020710808172609,70.97728207617058,12.0,197.06487418147697,66.22827798730367
987,Zeebrugge - Bremerhaven,SEA,PILOT_TO_PILOT,11,987,194,12,13,VL7,Borkumriff,53.67076441714836,6.0260542210063575,70.97728207617058,12.0,197.26494203139157,66.02821013738907
988,Zeebrugge - Bremerhaven,SEA,PILOT_TO_PILOT,11,988,195,12,13,VL7,Borkumriff,53.67180466249755,6.031397897730077,70.97728207617058,12.0,197.46500988130617,65.82814228747446
989,Zeebrugge - Bremerhaven,SEA,PILOT_TO_PILOT,11,989,196,12,13,VL7,Borkumriff,53.67284466997621,6.036741838306499,70.97728207617058,12.0,197.66507773122078,65.62807443755986
990,Zeebrugge - Bremerhaven,SEA,PILOT_TO_PILOT,11,990,197,12,13,VL7,Borkumriff,53.67388443956353,6.042086042698337,70.97728207617058,12.0,197.86514558113538,65.42800658764526
991,Zeebrugge - Bremerhaven,SEA,PILOT_TO_PILOT,11,991,198,12,13,VL7,Borkumriff,53.67492397123875,6.047430510868286,70.97728207617058,12.0,198.06521343104998,65.22793873773065
992,Zeebrugge - Bremerhaven,SEA,PILOT_TO_PILOT,11,992,199,12,13,VL7,Borkumriff,53.675963264981036,6.05277524277902,70.97728207617058,12.0,198.26528128096456,65.02787088781608
993,Zeebrugge - Bremerhaven,SEA,PILOT_TO_PILOT,11,993,200,12,13,VL7,Borkumriff,53.677002320769645,6.058120238393198,70.97728207617058,12.0,198.46534913087916,64.82780303790148
994,Zeebrugge - Bremerhaven,SEA,PILOT_TO_PILOT,11,994,201,12,13,VL7,Borkumriff,53.678041138583794,6.06346549767346,70.97728207617058,12.0,198.66541698079376,64.62773518798687
995,Zeebrugge - Bremerhaven,SEA,PILOT_TO_PILOT,11,995,202,12,13,VL7,Borkumriff,53.67907971840267,6.068811020582426,70.97728207617058,12.0,198.86548483070837,64.42766733807227
996,Zeebrugge - Bremerhaven,SEA,PILOT_TO_PILOT,11,996,203,12,13,VL7,Borkumriff,53.68011806020553,6.074156807082699,70.97728207617058,12.0,199.06555268062297,64.22759948815767
997,Zeebrugge - Bremerhaven,SEA,PILOT_TO_PILOT,11,997,204,12,13,VL7,Borkumriff,53.68115616397157,6.079502857136862,70.97728207617058,12.0,199.26562053053757,64.02753163824306
998,Zeebrugge - Bremerhaven,SEA,PILOT_TO_PILOT,11,998,205,12,13,VL7,Borkumriff,53.682194029680055,6.08484917070748,70.97728207617058,12.0,199.46568838045218,63.82746378832846
999,Zeebrugge - Bremerhaven,SEA,PILOT_TO_PILOT,11,999,206,12,13,VL7,Borkumriff,53.683231657310195,6.090195747757102,70.97728207617058,12.0,199.66575623036678,63.627395938413855
1000,Zeebrugge - Bremerhaven,SEA,PILOT_TO_PILOT,11,1000,207,12,13,VL7,Borkumriff,53.6842690468412,6.0955425882482555,70.97728207617058,12.0,199.86582408028139,63.42732808849925
1001,Zeebrugge - Bremerhaven,SEA,PILOT_TO_PILOT,11,1001,208,12,13,VL7,Borkumriff,53.68530619825234,6.100889692143448,70.97728207617058,12.0,200.065891930196,63.22726023858465
1002,Zeebrugge - Bremerhaven,SEA,PILOT_TO_PILOT,11,1002,209,12,13,VL7,Borkumriff,53.68634311152284,6.106237059405175,70.97728207617058,12.0,200.2659597801106,63.027192388670045
1003,Zeebrugge - Bremerhaven,SEA,PILOT_TO_PILOT,11,1003,210,12,13,VL7,Borkumriff,53.687379786631936,6.1115846899959045,70.97728207617058,12.0,200.4660276300252,62.82712453875544
1004,Zeebrugge - Bremerhaven,SEA,PILOT_TO_PILOT,11,1004,211,12,13,VL7,Borkumriff,53.68841622355886,6.116932583878095,70.97728207617058,12.0,200.66609547993977,62.62705668884087
1005,Zeebrugge - Bremerhaven,SEA,PILOT_TO_PILOT,11,1005,212,12,13,VL7,Borkumriff,53.68945242228289,6.122280741014183,70.97728207617058,12.0,200.86616332985437,62.42698883892626
1006,Zeebrugge - Bremerhaven,SEA,PILOT_TO_PILOT,11,1006,213,12,13,VL7,Borkumriff,53.69048838278323,6.127629161366581,70.97728207617058,12.0,201.06623117976898,62.22692098901166
1007,Zeebrugge - Bremerhaven,SEA,PILOT_TO_PILOT,11,1007,214,12,13,VL7,Borkumriff,53.69152410503918,6.132977844897694,70.97728207617058,12.0,201.26629902968358,62.02685313909706
1008,Zeebrugge - Bremerhaven,SEA,PILOT_TO_PILOT,11,1008,215,12,13,VL7,Borkumriff,53.692559589029926,6.138326791569899,70.97728207617058,12.0,201.46636687959818,61.82678528918245
1009,Zeebrugge - Bremerhaven,SEA,PILOT_TO_PILOT,11,1009,216,12,13,VL7,Borkumriff,53.69359483473478,6.1436760013455585,70.97728207617058,12.0,201.6664347295128,61.62671743926785
1010,Zeebrugge - Bremerhaven,SEA,PILOT_TO_PILOT,11,1010,217,12,13,VL7,Borkumriff,53.694629842132976,6.1490254741870185,70.97728207617058,12.0,201.8665025794274,61.42664958935325
1011,Zeebrugge - Bremerhaven,SEA,PILOT_TO_PILOT,11,1011,218,12,13,VL7,Borkumriff,53.695664611203775,6.154375210056599,70.97728207617058,12.0,202.066570429342,61.22658173943864
1012,Zeebrugge - Bremerhaven,SEA,PILOT_TO_PILOT,11,1012,219,12,13,VL7,Borkumriff,53.69669914192642,6.159725208916609,70.97728207617058,12.0,202.2666382792566,61.02651388952404
1013,Zeebrugge - Bremerhaven,SEA,PILOT_TO_PILOT,11,1013,220,12,13,VL7,Borkumriff,53.697733434280224,6.165075470729338,70.97728207617058,12.0,202.4667061291712,60.826446039609436
1014,Zeebrugge - Bremerhaven,SEA,PILOT_TO_PILOT,11,1014,221,12,13,VL7,Borkumriff,53.69876748824441,6.170425995457055,70.97728207617058,12.0,202.6667739790858,60.62637818969483
1015,Zeebrugge - Bremerhaven,SEA,PILOT_TO_PILOT,11,1015,222,12,13,VL7,Borkumriff,53.699801303798246,6.17577678306201,70.97728207617058,12.0,202.8668418290004,60.42631033978023
1016,Zeebrugge - Bremerhaven,SEA,PILOT_TO_PILOT,11,1016,223,12,13,VL7,Borkumriff,53.700834880921015,6.181127833506437,70.97728207617058,12.0,203.066909678915,60.226242489865626
1017,Zeebrugge - Bremerhaven,SEA,PILOT_TO_PILOT,11,1017,224,12,13,VL7,Borkumriff,53.701868219592,6.186479146752547,70.97728207617058,12.0,203.2669775288296,60.02617463995102
1018,Zeebrugge - Bremerhaven,SEA,PILOT_TO_PILOT,11,1018,225,12,13,VL7,Borkumriff,53.70290131979047,6.19183072276254,70.97728207617058,12.0,203.46704537874422,59.82610679003642
1019,Zeebrugge - Bremerhaven,SEA,PILOT_TO_PILOT,11,1019,226,12,13,VL7,Borkumriff,53.703934181495704,6.197182561498591,70.97728207617058,12.0,203.66711322865882,59.626038940121816
1020,Zeebrugge - Bremerhaven,SEA,PILOT_TO_PILOT,11,1020,227,12,13,VL7,Borkumriff,53.70496680468697,6.202534662922856,70.97728207617058,12.0,203.86718107857342,59.42597109020721
1021,Zeebrugge - Bremerhaven,SEA,PILOT_TO_PILOT,11,1021,228,12,13,VL7,Borkumriff,53.705999189343565,6.20788702699748,70.97728207617058,12.0,204.06724892848803,59.22590324029261
1022,Zeebrugge - Bremerhaven,SEA,PILOT_TO_PILOT,11,1022,229,12,13,VL7,Borkumriff,53.70703133544477,6.213239653684582,70.97728207617058,12.0,204.26731677840263,59.025835390378006
1023,Zeebrugge - Bremerhaven,SEA,PILOT_TO_PILOT,11,1023,230,12,13,VL7,Borkumriff,53.708063242969885,6.218592542946267,70.97728207617058,12.0,204.46738462831723,58.8257675404634
1024,Zeebrugge - Bremerhaven,SEA,PILOT_TO_PILOT,11,1024,231,12,13,VL7,Borkumriff,53.709094911898184,6.223945694744617,70.97728207617058,12.0,204.6674524782318,58.62569969054883
1025,Zeebrugge - Bremerhaven,SEA,PILOT_TO_PILOT,11,1025,232,12,13,VL7,Borkumriff,53.71012634220897,6.229299109041698,70.97728207617058,12.0,204.8675203281464,58.425631840634225
1026,Zeebrugge - Bremerhaven,SEA,PILOT_TO_PILOT,11,1026,233,12,13,VL7,Borkumriff,53.711157533881526,6.2346527857995575,70.97728207617058,12.0,205.06758817806102,58.22556399071962
1027,Zeebrugge - Bremerhaven,SEA,PILOT_TO_PILOT,11,1027,234,12,13,VL7,Borkumriff,53.71218848689516,6.240006724980226,70.97728207617058,12.0,205.26765602797562,58.02549614080502
1028,Zeebrugge - Bremerhaven,SEA,PILOT_TO_PILOT,11,1028,235,12,13,VL7,Borkumriff,53.71321920122918,6.2453609265457155,70.97728207617058,12.0,205.46772387789022,57.825428290890414
1029,Zeebrugge - Bremerhaven,SEA,PILOT_TO_PILOT,11,1029,236,12,13,VL7,Borkumriff,53.71424967686288,6.250715390458016,70.97728207617058,12.0,205.66779172780483,57.62536044097581
1030,Zeebrugge - Bremerhaven,SEA,PILOT_TO_PILOT,11,1030,237,12,13,VL7,Borkumriff,53.715279913775554,6.256070116679101,70.97728207617058,12.0,205.86785957771943,57.42529259106121
1031,Zeebrugge - Bremerhaven,SEA,PILOT_TO_PILOT,11,1031,238,12,13,VL7,Borkumriff,53.71630991194653,6.261425105170927,70.97728207617058,12.0,206.06792742763403,57.225224741146604
1032,Zeebrugge - Bremerhaven,SEA,PILOT_TO_PILOT,11,1032,239,12,13,VL7,Borkumriff,53.71733967135512,6.266780355895429,70.97728207617058,12.0,206.26799527754864,57.025156891232
1033,Zeebrugge - Bremerhaven,SEA,PILOT_TO_PILOT,11,1033,240,12,13,VL7,Borkumriff,53.718369191980614,6.272135868814527,70.97728207617058,12.0,206.46806312746324,56.8250890413174
1034,Zeebrugge - Bremerhaven,SEA,PILOT_TO_PILOT,11,1034,241,12,13,VL7,Borkumriff,53.71939847380235,6.2774916438901185,70.97728207617058,12.0,206.66813097737784,56.625021191402794
1035,Zeebrugge - Bremerhaven,SEA,PILOT_TO_PILOT,11,1035,242,12,13,VL7,Borkumriff,53.72042751679963,6.282847681084085,70.97728207617058,12.0,206.86819882729245,56.42495334148819
1036,Zeebrugge - Bremerhaven,SEA,PILOT_TO_PILOT,11,1036,243,12,13,VL7,Borkumriff,53.72145632095178,6.288203980358291,70.97728207617058,12.0,207.06826667720702,56.224885491573616
1037,Zeebrugge - Bremerhaven,SEA,PILOT_TO_PILOT,11,1037,244,12,13,VL7,Borkumriff,53.72248488623812,6.293560541674577,70.97728207617058,12.0,207.26833452712162,56.02481764165901
1038,Zeebrugge - Bremerhaven,SEA,PILOT_TO_PILOT,11,1038,245,12,13,VL7,Borkumriff,53.72351321263798,6.298917364994771,70.97728207617058,12.0,207.46840237703623,55.82474979174441
1039,Zeebrugge - Bremerhaven,SEA,PILOT_TO_PILOT,11,1039,246,12,13,VL7,Borkumriff,53.72454130013068,6.304274450280679,70.97728207617058,12.0,207.66847022695083,55.624681941829806
1040,Zeebrugge - Bremerhaven,SEA,PILOT_TO_PILOT,11,1040,247,12,13,VL7,Borkumriff,53.72556914869557,6.309631797494092,70.97728207617058,12.0,207.86853807686543,55.4246140919152
1041,Zeebrugge - Bremerhaven,SEA,PILOT_TO_PILOT,11,1041,248,12,13,VL7,Borkumriff,53.726596758311956,6.3149894065967755,70.97728207617058,12.0,208.06860592678004,55.2245462420006
1042,Zeebrugge - Bremerhaven,SEA,PILOT_TO_PILOT,11,1042,249,12,13,VL7,Borkumriff,53.727624128959185,6.320347277550484,70.97728207617058,12.0,208.26867377669464,55.024478392085996
1043,Zeebrugge - Bremerhaven,SEA,PILOT_TO_PILOT,11,1043,250,12,13,VL7,Borkumriff,53.728651260616594,6.325705410316951,70.97728207617058,12.0,208.46874162660924,54.82441054217139
1044,Zeebrugge - Bremerhaven,SEA,PILOT_TO_PILOT,11,1044,251,12,13,VL7,Borkumriff,53.72967815326352,6.331063804857887,70.97728207617058,12.0,208.66880947652385,54.62434269225679
1045,Zeebrugge - Bremerhaven,SEA,PILOT_TO_PILOT,11,1045,252,12,13,VL7,Borkumriff,53.730704806879324,6.336422461134995,70.97728207617058,12.0,208.86887732643845,54.424274842342186
1046,Zeebrugge - Bremerhaven,SEA,PILOT_TO_PILOT,11,1046,253,12,13,VL7,Borkumriff,53.73173122144332,6.341781379109946,70.97728207617058,12.0,209.06894517635305,54.22420699242758
1047,Zeebrugge - Bremerhaven,SEA,PILOT_TO_PILOT,11,1047,254,12,13,VL7,Borkumriff,53.73275739693487,6.3471405587444005,70.97728207617058,12.0,209.26901302626766,54.02413914251298
1048,Zeebrugge - Bremerhaven,SEA,PILOT_TO_PILOT,12,1048,0,13,14,Borkumriff,TG7w1,53.733783333333335,6.3525,76.46516557942522,12.0,209.46908087618226,53.824071292598376
1049,Zeebrugge - Bremerhaven,SEA,PILOT_TO_PILOT,12,1049,1,13,14,Borkumriff,TG7w1,53.73456164290482,6.357966781385078,76.46516557942522,12.0,209.66878276517275,53.624369403607886
1050,Zeebrugge - Bremerhaven,SEA,PILOT_TO_PILOT,12,1050,2,13,14,Borkumriff,TG7w1,53.73533970369367,6.363433765185888,76.46516557942522,12.0,209.86848465416327,53.42466751461737
1051,Zeebrugge - Bremerhaven,SEA,PILOT_TO_PILOT,12,1051,3,13,14,Borkumriff,TG7w1,53.73611751568355,6.368900951350969,76.46516557942522,12.0,210.06818654315376,53.22496562562688
1052,Zeebrugge - Bremerhaven,SEA,PILOT_TO_PILOT,12,1052,4,13,14,Borkumriff,TG7w1,53.736895078858204,6.374368339828843,76.46516557942522,12.0,210.26788843214425,53.02526373663639
1053,Zeebrugge - Bremerhaven,SEA,PILOT_TO_PILOT,12,1053,5,13,14,Borkumriff,TG7w1,53.73767239320134,6.379835930568019,76.46516557942522,12.0,210.46759032113476,52.82556184764587
1054,Zeebrugge - Bremerhaven,SEA,PILOT_TO_PILOT,12,1054,6,13,14,Borkumriff,TG7w1,53.73844945869667,6.3853037235169925,76.46516557942522,12.0,210.66729221012525,52.62585995865538
1055,Zeebrugge - Bremerhaven,SEA,PILOT_TO_PILOT,12,1055,7,13,14,Borkumriff,TG7w1,53.73922627532791,6.390771718624232,76.46516557942522,12.0,210.86699409911574,52.42615806966489
1056,Zeebrugge - Bremerhaven,SEA,PILOT_TO_PILOT,12,1056,8,13,14,Borkumriff,TG7w1,53.740002843078805,6.396239915838206,76.46516557942522,12.0,211.06669598810623,52.226456180674404
1057,Zeebrugge - Bremerhaven,SEA,PILOT_TO_PILOT,12,1057,9,13,14,Borkumriff,TG7w1,53.740779161933055,6.401708315107352,76.46516557942522,12.0,211.26639787709675,52.026754291683886
1058,Zeebrugge - Bremerhaven,SEA,PILOT_TO_PILOT,12,1058,10,13,14,Borkumriff,TG7w1,53.741555231874415,6.407176916380105,76.46516557942522,12.0,211.46609976608724,51.8270524026934
1059,Zeebrugge - Bremerhaven,SEA,PILOT_TO_PILOT,12,1059,11,13,14,Borkumriff,TG7w1,53.74233105288661,6.412645719604875,76.46516557942522,12.0,211.66580165507773,51.62735051370291
1060,Zeebrugge - Bremerhaven,SEA,PILOT_TO_PILOT,12,1060,12,13,14,Borkumriff,TG7w1,53.74310662495339,6.4181147247300565,76.46516557942522,12.0,211.86550354406825,51.42764862471239
1061,Zeebrugge - Bremerhaven,SEA,PILOT_TO_PILOT,12,1061,13,13,14,Borkumriff,TG7w1,53.743881948058494,6.423583931704034,76.46516557942522,12.0,212.06520543305874,51.2279467357219
1062,Zeebrugge - Bremerhaven,SEA,PILOT_TO_PILOT,12,1062,14,13,14,Borkumriff,TG7w1,53.74465702218567,6.429053340475172,76.46516557942522,12.0,212.26490732204923,51.02824484673141
1063,Zeebrugge - Bremerhaven,SEA,PILOT_TO_PILOT,12,1063,15,13,14,Borkumriff,TG7w1,53.74543184731866,6.434522950991821,76.46516557942522,12.0,212.46460921103974,50.82854295774089
1064,Zeebrugge - Bremerhaven,SEA,PILOT_TO_PILOT,12,1064,16,13,14,Borkumriff,TG7w1,53.74620642344124,6.439992763202315,76.46516557942522,12.0,212.66431110003023,50.628841068750404
1065,Zeebrugge - Bremerhaven,SEA,PILOT_TO_PILOT,12,1065,17,13,14,Borkumriff,TG7w1,53.746980750537155,6.445462777054971,76.46516557942522,12.0,212.86401298902072,50.429139179759915
1066,Zeebrugge - Bremerhaven,SEA,PILOT_TO_PILOT,12,1066,18,13,14,Borkumriff,TG7w1,53.747754828590175,6.450932992498093,76.46516557942522,12.0,213.06371487801124,50.2294372907694
1067,Zeebrugge - Bremerhaven,SEA,PILOT_TO_PILOT,12,1067,19,13,14,Borkumriff,TG7w1,53.74852865758406,6.4564034094799645,76.46516557942522,12.0,213.26341676700173,50.02973540177891
1068,Zeebrugge - Bremerhaven,SEA,PILOT_TO_PILOT,12,1068,20,13,14,Borkumriff,TG7w1,53.74930223750259,6.461874027948859,76.46516557942522,12.0,213.46311865599222,49.83003351278842
1069,Zeebrugge - Bremerhaven,SEA,PILOT_TO_PILOT,12,1069,21,13,14,Borkumriff,TG7w1,53.75007556832953,6.467344847853029,76.46516557942522,12.0,213.66282054498274,49.6303316237979
1070,Zeebrugge - Bremerhaven,SEA,PILOT_TO_PILOT,12,1070,22,13,14,Borkumriff,TG7w1,53.750848650048674,6.472815869140717,76.46516557942522,12.0,213.86252243397323,49.43062973480741
1071,Zeebrugge - Bremerhaven,SEA,PILOT_TO_PILOT,12,1071,23,13,14,Borkumriff,TG7w1,53.75162148264379,6.478287091760144,76.46516557942522,12.0,214.06222432296371,49.23092784581692
1072,Zeebrugge - Bremerhaven,SEA,PILOT_TO_PILOT,12,1072,24,13,14,Borkumriff,TG7w1,53.752394066098674,6.4837585156595186,76.46516557942522,12.0,214.26192621195423,49.031225956826404
1073,Zeebrugge - Bremerhaven,SEA,PILOT_TO_PILOT,12,1073,25,13,14,Borkumriff,TG7w1,53.7531664003971,6.489230140787031,76.46516557942522,12.0,214.46162810094472,48.831524067835915
1074,Zeebrugge - Bremerhaven,SEA,PILOT_TO_PILOT,12,1074,26,13,14,Borkumriff,TG7w1,53.75393848552288,6.494701967090857,76.46516557942522,12.0,214.6613299899352,48.631822178845425
1075,Zeebrugge - Bremerhaven,SEA,PILOT_TO_PILOT,12,1075,27,13,14,Borkumriff,TG7w1,53.75471032145981,6.500173994519161,76.46516557942522,12.0,214.8610318789257,48.432120289854936
1076,Zeebrugge - Bremerhaven,SEA,PILOT_TO_PILOT,12,1076,28,13,14,Borkumriff,TG7w1,53.75548190819168,6.505646223020083,76.46516557942522,12.0,215.06073376791622,48.23241840086442
1077,Zeebrugge - Bremerhaven,SEA,PILOT_TO_PILOT,12,1077,29,13,14,Borkumriff,TG7w1,53.756253245702304,6.511118652541752,76.46516557942522,12.0,215.2604356569067,48.03271651187393
1078,Zeebrugge - Bremerhaven,SEA,PILOT_TO_PILOT,12,1078,30,13,14,Borkumriff,TG7w1,53.7570243339755,6.516591283032286,76.46516557942522,12.0,215.4601375458972,47.83301462288344
1079,Zeebrugge - Bremerhaven,SEA,PILOT_TO_PILOT,12,1079,31,13,14,Borkumriff,TG7w1,53.75779517299507,6.5220641144397735,76.46516557942522,12.0,215.65983943488772,47.63331273389292
1080,Zeebrugge - Bremerhaven,SEA,PILOT_TO_PILOT,12,1080,32,13,14,Borkumriff,TG7w1,53.75856576274482,6.527537146712303,76.46516557942522,12.0,215.8595413238782,47.43361084490243
1081,Zeebrugge - Bremerhaven,SEA,PILOT_TO_PILOT,12,1081,33,13,14,Borkumriff,TG7w1,53.75933610320861,6.533010379797938,76.46516557942522,12.0,216.0592432128687,47.23390895591194
1082,Zeebrugge - Bremerhaven,SEA,PILOT_TO_PILOT,12,1082,34,13,14,Borkumriff,TG7w1,53.76010619437022,6.538483813644728,76.46516557942522,12.0,216.2589451018592,47.034207066921425
1083,Zeebrugge - Bremerhaven,SEA,PILOT_TO_PILOT,12,1083,35,13,14,Borkumriff,TG7w1,53.7608760362135,6.543957448200707,76.46516557942522,12.0,216.4586469908497,46.834505177930936
1084,Zeebrugge - Bremerhaven,SEA,PILOT_TO_PILOT,12,1084,36,13,14,Borkumriff,TG7w1,53.7616456287223,6.549431283413893,76.46516557942522,12.0,216.6583488798402,46.63480328894045
1085,Zeebrugge - Bremerhaven,SEA,PILOT_TO_PILOT,12,1085,37,13,14,Borkumriff,TG7w1,53.76241497188042,6.55490531923229,76.46516557942522,12.0,216.8580507688307,46.43510139994993
1086,Zeebrugge - Bremerhaven,SEA,PILOT_TO_PILOT,12,1086,38,13,14,Borkumriff,TG7w1,53.76318406567172,6.560379555603882,76.46516557942522,12.0,217.0577526578212,46.23539951095944
1087,Zeebrugge - Bremerhaven,SEA,PILOT_TO_PILOT,12,1087,39,13,14,Borkumriff,TG7w1,53.76395291008006,6.5658539924766455,76.46516557942522,12.0,217.2574545468117,46.03569762196895
1088,Zeebrugge - Bremerhaven,SEA,PILOT_TO_PILOT,12,1088,40,13,14,Borkumriff,TG7w1,53.76472150508925,6.571328629798529,76.46516557942522,12.0,217.45715643580218,45.83599573297846
1089,Zeebrugge - Bremerhaven,SEA,PILOT_TO_PILOT,12,1089,41,13,14,Borkumriff,TG7w1,53.76548985068318,6.576803467517477,76.46516557942522,12.0,217.6568583247927,45.63629384398794
1090,Zeebrugge - Bremerhaven,SEA,PILOT_TO_PILOT,12,1090,42,13,14,Borkumriff,TG7w1,53.766257946845684,6.582278505581411,76.46516557942522,12.0,217.85656021378318,45.43659195499745
1091,Zeebrugge - Bremerhaven,SEA,PILOT_TO_PILOT,12,1091,43,13,14,Borkumriff,TG7w1,53.76702579356063,6.587753743938239,76.46516557942522,12.0,218.05626210277367,45.236890066006964
1092,Zeebrugge - Bremerhaven,SEA,PILOT_TO_PILOT,12,1092,44,13,14,Borkumriff,TG7w1,53.767793390811875,6.593229182535855,76.46516557942522,12.0,218.2559639917642,45.037188177016446
1093,Zeebrugge - Bremerhaven,SEA,PILOT_TO_PILOT,12,1093,45,13,14,Borkumriff,TG7w1,53.7685607385833,6.598704821322135,76.46516557942522,12.0,218.45566588075468,44.83748628802596
1094,Zeebrugge - Bremerhaven,SEA,PILOT_TO_PILOT,12,1094,46,13,14,Borkumriff,TG7w1,53.76932783685876,6.604180660244938,76.46516557942522,12.0,218.65536776974517,44.63778439903547
1095,Zeebrugge - Bremerhaven,SEA,PILOT_TO_PILOT,12,1095,47,13,14,Borkumriff,TG7w1,53.77009468562214,6.6096566992521115,76.46516557942522,12.0,218.8550696587357,44.43808251004495
1096,Zeebrugge - Bremerhaven,SEA,PILOT_TO_PILOT,12,1096,48,13,14,Borkumriff,TG7w1,53.77086128485732,6.6151329382914845,76.46516557942522,12.0,219.05477154772618,44.23838062105446
1097,Zeebrugge - Bremerhaven,SEA,PILOT_TO_PILOT,12,1097,49,13,14,Borkumriff,TG7w1,53.77162763454818,6.6206093773108705,76.46516557942522,12.0,219.25447343671667,44.03867873206397
1098,Zeebrugge - Bremerhaven,SEA,PILOT_TO_PILOT,12,1098,50,13,14,Borkumriff,TG7w1,53.7723937346786,6.626086016258064,76.46516557942522,12.0,219.45417532570718,43.83897684307345
1099,Zeebrugge - Bremerhaven,SEA,PILOT_TO_PILOT,12,1099,51,13,14,Borkumriff,TG7w1,53.77315958523249,6.631562855080854,76.46516557942522,12.0,219.65387721469767,43.639274954082964
1100,Zeebrugge - Bremerhaven,SEA,PILOT_TO_PILOT,12,1100,52,13,14,Borkumriff,TG7w1,53.77392518619373,6.637039893726999,76.46516557942522,12.0,219.85357910368816,43.439573065092475
1101,Zeebrugge - Bremerhaven,SEA,PILOT_TO_PILOT,12,1101,53,13,14,Borkumriff,TG7w1,53.774690537546235,6.642517132144257,76.46516557942522,12.0,220.05328099267868,43.23987117610196
1102,Zeebrugge - Bremerhaven,SEA,PILOT_TO_PILOT,12,1102,54,13,14,Borkumriff,TG7w1,53.775455639273886,6.647994570280359,76.46516557942522,12.0,220.25298288166917,43.04016928711147
1103,Zeebrugge - Bremerhaven,SEA,PILOT_TO_PILOT,12,1103,55,13,14,Borkumriff,TG7w1,53.776220491360604,6.653472208083024,76.46516557942522,12.0,220.45268477065966,42.84046739812098
1104,Zeebrugge - Bremerhaven,SEA,PILOT_TO_PILOT,12,1104,56,13,14,Borkumriff,TG7w1,53.77698509379028,6.6589500454999575,76.46516557942522,12.0,220.65238665965018,42.64076550913046
1105,Zeebrugge - Bremerhaven,SEA,PILOT_TO_PILOT,12,1105,57,13,14,Borkumriff,TG7w1,53.777749446546856,6.664428082478845,76.46516557942522,12.0,220.85208854864067,42.44106362013997
1106,Zeebrugge - Bremerhaven,SEA,PILOT_TO_PILOT,12,1106,58,13,14,Borkumriff,TG7w1,53.77851354961424,6.669906318967362,76.46516557942522,12.0,221.05179043763115,42.24136173114948
1107,Zeebrugge - Bremerhaven,SEA,PILOT_TO_PILOT,12,1107,59,13,14,Borkumriff,TG7w1,53.77927740297635,6.675384754913162,76.46516557942522,12.0,221.25149232662164,42.04165984215899
1108,Zeebrugge - Bremerhaven,SEA,PILOT_TO_PILOT,12,1108,60,13,14,Borkumriff,TG7w1,53.780041006617104,6.680863390263887,76.46516557942522,12.0,221.45119421561216,41.841957953168475
1109,Zeebrugge - Bremerhaven,SEA,PILOT_TO_PILOT,12,1109,61,13,14,Borkumriff,TG7w1,53.78080436052045,6.686342224967161,76.46516557942522,12.0,221.65089610460265,41.642256064177985
1110,Zeebrugge - Bremerhaven,SEA,PILOT_TO_PILOT,12,1110,62,13,14,Borkumriff,TG7w1,53.78156746467031,6.691821258970595,76.46516557942522,12.0,221.85059799359314,41.442554175187496
1111,Zeebrugge - Bremerhaven,SEA,PILOT_TO_PILOT,12,1111,63,13,14,Borkumriff,TG7w1,53.78233031905063,6.69730049222178,76.46516557942522,12.0,222.05029988258366,41.24285228619698
1112,Zeebrugge - Bremerhaven,SEA,PILOT_TO_PILOT,12,1112,64,13,14,Borkumriff,TG7w1,53.78309292364534,6.702779924668295,76.46516557942522,12.0,222.25000177157415,41.04315039720649
1113,Zeebrugge - Bremerhaven,SEA,PILOT_TO_PILOT,12,1113,65,13,14,Borkumriff,TG7w1,53.7838552784384,6.708259556257705,76.46516557942522,12.0,222.44970366056464,40.843448508216
1114,Zeebrugge - Bremerhaven,SEA,PILOT_TO_PILOT,12,1114,66,13,14,Borkumriff,TG7w1,53.784617383413746,6.713739386937551,76.46516557942522,12.0,222.64940554955515,40.64374661922548
1115,Zeebrugge - Bremerhaven,SEA,PILOT_TO_PILOT,12,1115,67,13,14,Borkumriff,TG7w1,53.78537923855534,6.719219416655369,76.46516557942522,12.0,222.84910743854564,40.44404473023499
1116,Zeebrugge - Bremerhaven,SEA,PILOT_TO_PILOT,12,1116,68,13,14,Borkumriff,TG7w1,53.78614084384714,6.724699645358671,76.46516557942522,12.0,223.04880932753613,40.2443428412445
1117,Zeebrugge - Bremerhaven,SEA,PILOT_TO_PILOT,12,1117,69,13,14,Borkumriff,TG7w1,53.786902199273115,6.730180072994956,76.46516557942522,12.0,223.24851121652665,40.044640952253985
1118,Zeebrugge - Bremerhaven,SEA,PILOT_TO_PILOT,12,1118,70,13,14,Borkumriff,TG7w1,53.78766330481722,6.735660699511712,76.46516557942522,12.0,223.44821310551714,39.844939063263496
1119,Zeebrugge - Bremerhaven,SEA,PILOT_TO_PILOT,12,1119,71,13,14,Borkumriff,TG7w1,53.78842416046342,6.741141524856402,76.46516557942522,12.0,223.64791499450763,39.64523717427301
1120,Zeebrugge - Bremerhaven,SEA,PILOT_TO_PILOT,12,1120,72,13,14,Borkumriff,TG7w1,53.78918476619568,6.74662254897648,76.46516557942522,12.0,223.84761688349812,39.44553528528252
1121,Zeebrugge - Bremerhaven,SEA,PILOT_TO_PILOT,12,1121,73,13,14,Borkumriff,TG7w1,53.789945121998,6.7521037718193835,76.46516557942522,12.0,224.04731877248864,39.245833396292
1122,Zeebrugge - Bremerhaven,SEA,PILOT_TO_PILOT,12,1122,74,13,14,Borkumriff,TG7w1,53.79070522785436,6.757585193332531,76.46516557942522,12.0,224.24702066147913,39.04613150730151
1123,Zeebrugge - Bremerhaven,SEA,PILOT_TO_PILOT,12,1123,75,13,14,Borkumriff,TG7w1,53.79146508374871,6.763066813463332,76.46516557942522,12.0,224.44672255046962,38.84642961831102
1124,Zeebrugge - Bremerhaven,SEA,PILOT_TO_PILOT,12,1124,76,13,14,Borkumriff,TG7w1,53.79222468966509,6.768548632159174,76.46516557942522,12.0,224.64642443946013,38.6467277293205
1125,Zeebrugge - Bremerhaven,SEA,PILOT_TO_PILOT,12,1125,77,13,14,Borkumriff,TG7w1,53.79298404558746,6.774030649367428,76.46516557942522,12.0,224.84612632845062,38.447025840330014
1126,Zeebrugge - Bremerhaven,SEA,PILOT_TO_PILOT,12,1126,78,13,14,Borkumriff,TG7w1,53.79374315149982,6.779512865035457,76.46516557942522,12.0,225.0458282174411,38.247323951339524
1127,Zeebrugge - Bremerhaven,SEA,PILOT_TO_PILOT,12,1127,79,13,14,Borkumriff,TG7w1,53.79450200738617,6.784995279110601,76.46516557942522,12.0,225.24553010643163,38.04762206234901
1128,Zeebrugge - Bremerhaven,SEA,PILOT_TO_PILOT,12,1128,80,13,14,Borkumriff,TG7w1,53.79526061323053,6.7904778915401875,76.46516557942522,12.0,225.44523199542212,37.84792017335852
1129,Zeebrugge - Bremerhaven,SEA,PILOT_TO_PILOT,12,1129,81,13,14,Borkumriff,TG7w1,53.79601896901689,6.795960702271528,76.46516557942522,12.0,225.6449338844126,37.64821828436803
1130,Zeebrugge - Bremerhaven,SEA,PILOT_TO_PILOT,12,1130,82,13,14,Borkumriff,TG7w1,53.79677707472927,6.801443711251916,76.46516557942522,12.0,225.84463577340313,37.44851639537751
1131,Zeebrugge - Bremerhaven,SEA,PILOT_TO_PILOT,12,1131,83,13,14,Borkumriff,TG7w1,53.79753493035169,6.806926918428634,76.46516557942522,12.0,226.04433766239362,37.24881450638702
1132,Zeebrugge - Bremerhaven,SEA,PILOT_TO_PILOT,12,1132,84,13,14,Borkumriff,TG7w1,53.79829253586817,6.812410323748947,76.46516557942522,12.0,226.2440395513841,37.04911261739653
1133,Zeebrugge - Bremerhaven,SEA,PILOT_TO_PILOT,12,1133,85,13,14,Borkumriff,TG7w1,53.799049891262726,6.8178939271601,76.46516557942522,12.0,226.4437414403746,36.84941072840604
1134,Zeebrugge - Bremerhaven,SEA,PILOT_TO_PILOT,12,1134,86,13,14,Borkumriff,TG7w1,53.7998069965194,6.823377728609327,76.46516557942522,12.0,226.6434433293651,36.649708839415524
1135,Zeebrugge - Bremerhaven,SEA,PILOT_TO_PILOT,12,1135,87,13,14,Borkumriff,TG7w1,53.8005638516222,6.828861728043847,76.46516557942522,12.0,226.8431452183556,36.450006950425035
1136,Zeebrugge - Bremerhaven,SEA,PILOT_TO_PILOT,12,1136,88,13,14,Borkumriff,TG7w1,53.801320456555196,6.834345925410861,76.46516557942522,12.0,227.04284710734612,36.25030506143452
1137,Zeebrugge - Bremerhaven,SEA,PILOT_TO_PILOT,12,1137,89,13,14,Borkumriff,TG7w1,53.8020768113024,6.839830320657555,76.46516557942522,12.0,227.2425489963366,36.05060317244403
1138,Zeebrugge - Bremerhaven,SEA,PILOT_TO_PILOT,12,1138,90,13,14,Borkumriff,TG7w1,53.80283291584785,6.845314913731099,76.46516557942522,12.0,227.4422508853271,35.85090128345354
1139,Zeebrugge - Bremerhaven,SEA,PILOT_TO_PILOT,12,1139,91,13,14,Borkumriff,TG7w1,53.80358877017563,6.850799704578649,76.46516557942522,12.0,227.6419527743176,35.65119939446305
1140,Zeebrugge - Bremerhaven,SEA,PILOT_TO_PILOT,12,1140,92,13,14,Borkumriff,TG7w1,53.80434437426976,6.856284693147339,76.46516557942522,12.0,227.8416546633081,35.45149750547253
1141,Zeebrugge - Bremerhaven,SEA,PILOT_TO_PILOT,12,1141,93,13,14,Borkumriff,TG7w1,53.80509972811433,6.8617698793842985,76.46516557942522,12.0,228.0413565522986,35.25179561648204
1142,Zeebrugge - Bremerhaven,SEA,PILOT_TO_PILOT,12,1142,94,13,14,Borkumriff,TG7w1,53.80585483169335,6.867255263236634,76.46516557942522,12.0,228.24105844128908,35.05209372749155
1143,Zeebrugge - Bremerhaven,SEA,PILOT_TO_PILOT,12,1143,95,13,14,Borkumriff,TG7w1,53.806609684990924,6.872740844651434,76.46516557942522,12.0,228.4407603302796,34.852391838501035
1144,Zeebrugge - Bremerhaven,SEA,PILOT_TO_PILOT,12,1144,96,13,14,Borkumriff,TG7w1,53.8073642879911,6.878226623575781,76.46516557942522,12.0,228.6404622192701,34.652689949510545
1145,Zeebrugge - Bremerhaven,SEA,PILOT_TO_PILOT,12,1145,97,13,14,Borkumriff,TG7w1,53.80811864067797,6.8837125999567315,76.46516557942522,12.0,228.84016410826058,34.452988060520056
1146,Zeebrugge - Bremerhaven,SEA,PILOT_TO_PILOT,12,1146,98,13,14,Borkumriff,TG7w1,53.808872743035586,6.889198773741327,76.46516557942522,12.0,229.0398659972511,34.25328617152954
1147,Zeebrugge - Bremerhaven,SEA,PILOT_TO_PILOT,12,1147,99,13,14,Borkumriff,TG7w1,53.80962659504804,6.8946851448766076,76.46516557942522,12.0,229.2395678862416,34.05358428253905
1148,Zeebrugge - Bremerhaven,SEA,PILOT_TO_PILOT,12,1148,100,13,14,Borkumriff,TG7w1,53.81038019669941,6.900171713309576,76.46516557942522,12.0,229.43926977523208,33.85388239354856
1149,Zeebrugge - Bremerhaven,SEA,PILOT_TO_PILOT,12,1149,101,13,14,Borkumriff,TG7w1,53.81113354797379,6.905658478987241,76.46516557942522,12.0,229.6389716642226,33.65418050455804
1150,Zeebrugge - Bremerhaven,SEA,PILOT_TO_PILOT,12,1150,102,13,14,Borkumriff,TG7w1,53.81188664885527,6.911145441856578,76.46516557942522,12.0,229.83867355321308,33.45447861556755
1151,Zeebrugge - Bremerhaven,SEA,PILOT_TO_PILOT,12,1151,103,13,14,Borkumriff,TG7w1,53.81263949932794,6.916632601864556,76.46516557942522,12.0,230.03837544220357,33.25477672657706
1152,Zeebrugge - Bremerhaven,SEA,PILOT_TO_PILOT,12,1152,104,13,14,Borkumriff,TG7w1,53.81339209937591,6.922119958958125,76.46516557942522,12.0,230.23807733119406,33.055074837586574
1153,Zeebrugge - Bremerhaven,SEA,PILOT_TO_PILOT,12,1153,105,13,14,Borkumriff,TG7w1,53.81414444898327,6.927607513084225,76.46516557942522,12.0,230.43777922018458,32.855372948596056
1154,Zeebrugge - Bremerhaven,SEA,PILOT_TO_PILOT,12,1154,106,13,14,Borkumriff,TG7w1,53.81489654813415,6.933095264189775,76.46516557942522,12.0,230.63748110917507,32.65567105960557
1155,Zeebrugge - Bremerhaven,SEA,PILOT_TO_PILOT,12,1155,107,13,14,Borkumriff,TG7w1,53.815648396812634,6.938583212221676,76.46516557942522,12.0,230.8371829981656,32.45596917061505
1156,Zeebrugge - Bremerhaven,SEA,PILOT_TO_PILOT,12,1156,108,13,14,Borkumriff,TG7w1,53.81639999500284,6.944071357126821,76.46516557942522,12.0,231.03688488715608,32.25626728162456
1157,Zeebrugge - Bremerhaven,SEA,PILOT_TO_PILOT,12,1157,109,13,14,Borkumriff,TG7w1,53.81715134268891,6.94955969885208,76.46516557942522,12.0,231.23658677614657,32.05656539263407
1158,Zeebrugge - Bremerhaven,SEA,PILOT_TO_PILOT,12,1158,110,13,14,Borkumriff,TG7w1,53.817902439854954,6.955048237344314,76.46516557942522,12.0,231.43628866513706,31.85686350364358
1159,Zeebrugge - Bremerhaven,SEA,PILOT_TO_PILOT,12,1159,111,13,14,Borkumriff,TG7w1,53.818653286485095,6.960536972550365,76.46516557942522,12.0,231.63599055412757,31.657161614653063
1160,Zeebrugge - Bremerhaven,SEA,PILOT_TO_PILOT,12,1160,112,13,14,Borkumriff,TG7w1,53.81940388256347,6.966025904417058,76.46516557942522,12.0,231.83569244311806,31.457459725662574
1161,Zeebrugge - Bremerhaven,SEA,PILOT_TO_PILOT,12,1161,113,13,14,Borkumriff,TG7w1,53.82015422807422,6.971515032891204,76.46516557942522,12.0,232.03539433210855,31.257757836672084
1162,Zeebrugge - Bremerhaven,SEA,PILOT_TO_PILOT,12,1162,114,13,14,Borkumriff,TG7w1,53.82090432300147,6.977004357919597,76.46516557942522,12.0,232.23509622109907,31.058055947681567
1163,Zeebrugge - Bremerhaven,SEA,PILOT_TO_PILOT,12,1163,115,13,14,Borkumriff,TG7w1,53.82165416732938,6.982493879449022,76.46516557942522,12.0,232.43479811008956,30.858354058691077
1164,Zeebrugge - Bremerhaven,SEA,PILOT_TO_PILOT,12,1164,116,13,14,Borkumriff,TG7w1,53.82240376104206,6.987983597426239,76.46516557942522,12.0,232.63449999908005,30.658652169700588
1165,Zeebrugge - Bremerhaven,SEA,PILOT_TO_PILOT,12,1165,117,13,14,Borkumriff,TG7w1,53.82315310412372,6.993473511797998,76.46516557942522,12.0,232.83420188807054,30.4589502807101
1166,Zeebrugge - Bremerhaven,SEA,PILOT_TO_PILOT,12,1166,118,13,14,Borkumriff,TG7w1,53.82390219655847,6.998963622511032,76.46516557942522,12.0,233.03390377706106,30.25924839171958
1167,Zeebrugge - Bremerhaven,SEA,PILOT_TO_PILOT,12,1167,119,13,14,Borkumriff,TG7w1,53.824651038330494,7.004453929512057,76.46516557942522,12.0,233.23360566605155,30.05954650272909
1168,Zeebrugge - Bremerhaven,SEA,PILOT_TO_PILOT,12,1168,120,13,14,Borkumriff,TG7w1,53.82539962942394,7.009944432747777,76.46516557942522,12.0,233.43330755504206,29.859844613738574
1169,Zeebrugge - Bremerhaven,SEA,PILOT_TO_PILOT,12,1169,121,13,14,Borkumriff,TG7w1,53.826147969822976,7.0154351321648765,76.46516557942522,12.0,233.63300944403255,29.660142724748084
1170,Zeebrugge - Bremerhaven,SEA,PILOT_TO_PILOT,12,1170,122,13,14,Borkumriff,TG7w1,53.82689605951179,7.02092602771003,76.46516557942522,12.0,233.83271133302304,29.460440835757595
1171,Zeebrugge - Bremerhaven,SEA,PILOT_TO_PILOT,12,1171,123,13,14,Borkumriff,TG7w1,53.82764389847454,7.026417119329887,76.46516557942522,12.0,234.03241322201353,29.260738946767106
1172,Zeebrugge - Bremerhaven,SEA,PILOT_TO_PILOT,12,1172,124,13,14,Borkumriff,TG7w1,53.82839148669541,7.03190840697109,76.46516557942522,12.0,234.23211511100405,29.061037057776588
1173,Zeebrugge - Bremerhaven,SEA,PILOT_TO_PILOT,12,1173,125,13,14,Borkumriff,TG7w1,53.82913882415857,7.037399890580262,76.46516557942522,12.0,234.43181699999454,28.8613351687861
1174,Zeebrugge - Bremerhaven,SEA,PILOT_TO_PILOT,12,1174,126,13,14,Borkumriff,TG7w1,53.82988591084823,7.042891570104014,76.46516557942522,12.0,234.63151888898503,28.66163327979561
1175,Zeebrugge - Bremerhaven,SEA,PILOT_TO_PILOT,12,1175,127,13,14,Borkumriff,TG7w1,53.830632746748584,7.048383445488937,76.46516557942522,12.0,234.83122077797555,28.46193139080509
1176,Zeebrugge - Bremerhaven,SEA,PILOT_TO_PILOT,12,1176,128,13,14,Borkumriff,TG7w1,53.8313793318438,7.0538755166816065,76.46516557942522,12.0,235.03092266696603,28.262229501814602
1177,Zeebrugge - Bremerhaven,SEA,PILOT_TO_PILOT,12,1177,129,13,14,Borkumriff,TG7w1,53.8321256661181,7.0593677836285895,76.46516557942522,12.0,235.23062455595652,28.062527612824113
1178,Zeebrugge - Bremerhaven,SEA,PILOT_TO_PILOT,12,1178,130,13,14,Borkumriff,TG7w1,53.83287174955568,7.064860246276426,76.46516557942522,12.0,235.43032644494704,27.862825723833595
1179,Zeebrugge - Bremerhaven,SEA,PILOT_TO_PILOT,12,1179,131,13,14,Borkumriff,TG7w1,53.83361758214075,7.070352904571652,76.46516557942522,12.0,235.63002833393753,27.663123834843105
1180,Zeebrugge - Bremerhaven,SEA,PILOT_TO_PILOT,12,1180,132,13,14,Borkumriff,TG7w1,53.83436316385751,7.075845758460778,76.46516557942522,12.0,235.82973022292802,27.463421945852616
1181,Zeebrugge - Bremerhaven,SEA,PILOT_TO_PILOT,12,1181,133,13,14,Borkumriff,TG7w1,53.835108494690196,7.081338807890307,76.46516557942522,12.0,236.02943211191854,27.2637200568621
1182,Zeebrugge - Bremerhaven,SEA,PILOT_TO_PILOT,12,1182,134,13,14,Borkumriff,TG7w1,53.835853574623,7.08683205280672,76.46516557942522,12.0,236.22913400090903,27.06401816787161
1183,Zeebrugge - Bremerhaven,SEA,PILOT_TO_PILOT,12,1183,135,13,14,Borkumriff,TG7w1,53.83659840364018,7.092325493156488,76.46516557942522,12.0,236.42883588989952,26.86431627888112
1184,Zeebrugge - Bremerhaven,SEA,PILOT_TO_PILOT,12,1184,136,13,14,Borkumriff,TG7w1,53.83734298172593,7.097819128886062,76.46516557942522,12.0,236.62853777889,26.66461438989063
1185,Zeebrugge - Bremerhaven,SEA,PILOT_TO_PILOT,12,1185,137,13,14,Borkumriff,TG7w1,53.8380873088645,7.103312959941881,76.46516557942522,12.0,236.82823966788052,26.464912500900112
1186,Zeebrugge - Bremerhaven,SEA,PILOT_TO_PILOT,12,1186,138,13,14,Borkumriff,TG7w1,53.83883138504012,7.108806986270365,76.46516557942522,12.0,237.027941556871,26.265210611909623
1187,Zeebrugge - Bremerhaven,SEA,PILOT_TO_PILOT,12,1187,139,13,14,Borkumriff,TG7w1,53.83957521023703,7.114301207817922,76.46516557942522,12.0,237.22764344586153,26.065508722919105
1188,Zeebrugge - Bremerhaven,SEA,PILOT_TO_PILOT,12,1188,140,13,14,Borkumriff,TG7w1,53.840318784439475,7.119795624530942,76.46516557942522,12.0,237.42734533485202,25.865806833928616
1189,Zeebrugge - Bremerhaven,SEA,PILOT_TO_PILOT,12,1189,141,13,14,Borkumriff,TG7w1,53.841062107631714,7.125290236355799,76.46516557942522,12.0,237.6270472238425,25.666104944938127
1190,Zeebrugge - Bremerhaven,SEA,PILOT_TO_PILOT,12,1190,142,13,14,Borkumriff,TG7w1,53.841805179797966,7.1307850432388555,76.46516557942522,12.0,237.826749112833,25.466403055947637
1191,Zeebrugge - Bremerhaven,SEA,PILOT_TO_PILOT,12,1191,143,13,14,Borkumriff,TG7w1,53.84254800092253,7.136280045126451,76.46516557942522,12.0,238.02645100182352,25.26670116695712
1192,Zeebrugge - Bremerhaven,SEA,PILOT_TO_PILOT,12,1192,144,13,14,Borkumriff,TG7w1,53.84329057098963,7.141775241964918,76.46516557942522,12.0,238.226152890814,25.06699927796663
1193,Zeebrugge - Bremerhaven,SEA,PILOT_TO_PILOT,12,1193,145,13,14,Borkumriff,TG7w1,53.84403288998354,7.147270633700571,76.46516557942522,12.0,238.4258547798045,24.86729738897614
1194,Zeebrugge - Bremerhaven,SEA,PILOT_TO_PILOT,12,1194,146,13,14,Borkumriff,TG7w1,53.84477495788854,7.1527662202797,76.46516557942522,12.0,238.625556668795,24.667595499985623
1195,Zeebrugge - Bremerhaven,SEA,PILOT_TO_PILOT,12,1195,147,13,14,Borkumriff,TG7w1,53.845516774688875,7.158262001648593,76.46516557942522,12.0,238.8252585577855,24.467893610995134
1196,Zeebrugge - Bremerhaven,SEA,PILOT_TO_PILOT,12,1196,148,13,14,Borkumriff,TG7w1,53.84625834036885,7.163757977753518,76.46516557942522,12.0,239.024960446776,24.268191722004644
1197,Zeebrugge - Bremerhaven,SEA,PILOT_TO_PILOT,12,1197,149,13,14,Borkumriff,TG7w1,53.846999654912736,7.16925414854072,76.46516557942522,12.0,239.22466233576648,24.068489833014155
1198,Zeebrugge - Bremerhaven,SEA,PILOT_TO_PILOT,12,1198,150,13,14,Borkumriff,TG7w1,53.8477407183048,7.17475051395644,76.46516557942522,12.0,239.424364224757,23.868787944023637
1199,Zeebrugge - Bremerhaven,SEA,PILOT_TO_PILOT,12,1199,151,13,14,Borkumriff,TG7w1,53.848481530529355,7.1802470739468935,76.46516557942522,12.0,239.6240661137475,23.669086055033148
1200,Zeebrugge - Bremerhaven,SEA,PILOT_TO_PILOT,12,1200,152,13,14,Borkumriff,TG7w1,53.849222091570674,7.185743828458289,76.46516557942522,12.0,239.823768002738,23.46938416604263
1201,Zeebrugge - Bremerhaven,SEA,PILOT_TO_PILOT,12,1201,153,13,14,Borkumriff,TG7w1,53.84996240141307,7.191240777436813,76.46516557942522,12.0,240.0234698917285,23.26968227705214
1202,Zeebrugge - Bremerhaven,SEA,PILOT_TO_PILOT,12,1202,154,13,14,Borkumriff,TG7w1,53.85070246004082,7.196737920828639,76.46516557942522,12.0,240.22317178071899,23.06998038806165
1203,Zeebrugge - Bremerhaven,SEA,PILOT_TO_PILOT,12,1203,155,13,14,Borkumriff,TG7w1,53.85144226743825,7.202235258579926,76.46516557942522,12.0,240.42287366970947,22.870278499071162
1204,Zeebrugge - Bremerhaven,SEA,PILOT_TO_PILOT,12,1204,156,13,14,Borkumriff,TG7w1,53.85218182358966,7.2077327906368165,76.46516557942522,12.0,240.6225755587,22.670576610080644
1205,Zeebrugge - Bremerhaven,SEA,PILOT_TO_PILOT,12,1205,157,13,14,Borkumriff,TG7w1,53.852921128479366,7.213230516945434,76.46516557942522,12.0,240.82227744769048,22.470874721090155
1206,Zeebrugge - Bremerhaven,SEA,PILOT_TO_PILOT,12,1206,158,13,14,Borkumriff,TG7w1,53.85366018209167,7.218728437451894,76.46516557942522,12.0,241.02197933668097,22.271172832099666
1207,Zeebrugge - Bremerhaven,SEA,PILOT_TO_PILOT,12,1207,159,13,14,Borkumriff,TG7w1,53.85439898441091,7.224226552102292,76.46516557942522,12.0,241.2216812256715,22.071470943109148
1208,Zeebrugge - Bremerhaven,SEA,PILOT_TO_PILOT,12,1208,160,13,14,Borkumriff,TG7w1,53.855137535421406,7.229724860842706,76.46516557942522,12.0,241.42138311466198,21.87176905411866
1209,Zeebrugge - Bremerhaven,SEA,PILOT_TO_PILOT,12,1209,161,13,14,Borkumriff,TG7w1,53.85587583510747,7.2352233636192,76.46516557942522,12.0,241.62108500365247,21.67206716512817
1210,Zeebrugge - Bremerhaven,SEA,PILOT_TO_PILOT,12,1210,162,13,14,Borkumriff,TG7w1,53.856613883453456,7.240722060377829,76.46516557942522,12.0,241.82078689264296,21.47236527613768
1211,Zeebrugge - Bremerhaven,SEA,PILOT_TO_PILOT,12,1211,163,13,14,Borkumriff,TG7w1,53.857351680443706,7.2462209510646245,76.46516557942522,12.0,242.02048878163347,21.272663387147162
1212,Zeebrugge - Bremerhaven,SEA,PILOT_TO_PILOT,12,1212,164,13,14,Borkumriff,TG7w1,53.858089226062525,7.251720035625601,76.46516557942522,12.0,242.22019067062396,21.072961498156673
1213,Zeebrugge - Bremerhaven,SEA,PILOT_TO_PILOT,12,1213,165,13,14,Borkumriff,TG7w1,53.85882652029429,7.257219314006766,76.46516557942522,12.0,242.41989255961448,20.873259609166155
1214,Zeebrugge - Bremerhaven,SEA,PILOT_TO_PILOT,12,1214,166,13,14,Borkumriff,TG7w1,53.85956356312334,7.262718786154104,76.46516557942522,12.0,242.61959444860497,20.673557720175666
1215,Zeebrugge - Bremerhaven,SEA,PILOT_TO_PILOT,12,1215,167,13,14,Borkumriff,TG7w1,53.860300354534026,7.268218452013591,76.46516557942522,12.0,242.81929633759546,20.473855831185176
1216,Zeebrugge - Bremerhaven,SEA,PILOT_TO_PILOT,12,1216,168,13,14,Borkumriff,TG7w1,53.861036894510704,7.27371831153118,76.46516557942522,12.0,243.01899822658595,20.274153942194687
1217,Zeebrugge - Bremerhaven,SEA,PILOT_TO_PILOT,12,1217,169,13,14,Borkumriff,TG7w1,53.86177318303774,7.279218364652814,76.46516557942522,12.0,243.21870011557647,20.07445205320417
1218,Zeebrugge - Bremerhaven,SEA,PILOT_TO_PILOT,12,1218,170,13,14,Borkumriff,TG7w1,53.86250922009949,7.2847186113244184,76.46516557942522,12.0,243.41840200456696,19.87475016421368
1219,Zeebrugge - Bremerhaven,SEA,PILOT_TO_PILOT,12,1219,171,13,14,Borkumriff,TG7w1,53.86324500568034,7.290219051491903,76.46516557942522,12.0,243.61810389355747,19.675048275223162
1220,Zeebrugge - Bremerhaven,SEA,PILOT_TO_PILOT,12,1220,172,13,14,Borkumriff,TG7w1,53.86398053976464,7.295719685101161,76.46516557942522,12.0,243.81780578254796,19.475346386232673
1221,Zeebrugge - Bremerhaven,SEA,PILOT_TO_PILOT,12,1221,173,13,14,Borkumriff,TG7w1,53.8647158223368,7.301220512098073,76.46516557942522,12.0,244.01750767153845,19.275644497242183
1222,Zeebrugge - Bremerhaven,SEA,PILOT_TO_PILOT,12,1222,174,13,14,Borkumriff,TG7w1,53.86545085338117,7.306721532428505,76.46516557942522,12.0,244.21720956052894,19.075942608251694
1223,Zeebrugge - Bremerhaven,SEA,PILOT_TO_PILOT,12,1223,175,13,14,Borkumriff,TG7w1,53.86618563288213,7.312222746038301,76.46516557942522,12.0,244.41691144951946,18.876240719261176
1224,Zeebrugge - Bremerhaven,SEA,PILOT_TO_PILOT,12,1224,176,13,14,Borkumriff,TG7w1,53.8669201608241,7.317724152873296,76.46516557942522,12.0,244.61661333850995,18.676538830270687
1225,Zeebrugge - Bremerhaven,SEA,PILOT_TO_PILOT,12,1225,177,13,14,Borkumriff,TG7w1,53.86765443719147,7.323225752879309,76.46516557942522,12.0,244.81631522750044,18.476836941280197
1226,Zeebrugge - Bremerhaven,SEA,PILOT_TO_PILOT,12,1226,178,13,14,Borkumriff,TG7w1,53.868388461968614,7.328727546002139,76.46516557942522,12.0,245.01601711649096,18.27713505228968
1227,Zeebrugge - Bremerhaven,SEA,PILOT_TO_PILOT,12,1227,179,13,14,Borkumriff,TG7w1,53.869122235139955,7.334229532187576,76.46516557942522,12.0,245.21571900548145,18.07743316329919
1228,Zeebrugge - Bremerhaven,SEA,PILOT_TO_PILOT,12,1228,180,13,14,Borkumriff,TG7w1,53.869855756689894,7.339731711381389,76.46516557942522,12.0,245.41542089447194,17.8777312743087
1229,Zeebrugge - Bremerhaven,SEA,PILOT_TO_PILOT,12,1229,181,13,14,Borkumriff,TG7w1,53.87058902660282,7.345234083529332,76.46516557942522,12.0,245.61512278346243,17.67802938531821
1230,Zeebrugge - Bremerhaven,SEA,PILOT_TO_PILOT,12,1230,182,13,14,Borkumriff,TG7w1,53.871322044863184,7.350736648577148,76.46516557942522,12.0,245.81482467245294,17.478327496327694
1231,Zeebrugge - Bremerhaven,SEA,PILOT_TO_PILOT,12,1231,183,13,14,Borkumriff,TG7w1,53.87205481145537,7.35623940647056,76.46516557942522,12.0,246.01452656144343,17.278625607337204
1232,Zeebrugge - Bremerhaven,SEA,PILOT_TO_PILOT,12,1232,184,13,14,Borkumriff,TG7w1,53.872787326363834,7.361742357155277,76.46516557942522,12.0,246.21422845043395,17.078923718346687
1233,Zeebrugge - Bremerhaven,SEA,PILOT_TO_PILOT,12,1233,185,13,14,Borkumriff,TG7w1,53.87351958957297,7.367245500576997,76.46516557942522,12.0,246.41393033942444,16.879221829356197
1234,Zeebrugge - Bremerhaven,SEA,PILOT_TO_PILOT,12,1234,186,13,14,Borkumriff,TG7w1,53.87425160106723,7.372748836681393,76.46516557942522,12.0,246.61363222841493,16.679519940365708
1235,Zeebrugge - Bremerhaven,SEA,PILOT_TO_PILOT,12,1235,187,13,14,Borkumriff,TG7w1,53.87498336083104,7.3782523654141325,76.46516557942522,12.0,246.81333411740542,16.47981805137522
1236,Zeebrugge - Bremerhaven,SEA,PILOT_TO_PILOT,12,1236,188,13,14,Borkumriff,TG7w1,53.87571486884883,7.383756086720858,76.46516557942522,12.0,247.01303600639594,16.2801161623847
1237,Zeebrugge - Bremerhaven,SEA,PILOT_TO_PILOT,12,1237,189,13,14,Borkumriff,TG7w1,53.876446125105055,7.389260000547205,76.46516557942522,12.0,247.21273789538643,16.08041427339421
1238,Zeebrugge - Bremerhaven,SEA,PILOT_TO_PILOT,12,1238,190,13,14,Borkumriff,TG7w1,53.87717712958416,7.3947641068387915,76.46516557942522,12.0,247.41243978437694,15.880712384403694
1239,Zeebrugge - Bremerhaven,SEA,PILOT_TO_PILOT,12,1239,191,13,14,Borkumriff,TG7w1,53.87790788227059,7.400268405541215,76.46516557942522,12.0,247.61214167336743,15.681010495413204
1240,Zeebrugge - Bremerhaven,SEA,PILOT_TO_PILOT,12,1240,192,13,14,Borkumriff,TG7w1,53.87863838314882,7.405772896600068,76.46516557942522,12.0,247.81184356235792,15.481308606422715
1241,Zeebrugge - Bremerhaven,SEA,PILOT_TO_PILOT,12,1241,193,13,14,Borkumriff,TG7w1,53.87936863220328,7.411277579960914,76.46516557942522,12.0,248.0115454513484,15.281606717432226
1242,Zeebrugge - Bremerhaven,SEA,PILOT_TO_PILOT,12,1242,194,13,14,Borkumriff,TG7w1,53.88009862941845,7.41678245556931,76.46516557942522,12.0,248.2112473403389,15.081904828441736
1243,Zeebrugge - Bremerhaven,SEA,PILOT_TO_PILOT,12,1243,195,13,14,Borkumriff,TG7w1,53.88082837477879,7.4222875233707954,76.46516557942522,12.0,248.41094922932942,14.882202939451219
1244,Zeebrugge - Bremerhaven,SEA,PILOT_TO_PILOT,12,1244,196,13,14,Borkumriff,TG7w1,53.881557868268786,7.427792783310896,76.46516557942522,12.0,248.6106511183199,14.68250105046073
1245,Zeebrugge - Bremerhaven,SEA,PILOT_TO_PILOT,12,1245,197,13,14,Borkumriff,TG7w1,53.88228710987289,7.433298235335124,76.46516557942522,12.0,248.81035300731043,14.482799161470211
1246,Zeebrugge - Bremerhaven,SEA,PILOT_TO_PILOT,12,1246,198,13,14,Borkumriff,TG7w1,53.883016099575606,7.438803879388967,76.46516557942522,12.0,249.01005489630091,14.283097272479722
1247,Zeebrugge - Bremerhaven,SEA,PILOT_TO_PILOT,12,1247,199,13,14,Borkumriff,TG7w1,53.8837448373614,7.444309715417905,76.46516557942522,12.0,249.2097567852914,14.083395383489233
1248,Zeebrugge - Bremerhaven,SEA,PILOT_TO_PILOT,12,1248,200,13,14,Borkumriff,TG7w1,53.88447332321477,7.4498157433674,76.46516557942522,12.0,249.4094586742819,13.883693494498743
1249,Zeebrugge - Bremerhaven,SEA,PILOT_TO_PILOT,12,1249,201,13,14,Borkumriff,TG7w1,53.885201557120205,7.455321963182901,76.46516557942522,12.0,249.6091605632724,13.683991605508226
1250,Zeebrugge - Bremerhaven,SEA,PILOT_TO_PILOT,12,1250,202,13,14,Borkumriff,TG7w1,53.88592953906219,7.460828374809838,76.46516557942522,12.0,249.8088624522629,13.484289716517736
1251,Zeebrugge - Bremerhaven,SEA,PILOT_TO_PILOT,12,1251,203,13,14,Borkumriff,TG7w1,53.88665726902525,7.466334978193631,76.46516557942522,12.0,250.00856434125342,13.284587827527218
1252,Zeebrugge - Bremerhaven,SEA,PILOT_TO_PILOT,12,1252,204,13,14,Borkumriff,TG7w1,53.887384746993874,7.471841773279677,76.46516557942522,12.0,250.2082662302439,13.084885938536729
1253,Zeebrugge - Bremerhaven,SEA,PILOT_TO_PILOT,12,1253,205,13,14,Borkumriff,TG7w1,53.88811197295258,7.477348760013365,76.46516557942522,12.0,250.4079681192344,12.88518404954624
1254,Zeebrugge - Bremerhaven,SEA,PILOT_TO_PILOT,12,1254,206,13,14,Borkumriff,TG7w1,53.888838946885855,7.482855938340064,76.46516557942522,12.0,250.6076700082249,12.68548216055575
1255,Zeebrugge - Bremerhaven,SEA,PILOT_TO_PILOT,12,1255,207,13,14,Borkumriff,TG7w1,53.88956566877824,7.488363308205128,76.46516557942522,12.0,250.8073718972154,12.485780271565233
1256,Zeebrugge - Bremerhaven,SEA,PILOT_TO_PILOT,12,1256,208,13,14,Borkumriff,TG7w1,53.89029213861425,7.493870869553898,76.46516557942522,12.0,251.0070737862059,12.286078382574743
1257,Zeebrugge - Bremerhaven,SEA,PILOT_TO_PILOT,12,1257,209,13,14,Borkumriff,TG7w1,53.89101835637841,7.499378622331697,76.46516557942522,12.0,251.20677567519638,12.086376493584254
1258,Zeebrugge - Bremerhaven,SEA,PILOT_TO_PILOT,12,1258,210,13,14,Borkumriff,TG7w1,53.891744322055246,7.504886566483833,76.46516557942522,12.0,251.4064775641869,11.886674604593736
1259,Zeebrugge - Bremerhaven,SEA,PILOT_TO_PILOT,12,1259,211,13,14,Borkumriff,TG7w1,53.892470035629295,7.5103947019556045,76.46516557942522,12.0,251.6061794531774,11.686972715603247
1260,Zeebrugge - Bremerhaven,SEA,PILOT_TO_PILOT,12,1260,212,13,14,Borkumriff,TG7w1,53.893195497085095,7.515903028692284,76.46516557942522,12.0,251.80588134216788,11.487270826612757
1261,Zeebrugge - Bremerhaven,SEA,PILOT_TO_PILOT,12,1261,213,13,14,Borkumriff,TG7w1,53.89392070640719,7.521411546639138,76.46516557942522,12.0,252.00558323115837,11.287568937622268
1262,Zeebrugge - Bremerhaven,SEA,PILOT_TO_PILOT,12,1262,214,13,14,Borkumriff,TG7w1,53.89464566358011,7.52692025574141,76.46516557942522,12.0,252.2052851201489,11.08786704863175
1263,Zeebrugge - Bremerhaven,SEA,PILOT_TO_PILOT,12,1263,215,13,14,Borkumriff,TG7w1,53.89537036858842,7.532429155944335,76.46516557942522,12.0,252.40498700913938,10.888165159641261
1264,Zeebrugge - Bremerhaven,SEA,PILOT_TO_PILOT,12,1264,216,13,14,Borkumriff,TG7w1,53.89609482141667,7.537938247193131,76.46516557942522,12.0,252.6046888981299,10.688463270650743
1265,Zeebrugge - Bremerhaven,SEA,PILOT_TO_PILOT,12,1265,217,13,14,Borkumriff,TG7w1,53.89681902204943,7.543447529432996,76.46516557942522,12.0,252.80439078712038,10.488761381660254
1266,Zeebrugge - Bremerhaven,SEA,PILOT_TO_PILOT,12,1266,218,13,14,Borkumriff,TG7w1,53.897542970471235,7.548957002609116,76.46516557942522,12.0,253.00409267611087,10.289059492669764
1267,Zeebrugge - Bremerhaven,SEA,PILOT_TO_PILOT,13,1267,0,14,15,TG7w1,WeserPb,53.898266666666665,7.554466666666665,100.14748290006497,12.0,253.20379456510136,10.089357603679275
1268,Zeebrugge - Bremerhaven,SEA,PILOT_TO_PILOT,13,1268,1,14,15,TG7w1,WeserPb,53.89767441202291,7.56008125804278,100.14748290006497,12.0,253.40558171717495,9.887570451605683
1269,Zeebrugge - Bremerhaven,SEA,PILOT_TO_PILOT,13,1269,2,14,15,TG7w1,WeserPb,53.89708189545311,7.565695690222693,100.14748290006497,12.0,253.60736886924855,9.68578329953209
1270,Zeebrugge - Bremerhaven,SEA,PILOT_TO_PILOT,13,1270,3,14,15,TG7w1,WeserPb,53.89648911697042,7.571309963143993,100.14748290006497,12.0,253.8091560213221,9.483996147458527
1271,Zeebrugge - Bremerhaven,SEA,PILOT_TO_PILOT,13,1271,4,14,15,TG7w1,WeserPb,53.89589607658794,7.576924076744286,100.14748290006497,12.0,254.0109431733957,9.282208995384934
1272,Zeebrugge - Bremerhaven,SEA,PILOT_TO_PILOT,13,1272,5,14,15,TG7w1,WeserPb,53.89530277431879,7.582538030961181,100.14748290006497,12.0,254.2127303254693,9.080421843311342
1273,Zeebrugge - Bremerhaven,SEA,PILOT_TO_PILOT,13,1273,6,14,15,TG7w1,WeserPb,53.894709210176124,7.588151825732311,100.14748290006497,12.0,254.4145174775429,8.87863469123775
1274,Zeebrugge - Bremerhaven,SEA,PILOT_TO_PILOT,13,1274,7,14,15,TG7w1,WeserPb,53.894115384173055,7.59376546099532,100.14748290006497,12.0,254.61630462961645,8.676847539164186
1275,Zeebrugge - Bremerhaven,SEA,PILOT_TO_PILOT,13,1275,8,14,15,TG7w1,WeserPb,53.89352129632274,7.599378936687862,100.14748290006497,12.0,254.81809178169004,8.475060387090593
1276,Zeebrugge - Bremerhaven,SEA,PILOT_TO_PILOT,13,1276,9,14,15,TG7w1,WeserPb,53.892926946638326,7.60499225274761,100.14748290006497,12.0,255.01987893376364,8.273273235017001
1277,Zeebrugge - Bremerhaven,SEA,PILOT_TO_PILOT,13,1277,10,14,15,TG7w1,WeserPb,53.892332335132956,7.610605409112245,100.14748290006497,12.0,255.22166608583723,8.071486082943409
1278,Zeebrugge - Bremerhaven,SEA,PILOT_TO_PILOT,13,1278,11,14,15,TG7w1,WeserPb,53.8917374618198,7.616218405719468,100.14748290006497,12.0,255.42345323791082,7.869698930869816
1279,Zeebrugge - Bremerhaven,SEA,PILOT_TO_PILOT,13,1279,12,14,15,TG7w1,WeserPb,53.891142326712014,7.621831242506989,100.14748290006497,12.0,255.62524038998438,7.6679117787962525
1280,Zeebrugge - Bremerhaven,SEA,PILOT_TO_PILOT,13,1280,13,14,15,TG7w1,WeserPb,53.89054692982276,7.62744391941253,100.14748290006497,12.0,255.82702754205798,7.46612462672266
1281,Zeebrugge - Bremerhaven,SEA,PILOT_TO_PILOT,13,1281,14,14,15,TG7w1,WeserPb,53.88995127116522,7.633056436373829,100.14748290006497,12.0,256.02881469413154,7.264337474649096
1282,Zeebrugge - Bremerhaven,SEA,PILOT_TO_PILOT,13,1282,15,14,15,TG7w1,WeserPb,53.88935535075257,7.638668793328643,100.14748290006497,12.0,256.23060184620516,7.0625503225754755
1283,Zeebrugge - Bremerhaven,SEA,PILOT_TO_PILOT,13,1283,16,14,15,TG7w1,WeserPb,53.88875916859797,7.644280990214734,100.14748290006497,12.0,256.4323889982787,6.860763170501912
1284,Zeebrugge - Bremerhaven,SEA,PILOT_TO_PILOT,13,1284,17,14,15,TG7w1,WeserPb,53.888162724714626,7.64989302696988,100.14748290006497,12.0,256.63417615035235,6.658976018428291
1285,Zeebrugge - Bremerhaven,SEA,PILOT_TO_PILOT,13,1285,18,14,15,TG7w1,WeserPb,53.88756601911574,7.655504903531878,100.14748290006497,12.0,256.8359633024259,6.457188866354727
1286,Zeebrugge - Bremerhaven,SEA,PILOT_TO_PILOT,13,1286,19,14,15,TG7w1,WeserPb,53.88696905181448,7.6611166198385305,100.14748290006497,12.0,257.0377504544995,6.255401714281163
1287,Zeebrugge - Bremerhaven,SEA,PILOT_TO_PILOT,13,1287,20,14,15,TG7w1,WeserPb,53.886371822824074,7.666728175827657,100.14748290006497,12.0,257.2395376065731,6.053614562207542
1288,Zeebrugge - Bremerhaven,SEA,PILOT_TO_PILOT,13,1288,21,14,15,TG7w1,WeserPb,53.88577433215771,7.672339571437096,100.14748290006497,12.0,257.44132475864666,5.8518274101339784
1289,Zeebrugge - Bremerhaven,SEA,PILOT_TO_PILOT,13,1289,22,14,15,TG7w1,WeserPb,53.88517657982862,7.6779508066046915,100.14748290006497,12.0,257.6431119107203,5.650040258060358
1290,Zeebrugge - Bremerhaven,SEA,PILOT_TO_PILOT,13,1290,23,14,15,TG7w1,WeserPb,53.884578565849985,7.683561881268306,100.14748290006497,12.0,257.84489906279384,5.448253105986794
1291,Zeebrugge - Bremerhaven,SEA,PILOT_TO_PILOT,13,1291,24,14,15,TG7w1,WeserPb,53.88398029023506,7.689172795365812,100.14748290006497,12.0,258.0466862148674,5.24646595391323
1292,Zeebrugge - Bremerhaven,SEA,PILOT_TO_PILOT,13,1292,25,14,15,TG7w1,WeserPb,53.88338175299706,7.694783548835099,100.14748290006497,12.0,258.248473366941,5.044678801839609
1293,Zeebrugge - Bremerhaven,SEA,PILOT_TO_PILOT,13,1293,26,14,15,TG7w1,WeserPb,53.882782954149214,7.7003941416140735,100.14748290006497,12.0,258.4502605190146,4.842891649766045
1294,Zeebrugge - Bremerhaven,SEA,PILOT_TO_PILOT,13,1294,27,14,15,TG7w1,WeserPb,53.88218389370475,7.7060045736406435,100.14748290006497,12.0,258.65204767108816,4.641104497692481
1295,Zeebrugge - Bremerhaven,SEA,PILOT_TO_PILOT,13,1295,28,14,15,TG7w1,WeserPb,53.88158457167692,7.7116148448527415,100.14748290006497,12.0,258.8538348231618,4.439317345618861
1296,Zeebrugge - Bremerhaven,SEA,PILOT_TO_PILOT,13,1296,29,14,15,TG7w1,WeserPb,53.880984988078964,7.717224955188313,100.14748290006497,12.0,259.05562197523534,4.237530193545297
1297,Zeebrugge - Bremerhaven,SEA,PILOT_TO_PILOT,13,1297,30,14,15,TG7w1,WeserPb,53.88038514292413,7.722834904585312,100.14748290006497,12.0,259.25740912730896,4.035743041471676
1298,Zeebrugge - Bremerhaven,SEA,PILOT_TO_PILOT,13,1298,31,14,15,TG7w1,WeserPb,53.87978503622569,7.728444692981709,100.14748290006497,12.0,259.4591962793825,3.833955889398112
1299,Zeebrugge - Bremerhaven,SEA,PILOT_TO_PILOT,13,1299,32,14,15,TG7w1,WeserPb,53.879184667996896,7.73405432031549,100.14748290006497,12.0,259.6609834314561,3.632168737324548
1300,Zeebrugge - Bremerhaven,SEA,PILOT_TO_PILOT,13,1300,33,14,15,TG7w1,WeserPb,53.878584038251,7.739663786524652,100.14748290006497,12.0,259.8627705835297,3.4303815852509274
1301,Zeebrugge - Bremerhaven,SEA,PILOT_TO_PILOT,13,1301,34,14,15,TG7w1,WeserPb,53.87798314700128,7.745273091547206,100.14748290006497,12.0,260.0645577356033,3.2285944331773635
1302,Zeebrugge - Bremerhaven,SEA,PILOT_TO_PILOT,13,1302,35,14,15,TG7w1,WeserPb,53.877381994261015,7.750882235321179,100.14748290006497,12.0,260.2663448876769,3.0268072811037428
1303,Zeebrugge - Bremerhaven,SEA,PILOT_TO_PILOT,13,1303,36,14,15,TG7w1,WeserPb,53.87678058004348,7.756491217784606,100.14748290006497,12.0,260.46813203975046,2.825020129030179
1304,Zeebrugge - Bremerhaven,SEA,PILOT_TO_PILOT,13,1304,37,14,15,TG7w1,WeserPb,53.876178904361964,7.762100038875544,100.14748290006497,12.0,260.669919191824,2.623232976956615
1305,Zeebrugge - Bremerhaven,SEA,PILOT_TO_PILOT,13,1305,38,14,15,TG7w1,WeserPb,53.875576967229755,7.767708698532056,100.14748290006497,12.0,260.87170634389764,2.421445824882994
1306,Zeebrugge - Bremerhaven,SEA,PILOT_TO_PILOT,13,1306,39,14,15,TG7w1,WeserPb,53.874974768660145,7.773317196692224,100.14748290006497,12.0,261.0734934959712,2.2196586728094303
1307,Zeebrugge - Bremerhaven,SEA,PILOT_TO_PILOT,13,1307,40,14,15,TG7w1,WeserPb,53.87437230866645,7.778925533294143,100.14748290006497,12.0,261.2752806480448,2.0178715207358096
1308,Zeebrugge - Bremerhaven,SEA,PILOT_TO_PILOT,13,1308,41,14,15,TG7w1,WeserPb,53.87376958726194,7.784533708275918,100.14748290006497,12.0,261.4770678001184,1.8160843686622457
1309,Zeebrugge - Bremerhaven,SEA,PILOT_TO_PILOT,13,1309,42,14,15,TG7w1,WeserPb,53.87316660445997,7.790141721575671,100.14748290006497,12.0,261.67885495219195,1.6142972165886817
1310,Zeebrugge - Bremerhaven,SEA,PILOT_TO_PILOT,13,1310,43,14,15,TG7w1,WeserPb,53.8725633602738,7.795749573131537,100.14748290006497,12.0,261.8806421042656,1.412510064515061
1311,Zeebrugge - Bremerhaven,SEA,PILOT_TO_PILOT,13,1311,44,14,15,TG7w1,WeserPb,53.87195985471679,7.801357262881669,100.14748290006497,12.0,262.08242925633914,1.210722912441497
1312,Zeebrugge - Bremerhaven,SEA,PILOT_TO_PILOT,13,1312,45,14,15,TG7w1,WeserPb,53.87135608780226,7.806964790764218,100.14748290006497,12.0,262.2842164084127,1.0089357603679332
1313,Zeebrugge - Bremerhaven,SEA,PILOT_TO_PILOT,13,1313,46,14,15,TG7w1,WeserPb,53.870752059543534,7.812572156717374,100.14748290006497,12.0,262.4860035604863,0.8071486082943125
1314,Zeebrugge - Bremerhaven,SEA,PILOT_TO_PILOT,13,1314,47,14,15,TG7w1,WeserPb,53.87014776995392,7.818179360679316,100.14748290006497,12.0,262.6877907125599,0.6053614562207486
1315,Zeebrugge - Bremerhaven,SEA,PILOT_TO_PILOT,13,1315,48,14,15,TG7w1,WeserPb,53.8695432190468,7.823786402588256,100.14748290006497,12.0,262.8895778646335,0.4035743041471278
1316,Zeebrugge - Bremerhaven,SEA,PILOT_TO_PILOT,13,1316,49,14,15,TG7w1,WeserPb,53.86893840683548,7.829393282382408,100.14748290006497,12.0,263.0913650167071,0.2017871520735639
1317,Zeebrugge - Bremerhaven,SEA,PILOT_TO_PILOT,13,1317,50,14,15,TG7w1,WeserPb,53.86833333333333,7.835,100.14748290006497,12.0,263.29315216878064,0.0
